/*******************************************************************************
 * Size: 14 px
 * Bpp: 4
 * Opts: --font C:\Users\Administrator\.workbuddy\binaries\node\workspace\node_modules\@expo-google-fonts\noto-sans-sc\400Regular\NotoSansSC_400Regular.ttf --range 0x0020-0x007E,0x00B0,0x00B7,0x00D7,0x2014,0x2103,0x2460-0x2463,0x3001-0x3002,0x4E00-0x4E01,0x4E03,0x4E07,0x4E09-0x4E0B,0x4E0D-0x4E0E,0x4E13,0x4E16,0x4E1A,0x4E1C-0x4E1D,0x4E24,0x4E2A,0x4E2D,0x4E30,0x4E32,0x4E38,0x4E3A-0x4E3B,0x4E4B-0x4E4C,0x4E50,0x4E5D,0x4E61,0x4E73,0x4E86,0x4E8C,0x4E8E,0x4E91,0x4E94,0x4E9A,0x4EA4,0x4EA7,0x4EAC,0x4EAE,0x4EBA,0x4EBF-0x4EC1,0x4ECA,0x4ED3,0x4EE5,0x4EFB,0x4EFD,0x4F11,0x4F17,0x4F1F-0x4F20,0x4F26,0x4F46,0x4F4D,0x4F53,0x4F59,0x4F5B-0x4F5C,0x4F73,0x4F7F,0x4F8B,0x4F9B,0x4F9D,0x4FDD,0x5012,0x5019,0x505A,0x5085,0x50B2,0x513F,0x5143,0x5145,0x5148-0x5149,0x514B,0x5165,0x5168,0x516B-0x516C,0x5170-0x5171,0x5173-0x5174,0x5177-0x5178,0x517B,0x5185,0x518D,0x5192,0x519C,0x51AC,0x51B0,0x51B2,0x51B7,0x51BB,0x51C0,0x51C6,0x51C9,0x51CF,0x51E0,0x51E4,0x51F0,0x51F9-0x51FA,0x5200,0x5206-0x5207,0x521D,0x5229,0x522B,0x5230,0x5236,0x523B,0x5241,0x524D,0x526A,0x529B,0x52A0,0x52A8,0x52B2,0x52FA,0x5300,0x5305,0x5316-0x5317,0x533A,0x5341,0x5343,0x5347,0x534A,0x534E,0x5355,0x5357,0x535A,0x535C,0x5361,0x5364,0x5373-0x5374,0x5377,0x5385,0x538B,0x5398,0x539F,0x53A6,0x53A8,0x53BB,0x53BF,0x53C2,0x53C9,0x53CB-0x53CC,0x53D1,0x53D6-0x53D8,0x53E3-0x53E4,0x53EA,0x53EF-0x53F0,0x53F3,0x53F6,0x5404,0x5408-0x5409,0x540C-0x540E,0x5411,0x542B-0x542C,0x5434,0x5439,0x5448,0x5462,0x5473,0x548C,0x5495-0x5496,0x54B8,0x54BE,0x54C1,0x54CD,0x54E5,0x5524,0x552E,0x5546,0x5564-0x5565,0x5580,0x559C,0x55B1,0x55E8,0x5609,0x5668,0x56DB,0x56DE,0x56E0,0x56E2,0x56ED,0x56FA,0x56FD,0x5706,0x5708,0x571F,0x5723,0x5728,0x5730,0x5733,0x573A,0x5747,0x5757,0x575B,0x576A,0x578B,0x579A,0x57CE,0x57E0,0x57FA,0x5802,0x5821,0x589E,0x58F3,0x5904,0x5907,0x590D,0x5916,0x591A,0x5927,0x5929-0x592B,0x592E-0x592F,0x5934,0x5939,0x5947-0x5948,0x5965,0x5976,0x597D,0x5988,0x59CB,0x59DA,0x59DC,0x59EC,0x5A03,0x5A46,0x5AE9,0x5B50,0x5B57-0x5B58,0x5B81,0x5B89,0x5B8C,0x5B8F,0x5B98,0x5B9A,0x5B9C-0x5B9E,0x5BA2,0x5BAB,0x5BB4-0x5BB6,0x5BB9,0x5BBD,0x5BBF,0x5BCC,0x5BE8,0x5BF9,0x5BFF,0x5C01,0x5C06,0x5C0F,0x5C14,0x5C16,0x5C3E,0x5C42,0x5C45,0x5C4F,0x5C71,0x5C9B,0x5CAD,0x5CF0,0x5D07,0x5DDD-0x5DDE,0x5DE5-0x5DE7,0x5DF2,0x5DF4,0x5E02-0x5E03,0x5E08,0x5E26,0x5E38,0x5E72-0x5E74,0x5E76,0x5E7F,0x5E84,0x5E86,0x5E94-0x5E95,0x5EA6-0x5EA7,0x5EB7,0x5EFA,0x5F00,0x5F18,0x5F20,0x5F39,0x5F62,0x5F69,0x5F80,0x5F85,0x5F97,0x5FA1,0x5FAE,0x5FB7,0x5FBD,0x5FC3,0x5FC5,0x5FEB,0x6001,0x6052,0x6069,0x606F,0x60C5,0x60E0,0x610F,0x6148,0x6162,0x6167,0x6210,0x6216,0x623F,0x624B,0x6253,0x6258,0x6263,0x626C,0x626F,0x6280,0x628A,0x6293,0x6296,0x62BD,0x62C6,0x62C9,0x62CC-0x62CD,0x62E3,0x62FE,0x6302,0x6309,0x6311,0x631A,0x6324,0x635E,0x6362,0x636E,0x6392,0x63A5,0x63A7,0x63C9,0x63D0,0x6405,0x6413,0x6446,0x644A,0x6469,0x6487,0x6492,0x64C0,0x64CD,0x6536,0x653E,0x6563,0x6570,0x6574,0x658C,0x6590,0x6599,0x65AD,0x65AF-0x65B0,0x65B9,0x65CF,0x65E0,0x65E5,0x65E9,0x65ED,0x65F6,0x65FA,0x660C,0x660E,0x6613,0x6615,0x661F,0x6625,0x666E-0x666F,0x6682,0x66F4,0x6700,0x6709,0x671D,0x671F,0x6728,0x672A-0x672C,0x673A,0x6742,0x674F,0x6761,0x6765,0x6768,0x676D,0x676F,0x677E-0x677F,0x6781,0x6797,0x679C,0x67A3,0x67AA-0x67AB,0x67DC,0x67E0,0x67FF,0x6807,0x6811,0x6817,0x6839,0x683C,0x6842,0x6863,0x6876,0x6885,0x68A8,0x68D2,0x690D,0x6912,0x6930,0x693F,0x6942,0x6AAC,0x6B21,0x6B23,0x6B27,0x6B62-0x6B63,0x6B65-0x6B66,0x6B8B,0x6B96,0x6BB5,0x6BCD,0x6BCF,0x6BD4,0x6BDB,0x6C0F,0x6C11,0x6C14,0x6C28,0x6C34,0x6C38,0x6C41,0x6C46-0x6C47,0x6C49,0x6C5F,0x6C64,0x6C7D,0x6C88,0x6C99,0x6CA1,0x6CA5,0x6CA7,0x6CAB,0x6CB3,0x6CB8-0x6CB9,0x6CBB,0x6CBE-0x6CBF,0x6CC9,0x6CD3,0x6CD5,0x6CDB,0x6CE1-0x6CE2,0x6CE5,0x6CF0,0x6CFD,0x6D0B,0x6D17,0x6D25,0x6D3B,0x6D41,0x6D46-0x6D47,0x6D53-0x6D54,0x6D59,0x6D66,0x6D6E,0x6D77-0x6D78,0x6DA6,0x6DB2,0x6DC0,0x6DCB,0x6DD8,0x6DEE,0x6DF1,0x6DF3,0x6DF7,0x6DFB,0x6E05,0x6E0D,0x6E17,0x6E23,0x6E29,0x6E2F,0x6E56,0x6E58,0x6E5B,0x6E7E-0x6E7F,0x6E90,0x6EAA,0x6EC1,0x6ED1,0x6EDA,0x6EE1,0x6EE4,0x6F02,0x6F2F,0x6F33,0x706B,0x707C,0x7089,0x7092,0x7096,0x70B8-0x70B9,0x70BC,0x70DF,0x70E4,0x70E7,0x70EB,0x70ED,0x7116-0x7117,0x7126,0x712F,0x7136,0x714E,0x7167,0x716E,0x7172,0x7178,0x719F,0x71AC,0x71D5,0x7206,0x722A,0x7231,0x723D,0x7247-0x7248,0x724C,0x725B,0x7267,0x7269,0x7279,0x72B6,0x72EE,0x72FC,0x732A,0x7334,0x7389,0x738B,0x73B0,0x73CD,0x73E0,0x7406,0x7435-0x7436,0x745E,0x74DC,0x74E3,0x7518,0x751C,0x751F,0x7528,0x7531,0x7535,0x754C,0x756A,0x7626,0x767B,0x767D-0x767E,0x7684,0x7687,0x76AE,0x76C5,0x76CA,0x76D0-0x76D2,0x76D6,0x76D8,0x76DB,0x76F4,0x770B,0x771F-0x7720,0x7740,0x777F,0x77ED,0x77FF,0x7801-0x7802,0x7814,0x786E,0x788E,0x7897,0x78A7,0x78B1,0x78B4,0x78E8,0x793E,0x7956,0x7965,0x7968,0x798F,0x79BB,0x79BD,0x79CB,0x79D1-0x79D2,0x79D8,0x79F0,0x7A00,0x7A0B,0x7A20,0x7A9D,0x7ACB,0x7AF9,0x7B0B,0x7B3C,0x7B49,0x7B4B,0x7B77,0x7BB1,0x7BD3,0x7C73,0x7C7B,0x7C7D,0x7C89,0x7C92,0x7C97,0x7CA2,0x7CA5,0x7CAE,0x7CBE,0x7CCA,0x7CCD,0x7CD5-0x7CD6,0x7CD9,0x7CDC,0x7CDF-0x7CE0,0x7CEF,0x7D20,0x7D2B,0x7EA2,0x7EA4,0x7EA6-0x7EA7,0x7EAA,0x7EAF,0x7EBF,0x7EC4,0x7EC6,0x7ECD,0x7ECF,0x7ED3,0x7ED9,0x7EDC,0x7EE7,0x7EED,0x7EFF-0x7F00,0x7F13,0x7F18,0x7F29,0x7F50-0x7F51,0x7F57,0x7F6E,0x7F8E,0x7FB9,0x7FC5,0x7FE0,0x7FFB,0x8001,0x8003,0x8005,0x8033,0x8054,0x805A,0x8083,0x8089,0x808B,0x809A,0x809D,0x80A0,0x80A5,0x80AB,0x80B4,0x80BA,0x80BE,0x80CC,0x80D7,0x80DA,0x80E1,0x80F8,0x8102,0x8106,0x8116,0x814A,0x814C,0x8150,0x8165,0x8169,0x8179,0x817E-0x817F,0x818F,0x81EA,0x81F3-0x81F4,0x8200,0x826F,0x8272,0x827E-0x827F,0x828B,0x829C-0x829D,0x82A5,0x82AC,0x82B1,0x82B9,0x82BD,0x82CF,0x82D4,0x82D7,0x82E5,0x82F9,0x8302,0x8304,0x8334,0x8336,0x8338,0x8346,0x8349,0x8352,0x8354,0x8360,0x8363,0x836A,0x836F,0x839E,0x83B2,0x83B4,0x83C7,0x83CC,0x83DC,0x83E0,0x83F2,0x8403,0x841D,0x8471,0x8482,0x8499,0x849C,0x84B8,0x84C9,0x852C,0x8584,0x85AF,0x85CF,0x85D5,0x85E4,0x8611,0x8638,0x864E,0x866B,0x867E,0x868C,0x8695,0x869D,0x86CB,0x8700,0x8702,0x871C,0x878D,0x87BA,0x8840,0x884C,0x8868,0x888B,0x88C5,0x88D5,0x88F9,0x897F,0x8981,0x89C4,0x89D2,0x89E3,0x8BA1,0x8BA4,0x8BB0,0x8BBE,0x8BE6,0x8BF7,0x8BFA,0x8C03,0x8C31,0x8C37,0x8C46-0x8C47,0x8C49,0x8C4C,0x8D21,0x8D24,0x8D27,0x8D35,0x8D38,0x8D3A,0x8D64,0x8D77,0x8D8A,0x8DB3,0x8E44,0x8EAB,0x8F66,0x8F69,0x8F6C,0x8F6F,0x8F7B,0x8F85,0x8F9B,0x8FA3,0x8FB0,0x8FB9,0x8FBE,0x8FC1,0x8FC5,0x8FC7,0x8FD0,0x8FD4,0x8FDB-0x8FDC,0x9002,0x9009,0x900F,0x9014,0x901A,0x901F-0x9020,0x902E,0x9053,0x90A6,0x90AF,0x90B9,0x90D1,0x90E8,0x90EB,0x90F8,0x90FD,0x914C-0x914D,0x9152,0x9165,0x9171,0x9178,0x917F,0x918B,0x9192,0x91AA,0x91CA,0x91CC-0x91CF,0x91D1,0x946B,0x9488,0x949F-0x94A0,0x94A2,0x94B5,0x94DB-0x94DC,0x94F6,0x94FA,0x9505,0x9508,0x9519,0x9526,0x952E,0x957F,0x95E8,0x95ED,0x95F4,0x95F7,0x95FD,0x9614,0x9632-0x9633,0x963F,0x9645,0x9648,0x964D,0x9655,0x9675,0x9677,0x96C5,0x96D5,0x96E8,0x96EA,0x96F6,0x9700,0x9716,0x9732,0x9752,0x9759,0x975E,0x9762,0x9875,0x9879-0x987A,0x9884,0x9886,0x9897,0x989C,0x98CE,0x98DF,0x9910,0x9968,0x996D-0x996E,0x997A,0x997C,0x9984-0x9985,0x998D,0x9992,0x9996,0x9999,0x99A8,0x9A6C,0x9AA4,0x9AA8,0x9C7C,0x9C7F,0x9C8D,0x9C9C,0x9CA2,0x9E21,0x9E2D,0x9E3F,0x9E4C,0x9E4F,0x9E51,0x9E7F,0x9EA6,0x9EBB,0x9EC4,0x9ED1,0x9F50,0x9F99,0xFF08-0xFF09,0xFF0C,0xFF1A-0xFF1B,0xFF5E --size 14 --bpp 4 --format lvgl --no-compress --lv-font-name cook_font_14 --lv-include lvgl.h --output E:\esp\passport-cook-like-HOC\ai-passport\assets\fonts\cook_font_14.c
 ******************************************************************************/

#ifdef LV_LVGL_H_INCLUDE_SIMPLE
#include "lvgl.h"
#else
#include "lvgl.h"
#endif

#ifndef COOK_FONT_14
#define COOK_FONT_14 1
#endif

#if COOK_FONT_14

/*-----------------
 *    BITMAPS
 *----------------*/

/*Store the image of the glyphs*/
static LV_ATTRIBUTE_LARGE_CONST const uint8_t glyph_bitmap[] = {
    /* U+0020 " " */

    /* U+0021 "!" */
    0x6e, 0x5, 0xd0, 0x5d, 0x4, 0xd0, 0x4c, 0x3,
    0xc0, 0x3b, 0x1, 0x60, 0x0, 0x7, 0xe1, 0x7e,
    0x10,

    /* U+0022 "\"" */
    0xb9, 0xf, 0x5b, 0x90, 0xf5, 0x97, 0xd, 0x38,
    0x60, 0xc2, 0x10, 0x1, 0x0,

    /* U+0023 "#" */
    0x0, 0x66, 0x7, 0x50, 0x0, 0x84, 0x9, 0x30,
    0x0, 0xa3, 0xb, 0x10, 0x1e, 0xfe, 0xef, 0xe4,
    0x0, 0xd0, 0xd, 0x0, 0x0, 0xd0, 0xc, 0x0,
    0x0, 0xc0, 0x2b, 0x0, 0x6e, 0xfe, 0xef, 0xe0,
    0x4, 0x80, 0x57, 0x0, 0x6, 0x60, 0x75, 0x0,
    0x8, 0x40, 0x93, 0x0,

    /* U+0024 "$" */
    0x0, 0x8, 0x60, 0x0, 0x9, 0xff, 0xa1, 0x7,
    0xd3, 0x2a, 0x50, 0xc7, 0x0, 0x0, 0xa, 0xb0,
    0x0, 0x0, 0x3f, 0xb2, 0x0, 0x0, 0x2b, 0xf8,
    0x0, 0x0, 0x5, 0xf6, 0x0, 0x0, 0x8, 0xc0,
    0x0, 0x0, 0x7c, 0xe, 0x72, 0x3d, 0x70, 0x4c,
    0xff, 0x90, 0x0, 0x8, 0x60, 0x0, 0x0, 0x43,
    0x0,

    /* U+0025 "%" */
    0x6, 0xdd, 0x40, 0x0, 0x67, 0x0, 0x2, 0xd0,
    0x2d, 0x0, 0xc, 0x0, 0x0, 0x69, 0x0, 0xd2,
    0x7, 0x60, 0x0, 0x7, 0x80, 0xc, 0x30, 0xc0,
    0x0, 0x0, 0x59, 0x0, 0xd1, 0x76, 0x3c, 0xc4,
    0x1, 0xe1, 0x3d, 0x1c, 0xd, 0x22, 0xe0, 0x5,
    0xdc, 0x28, 0x53, 0xb0, 0xb, 0x40, 0x0, 0x1,
    0xc0, 0x4a, 0x0, 0x95, 0x0, 0x0, 0x85, 0x3,
    0xb0, 0xb, 0x40, 0x0, 0x1c, 0x0, 0xe, 0x11,
    0xe0, 0x0, 0x9, 0x40, 0x0, 0x4d, 0xd5, 0x0,

    /* U+0026 "&" */
    0x0, 0x4d, 0xe8, 0x0, 0x0, 0x0, 0xe4, 0xe,
    0x20, 0x0, 0x2, 0xf0, 0xe, 0x20, 0x0, 0x0,
    0xf1, 0x8c, 0x0, 0x0, 0x0, 0xae, 0xc1, 0x0,
    0x0, 0x3, 0xef, 0x20, 0x2, 0xe0, 0x1e, 0x78,
    0xc0, 0x8, 0xa0, 0x6d, 0x0, 0xcb, 0x1e, 0x30,
    0x7d, 0x0, 0x1c, 0xfa, 0x0, 0x2f, 0x71, 0x2b,
    0xfe, 0x60, 0x4, 0xdf, 0xe8, 0x5, 0xd1,

    /* U+0027 "'" */
    0xb9, 0xb9, 0x97, 0x86, 0x10,

    /* U+0028 "(" */
    0x0, 0x80, 0x5, 0xa0, 0xc, 0x40, 0x2e, 0x0,
    0x6a, 0x0, 0x98, 0x0, 0xa6, 0x0, 0xb5, 0x0,
    0xa6, 0x0, 0x97, 0x0, 0x6a, 0x0, 0x2e, 0x0,
    0xc, 0x30, 0x5, 0xa0, 0x0, 0x90,

    /* U+0029 ")" */
    0x26, 0x0, 0xe, 0x10, 0x8, 0x70, 0x2, 0xd0,
    0x0, 0xe1, 0x0, 0xc4, 0x0, 0xa6, 0x0, 0x96,
    0x0, 0xa6, 0x0, 0xb4, 0x0, 0xe2, 0x2, 0xd0,
    0x7, 0x80, 0xd, 0x10, 0x27, 0x0,

    /* U+002A "*" */
    0x0, 0x2a, 0x0, 0x8, 0x7d, 0x74, 0x5, 0xdf,
    0x91, 0x1, 0xea, 0x80, 0x2, 0x40, 0x60,

    /* U+002B "+" */
    0x0, 0x2, 0x10, 0x0, 0x0, 0xa, 0x60, 0x0,
    0x0, 0xa, 0x60, 0x0, 0x0, 0xa, 0x60, 0x0,
    0x7f, 0xff, 0xff, 0xf3, 0x0, 0xa, 0x60, 0x0,
    0x0, 0xa, 0x60, 0x0, 0x0, 0xa, 0x60, 0x0,

    /* U+002C "," */
    0x9, 0xa0, 0xc, 0xf1, 0x0, 0xe0, 0x9, 0x80,
    0x17, 0x0,

    /* U+002D "-" */
    0x5e, 0xee, 0x30, 0x11, 0x10,

    /* U+002E "." */
    0xca, 0xca,

    /* U+002F "/" */
    0x0, 0x0, 0xc2, 0x0, 0x1, 0xd0, 0x0, 0x6,
    0x80, 0x0, 0xb, 0x30, 0x0, 0xe, 0x0, 0x0,
    0x4a, 0x0, 0x0, 0x95, 0x0, 0x0, 0xd1, 0x0,
    0x3, 0xb0, 0x0, 0x7, 0x70, 0x0, 0xc, 0x20,
    0x0, 0x1d, 0x0, 0x0, 0x68, 0x0, 0x0, 0xb3,
    0x0, 0x0,

    /* U+0030 "0" */
    0x0, 0x9f, 0xe6, 0x0, 0x7, 0xd2, 0x3f, 0x40,
    0xe, 0x50, 0x8, 0xb0, 0x2f, 0x10, 0x4, 0xe0,
    0x4f, 0x0, 0x2, 0xf0, 0x4f, 0x0, 0x2, 0xf1,
    0x4f, 0x0, 0x2, 0xf0, 0x2f, 0x10, 0x4, 0xe0,
    0xe, 0x50, 0x8, 0xb0, 0x7, 0xd2, 0x4f, 0x40,
    0x0, 0x9f, 0xe6, 0x0,

    /* U+0031 "1" */
    0x16, 0xdc, 0x0, 0x3a, 0xdc, 0x0, 0x0, 0x7c,
    0x0, 0x0, 0x7c, 0x0, 0x0, 0x7c, 0x0, 0x0,
    0x7c, 0x0, 0x0, 0x7c, 0x0, 0x0, 0x7c, 0x0,
    0x0, 0x7c, 0x0, 0x11, 0x8d, 0x11, 0xcf, 0xff,
    0xfd,

    /* U+0032 "2" */
    0x5, 0xdf, 0xd5, 0x0, 0x3e, 0x51, 0x6f, 0x30,
    0x1, 0x0, 0xc, 0x80, 0x0, 0x0, 0xb, 0x80,
    0x0, 0x0, 0xe, 0x60, 0x0, 0x0, 0x5f, 0x0,
    0x0, 0x1, 0xe6, 0x0, 0x0, 0xb, 0xb0, 0x0,
    0x0, 0xad, 0x10, 0x0, 0xa, 0xe2, 0x0, 0x0,
    0x5f, 0xff, 0xff, 0xf1,

    /* U+0033 "3" */
    0x4, 0xcf, 0xe7, 0x0, 0xd5, 0x15, 0xf5, 0x0,
    0x0, 0xb, 0x90, 0x0, 0x0, 0xc8, 0x0, 0x1,
    0x8e, 0x20, 0x8, 0xff, 0x50, 0x0, 0x1, 0x5e,
    0x60, 0x0, 0x0, 0x6e, 0x0, 0x0, 0x6, 0xf5,
    0xd4, 0x14, 0xe9, 0x7, 0xdf, 0xe8, 0x0,

    /* U+0034 "4" */
    0x0, 0x0, 0xbf, 0x0, 0x0, 0x5, 0xef, 0x0,
    0x0, 0xe, 0x8f, 0x0, 0x0, 0x8c, 0x3f, 0x0,
    0x2, 0xf3, 0x3f, 0x0, 0xa, 0x90, 0x3f, 0x0,
    0x4e, 0x0, 0x3f, 0x0, 0xbf, 0xee, 0xff, 0xe5,
    0x11, 0x11, 0x5f, 0x10, 0x0, 0x0, 0x3f, 0x0,
    0x0, 0x0, 0x3f, 0x0,

    /* U+0035 "5" */
    0x7, 0xff, 0xff, 0x80, 0x8, 0xa2, 0x22, 0x10,
    0x9, 0x80, 0x0, 0x0, 0xa, 0x70, 0x0, 0x0,
    0xc, 0xdf, 0xf9, 0x0, 0x5, 0x40, 0x3e, 0x90,
    0x0, 0x0, 0x6, 0xf0, 0x0, 0x0, 0x4, 0xf0,
    0x0, 0x0, 0x7, 0xe0, 0x6c, 0x41, 0x5f, 0x60,
    0x7, 0xdf, 0xe6, 0x0,

    /* U+0036 "6" */
    0x0, 0x4c, 0xfd, 0x50, 0x3, 0xf6, 0x14, 0x80,
    0xb, 0x90, 0x0, 0x0, 0xf, 0x30, 0x0, 0x0,
    0x2f, 0x4d, 0xfb, 0x20, 0x3f, 0xb2, 0xa, 0xc0,
    0x3f, 0x10, 0x2, 0xf1, 0x1f, 0x20, 0x1, 0xf2,
    0xd, 0x60, 0x3, 0xf0, 0x5, 0xe3, 0x1c, 0xa0,
    0x0, 0x6e, 0xfa, 0x0,

    /* U+0037 "7" */
    0x5f, 0xff, 0xff, 0xf1, 0x2, 0x22, 0x2a, 0xa0,
    0x0, 0x0, 0x2e, 0x10, 0x0, 0x0, 0xa8, 0x0,
    0x0, 0x1, 0xf1, 0x0, 0x0, 0x6, 0xc0, 0x0,
    0x0, 0xb, 0x80, 0x0, 0x0, 0xe, 0x60, 0x0,
    0x0, 0xf, 0x40, 0x0, 0x0, 0x2f, 0x20, 0x0,
    0x0, 0x3f, 0x20, 0x0,

    /* U+0038 "8" */
    0x0, 0x9f, 0xf9, 0x0, 0x9, 0xb1, 0x1c, 0x70,
    0xd, 0x50, 0x6, 0xb0, 0xb, 0x80, 0x7, 0xa0,
    0x3, 0xf9, 0x3d, 0x30, 0x1, 0xcc, 0xfb, 0x0,
    0xd, 0x50, 0x4e, 0x90, 0x4d, 0x0, 0x4, 0xf0,
    0x5d, 0x0, 0x2, 0xf1, 0x1e, 0x80, 0x1a, 0xc0,
    0x2, 0xbf, 0xfa, 0x10,

    /* U+0039 "9" */
    0x2, 0xcf, 0xd4, 0x0, 0xd, 0x90, 0x5f, 0x20,
    0x4f, 0x0, 0x9, 0xa0, 0x6d, 0x0, 0x4, 0xe0,
    0x4e, 0x0, 0x4, 0xf0, 0xe, 0x70, 0x3d, 0xf0,
    0x4, 0xdf, 0xb6, 0xe0, 0x0, 0x0, 0x7, 0xc0,
    0x0, 0x0, 0xc, 0x70, 0x9, 0x42, 0x9e, 0x0,
    0x7, 0xef, 0xb2, 0x0,

    /* U+003A ":" */
    0xca, 0xca, 0x0, 0x0, 0x0, 0x0, 0xca, 0xca,

    /* U+003B ";" */
    0xc, 0xa0, 0xc, 0xa0, 0x0, 0x0, 0x0, 0x0,
    0x0, 0x0, 0x0, 0x0, 0x9, 0xa0, 0xc, 0xf1,
    0x0, 0xe0, 0x9, 0x80, 0x17, 0x0,

    /* U+003C "<" */
    0x0, 0x0, 0x0, 0x42, 0x0, 0x1, 0x7d, 0xd2,
    0x3, 0xae, 0xa4, 0x0, 0x7f, 0x70, 0x0, 0x0,
    0x29, 0xea, 0x40, 0x0, 0x0, 0x6, 0xce, 0x81,
    0x0, 0x0, 0x3, 0x93,

    /* U+003D "=" */
    0x7f, 0xff, 0xff, 0xf3, 0x0, 0x0, 0x0, 0x0,
    0x0, 0x0, 0x0, 0x0, 0x7f, 0xff, 0xff, 0xf3,

    /* U+003E ">" */
    0x32, 0x0, 0x0, 0x0, 0x5e, 0xc5, 0x0, 0x0,
    0x0, 0x5b, 0xe8, 0x20, 0x0, 0x0, 0x19, 0xf3,
    0x0, 0x5, 0xce, 0x70, 0x29, 0xfb, 0x40, 0x0,
    0x68, 0x10, 0x0, 0x0,

    /* U+003F "?" */
    0x7, 0xef, 0xb1, 0x2b, 0x32, 0xcb, 0x0, 0x0,
    0x6d, 0x0, 0x0, 0x9a, 0x0, 0x4, 0xe2, 0x0,
    0x1e, 0x50, 0x0, 0x7c, 0x0, 0x0, 0x56, 0x0,
    0x0, 0x0, 0x0, 0x0, 0xad, 0x0, 0x0, 0x9d,
    0x0,

    /* U+0040 "@" */
    0x0, 0x0, 0x5b, 0xde, 0xd9, 0x10, 0x0, 0x0,
    0xbb, 0x30, 0x0, 0x7d, 0x20, 0x0, 0xb8, 0x0,
    0x0, 0x0, 0x5b, 0x0, 0x5b, 0x0, 0x6e, 0xcc,
    0x10, 0xd2, 0xc, 0x30, 0x4d, 0x14, 0xf0, 0x8,
    0x61, 0xe0, 0xc, 0x40, 0x3c, 0x0, 0x77, 0x3c,
    0x0, 0xf0, 0x5, 0xa0, 0x8, 0x63, 0xb0, 0x1e,
    0x0, 0x77, 0x0, 0xc2, 0x1d, 0x0, 0xe3, 0x2d,
    0xa0, 0x7a, 0x0, 0xd3, 0x5, 0xdb, 0x2b, 0xe9,
    0x0, 0x5, 0xc0, 0x0, 0x0, 0x0, 0x0, 0x0,
    0x8, 0xd4, 0x0, 0x16, 0x0, 0x0, 0x0, 0x4,
    0xad, 0xec, 0x70, 0x0, 0x0,

    /* U+0041 "A" */
    0x0, 0xa, 0xf2, 0x0, 0x0, 0x0, 0xec, 0x70,
    0x0, 0x0, 0x4d, 0x6c, 0x0, 0x0, 0x9, 0x91,
    0xf1, 0x0, 0x0, 0xe4, 0xd, 0x60, 0x0, 0x3f,
    0x0, 0x8b, 0x0, 0x8, 0xb0, 0x3, 0xf0, 0x0,
    0xdf, 0xee, 0xff, 0x50, 0x2f, 0x31, 0x11, 0xaa,
    0x7, 0xc0, 0x0, 0x5, 0xf0, 0xc8, 0x0, 0x0,
    0x1f, 0x40,

    /* U+0042 "B" */
    0x9f, 0xff, 0xe9, 0x10, 0x9b, 0x0, 0x3d, 0xa0,
    0x9b, 0x0, 0x5, 0xf0, 0x9b, 0x0, 0x5, 0xe0,
    0x9b, 0x0, 0x2d, 0x80, 0x9f, 0xef, 0xfd, 0x10,
    0x9b, 0x11, 0x38, 0xe2, 0x9b, 0x0, 0x0, 0xc8,
    0x9b, 0x0, 0x0, 0xc8, 0x9b, 0x11, 0x28, 0xf2,
    0x9f, 0xff, 0xfb, 0x30,

    /* U+0043 "C" */
    0x0, 0x19, 0xef, 0xc4, 0x0, 0xd, 0xd5, 0x37,
    0xd0, 0x8, 0xe1, 0x0, 0x0, 0x0, 0xe7, 0x0,
    0x0, 0x0, 0x1f, 0x30, 0x0, 0x0, 0x2, 0xf2,
    0x0, 0x0, 0x0, 0x2f, 0x30, 0x0, 0x0, 0x0,
    0xe7, 0x0, 0x0, 0x0, 0x9, 0xd0, 0x0, 0x2,
    0x0, 0x1d, 0xc4, 0x37, 0xf3, 0x0, 0x19, 0xef,
    0xd5, 0x0,

    /* U+0044 "D" */
    0x9f, 0xff, 0xc6, 0x0, 0x9b, 0x12, 0x6f, 0xa0,
    0x9b, 0x0, 0x4, 0xf4, 0x9b, 0x0, 0x0, 0xc9,
    0x9b, 0x0, 0x0, 0x9c, 0x9b, 0x0, 0x0, 0x8c,
    0x9b, 0x0, 0x0, 0x9b, 0x9b, 0x0, 0x0, 0xd9,
    0x9b, 0x0, 0x4, 0xf3, 0x9b, 0x12, 0x7f, 0x90,
    0x9f, 0xff, 0xc6, 0x0,

    /* U+0045 "E" */
    0x9f, 0xff, 0xff, 0x59, 0xb2, 0x22, 0x20, 0x9b,
    0x0, 0x0, 0x9, 0xb0, 0x0, 0x0, 0x9b, 0x0,
    0x0, 0x9, 0xff, 0xff, 0x90, 0x9c, 0x22, 0x21,
    0x9, 0xb0, 0x0, 0x0, 0x9b, 0x0, 0x0, 0x9,
    0xb2, 0x22, 0x21, 0x9f, 0xff, 0xff, 0x70,

    /* U+0046 "F" */
    0x9f, 0xff, 0xff, 0x59, 0xb2, 0x22, 0x20, 0x9b,
    0x0, 0x0, 0x9, 0xb0, 0x0, 0x0, 0x9b, 0x0,
    0x0, 0x9, 0xff, 0xff, 0x90, 0x9c, 0x22, 0x21,
    0x9, 0xb0, 0x0, 0x0, 0x9b, 0x0, 0x0, 0x9,
    0xb0, 0x0, 0x0, 0x9b, 0x0, 0x0, 0x0,

    /* U+0047 "G" */
    0x0, 0x8, 0xef, 0xe7, 0x0, 0xd, 0xd5, 0x35,
    0xd3, 0x8, 0xe1, 0x0, 0x0, 0x0, 0xe7, 0x0,
    0x0, 0x0, 0x1f, 0x30, 0x0, 0x0, 0x2, 0xf2,
    0x0, 0xbf, 0xf9, 0x1f, 0x30, 0x1, 0x2a, 0x90,
    0xe7, 0x0, 0x0, 0x99, 0x8, 0xe1, 0x0, 0x9,
    0x90, 0xd, 0xd5, 0x35, 0xd9, 0x0, 0x19, 0xef,
    0xe8, 0x0,

    /* U+0048 "H" */
    0x9b, 0x0, 0x0, 0x8c, 0x9b, 0x0, 0x0, 0x8c,
    0x9b, 0x0, 0x0, 0x8c, 0x9b, 0x0, 0x0, 0x8c,
    0x9b, 0x0, 0x0, 0x8c, 0x9f, 0xff, 0xff, 0xfc,
    0x9c, 0x22, 0x22, 0x9c, 0x9b, 0x0, 0x0, 0x8c,
    0x9b, 0x0, 0x0, 0x8c, 0x9b, 0x0, 0x0, 0x8c,
    0x9b, 0x0, 0x0, 0x8c,

    /* U+0049 "I" */
    0x9b, 0x9b, 0x9b, 0x9b, 0x9b, 0x9b, 0x9b, 0x9b,
    0x9b, 0x9b, 0x9b,

    /* U+004A "J" */
    0x0, 0x0, 0x2f, 0x20, 0x0, 0x2, 0xf2, 0x0,
    0x0, 0x2f, 0x20, 0x0, 0x2, 0xf2, 0x0, 0x0,
    0x2f, 0x20, 0x0, 0x2, 0xf2, 0x0, 0x0, 0x2f,
    0x20, 0x0, 0x2, 0xf2, 0x2, 0x0, 0x4f, 0x14,
    0xe5, 0x3c, 0xc0, 0x7, 0xef, 0xc2, 0x0,

    /* U+004B "K" */
    0x9b, 0x0, 0x5, 0xf2, 0x9b, 0x0, 0x2f, 0x50,
    0x9b, 0x1, 0xd9, 0x0, 0x9b, 0xb, 0xc0, 0x0,
    0x9b, 0x7f, 0x70, 0x0, 0x9e, 0xfa, 0xe1, 0x0,
    0x9f, 0x80, 0xd8, 0x0, 0x9c, 0x0, 0x5f, 0x10,
    0x9b, 0x0, 0xc, 0xa0, 0x9b, 0x0, 0x4, 0xf2,
    0x9b, 0x0, 0x0, 0xbb,

    /* U+004C "L" */
    0x9b, 0x0, 0x0, 0x9, 0xb0, 0x0, 0x0, 0x9b,
    0x0, 0x0, 0x9, 0xb0, 0x0, 0x0, 0x9b, 0x0,
    0x0, 0x9, 0xb0, 0x0, 0x0, 0x9b, 0x0, 0x0,
    0x9, 0xb0, 0x0, 0x0, 0x9b, 0x0, 0x0, 0x9,
    0xb2, 0x22, 0x20, 0x9f, 0xff, 0xff, 0x30,

    /* U+004D "M" */
    0x9f, 0x20, 0x0, 0xc, 0xf9, 0xf7, 0x0, 0x1,
    0xff, 0x9b, 0xc0, 0x0, 0x6b, 0xf9, 0x8e, 0x20,
    0xc, 0x7f, 0x99, 0x97, 0x1, 0xe4, 0xf9, 0x94,
    0xc0, 0x69, 0x4f, 0x99, 0xe, 0x2c, 0x44, 0xf9,
    0x90, 0x98, 0xe0, 0x4f, 0x99, 0x3, 0xf9, 0x4,
    0xf9, 0x90, 0xc, 0x30, 0x4f, 0x99, 0x0, 0x0,
    0x4, 0xf0,

    /* U+004E "N" */
    0x9e, 0x10, 0x0, 0x8b, 0x9f, 0x80, 0x0, 0x8b,
    0x9a, 0xf1, 0x0, 0x8b, 0x99, 0xaa, 0x0, 0x8b,
    0x99, 0x2f, 0x20, 0x8b, 0x9a, 0x9, 0xb0, 0x8b,
    0x9a, 0x1, 0xf4, 0x8b, 0x9a, 0x0, 0x8c, 0x7b,
    0x9a, 0x0, 0xe, 0xab, 0x9a, 0x0, 0x6, 0xfb,
    0x9a, 0x0, 0x0, 0xdb,

    /* U+004F "O" */
    0x0, 0x1a, 0xef, 0xc4, 0x0, 0x1, 0xec, 0x43,
    0x8f, 0x50, 0x9, 0xd0, 0x0, 0x7, 0xe0, 0xf,
    0x60, 0x0, 0x0, 0xf5, 0x1f, 0x30, 0x0, 0x0,
    0xd8, 0x2f, 0x20, 0x0, 0x0, 0xc9, 0x1f, 0x30,
    0x0, 0x0, 0xd8, 0xe, 0x70, 0x0, 0x1, 0xf5,
    0x8, 0xd0, 0x0, 0x8, 0xe0, 0x1, 0xdc, 0x43,
    0x8f, 0x50, 0x0, 0x1a, 0xef, 0xc4, 0x0,

    /* U+0050 "P" */
    0x9f, 0xff, 0xe9, 0x0, 0x9b, 0x11, 0x4d, 0xb0,
    0x9b, 0x0, 0x4, 0xf1, 0x9b, 0x0, 0x2, 0xf2,
    0x9b, 0x0, 0x4, 0xf1, 0x9b, 0x0, 0x2c, 0xa0,
    0x9f, 0xff, 0xfa, 0x0, 0x9b, 0x21, 0x0, 0x0,
    0x9b, 0x0, 0x0, 0x0, 0x9b, 0x0, 0x0, 0x0,
    0x9b, 0x0, 0x0, 0x0,

    /* U+0051 "Q" */
    0x0, 0x1a, 0xef, 0xc4, 0x0, 0x1, 0xec, 0x43,
    0x8f, 0x50, 0x9, 0xd0, 0x0, 0x7, 0xe0, 0xf,
    0x60, 0x0, 0x0, 0xf5, 0x1f, 0x30, 0x0, 0x0,
    0xd8, 0x2f, 0x20, 0x0, 0x0, 0xc9, 0x1f, 0x30,
    0x0, 0x0, 0xd8, 0xe, 0x60, 0x0, 0x0, 0xf5,
    0x8, 0xd0, 0x0, 0x7, 0xe0, 0x1, 0xdb, 0x32,
    0x7f, 0x50, 0x0, 0x1a, 0xff, 0xc4, 0x0, 0x0,
    0x0, 0x2f, 0x81, 0x0, 0x0, 0x0, 0x3, 0xcf,
    0xfa, 0x0, 0x0, 0x0, 0x1, 0x20,

    /* U+0052 "R" */
    0x9f, 0xff, 0xeb, 0x20, 0x9b, 0x11, 0x3b, 0xd0,
    0x9b, 0x0, 0x2, 0xf2, 0x9b, 0x0, 0x2, 0xf2,
    0x9b, 0x0, 0x1b, 0xd0, 0x9f, 0xff, 0xfc, 0x20,
    0x9b, 0x25, 0xf2, 0x0, 0x9b, 0x0, 0xca, 0x0,
    0x9b, 0x0, 0x3f, 0x30, 0x9b, 0x0, 0xb, 0xb0,
    0x9b, 0x0, 0x3, 0xf3,

    /* U+0053 "S" */
    0x0, 0x8e, 0xfd, 0x60, 0x7, 0xe5, 0x36, 0xe2,
    0xd, 0x80, 0x0, 0x0, 0xc, 0xb0, 0x0, 0x0,
    0x4, 0xfd, 0x50, 0x0, 0x0, 0x2a, 0xfe, 0x50,
    0x0, 0x0, 0x2a, 0xf5, 0x0, 0x0, 0x0, 0xbb,
    0x3, 0x0, 0x0, 0xaa, 0x1f, 0xa4, 0x37, 0xf4,
    0x2, 0xae, 0xfd, 0x50,

    /* U+0054 "T" */
    0x9f, 0xff, 0xff, 0xff, 0x12, 0x28, 0xd2, 0x21,
    0x0, 0x7, 0xd0, 0x0, 0x0, 0x7, 0xd0, 0x0,
    0x0, 0x7, 0xd0, 0x0, 0x0, 0x7, 0xd0, 0x0,
    0x0, 0x7, 0xd0, 0x0, 0x0, 0x7, 0xd0, 0x0,
    0x0, 0x7, 0xd0, 0x0, 0x0, 0x7, 0xd0, 0x0,
    0x0, 0x7, 0xd0, 0x0,

    /* U+0055 "U" */
    0xaa, 0x0, 0x0, 0x8b, 0xaa, 0x0, 0x0, 0x8b,
    0xaa, 0x0, 0x0, 0x8b, 0xaa, 0x0, 0x0, 0x8b,
    0xaa, 0x0, 0x0, 0x8b, 0xaa, 0x0, 0x0, 0x8b,
    0x9a, 0x0, 0x0, 0x8b, 0x8b, 0x0, 0x0, 0x9a,
    0x5f, 0x10, 0x0, 0xd7, 0xd, 0xc4, 0x3a, 0xe1,
    0x2, 0xbf, 0xfb, 0x30,

    /* U+0056 "V" */
    0xd8, 0x0, 0x0, 0x6e, 0x8, 0xc0, 0x0, 0xa,
    0x90, 0x3f, 0x10, 0x0, 0xf4, 0x0, 0xe5, 0x0,
    0x3f, 0x0, 0xa, 0xa0, 0x8, 0xb0, 0x0, 0x5e,
    0x0, 0xc6, 0x0, 0x1, 0xf2, 0x1f, 0x10, 0x0,
    0xb, 0x75, 0xd0, 0x0, 0x0, 0x7b, 0x98, 0x0,
    0x0, 0x2, 0xfe, 0x30, 0x0, 0x0, 0xd, 0xe0,
    0x0, 0x0,

    /* U+0057 "W" */
    0x8c, 0x0, 0x8, 0xe0, 0x0, 0x6c, 0x5f, 0x0,
    0xc, 0xf2, 0x0, 0x99, 0x2f, 0x20, 0xe, 0xb6,
    0x0, 0xc6, 0xf, 0x50, 0x3c, 0x89, 0x0, 0xf3,
    0xc, 0x70, 0x79, 0x4d, 0x2, 0xf0, 0x8, 0xa0,
    0xb5, 0x1f, 0x15, 0xd0, 0x5, 0xd0, 0xe1, 0xd,
    0x48, 0xa0, 0x2, 0xf2, 0xe0, 0x9, 0x8a, 0x70,
    0x0, 0xf8, 0xa0, 0x5, 0xbd, 0x40, 0x0, 0xce,
    0x60, 0x1, 0xff, 0x10, 0x0, 0x9f, 0x30, 0x0,
    0xee, 0x0,

    /* U+0058 "X" */
    0x4f, 0x20, 0x1, 0xf5, 0xc, 0x90, 0x8, 0xc0,
    0x3, 0xf2, 0xe, 0x40, 0x0, 0xb9, 0x7c, 0x0,
    0x0, 0x3f, 0xe3, 0x0, 0x0, 0xe, 0xe0, 0x0,
    0x0, 0x6c, 0xe6, 0x0, 0x0, 0xe5, 0x6e, 0x0,
    0x7, 0xd0, 0xe, 0x70, 0xe, 0x50, 0x6, 0xe1,
    0x8d, 0x0, 0x0, 0xd8,

    /* U+0059 "Y" */
    0xc, 0x90, 0x0, 0x1f, 0x30, 0x5f, 0x0, 0x8,
    0xc0, 0x0, 0xd6, 0x0, 0xe4, 0x0, 0x6, 0xd0,
    0x6d, 0x0, 0x0, 0xe, 0x4c, 0x60, 0x0, 0x0,
    0x8d, 0xe0, 0x0, 0x0, 0x1, 0xf7, 0x0, 0x0,
    0x0, 0xf, 0x50, 0x0, 0x0, 0x0, 0xf5, 0x0,
    0x0, 0x0, 0xf, 0x50, 0x0, 0x0, 0x0, 0xf5,
    0x0, 0x0,

    /* U+005A "Z" */
    0xd, 0xff, 0xff, 0xfb, 0x1, 0x22, 0x24, 0xf4,
    0x0, 0x0, 0xb, 0xb0, 0x0, 0x0, 0x4f, 0x20,
    0x0, 0x0, 0xd8, 0x0, 0x0, 0x7, 0xd0, 0x0,
    0x0, 0x2f, 0x40, 0x0, 0x0, 0xab, 0x0, 0x0,
    0x4, 0xf2, 0x0, 0x0, 0xd, 0x92, 0x22, 0x21,
    0x4f, 0xff, 0xff, 0xfc,

    /* U+005B "[" */
    0x8d, 0xc3, 0x87, 0x0, 0x87, 0x0, 0x87, 0x0,
    0x87, 0x0, 0x87, 0x0, 0x87, 0x0, 0x87, 0x0,
    0x87, 0x0, 0x87, 0x0, 0x87, 0x0, 0x87, 0x0,
    0x87, 0x0, 0x7c, 0xc3,

    /* U+005C "\\" */
    0xa4, 0x0, 0x0, 0x59, 0x0, 0x0, 0x1d, 0x0,
    0x0, 0xc, 0x20, 0x0, 0x7, 0x70, 0x0, 0x2,
    0xc0, 0x0, 0x0, 0xd1, 0x0, 0x0, 0x86, 0x0,
    0x0, 0x4a, 0x0, 0x0, 0xe, 0x0, 0x0, 0xa,
    0x40, 0x0, 0x5, 0x90, 0x0, 0x1, 0xd0, 0x0,
    0x0, 0xc2,

    /* U+005D "]" */
    0x6c, 0xe4, 0x0, 0xb4, 0x0, 0xb4, 0x0, 0xb4,
    0x0, 0xb4, 0x0, 0xb4, 0x0, 0xb4, 0x0, 0xb4,
    0x0, 0xb4, 0x0, 0xb4, 0x0, 0xb4, 0x0, 0xb4,
    0x0, 0xb4, 0x6c, 0xd3,

    /* U+005E "^" */
    0x0, 0xe, 0xa0, 0x0, 0x4, 0xce, 0x10, 0x0,
    0xa5, 0x97, 0x0, 0x1e, 0x3, 0xd0, 0x7, 0xa0,
    0xd, 0x30, 0xd4, 0x0, 0x7a,

    /* U+005F "_" */
    0xbd, 0xdd, 0xdd, 0xd8,

    /* U+0060 "`" */
    0x31, 0x0, 0xbb, 0x0, 0xc, 0x90, 0x0, 0x80,

    /* U+0061 "a" */
    0x3, 0xaf, 0xfa, 0x0, 0x87, 0x23, 0xe7, 0x0,
    0x0, 0x9, 0xb0, 0x5, 0xad, 0xec, 0xa, 0xc3,
    0x8, 0xc2, 0xf1, 0x0, 0x8c, 0x1f, 0x61, 0x5e,
    0xc0, 0x6e, 0xf9, 0x6c,

    /* U+0062 "b" */
    0xb9, 0x0, 0x0, 0xb, 0x90, 0x0, 0x0, 0xb9,
    0x0, 0x0, 0xb, 0x99, 0xfe, 0x80, 0xbf, 0x72,
    0x5f, 0x6b, 0x90, 0x0, 0x9c, 0xb9, 0x0, 0x6,
    0xeb, 0x90, 0x0, 0x6e, 0xb9, 0x0, 0xb, 0xbb,
    0xe5, 0x27, 0xf3, 0xb7, 0xbf, 0xd5, 0x0,

    /* U+0063 "c" */
    0x0, 0x7e, 0xfc, 0x30, 0x8e, 0x52, 0x73, 0xf,
    0x50, 0x0, 0x3, 0xf1, 0x0, 0x0, 0x3f, 0x10,
    0x0, 0x1, 0xf5, 0x0, 0x0, 0x9, 0xe4, 0x16,
    0x60, 0x8, 0xef, 0xc3,

    /* U+0064 "d" */
    0x0, 0x0, 0x0, 0xe6, 0x0, 0x0, 0x0, 0xe6,
    0x0, 0x0, 0x0, 0xe6, 0x0, 0x8e, 0xf9, 0xe6,
    0x8, 0xe4, 0x27, 0xf6, 0xf, 0x60, 0x0, 0xe6,
    0x3f, 0x10, 0x0, 0xe6, 0x3f, 0x10, 0x0, 0xe6,
    0x1f, 0x40, 0x0, 0xe6, 0xb, 0xd3, 0x29, 0xf6,
    0x1, 0xaf, 0xe7, 0xb6,

    /* U+0065 "e" */
    0x0, 0x8e, 0xfb, 0x10, 0x8, 0xc2, 0x19, 0xc0,
    0xf, 0x20, 0x0, 0xf1, 0x3f, 0xff, 0xff, 0xf2,
    0x3f, 0x0, 0x0, 0x0, 0x1f, 0x50, 0x0, 0x0,
    0x8, 0xe4, 0x13, 0x50, 0x0, 0x7e, 0xfd, 0x60,

    /* U+0066 "f" */
    0x0, 0xaf, 0xc0, 0x5f, 0x21, 0x7, 0xc0, 0x8,
    0xff, 0xf6, 0x8, 0xc0, 0x0, 0x8c, 0x0, 0x8,
    0xc0, 0x0, 0x8c, 0x0, 0x8, 0xc0, 0x0, 0x8c,
    0x0, 0x8, 0xc0, 0x0,

    /* U+0067 "g" */
    0x1, 0xbf, 0xff, 0xf9, 0xc, 0xa0, 0x1d, 0x71,
    0xf, 0x40, 0x9, 0x90, 0xb, 0xa0, 0x1d, 0x60,
    0x4, 0xed, 0xd7, 0x0, 0xc, 0x40, 0x0, 0x0,
    0xc, 0x81, 0x10, 0x0, 0x6, 0xff, 0xff, 0xe4,
    0x1e, 0x10, 0x0, 0xba, 0x3f, 0x30, 0x3, 0xd6,
    0x7, 0xde, 0xec, 0x50,

    /* U+0068 "h" */
    0xb9, 0x0, 0x0, 0xb, 0x90, 0x0, 0x0, 0xb9,
    0x0, 0x0, 0xb, 0x98, 0xef, 0x70, 0xbf, 0x82,
    0x7f, 0x2b, 0xa0, 0x0, 0xf5, 0xb9, 0x0, 0xe,
    0x5b, 0x90, 0x0, 0xe5, 0xb9, 0x0, 0xe, 0x5b,
    0x90, 0x0, 0xe5, 0xb9, 0x0, 0xe, 0x50,

    /* U+0069 "i" */
    0xca, 0x76, 0x0, 0xb9, 0xb9, 0xb9, 0xb9, 0xb9,
    0xb9, 0xb9, 0xb9,

    /* U+006A "j" */
    0x0, 0xc9, 0x0, 0x86, 0x0, 0x0, 0x0, 0xb9,
    0x0, 0xb9, 0x0, 0xb9, 0x0, 0xb9, 0x0, 0xb9,
    0x0, 0xb9, 0x0, 0xb9, 0x0, 0xb9, 0x0, 0xb9,
    0x1, 0xe7, 0x7f, 0xc1,

    /* U+006B "k" */
    0xb8, 0x0, 0x0, 0xb, 0x80, 0x0, 0x0, 0xb8,
    0x0, 0x0, 0xb, 0x80, 0x8, 0xd0, 0xb8, 0x5,
    0xe2, 0xb, 0x82, 0xe4, 0x0, 0xb9, 0xce, 0x0,
    0xb, 0xfa, 0xd7, 0x0, 0xbd, 0x3, 0xf2, 0xb,
    0x80, 0xa, 0xb0, 0xb8, 0x0, 0x2f, 0x40,

    /* U+006C "l" */
    0xb9, 0xb, 0x90, 0xb9, 0xb, 0x90, 0xb9, 0xb,
    0x90, 0xb9, 0xb, 0x90, 0xb9, 0xb, 0xa0, 0x5f,
    0x40,

    /* U+006D "m" */
    0xb7, 0x9e, 0xe6, 0x3c, 0xfc, 0x1b, 0xf5, 0x7,
    0xfb, 0x10, 0xd8, 0xb9, 0x0, 0x2f, 0x30, 0x8,
    0xbb, 0x90, 0x1, 0xf2, 0x0, 0x8c, 0xb9, 0x0,
    0x1f, 0x20, 0x8, 0xcb, 0x90, 0x1, 0xf2, 0x0,
    0x8c, 0xb9, 0x0, 0x1f, 0x20, 0x8, 0xcb, 0x90,
    0x1, 0xf2, 0x0, 0x8c,

    /* U+006E "n" */
    0xb7, 0x9e, 0xf7, 0xb, 0xf5, 0x4, 0xf2, 0xb9,
    0x0, 0xf, 0x5b, 0x90, 0x0, 0xe5, 0xb9, 0x0,
    0xe, 0x5b, 0x90, 0x0, 0xe5, 0xb9, 0x0, 0xe,
    0x5b, 0x90, 0x0, 0xe5,

    /* U+006F "o" */
    0x0, 0x8e, 0xfb, 0x20, 0x8, 0xe4, 0x29, 0xe1,
    0x1f, 0x50, 0x0, 0xd8, 0x3f, 0x10, 0x0, 0x9b,
    0x3f, 0x10, 0x0, 0x9b, 0x1f, 0x50, 0x0, 0xd8,
    0x8, 0xe4, 0x29, 0xe1, 0x0, 0x8e, 0xfb, 0x20,

    /* U+0070 "p" */
    0xb8, 0xae, 0xe8, 0xb, 0xe4, 0x2, 0xe6, 0xb9,
    0x0, 0x8, 0xcb, 0x90, 0x0, 0x6e, 0xb9, 0x0,
    0x7, 0xeb, 0x90, 0x0, 0xbb, 0xbe, 0x52, 0x7f,
    0x3b, 0xab, 0xfd, 0x50, 0xb9, 0x0, 0x0, 0xb,
    0x90, 0x0, 0x0, 0xb9, 0x0, 0x0, 0x0,

    /* U+0071 "q" */
    0x0, 0x8e, 0xf9, 0xb6, 0x8, 0xe4, 0x27, 0xf6,
    0xf, 0x60, 0x0, 0xe6, 0x3f, 0x10, 0x0, 0xe6,
    0x3f, 0x10, 0x0, 0xe6, 0x1f, 0x40, 0x0, 0xe6,
    0xb, 0xd3, 0x29, 0xf6, 0x1, 0xaf, 0xe7, 0xd6,
    0x0, 0x0, 0x0, 0xe6, 0x0, 0x0, 0x0, 0xe6,
    0x0, 0x0, 0x0, 0xe6,

    /* U+0072 "r" */
    0x0, 0x0, 0xb, 0x69, 0xf5, 0xbe, 0x60, 0xb,
    0xb0, 0x0, 0xb9, 0x0, 0xb, 0x90, 0x0, 0xb9,
    0x0, 0xb, 0x90, 0x0, 0xb9, 0x0, 0x0,

    /* U+0073 "s" */
    0x4, 0xdf, 0xd5, 0x0, 0xf6, 0x4, 0x50, 0x1f,
    0x40, 0x0, 0x0, 0x7f, 0xa3, 0x0, 0x0, 0x18,
    0xf8, 0x0, 0x0, 0x4, 0xf0, 0x49, 0x20, 0x8d,
    0x1, 0x9e, 0xfc, 0x30,

    /* U+0074 "t" */
    0x5, 0xc0, 0x0, 0x6, 0xc0, 0x0, 0xaf, 0xff,
    0xd0, 0x7, 0xc0, 0x0, 0x7, 0xc0, 0x0, 0x7,
    0xc0, 0x0, 0x7, 0xc0, 0x0, 0x7, 0xc0, 0x0,
    0x5, 0xf2, 0x20, 0x0, 0xbf, 0xd0,

    /* U+0075 "u" */
    0xd7, 0x0, 0xf, 0x3d, 0x70, 0x0, 0xf3, 0xd7,
    0x0, 0xf, 0x3d, 0x70, 0x0, 0xf3, 0xd7, 0x0,
    0xf, 0x3c, 0x80, 0x2, 0xf3, 0x9e, 0x34, 0xcf,
    0x31, 0xcf, 0xc2, 0xe3,

    /* U+0076 "v" */
    0xaa, 0x0, 0x4, 0xe0, 0x4f, 0x0, 0x9, 0x90,
    0xe, 0x40, 0xe, 0x40, 0x9, 0x90, 0x4e, 0x0,
    0x4, 0xe0, 0x99, 0x0, 0x0, 0xe3, 0xd4, 0x0,
    0x0, 0x9b, 0xe0, 0x0, 0x0, 0x4f, 0x90, 0x0,

    /* U+0077 "w" */
    0x7d, 0x0, 0x1f, 0x60, 0x7, 0xb3, 0xf0, 0x5,
    0xea, 0x0, 0xb7, 0xf, 0x40, 0x97, 0xe0, 0xf,
    0x30, 0xb8, 0xe, 0x1e, 0x23, 0xf0, 0x7, 0xc2,
    0xd0, 0xa7, 0x7b, 0x0, 0x2f, 0x69, 0x6, 0xba,
    0x70, 0x0, 0xec, 0x50, 0x2e, 0xe3, 0x0, 0xa,
    0xf1, 0x0, 0xee, 0x0,

    /* U+0078 "x" */
    0x4f, 0x20, 0x1f, 0x40, 0xba, 0x9, 0xb0, 0x1,
    0xf5, 0xf2, 0x0, 0x8, 0xf8, 0x0, 0x0, 0xae,
    0x90, 0x0, 0x4e, 0x2f, 0x30, 0xd, 0x50, 0x8d,
    0x7, 0xd0, 0x0, 0xe7,

    /* U+0079 "y" */
    0x9b, 0x0, 0x4, 0xe0, 0x3f, 0x10, 0x9, 0x90,
    0xd, 0x60, 0xe, 0x40, 0x6, 0xc0, 0x4e, 0x0,
    0x1, 0xf2, 0x99, 0x0, 0x0, 0xa7, 0xd3, 0x0,
    0x0, 0x3e, 0xd0, 0x0, 0x0, 0xe, 0x80, 0x0,
    0x0, 0x1f, 0x20, 0x0, 0x1, 0xab, 0x0, 0x0,
    0x5f, 0xb1, 0x0, 0x0,

    /* U+007A "z" */
    0x1f, 0xff, 0xff, 0x10, 0x11, 0x1c, 0x90, 0x0,
    0x6, 0xe1, 0x0, 0x1, 0xf5, 0x0, 0x0, 0xba,
    0x0, 0x0, 0x5e, 0x10, 0x0, 0x1e, 0x61, 0x11,
    0x7, 0xff, 0xff, 0xf4,

    /* U+007B "{" */
    0x0, 0xbd, 0x30, 0x3d, 0x0, 0x4, 0xc0, 0x0,
    0x3d, 0x0, 0x2, 0xd0, 0x0, 0x5c, 0x0, 0x6f,
    0x50, 0x0, 0x5c, 0x0, 0x2, 0xd0, 0x0, 0x2d,
    0x0, 0x3, 0xd0, 0x0, 0x4c, 0x0, 0x3, 0xe0,
    0x0, 0x9, 0xc3,

    /* U+007C "|" */
    0x95, 0x95, 0x95, 0x95, 0x95, 0x95, 0x95, 0x95,
    0x95, 0x95, 0x95, 0x95, 0x95, 0x95, 0x95, 0x95,

    /* U+007D "}" */
    0x6d, 0x80, 0x0, 0x2f, 0x0, 0x0, 0xf0, 0x0,
    0x1f, 0x0, 0x1, 0xe0, 0x0, 0xf, 0x10, 0x0,
    0x9f, 0x20, 0xf, 0x20, 0x1, 0xe0, 0x0, 0x1e,
    0x0, 0x1, 0xf0, 0x0, 0xf, 0x0, 0x3, 0xe0,
    0x6, 0xc6, 0x0,

    /* U+007E "~" */
    0x1b, 0xfc, 0x40, 0x60, 0x15, 0x5, 0xdf, 0x90,

    /* U+00B0 "°" */
    0x8, 0xb9, 0x4, 0x90, 0x67, 0x49, 0x6, 0x70,
    0x8b, 0x90,

    /* U+00B7 "·" */
    0x0, 0x0, 0x2e, 0xe2, 0x7f, 0xf7, 0x2d, 0xe2,

    /* U+00D7 "×" */
    0x0, 0x0, 0x0, 0x0, 0x0, 0x4a, 0x0, 0x0,
    0x0, 0xa4, 0xb, 0xa0, 0x0, 0xa, 0xa0, 0x0,
    0xba, 0x0, 0x9b, 0x0, 0x0, 0xb, 0x99, 0xb0,
    0x0, 0x0, 0x0, 0xee, 0x0, 0x0, 0x0, 0x8,
    0xcc, 0x90, 0x0, 0x0, 0x8c, 0x0, 0xc8, 0x0,
    0x8, 0xc0, 0x0, 0xc, 0x80, 0x4c, 0x10, 0x0,
    0x0, 0xc4, 0x0, 0x0, 0x0, 0x0, 0x0,

    /* U+2014 "—" */
    0x5e, 0xee, 0xee, 0xee, 0xee, 0xec,

    /* U+2103 "℃" */
    0x2, 0x86, 0x0, 0x0, 0x3, 0x52, 0x0, 0x1c,
    0x37, 0x80, 0x3, 0xdf, 0xef, 0xb0, 0x3a, 0x2,
    0xa0, 0x2f, 0x90, 0x1, 0x60, 0xa, 0xac, 0x30,
    0xad, 0x0, 0x0, 0x0, 0x0, 0x10, 0x0, 0xf7,
    0x0, 0x0, 0x0, 0x0, 0x0, 0x1, 0xf4, 0x0,
    0x0, 0x0, 0x0, 0x0, 0x1, 0xf5, 0x0, 0x0,
    0x0, 0x0, 0x0, 0x0, 0xf7, 0x0, 0x0, 0x0,
    0x0, 0x0, 0x0, 0xad, 0x0, 0x0, 0x0, 0x0,
    0x0, 0x0, 0x2e, 0xb2, 0x3, 0xd4, 0x0, 0x0,
    0x0, 0x2, 0xcf, 0xff, 0x90, 0x0, 0x0, 0x0,
    0x0, 0x1, 0x20, 0x0,

    /* U+2460 "①" */
    0x0, 0x1, 0x77, 0x77, 0x77, 0x10, 0x0, 0x0,
    0x37, 0x0, 0x0, 0x0, 0x73, 0x0, 0x2, 0x60,
    0x0, 0x0, 0x0, 0x6, 0x20, 0x8, 0x0, 0x6,
    0xde, 0x0, 0x0, 0x80, 0x34, 0x0, 0x1, 0x5e,
    0x0, 0x0, 0x43, 0x60, 0x0, 0x0, 0x3e, 0x0,
    0x0, 0x6, 0x70, 0x0, 0x0, 0x3e, 0x0, 0x0,
    0x7, 0x60, 0x0, 0x0, 0x3e, 0x0, 0x0, 0x6,
    0x34, 0x0, 0x0, 0x3e, 0x0, 0x0, 0x43, 0x8,
    0x0, 0x0, 0x3e, 0x0, 0x0, 0x80, 0x2, 0x60,
    0x0, 0x3, 0x0, 0x6, 0x20, 0x0, 0x37, 0x0,
    0x0, 0x0, 0x73, 0x0, 0x0, 0x1, 0x77, 0x77,
    0x76, 0x10, 0x0,

    /* U+2461 "②" */
    0x0, 0x1, 0x77, 0x77, 0x77, 0x10, 0x0, 0x0,
    0x37, 0x0, 0x0, 0x0, 0x73, 0x0, 0x2, 0x60,
    0x0, 0x11, 0x0, 0x6, 0x20, 0x8, 0x0, 0xa,
    0xed, 0xd1, 0x0, 0x80, 0x34, 0x0, 0x5, 0x0,
    0xb8, 0x0, 0x43, 0x60, 0x0, 0x0, 0x0, 0x97,
    0x0, 0x6, 0x70, 0x0, 0x0, 0x3, 0xe1, 0x0,
    0x7, 0x60, 0x0, 0x0, 0x3d, 0x30, 0x0, 0x6,
    0x34, 0x0, 0x4, 0xd3, 0x0, 0x0, 0x43, 0x8,
    0x0, 0x2f, 0xfe, 0xfd, 0x0, 0x80, 0x2, 0x60,
    0x0, 0x0, 0x0, 0x6, 0x20, 0x0, 0x37, 0x0,
    0x0, 0x0, 0x73, 0x0, 0x0, 0x1, 0x77, 0x77,
    0x76, 0x10, 0x0,

    /* U+2462 "③" */
    0x0, 0x1, 0x77, 0x77, 0x77, 0x10, 0x0, 0x0,
    0x37, 0x0, 0x0, 0x0, 0x73, 0x0, 0x2, 0x60,
    0x0, 0x11, 0x0, 0x6, 0x20, 0x8, 0x0, 0x2c,
    0xde, 0xb0, 0x0, 0x80, 0x34, 0x0, 0x3, 0x0,
    0xe5, 0x0, 0x43, 0x60, 0x0, 0x0, 0x3, 0xe2,
    0x0, 0x6, 0x70, 0x0, 0x0, 0xef, 0x70, 0x0,
    0x7, 0x60, 0x0, 0x0, 0x1, 0xc7, 0x0, 0x6,
    0x34, 0x0, 0x32, 0x0, 0xa9, 0x0, 0x43, 0x8,
    0x0, 0x5e, 0xcd, 0xd2, 0x0, 0x80, 0x2, 0x60,
    0x0, 0x21, 0x0, 0x6, 0x20, 0x0, 0x37, 0x0,
    0x0, 0x0, 0x73, 0x0, 0x0, 0x1, 0x77, 0x77,
    0x76, 0x10, 0x0,

    /* U+2463 "④" */
    0x0, 0x1, 0x77, 0x77, 0x77, 0x10, 0x0, 0x0,
    0x37, 0x0, 0x0, 0x0, 0x73, 0x0, 0x2, 0x60,
    0x0, 0x4, 0x10, 0x6, 0x20, 0x8, 0x0, 0x0,
    0x9f, 0x40, 0x0, 0x80, 0x34, 0x0, 0x5, 0xcd,
    0x40, 0x0, 0x43, 0x60, 0x0, 0x2e, 0x2d, 0x40,
    0x0, 0x6, 0x70, 0x0, 0xc4, 0xd, 0x40, 0x0,
    0x7, 0x60, 0x6, 0xfd, 0xdf, 0xd4, 0x0, 0x6,
    0x34, 0x0, 0x11, 0x1d, 0x50, 0x0, 0x43, 0x8,
    0x0, 0x0, 0xd, 0x40, 0x0, 0x80, 0x2, 0x60,
    0x0, 0x0, 0x0, 0x6, 0x20, 0x0, 0x37, 0x0,
    0x0, 0x0, 0x73, 0x0, 0x0, 0x1, 0x77, 0x77,
    0x76, 0x10, 0x0,

    /* U+3001 "、" */
    0x0, 0x0, 0x1, 0xe6, 0x0, 0x5, 0xf6, 0x0,
    0x5, 0xf5, 0x0, 0x6, 0x30,

    /* U+3002 "。" */
    0x5, 0x95, 0x4, 0xa1, 0x85, 0x91, 0x0, 0xb7,
    0x50, 0x38, 0xa, 0xba, 0x0,

    /* U+4E00 "一" */
    0x0, 0x0, 0x0, 0x0, 0x0, 0x0, 0x0, 0x2f,
    0xff, 0xff, 0xff, 0xff, 0xff, 0xfa, 0x1, 0x11,
    0x11, 0x11, 0x11, 0x11, 0x11,

    /* U+4E01 "丁" */
    0x17, 0x77, 0x77, 0x77, 0x77, 0x77, 0x71, 0x1a,
    0xaa, 0xaa, 0xbf, 0xaa, 0xaa, 0xa1, 0x0, 0x0,
    0x0, 0x3f, 0x0, 0x0, 0x0, 0x0, 0x0, 0x0,
    0x3f, 0x0, 0x0, 0x0, 0x0, 0x0, 0x0, 0x3f,
    0x0, 0x0, 0x0, 0x0, 0x0, 0x0, 0x3f, 0x0,
    0x0, 0x0, 0x0, 0x0, 0x0, 0x3f, 0x0, 0x0,
    0x0, 0x0, 0x0, 0x0, 0x3f, 0x0, 0x0, 0x0,
    0x0, 0x0, 0x0, 0x3f, 0x0, 0x0, 0x0, 0x0,
    0x0, 0x0, 0x3f, 0x0, 0x0, 0x0, 0x0, 0x1,
    0x22, 0x5f, 0x0, 0x0, 0x0, 0x0, 0x4, 0xff,
    0xf9, 0x0, 0x0, 0x0, 0x0, 0x0, 0x0, 0x0,
    0x0, 0x0, 0x0,

    /* U+4E03 "七" */
    0x0, 0x0, 0x3e, 0x0, 0x0, 0x0, 0x0, 0x0,
    0x0, 0x3e, 0x0, 0x0, 0x0, 0x0, 0x0, 0x0,
    0x3e, 0x0, 0x0, 0x0, 0x0, 0x0, 0x0, 0x3e,
    0x0, 0x0, 0x2, 0x52, 0x0, 0x0, 0x3f, 0x57,
    0xad, 0xff, 0xd4, 0x17, 0xac, 0xff, 0xda, 0x85,
    0x20, 0x0, 0x1b, 0x85, 0x5e, 0x0, 0x0, 0x0,
    0x0, 0x0, 0x0, 0x3e, 0x0, 0x0, 0x0, 0x0,
    0x0, 0x0, 0x3e, 0x0, 0x0, 0x0, 0x0, 0x0,
    0x0, 0x3e, 0x0, 0x0, 0x1, 0xa0, 0x0, 0x0,
    0x2e, 0x0, 0x0, 0x3, 0xe0, 0x0, 0x0, 0x1f,
    0x53, 0x33, 0x3a, 0xb0, 0x0, 0x0, 0x7, 0xcd,
    0xdd, 0xdb, 0x20,

    /* U+4E07 "万" */
    0x1b, 0xbb, 0xbb, 0xbb, 0xbb, 0xbb, 0xb1, 0x5,
    0x55, 0x8d, 0x55, 0x55, 0x55, 0x50, 0x0, 0x0,
    0x5b, 0x0, 0x0, 0x0, 0x0, 0x0, 0x0, 0x6a,
    0x0, 0x0, 0x0, 0x0, 0x0, 0x0, 0x8f, 0xff,
    0xff, 0xfa, 0x0, 0x0, 0x0, 0xa7, 0x11, 0x11,
    0x7a, 0x0, 0x0, 0x0, 0xe3, 0x0, 0x0, 0x79,
    0x0, 0x0, 0x3, 0xe0, 0x0, 0x0, 0x88, 0x0,
    0x0, 0xa, 0x90, 0x0, 0x0, 0xa6, 0x0, 0x0,
    0x4f, 0x10, 0x0, 0x0, 0xc4, 0x0, 0x4, 0xf5,
    0x0, 0x0, 0x1, 0xf1, 0x0, 0x2e, 0x40, 0x0,
    0xf, 0xff, 0x90, 0x0, 0x0, 0x0, 0x0, 0x0,
    0x0, 0x0, 0x0,

    /* U+4E09 "三" */
    0x0, 0x33, 0x33, 0x33, 0x33, 0x33, 0x0, 0x3,
    0xee, 0xee, 0xee, 0xee, 0xee, 0x40, 0x0, 0x0,
    0x0, 0x0, 0x0, 0x0, 0x0, 0x0, 0x0, 0x0,
    0x0, 0x0, 0x0, 0x0, 0x0, 0x0, 0x0, 0x0,
    0x0, 0x0, 0x0, 0x0, 0x5f, 0xff, 0xff, 0xff,
    0xf3, 0x0, 0x0, 0x1, 0x11, 0x11, 0x11, 0x10,
    0x0, 0x0, 0x0, 0x0, 0x0, 0x0, 0x0, 0x0,
    0x0, 0x0, 0x0, 0x0, 0x0, 0x0, 0x0, 0x0,
    0x0, 0x0, 0x0, 0x0, 0x0, 0x0, 0x1f, 0xff,
    0xff, 0xff, 0xff, 0xff, 0xf1, 0x1, 0x11, 0x11,
    0x11, 0x11, 0x11, 0x10,

    /* U+4E0A "上" */
    0x0, 0x0, 0x1, 0xf0, 0x0, 0x0, 0x0, 0x0,
    0x0, 0x1, 0xf0, 0x0, 0x0, 0x0, 0x0, 0x0,
    0x1, 0xf0, 0x0, 0x0, 0x0, 0x0, 0x0, 0x1,
    0xf0, 0x0, 0x0, 0x0, 0x0, 0x0, 0x1, 0xf1,
    0x11, 0x11, 0x0, 0x0, 0x0, 0x1, 0xff, 0xff,
    0xff, 0x30, 0x0, 0x0, 0x1, 0xf0, 0x0, 0x0,
    0x0, 0x0, 0x0, 0x1, 0xf0, 0x0, 0x0, 0x0,
    0x0, 0x0, 0x1, 0xf0, 0x0, 0x0, 0x0, 0x0,
    0x0, 0x1, 0xf0, 0x0, 0x0, 0x0, 0x0, 0x0,
    0x1, 0xf0, 0x0, 0x0, 0x0, 0x39, 0x99, 0x9a,
    0xf9, 0x99, 0x99, 0x92, 0x27, 0x77, 0x77, 0x77,
    0x77, 0x77, 0x71,

    /* U+4E0B "下" */
    0x3b, 0xbb, 0xbb, 0xbb, 0xbb, 0xbb, 0xb1, 0x15,
    0x55, 0x55, 0xf7, 0x55, 0x55, 0x50, 0x0, 0x0,
    0x0, 0xe3, 0x0, 0x0, 0x0, 0x0, 0x0, 0x0,
    0xe6, 0x0, 0x0, 0x0, 0x0, 0x0, 0x0, 0xee,
    0xd4, 0x0, 0x0, 0x0, 0x0, 0x0, 0xe3, 0x6e,
    0xb2, 0x0, 0x0, 0x0, 0x0, 0xe3, 0x1, 0x9f,
    0x20, 0x0, 0x0, 0x0, 0xe3, 0x0, 0x3, 0x0,
    0x0, 0x0, 0x0, 0xe3, 0x0, 0x0, 0x0, 0x0,
    0x0, 0x0, 0xe3, 0x0, 0x0, 0x0, 0x0, 0x0,
    0x0, 0xe3, 0x0, 0x0, 0x0, 0x0, 0x0, 0x0,
    0xe3, 0x0, 0x0, 0x0,

    /* U+4E0D "不" */
    0xf, 0xff, 0xff, 0xff, 0xff, 0xff, 0xf0, 0x2,
    0x22, 0x22, 0x3f, 0x62, 0x22, 0x20, 0x0, 0x0,
    0x0, 0xbb, 0x0, 0x0, 0x0, 0x0, 0x0, 0x8,
    0xf9, 0x40, 0x0, 0x0, 0x0, 0x0, 0x7e, 0xb9,
    0xad, 0x30, 0x0, 0x0, 0x9, 0xe3, 0x99, 0x5,
    0xf7, 0x0, 0x3, 0xdd, 0x20, 0x99, 0x0, 0x3e,
    0xa0, 0x2f, 0x80, 0x0, 0x99, 0x0, 0x1, 0xc2,
    0x1, 0x0, 0x0, 0x99, 0x0, 0x0, 0x0, 0x0,
    0x0, 0x0, 0x99, 0x0, 0x0, 0x0, 0x0, 0x0,
    0x0, 0x99, 0x0, 0x0, 0x0, 0x0, 0x0, 0x0,
    0x99, 0x0, 0x0, 0x0,

    /* U+4E0E "与" */
    0x0, 0x2, 0x60, 0x0, 0x0, 0x0, 0x0, 0x0,
    0x6a, 0x0, 0x0, 0x0, 0x0, 0x0, 0x9, 0xff,
    0xff, 0xff, 0xff, 0x40, 0x0, 0xc4, 0x11, 0x11,
    0x11, 0x10, 0x0, 0xf, 0x10, 0x0, 0x0, 0x0,
    0x0, 0x3, 0xd1, 0x11, 0x11, 0x11, 0x10, 0x0,
    0x6e, 0xee, 0xee, 0xee, 0xef, 0x60, 0x0, 0x0,
    0x0, 0x0, 0x0, 0xb5, 0x1, 0x11, 0x11, 0x11,
    0x11, 0xd, 0x31, 0xee, 0xee, 0xee, 0xee, 0x90,
    0xf0, 0x0, 0x0, 0x0, 0x0, 0x0, 0x2d, 0x0,
    0x0, 0x0, 0x0, 0x0, 0x9, 0x90, 0x0, 0x0,
    0x0, 0xc, 0xff, 0xd2, 0x0, 0x0, 0x0, 0x0,
    0x0, 0x0, 0x0,

    /* U+4E13 "专" */
    0x0, 0x0, 0x1, 0x80, 0x0, 0x0, 0x0, 0x0,
    0x0, 0x6b, 0x0, 0x0, 0x0, 0x1, 0xff, 0xff,
    0xff, 0xff, 0xff, 0x0, 0x0, 0x0, 0xf1, 0x0,
    0x0, 0x0, 0x2c, 0xcc, 0xcf, 0xcc, 0xcc, 0xcc,
    0xc0, 0x44, 0x4c, 0x94, 0x44, 0x44, 0x44, 0x0,
    0x0, 0xf1, 0x0, 0x0, 0x0, 0x0, 0x0, 0x5f,
    0xff, 0xff, 0xff, 0xa0, 0x0, 0x0, 0x0, 0x0,
    0x8, 0xd1, 0x0, 0x0, 0x2, 0x0, 0x8, 0xd1,
    0x0, 0x0, 0x2, 0xcd, 0x89, 0xd1, 0x0, 0x0,
    0x0, 0x0, 0x28, 0xec, 0x40, 0x0, 0x0, 0x0,
    0x0, 0x0, 0x6e, 0x40, 0x0, 0x0, 0x0, 0x0,
    0x0, 0x0, 0x0,

    /* U+4E16 "世" */
    0x0, 0x0, 0x0, 0xc5, 0x0, 0xe2, 0x0, 0x0,
    0x2e, 0x0, 0xc5, 0x0, 0xe2, 0x0, 0x0, 0x2e,
    0x0, 0xc5, 0x0, 0xe2, 0x0, 0x1, 0x3f, 0x11,
    0xc5, 0x11, 0xf4, 0x10, 0x3f, 0xff, 0xff, 0xff,
    0xff, 0xff, 0xf3, 0x0, 0x2e, 0x0, 0xc5, 0x0,
    0xe2, 0x0, 0x0, 0x2e, 0x0, 0xc5, 0x0, 0xe2,
    0x0, 0x0, 0x2e, 0x0, 0xc5, 0x0, 0xe2, 0x0,
    0x0, 0x2e, 0x0, 0xcf, 0xee, 0xf2, 0x0, 0x0,
    0x2e, 0x0, 0x0, 0x0, 0x0, 0x0, 0x0, 0x2e,
    0x0, 0x0, 0x0, 0x0, 0x0, 0x0, 0x2f, 0xff,
    0xff, 0xff, 0xff, 0xf0, 0x0, 0x1, 0x11, 0x11,
    0x11, 0x11, 0x10,

    /* U+4E1A "业" */
    0x0, 0x0, 0x2e, 0x0, 0xe2, 0x0, 0x0, 0x0,
    0x0, 0x2e, 0x0, 0xe2, 0x0, 0x0, 0x0, 0x0,
    0x2e, 0x0, 0xe2, 0x0, 0x0, 0x7, 0x50, 0x2e,
    0x0, 0xe2, 0x3, 0x60, 0x5, 0xc0, 0x2e, 0x0,
    0xe2, 0xa, 0x70, 0x0, 0xe3, 0x2e, 0x0, 0xe2,
    0x1e, 0x10, 0x0, 0x89, 0x2e, 0x0, 0xe2, 0x98,
    0x0, 0x0, 0x2f, 0x2e, 0x0, 0xe3, 0xe1, 0x0,
    0x0, 0x6, 0x3e, 0x0, 0xe4, 0x60, 0x0, 0x0,
    0x0, 0x2e, 0x0, 0xe2, 0x0, 0x0, 0x0, 0x0,
    0x2e, 0x0, 0xe2, 0x0, 0x0, 0xa, 0xaa, 0xbf,
    0xaa, 0xfb, 0xaa, 0xa0, 0x6, 0x66, 0x66, 0x66,
    0x66, 0x66, 0x60,

    /* U+4E1C "东" */
    0x0, 0x0, 0x49, 0x0, 0x0, 0x0, 0x0, 0x0,
    0xb, 0x90, 0x0, 0x0, 0x0, 0xdf, 0xff, 0xff,
    0xff, 0xff, 0xfc, 0x0, 0x0, 0xc8, 0x1, 0x0,
    0x0, 0x0, 0x0, 0x6d, 0x0, 0xe2, 0x0, 0x0,
    0x0, 0x2e, 0x40, 0xe, 0x20, 0x0, 0x0, 0xb,
    0xff, 0xff, 0xff, 0xff, 0xf3, 0x0, 0x21, 0x11,
    0x1e, 0x31, 0x11, 0x0, 0x0, 0x65, 0x0, 0xe2,
    0x47, 0x0, 0x0, 0x1f, 0x20, 0xe, 0x21, 0xd6,
    0x0, 0xb, 0x90, 0x0, 0xe2, 0x2, 0xe3, 0x9,
    0xc0, 0x1, 0x1e, 0x20, 0x5, 0xe0, 0x31, 0x0,
    0xbf, 0xc0, 0x0, 0x2, 0x0,

    /* U+4E1D "丝" */
    0x0, 0x0, 0x90, 0x0, 0x4, 0x70, 0x0, 0x0,
    0x6, 0xa0, 0x0, 0xb, 0x60, 0x0, 0x0, 0xe,
    0x20, 0x10, 0x4d, 0x0, 0x0, 0x0, 0x79, 0x5,
    0xc0, 0xd4, 0x8, 0x80, 0x2, 0xd1, 0x1e, 0x37,
    0x90, 0x3e, 0x10, 0xb, 0xfe, 0xf8, 0x1f, 0xfe,
    0xf4, 0x0, 0x2, 0x16, 0xc0, 0x1, 0xa, 0x80,
    0x0, 0x0, 0x3d, 0x10, 0x0, 0x8a, 0x0, 0x0,
    0x3, 0xd2, 0x1, 0x18, 0xb1, 0x22, 0x20, 0x8,
    0xff, 0xed, 0x6d, 0xfe, 0xdc, 0x60, 0x0, 0x0,
    0x0, 0x0, 0x0, 0x0, 0x0, 0x6e, 0xee, 0xee,
    0xee, 0xee, 0xee, 0xe1, 0x1, 0x11, 0x11, 0x11,
    0x11, 0x11, 0x10,

    /* U+4E24 "两" */
    0x6a, 0xaa, 0xaa, 0xaa, 0xaa, 0xaa, 0xa3, 0x55,
    0x5d, 0x85, 0x5f, 0x65, 0x55, 0x0, 0x0, 0xc4,
    0x0, 0xf0, 0x0, 0x0, 0xcf, 0xff, 0xff, 0xff,
    0xff, 0xf5, 0xd, 0x40, 0xd3, 0x1, 0xf0, 0xa,
    0x60, 0xd4, 0xe, 0x40, 0x2f, 0x10, 0xa6, 0xd,
    0x41, 0xfe, 0x16, 0xec, 0xa, 0x60, 0xd4, 0x79,
    0x87, 0xc5, 0x98, 0xa6, 0xd, 0x5e, 0x20, 0x7d,
    0x0, 0xcb, 0x60, 0xd8, 0x70, 0xb, 0x20, 0x0,
    0xa6, 0xd, 0x40, 0x0, 0x0, 0x0, 0xb, 0x60,
    0xd4, 0x0, 0x0, 0x0, 0xff, 0xd2,

    /* U+4E2A "个" */
    0x0, 0x0, 0x0, 0x57, 0x0, 0x0, 0x0, 0x0,
    0x0, 0x2, 0xfb, 0x0, 0x0, 0x0, 0x0, 0x0,
    0x2e, 0x6b, 0xa0, 0x0, 0x0, 0x0, 0x4, 0xe7,
    0x0, 0xbc, 0x10, 0x0, 0x0, 0x8f, 0x50, 0x93,
    0xa, 0xe5, 0x0, 0x5e, 0xc2, 0x0, 0xc5, 0x0,
    0x5e, 0xc1, 0x16, 0x0, 0x0, 0xc5, 0x0, 0x1,
    0x60, 0x0, 0x0, 0x0, 0xc5, 0x0, 0x0, 0x0,
    0x0, 0x0, 0x0, 0xc5, 0x0, 0x0, 0x0, 0x0,
    0x0, 0x0, 0xc5, 0x0, 0x0, 0x0, 0x0, 0x0,
    0x0, 0xc5, 0x0, 0x0, 0x0, 0x0, 0x0, 0x0,
    0xc5, 0x0, 0x0, 0x0, 0x0, 0x0, 0x0, 0xc5,
    0x0, 0x0, 0x0,

    /* U+4E2D "中" */
    0x0, 0x0, 0x4, 0xd0, 0x0, 0x0, 0x0, 0x0,
    0x4, 0xd0, 0x0, 0x0, 0x1, 0x11, 0x15, 0xd1,
    0x11, 0x10, 0x9f, 0xff, 0xff, 0xff, 0xff, 0xf8,
    0x97, 0x0, 0x4, 0xd0, 0x0, 0x98, 0x97, 0x0,
    0x4, 0xd0, 0x0, 0x98, 0x97, 0x0, 0x4, 0xd0,
    0x0, 0x98, 0x9a, 0x44, 0x47, 0xe4, 0x44, 0xb8,
    0x9d, 0xcc, 0xcd, 0xfc, 0xcc, 0xe8, 0x54, 0x0,
    0x4, 0xd0, 0x0, 0x54, 0x0, 0x0, 0x4, 0xd0,
    0x0, 0x0, 0x0, 0x0, 0x4, 0xd0, 0x0, 0x0,
    0x0, 0x0, 0x4, 0xd0, 0x0, 0x0,

    /* U+4E30 "丰" */
    0x0, 0x0, 0x0, 0xc5, 0x0, 0x0, 0x0, 0x0,
    0x0, 0x0, 0xc5, 0x0, 0x0, 0x0, 0xe, 0xff,
    0xff, 0xff, 0xff, 0xff, 0x70, 0x1, 0x11, 0x11,
    0xc6, 0x11, 0x11, 0x0, 0x0, 0x0, 0x0, 0xc5,
    0x0, 0x0, 0x0, 0x3, 0xdd, 0xdd, 0xfe, 0xdd,
    0xdb, 0x0, 0x0, 0x33, 0x33, 0xd7, 0x33, 0x32,
    0x0, 0x0, 0x0, 0x0, 0xc5, 0x0, 0x0, 0x0,
    0x1, 0x11, 0x11, 0xc6, 0x11, 0x11, 0x10, 0x7f,
    0xff, 0xff, 0xff, 0xff, 0xff, 0xf0, 0x0, 0x0,
    0x0, 0xc5, 0x0, 0x0, 0x0, 0x0, 0x0, 0x0,
    0xc5, 0x0, 0x0, 0x0, 0x0, 0x0, 0x0, 0xc5,
    0x0, 0x0, 0x0,

    /* U+4E32 "串" */
    0x0, 0x0, 0xd, 0x40, 0x0, 0x0, 0x0, 0x0,
    0xd, 0x40, 0x0, 0x0, 0xf, 0xff, 0xff, 0xff,
    0xff, 0xf0, 0xf, 0x10, 0xd, 0x40, 0x2, 0xf0,
    0xf, 0x10, 0xd, 0x50, 0x3, 0xf0, 0xe, 0xee,
    0xef, 0xee, 0xee, 0xd0, 0x0, 0x0, 0xd, 0x50,
    0x0, 0x0, 0x8f, 0xff, 0xff, 0xff, 0xff, 0xf9,
    0x88, 0x0, 0xd, 0x40, 0x0, 0x89, 0x88, 0x0,
    0xd, 0x40, 0x0, 0x89, 0x8f, 0xff, 0xff, 0xff,
    0xff, 0xf9, 0x44, 0x0, 0xd, 0x40, 0x0, 0x44,
    0x0, 0x0, 0xd, 0x40, 0x0, 0x0,

    /* U+4E38 "丸" */
    0x0, 0x0, 0xc, 0x50, 0x0, 0x0, 0x0, 0x0,
    0x0, 0xc, 0x50, 0x0, 0x0, 0x0, 0x0, 0x0,
    0xc, 0x50, 0x0, 0x0, 0x0, 0xc, 0xff, 0xff,
    0xff, 0xff, 0x70, 0x0, 0x1, 0x11, 0x1e, 0x41,
    0x19, 0x80, 0x0, 0x0, 0x20, 0xf, 0x10, 0x9,
    0x80, 0x0, 0x0, 0xdb, 0x5e, 0x0, 0x9, 0x80,
    0x0, 0x0, 0x8, 0xfc, 0x0, 0x9, 0x80, 0x0,
    0x0, 0x0, 0xdf, 0xa0, 0x9, 0x80, 0x0, 0x0,
    0x5, 0xe1, 0xcb, 0x9, 0x80, 0x24, 0x0, 0x2e,
    0x50, 0x3, 0x9, 0x80, 0x4b, 0x4, 0xe8, 0x0,
    0x0, 0x9, 0x80, 0x6a, 0x3f, 0x60, 0x0, 0x0,
    0x5, 0xff, 0xf4, 0x1, 0x0, 0x0, 0x0, 0x0,
    0x0, 0x0,

    /* U+4E3A "为" */
    0x0, 0x24, 0x1, 0xf0, 0x0, 0x0, 0x0, 0x2,
    0xe2, 0x1f, 0x0, 0x0, 0x0, 0x0, 0x8, 0xa1,
    0xf0, 0x0, 0x0, 0x0, 0x12, 0x33, 0x4f, 0x22,
    0x22, 0x31, 0x9, 0xee, 0xee, 0xfe, 0xee, 0xef,
    0xa0, 0x0, 0x0, 0x6a, 0x0, 0x0, 0x79, 0x0,
    0x0, 0xb, 0x73, 0x10, 0x8, 0x90, 0x0, 0x1,
    0xf2, 0x7b, 0x0, 0x98, 0x0, 0x0, 0x9b, 0x0,
    0xb7, 0xa, 0x70, 0x0, 0x3f, 0x20, 0x1, 0x60,
    0xb6, 0x0, 0x2e, 0x70, 0x0, 0x0, 0xd, 0x40,
    0x3e, 0x80, 0x0, 0x1, 0x2, 0xf1, 0x9, 0x60,
    0x0, 0x0, 0xbf, 0xf9, 0x0, 0x0, 0x0, 0x0,
    0x0, 0x0, 0x0,

    /* U+4E3B "主" */
    0x0, 0x0, 0x7, 0x40, 0x0, 0x0, 0x0, 0x0,
    0x0, 0x3, 0xe7, 0x0, 0x0, 0x0, 0x0, 0x0,
    0x0, 0x2e, 0x30, 0x0, 0x0, 0xc, 0xff, 0xff,
    0xff, 0xff, 0xff, 0x50, 0x0, 0x0, 0x0, 0xc5,
    0x0, 0x0, 0x0, 0x0, 0x0, 0x0, 0xc5, 0x0,
    0x0, 0x0, 0x0, 0x0, 0x0, 0xc5, 0x0, 0x0,
    0x0, 0x1, 0xff, 0xff, 0xff, 0xff, 0xfb, 0x0,
    0x0, 0x11, 0x11, 0xd6, 0x11, 0x10, 0x0, 0x0,
    0x0, 0x0, 0xc5, 0x0, 0x0, 0x0, 0x0, 0x0,
    0x0, 0xc5, 0x0, 0x0, 0x0, 0x38, 0x88, 0x88,
    0xeb, 0x88, 0x88, 0x80, 0x37, 0x77, 0x77, 0x77,
    0x77, 0x77, 0x70,

    /* U+4E4B "之" */
    0x0, 0x0, 0x0, 0x92, 0x0, 0x0, 0x0, 0x0,
    0x0, 0x0, 0x8c, 0x0, 0x0, 0x0, 0x0, 0x0,
    0x0, 0xc, 0x20, 0x0, 0x0, 0x8, 0xff, 0xff,
    0xff, 0xff, 0xfe, 0x0, 0x0, 0x0, 0x0, 0x0,
    0x1, 0xd8, 0x0, 0x0, 0x0, 0x0, 0x0, 0xb,
    0xb0, 0x0, 0x0, 0x0, 0x0, 0x0, 0xac, 0x0,
    0x0, 0x0, 0x0, 0x0, 0xb, 0xc0, 0x0, 0x0,
    0x0, 0x0, 0x1, 0xcb, 0x0, 0x0, 0x0, 0x0,
    0x0, 0x4e, 0x80, 0x0, 0x0, 0x0, 0x0, 0x6c,
    0xe4, 0x0, 0x0, 0x0, 0x0, 0x9, 0xc6, 0xd7,
    0x32, 0x11, 0x23, 0x42, 0xc, 0x10, 0x19, 0xce,
    0xee, 0xed, 0xd3, 0x0, 0x0, 0x0, 0x0, 0x0,
    0x0, 0x0,

    /* U+4E4C "乌" */
    0x0, 0x0, 0x0, 0x81, 0x0, 0x0, 0x0, 0x0,
    0x1, 0x15, 0xd1, 0x11, 0x20, 0x0, 0x0, 0x3f,
    0xdd, 0xdd, 0xdd, 0xe8, 0x0, 0x0, 0x3d, 0x0,
    0x0, 0x0, 0x86, 0x0, 0x0, 0x3d, 0x0, 0x0,
    0x0, 0xc4, 0x0, 0x0, 0x3d, 0x0, 0x0, 0xcd,
    0xb0, 0x0, 0x0, 0x3d, 0x11, 0x11, 0x11, 0x11,
    0x10, 0x0, 0x2e, 0xee, 0xee, 0xee, 0xee, 0xf0,
    0x0, 0x0, 0x0, 0x0, 0x0, 0x0, 0xf0, 0x1f,
    0xff, 0xff, 0xff, 0xff, 0xa1, 0xe0, 0x0, 0x0,
    0x0, 0x0, 0x0, 0x3, 0xd0, 0x0, 0x0, 0x0,
    0x0, 0x0, 0x7, 0xa0, 0x0, 0x0, 0x0, 0x0,
    0x1f, 0xfe, 0x30, 0x0, 0x0, 0x0, 0x0, 0x0,
    0x0, 0x0,

    /* U+4E50 "乐" */
    0x0, 0x0, 0x0, 0x0, 0x13, 0x68, 0x0, 0x0,
    0x9c, 0xde, 0xff, 0xec, 0xa7, 0x10, 0x0, 0xd6,
    0x21, 0x0, 0x0, 0x0, 0x0, 0x0, 0xf1, 0x0,
    0x2d, 0x0, 0x0, 0x0, 0x1, 0xf0, 0x0, 0x2e,
    0x0, 0x0, 0x0, 0x5, 0xc2, 0x22, 0x4e, 0x22,
    0x22, 0x20, 0x7, 0xfe, 0xee, 0xff, 0xee, 0xee,
    0xe0, 0x0, 0x0, 0x0, 0x2e, 0x0, 0x0, 0x0,
    0x0, 0xb, 0x0, 0x2e, 0x0, 0xb1, 0x0, 0x0,
    0x99, 0x0, 0x2e, 0x0, 0x6d, 0x10, 0x6, 0xd0,
    0x0, 0x2e, 0x0, 0x9, 0xb0, 0x2e, 0x20, 0x0,
    0x3e, 0x0, 0x0, 0xd4, 0x0, 0x0, 0x6f, 0xf9,
    0x0, 0x0, 0x0, 0x0, 0x0, 0x0, 0x0, 0x0,
    0x0, 0x0,

    /* U+4E5D "九" */
    0x0, 0x0, 0x1f, 0x10, 0x0, 0x0, 0x0, 0x0,
    0x0, 0x1f, 0x0, 0x0, 0x0, 0x0, 0x0, 0x0,
    0x1f, 0x0, 0x0, 0x0, 0x0, 0x1, 0x11, 0x3f,
    0x11, 0x12, 0x0, 0x0, 0xd, 0xff, 0xff, 0xff,
    0xff, 0x30, 0x0, 0x0, 0x0, 0x4d, 0x0, 0xd,
    0x30, 0x0, 0x0, 0x0, 0x6b, 0x0, 0xd, 0x30,
    0x0, 0x0, 0x0, 0xa8, 0x0, 0xd, 0x30, 0x0,
    0x0, 0x0, 0xf3, 0x0, 0xd, 0x30, 0x0, 0x0,
    0x7, 0xd0, 0x0, 0xd, 0x30, 0x0, 0x0, 0x3f,
    0x40, 0x0, 0xd, 0x30, 0x38, 0x4, 0xe7, 0x0,
    0x0, 0xd, 0x40, 0x5a, 0x3f, 0x60, 0x0, 0x0,
    0x9, 0xff, 0xf5, 0x0, 0x0, 0x0, 0x0, 0x0,
    0x0, 0x0,

    /* U+4E61 "乡" */
    0x0, 0x0, 0x3, 0x60, 0x0, 0x0, 0x0, 0x0,
    0x3e, 0x60, 0x0, 0x0, 0x0, 0x4, 0xe5, 0x0,
    0x16, 0x0, 0x0, 0x8d, 0x31, 0x25, 0xea, 0x0,
    0x9, 0xff, 0xed, 0xff, 0x60, 0x0, 0x1, 0x10,
    0x2c, 0xc2, 0x0, 0x30, 0x0, 0x18, 0xe6, 0x0,
    0x2, 0xf3, 0x18, 0xff, 0xbb, 0xde, 0xff, 0xa0,
    0xa, 0x76, 0x43, 0x21, 0x9d, 0x10, 0x0, 0x0,
    0x0, 0x1b, 0xd2, 0x0, 0x0, 0x0, 0x18, 0xf9,
    0x0, 0x0, 0x14, 0x8c, 0xfa, 0x30, 0x0, 0x0,
    0xbe, 0xa6, 0x10, 0x0, 0x0, 0x0, 0x0, 0x0,
    0x0, 0x0, 0x0, 0x0,

    /* U+4E73 "乳" */
    0x0, 0x13, 0x57, 0xa9, 0x0, 0x0, 0x0, 0xb,
    0xcb, 0xa8, 0x64, 0x1e, 0x0, 0x0, 0x5, 0x45,
    0x80, 0x7a, 0x1e, 0x0, 0x0, 0x3, 0xd1, 0xd0,
    0xe2, 0x1e, 0x0, 0x0, 0x0, 0xb2, 0x84, 0x80,
    0x1e, 0x0, 0x0, 0x8, 0xee, 0xee, 0xf5, 0x1e,
    0x0, 0x0, 0x0, 0x0, 0xb, 0xb0, 0x1e, 0x0,
    0x0, 0x0, 0x0, 0xc9, 0x0, 0x1e, 0x0, 0x0,
    0x2, 0x46, 0xf9, 0xbb, 0x1e, 0x0, 0x0, 0x4e,
    0xcb, 0xf7, 0x53, 0x1e, 0x0, 0x61, 0x0, 0x1,
    0xf0, 0x0, 0x1e, 0x0, 0xb3, 0x0, 0x1, 0xf0,
    0x0, 0x1f, 0x0, 0xd1, 0x0, 0x9e, 0xb0, 0x0,
    0xd, 0xff, 0xb0, 0x0, 0x0, 0x0, 0x0, 0x0,
    0x0, 0x0,

    /* U+4E86 "了" */
    0x6e, 0xee, 0xee, 0xee, 0xee, 0xf6, 0x12, 0x22,
    0x22, 0x22, 0x3d, 0xc1, 0x0, 0x0, 0x0, 0x2,
    0xda, 0x0, 0x0, 0x0, 0x0, 0x7e, 0x60, 0x0,
    0x0, 0x0, 0x4, 0xe2, 0x0, 0x0, 0x0, 0x0,
    0x4, 0xd0, 0x0, 0x0, 0x0, 0x0, 0x4, 0xd0,
    0x0, 0x0, 0x0, 0x0, 0x4, 0xd0, 0x0, 0x0,
    0x0, 0x0, 0x4, 0xd0, 0x0, 0x0, 0x0, 0x0,
    0x4, 0xd0, 0x0, 0x0, 0x0, 0x0, 0x5, 0xd0,
    0x0, 0x0, 0x0, 0xf, 0xff, 0x80, 0x0, 0x0,
    0x0, 0x0, 0x0, 0x0, 0x0, 0x0,

    /* U+4E8C "二" */
    0x0, 0xff, 0xff, 0xff, 0xff, 0xff, 0x0, 0x0,
    0x33, 0x33, 0x33, 0x33, 0x33, 0x0, 0x0, 0x0,
    0x0, 0x0, 0x0, 0x0, 0x0, 0x0, 0x0, 0x0,
    0x0, 0x0, 0x0, 0x0, 0x0, 0x0, 0x0, 0x0,
    0x0, 0x0, 0x0, 0x0, 0x0, 0x0, 0x0, 0x0,
    0x0, 0x0, 0x0, 0x0, 0x0, 0x0, 0x0, 0x0,
    0x0, 0x0, 0x0, 0x0, 0x0, 0x0, 0x0, 0x0,
    0x3, 0x33, 0x33, 0x33, 0x33, 0x33, 0x30, 0x3f,
    0xff, 0xff, 0xff, 0xff, 0xff, 0xf3,

    /* U+4E8E "于" */
    0x0, 0xff, 0xff, 0xff, 0xff, 0xff, 0x70, 0x0,
    0x11, 0x11, 0x4e, 0x11, 0x11, 0x0, 0x0, 0x0,
    0x0, 0x3e, 0x0, 0x0, 0x0, 0x0, 0x0, 0x0,
    0x3e, 0x0, 0x0, 0x0, 0x1, 0x11, 0x11, 0x4e,
    0x11, 0x11, 0x10, 0xf, 0xff, 0xff, 0xff, 0xff,
    0xff, 0xf7, 0x0, 0x0, 0x0, 0x3e, 0x0, 0x0,
    0x0, 0x0, 0x0, 0x0, 0x3e, 0x0, 0x0, 0x0,
    0x0, 0x0, 0x0, 0x3e, 0x0, 0x0, 0x0, 0x0,
    0x0, 0x0, 0x3e, 0x0, 0x0, 0x0, 0x0, 0x0,
    0x0, 0x4e, 0x0, 0x0, 0x0, 0x0, 0x0, 0xef,
    0xf8, 0x0, 0x0, 0x0, 0x0, 0x0, 0x0, 0x0,
    0x0, 0x0, 0x0,

    /* U+4E91 "云" */
    0x0, 0x9d, 0xdd, 0xdd, 0xdd, 0xda, 0x0, 0x0,
    0x23, 0x33, 0x33, 0x33, 0x32, 0x0, 0x0, 0x0,
    0x0, 0x0, 0x0, 0x0, 0x0, 0x0, 0x0, 0x0,
    0x0, 0x0, 0x0, 0x0, 0x3e, 0xee, 0xee, 0xee,
    0xee, 0xee, 0xe3, 0x2, 0x22, 0x4f, 0x82, 0x22,
    0x22, 0x20, 0x0, 0x0, 0x9d, 0x0, 0x6, 0x0,
    0x0, 0x0, 0x3, 0xf3, 0x0, 0xd, 0x70, 0x0,
    0x0, 0xd, 0x90, 0x0, 0x3, 0xf2, 0x0, 0x0,
    0x9c, 0x12, 0x35, 0x67, 0xdc, 0x0, 0x4, 0xff,
    0xfe, 0xdc, 0xa9, 0x8d, 0x70, 0x0, 0x42, 0x0,
    0x0, 0x0, 0x4, 0x80,

    /* U+4E94 "五" */
    0x1, 0x66, 0x66, 0x66, 0x66, 0x66, 0x10, 0x3,
    0xaa, 0xac, 0xfa, 0xaa, 0xaa, 0x20, 0x0, 0x0,
    0x6, 0xb0, 0x0, 0x0, 0x0, 0x0, 0x0, 0x9,
    0x80, 0x0, 0x0, 0x0, 0x0, 0x1, 0x1c, 0x71,
    0x11, 0x10, 0x0, 0x0, 0x8e, 0xef, 0xfe, 0xef,
    0xd0, 0x0, 0x0, 0x0, 0xf, 0x0, 0x5, 0xc0,
    0x0, 0x0, 0x0, 0x3e, 0x0, 0x6, 0xb0, 0x0,
    0x0, 0x0, 0x6b, 0x0, 0x8, 0x90, 0x0, 0x0,
    0x0, 0x98, 0x0, 0xa, 0x70, 0x0, 0x2b, 0xbb,
    0xed, 0xbb, 0xbe, 0xdb, 0xb2, 0x15, 0x55, 0x55,
    0x55, 0x55, 0x55, 0x51,

    /* U+4E9A "亚" */
    0xd, 0xff, 0xff, 0xff, 0xff, 0xff, 0xf1, 0x0,
    0x0, 0x3e, 0x0, 0xe3, 0x0, 0x0, 0x0, 0x0,
    0x3e, 0x0, 0xe3, 0x0, 0x0, 0x7, 0x60, 0x3e,
    0x0, 0xe3, 0x6, 0x80, 0x2, 0xe0, 0x3e, 0x0,
    0xe3, 0xc, 0x50, 0x0, 0xc5, 0x3e, 0x0, 0xe3,
    0x3d, 0x0, 0x0, 0x5c, 0x3e, 0x0, 0xe3, 0xb6,
    0x0, 0x0, 0xe, 0x4e, 0x0, 0xe5, 0xd0, 0x0,
    0x0, 0x0, 0x3e, 0x0, 0xe3, 0x0, 0x0, 0x0,
    0x0, 0x3e, 0x0, 0xe3, 0x0, 0x0, 0x2b, 0xbb,
    0xcf, 0xbb, 0xfc, 0xbb, 0xb4, 0x14, 0x44, 0x44,
    0x44, 0x44, 0x44, 0x42,

    /* U+4EA4 "交" */
    0x0, 0x0, 0x0, 0x0, 0x0, 0x0, 0x0, 0x0,
    0x0, 0x0, 0xd3, 0x0, 0x0, 0x0, 0x0, 0x0,
    0x0, 0x7a, 0x0, 0x0, 0x0, 0xf, 0xff, 0xff,
    0xff, 0xff, 0xff, 0xf0, 0x1, 0x11, 0x62, 0x11,
    0x16, 0x11, 0x10, 0x0, 0x7, 0xd1, 0x0, 0x1b,
    0xc1, 0x0, 0x0, 0xad, 0x10, 0x0, 0x0, 0x8e,
    0x20, 0xa, 0xa0, 0xc2, 0x0, 0x2e, 0x6, 0xd0,
    0x0, 0x0, 0x6b, 0x0, 0xb8, 0x0, 0x0, 0x0,
    0x0, 0xb, 0x86, 0xd0, 0x0, 0x0, 0x0, 0x0,
    0x1, 0xef, 0x20, 0x0, 0x0, 0x0, 0x0, 0x3c,
    0xcc, 0xc4, 0x0, 0x0, 0x2, 0x6c, 0xe6, 0x0,
    0x6e, 0xd8, 0x40, 0x1d, 0xa5, 0x0, 0x0, 0x0,
    0x49, 0xc1,

    /* U+4EA7 "产" */
    0x0, 0x0, 0x0, 0x74, 0x0, 0x0, 0x0, 0x0,
    0x0, 0x5, 0xe1, 0x0, 0x0, 0x3, 0xff, 0xff,
    0xff, 0xff, 0xff, 0xc0, 0x0, 0x1b, 0x0, 0x0,
    0x48, 0x0, 0x0, 0x0, 0xa8, 0x0, 0xc, 0x60,
    0x0, 0x14, 0x46, 0xa4, 0x46, 0xe4, 0x44, 0x4,
    0xfc, 0xcc, 0xcc, 0xcc, 0xcc, 0xc0, 0x4d, 0x0,
    0x0, 0x0, 0x0, 0x0, 0x4, 0xd0, 0x0, 0x0,
    0x0, 0x0, 0x0, 0x5c, 0x0, 0x0, 0x0, 0x0,
    0x0, 0x8, 0x90, 0x0, 0x0, 0x0, 0x0, 0x0,
    0xc6, 0x0, 0x0, 0x0, 0x0, 0x0, 0x1f, 0x10,
    0x0, 0x0, 0x0, 0x0, 0x0, 0x20, 0x0, 0x0,
    0x0, 0x0, 0x0,

    /* U+4EAC "京" */
    0x0, 0x0, 0x0, 0xb1, 0x0, 0x0, 0x0, 0x0,
    0x0, 0x0, 0x9a, 0x0, 0x0, 0x0, 0x1f, 0xff,
    0xff, 0xff, 0xff, 0xff, 0xf2, 0x0, 0x0, 0x0,
    0x0, 0x0, 0x0, 0x0, 0x0, 0x5e, 0xee, 0xee,
    0xee, 0xe7, 0x0, 0x0, 0x6a, 0x0, 0x0, 0x0,
    0x98, 0x0, 0x0, 0x6a, 0x0, 0x0, 0x0, 0x98,
    0x0, 0x0, 0x6d, 0x99, 0x99, 0x99, 0xd8, 0x0,
    0x0, 0x25, 0x55, 0xac, 0x55, 0x52, 0x0, 0x0,
    0xa, 0x10, 0x89, 0x2, 0xa0, 0x0, 0x0, 0xb9,
    0x0, 0x89, 0x0, 0x9b, 0x0, 0xb, 0xa0, 0x0,
    0x89, 0x0, 0xb, 0xa0, 0x5, 0x0, 0xbf, 0xe6,
    0x0, 0x0, 0x50, 0x0, 0x0, 0x0, 0x0, 0x0,
    0x0, 0x0,

    /* U+4EAE "亮" */
    0x0, 0x0, 0x0, 0x85, 0x0, 0x0, 0x0, 0x17,
    0x77, 0x77, 0xae, 0x77, 0x77, 0x70, 0x17, 0x77,
    0x77, 0x77, 0x77, 0x77, 0x70, 0x0, 0x2c, 0xcc,
    0xcc, 0xcc, 0xc3, 0x0, 0x0, 0x3e, 0x0, 0x0,
    0x0, 0xd4, 0x0, 0x0, 0x2f, 0xcc, 0xcc, 0xcc,
    0xe4, 0x0, 0x0, 0x0, 0x0, 0x0, 0x0, 0x0,
    0x0, 0xe, 0xdd, 0xdd, 0xdd, 0xdd, 0xdd, 0xe0,
    0xe, 0x10, 0x22, 0x22, 0x32, 0x2, 0xe0, 0x4,
    0x0, 0xcc, 0xcc, 0xdb, 0x0, 0x40, 0x0, 0x0,
    0xf1, 0x0, 0x6b, 0x0, 0x20, 0x0, 0x1b, 0xa0,
    0x0, 0x6b, 0x0, 0xe0, 0xb, 0xe8, 0x0, 0x0,
    0x3e, 0xee, 0xb0, 0x1, 0x0, 0x0, 0x0, 0x0,
    0x0, 0x0,

    /* U+4EBA "人" */
    0x0, 0x0, 0x0, 0xb7, 0x0, 0x0, 0x0, 0x0,
    0x0, 0x0, 0xc6, 0x0, 0x0, 0x0, 0x0, 0x0,
    0x0, 0xd7, 0x0, 0x0, 0x0, 0x0, 0x0, 0x0,
    0xf9, 0x0, 0x0, 0x0, 0x0, 0x0, 0x2, 0xfd,
    0x0, 0x0, 0x0, 0x0, 0x0, 0x6, 0xce, 0x10,
    0x0, 0x0, 0x0, 0x0, 0xc, 0x79, 0x70, 0x0,
    0x0, 0x0, 0x0, 0x2f, 0x13, 0xe0, 0x0, 0x0,
    0x0, 0x0, 0xb9, 0x0, 0xb8, 0x0, 0x0, 0x0,
    0x7, 0xe1, 0x0, 0x2f, 0x40, 0x0, 0x0, 0x6f,
    0x30, 0x0, 0x5, 0xf5, 0x0, 0x1a, 0xf4, 0x0,
    0x0, 0x0, 0x5f, 0x91, 0x19, 0x10, 0x0, 0x0,
    0x0, 0x2, 0x80,

    /* U+4EBF "亿" */
    0x0, 0x0, 0x50, 0x0, 0x0, 0x0, 0x0, 0x0,
    0x6, 0xb0, 0x11, 0x11, 0x11, 0x0, 0x0, 0xd,
    0x36, 0xee, 0xee, 0xef, 0xa0, 0x0, 0x7d, 0x0,
    0x0, 0x0, 0x9c, 0x0, 0x2, 0xfc, 0x0, 0x0,
    0x7, 0xd1, 0x0, 0x1d, 0xac, 0x0, 0x0, 0x5d,
    0x10, 0x0, 0x8, 0x3c, 0x0, 0x3, 0xe2, 0x0,
    0x0, 0x0, 0x3c, 0x0, 0x1e, 0x30, 0x0, 0x0,
    0x0, 0x3c, 0x0, 0xc6, 0x0, 0x0, 0x30, 0x0,
    0x3c, 0x6, 0xa0, 0x0, 0x0, 0xb3, 0x0, 0x3c,
    0xb, 0x50, 0x0, 0x0, 0xe1, 0x0, 0x3c, 0x7,
    0xfc, 0xcb, 0xbc, 0xc0, 0x0, 0x3c, 0x0, 0x14,
    0x44, 0x43, 0x0,

    /* U+4EC0 "什" */
    0x0, 0x0, 0x0, 0x0, 0x0, 0x0, 0x0, 0x0,
    0x0, 0xd3, 0x0, 0x2e, 0x0, 0x0, 0x0, 0x4,
    0xd0, 0x0, 0x2e, 0x0, 0x0, 0x0, 0xd, 0x50,
    0x0, 0x2e, 0x0, 0x0, 0x0, 0x6f, 0x0, 0x0,
    0x2e, 0x0, 0x0, 0x2, 0xfe, 0x0, 0x0, 0x2e,
    0x0, 0x0, 0x1d, 0xae, 0x1f, 0xff, 0xff, 0xff,
    0xfa, 0x9, 0x2e, 0x1, 0x11, 0x4f, 0x11, 0x11,
    0x0, 0x2e, 0x0, 0x0, 0x2e, 0x0, 0x0, 0x0,
    0x2e, 0x0, 0x0, 0x2e, 0x0, 0x0, 0x0, 0x2e,
    0x0, 0x0, 0x2e, 0x0, 0x0, 0x0, 0x2e, 0x0,
    0x0, 0x2e, 0x0, 0x0, 0x0, 0x2e, 0x0, 0x0,
    0x2e, 0x0, 0x0, 0x0, 0x2e, 0x0, 0x0, 0x2e,
    0x0, 0x0, 0x0, 0x0, 0x0, 0x0, 0x0, 0x0,
    0x0,

    /* U+4EC1 "仁" */
    0x0, 0x0, 0x51, 0x0, 0x0, 0x0, 0x0, 0x0,
    0x1, 0xf1, 0x0, 0x0, 0x0, 0x0, 0x0, 0x9,
    0x90, 0x22, 0x22, 0x22, 0x20, 0x0, 0x3f, 0x14,
    0xff, 0xff, 0xff, 0xe0, 0x0, 0xde, 0x0, 0x0,
    0x0, 0x0, 0x0, 0xb, 0xee, 0x0, 0x0, 0x0,
    0x0, 0x0, 0x1c, 0x4e, 0x0, 0x0, 0x0, 0x0,
    0x0, 0x0, 0x2e, 0x0, 0x0, 0x0, 0x0, 0x0,
    0x0, 0x2e, 0x0, 0x0, 0x0, 0x0, 0x0, 0x0,
    0x2e, 0x0, 0x0, 0x0, 0x0, 0x0, 0x0, 0x2e,
    0x0, 0x0, 0x0, 0x0, 0x0, 0x0, 0x2e, 0x2f,
    0xff, 0xff, 0xff, 0xf9, 0x0, 0x2e, 0x1, 0x11,
    0x11, 0x11, 0x10,

    /* U+4ECA "今" */
    0x0, 0x0, 0x0, 0x69, 0x0, 0x0, 0x0, 0x0,
    0x0, 0x4, 0xfe, 0x40, 0x0, 0x0, 0x0, 0x0,
    0x4f, 0x53, 0xe5, 0x0, 0x0, 0x0, 0x7, 0xf5,
    0x0, 0x3e, 0x90, 0x0, 0x3, 0xcd, 0x23, 0xd3,
    0x1, 0xbd, 0x50, 0x3f, 0x80, 0x0, 0x4e, 0x50,
    0x6, 0xe3, 0x0, 0x0, 0x0, 0x3, 0x60, 0x0,
    0x0, 0x0, 0xbf, 0xff, 0xff, 0xff, 0xfb, 0x0,
    0x0, 0x11, 0x11, 0x11, 0x15, 0xf3, 0x0, 0x0,
    0x0, 0x0, 0x0, 0x1e, 0x60, 0x0, 0x0, 0x0,
    0x0, 0x0, 0xc9, 0x0, 0x0, 0x0, 0x0, 0x0,
    0x9, 0xc0, 0x0, 0x0, 0x0, 0x0, 0x0, 0x3d,
    0x10, 0x0, 0x0, 0x0, 0x0, 0x0, 0x0, 0x0,
    0x0, 0x0,

    /* U+4ED3 "仓" */
    0x0, 0x0, 0x0, 0x3b, 0x0, 0x0, 0x0, 0x0,
    0x0, 0x1, 0xde, 0x40, 0x0, 0x0, 0x0, 0x0,
    0x1c, 0x93, 0xe4, 0x0, 0x0, 0x0, 0x3, 0xd9,
    0x0, 0x3e, 0x80, 0x0, 0x0, 0x7f, 0x70, 0x0,
    0x1, 0xbd, 0x50, 0x1e, 0xcb, 0xff, 0xff, 0xff,
    0xb6, 0xe5, 0x3, 0x9, 0x81, 0x11, 0x16, 0xb0,
    0x0, 0x0, 0x9, 0x80, 0x0, 0x6, 0xa0, 0x0,
    0x0, 0x9, 0x80, 0x1, 0x9, 0x80, 0x0, 0x0,
    0x9, 0x80, 0x9, 0xdc, 0x22, 0x0, 0x0, 0x9,
    0x80, 0x0, 0x0, 0xe, 0x20, 0x0, 0x8, 0xa0,
    0x0, 0x0, 0x3f, 0x0, 0x0, 0x3, 0xdf, 0xff,
    0xff, 0xf7, 0x0,

    /* U+4EE5 "以" */
    0x0, 0x0, 0x0, 0x0, 0x0, 0x0, 0x0, 0x71,
    0x1, 0x0, 0x0, 0xb6, 0x0, 0xe, 0x30, 0xb7,
    0x0, 0xc, 0x40, 0x0, 0xe3, 0x2, 0xe2, 0x0,
    0xe3, 0x0, 0xe, 0x30, 0x7, 0xb0, 0xf, 0x10,
    0x0, 0xe3, 0x0, 0x4, 0x2, 0xe0, 0x0, 0xe,
    0x30, 0x0, 0x0, 0x6b, 0x0, 0x0, 0xe3, 0x0,
    0x0, 0xa, 0x70, 0x0, 0xe, 0x30, 0x34, 0x1,
    0xf2, 0x0, 0x0, 0xe7, 0xcd, 0x40, 0x9f, 0x70,
    0x0, 0x3f, 0xe6, 0x0, 0x6e, 0x3e, 0x60, 0x6,
    0x70, 0x0, 0x8f, 0x30, 0x2e, 0x50, 0x0, 0x1,
    0xec, 0x20, 0x0, 0x4e, 0x0, 0x0, 0x3, 0x0,
    0x0, 0x0, 0x10,

    /* U+4EFB "任" */
    0x0, 0x0, 0xa4, 0x0, 0x0, 0x4, 0x60, 0x0,
    0x3, 0xf3, 0x46, 0x9c, 0xfc, 0x81, 0x0, 0xc,
    0x78, 0xa8, 0x8f, 0x0, 0x0, 0x0, 0x7f, 0x0,
    0x0, 0x2e, 0x0, 0x0, 0x4, 0xfd, 0x0, 0x0,
    0x2e, 0x0, 0x0, 0x3f, 0x9d, 0x0, 0x0, 0x2e,
    0x0, 0x0, 0x17, 0x2d, 0x4f, 0xff, 0xff, 0xff,
    0xfd, 0x0, 0x2d, 0x0, 0x0, 0x3e, 0x0, 0x0,
    0x0, 0x2d, 0x0, 0x0, 0x2e, 0x0, 0x0, 0x0,
    0x2d, 0x0, 0x0, 0x2e, 0x0, 0x0, 0x0, 0x2d,
    0x0, 0x0, 0x2e, 0x0, 0x0, 0x0, 0x2d, 0x5,
    0x77, 0x8f, 0x77, 0x74, 0x0, 0x2d, 0x7, 0x99,
    0x99, 0x99, 0x96,

    /* U+4EFD "份" */
    0x0, 0x7, 0x20, 0x13, 0x3, 0x20, 0x0, 0x0,
    0x1f, 0x10, 0x79, 0x6, 0x90, 0x0, 0x0, 0x7a,
    0x0, 0xd3, 0x2, 0xe0, 0x0, 0x1, 0xe3, 0x5,
    0xc0, 0x0, 0xb7, 0x0, 0xa, 0xf2, 0x1e, 0x40,
    0x0, 0x3f, 0x30, 0x6e, 0xf2, 0xdb, 0x44, 0x44,
    0x49, 0xe1, 0x43, 0xe2, 0x68, 0xbf, 0xbb, 0xda,
    0x40, 0x0, 0xe2, 0x0, 0xf, 0x0, 0x69, 0x0,
    0x0, 0xe2, 0x0, 0x3c, 0x0, 0x78, 0x0, 0x0,
    0xe2, 0x0, 0x87, 0x0, 0x97, 0x0, 0x0, 0xe2,
    0x1, 0xe1, 0x0, 0xb6, 0x0, 0x0, 0xe2, 0x1c,
    0x60, 0x0, 0xe3, 0x0, 0x0, 0xe2, 0x97, 0x0,
    0xcf, 0xc0, 0x0, 0x0, 0x0, 0x0, 0x0, 0x0,
    0x0, 0x0,

    /* U+4F11 "休" */
    0x0, 0x0, 0x0, 0x0, 0x0, 0x0, 0x0, 0x0,
    0x1, 0xe0, 0x0, 0xc4, 0x0, 0x0, 0x0, 0x7,
    0xa0, 0x0, 0xc4, 0x0, 0x0, 0x0, 0xe, 0x30,
    0x0, 0xc4, 0x0, 0x0, 0x0, 0x8d, 0x1, 0x11,
    0xc5, 0x11, 0x10, 0x3, 0xfd, 0xaf, 0xff, 0xff,
    0xff, 0xf5, 0x2e, 0xad, 0x0, 0x8, 0xff, 0x20,
    0x0, 0x2a, 0x3d, 0x0, 0xe, 0xda, 0xa0, 0x0,
    0x0, 0x3d, 0x0, 0x88, 0xc4, 0xd3, 0x0, 0x0,
    0x3d, 0x3, 0xd0, 0xc4, 0x5d, 0x0, 0x0, 0x3d,
    0x1d, 0x40, 0xc4, 0xa, 0xb0, 0x0, 0x3d, 0xc6,
    0x0, 0xc4, 0x0, 0xc6, 0x0, 0x3d, 0x10, 0x0,
    0xc4, 0x0, 0x0, 0x0, 0x3c, 0x0, 0x0, 0xc4,
    0x0, 0x0,

    /* U+4F17 "众" */
    0x0, 0x0, 0x0, 0x48, 0x0, 0x0, 0x0, 0x0,
    0x0, 0x0, 0xdc, 0x0, 0x0, 0x0, 0x0, 0x0,
    0xb, 0xa9, 0xa0, 0x0, 0x0, 0x0, 0x2, 0xcb,
    0x0, 0xac, 0x20, 0x0, 0x1, 0x8f, 0x80, 0x0,
    0x7, 0xf8, 0x20, 0x1e, 0xb5, 0x90, 0x0, 0x19,
    0x2a, 0xf2, 0x1, 0x5, 0xc0, 0x0, 0x3d, 0x0,
    0x0, 0x0, 0x8, 0xa0, 0x0, 0x6d, 0x0, 0x0,
    0x0, 0xc, 0xe9, 0x0, 0xaf, 0x30, 0x0, 0x0,
    0x2e, 0x1b, 0xa1, 0xf8, 0xb0, 0x0, 0x0, 0xa8,
    0x0, 0x88, 0xa0, 0xd6, 0x0, 0x6, 0xe0, 0x0,
    0x3f, 0x20, 0x3f, 0x70, 0x1c, 0x30, 0x0, 0xd5,
    0x0, 0x3, 0xb0, 0x0, 0x0, 0x0, 0x0, 0x0,
    0x0, 0x0,

    /* U+4F1F "伟" */
    0x0, 0x7, 0x50, 0x1, 0xe0, 0x0, 0x0, 0x0,
    0xe, 0x20, 0x1, 0xe0, 0x0, 0x0, 0x0, 0x7b,
    0x7f, 0xff, 0xff, 0xff, 0xa0, 0x1, 0xe4, 0x0,
    0x2, 0xe0, 0x0, 0x0, 0xa, 0xf3, 0x2, 0x23,
    0xf2, 0x22, 0x0, 0x6e, 0xe3, 0x2d, 0xdd, 0xfd,
    0xdd, 0x30, 0x33, 0xd3, 0x0, 0x1, 0xe0, 0x0,
    0x0, 0x0, 0xd3, 0xef, 0xff, 0xff, 0xff, 0xf0,
    0x0, 0xd3, 0x0, 0x2, 0xe0, 0x1, 0xe0, 0x0,
    0xd3, 0x0, 0x1, 0xe0, 0x2, 0xd0, 0x0, 0xd3,
    0x0, 0x1, 0xe0, 0x4, 0xb0, 0x0, 0xd3, 0x0,
    0x1, 0xe0, 0x9e, 0x50, 0x0, 0xd3, 0x0, 0x1,
    0xe0, 0x0, 0x0, 0x0, 0x0, 0x0, 0x0, 0x0,
    0x0, 0x0,

    /* U+4F20 "传" */
    0x0, 0x4, 0x30, 0x1, 0x70, 0x0, 0x0, 0x0,
    0xe, 0x40, 0x5, 0xc0, 0x0, 0x0, 0x0, 0x6c,
    0x3f, 0xff, 0xff, 0xff, 0x80, 0x1, 0xe4, 0x0,
    0xd, 0x30, 0x0, 0x0, 0xb, 0xf1, 0x44, 0x5f,
    0x44, 0x44, 0x40, 0x9d, 0xf2, 0xbb, 0xee, 0xbb,
    0xbb, 0xb2, 0x61, 0xe1, 0x0, 0xc5, 0x0, 0x0,
    0x0, 0x0, 0xe1, 0x1, 0xff, 0xff, 0xff, 0x30,
    0x0, 0xe1, 0x0, 0x0, 0x1, 0xb9, 0x0, 0x0,
    0xe1, 0x0, 0x4, 0x9, 0xa0, 0x0, 0x0, 0xe1,
    0x0, 0x2c, 0xdc, 0x0, 0x0, 0x0, 0xe1, 0x0,
    0x0, 0x8e, 0x30, 0x0, 0x0, 0xe1, 0x0, 0x0,
    0x6, 0x90, 0x0, 0x0, 0x0, 0x0, 0x0, 0x0,
    0x0, 0x0,

    /* U+4F26 "伦" */
    0x0, 0x4, 0x30, 0x0, 0x74, 0x0, 0x0, 0x0,
    0xd, 0x40, 0x3, 0xf8, 0x0, 0x0, 0x0, 0x5d,
    0x0, 0x1d, 0x7d, 0x40, 0x0, 0x0, 0xd5, 0x0,
    0xc9, 0x2, 0xe4, 0x0, 0x8, 0xf1, 0x2d, 0xa0,
    0x0, 0x3e, 0x60, 0x5f, 0xf4, 0xf9, 0x60, 0x0,
    0x2, 0xd6, 0x65, 0xe1, 0x22, 0xe0, 0x0, 0x65,
    0x0, 0x0, 0xe1, 0x2, 0xe0, 0x4d, 0xd4, 0x0,
    0x0, 0xe1, 0x2, 0xfc, 0xd5, 0x0, 0x0, 0x0,
    0xe1, 0x2, 0xf4, 0x0, 0x0, 0x0, 0x0, 0xe1,
    0x2, 0xe0, 0x0, 0x2, 0x70, 0x0, 0xe1, 0x2,
    0xe0, 0x0, 0x5, 0xa0, 0x0, 0xe1, 0x0, 0xcf,
    0xff, 0xfe, 0x40,

    /* U+4F46 "但" */
    0x0, 0x7, 0x60, 0x0, 0x0, 0x0, 0x0, 0x0,
    0xe, 0x3b, 0xff, 0xff, 0xff, 0x10, 0x0, 0x6c,
    0xb, 0x60, 0x0, 0x1f, 0x10, 0x1, 0xe5, 0xb,
    0x50, 0x0, 0xf, 0x10, 0xa, 0xf3, 0xb, 0x50,
    0x0, 0xf, 0x10, 0x7e, 0xe3, 0xb, 0xff, 0xff,
    0xff, 0x10, 0x73, 0xd3, 0xb, 0x50, 0x0, 0xf,
    0x10, 0x0, 0xd3, 0xb, 0x50, 0x0, 0xf, 0x10,
    0x0, 0xd3, 0xb, 0x60, 0x0, 0x1f, 0x10, 0x0,
    0xd3, 0xb, 0xff, 0xff, 0xff, 0x10, 0x0, 0xd3,
    0x0, 0x0, 0x0, 0x0, 0x0, 0x0, 0xd3, 0x33,
    0x33, 0x33, 0x33, 0x31, 0x0, 0xd3, 0xbc, 0xcc,
    0xcc, 0xcc, 0xc3,

    /* U+4F4D "位" */
    0x0, 0x0, 0x60, 0x0, 0x63, 0x0, 0x0, 0x0,
    0x3, 0xe0, 0x0, 0x7a, 0x0, 0x0, 0x0, 0xb,
    0x60, 0x11, 0x49, 0x11, 0x10, 0x0, 0x4e, 0x9,
    0xff, 0xff, 0xff, 0xf0, 0x1, 0xec, 0x0, 0x0,
    0x0, 0x3, 0x0, 0xb, 0xdc, 0x0, 0x96, 0x0,
    0xf, 0x0, 0xb, 0x5c, 0x0, 0x6a, 0x0, 0x3d,
    0x0, 0x0, 0x4c, 0x0, 0x3d, 0x0, 0x6a, 0x0,
    0x0, 0x4c, 0x0, 0x1f, 0x0, 0x87, 0x0, 0x0,
    0x4c, 0x0, 0xe, 0x20, 0xc3, 0x0, 0x0, 0x4c,
    0x0, 0xc, 0x30, 0xf0, 0x0, 0x0, 0x4c, 0x4,
    0x44, 0x46, 0xd4, 0x42, 0x0, 0x4c, 0x2c, 0xcc,
    0xcc, 0xcc, 0xc7,

    /* U+4F53 "体" */
    0x0, 0xb, 0x20, 0x0, 0xf0, 0x0, 0x0, 0x0,
    0x2e, 0x0, 0x0, 0xf0, 0x0, 0x0, 0x0, 0x98,
    0x0, 0x0, 0xf0, 0x0, 0x0, 0x2, 0xf2, 0xff,
    0xff, 0xff, 0xff, 0xf3, 0xb, 0xf1, 0x11, 0x1d,
    0xfd, 0x11, 0x10, 0x6e, 0xf1, 0x0, 0x3b, 0xfb,
    0x40, 0x0, 0x64, 0xe1, 0x0, 0xb4, 0xf4, 0xb0,
    0x0, 0x0, 0xe1, 0x4, 0xc0, 0xf0, 0xc4, 0x0,
    0x0, 0xe1, 0x1e, 0x30, 0xf0, 0x3e, 0x0, 0x0,
    0xe1, 0xba, 0x34, 0xf3, 0x3a, 0xb0, 0x0, 0xe5,
    0xb4, 0xbb, 0xfb, 0xb3, 0xb2, 0x0, 0xe1, 0x0,
    0x0, 0xf0, 0x0, 0x0, 0x0, 0xe1, 0x0, 0x0,
    0xf0, 0x0, 0x0,

    /* U+4F59 "余" */
    0x0, 0x0, 0x0, 0x29, 0x0, 0x0, 0x0, 0x0,
    0x0, 0x1, 0xdd, 0x60, 0x0, 0x0, 0x0, 0x0,
    0x3d, 0x51, 0xc8, 0x0, 0x0, 0x0, 0x8, 0xd3,
    0x0, 0xa, 0xd4, 0x0, 0x6, 0xec, 0x76, 0x66,
    0x66, 0xad, 0xc4, 0x1b, 0x33, 0x88, 0xae, 0x88,
    0x70, 0x65, 0x0, 0x0, 0x0, 0x4d, 0x0, 0x0,
    0x0, 0x6, 0xff, 0xff, 0xff, 0xff, 0xff, 0xf0,
    0x0, 0x0, 0x0, 0x4d, 0x0, 0x10, 0x0, 0x0,
    0x6, 0xb0, 0x4d, 0x6, 0xc1, 0x0, 0x0, 0x6e,
    0x20, 0x4d, 0x0, 0x8d, 0x10, 0x8, 0xe2, 0x0,
    0x4d, 0x0, 0x8, 0xd0, 0x3, 0x10, 0x3f, 0xf8,
    0x0, 0x0, 0x30, 0x0, 0x0, 0x0, 0x0, 0x0,
    0x0, 0x0,

    /* U+4F5B "佛" */
    0x0, 0x0, 0x0, 0x0, 0x0, 0x0, 0x0, 0x0,
    0x8, 0x80, 0x2c, 0xd, 0x10, 0x0, 0x0, 0xe,
    0x30, 0x2c, 0xd, 0x10, 0x0, 0x0, 0x7b, 0x8e,
    0xef, 0xef, 0xee, 0xc0, 0x2, 0xf4, 0x0, 0x2c,
    0xd, 0x11, 0xe0, 0xc, 0xf1, 0x0, 0x2c, 0xd,
    0x11, 0xe0, 0x9d, 0xf1, 0x5f, 0xff, 0xef, 0xfe,
    0xe0, 0x82, 0xe1, 0x86, 0x2c, 0xd, 0x10, 0x0,
    0x0, 0xe1, 0xb4, 0x3c, 0xd, 0x10, 0x0, 0x0,
    0xe1, 0xee, 0xff, 0xef, 0xee, 0xf4, 0x0, 0xe1,
    0x0, 0x97, 0xd, 0x10, 0xb3, 0x0, 0xe1, 0x1,
    0xe1, 0xd, 0x10, 0xd2, 0x0, 0xe1, 0x1c, 0x70,
    0xd, 0x5d, 0xc0, 0x0, 0xe1, 0xc7, 0x0, 0xd,
    0x10, 0x0, 0x0, 0x0, 0x0, 0x0, 0x0, 0x0,
    0x0,

    /* U+4F5C "作" */
    0x0, 0x0, 0x71, 0x2, 0x40, 0x0, 0x0, 0x0,
    0x3, 0xe0, 0xa, 0x80, 0x0, 0x0, 0x0, 0xb,
    0x70, 0x1f, 0x65, 0x55, 0x54, 0x0, 0x4e, 0x0,
    0x9d, 0xdd, 0xbb, 0xba, 0x1, 0xec, 0x3, 0xe1,
    0x88, 0x0, 0x0, 0xb, 0xec, 0x1e, 0x50, 0x8a,
    0x22, 0x21, 0x1c, 0x5c, 0x16, 0x0, 0x8e, 0xcc,
    0xc7, 0x0, 0x4c, 0x0, 0x0, 0x88, 0x0, 0x0,
    0x0, 0x4c, 0x0, 0x0, 0x89, 0x11, 0x10, 0x0,
    0x4c, 0x0, 0x0, 0x8f, 0xee, 0xeb, 0x0, 0x4c,
    0x0, 0x0, 0x88, 0x0, 0x0, 0x0, 0x4c, 0x0,
    0x0, 0x88, 0x0, 0x0, 0x0, 0x4c, 0x0, 0x0,
    0x88, 0x0, 0x0,

    /* U+4F73 "佳" */
    0x0, 0x9, 0x40, 0x0, 0xe2, 0x0, 0x0, 0x0,
    0x1f, 0x10, 0x0, 0xe2, 0x0, 0x0, 0x0, 0x89,
    0xe, 0xff, 0xff, 0xff, 0x40, 0x1, 0xf3, 0x0,
    0x0, 0xe3, 0x0, 0x0, 0xb, 0xf2, 0x0, 0x0,
    0xe2, 0x0, 0x0, 0x7d, 0xe2, 0x9f, 0xff, 0xff,
    0xff, 0xd0, 0x32, 0xe2, 0x1, 0x11, 0x92, 0x11,
    0x10, 0x0, 0xe2, 0x0, 0x0, 0xe2, 0x0, 0x0,
    0x0, 0xe2, 0x3f, 0xff, 0xff, 0xff, 0x80, 0x0,
    0xe2, 0x0, 0x0, 0xe3, 0x0, 0x0, 0x0, 0xe2,
    0x0, 0x0, 0xe2, 0x0, 0x0, 0x0, 0xe3, 0xaa,
    0xaa, 0xfb, 0xaa, 0xa2, 0x0, 0xe3, 0x66, 0x66,
    0x66, 0x66, 0x61,

    /* U+4F7F "使" */
    0x0, 0x6, 0x90, 0x0, 0xe1, 0x0, 0x0, 0x0,
    0xd, 0x50, 0x0, 0xe2, 0x0, 0x0, 0x0, 0x7c,
    0xce, 0xee, 0xff, 0xee, 0xe2, 0x2, 0xf4, 0x0,
    0x0, 0xe1, 0x0, 0x0, 0xc, 0xf3, 0x1e, 0xee,
    0xfe, 0xee, 0xd0, 0xac, 0xd3, 0x1e, 0x0, 0xe1,
    0x1, 0xe0, 0x51, 0xc3, 0x1e, 0x0, 0xe1, 0x1,
    0xe0, 0x0, 0xc3, 0x1f, 0xee, 0xfe, 0xee, 0xe0,
    0x0, 0xc3, 0x8, 0x2, 0xe0, 0x0, 0x0, 0x0,
    0xc3, 0x6, 0xb8, 0x90, 0x0, 0x0, 0x0, 0xc3,
    0x0, 0x9f, 0x60, 0x0, 0x0, 0x0, 0xc3, 0x18,
    0xe6, 0xbd, 0x73, 0x10, 0x0, 0xc4, 0xc9, 0x10,
    0x2, 0x7b, 0xe1,

    /* U+4F8B "例" */
    0x0, 0x2a, 0x0, 0x0, 0x0, 0x1, 0xf0, 0x7,
    0x8d, 0xff, 0xff, 0x0, 0x1f, 0x0, 0xd3, 0x7,
    0x90, 0x5, 0x91, 0xf0, 0x4f, 0x0, 0xa5, 0x0,
    0x59, 0x1f, 0xc, 0xf0, 0xf, 0xee, 0x95, 0x91,
    0xf5, 0xdf, 0x4, 0xc1, 0x79, 0x59, 0x1f, 0x23,
    0xf0, 0xb5, 0x9, 0x65, 0x91, 0xf0, 0xf, 0x4d,
    0x71, 0xd2, 0x59, 0x1f, 0x0, 0xf0, 0x26, 0xed,
    0x5, 0x91, 0xf0, 0xf, 0x0, 0xb, 0x70, 0x47,
    0x1f, 0x0, 0xf0, 0x3, 0xe0, 0x0, 0x1, 0xf0,
    0xf, 0x2, 0xe4, 0x0, 0x0, 0x1e, 0x0, 0xf0,
    0xb6, 0x0, 0x0, 0xff, 0x90, 0x1, 0x0, 0x0,
    0x0, 0x0, 0x0,

    /* U+4F9B "供" */
    0x0, 0x0, 0x0, 0x0, 0x0, 0x0, 0x0, 0x0,
    0xd, 0x20, 0xe1, 0x0, 0xf1, 0x0, 0x0, 0x4d,
    0x0, 0xe1, 0x0, 0xf1, 0x0, 0x0, 0xb6, 0x0,
    0xe1, 0x0, 0xf1, 0x0, 0x4, 0xf1, 0xaf, 0xff,
    0xff, 0xff, 0xf1, 0x1e, 0xf1, 0x1, 0xe2, 0x11,
    0xf2, 0x10, 0xaa, 0xe1, 0x0, 0xe1, 0x0, 0xf1,
    0x0, 0x40, 0xe1, 0x0, 0xe1, 0x0, 0xf1, 0x0,
    0x0, 0xe2, 0x88, 0xf9, 0x88, 0xf9, 0x82, 0x0,
    0xe2, 0x88, 0x88, 0x88, 0x88, 0x82, 0x0, 0xe1,
    0x0, 0x72, 0x0, 0x70, 0x0, 0x0, 0xe1, 0x6,
    0xd0, 0x0, 0x9a, 0x0, 0x0, 0xe1, 0x4e, 0x20,
    0x0, 0xc, 0x70, 0x0, 0xe2, 0xb3, 0x0, 0x0,
    0x2, 0xc0, 0x0, 0x0, 0x0, 0x0, 0x0, 0x0,
    0x0,

    /* U+4F9D "依" */
    0x0, 0x5, 0x30, 0x2, 0x50, 0x0, 0x0, 0x0,
    0xe, 0x30, 0x1, 0xe1, 0x0, 0x0, 0x0, 0x6c,
    0x0, 0x0, 0x94, 0x0, 0x0, 0x0, 0xe4, 0xff,
    0xff, 0xff, 0xff, 0xf0, 0x9, 0xf1, 0x0, 0x1e,
    0xd0, 0x0, 0x0, 0x5e, 0xf1, 0x0, 0xc8, 0xe1,
    0x1, 0x80, 0x44, 0xe1, 0x1b, 0xc0, 0x87, 0x1d,
    0x80, 0x0, 0xe5, 0xdd, 0xa0, 0x2e, 0xd5, 0x0,
    0x0, 0xe7, 0x66, 0xa0, 0xb, 0x70, 0x0, 0x0,
    0xe1, 0x6, 0xa0, 0x3, 0xe1, 0x0, 0x0, 0xe1,
    0x6, 0xa0, 0x20, 0x8c, 0x10, 0x0, 0xe1, 0x8,
    0xdd, 0xc2, 0xa, 0xd2, 0x0, 0xe1, 0xc, 0x82,
    0x0, 0x0, 0x60, 0x0, 0x0, 0x0, 0x0, 0x0,
    0x0, 0x0,

    /* U+4FDD "保" */
    0x0, 0x4, 0x30, 0x0, 0x0, 0x0, 0x0, 0x0,
    0xd, 0x3e, 0xff, 0xff, 0xff, 0x20, 0x0, 0x6c,
    0xe, 0x10, 0x0, 0xe, 0x20, 0x1, 0xe4, 0xe,
    0x10, 0x0, 0xe, 0x20, 0xb, 0xf3, 0xe, 0xa9,
    0x99, 0x9f, 0x20, 0x8d, 0xd3, 0x5, 0x55, 0xf7,
    0x55, 0x0, 0x61, 0xc3, 0x0, 0x0, 0xe2, 0x0,
    0x0, 0x0, 0xc3, 0xee, 0xee, 0xff, 0xee, 0xe0,
    0x0, 0xc3, 0x0, 0x1d, 0xfe, 0x20, 0x0, 0x0,
    0xc3, 0x0, 0xa8, 0xe6, 0xc0, 0x0, 0x0, 0xc3,
    0xb, 0xa0, 0xe2, 0x8c, 0x10, 0x0, 0xc5, 0xd9,
    0x0, 0xe2, 0x8, 0xe2, 0x0, 0xc3, 0x20, 0x0,
    0xe2, 0x0, 0x30,

    /* U+5012 "倒" */
    0x0, 0x3, 0x0, 0x0, 0x0, 0x0, 0x0, 0x3,
    0xc8, 0x88, 0x88, 0x24, 0x1e, 0x0, 0x97, 0x5c,
    0x95, 0x53, 0xc1, 0xe0, 0x1f, 0x1, 0xe0, 0x93,
    0x2c, 0x1e, 0x9, 0xf0, 0xa9, 0x6a, 0xd3, 0xc1,
    0xe4, 0xef, 0xc, 0x86, 0x49, 0x7c, 0x1e, 0x84,
    0xf0, 0x2, 0xd0, 0x2, 0xc1, 0xe0, 0xf, 0x5,
    0x7e, 0x55, 0x3c, 0x1e, 0x0, 0xf1, 0xab, 0xfa,
    0xa3, 0xc1, 0xe0, 0xf, 0x0, 0x2d, 0x0, 0x2a,
    0x1e, 0x0, 0xf0, 0x4, 0xe8, 0xb3, 0x1, 0xe0,
    0xf, 0x5e, 0xc8, 0x51, 0x0, 0x1e, 0x0, 0xf0,
    0x0, 0x0, 0x2, 0xee, 0x90, 0x0, 0x0, 0x0,
    0x0, 0x0, 0x0,

    /* U+5019 "候" */
    0x0, 0x6, 0x0, 0x0, 0x0, 0x0, 0x0, 0x0,
    0x2d, 0x0, 0x8e, 0xee, 0xef, 0x0, 0x0, 0x87,
    0x0, 0x0, 0x0, 0x2e, 0x0, 0x1, 0xf2, 0xe4,
    0xbb, 0xbb, 0xce, 0xb3, 0x8, 0xf0, 0xe1, 0x4b,
    0x54, 0x44, 0x41, 0x2e, 0xf0, 0xe0, 0x2f, 0x33,
    0x33, 0x20, 0x46, 0xf0, 0xe0, 0xac, 0xaf, 0xaa,
    0x90, 0x0, 0xf0, 0xe3, 0xd0, 0xf, 0x0, 0x0,
    0x0, 0xf0, 0xe3, 0x99, 0x9f, 0x99, 0x93, 0x0,
    0xf0, 0xe1, 0x44, 0x7f, 0x84, 0x41, 0x0, 0xf0,
    0x20, 0x0, 0xca, 0xd0, 0x0, 0x0, 0xf0, 0x0,
    0x4d, 0x80, 0x8d, 0x50, 0x0, 0xf0, 0x7, 0xb4,
    0x0, 0x4, 0xc3,

    /* U+505A "做" */
    0x0, 0x0, 0x0, 0x0, 0x0, 0x0, 0x0, 0x0,
    0xd, 0x6, 0x90, 0x7, 0x90, 0x0, 0x0, 0x5a,
    0x6, 0x90, 0xa, 0x60, 0x0, 0x0, 0xc5, 0x6,
    0x90, 0xd, 0x30, 0x0, 0x3, 0xf4, 0xff, 0xff,
    0xbf, 0xee, 0xf6, 0xc, 0xf1, 0x6, 0x90, 0x8e,
    0x4, 0xb0, 0x7d, 0xe1, 0x6, 0x90, 0xee, 0x7,
    0x80, 0x63, 0xe1, 0x7b, 0xc8, 0x99, 0x3a, 0x50,
    0x0, 0xe1, 0xf7, 0x7e, 0x16, 0x7e, 0x10, 0x0,
    0xe1, 0xf0, 0xd, 0x11, 0xfb, 0x0, 0x0, 0xe1,
    0xf0, 0xd, 0x10, 0xe6, 0x0, 0x0, 0xe1, 0xf2,
    0x2e, 0x18, 0xdd, 0x0, 0x0, 0xe1, 0xfc, 0xcc,
    0x9d, 0x19, 0xb0, 0x0, 0xe1, 0xa0, 0x5, 0xa1,
    0x0, 0xa4, 0x0, 0x0, 0x0, 0x0, 0x0, 0x0,
    0x0,

    /* U+5085 "傅" */
    0x0, 0xa, 0x40, 0x0, 0xe2, 0xc6, 0x0, 0x0,
    0x2e, 0x79, 0x99, 0xf9, 0xaf, 0xa0, 0x0, 0xa8,
    0x45, 0x55, 0xf6, 0x55, 0x50, 0x3, 0xf2, 0x1c,
    0xcc, 0xfc, 0xcc, 0x80, 0x1d, 0xf1, 0x2e, 0x22,
    0xf4, 0x2b, 0xb0, 0xba, 0xe1, 0x2e, 0x77, 0xf8,
    0x7c, 0xb0, 0x40, 0xe1, 0x2f, 0xaa, 0xfb, 0xae,
    0xb0, 0x0, 0xe1, 0x1b, 0x0, 0xa1, 0x18, 0x90,
    0x0, 0xe1, 0x11, 0x11, 0x11, 0xf3, 0x10, 0x0,
    0xe4, 0xcc, 0xcc, 0xcc, 0xfd, 0xc1, 0x0, 0xe1,
    0x4, 0xa0, 0x0, 0xe1, 0x0, 0x0, 0xe1, 0x0,
    0x7a, 0x0, 0xe1, 0x0, 0x0, 0xe1, 0x0, 0x0,
    0x9e, 0xd0, 0x0, 0x0, 0x0, 0x0, 0x0, 0x0,
    0x0, 0x0,

    /* U+50B2 "傲" */
    0x0, 0x0, 0x0, 0x0, 0x0, 0x10, 0x0, 0x0,
    0xe, 0x10, 0xf0, 0x0, 0xf0, 0x0, 0x0, 0x4c,
    0x0, 0xf0, 0x3, 0xc0, 0x0, 0x0, 0xa7, 0xdd,
    0xfd, 0xb7, 0xa3, 0x31, 0x1, 0xf2, 0x0, 0xf0,
    0xb, 0xcc, 0xe4, 0x9, 0xf1, 0xce, 0xfe, 0x9f,
    0x34, 0xa0, 0x3f, 0xf1, 0x0, 0xf0, 0x8f, 0x55,
    0x80, 0x47, 0xe4, 0x88, 0xf8, 0xb7, 0x87, 0x60,
    0x0, 0xe3, 0x6f, 0x66, 0x51, 0xba, 0x40, 0x0,
    0xe1, 0xf, 0xbb, 0x50, 0xde, 0x0, 0x0, 0xe1,
    0x2d, 0x28, 0x70, 0x9c, 0x0, 0x0, 0xe1, 0x69,
    0x8, 0x60, 0xde, 0x10, 0x0, 0xe1, 0xd3, 0xa,
    0x5b, 0x97, 0xc1, 0x0, 0xe7, 0x81, 0xdd, 0x79,
    0x0, 0x95, 0x0, 0x0, 0x0, 0x0, 0x0, 0x0,
    0x0,

    /* U+513F "儿" */
    0x0, 0x0, 0x0, 0x0, 0x0, 0x0, 0x0, 0x0,
    0x2, 0xe0, 0x0, 0xf, 0x10, 0x0, 0x0, 0x2,
    0xe0, 0x0, 0xf, 0x10, 0x0, 0x0, 0x2, 0xe0,
    0x0, 0xf, 0x10, 0x0, 0x0, 0x2, 0xe0, 0x0,
    0xf, 0x10, 0x0, 0x0, 0x2, 0xe0, 0x0, 0xf,
    0x10, 0x0, 0x0, 0x3, 0xd0, 0x0, 0xf, 0x10,
    0x0, 0x0, 0x4, 0xc0, 0x0, 0xf, 0x10, 0x0,
    0x0, 0x7, 0xa0, 0x0, 0xf, 0x10, 0x0, 0x0,
    0xc, 0x50, 0x0, 0xf, 0x10, 0x37, 0x0, 0x5e,
    0x0, 0x0, 0xf, 0x10, 0x4b, 0x4, 0xf4, 0x0,
    0x0, 0xf, 0x20, 0x69, 0x1e, 0x50, 0x0, 0x0,
    0xa, 0xff, 0xf3, 0x0, 0x0, 0x0, 0x0, 0x0,
    0x0, 0x0,

    /* U+5143 "元" */
    0x0, 0xde, 0xee, 0xee, 0xee, 0xee, 0x0, 0x0,
    0x12, 0x22, 0x22, 0x22, 0x22, 0x0, 0x0, 0x0,
    0x0, 0x0, 0x0, 0x0, 0x0, 0x0, 0x0, 0x0,
    0x0, 0x0, 0x0, 0x0, 0x2c, 0xcc, 0xcc, 0xcc,
    0xcc, 0xcc, 0xc2, 0x4, 0x44, 0xc9, 0x44, 0xe7,
    0x44, 0x40, 0x0, 0x0, 0xb5, 0x0, 0xd3, 0x0,
    0x0, 0x0, 0x0, 0xe3, 0x0, 0xd3, 0x0, 0x0,
    0x0, 0x4, 0xe0, 0x0, 0xd3, 0x0, 0x31, 0x0,
    0xc, 0x70, 0x0, 0xd3, 0x0, 0x95, 0x1, 0xbc,
    0x0, 0x0, 0xd4, 0x0, 0xc4, 0x1e, 0x90, 0x0,
    0x0, 0x8f, 0xff, 0xc0, 0x0, 0x0, 0x0, 0x0,
    0x0, 0x0, 0x0,

    /* U+5145 "充" */
    0x0, 0x0, 0x0, 0x0, 0x0, 0x0, 0x0, 0x0,
    0x0, 0x0, 0xb5, 0x0, 0x0, 0x0, 0x0, 0x0,
    0x0, 0x4e, 0x0, 0x0, 0x0, 0xb, 0xbb, 0xbb,
    0xbd, 0xbb, 0xbb, 0xb1, 0x4, 0x44, 0x9f, 0x54,
    0x45, 0x44, 0x40, 0x0, 0x3, 0xe4, 0x0, 0x4e,
    0x30, 0x0, 0x0, 0x2e, 0x50, 0x0, 0x5, 0xf4,
    0x0, 0x1, 0xee, 0xcd, 0xee, 0xff, 0xef, 0x30,
    0x0, 0x64, 0x7e, 0x11, 0xf2, 0x6, 0x70, 0x0,
    0x0, 0x6b, 0x0, 0xf2, 0x0, 0x0, 0x0, 0x0,
    0xa8, 0x0, 0xf2, 0x0, 0x20, 0x0, 0x3, 0xf2,
    0x0, 0xf2, 0x0, 0x95, 0x0, 0x4e, 0x70, 0x0,
    0xf2, 0x0, 0xc4, 0xc, 0xe6, 0x0, 0x0, 0xaf,
    0xff, 0xd0, 0x2, 0x0, 0x0, 0x0, 0x0, 0x0,
    0x0,

    /* U+5148 "先" */
    0x0, 0x8, 0x10, 0xc5, 0x0, 0x0, 0x0, 0x0,
    0x1f, 0x0, 0xc5, 0x0, 0x0, 0x0, 0x0, 0x7f,
    0xcc, 0xfd, 0xcc, 0xcb, 0x0, 0x0, 0xd5, 0x33,
    0xc7, 0x33, 0x33, 0x0, 0x7, 0xb0, 0x0, 0xc5,
    0x0, 0x0, 0x0, 0x2, 0x20, 0x0, 0xc5, 0x0,
    0x0, 0x0, 0x4c, 0xcc, 0xcc, 0xfd, 0xcc, 0xcc,
    0xc1, 0x14, 0x44, 0xd8, 0x44, 0xf5, 0x44, 0x40,
    0x0, 0x0, 0xe3, 0x0, 0xf1, 0x0, 0x0, 0x0,
    0x3, 0xe0, 0x0, 0xf1, 0x0, 0x0, 0x0, 0xb,
    0x80, 0x0, 0xf1, 0x0, 0xc1, 0x1, 0xad, 0x0,
    0x0, 0xe2, 0x0, 0xf0, 0x3f, 0xa1, 0x0, 0x0,
    0xaf, 0xff, 0xa0, 0x2, 0x0, 0x0, 0x0, 0x0,
    0x0, 0x0,

    /* U+5149 "光" */
    0x0, 0x10, 0x0, 0x77, 0x0, 0x4, 0x0, 0x0,
    0xa8, 0x0, 0x77, 0x0, 0x2f, 0x30, 0x0, 0x2f,
    0x10, 0x77, 0x0, 0xaa, 0x0, 0x0, 0xa, 0x70,
    0x77, 0x3, 0xf1, 0x0, 0x0, 0x3, 0x50, 0x77,
    0x4, 0x50, 0x0, 0x7, 0x77, 0x77, 0xbb, 0x77,
    0x77, 0x71, 0x9, 0x99, 0xbe, 0x99, 0xfa, 0x99,
    0x91, 0x0, 0x0, 0x7a, 0x0, 0xd3, 0x0, 0x0,
    0x0, 0x0, 0x97, 0x0, 0xd3, 0x0, 0x0, 0x0,
    0x0, 0xe3, 0x0, 0xd3, 0x0, 0x0, 0x0, 0x9,
    0xb0, 0x0, 0xd3, 0x0, 0x4b, 0x3, 0xbd, 0x10,
    0x0, 0xd3, 0x0, 0x69, 0x1d, 0x80, 0x0, 0x0,
    0x8f, 0xff, 0xf4, 0x0, 0x0, 0x0, 0x0, 0x0,
    0x0, 0x0,

    /* U+514B "克" */
    0x0, 0x0, 0x2, 0xe0, 0x0, 0x0, 0x1, 0x22,
    0x22, 0x4f, 0x22, 0x22, 0x21, 0x7d, 0xdd, 0xdd,
    0xfd, 0xdd, 0xdd, 0x60, 0x0, 0x0, 0x2e, 0x0,
    0x0, 0x0, 0x3, 0xdd, 0xdd, 0xfd, 0xdd, 0xc0,
    0x0, 0x4c, 0x11, 0x11, 0x11, 0x4e, 0x0, 0x4,
    0xc0, 0x0, 0x0, 0x2, 0xe0, 0x0, 0x4e, 0xaa,
    0xaa, 0xaa, 0xbe, 0x0, 0x1, 0x55, 0xf7, 0x5c,
    0x95, 0x40, 0x0, 0x0, 0x4f, 0x0, 0xa6, 0x0,
    0x0, 0x0, 0xc, 0x90, 0xa, 0x60, 0x2, 0xa0,
    0x3c, 0xd1, 0x0, 0xa7, 0x0, 0x5b, 0xae, 0x80,
    0x0, 0x6, 0xff, 0xff, 0x60, 0x0, 0x0, 0x0,
    0x0, 0x0, 0x0,

    /* U+5165 "入" */
    0x0, 0x0, 0x20, 0x0, 0x0, 0x0, 0x0, 0x0,
    0x0, 0x9d, 0x10, 0x0, 0x0, 0x0, 0x0, 0x0,
    0x9, 0xc0, 0x0, 0x0, 0x0, 0x0, 0x0, 0x0,
    0xd8, 0x0, 0x0, 0x0, 0x0, 0x0, 0x0, 0xdf,
    0x20, 0x0, 0x0, 0x0, 0x0, 0x2, 0xfb, 0xa0,
    0x0, 0x0, 0x0, 0x0, 0x7, 0xc1, 0xf2, 0x0,
    0x0, 0x0, 0x0, 0xe, 0x50, 0x9a, 0x0, 0x0,
    0x0, 0x0, 0x7d, 0x0, 0x1f, 0x40, 0x0, 0x0,
    0x3, 0xf4, 0x0, 0x7, 0xe1, 0x0, 0x0, 0x2e,
    0x80, 0x0, 0x0, 0xcc, 0x0, 0x5, 0xf9, 0x0,
    0x0, 0x0, 0x1d, 0xd2, 0x1d, 0x60, 0x0, 0x0,
    0x0, 0x1, 0xa2, 0x0, 0x0, 0x0, 0x0, 0x0,
    0x0, 0x0,

    /* U+5168 "全" */
    0x0, 0x0, 0x0, 0x53, 0x0, 0x0, 0x0, 0x0,
    0x0, 0x3, 0xfb, 0x0, 0x0, 0x0, 0x0, 0x0,
    0x3e, 0x49, 0xb0, 0x0, 0x0, 0x0, 0x5, 0xe4,
    0x0, 0x9c, 0x20, 0x0, 0x1, 0x9e, 0x30, 0x0,
    0x6, 0xe6, 0x0, 0x6e, 0xd7, 0x66, 0x66, 0x66,
    0x9e, 0xc2, 0x34, 0x38, 0x88, 0xeb, 0x88, 0x81,
    0x60, 0x0, 0x0, 0x0, 0xc5, 0x0, 0x0, 0x0,
    0x0, 0x4b, 0xbb, 0xec, 0xbb, 0xb1, 0x0, 0x0,
    0x14, 0x44, 0xd7, 0x44, 0x40, 0x0, 0x0, 0x0,
    0x0, 0xc5, 0x0, 0x0, 0x0, 0x0, 0x0, 0x0,
    0xc5, 0x0, 0x0, 0x0, 0x2f, 0xff, 0xff, 0xff,
    0xff, 0xff, 0xc0,

    /* U+516B "八" */
    0x0, 0x0, 0x42, 0x0, 0x83, 0x0, 0x0, 0x0,
    0x0, 0xd5, 0x0, 0xb5, 0x0, 0x0, 0x0, 0x0,
    0xe3, 0x0, 0x97, 0x0, 0x0, 0x0, 0x0, 0xf1,
    0x0, 0x69, 0x0, 0x0, 0x0, 0x3, 0xe0, 0x0,
    0x3d, 0x0, 0x0, 0x0, 0x6, 0xb0, 0x0, 0xf,
    0x10, 0x0, 0x0, 0xa, 0x70, 0x0, 0xb, 0x60,
    0x0, 0x0, 0xf, 0x20, 0x0, 0x5, 0xd0, 0x0,
    0x0, 0x7b, 0x0, 0x0, 0x0, 0xe4, 0x0, 0x1,
    0xe4, 0x0, 0x0, 0x0, 0x6d, 0x0, 0xb, 0xa0,
    0x0, 0x0, 0x0, 0xb, 0xb0, 0x3b, 0x0, 0x0,
    0x0, 0x0, 0x1, 0xc4, 0x0, 0x0, 0x0, 0x0,
    0x0, 0x0, 0x0,

    /* U+516C "公" */
    0x0, 0x0, 0x0, 0x0, 0x1, 0x0, 0x0, 0x0,
    0x0, 0xb7, 0x0, 0x7b, 0x0, 0x0, 0x0, 0x3,
    0xf1, 0x0, 0xe, 0x50, 0x0, 0x0, 0xd, 0x70,
    0x0, 0x4, 0xe1, 0x0, 0x0, 0x9d, 0x0, 0x10,
    0x0, 0x9d, 0x10, 0x7, 0xe2, 0x0, 0xd6, 0x0,
    0xc, 0xc1, 0x1b, 0x30, 0x7, 0xe0, 0x0, 0x1,
    0xb2, 0x0, 0x0, 0x1f, 0x50, 0x0, 0x0, 0x0,
    0x0, 0x0, 0xba, 0x0, 0x2d, 0x10, 0x0, 0x0,
    0x6, 0xe1, 0x0, 0x9, 0xc0, 0x0, 0x0, 0x3f,
    0x30, 0x12, 0x34, 0xf7, 0x0, 0x0, 0xef, 0xff,
    0xfe, 0xdc, 0xbf, 0x30, 0x0, 0x43, 0x10, 0x0,
    0x0, 0x8, 0xa0, 0x0, 0x0, 0x0, 0x0, 0x0,
    0x0, 0x0,

    /* U+5170 "兰" */
    0x0, 0xa, 0x30, 0x0, 0x3, 0xc0, 0x0, 0x0,
    0x4, 0xd0, 0x0, 0xc, 0x60, 0x0, 0x0, 0x0,
    0xa4, 0x0, 0x6b, 0x0, 0x0, 0x8, 0xdd, 0xdd,
    0xdd, 0xfe, 0xdd, 0x80, 0x2, 0x33, 0x33, 0x33,
    0x33, 0x33, 0x20, 0x0, 0x0, 0x0, 0x0, 0x0,
    0x0, 0x0, 0x0, 0x0, 0x0, 0x0, 0x0, 0x0,
    0x0, 0x0, 0xef, 0xff, 0xff, 0xff, 0xfa, 0x0,
    0x0, 0x11, 0x11, 0x11, 0x11, 0x11, 0x0, 0x0,
    0x0, 0x0, 0x0, 0x0, 0x0, 0x0, 0x0, 0x0,
    0x0, 0x0, 0x0, 0x0, 0x0, 0x3d, 0xdd, 0xdd,
    0xdd, 0xdd, 0xdd, 0xd2, 0x3, 0x33, 0x33, 0x33,
    0x33, 0x33, 0x30,

    /* U+5171 "共" */
    0x0, 0x1, 0xf0, 0x0, 0xf, 0x10, 0x0, 0x0,
    0x1, 0xf0, 0x0, 0xf, 0x10, 0x0, 0x0, 0x1,
    0xf0, 0x0, 0xf, 0x10, 0x0, 0xb, 0xff, 0xff,
    0xff, 0xff, 0xff, 0xd0, 0x0, 0x12, 0xf1, 0x11,
    0x1f, 0x21, 0x0, 0x0, 0x1, 0xf0, 0x0, 0xf,
    0x10, 0x0, 0x0, 0x1, 0xf0, 0x0, 0xf, 0x10,
    0x0, 0x3a, 0xaa, 0xfa, 0xaa, 0xaf, 0xaa, 0xa4,
    0x26, 0x66, 0x66, 0x66, 0x66, 0x66, 0x62, 0x0,
    0x0, 0x94, 0x0, 0x58, 0x0, 0x0, 0x0, 0xa,
    0xc1, 0x0, 0xb, 0xc2, 0x0, 0x3, 0xdb, 0x0,
    0x0, 0x0, 0x8e, 0x40, 0xa, 0x70, 0x0, 0x0,
    0x0, 0x6, 0xa0,

    /* U+5173 "关" */
    0x0, 0x7, 0x40, 0x0, 0x3, 0xb0, 0x0, 0x0,
    0x4, 0xe0, 0x0, 0xb, 0x70, 0x0, 0x0, 0x0,
    0xa3, 0x0, 0x4d, 0x0, 0x0, 0x3, 0xff, 0xff,
    0xff, 0xff, 0xff, 0x50, 0x0, 0x0, 0x0, 0x9a,
    0x0, 0x0, 0x0, 0x0, 0x0, 0x0, 0x8a, 0x0,
    0x0, 0x0, 0x1, 0x11, 0x11, 0x9a, 0x11, 0x11,
    0x10, 0xf, 0xff, 0xff, 0xff, 0xff, 0xff, 0xf1,
    0x0, 0x0, 0x1, 0xff, 0x30, 0x0, 0x0, 0x0,
    0x0, 0xb, 0xb5, 0xe1, 0x0, 0x0, 0x0, 0x1,
    0xbe, 0x10, 0x8d, 0x20, 0x0, 0x0, 0x6e, 0xc1,
    0x0, 0x8, 0xf8, 0x20, 0x1e, 0xd5, 0x0, 0x0,
    0x0, 0x3b, 0xf2, 0x1, 0x0, 0x0, 0x0, 0x0,
    0x0, 0x10,

    /* U+5174 "兴" */
    0x0, 0x0, 0x4, 0x20, 0x0, 0x0, 0x10, 0x5,
    0x0, 0x7, 0xa0, 0x0, 0x3, 0xf1, 0x9, 0x90,
    0x1, 0xf1, 0x0, 0xb, 0x90, 0x1, 0xe3, 0x0,
    0xa7, 0x0, 0x3f, 0x10, 0x0, 0x8b, 0x0, 0x69,
    0x0, 0xd7, 0x0, 0x0, 0x1c, 0x0, 0x0, 0x7,
    0xc0, 0x0, 0x0, 0x0, 0x0, 0x0, 0x5, 0x20,
    0x0, 0x1f, 0xff, 0xff, 0xff, 0xff, 0xff, 0xf7,
    0x0, 0x0, 0x20, 0x0, 0x1, 0x0, 0x0, 0x0,
    0x2, 0xf4, 0x0, 0xd, 0x80, 0x0, 0x0, 0x2e,
    0x70, 0x0, 0x1, 0xd8, 0x0, 0x3, 0xe8, 0x0,
    0x0, 0x0, 0x1d, 0x90, 0xc, 0x60, 0x0, 0x0,
    0x0, 0x1, 0xd2, 0x0, 0x0, 0x0, 0x0, 0x0,
    0x0, 0x0,

    /* U+5177 "具" */
    0x0, 0xf, 0xee, 0xee, 0xee, 0xf3, 0x0, 0x0,
    0xf, 0x0, 0x0, 0x0, 0xd3, 0x0, 0x0, 0xf,
    0xdd, 0xdd, 0xdd, 0xf3, 0x0, 0x0, 0xf, 0x0,
    0x0, 0x0, 0xd3, 0x0, 0x0, 0xf, 0xcc, 0xcc,
    0xcc, 0xf3, 0x0, 0x0, 0xf, 0x0, 0x0, 0x0,
    0xd3, 0x0, 0x0, 0xf, 0xcc, 0xcc, 0xcc, 0xf3,
    0x0, 0x0, 0xf, 0x0, 0x0, 0x0, 0xd3, 0x0,
    0x3e, 0xef, 0xee, 0xee, 0xee, 0xff, 0xe4, 0x0,
    0x2, 0xb3, 0x0, 0x3c, 0x40, 0x0, 0x1, 0x8e,
    0x80, 0x0, 0x5, 0xdc, 0x30, 0x2e, 0x91, 0x0,
    0x0, 0x0, 0x6, 0xe2, 0x0, 0x0, 0x0, 0x0,
    0x0, 0x0, 0x0,

    /* U+5178 "典" */
    0x0, 0x0, 0x0, 0x0, 0x0, 0x0, 0x0, 0x0,
    0x0, 0xf, 0x0, 0xf0, 0x0, 0x0, 0x0, 0x0,
    0x1f, 0x0, 0xf1, 0x0, 0x0, 0x0, 0xff, 0xff,
    0xff, 0xff, 0xff, 0x20, 0x0, 0xf0, 0xf, 0x0,
    0xf0, 0xe, 0x20, 0x0, 0xf0, 0xf, 0x0, 0xf0,
    0xe, 0x20, 0x0, 0xff, 0xff, 0xff, 0xff, 0xff,
    0x20, 0x0, 0xf0, 0x1f, 0x0, 0xf1, 0xe, 0x20,
    0x0, 0xf0, 0xf, 0x0, 0xf0, 0xe, 0x20, 0x0,
    0xf0, 0xf, 0x0, 0xf0, 0xe, 0x20, 0x7f, 0xff,
    0xff, 0xff, 0xff, 0xff, 0xf6, 0x0, 0x0, 0x84,
    0x0, 0x49, 0x10, 0x0, 0x0, 0x4d, 0xb1, 0x0,
    0x18, 0xe8, 0x0, 0x1c, 0xd4, 0x0, 0x0, 0x0,
    0x2b, 0xc0, 0x2, 0x0, 0x0, 0x0, 0x0, 0x0,
    0x10,

    /* U+517B "养" */
    0x0, 0x1, 0x70, 0x0, 0x6, 0x30, 0x0, 0x0,
    0x0, 0xd4, 0x0, 0x2e, 0x10, 0x0, 0x7, 0xee,
    0xee, 0xff, 0xee, 0xee, 0x90, 0x0, 0x0, 0x0,
    0xb6, 0x0, 0x0, 0x0, 0x0, 0xbd, 0xdd, 0xfd,
    0xdd, 0xdc, 0x0, 0x1, 0x11, 0x1b, 0x91, 0x11,
    0x11, 0x10, 0x2d, 0xdd, 0xfe, 0xdd, 0xef, 0xdd,
    0xd1, 0x0, 0x2b, 0xf2, 0x0, 0x3e, 0x91, 0x0,
    0x2b, 0xf8, 0xc4, 0x0, 0x6b, 0x7e, 0xb2, 0x4,
    0x0, 0xd3, 0x0, 0x6a, 0x0, 0x40, 0x0, 0x3,
    0xf0, 0x0, 0x6a, 0x0, 0x0, 0x0, 0x4e, 0x60,
    0x0, 0x6a, 0x0, 0x0, 0x2, 0xe5, 0x0, 0x0,
    0x6a, 0x0, 0x0, 0x0, 0x0, 0x0, 0x0, 0x0,
    0x0, 0x0,

    /* U+5185 "内" */
    0x0, 0x0, 0xe, 0x20, 0x0, 0x0, 0x0, 0x0,
    0xe, 0x20, 0x0, 0x0, 0x12, 0x22, 0x2f, 0x42,
    0x22, 0x30, 0xde, 0xee, 0xef, 0xee, 0xee, 0xf6,
    0xd3, 0x0, 0xf, 0x0, 0x0, 0x96, 0xd3, 0x0,
    0x3e, 0x0, 0x0, 0x96, 0xd3, 0x0, 0x9d, 0xc1,
    0x0, 0x96, 0xd3, 0x3, 0xe1, 0x7e, 0x20, 0x96,
    0xd3, 0x3e, 0x50, 0x6, 0xe3, 0x96, 0xd5, 0xe5,
    0x0, 0x0, 0x6b, 0x96, 0xd3, 0x10, 0x0, 0x0,
    0x0, 0x96, 0xd3, 0x0, 0x0, 0x0, 0x11, 0xa6,
    0xd3, 0x0, 0x0, 0x1, 0xff, 0xd2,

    /* U+518D "再" */
    0x9, 0xff, 0xff, 0xff, 0xff, 0xff, 0xf4, 0x0,
    0x0, 0x0, 0x4c, 0x0, 0x0, 0x0, 0x0, 0x8c,
    0xcc, 0xdf, 0xcc, 0xcc, 0x0, 0x0, 0xb7, 0x33,
    0x6d, 0x33, 0x3f, 0x0, 0x0, 0xb5, 0x0, 0x4c,
    0x0, 0xf, 0x0, 0x0, 0xbf, 0xee, 0xff, 0xee,
    0xef, 0x0, 0x0, 0xb5, 0x0, 0x4c, 0x0, 0xf,
    0x0, 0x25, 0xc9, 0x55, 0x8d, 0x55, 0x5f, 0x64,
    0x3a, 0xec, 0xaa, 0xaa, 0xaa, 0xaf, 0xa7, 0x0,
    0xb5, 0x0, 0x0, 0x0, 0xf, 0x0, 0x0, 0xb5,
    0x0, 0x0, 0x0, 0xf, 0x0, 0x0, 0xb5, 0x0,
    0x0, 0x2f, 0xfb, 0x0, 0x0, 0x0, 0x0, 0x0,
    0x0, 0x0, 0x0,

    /* U+5192 "冒" */
    0x1f, 0xdd, 0xdd, 0xdd, 0xdd, 0xe8, 0x1e, 0x15,
    0x55, 0x55, 0x53, 0x88, 0x1e, 0x15, 0x55, 0x55,
    0x53, 0x88, 0x1e, 0x2c, 0xcc, 0xcc, 0xc7, 0x88,
    0x1a, 0x0, 0x0, 0x0, 0x0, 0x65, 0x4, 0xcc,
    0xcc, 0xcc, 0xcc, 0x70, 0x5, 0xe0, 0x0, 0x0,
    0x7, 0x90, 0x5, 0xfc, 0xcc, 0xcc, 0xce, 0x90,
    0x5, 0xe0, 0x0, 0x0, 0x7, 0x90, 0x5, 0xfc,
    0xcc, 0xcc, 0xcd, 0x90, 0x5, 0xe2, 0x22, 0x22,
    0x28, 0x90, 0x5, 0xfb, 0xbb, 0xbb, 0xbd, 0x90,
    0x0, 0x0, 0x0, 0x0, 0x0, 0x0,

    /* U+519C "农" */
    0x0, 0x0, 0x0, 0x56, 0x0, 0x0, 0x0, 0x0,
    0x0, 0x0, 0xa6, 0x0, 0x0, 0x0, 0xe, 0xff,
    0xff, 0xff, 0xff, 0xff, 0x40, 0xe, 0x20, 0x6,
    0xd0, 0x0, 0xc, 0x40, 0xc, 0x20, 0x1e, 0xf1,
    0x0, 0xa, 0x40, 0x0, 0x0, 0xa9, 0x97, 0x0,
    0x23, 0x0, 0x0, 0xa, 0xc0, 0x3d, 0x4, 0xe6,
    0x0, 0x4, 0xdf, 0x30, 0xc, 0xbe, 0x30, 0x0,
    0x6e, 0x5e, 0x30, 0x4, 0xf2, 0x0, 0x0, 0x0,
    0xe, 0x30, 0x0, 0xab, 0x0, 0x0, 0x0, 0xe,
    0x30, 0x12, 0xc, 0xb0, 0x0, 0x0, 0xe, 0xad,
    0xe5, 0x0, 0xbd, 0x50, 0x0, 0x3d, 0x83, 0x0,
    0x0, 0x6, 0x70, 0x0, 0x0, 0x0, 0x0, 0x0,
    0x0, 0x0,

    /* U+51AC "冬" */
    0x0, 0x0, 0x6, 0x20, 0x0, 0x0, 0x0, 0x0,
    0x0, 0x4f, 0x32, 0x22, 0x20, 0x0, 0x0, 0x2,
    0xec, 0xcc, 0xce, 0xf1, 0x0, 0x0, 0x2d, 0xe1,
    0x0, 0x1d, 0x60, 0x0, 0x4, 0xe7, 0x5d, 0x22,
    0xd7, 0x0, 0x0, 0x5, 0x40, 0x5, 0xff, 0x60,
    0x0, 0x0, 0x0, 0x1, 0x7e, 0xab, 0xe7, 0x10,
    0x0, 0x17, 0xcf, 0x93, 0x0, 0x3a, 0xfc, 0x92,
    0x9, 0x50, 0xd, 0xa5, 0x10, 0x5, 0x70, 0x0,
    0x0, 0x0, 0x5b, 0xfa, 0x0, 0x0, 0x0, 0x5,
    0x51, 0x0, 0x14, 0x0, 0x0, 0x0, 0x5, 0xae,
    0xd8, 0x30, 0x0, 0x0, 0x0, 0x0, 0x0, 0x38,
    0xee, 0x30, 0x0, 0x0, 0x0, 0x0, 0x0, 0x4,
    0x0, 0x0,

    /* U+51B0 "冰" */
    0x0, 0x0, 0x0, 0x0, 0xf1, 0x0, 0x0, 0x2b,
    0x10, 0x0, 0x0, 0xf1, 0x0, 0x0, 0x9, 0xe3,
    0x0, 0x0, 0xf2, 0x0, 0x0, 0x0, 0x66, 0x11,
    0x10, 0xf4, 0x2, 0xb0, 0x0, 0x1, 0xff, 0xf7,
    0xf8, 0x1d, 0x60, 0x0, 0x0, 0x0, 0xb4, 0xfd,
    0xd6, 0x0, 0x0, 0x12, 0x0, 0xe0, 0xfb, 0x80,
    0x0, 0x0, 0x89, 0x6, 0xa0, 0xf4, 0xc0, 0x0,
    0x1, 0xe1, 0xe, 0x30, 0xf1, 0xa7, 0x0, 0xa,
    0x80, 0x9a, 0x0, 0xf1, 0x1e, 0x50, 0x3e, 0x7,
    0xd1, 0x0, 0xf1, 0x3, 0xf5, 0x1, 0x1, 0x10,
    0x11, 0xf1, 0x0, 0x20, 0x0, 0x0, 0x0, 0xcf,
    0xb0, 0x0, 0x0,

    /* U+51B2 "冲" */
    0x0, 0x0, 0x0, 0x0, 0xe2, 0x0, 0x0, 0x1d,
    0x30, 0x0, 0x0, 0xe2, 0x0, 0x0, 0x5, 0xf4,
    0x1, 0x11, 0xf3, 0x11, 0x10, 0x0, 0x5a, 0x4f,
    0xff, 0xff, 0xff, 0xf1, 0x0, 0x0, 0x4c, 0x0,
    0xe2, 0x0, 0xf1, 0x0, 0x0, 0x4c, 0x0, 0xe2,
    0x0, 0xf1, 0x0, 0x4, 0x4c, 0x0, 0xe2, 0x0,
    0xf1, 0x0, 0x7b, 0x4f, 0xff, 0xff, 0xff, 0xf1,
    0x1, 0xe3, 0x4c, 0x11, 0xf3, 0x11, 0xf0, 0x9,
    0xa0, 0x0, 0x0, 0xe2, 0x0, 0x0, 0x3f, 0x20,
    0x0, 0x0, 0xe2, 0x0, 0x0, 0x5, 0x0, 0x0,
    0x0, 0xe2, 0x0, 0x0, 0x0, 0x0, 0x0, 0x0,
    0xe2, 0x0, 0x0,

    /* U+51B7 "冷" */
    0x0, 0x0, 0x0, 0x0, 0x71, 0x0, 0x0, 0x1c,
    0x10, 0x0, 0x5, 0xf4, 0x0, 0x0, 0x9, 0xa0,
    0x0, 0x2e, 0x7e, 0x10, 0x0, 0x1, 0xe3, 0x2,
    0xe7, 0x6, 0xd1, 0x0, 0x0, 0x41, 0x3e, 0x83,
    0x50, 0x8e, 0x30, 0x0, 0x3, 0xf6, 0x1, 0xe4,
    0x6, 0xf1, 0x0, 0x0, 0x10, 0x0, 0x32, 0x0,
    0x10, 0x0, 0x53, 0xf, 0xff, 0xff, 0xff, 0x10,
    0x0, 0xd4, 0x0, 0x0, 0x0, 0xb7, 0x0, 0x4,
    0xe0, 0x0, 0x10, 0x9, 0xb0, 0x0, 0xb, 0x70,
    0x0, 0xab, 0x9c, 0x0, 0x0, 0x2f, 0x10, 0x0,
    0x7, 0xf5, 0x0, 0x0, 0x15, 0x0, 0x0, 0x0,
    0x3e, 0x40, 0x0, 0x0, 0x0, 0x0, 0x0, 0x1,
    0x0, 0x0,

    /* U+51BB "冻" */
    0x0, 0x0, 0x0, 0xb, 0x10, 0x0, 0x0, 0x1e,
    0x10, 0x0, 0x3e, 0x0, 0x0, 0x0, 0x7, 0xb0,
    0xee, 0xff, 0xee, 0xee, 0xe3, 0x0, 0xd5, 0x0,
    0xe4, 0x0, 0x0, 0x0, 0x0, 0x20, 0x4, 0xd0,
    0x87, 0x0, 0x0, 0x0, 0x0, 0xb, 0x60, 0x87,
    0x0, 0x0, 0x0, 0x0, 0x4f, 0xdd, 0xee, 0xdd,
    0x80, 0x0, 0x65, 0x13, 0x22, 0x98, 0x22, 0x10,
    0x0, 0xd3, 0x3, 0x50, 0x87, 0x35, 0x0, 0x4,
    0xd0, 0xb, 0x60, 0x87, 0x1e, 0x20, 0xc, 0x60,
    0x5d, 0x0, 0x87, 0x7, 0xb0, 0x3e, 0x0, 0xe4,
    0x0, 0x87, 0x0, 0xe2, 0x2, 0x0, 0x10, 0x4f,
    0xf4, 0x0, 0x10, 0x0, 0x0, 0x0, 0x0, 0x0,
    0x0, 0x0,

    /* U+51C0 "净" */
    0x2, 0x0, 0x0, 0x87, 0x0, 0x0, 0x0, 0x1e,
    0x40, 0x1, 0xfd, 0xcc, 0xa0, 0x0, 0x5, 0xd0,
    0xa, 0x92, 0x2b, 0x80, 0x0, 0x0, 0xc7, 0x7e,
    0x21, 0x4e, 0x21, 0x0, 0x0, 0x22, 0xcc, 0xdd,
    0xfd, 0xdf, 0x50, 0x0, 0x0, 0x0, 0x1, 0xe0,
    0xa, 0x50, 0x0, 0x0, 0xff, 0xff, 0xff, 0xff,
    0xf7, 0x0, 0x47, 0x0, 0x1, 0xe0, 0xa, 0x50,
    0x0, 0xb8, 0x1, 0x12, 0xf1, 0x1a, 0x50, 0x2,
    0xf1, 0x3e, 0xee, 0xfe, 0xef, 0x50, 0x9, 0xa0,
    0x0, 0x1, 0xe0, 0x4, 0x20, 0x1f, 0x30, 0x0,
    0x1, 0xe0, 0x0, 0x0, 0x2, 0x0, 0x1, 0xff,
    0xa0, 0x0, 0x0, 0x0, 0x0, 0x0, 0x0, 0x0,
    0x0, 0x0,

    /* U+51C6 "准" */
    0x0, 0x0, 0x0, 0x80, 0x35, 0x0, 0x0, 0x2e,
    0x10, 0x4, 0xc0, 0x2e, 0x10, 0x0, 0xa, 0x90,
    0xb, 0x94, 0x4b, 0x64, 0x30, 0x1, 0xf3, 0x3f,
    0xaa, 0xaf, 0xaa, 0xa0, 0x0, 0x41, 0xcf, 0x0,
    0xf, 0x0, 0x0, 0x0, 0x9, 0xbf, 0x33, 0x4f,
    0x33, 0x20, 0x0, 0x9, 0x1f, 0xbb, 0xbf, 0xbb,
    0x70, 0x0, 0x44, 0xf, 0x0, 0xf, 0x0, 0x0,
    0x0, 0xc5, 0xf, 0xee, 0xef, 0xee, 0x90, 0x3,
    0xe0, 0xf, 0x0, 0x1f, 0x0, 0x0, 0xa, 0x80,
    0xf, 0x0, 0xf, 0x0, 0x0, 0x3f, 0x10, 0xf,
    0xdd, 0xdf, 0xdd, 0xd3, 0x3, 0x0, 0xf, 0x22,
    0x22, 0x22, 0x20,

    /* U+51C9 "凉" */
    0x0, 0x0, 0x0, 0x2, 0x70, 0x0, 0x0, 0x1e,
    0x10, 0x1, 0x11, 0xf3, 0x11, 0x0, 0x9, 0x90,
    0xcf, 0xff, 0xff, 0xff, 0xe0, 0x1, 0xf2, 0x0,
    0x0, 0x0, 0x0, 0x0, 0x0, 0x73, 0xf, 0xee,
    0xee, 0xef, 0x0, 0x0, 0x0, 0xf, 0x0, 0x0,
    0xf, 0x0, 0x0, 0x0, 0xf, 0x0, 0x0, 0xf,
    0x0, 0x0, 0x65, 0xd, 0xee, 0xfe, 0xee, 0x0,
    0x0, 0xd4, 0x2, 0x10, 0xf1, 0x12, 0x0, 0x4,
    0xd0, 0xe, 0x30, 0xf1, 0x4d, 0x0, 0xc, 0x60,
    0x8a, 0x0, 0xf1, 0xa, 0x70, 0x4e, 0x2, 0xe1,
    0x0, 0xf1, 0x2, 0xd0, 0x2, 0x0, 0x10, 0xae,
    0xd0, 0x0, 0x0, 0x0, 0x0, 0x0, 0x0, 0x0,
    0x0, 0x0,

    /* U+51CF "减" */
    0x0, 0x0, 0x0, 0x0, 0x0, 0x0, 0x0, 0x2,
    0x0, 0x0, 0x0, 0xb, 0x5c, 0x20, 0x1d, 0x10,
    0x0, 0x0, 0xa, 0x43, 0xc0, 0x7, 0xa0, 0xab,
    0xbb, 0xbe, 0xcb, 0xb3, 0x0, 0xe1, 0xe4, 0x44,
    0x4a, 0x84, 0x41, 0x0, 0x10, 0xe4, 0xaa, 0xa9,
    0x60, 0x70, 0x0, 0x0, 0xe2, 0x33, 0x37, 0x82,
    0xd0, 0x0, 0x0, 0xe3, 0xbb, 0xb5, 0x97, 0x80,
    0x0, 0xa2, 0xe4, 0xa2, 0xd3, 0xbd, 0x20, 0x1,
    0xe0, 0xe4, 0x90, 0xc1, 0xfa, 0x0, 0x7, 0x82,
    0xc4, 0xea, 0xe1, 0xf3, 0x11, 0xe, 0x26, 0x93,
    0xa3, 0x3b, 0xe6, 0x48, 0x5b, 0xb, 0x40, 0x1,
    0xb8, 0x4d, 0x95, 0x1, 0x1b, 0x0, 0x7, 0x70,
    0x9, 0xd0, 0x0, 0x0, 0x0, 0x0, 0x0, 0x0,
    0x0,

    /* U+51E0 "几" */
    0x0, 0x6, 0xff, 0xff, 0xff, 0x30, 0x0, 0x0,
    0x6, 0xb0, 0x0, 0xe, 0x30, 0x0, 0x0, 0x6,
    0xa0, 0x0, 0xe, 0x30, 0x0, 0x0, 0x6, 0xa0,
    0x0, 0xe, 0x30, 0x0, 0x0, 0x6, 0xa0, 0x0,
    0xe, 0x30, 0x0, 0x0, 0x7, 0xa0, 0x0, 0xe,
    0x30, 0x0, 0x0, 0x8, 0x80, 0x0, 0xe, 0x30,
    0x0, 0x0, 0xb, 0x60, 0x0, 0xe, 0x30, 0x0,
    0x0, 0x1f, 0x10, 0x0, 0xe, 0x30, 0x24, 0x0,
    0x8b, 0x0, 0x0, 0xe, 0x30, 0x4b, 0x4, 0xf3,
    0x0, 0x0, 0xd, 0x40, 0x79, 0x1f, 0x60, 0x0,
    0x0, 0x8, 0xff, 0xf3, 0x1, 0x0, 0x0, 0x0,
    0x0, 0x0, 0x0,

    /* U+51E4 "凤" */
    0x0, 0xff, 0xff, 0xff, 0xff, 0xf9, 0x0, 0x0,
    0xf1, 0x0, 0x0, 0x0, 0x79, 0x0, 0x0, 0xf1,
    0x11, 0x11, 0x10, 0x79, 0x0, 0x0, 0xf1, 0xde,
    0xee, 0xf8, 0x79, 0x0, 0x0, 0xf0, 0x0, 0x0,
    0xb4, 0x69, 0x0, 0x0, 0xf0, 0x86, 0x2, 0xe0,
    0x69, 0x0, 0x1, 0xf0, 0x1c, 0x9a, 0x60, 0x6a,
    0x0, 0x3, 0xd0, 0x0, 0xcf, 0x0, 0x5a, 0x0,
    0x6, 0xa0, 0x4, 0xeb, 0xa0, 0x3c, 0x0, 0xa,
    0x60, 0x7e, 0x30, 0xb8, 0x1e, 0x8, 0x1f, 0x18,
    0xb1, 0x0, 0x13, 0xd, 0x78, 0x5a, 0x0, 0x0,
    0x0, 0x0, 0x5, 0xf4, 0x0, 0x0, 0x0, 0x0,
    0x0, 0x0, 0x0,

    /* U+51F0 "凰" */
    0x0, 0xfe, 0xee, 0xee, 0xee, 0xfe, 0x0, 0x0,
    0xf0, 0x0, 0xd3, 0x0, 0x5e, 0x0, 0x0, 0xf4,
    0xdc, 0xdb, 0xbe, 0x5e, 0x0, 0x0, 0xf4, 0xc5,
    0x55, 0x5f, 0x5e, 0x0, 0x0, 0xf4, 0xc5, 0x55,
    0x5f, 0x4e, 0x0, 0x0, 0xf4, 0xeb, 0xbb, 0xbf,
    0x4e, 0x0, 0x1, 0xe1, 0x11, 0x11, 0x11, 0x4f,
    0x0, 0x3, 0xc8, 0xbb, 0xfc, 0xbb, 0x5f, 0x0,
    0x6, 0xa0, 0x11, 0xc4, 0x10, 0x1f, 0x10, 0xa,
    0x63, 0xbb, 0xfc, 0xb9, 0xf, 0x36, 0x1f, 0x46,
    0x66, 0xe8, 0x66, 0x5c, 0x89, 0x49, 0x37, 0x77,
    0x77, 0x77, 0x64, 0xf4, 0x0, 0x0, 0x0, 0x0,
    0x0, 0x0, 0x0,

    /* U+51F9 "凹" */
    0x24, 0x44, 0x30, 0x3, 0x44, 0x42, 0x8d, 0xbc,
    0xe0, 0xe, 0xcb, 0xd8, 0x87, 0x1, 0xe0, 0xe,
    0x10, 0x88, 0x87, 0x1, 0xe0, 0xe, 0x10, 0x88,
    0x87, 0x1, 0xe0, 0xe, 0x10, 0x88, 0x87, 0x3,
    0xfd, 0xdf, 0x20, 0x88, 0x87, 0x0, 0x22, 0x22,
    0x0, 0x88, 0x87, 0x0, 0x0, 0x0, 0x0, 0x88,
    0x87, 0x0, 0x0, 0x0, 0x0, 0x88, 0x87, 0x0,
    0x0, 0x0, 0x0, 0x88, 0x8f, 0xff, 0xff, 0xff,
    0xff, 0xf8, 0x87, 0x0, 0x0, 0x0, 0x0, 0x78,

    /* U+51FA "出" */
    0x0, 0x0, 0x3, 0xe0, 0x0, 0x0, 0x7, 0x40,
    0x3, 0xe0, 0x0, 0xa2, 0xa, 0x70, 0x3, 0xe0,
    0x0, 0xf3, 0xa, 0x70, 0x3, 0xe0, 0x0, 0xf3,
    0xa, 0x70, 0x3, 0xe0, 0x0, 0xf3, 0xa, 0xfe,
    0xee, 0xfe, 0xee, 0xf3, 0x1, 0x22, 0x25, 0xf2,
    0x22, 0x20, 0x4a, 0x0, 0x3, 0xe0, 0x0, 0x49,
    0x5d, 0x0, 0x3, 0xe0, 0x0, 0x6c, 0x5d, 0x0,
    0x3, 0xe0, 0x0, 0x6c, 0x5d, 0x0, 0x3, 0xe0,
    0x0, 0x6c, 0x5f, 0xcc, 0xcc, 0xfc, 0xcc, 0xdc,
    0x14, 0x44, 0x44, 0x44, 0x44, 0x9c,

    /* U+5200 "刀" */
    0x2, 0x44, 0x44, 0x44, 0x44, 0x44, 0x20, 0x8c,
    0xcc, 0xef, 0xcc, 0xcc, 0xea, 0x0, 0x0, 0x7,
    0xb0, 0x0, 0x8, 0x90, 0x0, 0x0, 0x89, 0x0,
    0x0, 0x89, 0x0, 0x0, 0xa, 0x80, 0x0, 0x9,
    0x80, 0x0, 0x0, 0xd5, 0x0, 0x0, 0xa7, 0x0,
    0x0, 0x1f, 0x10, 0x0, 0xa, 0x60, 0x0, 0x7,
    0xc0, 0x0, 0x0, 0xb5, 0x0, 0x1, 0xe5, 0x0,
    0x0, 0xd, 0x40, 0x0, 0xbb, 0x0, 0x0, 0x0,
    0xf2, 0x2, 0xcd, 0x10, 0x0, 0x11, 0x5f, 0x0,
    0xda, 0x10, 0x0, 0xf, 0xff, 0x60, 0x0, 0x0,
    0x0, 0x0, 0x0, 0x0, 0x0,

    /* U+5206 "分" */
    0x0, 0x0, 0x20, 0x0, 0x2, 0x0, 0x0, 0x0,
    0x0, 0xd6, 0x0, 0x5d, 0x0, 0x0, 0x0, 0x5,
    0xe0, 0x0, 0xc, 0x70, 0x0, 0x0, 0x1e, 0x50,
    0x0, 0x2, 0xf3, 0x0, 0x0, 0xba, 0x0, 0x0,
    0x0, 0x6e, 0x20, 0x1b, 0xe5, 0x44, 0x44, 0x44,
    0x5a, 0xe2, 0x8, 0x5b, 0xbe, 0xdb, 0xbb, 0xf5,
    0x60, 0x0, 0x0, 0xd, 0x40, 0x0, 0xc4, 0x0,
    0x0, 0x0, 0x1f, 0x10, 0x0, 0xd3, 0x0, 0x0,
    0x0, 0x7b, 0x0, 0x0, 0xf2, 0x0, 0x0, 0x3,
    0xf3, 0x0, 0x1, 0xf0, 0x0, 0x0, 0x6f, 0x60,
    0x0, 0x5, 0xe0, 0x0, 0xc, 0xc3, 0x0, 0xe,
    0xff, 0x60, 0x0, 0x0, 0x0, 0x0, 0x0, 0x0,
    0x0, 0x0,

    /* U+5207 "切" */
    0x0, 0xe1, 0x1, 0x77, 0x77, 0x77, 0x71, 0x0,
    0xe1, 0x2, 0x99, 0xf9, 0x99, 0xf2, 0x0, 0xe1,
    0x24, 0x0, 0xf0, 0x0, 0xf1, 0x48, 0xff, 0xc8,
    0x1, 0xf0, 0x0, 0xf1, 0x67, 0xf2, 0x0, 0x2,
    0xe0, 0x0, 0xf1, 0x0, 0xe1, 0x0, 0x4, 0xc0,
    0x0, 0xf0, 0x0, 0xe1, 0x0, 0x7, 0xa0, 0x1,
    0xf0, 0x0, 0xe1, 0x49, 0xb, 0x60, 0x2, 0xe0,
    0x0, 0xfd, 0xc5, 0x2f, 0x10, 0x4, 0xd0, 0x5,
    0xc4, 0x0, 0xb9, 0x0, 0x6, 0xb0, 0x0, 0x0,
    0x9, 0xd0, 0x0, 0xa, 0x80, 0x0, 0x0, 0x7c,
    0x10, 0x1f, 0xfd, 0x20, 0x0, 0x0, 0x0, 0x0,
    0x0, 0x0, 0x0,

    /* U+521D "初" */
    0x0, 0x54, 0x0, 0x0, 0x0, 0x0, 0x0, 0x0,
    0x3e, 0x1, 0x99, 0x99, 0x99, 0x91, 0x1, 0x19,
    0x31, 0xaa, 0xfb, 0xaa, 0xf1, 0x3e, 0xee, 0xf7,
    0x0, 0xe3, 0x0, 0xf1, 0x0, 0x1, 0xe2, 0x0,
    0xf1, 0x0, 0xf0, 0x0, 0xa, 0x82, 0x0, 0xf0,
    0x0, 0xf0, 0x0, 0x7f, 0x6c, 0x2, 0xe0, 0x0,
    0xf0, 0x6, 0xff, 0xf2, 0x5, 0xb0, 0x1, 0xf0,
    0x4e, 0x5e, 0x5c, 0x9, 0x70, 0x2, 0xe0, 0x2,
    0x2e, 0x2, 0xf, 0x20, 0x3, 0xd0, 0x0, 0x2e,
    0x0, 0x7c, 0x0, 0x5, 0xb0, 0x0, 0x2e, 0x4,
    0xf3, 0x0, 0xa, 0x80, 0x0, 0x2e, 0xc, 0x60,
    0x3f, 0xfd, 0x20, 0x0, 0x1, 0x0, 0x0, 0x0,
    0x0, 0x0,

    /* U+5229 "利" */
    0x0, 0x0, 0x27, 0xa1, 0x0, 0x0, 0xf0, 0x7a,
    0xef, 0xa5, 0x0, 0x0, 0xf, 0x7, 0x54, 0xe0,
    0x0, 0x4c, 0x0, 0xf0, 0x0, 0x2e, 0x0, 0x4,
    0xc0, 0xf, 0x8, 0x89, 0xf8, 0x84, 0x4c, 0x0,
    0xf0, 0x77, 0xbf, 0x77, 0x44, 0xc0, 0xf, 0x0,
    0xd, 0xf1, 0x0, 0x4c, 0x0, 0xf0, 0x6, 0xbf,
    0xd3, 0x4, 0xc0, 0xf, 0x1, 0xe4, 0xe3, 0xe3,
    0x4c, 0x0, 0xf0, 0xb7, 0x2e, 0x3, 0x12, 0x80,
    0xf, 0x2b, 0x2, 0xe0, 0x0, 0x0, 0x0, 0xf0,
    0x0, 0x2e, 0x0, 0x0, 0x0, 0x1f, 0x0, 0x2,
    0xe0, 0x0, 0x2, 0xff, 0xb0, 0x0, 0x0, 0x0,
    0x0, 0x0, 0x0,

    /* U+522B "别" */
    0x0, 0x0, 0x0, 0x0, 0x0, 0x3, 0xd0, 0xef,
    0xff, 0xfe, 0x0, 0x0, 0x3d, 0xe, 0x10, 0x1,
    0xe0, 0x3d, 0x3, 0xd0, 0xe1, 0x0, 0x1e, 0x3,
    0xd0, 0x3d, 0xe, 0x88, 0x88, 0xe0, 0x3d, 0x3,
    0xd0, 0x67, 0xa7, 0x76, 0x3, 0xd0, 0x3d, 0x0,
    0xe, 0x0, 0x0, 0x3d, 0x3, 0xd6, 0xff, 0xff,
    0xff, 0x23, 0xd0, 0x3d, 0x0, 0x2d, 0x0, 0xe1,
    0x3d, 0x3, 0xd0, 0x6, 0x90, 0xf, 0x2, 0x90,
    0x3d, 0x0, 0xd4, 0x1, 0xf0, 0x0, 0x3, 0xd0,
    0x9b, 0x0, 0x4d, 0x0, 0x0, 0x4c, 0x6b, 0x4,
    0xff, 0x70, 0x6, 0xff, 0x80, 0x0, 0x0, 0x0,
    0x0, 0x0, 0x0,

    /* U+5230 "到" */
    0x0, 0x0, 0x0, 0x0, 0x0, 0x1, 0xe0, 0xff,
    0xff, 0xff, 0xf2, 0x80, 0x1e, 0x0, 0x1e, 0x23,
    0x20, 0xf, 0x1, 0xe0, 0x9, 0x80, 0x3d, 0x0,
    0xf0, 0x1e, 0x5, 0xf7, 0x79, 0xe9, 0xf, 0x1,
    0xe0, 0x6a, 0x86, 0x53, 0xc0, 0xf0, 0x1e, 0x0,
    0x0, 0xd1, 0x0, 0xf, 0x1, 0xe0, 0x47, 0x7f,
    0x87, 0x60, 0xf0, 0x1e, 0x5, 0x88, 0xf8, 0x87,
    0xf, 0x1, 0xe0, 0x0, 0xe, 0x10, 0x0, 0xf0,
    0x1e, 0x0, 0x0, 0xe6, 0x8b, 0x10, 0x1, 0xe0,
    0x9c, 0xfd, 0xa6, 0x30, 0x0, 0x2e, 0x7, 0x41,
    0x0, 0x0, 0x1, 0xfe, 0x90,

    /* U+5236 "制" */
    0x0, 0x0, 0x10, 0x0, 0x0, 0x0, 0x0, 0x27,
    0x1e, 0x0, 0x0, 0x0, 0x1e, 0x7, 0x81, 0xe0,
    0x0, 0x9, 0x11, 0xe0, 0xcf, 0xff, 0xff, 0xd0,
    0xe1, 0x1e, 0x3d, 0x1, 0xe0, 0x0, 0xe, 0x11,
    0xe5, 0xb8, 0x9f, 0x88, 0x82, 0xe1, 0x1e, 0x37,
    0x77, 0xf7, 0x77, 0x2e, 0x11, 0xe0, 0x12, 0x3f,
    0x22, 0x20, 0xe1, 0x1e, 0xd, 0xdd, 0xfd, 0xdf,
    0xe, 0x11, 0xe0, 0xd1, 0x1e, 0x0, 0xf0, 0xe1,
    0x1e, 0xd, 0x11, 0xe0, 0xf, 0x0, 0x1, 0xe0,
    0xd1, 0x1e, 0x0, 0xf0, 0x0, 0x1e, 0xd, 0x11,
    0xe4, 0xec, 0x0, 0x2, 0xe0, 0x0, 0x1e, 0x0,
    0x0, 0x5f, 0xf9, 0x0, 0x0, 0x10, 0x0, 0x0,
    0x0, 0x0,

    /* U+523B "刻" */
    0x0, 0x0, 0x10, 0x0, 0x0, 0x0, 0x0, 0x0,
    0x0, 0xf2, 0x0, 0x0, 0x0, 0xe2, 0x0, 0x0,
    0x98, 0x0, 0x0, 0x0, 0xe2, 0x1e, 0xee, 0xff,
    0xee, 0x86, 0x90, 0xe2, 0x0, 0xa, 0x90, 0x0,
    0x6, 0x90, 0xe2, 0x0, 0x6c, 0x0, 0xa4, 0x6,
    0x90, 0xe2, 0x5, 0xf9, 0x9a, 0xd0, 0x6, 0x90,
    0xe2, 0x4, 0x76, 0x8f, 0x22, 0x6, 0x90, 0xe2,
    0x0, 0x4, 0xe3, 0x1e, 0x36, 0x90, 0xe2, 0x1,
    0x9d, 0x30, 0xc8, 0x6, 0x90, 0xe2, 0x9, 0x90,
    0xb, 0xb0, 0x5, 0x70, 0xe2, 0x0, 0x3, 0xda,
    0xd6, 0x0, 0x0, 0xe2, 0x1, 0x9e, 0x50, 0x1d,
    0x60, 0x0, 0xe1, 0xa, 0x91, 0x0, 0x1, 0x10,
    0xef, 0xc0, 0x0, 0x0, 0x0, 0x0, 0x0, 0x0,
    0x0,

    /* U+5241 "剁" */
    0x0, 0x0, 0x0, 0x0, 0x0, 0x1, 0xe0, 0x8,
    0xfe, 0xfa, 0x0, 0x0, 0x1e, 0x0, 0x97, 0x5,
    0xa0, 0xe, 0x11, 0xe0, 0xc, 0x40, 0x5a, 0x0,
    0xe1, 0x1e, 0x5, 0xe0, 0x5, 0xc5, 0x1e, 0x11,
    0xe0, 0xc3, 0xb, 0x7, 0x72, 0xe1, 0x1e, 0x4,
    0x44, 0xf4, 0x44, 0x1e, 0x11, 0xe1, 0xbb, 0xdf,
    0xdb, 0xb3, 0xe1, 0x1e, 0x0, 0xc, 0xfd, 0x10,
    0xe, 0x11, 0xe0, 0x7, 0xbf, 0x4d, 0x10, 0x90,
    0x1e, 0x6, 0xd1, 0xf0, 0x6c, 0x0, 0x1, 0xe3,
    0xd1, 0xf, 0x0, 0x20, 0x0, 0x2e, 0x0, 0x0,
    0xf0, 0x0, 0x3, 0xfe, 0x90,

    /* U+524D "前" */
    0x0, 0x0, 0x0, 0x0, 0x0, 0x0, 0x0, 0x0,
    0xb, 0x50, 0x0, 0x1, 0xe2, 0x0, 0x0, 0x3,
    0xe1, 0x0, 0xa, 0x90, 0x0, 0xc, 0xcc, 0xec,
    0xcc, 0xcf, 0xcc, 0xc5, 0x3, 0x33, 0x33, 0x33,
    0x33, 0x33, 0x31, 0x1, 0x33, 0x33, 0x20, 0x0,
    0x5, 0x50, 0x6, 0xeb, 0xbc, 0xc0, 0x78, 0x9,
    0x80, 0x6, 0xa0, 0x4, 0xc0, 0x78, 0x9, 0x80,
    0x6, 0xfd, 0xde, 0xc0, 0x78, 0x9, 0x80, 0x6,
    0xa0, 0x4, 0xc0, 0x78, 0x9, 0x80, 0x6, 0xea,
    0xab, 0xc0, 0x78, 0x9, 0x80, 0x6, 0xb3, 0x36,
    0xc0, 0x55, 0x9, 0x80, 0x6, 0xa0, 0x4, 0xc0,
    0x0, 0x9, 0x70, 0x6, 0xa0, 0xce, 0x80, 0x8,
    0xfe, 0x40, 0x0, 0x0, 0x0, 0x0, 0x0, 0x0,
    0x0,

    /* U+526A "剪" */
    0x0, 0x5, 0x70, 0x0, 0x7, 0x40, 0x0, 0x5,
    0x56, 0xf5, 0x55, 0x6f, 0x65, 0x50, 0x7, 0x77,
    0x77, 0x77, 0x77, 0x77, 0x71, 0x1, 0xcb, 0xbb,
    0x90, 0x62, 0xf, 0x0, 0x1, 0xd4, 0x46, 0xc0,
    0xa4, 0xf, 0x0, 0x1, 0xe5, 0x57, 0xc0, 0xa4,
    0xf, 0x0, 0x1, 0xea, 0xab, 0xc0, 0xa3, 0xf,
    0x0, 0x1, 0xc0, 0x18, 0xb0, 0x2, 0x7e, 0x0,
    0x2, 0x53, 0x35, 0x33, 0x33, 0x75, 0x0, 0x8,
    0xaa, 0xac, 0xfa, 0xaa, 0xaf, 0x30, 0x0, 0x0,
    0xb, 0x70, 0x0, 0xf, 0x10, 0x0, 0x15, 0xca,
    0x0, 0x0, 0x2e, 0x0, 0x1d, 0xea, 0x40, 0x0,
    0xbd, 0xe7, 0x0, 0x0, 0x0, 0x0, 0x0, 0x0,
    0x0, 0x0,

    /* U+529B "力" */
    0x0, 0x0, 0x2, 0xe0, 0x0, 0x0, 0x0, 0x0,
    0x0, 0x2e, 0x0, 0x0, 0x0, 0x0, 0x0, 0x2,
    0xe0, 0x0, 0x0, 0x0, 0xbe, 0xee, 0xff, 0xee,
    0xee, 0xf9, 0x1, 0x22, 0x26, 0xd2, 0x22, 0x29,
    0x90, 0x0, 0x0, 0x6b, 0x0, 0x0, 0x88, 0x0,
    0x0, 0xa, 0x80, 0x0, 0x9, 0x70, 0x0, 0x0,
    0xe4, 0x0, 0x0, 0xb6, 0x0, 0x0, 0x6d, 0x0,
    0x0, 0xc, 0x50, 0x0, 0x1e, 0x50, 0x0, 0x0,
    0xe3, 0x0, 0x1c, 0xa0, 0x0, 0x0, 0x1f, 0x10,
    0x2d, 0xb0, 0x0, 0x1, 0x6, 0xd0, 0xc, 0x90,
    0x0, 0x0, 0xff, 0xf5, 0x0, 0x0, 0x0, 0x0,
    0x0, 0x0, 0x0,

    /* U+52A0 "加" */
    0x0, 0x3d, 0x0, 0x0, 0x0, 0x0, 0x0, 0x0,
    0x3c, 0x0, 0x0, 0x22, 0x22, 0x20, 0x1, 0x4c,
    0x11, 0x10, 0xff, 0xff, 0xf0, 0x3f, 0xff, 0xff,
    0xf1, 0xf0, 0x0, 0xf0, 0x0, 0x4b, 0x0, 0xf0,
    0xf0, 0x0, 0xf0, 0x0, 0x5a, 0x0, 0xf0, 0xf0,
    0x0, 0xf0, 0x0, 0x69, 0x0, 0xf0, 0xf0, 0x0,
    0xf0, 0x0, 0x87, 0x0, 0xf0, 0xf0, 0x0, 0xf0,
    0x0, 0xb5, 0x1, 0xf0, 0xf0, 0x0, 0xf0, 0x0,
    0xf1, 0x2, 0xe0, 0xf0, 0x0, 0xf0, 0x5, 0xc0,
    0x3, 0xd0, 0xf1, 0x11, 0xf0, 0xc, 0x60, 0x7,
    0xb0, 0xff, 0xff, 0xf0, 0x4c, 0x7, 0xfe, 0x40,
    0xf0, 0x0, 0xf0, 0x0, 0x0, 0x0, 0x0, 0x0,
    0x0, 0x0,

    /* U+52A8 "动" */
    0x0, 0x0, 0x0, 0x0, 0xd, 0x20, 0x0, 0xa,
    0xdd, 0xdd, 0x80, 0xe, 0x20, 0x0, 0x1, 0x11,
    0x11, 0x10, 0xe, 0x20, 0x0, 0x0, 0x0, 0x0,
    0x7, 0x8f, 0x98, 0x82, 0x1, 0x11, 0x11, 0x9,
    0xaf, 0xaa, 0xf3, 0x3e, 0xff, 0xee, 0xd0, 0xf,
    0x0, 0xd2, 0x0, 0x79, 0x0, 0x0, 0x2e, 0x0,
    0xe2, 0x0, 0xb5, 0xb, 0x0, 0x5b, 0x0, 0xf1,
    0x0, 0xe0, 0xa, 0x50, 0x88, 0x0, 0xf0, 0x6,
    0xa1, 0x5b, 0xb0, 0xd4, 0x1, 0xf0, 0xd, 0xfd,
    0xa6, 0xe4, 0xe0, 0x2, 0xe0, 0x5, 0x10, 0x0,
    0x1c, 0x70, 0x6, 0xb0, 0x0, 0x0, 0x0, 0x4c,
    0xa, 0xfe, 0x40, 0x0, 0x0, 0x0, 0x0, 0x0,
    0x0, 0x0,

    /* U+52B2 "劲" */
    0x0, 0x0, 0x0, 0x0, 0xf, 0x0, 0x3, 0xff,
    0xff, 0xf4, 0x0, 0xf0, 0x0, 0x0, 0x0, 0x5d,
    0x0, 0xf, 0x0, 0x0, 0x0, 0x3e, 0x30, 0x34,
    0xf4, 0x42, 0x0, 0x5e, 0xe6, 0xa, 0xbf, 0xbd,
    0xb3, 0xbc, 0x21, 0xac, 0x1, 0xe0, 0x5a, 0x25,
    0x0, 0x0, 0x20, 0x2d, 0x5, 0xa3, 0xff, 0xff,
    0xf7, 0x4, 0xb0, 0x5a, 0x0, 0xd, 0x30, 0x0,
    0x78, 0x6, 0xa0, 0x0, 0xd3, 0x0, 0xc, 0x40,
    0x69, 0x0, 0xd, 0x66, 0x63, 0xe0, 0x7, 0x94,
    0x9c, 0xfc, 0x95, 0xc7, 0x0, 0x97, 0x47, 0x40,
    0x0, 0x9b, 0x2, 0xfe, 0x20, 0x0, 0x0, 0x1,
    0x0, 0x0, 0x0,

    /* U+52FA "勺" */
    0x0, 0x1, 0xd0, 0x0, 0x0, 0x0, 0x0, 0x0,
    0x7b, 0x0, 0x0, 0x0, 0x0, 0x0, 0xe, 0xed,
    0xdd, 0xdd, 0xdd, 0xb0, 0x6, 0xc3, 0x33, 0x33,
    0x33, 0x6c, 0x1, 0xe3, 0x0, 0x0, 0x0, 0x4,
    0xc0, 0xc9, 0x9, 0x10, 0x0, 0x0, 0x5b, 0x19,
    0x0, 0x7d, 0x10, 0x0, 0x6, 0xa0, 0x0, 0x0,
    0xab, 0x0, 0x0, 0x79, 0x0, 0x0, 0x1, 0xe6,
    0x0, 0x8, 0x80, 0x0, 0x0, 0x5, 0x40, 0x0,
    0xa7, 0x0, 0x0, 0x0, 0x0, 0x0, 0xc, 0x50,
    0x0, 0x0, 0x0, 0x0, 0x2, 0xf1, 0x0, 0x0,
    0x0, 0x1, 0xff, 0xf8, 0x0, 0x0, 0x0, 0x0,
    0x0, 0x0, 0x0,

    /* U+5300 "匀" */
    0x0, 0x0, 0x61, 0x0, 0x0, 0x0, 0x0, 0x0,
    0x2f, 0x10, 0x0, 0x0, 0x0, 0x0, 0x9, 0xb3,
    0x33, 0x33, 0x33, 0x20, 0x3, 0xfd, 0xdd, 0xdd,
    0xdd, 0xe9, 0x0, 0xd6, 0x0, 0x0, 0x0, 0x8,
    0x80, 0xab, 0x2a, 0x20, 0x0, 0x0, 0x98, 0x4d,
    0x10, 0x7e, 0x80, 0x0, 0x9, 0x70, 0x0, 0x0,
    0x1b, 0x60, 0x0, 0xa6, 0x0, 0x0, 0x0, 0x2,
    0x71, 0xb, 0x50, 0x0, 0x3, 0x8d, 0xe9, 0x10,
    0xd4, 0x0, 0x9e, 0xe9, 0x40, 0x0, 0xf, 0x20,
    0x7, 0x40, 0x0, 0x0, 0x4, 0xf0, 0x0, 0x0,
    0x0, 0x9, 0xff, 0xf6, 0x0, 0x0, 0x0, 0x0,
    0x0, 0x0, 0x0,

    /* U+5305 "包" */
    0x0, 0x1, 0xc0, 0x0, 0x0, 0x0, 0x0, 0x0,
    0x8, 0xb0, 0x0, 0x0, 0x0, 0x0, 0x0, 0x2f,
    0xff, 0xff, 0xff, 0xff, 0x30, 0x0, 0xc8, 0x0,
    0x0, 0x0, 0xe, 0x30, 0xb, 0xc4, 0x33, 0x33,
    0x0, 0xe, 0x20, 0x3b, 0x5f, 0xbb, 0xbf, 0x40,
    0xf, 0x10, 0x0, 0x4c, 0x0, 0xc, 0x40, 0xf,
    0x0, 0x0, 0x4c, 0x22, 0x2c, 0x40, 0x1f, 0x0,
    0x0, 0x4f, 0xcc, 0xcc, 0x30, 0x5d, 0x0, 0x0,
    0x4c, 0x0, 0x0, 0x3e, 0xe6, 0x0, 0x0, 0x4c,
    0x0, 0x0, 0x0, 0x0, 0x73, 0x0, 0x3e, 0x10,
    0x0, 0x0, 0x1, 0xd4, 0x0, 0xa, 0xff, 0xff,
    0xff, 0xff, 0xa0,

    /* U+5316 "化" */
    0x0, 0x0, 0x10, 0x0, 0x0, 0x0, 0x0, 0x0,
    0x0, 0xf2, 0xe, 0x30, 0x0, 0x0, 0x0, 0x7,
    0xb0, 0xe, 0x30, 0x0, 0x0, 0x0, 0x1e, 0x30,
    0xe, 0x30, 0x6, 0xa0, 0x0, 0xaf, 0x0, 0xe,
    0x30, 0x3f, 0x50, 0x6, 0xff, 0x0, 0xe, 0x32,
    0xe8, 0x0, 0x2f, 0x6f, 0x0, 0xe, 0x5e, 0x90,
    0x0, 0x5, 0x1f, 0x0, 0xe, 0xf8, 0x0, 0x0,
    0x0, 0x1f, 0x0, 0x8f, 0x60, 0x0, 0x0, 0x0,
    0x1f, 0x2d, 0xcf, 0x30, 0x0, 0x0, 0x0, 0x1f,
    0x5, 0xe, 0x30, 0x0, 0xb3, 0x0, 0x1f, 0x0,
    0xe, 0x30, 0x0, 0xd3, 0x0, 0x1f, 0x0, 0xe,
    0x51, 0x12, 0xf1, 0x0, 0x1f, 0x0, 0x7, 0xff,
    0xff, 0x90,

    /* U+5317 "北" */
    0x0, 0x0, 0x0, 0x0, 0x0, 0x0, 0x0, 0x0,
    0x0, 0x89, 0x2, 0xf0, 0x0, 0x0, 0x0, 0x0,
    0x89, 0x2, 0xf0, 0x0, 0x0, 0x0, 0x0, 0x89,
    0x2, 0xf0, 0x0, 0x10, 0x1, 0x11, 0x99, 0x2,
    0xf0, 0x6, 0xf2, 0x2f, 0xff, 0xf9, 0x2, 0xf1,
    0xbd, 0x40, 0x0, 0x0, 0x89, 0x2, 0xfe, 0x80,
    0x0, 0x0, 0x0, 0x89, 0x2, 0xf1, 0x0, 0x0,
    0x0, 0x0, 0x89, 0x2, 0xf0, 0x0, 0x0, 0x0,
    0x0, 0x89, 0x2, 0xf0, 0x0, 0x0, 0x0, 0x4a,
    0xf9, 0x2, 0xf0, 0x0, 0x38, 0x4e, 0xd7, 0x99,
    0x2, 0xf0, 0x0, 0x4b, 0x14, 0x0, 0x89, 0x1,
    0xf1, 0x0, 0x89, 0x0, 0x0, 0x89, 0x0, 0xbf,
    0xff, 0xe3,

    /* U+533A "区" */
    0xdf, 0xff, 0xff, 0xff, 0xff, 0xfc, 0xd, 0x20,
    0x0, 0x0, 0x0, 0x10, 0x0, 0xd2, 0x14, 0x0,
    0x0, 0x7c, 0x0, 0xd, 0x22, 0xd7, 0x0, 0x2e,
    0x20, 0x0, 0xd2, 0x1, 0xc9, 0x1d, 0x60, 0x0,
    0xd, 0x20, 0x0, 0xbe, 0xa0, 0x0, 0x0, 0xd2,
    0x0, 0xa, 0xec, 0x0, 0x0, 0xd, 0x20, 0x1b,
    0xb0, 0xac, 0x10, 0x0, 0xd2, 0x3d, 0xa0, 0x0,
    0xac, 0x0, 0xd, 0x2a, 0x70, 0x0, 0x0, 0xa2,
    0x0, 0xd2, 0x0, 0x0, 0x0, 0x0, 0x0, 0xd,
    0xff, 0xff, 0xff, 0xff, 0xff, 0xf1,

    /* U+5341 "十" */
    0x0, 0x0, 0x0, 0x5d, 0x0, 0x0, 0x0, 0x0,
    0x0, 0x0, 0x5d, 0x0, 0x0, 0x0, 0x0, 0x0,
    0x0, 0x5d, 0x0, 0x0, 0x0, 0x0, 0x0, 0x0,
    0x5d, 0x0, 0x0, 0x0, 0x0, 0x0, 0x0, 0x5d,
    0x0, 0x0, 0x0, 0x5, 0x55, 0x55, 0x8e, 0x55,
    0x55, 0x52, 0xc, 0xcc, 0xcc, 0xdf, 0xcc, 0xcc,
    0xc6, 0x0, 0x0, 0x0, 0x5d, 0x0, 0x0, 0x0,
    0x0, 0x0, 0x0, 0x5d, 0x0, 0x0, 0x0, 0x0,
    0x0, 0x0, 0x5d, 0x0, 0x0, 0x0, 0x0, 0x0,
    0x0, 0x5d, 0x0, 0x0, 0x0, 0x0, 0x0, 0x0,
    0x5d, 0x0, 0x0, 0x0, 0x0, 0x0, 0x0, 0x5d,
    0x0, 0x0, 0x0,

    /* U+5343 "千" */
    0x0, 0x0, 0x0, 0x0, 0x0, 0x40, 0x0, 0x0,
    0x1, 0x35, 0x7a, 0xdf, 0xc4, 0x0, 0x8, 0xfe,
    0xca, 0xe8, 0x30, 0x0, 0x0, 0x0, 0x0, 0x0,
    0xd4, 0x0, 0x0, 0x0, 0x0, 0x0, 0x0, 0xd4,
    0x0, 0x0, 0x0, 0x1, 0x11, 0x11, 0xd5, 0x11,
    0x11, 0x10, 0x7f, 0xff, 0xff, 0xff, 0xff, 0xff,
    0xf0, 0x0, 0x0, 0x0, 0xd4, 0x0, 0x0, 0x0,
    0x0, 0x0, 0x0, 0xd4, 0x0, 0x0, 0x0, 0x0,
    0x0, 0x0, 0xd4, 0x0, 0x0, 0x0, 0x0, 0x0,
    0x0, 0xd4, 0x0, 0x0, 0x0, 0x0, 0x0, 0x0,
    0xd4, 0x0, 0x0, 0x0, 0x0, 0x0, 0x0, 0xd4,
    0x0, 0x0, 0x0,

    /* U+5347 "升" */
    0x0, 0x0, 0x1, 0x82, 0xe, 0x20, 0x0, 0x0,
    0x4, 0xaf, 0xa2, 0xe, 0x20, 0x0, 0x9, 0xed,
    0xf1, 0x0, 0xe, 0x20, 0x0, 0x5, 0x12, 0xf0,
    0x0, 0xe, 0x20, 0x0, 0x0, 0x2, 0xf0, 0x0,
    0xe, 0x20, 0x0, 0x1, 0x13, 0xf1, 0x11, 0x1f,
    0x31, 0x10, 0x4f, 0xff, 0xff, 0xff, 0xff, 0xff,
    0xf2, 0x0, 0x3, 0xd0, 0x0, 0xe, 0x20, 0x0,
    0x0, 0x6, 0xb0, 0x0, 0xe, 0x20, 0x0, 0x0,
    0xb, 0x70, 0x0, 0xe, 0x20, 0x0, 0x0, 0x5e,
    0x10, 0x0, 0xe, 0x20, 0x0, 0x5, 0xf4, 0x0,
    0x0, 0xe, 0x20, 0x0, 0x2d, 0x40, 0x0, 0x0,
    0xe, 0x20, 0x0, 0x0, 0x0, 0x0, 0x0, 0x0,
    0x0, 0x0,

    /* U+534A "半" */
    0x0, 0x60, 0x0, 0xd4, 0x0, 0x44, 0x0, 0x0,
    0xc6, 0x0, 0xd4, 0x0, 0xd6, 0x0, 0x0, 0x4e,
    0x0, 0xd4, 0x4, 0xe0, 0x0, 0x0, 0xd, 0x40,
    0xd4, 0xc, 0x50, 0x0, 0x0, 0x12, 0x11, 0xd5,
    0x12, 0x11, 0x0, 0x8, 0xff, 0xff, 0xff, 0xff,
    0xff, 0x30, 0x0, 0x0, 0x0, 0xd4, 0x0, 0x0,
    0x0, 0x0, 0x0, 0x0, 0xd4, 0x0, 0x0, 0x0,
    0x7f, 0xff, 0xff, 0xff, 0xff, 0xff, 0xf0, 0x1,
    0x11, 0x11, 0xd5, 0x11, 0x11, 0x10, 0x0, 0x0,
    0x0, 0xd4, 0x0, 0x0, 0x0, 0x0, 0x0, 0x0,
    0xd4, 0x0, 0x0, 0x0, 0x0, 0x0, 0x0, 0xd4,
    0x0, 0x0, 0x0,

    /* U+534E "华" */
    0x0, 0x0, 0x10, 0x0, 0x0, 0x0, 0x0, 0x0,
    0x2, 0xf1, 0xd, 0x40, 0x0, 0x0, 0x0, 0xd,
    0x70, 0xd, 0x40, 0x5d, 0x60, 0x0, 0xbf, 0x20,
    0xd, 0x9d, 0xd6, 0x0, 0x2c, 0xbf, 0x26, 0xbf,
    0xb4, 0x0, 0x0, 0x29, 0xe, 0x28, 0x4d, 0x40,
    0x0, 0x60, 0x0, 0xe, 0x20, 0xd, 0x40, 0x0,
    0xf0, 0x0, 0xe, 0x20, 0x7, 0xee, 0xee, 0x90,
    0x0, 0x4, 0x0, 0x93, 0x0, 0x0, 0x0, 0x1,
    0x11, 0x11, 0xd5, 0x11, 0x11, 0x10, 0x8f, 0xff,
    0xff, 0xff, 0xff, 0xff, 0xf0, 0x0, 0x0, 0x0,
    0xd4, 0x0, 0x0, 0x0, 0x0, 0x0, 0x0, 0xd4,
    0x0, 0x0, 0x0, 0x0, 0x0, 0x0, 0xd4, 0x0,
    0x0, 0x0,

    /* U+5355 "单" */
    0x0, 0x5, 0x40, 0x0, 0x3, 0x70, 0x0, 0x0,
    0x3, 0xe1, 0x0, 0xd, 0x70, 0x0, 0x0, 0x55,
    0xc9, 0x55, 0x9e, 0x55, 0x0, 0x0, 0xe9, 0x99,
    0xeb, 0x99, 0x9f, 0x0, 0x0, 0xe1, 0x0, 0xc4,
    0x0, 0xf, 0x0, 0x0, 0xed, 0xdd, 0xfe, 0xdd,
    0xdf, 0x0, 0x0, 0xe1, 0x0, 0xc4, 0x0, 0xf,
    0x0, 0x0, 0xed, 0xdd, 0xfe, 0xdd, 0xdf, 0x0,
    0x0, 0x11, 0x11, 0xd5, 0x11, 0x11, 0x0, 0x12,
    0x22, 0x22, 0xd6, 0x22, 0x22, 0x20, 0x6d, 0xdd,
    0xdd, 0xfd, 0xdd, 0xdd, 0xd0, 0x0, 0x0, 0x0,
    0xc4, 0x0, 0x0, 0x0, 0x0, 0x0, 0x0, 0xc4,
    0x0, 0x0, 0x0,

    /* U+5357 "南" */
    0x0, 0x0, 0x4, 0xe0, 0x0, 0x0, 0x1, 0x22,
    0x22, 0x5f, 0x22, 0x22, 0x21, 0xbd, 0xdd, 0xde,
    0xfd, 0xdd, 0xdd, 0x70, 0x0, 0x0, 0x4e, 0x0,
    0x0, 0x0, 0x2e, 0xee, 0xee, 0xfe, 0xee, 0xe9,
    0x3, 0xe1, 0x2a, 0x11, 0x39, 0x17, 0xa0, 0x3e,
    0x0, 0xb4, 0x9, 0x50, 0x6a, 0x3, 0xe0, 0xde,
    0xdd, 0xfd, 0x86, 0xa0, 0x3e, 0x0, 0x3, 0xd0,
    0x0, 0x6a, 0x3, 0xe3, 0xbb, 0xcf, 0xbb, 0x96,
    0xa0, 0x3e, 0x13, 0x35, 0xd3, 0x32, 0x6a, 0x3,
    0xe0, 0x0, 0x3d, 0x0, 0x6, 0xa0, 0x3e, 0x0,
    0x3, 0xd0, 0x6e, 0xe6, 0x0, 0x0, 0x0, 0x0,
    0x0, 0x0, 0x0,

    /* U+535A "博" */
    0x0, 0x0, 0x0, 0x0, 0x0, 0x0, 0x0, 0x0,
    0xe1, 0x0, 0x0, 0xe1, 0xa6, 0x0, 0x0, 0xe1,
    0x0, 0x0, 0xe1, 0x2c, 0x70, 0x0, 0xe1, 0x9d,
    0xdd, 0xfd, 0xdd, 0xd0, 0x0, 0xe2, 0x7, 0x88,
    0xf8, 0x88, 0x50, 0x9f, 0xff, 0xbe, 0x22, 0xe4,
    0x28, 0xb0, 0x0, 0xe1, 0xe, 0x99, 0xfa, 0x9c,
    0xb0, 0x0, 0xe1, 0xe, 0xbb, 0xfb, 0xbd, 0xb0,
    0x0, 0xe1, 0xd, 0x0, 0xc1, 0x16, 0xa0, 0x0,
    0xe1, 0x0, 0x0, 0x0, 0xe1, 0x0, 0x0, 0xe1,
    0xde, 0xee, 0xee, 0xfe, 0xe3, 0x0, 0xe1, 0x4,
    0xb1, 0x0, 0xe1, 0x0, 0x0, 0xe1, 0x0, 0x6b,
    0x0, 0xe1, 0x0, 0x0, 0xe1, 0x0, 0x0, 0xad,
    0xd0, 0x0,

    /* U+535C "卜" */
    0xe4, 0x0, 0x0, 0x0, 0xe4, 0x0, 0x0, 0x0,
    0xe4, 0x0, 0x0, 0x0, 0xe4, 0x0, 0x0, 0x0,
    0xe9, 0x30, 0x0, 0x0, 0xea, 0xfb, 0x40, 0x0,
    0xe4, 0x18, 0xfb, 0x30, 0xe4, 0x0, 0x1a, 0xf3,
    0xe4, 0x0, 0x0, 0x30, 0xe4, 0x0, 0x0, 0x0,
    0xe4, 0x0, 0x0, 0x0, 0xe4, 0x0, 0x0, 0x0,
    0xe4, 0x0, 0x0, 0x0,

    /* U+5361 "卡" */
    0x0, 0x0, 0x0, 0xe2, 0x0, 0x0, 0x0, 0x0,
    0x0, 0x0, 0xe2, 0x0, 0x0, 0x0, 0x0, 0x0,
    0x0, 0xef, 0xff, 0xfc, 0x0, 0x0, 0x0, 0x0,
    0xe3, 0x0, 0x0, 0x0, 0x0, 0x0, 0x0, 0xe2,
    0x0, 0x0, 0x0, 0x3a, 0xaa, 0xaa, 0xfb, 0xaa,
    0xaa, 0xa2, 0x26, 0x66, 0x66, 0xf8, 0x66, 0x66,
    0x61, 0x0, 0x0, 0x0, 0xe3, 0x0, 0x0, 0x0,
    0x0, 0x0, 0x0, 0xe8, 0xd7, 0x10, 0x0, 0x0,
    0x0, 0x0, 0xe3, 0x29, 0xea, 0x20, 0x0, 0x0,
    0x0, 0xe3, 0x0, 0x17, 0x30, 0x0, 0x0, 0x0,
    0xe3, 0x0, 0x0, 0x0, 0x0, 0x0, 0x0, 0xe3,
    0x0, 0x0, 0x0,

    /* U+5364 "卤" */
    0x0, 0x0, 0x9, 0x80, 0x0, 0x0, 0x0, 0x0,
    0x0, 0x99, 0x33, 0x33, 0x30, 0x0, 0x0, 0x9,
    0xdb, 0xbb, 0xbb, 0x10, 0x0, 0x0, 0x98, 0x0,
    0x0, 0x0, 0x7f, 0xee, 0xee, 0xee, 0xee, 0xf6,
    0x7, 0x90, 0x40, 0x0, 0x3b, 0x9, 0x60, 0x79,
    0x9, 0xe4, 0x1e, 0x50, 0x96, 0x7, 0x90, 0x3,
    0xef, 0x80, 0x9, 0x60, 0x79, 0x0, 0x4e, 0xcd,
    0x20, 0x96, 0x7, 0x92, 0xae, 0x40, 0x7e, 0x39,
    0x60, 0x79, 0x28, 0x10, 0x0, 0x51, 0x96, 0x7,
    0xeb, 0xbb, 0xbb, 0xbb, 0xbe, 0x60, 0x7a, 0x33,
    0x33, 0x33, 0x33, 0xb6, 0x0, 0x0, 0x0, 0x0,
    0x0, 0x0, 0x0,

    /* U+5373 "即" */
    0x6f, 0xff, 0xff, 0xe, 0xff, 0xff, 0x6, 0xa0,
    0x0, 0xf0, 0xe2, 0x0, 0xf0, 0x6b, 0x0, 0xf,
    0xe, 0x20, 0xf, 0x6, 0xfe, 0xee, 0xf0, 0xe2,
    0x0, 0xf0, 0x6a, 0x0, 0xf, 0xe, 0x20, 0xf,
    0x6, 0xb2, 0x22, 0xf0, 0xe2, 0x0, 0xf0, 0x6f,
    0xdd, 0xdd, 0xe, 0x20, 0xf, 0x6, 0xa0, 0x26,
    0x0, 0xe2, 0x0, 0xf0, 0x6a, 0x1, 0xe2, 0xe,
    0x2b, 0xde, 0x6, 0xb6, 0xcf, 0xb0, 0xe2, 0x12,
    0x0, 0xcf, 0xa5, 0xd, 0x2e, 0x20, 0x0, 0x4,
    0x10, 0x0, 0x10, 0xe2, 0x0, 0x0,

    /* U+5374 "却" */
    0x0, 0x1, 0xe0, 0x0, 0x0, 0x0, 0x0, 0x0,
    0x1, 0xe0, 0x0, 0xcf, 0xff, 0xf0, 0x7, 0xdd,
    0xfd, 0xd2, 0xc3, 0x0, 0xf0, 0x1, 0x34, 0xf3,
    0x30, 0xc3, 0x0, 0xf0, 0x0, 0x1, 0xe0, 0x0,
    0xc3, 0x0, 0xf0, 0x1, 0x13, 0xf1, 0x10, 0xc3,
    0x0, 0xf0, 0xe, 0xef, 0xfe, 0xe7, 0xc3, 0x0,
    0xf0, 0x0, 0xa, 0x70, 0x0, 0xc3, 0x0, 0xf0,
    0x0, 0x1e, 0x17, 0x70, 0xc3, 0x0, 0xf0, 0x0,
    0x98, 0x1, 0xd0, 0xc3, 0x22, 0xf0, 0x3, 0xfa,
    0xbe, 0xf5, 0xc3, 0xae, 0x90, 0x9, 0x95, 0x20,
    0x47, 0xc3, 0x0, 0x0, 0x0, 0x0, 0x0, 0x0,
    0xc3, 0x0, 0x0,

    /* U+5377 "卷" */
    0x0, 0x1, 0x0, 0x26, 0x0, 0x10, 0x0, 0x0,
    0xc, 0x50, 0x7a, 0x2, 0xd0, 0x0, 0x0, 0x24,
    0xc2, 0xc7, 0x2c, 0x62, 0x0, 0x3, 0xcc, 0xce,
    0xfc, 0xcc, 0xcc, 0x20, 0x0, 0x0, 0xc, 0x60,
    0x0, 0x0, 0x0, 0x1f, 0xff, 0xff, 0xff, 0xff,
    0xff, 0xf2, 0x0, 0x8, 0xd1, 0x0, 0x2e, 0x50,
    0x0, 0x2, 0xbf, 0xdc, 0xcc, 0xcd, 0xeb, 0x30,
    0x3e, 0x77, 0xa2, 0x22, 0x5d, 0x19, 0xf5, 0x0,
    0x6, 0x90, 0x0, 0x5b, 0x0, 0x10, 0x0, 0x6,
    0x90, 0x5c, 0xc4, 0x16, 0x0, 0x0, 0x6, 0xa0,
    0x0, 0x0, 0x4c, 0x0, 0x0, 0x2, 0xdf, 0xff,
    0xff, 0xe5, 0x0,

    /* U+5385 "厅" */
    0x3, 0xff, 0xff, 0xff, 0xff, 0xff, 0xf5, 0x3,
    0xd0, 0x0, 0x0, 0x0, 0x0, 0x0, 0x3, 0xd0,
    0x0, 0x0, 0x0, 0x0, 0x0, 0x3, 0xd3, 0x77,
    0x77, 0x77, 0x77, 0x70, 0x3, 0xd3, 0x88, 0x88,
    0xf9, 0x88, 0x80, 0x3, 0xd0, 0x0, 0x0, 0xe2,
    0x0, 0x0, 0x4, 0xc0, 0x0, 0x0, 0xe2, 0x0,
    0x0, 0x5, 0xa0, 0x0, 0x0, 0xe2, 0x0, 0x0,
    0x8, 0x80, 0x0, 0x0, 0xe2, 0x0, 0x0, 0xb,
    0x50, 0x0, 0x0, 0xe2, 0x0, 0x0, 0x1f, 0x10,
    0x0, 0x0, 0xe2, 0x0, 0x0, 0x39, 0x0, 0x5,
    0xff, 0xc0, 0x0, 0x0, 0x0, 0x0, 0x0, 0x0,
    0x0, 0x0, 0x0,

    /* U+538B "压" */
    0x6, 0xff, 0xff, 0xff, 0xff, 0xff, 0xf2, 0x6,
    0xa0, 0x0, 0x1, 0x0, 0x0, 0x0, 0x6, 0xa0,
    0x0, 0xc, 0x40, 0x0, 0x0, 0x6, 0xa0, 0x0,
    0xc, 0x40, 0x0, 0x0, 0x6, 0xa0, 0x11, 0x1c,
    0x51, 0x11, 0x0, 0x6, 0x98, 0xee, 0xef, 0xfe,
    0xee, 0x60, 0x7, 0x80, 0x0, 0xc, 0x40, 0x0,
    0x0, 0x8, 0x70, 0x0, 0xc, 0x44, 0xc1, 0x0,
    0xa, 0x50, 0x0, 0xc, 0x40, 0x6c, 0x0, 0xd,
    0x20, 0x0, 0xc, 0x40, 0x2, 0x0, 0x2e, 0x59,
    0x99, 0x9e, 0xb9, 0x99, 0x91, 0x47, 0x36, 0x66,
    0x66, 0x66, 0x66, 0x60,

    /* U+5398 "厘" */
    0x2, 0xff, 0xff, 0xff, 0xff, 0xff, 0xf3, 0x2,
    0xe0, 0x0, 0x0, 0x0, 0x0, 0x0, 0x2, 0xe0,
    0xfd, 0xde, 0xfd, 0xdf, 0x10, 0x2, 0xe0, 0xf0,
    0x2, 0xc0, 0xe, 0x10, 0x2, 0xe0, 0xfd, 0xdd,
    0xfd, 0xdf, 0x10, 0x2, 0xd0, 0xf0, 0x2, 0xc0,
    0xe, 0x10, 0x3, 0xc0, 0xfb, 0xbc, 0xfb, 0xbf,
    0x10, 0x5, 0xb0, 0x11, 0x14, 0xd1, 0x11, 0x0,
    0x8, 0x80, 0xcd, 0xdd, 0xfd, 0xdd, 0x80, 0xc,
    0x50, 0x11, 0x15, 0xd1, 0x11, 0x0, 0x2f, 0x7,
    0x77, 0x79, 0xe7, 0x77, 0x74, 0x26, 0x7, 0x77,
    0x77, 0x77, 0x77, 0x74,

    /* U+539F "原" */
    0x2, 0xff, 0xff, 0xff, 0xff, 0xff, 0xf3, 0x2,
    0xe0, 0x0, 0x8, 0x80, 0x0, 0x0, 0x2, 0xe0,
    0xbc, 0xcf, 0xdc, 0xcc, 0x10, 0x2, 0xe0, 0xe2,
    0x0, 0x0, 0xf, 0x10, 0x2, 0xd0, 0xeb, 0xaa,
    0xaa, 0xaf, 0x10, 0x3, 0xd0, 0xe4, 0x22, 0x22,
    0x2f, 0x10, 0x4, 0xc0, 0xe4, 0x22, 0x22, 0x2f,
    0x10, 0x6, 0xa0, 0x9a, 0xab, 0xfa, 0xaa, 0x10,
    0x8, 0x80, 0x9, 0x3, 0xd0, 0x70, 0x0, 0xc,
    0x40, 0xb8, 0x3, 0xd0, 0x7c, 0x0, 0x2e, 0xb,
    0x90, 0x3, 0xd0, 0x9, 0xb0, 0x26, 0x3, 0x3,
    0xee, 0x90, 0x0, 0x40, 0x0, 0x0, 0x0, 0x0,
    0x0, 0x0, 0x0,

    /* U+53A6 "厦" */
    0x3, 0xff, 0xff, 0xff, 0xff, 0xff, 0xf3, 0x3,
    0xd3, 0x55, 0x55, 0x55, 0x55, 0x40, 0x3, 0xd5,
    0x66, 0x6d, 0xa6, 0x66, 0x50, 0x3, 0xd0, 0xaa,
    0xac, 0xaa, 0xb7, 0x0, 0x3, 0xc0, 0xc8, 0x77,
    0x77, 0xa9, 0x0, 0x4, 0xc0, 0xc6, 0x33, 0x33,
    0x89, 0x0, 0x4, 0xb0, 0xcb, 0xaa, 0xaa, 0xc9,
    0x0, 0x6, 0xa0, 0x99, 0xba, 0x88, 0xa7, 0x0,
    0x8, 0x80, 0x1a, 0xfc, 0xbb, 0xb0, 0x0, 0xc,
    0x5a, 0xcc, 0x81, 0x3c, 0x70, 0x0, 0x1f, 0x1,
    0x14, 0xdf, 0xf9, 0x31, 0x0, 0x38, 0x2d, 0xc9,
    0x61, 0x37, 0xad, 0xe2,

    /* U+53A8 "厨" */
    0x6, 0xff, 0xff, 0xff, 0xff, 0xff, 0xf4, 0x6,
    0x90, 0x0, 0x0, 0x0, 0x9, 0x0, 0x6, 0x9c,
    0xee, 0xee, 0x30, 0xe, 0x10, 0x6, 0x90, 0x0,
    0x0, 0x34, 0x4f, 0x51, 0x6, 0x98, 0xdc, 0xce,
    0x8b, 0xbf, 0xc3, 0x6, 0x98, 0x60, 0x1e, 0x22,
    0xe, 0x10, 0x7, 0x88, 0xdb, 0xce, 0x4b, 0xe,
    0x10, 0x8, 0x71, 0x50, 0x45, 0xd, 0x1e, 0x10,
    0xa, 0x50, 0xd0, 0x86, 0x5, 0x1e, 0x10, 0xd,
    0x20, 0xc1, 0xd1, 0x0, 0xe, 0x10, 0x2e, 0x15,
    0x8a, 0xfe, 0x50, 0xe, 0x10, 0x48, 0x29, 0x75,
    0x31, 0x8, 0xed, 0x0, 0x0, 0x0, 0x0, 0x0,
    0x0, 0x0, 0x0,

    /* U+53BB "去" */
    0x0, 0x0, 0x0, 0xc5, 0x0, 0x0, 0x0, 0x0,
    0x0, 0x0, 0xc5, 0x0, 0x0, 0x0, 0x5, 0xcc,
    0xcc, 0xfd, 0xcc, 0xcc, 0x0, 0x1, 0x44, 0x44,
    0xd8, 0x44, 0x44, 0x0, 0x0, 0x0, 0x0, 0xc5,
    0x0, 0x0, 0x0, 0x0, 0x0, 0x0, 0xc5, 0x0,
    0x0, 0x0, 0x6d, 0xdd, 0xdd, 0xfe, 0xdd, 0xdd,
    0xd1, 0x13, 0x33, 0x6f, 0x43, 0x33, 0x33, 0x30,
    0x0, 0x0, 0xd6, 0x0, 0x6a, 0x0, 0x0, 0x0,
    0x8, 0xb0, 0x0, 0xc, 0x70, 0x0, 0x0, 0x5d,
    0x10, 0x0, 0x4, 0xf4, 0x0, 0x4, 0xfd, 0xcd,
    0xef, 0xfe, 0xde, 0x0, 0x2, 0x75, 0x43, 0x10,
    0x0, 0xb, 0x30,

    /* U+53BF "县" */
    0x0, 0xf, 0xee, 0xee, 0xee, 0xf4, 0x0, 0x0,
    0xf, 0x0, 0x0, 0x0, 0xc4, 0x0, 0x0, 0xf,
    0xee, 0xee, 0xee, 0xf4, 0x0, 0x0, 0xf, 0x0,
    0x0, 0x0, 0xc4, 0x0, 0x0, 0xf, 0x11, 0x11,
    0x11, 0xd4, 0x0, 0x0, 0xf, 0xcc, 0xcc, 0xcc,
    0xf4, 0x0, 0x0, 0xf, 0x0, 0x0, 0x0, 0xc4,
    0x0, 0x3e, 0xef, 0xee, 0xee, 0xee, 0xff, 0xe3,
    0x0, 0x1, 0xca, 0x0, 0x2c, 0x20, 0x0, 0x0,
    0x1b, 0x90, 0x0, 0x4, 0xe2, 0x0, 0x2, 0xee,
    0xbb, 0xcd, 0xdd, 0xee, 0x20, 0x0, 0x64, 0x32,
    0x11, 0x0, 0x5, 0x70,

    /* U+53C2 "参" */
    0x0, 0x0, 0x0, 0x0, 0x0, 0x0, 0x0, 0x0,
    0x0, 0x5, 0xc0, 0x24, 0x0, 0x0, 0x0, 0x0,
    0x6e, 0x30, 0x3d, 0x90, 0x0, 0x0, 0x1b, 0xfc,
    0xbb, 0xcd, 0xfc, 0x10, 0x0, 0x67, 0x47, 0xe2,
    0x10, 0xb, 0x60, 0x0, 0x0, 0xb, 0x70, 0x0,
    0x0, 0x0, 0x1e, 0xee, 0xff, 0xee, 0xff, 0xee,
    0xe7, 0x0, 0x4, 0xf3, 0x2, 0x2d, 0x70, 0x0,
    0x0, 0x6f, 0x54, 0xac, 0x31, 0xca, 0x10, 0xb,
    0xd4, 0xca, 0x40, 0x67, 0x9, 0xe5, 0x4, 0x0,
    0x3, 0x8d, 0x91, 0x10, 0x31, 0x0, 0x2, 0xeb,
    0x61, 0x4, 0xe6, 0x0, 0x0, 0x0, 0x0, 0x37,
    0xdb, 0x30, 0x0, 0x0, 0x1a, 0xce, 0xc7, 0x20,
    0x0, 0x0, 0x0, 0x4, 0x20, 0x0, 0x0, 0x0,
    0x0,

    /* U+53C9 "叉" */
    0x2, 0x33, 0x33, 0x33, 0x33, 0x32, 0x0, 0x8,
    0xfe, 0xdd, 0xdd, 0xdd, 0xef, 0x0, 0x0, 0x6a,
    0x1, 0x30, 0x0, 0x7a, 0x0, 0x0, 0x1f, 0x13,
    0xe5, 0x0, 0xd4, 0x0, 0x0, 0x9, 0x80, 0x2e,
    0x36, 0xc0, 0x0, 0x0, 0x1, 0xf2, 0x2, 0x1e,
    0x30, 0x0, 0x0, 0x0, 0x7d, 0x0, 0xb9, 0x0,
    0x0, 0x0, 0x0, 0xb, 0xba, 0xc0, 0x0, 0x0,
    0x0, 0x0, 0x1, 0xff, 0x20, 0x0, 0x0, 0x0,
    0x0, 0x5e, 0xaa, 0xe6, 0x0, 0x0, 0x0, 0x5c,
    0xe5, 0x0, 0x5d, 0xd7, 0x20, 0x4e, 0xd6, 0x0,
    0x0, 0x0, 0x5b, 0xf3, 0x3, 0x0, 0x0, 0x0,
    0x0, 0x0, 0x0,

    /* U+53CB "友" */
    0x0, 0x0, 0x4c, 0x0, 0x0, 0x0, 0x0, 0x0,
    0x0, 0x5b, 0x0, 0x0, 0x0, 0x0, 0x3, 0x33,
    0x8b, 0x33, 0x33, 0x33, 0x30, 0xd, 0xdd, 0xfe,
    0xdd, 0xdd, 0xdd, 0xd1, 0x0, 0x0, 0xc5, 0x0,
    0x0, 0x0, 0x0, 0x0, 0x0, 0xfd, 0xcc, 0xcc,
    0xc5, 0x0, 0x0, 0x4, 0xfc, 0x44, 0x44, 0xf4,
    0x0, 0x0, 0xa, 0x9e, 0x30, 0x6, 0xc0, 0x0,
    0x0, 0x1f, 0x24, 0xd1, 0x2e, 0x30, 0x0, 0x0,
    0x9a, 0x0, 0x8d, 0xe7, 0x0, 0x0, 0x4, 0xf2,
    0x0, 0x6f, 0xf6, 0x0, 0x0, 0x3f, 0x51, 0x6d,
    0xc3, 0x3c, 0xe8, 0x40, 0x3, 0x7, 0xa4, 0x0,
    0x0, 0x39, 0xc1,

    /* U+53CC "双" */
    0x1e, 0xee, 0xef, 0x6e, 0xee, 0xef, 0x80, 0x1,
    0x11, 0x1e, 0x1d, 0x41, 0x19, 0x80, 0x2, 0x0,
    0xe, 0xa, 0x50, 0xb, 0x50, 0xb, 0x80, 0x4b,
    0x7, 0x80, 0xf, 0x10, 0x1, 0xd4, 0x87, 0x3,
    0xd0, 0x4d, 0x0, 0x0, 0x3e, 0xd3, 0x0, 0xe1,
    0xb7, 0x0, 0x0, 0x8, 0xf0, 0x0, 0x9a, 0xf1,
    0x0, 0x0, 0xa, 0xf6, 0x0, 0x3f, 0x80, 0x0,
    0x0, 0x3e, 0x3e, 0x10, 0x7f, 0x90, 0x0, 0x1,
    0xd5, 0x9, 0x36, 0xe4, 0xe5, 0x0, 0x1c, 0xa0,
    0x1, 0x9e, 0x30, 0x4f, 0x70, 0x29, 0x0, 0x1,
    0xa1, 0x0, 0x3, 0xa0,

    /* U+53D1 "发" */
    0x0, 0x0, 0x0, 0x0, 0x0, 0x0, 0x0, 0x0,
    0x7, 0x10, 0xb6, 0x3, 0x70, 0x0, 0x0, 0x3e,
    0x0, 0xe4, 0x1, 0xd6, 0x0, 0x0, 0x98, 0x1,
    0xf1, 0x0, 0x18, 0x0, 0x2, 0xfd, 0xcd, 0xfc,
    0xcc, 0xcc, 0xc0, 0x0, 0x53, 0x3b, 0xa3, 0x33,
    0x33, 0x30, 0x0, 0x0, 0xf, 0x51, 0x11, 0x10,
    0x0, 0x0, 0x0, 0x6f, 0xff, 0xff, 0xfa, 0x0,
    0x0, 0x0, 0xef, 0x40, 0x0, 0xe4, 0x0, 0x0,
    0xa, 0xc3, 0xe1, 0x9, 0xc0, 0x0, 0x0, 0x7e,
    0x20, 0x7c, 0x8e, 0x10, 0x0, 0x9, 0xe3, 0x0,
    0xd, 0xf7, 0x0, 0x0, 0x3c, 0x20, 0x17, 0xea,
    0x6e, 0xc5, 0x0, 0x0, 0x5, 0xe9, 0x20, 0x0,
    0x6c, 0xf2, 0x0, 0x0, 0x0, 0x0, 0x0, 0x0,
    0x0,

    /* U+53D6 "取" */
    0x5f, 0xff, 0xff, 0xf1, 0x0, 0x0, 0x0, 0x6,
    0xa0, 0xf, 0xe, 0xff, 0xff, 0xe0, 0x6, 0xa0,
    0xf, 0x1, 0xd0, 0x3, 0xc0, 0x6, 0xfe, 0xef,
    0x0, 0xe0, 0x6, 0x90, 0x6, 0xa0, 0xf, 0x0,
    0xb4, 0xb, 0x50, 0x6, 0xa0, 0xf, 0x0, 0x69,
    0x1f, 0x0, 0x6, 0xfe, 0xef, 0x0, 0x1e, 0x7a,
    0x0, 0x6, 0xa0, 0xf, 0x0, 0xb, 0xf3, 0x0,
    0x6, 0xa2, 0x4f, 0x92, 0x9, 0xe0, 0x0, 0x4e,
    0xec, 0x9f, 0x40, 0x4e, 0xba, 0x0, 0x1, 0x0,
    0xf, 0x5, 0xe3, 0xc, 0x90, 0x0, 0x0, 0xf,
    0x1c, 0x30, 0x1, 0xa3, 0x0, 0x0, 0x0, 0x0,
    0x0, 0x0, 0x0,

    /* U+53D7 "受" */
    0x0, 0x0, 0x12, 0x35, 0x79, 0xbb, 0x0, 0xa,
    0xee, 0xdc, 0xc9, 0x86, 0x42, 0x0, 0x0, 0x68,
    0x0, 0xb4, 0x0, 0x8a, 0x0, 0x0, 0xe, 0x10,
    0x68, 0x2, 0xe1, 0x0, 0xe, 0xef, 0xee, 0xee,
    0xef, 0xfe, 0xe0, 0xf, 0x0, 0x0, 0x0, 0x0,
    0x0, 0xf0, 0xe, 0x0, 0x0, 0x0, 0x0, 0x10,
    0xf0, 0x0, 0x4f, 0xfe, 0xee, 0xef, 0xf1, 0x0,
    0x0, 0x7, 0xb0, 0x0, 0xc, 0x60, 0x0, 0x0,
    0x0, 0x9b, 0x11, 0xc9, 0x0, 0x0, 0x0, 0x0,
    0x8, 0xee, 0x70, 0x0, 0x0, 0x0, 0x4, 0x9e,
    0xab, 0xe9, 0x40, 0x0, 0xc, 0xfb, 0x71, 0x0,
    0x28, 0xcf, 0xd0, 0x2, 0x0, 0x0, 0x0, 0x0,
    0x0, 0x20,

    /* U+53D8 "变" */
    0x0, 0x0, 0x0, 0x94, 0x0, 0x0, 0x0, 0x5,
    0x55, 0x55, 0x9e, 0x55, 0x55, 0x50, 0x9, 0x99,
    0xaf, 0x99, 0xfa, 0x99, 0x90, 0x0, 0x1a, 0x2e,
    0x0, 0xe3, 0x80, 0x0, 0x0, 0x98, 0x2e, 0x0,
    0xe2, 0x8b, 0x0, 0x6, 0xd0, 0x2e, 0x0, 0xe2,
    0xa, 0x90, 0x1, 0x10, 0x1c, 0x0, 0xc1, 0x0,
    0x20, 0x1, 0xff, 0xff, 0xff, 0xff, 0xf4, 0x0,
    0x0, 0xa, 0x90, 0x0, 0x7, 0xc0, 0x0, 0x0,
    0x0, 0xaa, 0x10, 0xac, 0x10, 0x0, 0x0, 0x0,
    0x8, 0xee, 0x90, 0x0, 0x0, 0x1, 0x47, 0xce,
    0x88, 0xeb, 0x74, 0x10, 0xd, 0xb8, 0x30, 0x0,
    0x4, 0x8b, 0xd1,

    /* U+53E3 "口" */
    0x1, 0x11, 0x11, 0x11, 0x11, 0x10, 0x3f, 0xff,
    0xff, 0xff, 0xff, 0xf4, 0x3e, 0x0, 0x0, 0x0,
    0x0, 0xd4, 0x3e, 0x0, 0x0, 0x0, 0x0, 0xd4,
    0x3e, 0x0, 0x0, 0x0, 0x0, 0xd4, 0x3e, 0x0,
    0x0, 0x0, 0x0, 0xd4, 0x3e, 0x0, 0x0, 0x0,
    0x0, 0xd4, 0x3e, 0x0, 0x0, 0x0, 0x0, 0xd4,
    0x3e, 0x0, 0x0, 0x0, 0x0, 0xd4, 0x3e, 0x44,
    0x44, 0x44, 0x44, 0xe4, 0x3f, 0xcc, 0xcc, 0xcc,
    0xcc, 0xf4, 0x3e, 0x0, 0x0, 0x0, 0x0, 0xd4,
    0x0, 0x0, 0x0, 0x0, 0x0, 0x0,

    /* U+53E4 "古" */
    0x0, 0x0, 0x3, 0xe0, 0x0, 0x0, 0x0, 0x0,
    0x0, 0x3e, 0x0, 0x0, 0x0, 0x1, 0x11, 0x14,
    0xf1, 0x11, 0x11, 0xd, 0xff, 0xff, 0xff, 0xff,
    0xff, 0xf9, 0x0, 0x0, 0x3, 0xe0, 0x0, 0x0,
    0x0, 0x0, 0x0, 0x3e, 0x0, 0x0, 0x0, 0x0,
    0x0, 0x3, 0xe0, 0x0, 0x0, 0x0, 0x9f, 0xff,
    0xff, 0xff, 0xff, 0x20, 0x9, 0x80, 0x0, 0x0,
    0x0, 0xf2, 0x0, 0x98, 0x0, 0x0, 0x0, 0xf,
    0x20, 0x9, 0x80, 0x0, 0x0, 0x0, 0xf2, 0x0,
    0x9e, 0xdd, 0xdd, 0xdd, 0xdf, 0x20, 0x9, 0x92,
    0x22, 0x22, 0x22, 0xf2, 0x0, 0x0, 0x0, 0x0,
    0x0, 0x0, 0x0,

    /* U+53EA "只" */
    0x0, 0xdf, 0xff, 0xff, 0xff, 0xfd, 0x0, 0x0,
    0xe3, 0x11, 0x11, 0x11, 0x4e, 0x0, 0x0, 0xe2,
    0x0, 0x0, 0x0, 0x3e, 0x0, 0x0, 0xe2, 0x0,
    0x0, 0x0, 0x3e, 0x0, 0x0, 0xe2, 0x0, 0x0,
    0x0, 0x3e, 0x0, 0x0, 0xe4, 0x22, 0x22, 0x22,
    0x5e, 0x0, 0x0, 0xcd, 0xdd, 0xdd, 0xdd, 0xdc,
    0x0, 0x0, 0x0, 0x0, 0x0, 0x0, 0x0, 0x0,
    0x0, 0x0, 0x95, 0x0, 0x4a, 0x0, 0x0, 0x0,
    0x9, 0xd1, 0x0, 0x9, 0xd2, 0x0, 0x1, 0xbc,
    0x10, 0x0, 0x0, 0x7e, 0x30, 0x2e, 0x90, 0x0,
    0x0, 0x0, 0x6, 0xe1, 0x2, 0x0, 0x0, 0x0,
    0x0, 0x0, 0x20,

    /* U+53EF "可" */
    0x9f, 0xff, 0xff, 0xff, 0xff, 0xff, 0xe0, 0x11,
    0x11, 0x11, 0x11, 0x1f, 0x30, 0x0, 0x0, 0x0,
    0x0, 0x0, 0xe2, 0x0, 0xf, 0xee, 0xee, 0xc0,
    0xe, 0x20, 0x0, 0xf2, 0x22, 0x3e, 0x0, 0xe2,
    0x0, 0xf, 0x0, 0x1, 0xe0, 0xe, 0x20, 0x0,
    0xf0, 0x0, 0x1e, 0x0, 0xe2, 0x0, 0xf, 0x33,
    0x34, 0xe0, 0xe, 0x20, 0x0, 0xfc, 0xcc, 0xcb,
    0x0, 0xe2, 0x0, 0xe, 0x0, 0x0, 0x0, 0xe,
    0x20, 0x0, 0x0, 0x0, 0x1, 0x11, 0xf2, 0x0,
    0x0, 0x0, 0x0, 0x4f, 0xfc, 0x0, 0x0, 0x0,
    0x0, 0x0, 0x0, 0x0, 0x0,

    /* U+53F0 "台" */
    0x0, 0x0, 0x34, 0x0, 0x0, 0x0, 0x0, 0x1,
    0xe5, 0x0, 0x0, 0x0, 0x0, 0xb, 0x90, 0x4,
    0xa0, 0x0, 0x0, 0x9b, 0x0, 0x0, 0x9b, 0x0,
    0x8, 0xb1, 0x12, 0x34, 0x4d, 0xb0, 0x6f, 0xff,
    0xed, 0xcb, 0xa9, 0xc9, 0x0, 0x0, 0x0, 0x0,
    0x0, 0x14, 0x7, 0xff, 0xff, 0xff, 0xff, 0x70,
    0x8, 0x90, 0x0, 0x0, 0xa, 0x80, 0x8, 0x90,
    0x0, 0x0, 0xa, 0x80, 0x8, 0x90, 0x0, 0x0,
    0xa, 0x80, 0x8, 0xfe, 0xee, 0xee, 0xef, 0x80,
    0x8, 0xa2, 0x22, 0x22, 0x2b, 0x80, 0x0, 0x0,
    0x0, 0x0, 0x0, 0x0,

    /* U+53F3 "右" */
    0x0, 0x0, 0x3, 0x70, 0x0, 0x0, 0x0, 0x0,
    0x0, 0x8, 0x90, 0x0, 0x0, 0x0, 0x1, 0x11,
    0x1d, 0x51, 0x11, 0x11, 0x10, 0x1f, 0xff, 0xff,
    0xff, 0xff, 0xff, 0xf2, 0x0, 0x0, 0x99, 0x0,
    0x0, 0x0, 0x0, 0x0, 0x2, 0xf1, 0x0, 0x0,
    0x0, 0x0, 0x0, 0xb, 0xa3, 0x33, 0x33, 0x33,
    0x0, 0x0, 0x7f, 0xfd, 0xdd, 0xdd, 0xdf, 0x20,
    0x6, 0xe6, 0xc0, 0x0, 0x0, 0xf, 0x20, 0x4e,
    0x34, 0xc0, 0x0, 0x0, 0xf, 0x20, 0x1, 0x4,
    0xc0, 0x0, 0x0, 0xf, 0x20, 0x0, 0x4, 0xfe,
    0xee, 0xee, 0xef, 0x20, 0x0, 0x4, 0xd2, 0x22,
    0x22, 0x2f, 0x20, 0x0, 0x0, 0x10, 0x0, 0x0,
    0x0, 0x0,

    /* U+53F6 "叶" */
    0x0, 0x0, 0x0, 0x2, 0xe0, 0x0, 0x1, 0x11,
    0x10, 0x0, 0x2e, 0x0, 0x0, 0xfe, 0xef, 0x30,
    0x2, 0xe0, 0x0, 0xf, 0x0, 0xc3, 0x0, 0x2e,
    0x0, 0x0, 0xf0, 0xc, 0x30, 0x2, 0xe0, 0x0,
    0xf, 0x0, 0xcf, 0xff, 0xff, 0xff, 0xf9, 0xf0,
    0xc, 0x41, 0x14, 0xf1, 0x11, 0xf, 0x0, 0xc3,
    0x0, 0x2e, 0x0, 0x0, 0xf3, 0x3d, 0x30, 0x2,
    0xe0, 0x0, 0xf, 0xcc, 0xc2, 0x0, 0x2e, 0x0,
    0x0, 0xe0, 0x0, 0x0, 0x2, 0xe0, 0x0, 0x0,
    0x0, 0x0, 0x0, 0x2e, 0x0, 0x0, 0x0, 0x0,
    0x0, 0x2, 0xe0, 0x0, 0x0,

    /* U+5404 "各" */
    0x0, 0x0, 0x8, 0x0, 0x0, 0x0, 0x0, 0x0,
    0x0, 0x9b, 0x11, 0x11, 0x10, 0x0, 0x0, 0x7,
    0xfd, 0xdd, 0xde, 0xf4, 0x0, 0x0, 0x9d, 0xd2,
    0x0, 0x1c, 0x90, 0x0, 0xd, 0xa0, 0x4e, 0x53,
    0xe8, 0x0, 0x0, 0x1, 0x0, 0x5, 0xff, 0x70,
    0x0, 0x0, 0x0, 0x5, 0xbe, 0x76, 0xeb, 0x51,
    0x0, 0x3b, 0xeb, 0x50, 0x0, 0x5, 0xbf, 0xc3,
    0x14, 0x3e, 0xee, 0xee, 0xee, 0xe3, 0x40, 0x0,
    0x2e, 0x0, 0x0, 0x0, 0xf2, 0x0, 0x0, 0x2e,
    0x0, 0x0, 0x0, 0xf2, 0x0, 0x0, 0x2e, 0x33,
    0x33, 0x33, 0xf2, 0x0, 0x0, 0x2f, 0xbb, 0xbb,
    0xbb, 0xf2, 0x0, 0x0, 0x0, 0x0, 0x0, 0x0,
    0x0, 0x0,

    /* U+5408 "合" */
    0x0, 0x0, 0x0, 0x7, 0x0, 0x0, 0x0, 0x0,
    0x0, 0x0, 0xae, 0x0, 0x0, 0x0, 0x0, 0x0,
    0xa, 0xb9, 0xc1, 0x0, 0x0, 0x0, 0x2, 0xca,
    0x0, 0x7e, 0x50, 0x0, 0x0, 0x8f, 0x70, 0x0,
    0x4, 0xeb, 0x30, 0x2e, 0xa9, 0xee, 0xee, 0xee,
    0x87, 0xe3, 0x1, 0x0, 0x0, 0x0, 0x0, 0x0,
    0x0, 0x0, 0x3c, 0xcc, 0xcc, 0xcc, 0xc5, 0x0,
    0x0, 0x4d, 0x33, 0x33, 0x33, 0xb7, 0x0, 0x0,
    0x4d, 0x0, 0x0, 0x0, 0xa7, 0x0, 0x0, 0x4d,
    0x0, 0x0, 0x0, 0xa7, 0x0, 0x0, 0x4f, 0xee,
    0xee, 0xee, 0xf7, 0x0, 0x0, 0x4d, 0x11, 0x11,
    0x11, 0xb7, 0x0, 0x0, 0x0, 0x0, 0x0, 0x0,
    0x0, 0x0,

    /* U+5409 "吉" */
    0x0, 0x0, 0x0, 0xc4, 0x0, 0x0, 0x0, 0x0,
    0x0, 0xc, 0x40, 0x0, 0x0, 0x5e, 0xee, 0xee,
    0xff, 0xee, 0xee, 0xc0, 0x0, 0x0, 0xc, 0x50,
    0x0, 0x0, 0x0, 0x0, 0x0, 0xc4, 0x0, 0x0,
    0x0, 0x5b, 0xbb, 0xbf, 0xdb, 0xbb, 0xb2, 0x2,
    0x44, 0x44, 0x44, 0x44, 0x44, 0x0, 0x0, 0x0,
    0x0, 0x0, 0x0, 0x0, 0x0, 0x8f, 0xff, 0xff,
    0xff, 0xfa, 0x0, 0x8, 0x90, 0x0, 0x0, 0x8,
    0xa0, 0x0, 0x89, 0x0, 0x0, 0x0, 0x8a, 0x0,
    0x8, 0xa3, 0x33, 0x33, 0x39, 0xa0, 0x0, 0x8e,
    0xcc, 0xcc, 0xcc, 0xea, 0x0,

    /* U+540C "同" */
    0xef, 0xff, 0xff, 0xff, 0xff, 0xf6, 0xe1, 0x0,
    0x0, 0x0, 0x0, 0x96, 0xe1, 0xbc, 0xcc, 0xcc,
    0xc2, 0x96, 0xe1, 0x12, 0x22, 0x22, 0x20, 0x96,
    0xe1, 0x0, 0x0, 0x0, 0x0, 0x96, 0xe1, 0xd,
    0xee, 0xef, 0x80, 0x96, 0xe1, 0xd, 0x10, 0x6,
    0x80, 0x96, 0xe1, 0xd, 0x10, 0x6, 0x80, 0x96,
    0xe1, 0xd, 0xdd, 0xde, 0x80, 0x96, 0xe1, 0xd,
    0x21, 0x11, 0x0, 0x96, 0xe1, 0x0, 0x0, 0x0,
    0x0, 0xa6, 0xe1, 0x0, 0x0, 0x0, 0x9f, 0xe3,

    /* U+540D "名" */
    0x0, 0x0, 0x5, 0x40, 0x0, 0x0, 0x0, 0x0,
    0x4f, 0x52, 0x22, 0x30, 0x0, 0x5, 0xfd, 0xdd,
    0xdd, 0xf9, 0x1, 0x9d, 0x30, 0x0, 0x7, 0xe1,
    0xa, 0x92, 0xb3, 0x0, 0x7e, 0x30, 0x0, 0x0,
    0x3e, 0x7b, 0xd2, 0x0, 0x0, 0x0, 0x2a, 0xf8,
    0x0, 0x0, 0x2, 0x7c, 0xff, 0xfe, 0xee, 0xfd,
    0x1d, 0xab, 0x90, 0x0, 0x0, 0x5e, 0x0, 0x7,
    0x90, 0x0, 0x0, 0x4e, 0x0, 0x7, 0x90, 0x0,
    0x0, 0x4e, 0x0, 0x7, 0xed, 0xdd, 0xdd, 0xde,
    0x0, 0x7, 0xa2, 0x22, 0x22, 0x6e,

    /* U+540E "后" */
    0x0, 0x0, 0x0, 0x13, 0x57, 0xaa, 0x0, 0x0,
    0xcd, 0xef, 0xdc, 0xa8, 0x52, 0x0, 0x0, 0xf2,
    0x0, 0x0, 0x0, 0x0, 0x0, 0x0, 0xf1, 0x0,
    0x0, 0x0, 0x0, 0x0, 0x0, 0xff, 0xff, 0xff,
    0xff, 0xff, 0xf3, 0x0, 0xf1, 0x0, 0x0, 0x0,
    0x0, 0x0, 0x0, 0xf0, 0x0, 0x0, 0x0, 0x0,
    0x0, 0x2, 0xf0, 0x7f, 0xff, 0xff, 0xff, 0x30,
    0x4, 0xd0, 0x88, 0x0, 0x0, 0xe, 0x30, 0x7,
    0xa0, 0x88, 0x0, 0x0, 0xe, 0x30, 0xc, 0x60,
    0x88, 0x0, 0x0, 0xe, 0x30, 0x3f, 0x10, 0x8e,
    0xcc, 0xcc, 0xcf, 0x30, 0x48, 0x0, 0x8a, 0x33,
    0x33, 0x3e, 0x30, 0x0, 0x0, 0x0, 0x0, 0x0,
    0x0, 0x0,

    /* U+5411 "向" */
    0x0, 0x0, 0x17, 0x10, 0x0, 0x0, 0x0, 0x0,
    0x6e, 0x0, 0x0, 0x0, 0x12, 0x22, 0xd8, 0x22,
    0x22, 0x21, 0xde, 0xee, 0xee, 0xee, 0xee, 0xf7,
    0xd3, 0x0, 0x0, 0x0, 0x0, 0x97, 0xd3, 0x3,
    0x33, 0x33, 0x20, 0x97, 0xd3, 0xf, 0xbb, 0xbc,
    0xc0, 0x97, 0xd3, 0xf, 0x0, 0x3, 0xc0, 0x97,
    0xd3, 0xf, 0x0, 0x3, 0xc0, 0x97, 0xd3, 0xf,
    0xff, 0xff, 0xc0, 0x97, 0xd3, 0xf, 0x0, 0x0,
    0x0, 0x97, 0xd3, 0x0, 0x0, 0x0, 0x11, 0x97,
    0xd3, 0x0, 0x0, 0x0, 0xcf, 0xe3,

    /* U+542B "含" */
    0x0, 0x0, 0x0, 0x15, 0x0, 0x0, 0x0, 0x0,
    0x0, 0x1, 0xcd, 0x0, 0x0, 0x0, 0x0, 0x0,
    0x2d, 0x97, 0xc2, 0x0, 0x0, 0x0, 0x7, 0xf8,
    0x50, 0x5e, 0x70, 0x0, 0x17, 0xec, 0x31, 0xac,
    0x12, 0xbe, 0x82, 0x1b, 0x53, 0x33, 0x38, 0x43,
    0x23, 0x91, 0x0, 0x4c, 0xcc, 0xcc, 0xcf, 0xb0,
    0x0, 0x0, 0x0, 0x0, 0x0, 0x9b, 0x0, 0x0,
    0x0, 0x6d, 0xdd, 0xde, 0xfd, 0xd6, 0x0, 0x0,
    0x89, 0x11, 0x11, 0x11, 0xa8, 0x0, 0x0, 0x89,
    0x0, 0x0, 0x0, 0x98, 0x0, 0x0, 0x8e, 0xbb,
    0xbb, 0xbb, 0xe8, 0x0, 0x0, 0x8a, 0x33, 0x33,
    0x33, 0xb8, 0x0, 0x0, 0x0, 0x0, 0x0, 0x0,
    0x0, 0x0,

    /* U+542C "听" */
    0x0, 0x0, 0x0, 0x0, 0x0, 0x14, 0x0, 0x44,
    0x43, 0x2, 0x79, 0xce, 0xa1, 0xf, 0xcc, 0xe0,
    0x7d, 0x73, 0x0, 0x0, 0xf0, 0x2e, 0x7, 0xa0,
    0x0, 0x0, 0xf, 0x2, 0xe0, 0x7b, 0x33, 0x33,
    0x30, 0xf0, 0x2e, 0x7, 0xec, 0xcf, 0xdc, 0xf,
    0x2, 0xe0, 0x79, 0x0, 0xe3, 0x0, 0xf0, 0x2e,
    0x8, 0x80, 0xe, 0x30, 0xf, 0x23, 0xe0, 0xa6,
    0x0, 0xe3, 0x0, 0xfe, 0xed, 0xd, 0x40, 0xe,
    0x30, 0xf, 0x0, 0x1, 0xf0, 0x0, 0xe3, 0x0,
    0x0, 0x0, 0x8a, 0x0, 0xe, 0x30, 0x0, 0x0,
    0xb, 0x20, 0x0, 0xe3, 0x0,

    /* U+5434 "吴" */
    0x0, 0xbf, 0xff, 0xff, 0xff, 0xfa, 0x0, 0x0,
    0xb5, 0x0, 0x0, 0x0, 0x7a, 0x0, 0x0, 0xb6,
    0x0, 0x0, 0x0, 0x7a, 0x0, 0x0, 0xae, 0xee,
    0xee, 0xee, 0xe9, 0x0, 0x0, 0x0, 0x0, 0x0,
    0x0, 0x0, 0x0, 0x5, 0xff, 0xff, 0xff, 0xff,
    0xff, 0x60, 0x0, 0x0, 0x0, 0xa6, 0x0, 0x0,
    0x0, 0x3, 0x33, 0x33, 0xd7, 0x33, 0x33, 0x30,
    0x2b, 0xbb, 0xbc, 0xff, 0xbb, 0xbb, 0xb2, 0x0,
    0x0, 0xb, 0x89, 0x90, 0x0, 0x0, 0x0, 0x3,
    0xcb, 0x0, 0xca, 0x20, 0x0, 0x2a, 0xec, 0x60,
    0x0, 0x7, 0xee, 0xb1, 0x4, 0x10, 0x0, 0x0,
    0x0, 0x2, 0x40,

    /* U+5439 "吹" */
    0x0, 0x0, 0x0, 0x43, 0x0, 0x0, 0x4, 0x44,
    0x30, 0xc, 0x50, 0x0, 0x0, 0xfb, 0xce, 0x1,
    0xf2, 0x11, 0x11, 0xf, 0x1, 0xe0, 0x6f, 0xff,
    0xff, 0xf4, 0xf0, 0x1e, 0xd, 0x50, 0x0, 0xf,
    0xf, 0x1, 0xe5, 0xd0, 0x2d, 0x4, 0xb0, 0xf0,
    0x1e, 0xa4, 0x3, 0xd0, 0x54, 0xf, 0x1, 0xe0,
    0x0, 0x4f, 0x0, 0x0, 0xf2, 0x3e, 0x0, 0x8,
    0xf4, 0x0, 0xf, 0xee, 0xd0, 0x0, 0xe9, 0xa0,
    0x0, 0xf0, 0x0, 0x0, 0x9b, 0xe, 0x30, 0x0,
    0x0, 0x0, 0xad, 0x10, 0x5e, 0x30, 0x0, 0x2,
    0xea, 0x0, 0x0, 0x6f, 0x30, 0x0, 0x2, 0x0,
    0x0, 0x0, 0x10,

    /* U+5448 "呈" */
    0x3, 0xff, 0xff, 0xff, 0xff, 0xe0, 0x0, 0x3d,
    0x0, 0x0, 0x0, 0x3e, 0x0, 0x3, 0xd0, 0x0,
    0x0, 0x3, 0xe0, 0x0, 0x3f, 0xcc, 0xcc, 0xcc,
    0xce, 0x0, 0x0, 0x33, 0x33, 0x33, 0x33, 0x20,
    0x0, 0x56, 0x66, 0x66, 0x66, 0x66, 0x50, 0x8,
    0x99, 0x9a, 0xf9, 0x99, 0x97, 0x0, 0x0, 0x0,
    0x3e, 0x0, 0x0, 0x0, 0x7, 0xee, 0xee, 0xfe,
    0xee, 0xe5, 0x0, 0x0, 0x0, 0x3e, 0x0, 0x0,
    0x0, 0x0, 0x0, 0x3, 0xe0, 0x0, 0x0, 0xa,
    0xff, 0xff, 0xff, 0xff, 0xff, 0xf8,

    /* U+5462 "呢" */
    0x44, 0x43, 0x3f, 0xff, 0xff, 0xfe, 0xf, 0xcc,
    0xc3, 0xc0, 0x0, 0x1, 0xe0, 0xf0, 0x2c, 0x3c,
    0x0, 0x0, 0x1e, 0xf, 0x2, 0xc3, 0xff, 0xff,
    0xff, 0xd0, 0xf0, 0x2c, 0x3c, 0x7, 0x0, 0x0,
    0xf, 0x2, 0xc4, 0xb1, 0xe0, 0x1, 0x60, 0xf0,
    0x2c, 0x4b, 0x1e, 0x6, 0xe9, 0xf, 0x24, 0xc6,
    0x91, 0xfd, 0xa2, 0x0, 0xfe, 0xea, 0x87, 0x1f,
    0x20, 0x0, 0xf, 0x0, 0xd, 0x31, 0xe0, 0x0,
    0x53, 0x0, 0x3, 0xd0, 0x1f, 0x0, 0x9, 0x50,
    0x0, 0x85, 0x0, 0xcf, 0xff, 0xd1, 0x0, 0x0,
    0x0, 0x0, 0x0, 0x0, 0x0,

    /* U+5473 "味" */
    0x0, 0x0, 0x0, 0x2, 0xe0, 0x0, 0x7, 0x88,
    0x70, 0x0, 0x2e, 0x0, 0x0, 0xfc, 0xce, 0x3,
    0x35, 0xe3, 0x33, 0xf, 0x1, 0xe0, 0xcc, 0xdf,
    0xcc, 0xb0, 0xf0, 0x1e, 0x0, 0x2, 0xe0, 0x0,
    0xf, 0x1, 0xe0, 0x11, 0x3e, 0x11, 0x10, 0xf0,
    0x1e, 0x8f, 0xff, 0xff, 0xff, 0x8f, 0x1, 0xe0,
    0x0, 0xdf, 0x80, 0x0, 0xf2, 0x3e, 0x0, 0x7c,
    0xed, 0x20, 0xf, 0xee, 0xc0, 0x3e, 0x3e, 0x5b,
    0x0, 0xf0, 0x0, 0x2e, 0x32, 0xe0, 0xb8, 0x0,
    0x0, 0x2e, 0x40, 0x2e, 0x1, 0xd6, 0x0, 0x0,
    0x10, 0x2, 0xe0, 0x1, 0x0,

    /* U+548C "和" */
    0x0, 0x2, 0x6b, 0x30, 0x0, 0x0, 0x1, 0x8d,
    0xfd, 0x71, 0x33, 0x33, 0x31, 0x17, 0x4c, 0x40,
    0xf, 0xcc, 0xce, 0x60, 0x0, 0xc4, 0x0, 0xf0,
    0x0, 0xa6, 0x6d, 0xdf, 0xed, 0x9f, 0x0, 0xa,
    0x61, 0x25, 0xf8, 0x21, 0xf0, 0x0, 0xa6, 0x0,
    0x9f, 0xe3, 0xf, 0x0, 0xa, 0x60, 0x2d, 0xc7,
    0xd2, 0xf0, 0x0, 0xa6, 0xb, 0x5c, 0x46, 0x6f,
    0x0, 0xa, 0x67, 0xc0, 0xc4, 0x0, 0xf0, 0x0,
    0xa6, 0x61, 0xc, 0x40, 0xf, 0xee, 0xef, 0x60,
    0x0, 0xc4, 0x0, 0xf2, 0x22, 0xb6, 0x0, 0xc,
    0x40, 0x4, 0x0, 0x1, 0x10,

    /* U+5495 "咕" */
    0x0, 0x0, 0x0, 0x0, 0xf0, 0x0, 0x7, 0x88,
    0x80, 0x0, 0xf, 0x0, 0x0, 0xf8, 0x8f, 0x10,
    0x0, 0xf0, 0x0, 0xf, 0x0, 0xe3, 0xff, 0xff,
    0xff, 0xf6, 0xf0, 0xe, 0x10, 0x1, 0xf0, 0x0,
    0xf, 0x0, 0xe1, 0x0, 0xf, 0x0, 0x0, 0xf0,
    0xe, 0x10, 0x0, 0xf0, 0x0, 0xf, 0x0, 0xe1,
    0x7d, 0xdf, 0xdd, 0xd0, 0xfc, 0xcf, 0x18, 0x93,
    0x33, 0x3f, 0x1f, 0x33, 0x30, 0x87, 0x0, 0x0,
    0xf1, 0x70, 0x0, 0x8, 0x70, 0x0, 0xf, 0x10,
    0x0, 0x0, 0x8e, 0xdd, 0xdd, 0xf1, 0x0, 0x0,
    0x8, 0x82, 0x22, 0x2f, 0x10,

    /* U+5496 "咖" */
    0x0, 0x0, 0x1c, 0x0, 0x0, 0x0, 0xee, 0xe0,
    0x1c, 0x0, 0x14, 0x44, 0xd0, 0xd0, 0x2c, 0x0,
    0x5e, 0xcf, 0xd0, 0xd4, 0xff, 0xff, 0x68, 0xe,
    0xd0, 0xd0, 0x2b, 0xe, 0x58, 0xe, 0xd0, 0xd0,
    0x3b, 0xe, 0x58, 0xe, 0xd0, 0xd0, 0x59, 0xe,
    0x58, 0xe, 0xd0, 0xd0, 0x78, 0xe, 0x58, 0xe,
    0xe7, 0xe0, 0xa5, 0x1d, 0x58, 0xe, 0xe6, 0x60,
    0xe2, 0x2c, 0x58, 0xe, 0xd0, 0x5, 0xd0, 0x4b,
    0x5e, 0xbf, 0x0, 0x1d, 0x60, 0x79, 0x59, 0x3e,
    0x0, 0x5c, 0xe, 0xe3, 0x23, 0x3, 0x0, 0x0,
    0x0, 0x0, 0x0, 0x0,

    /* U+54B8 "咸" */
    0x0, 0x0, 0x0, 0x0, 0x87, 0xb3, 0x0, 0x0,
    0x0, 0x0, 0x0, 0x87, 0x4e, 0x40, 0x0, 0x44,
    0x44, 0x44, 0xa9, 0x47, 0xa1, 0x3, 0xfc, 0xcc,
    0xcc, 0xee, 0xcc, 0xc3, 0x3, 0xc0, 0x0, 0x0,
    0x69, 0x0, 0x0, 0x3, 0xc6, 0xee, 0xed, 0x4a,
    0x9, 0x40, 0x3, 0xc0, 0x0, 0x0, 0x3c, 0xe,
    0x10, 0x4, 0xc5, 0xfd, 0xde, 0x1e, 0x6a, 0x0,
    0x5, 0xa5, 0x90, 0xe, 0xe, 0xe2, 0x0, 0x7,
    0x85, 0x90, 0xe, 0xd, 0x90, 0x0, 0xa, 0x55,
    0xfd, 0xdb, 0x8e, 0xa0, 0x65, 0x1f, 0x13, 0x60,
    0x1b, 0xc1, 0xe3, 0x95, 0x39, 0x0, 0x0, 0x89,
    0x0, 0x4e, 0xd1, 0x0, 0x0, 0x0, 0x0, 0x0,
    0x0, 0x0,

    /* U+54BE "咾" */
    0x0, 0x0, 0x0, 0x79, 0x0, 0x0, 0x6, 0x66,
    0x50, 0x7, 0x90, 0x2, 0xe0, 0xfa, 0xae, 0x9f,
    0xff, 0xfd, 0xc6, 0xf, 0x0, 0xe0, 0x7, 0x90,
    0x7c, 0x0, 0xf0, 0xe, 0x0, 0x79, 0x3e, 0x20,
    0xf, 0x0, 0xee, 0xff, 0xff, 0xff, 0xf7, 0xf0,
    0xe, 0x0, 0x3e, 0x50, 0x0, 0xf, 0x0, 0xe0,
    0x7f, 0x50, 0x1a, 0x60, 0xff, 0xff, 0xcc, 0xf5,
    0xae, 0x71, 0xf, 0x0, 0xa7, 0xe, 0xa4, 0x0,
    0x0, 0x40, 0x0, 0x0, 0xe1, 0x0, 0x8, 0x30,
    0x0, 0x0, 0xe, 0x20, 0x0, 0xc3, 0x0, 0x0,
    0x0, 0x9f, 0xff, 0xfc, 0x0,

    /* U+54C1 "品" */
    0x0, 0xf, 0xff, 0xff, 0xff, 0xe0, 0x0, 0x0,
    0xf1, 0x0, 0x0, 0x2e, 0x0, 0x0, 0xf, 0x10,
    0x0, 0x2, 0xe0, 0x0, 0x0, 0xf5, 0x44, 0x44,
    0x6e, 0x0, 0x0, 0xb, 0xbb, 0xbb, 0xbb, 0xa0,
    0x0, 0x0, 0x0, 0x0, 0x0, 0x0, 0x0, 0xf,
    0xff, 0xff, 0x7, 0xff, 0xff, 0xf0, 0xf0, 0x0,
    0xf0, 0x78, 0x0, 0x1f, 0xf, 0x0, 0xf, 0x7,
    0x80, 0x1, 0xf0, 0xf0, 0x0, 0xf0, 0x78, 0x0,
    0x1f, 0xf, 0xee, 0xef, 0x7, 0xfe, 0xee, 0xf0,
    0xf2, 0x22, 0xf0, 0x79, 0x22, 0x3f, 0x0, 0x0,
    0x0, 0x0, 0x0, 0x0, 0x0,

    /* U+54CD "响" */
    0x0, 0x0, 0x0, 0x2, 0x60, 0x0, 0x3, 0x33,
    0x20, 0x0, 0x8a, 0x0, 0x0, 0xfc, 0xcc, 0x3,
    0x3e, 0x63, 0x33, 0xf, 0x2, 0xc4, 0xeb, 0xbb,
    0xbb, 0xf1, 0xf0, 0x2c, 0x4a, 0x0, 0x0, 0xf,
    0x1f, 0x2, 0xc4, 0xa3, 0xec, 0xc0, 0xf1, 0xf0,
    0x2c, 0x4a, 0x47, 0xc, 0xf, 0x1f, 0x2, 0xc4,
    0xa4, 0x70, 0xc0, 0xf1, 0xf9, 0xac, 0x4a, 0x47,
    0xc, 0xf, 0x1f, 0x66, 0x44, 0xa4, 0xec, 0xb0,
    0xf1, 0xb0, 0x0, 0x4a, 0x24, 0x0, 0xf, 0x10,
    0x0, 0x4, 0xa0, 0x0, 0x0, 0xf1, 0x0, 0x0,
    0x49, 0x0, 0x5, 0xfc, 0x0,

    /* U+54E5 "哥" */
    0x6d, 0xdd, 0xdd, 0xdd, 0xde, 0xfd, 0x50, 0x1,
    0x11, 0x11, 0x10, 0x3d, 0x0, 0x3, 0xea, 0xaa,
    0xaf, 0x13, 0xd0, 0x0, 0x3b, 0x0, 0x0, 0xe1,
    0x3d, 0x0, 0x2, 0xcc, 0xcc, 0xcc, 0x13, 0xd0,
    0x7, 0x99, 0x99, 0x99, 0x99, 0xaf, 0x96, 0x45,
    0x55, 0x55, 0x55, 0x56, 0xf6, 0x40, 0x6c, 0xcc,
    0xcc, 0xb0, 0x1f, 0x0, 0x8, 0xc0, 0x0, 0x2e,
    0x1, 0xf0, 0x0, 0x8c, 0x11, 0x13, 0xe0, 0x1f,
    0x0, 0x8, 0xeb, 0xbb, 0xba, 0x1, 0xf0, 0x0,
    0x23, 0x0, 0x0, 0x1e, 0xfc, 0x0, 0x0, 0x0,
    0x0, 0x0, 0x0, 0x0, 0x0,

    /* U+5524 "唤" */
    0x0, 0x0, 0x0, 0x45, 0x0, 0x0, 0x1, 0x0,
    0x0, 0xd, 0xa6, 0x62, 0x0, 0xfe, 0xf1, 0x9,
    0xc8, 0x8e, 0x80, 0xe, 0xd, 0x18, 0xe4, 0x37,
    0xe3, 0x0, 0xe0, 0xd1, 0x8f, 0xab, 0xea, 0xf3,
    0xe, 0xd, 0x11, 0xe0, 0x3c, 0xd, 0x30, 0xe0,
    0xd1, 0x1e, 0x3, 0xc0, 0xd3, 0xe, 0xd, 0x12,
    0xe0, 0x5b, 0xd, 0x40, 0xe0, 0xd2, 0xdd, 0xdf,
    0xfd, 0xdd, 0x2f, 0xff, 0x10, 0x2, 0xed, 0x20,
    0x0, 0xe0, 0x0, 0x1, 0xd6, 0x4c, 0x0, 0x4,
    0x0, 0x5, 0xe8, 0x0, 0x7c, 0x20, 0x0, 0xb,
    0xd4, 0x0, 0x0, 0x6f, 0x30, 0x0, 0x10, 0x0,
    0x0, 0x0, 0x10,

    /* U+552E "售" */
    0x0, 0x8, 0x30, 0x38, 0x0, 0x0, 0x0, 0x3,
    0xf4, 0x34, 0xf5, 0x33, 0x31, 0x0, 0xcc, 0x99,
    0x9f, 0xa9, 0x99, 0x20, 0xaf, 0xb7, 0x77, 0xf8,
    0x77, 0x40, 0x4c, 0x9a, 0x44, 0x4f, 0x54, 0x42,
    0x0, 0x8, 0xdc, 0xcc, 0xfc, 0xcc, 0x80, 0x0,
    0x87, 0x0, 0xe, 0x10, 0x0, 0x0, 0x8, 0xed,
    0xdd, 0xed, 0xdd, 0xd8, 0x0, 0x33, 0x0, 0x0,
    0x0, 0x0, 0x0, 0x9, 0xfe, 0xee, 0xee, 0xee,
    0xc0, 0x0, 0x97, 0x0, 0x0, 0x0, 0x5c, 0x0,
    0x9, 0x93, 0x33, 0x33, 0x37, 0xc0, 0x0, 0x9d,
    0xaa, 0xaa, 0xaa, 0xcc, 0x0,

    /* U+5546 "商" */
    0x0, 0x0, 0x0, 0x52, 0x0, 0x0, 0x0, 0x0,
    0x0, 0x0, 0x8a, 0x0, 0x0, 0x0, 0x2e, 0xee,
    0xee, 0xee, 0xee, 0xee, 0xe2, 0x0, 0x0, 0xd2,
    0x0, 0x1e, 0x10, 0x0, 0x0, 0x11, 0x87, 0x11,
    0x99, 0x12, 0x0, 0x5, 0xec, 0xcc, 0xcc, 0xcc,
    0xce, 0x60, 0x5, 0xa0, 0x3c, 0x10, 0xc6, 0x9,
    0x60, 0x5, 0xa7, 0xd2, 0x0, 0x1a, 0xb9, 0x60,
    0x5, 0xa4, 0x9d, 0xcc, 0xd7, 0x49, 0x60, 0x5,
    0xa0, 0x94, 0x0, 0x58, 0x9, 0x60, 0x5, 0xa0,
    0x9c, 0xaa, 0xc8, 0x9, 0x60, 0x5, 0xa0, 0x74,
    0x11, 0x10, 0x9, 0x60, 0x5, 0xa0, 0x0, 0x0,
    0x8, 0xcd, 0x30,

    /* U+5564 "啤" */
    0x0, 0x0, 0x0, 0x2, 0xa0, 0x0, 0x4, 0x44,
    0x40, 0x33, 0x8c, 0x33, 0x20, 0xfa, 0xae, 0x2f,
    0xab, 0xfa, 0xbe, 0xf, 0x1, 0xe2, 0xd0, 0x1e,
    0x1, 0xe0, 0xf0, 0x1e, 0x2f, 0xdd, 0xfd, 0xde,
    0xf, 0x1, 0xe2, 0xd0, 0x2d, 0x1, 0xe0, 0xf0,
    0x1e, 0x2f, 0xde, 0xfd, 0xde, 0xf, 0x1, 0xe0,
    0x6, 0xd2, 0xe0, 0x0, 0xff, 0xfe, 0xc, 0x91,
    0x1e, 0x0, 0xf, 0x0, 0x1e, 0xee, 0xee, 0xfe,
    0xe6, 0x60, 0x0, 0x11, 0x11, 0x2f, 0x11, 0x0,
    0x0, 0x0, 0x0, 0x1, 0xe0, 0x0, 0x0, 0x0,
    0x0, 0x0, 0x1e, 0x0, 0x0,

    /* U+5565 "啥" */
    0x0, 0x0, 0x0, 0x3, 0x50, 0x0, 0x3, 0x44,
    0x0, 0x1, 0xed, 0x10, 0x0, 0xec, 0xf1, 0x3,
    0xe7, 0x4d, 0x40, 0xe, 0xd, 0x39, 0xf6, 0x0,
    0x2c, 0xb3, 0xe0, 0xd8, 0xb3, 0xee, 0xee, 0x96,
    0x6e, 0xd, 0x10, 0x0, 0x3c, 0x0, 0x0, 0xe0,
    0xd1, 0xae, 0xee, 0xfe, 0xee, 0x5e, 0xd, 0x10,
    0x0, 0x3c, 0x0, 0x0, 0xe2, 0xd1, 0x16, 0x68,
    0xd6, 0x62, 0xe, 0xee, 0x12, 0xd5, 0x55, 0x5c,
    0x50, 0xe0, 0x0, 0x2c, 0x0, 0x0, 0xa5, 0x0,
    0x0, 0x2, 0xd1, 0x11, 0x1b, 0x50, 0x0, 0x0,
    0x2f, 0xcc, 0xcc, 0xe5, 0x0, 0x0, 0x0, 0x0,
    0x0, 0x0, 0x0,

    /* U+5580 "喀" */
    0x0, 0x0, 0x0, 0x3, 0x30, 0x0, 0x4, 0x44,
    0x31, 0x33, 0x7c, 0x33, 0x30, 0xea, 0xac, 0x8c,
    0xbb, 0xbb, 0xbe, 0x4e, 0x1, 0xc8, 0x55, 0x90,
    0x0, 0xb4, 0xe0, 0x1c, 0x13, 0xed, 0xdd, 0xe2,
    0xe, 0x1, 0xc4, 0xdc, 0x60, 0xb7, 0x0, 0xe0,
    0x1c, 0x32, 0xc, 0xe9, 0x0, 0xe, 0x1, 0xc0,
    0x4a, 0xd7, 0xd9, 0x30, 0xe0, 0x1c, 0xbd, 0x95,
    0x55, 0xab, 0x5f, 0xee, 0xc0, 0x8b, 0x88, 0x8f,
    0x0, 0xe0, 0x0, 0x8, 0x60, 0x0, 0xf0, 0x3,
    0x0, 0x0, 0x86, 0x0, 0xf, 0x0, 0x0, 0x0,
    0x8, 0xed, 0xdd, 0xf0, 0x0, 0x0, 0x0, 0x0,
    0x0, 0x0, 0x0,

    /* U+559C "喜" */
    0x0, 0x0, 0x0, 0x98, 0x0, 0x0, 0x0, 0xb,
    0xcc, 0xcc, 0xee, 0xcc, 0xcc, 0xb0, 0x0, 0x0,
    0x0, 0x98, 0x0, 0x0, 0x0, 0x0, 0xbc, 0xcc,
    0xcc, 0xcc, 0xcc, 0x0, 0x0, 0x2b, 0xbb, 0xbb,
    0xbb, 0xb3, 0x0, 0x0, 0x4c, 0x0, 0x0, 0x0,
    0xc4, 0x0, 0x0, 0x4f, 0xbb, 0xbb, 0xbb, 0xf4,
    0x0, 0x0, 0x0, 0xe1, 0x0, 0x1f, 0x10, 0x0,
    0x7d, 0xdd, 0xfe, 0xdd, 0xef, 0xdd, 0xd1, 0x1,
    0x22, 0x22, 0x22, 0x22, 0x22, 0x10, 0x0, 0x7d,
    0xbb, 0xbb, 0xbb, 0xd9, 0x0, 0x0, 0x78, 0x0,
    0x0, 0x0, 0x89, 0x0, 0x0, 0x7e, 0xcc, 0xcc,
    0xcc, 0xe9, 0x0, 0x0, 0x0, 0x0, 0x0, 0x0,
    0x0, 0x0,

    /* U+55B1 "喱" */
    0x44, 0x40, 0xef, 0xff, 0xff, 0xff, 0x2f, 0xae,
    0x1e, 0x0, 0x0, 0x0, 0x0, 0xe0, 0xc1, 0xe0,
    0xdc, 0xdc, 0xcc, 0xe, 0xc, 0x1e, 0xd, 0xc,
    0x0, 0xe0, 0xe0, 0xc1, 0xe0, 0xfb, 0xfb, 0xbe,
    0xe, 0xc, 0x1e, 0xd, 0xc, 0x0, 0xe0, 0xe0,
    0xc1, 0xf0, 0xfc, 0xfc, 0xcd, 0xf, 0xcf, 0x2e,
    0x0, 0xd, 0x10, 0x0, 0xe0, 0x3, 0xc5, 0xee,
    0xfe, 0xea, 0x5, 0x0, 0x78, 0x0, 0xe, 0x10,
    0x0, 0x0, 0xd, 0x35, 0x55, 0xe7, 0x55, 0x10,
    0x2, 0xa0, 0x88, 0x88, 0x88, 0x81, 0x0, 0x0,
    0x0, 0x0, 0x0, 0x0, 0x0,

    /* U+55E8 "嗨" */
    0x0, 0x1, 0x0, 0x19, 0x0, 0x0, 0x7, 0x76,
    0x7c, 0x26, 0xa0, 0x0, 0x0, 0xe8, 0xe0, 0x45,
    0xcf, 0xff, 0xff, 0x4d, 0xd, 0x0, 0x4d, 0x0,
    0x0, 0x0, 0xd0, 0xd7, 0x2a, 0x8e, 0xdd, 0xdc,
    0xd, 0xd, 0x4d, 0x46, 0x99, 0x41, 0xd0, 0xd0,
    0xd0, 0x0, 0x86, 0xb, 0x3c, 0xd, 0xd, 0x0,
    0xbf, 0xfe, 0xef, 0xf6, 0xfa, 0xe0, 0xb0, 0xd2,
    0xa1, 0x3a, 0xe, 0x44, 0x2c, 0xe, 0x2, 0xb4,
    0x90, 0xa0, 0x8, 0x72, 0xfe, 0xee, 0xff, 0x10,
    0x0, 0xe1, 0x0, 0x0, 0xa, 0x50, 0x0, 0x2b,
    0x0, 0x0, 0xad, 0xd0, 0x0, 0x0, 0x0, 0x0,
    0x0, 0x0, 0x0,

    /* U+5609 "嘉" */
    0x0, 0x0, 0x0, 0x97, 0x0, 0x0, 0x0, 0x1d,
    0xdd, 0xdd, 0xee, 0xdd, 0xdd, 0xd1, 0x0, 0x22,
    0x22, 0xa8, 0x22, 0x22, 0x0, 0x1, 0xaa, 0xaa,
    0xaa, 0xaa, 0xaa, 0x20, 0x0, 0x7c, 0xcc, 0xcc,
    0xcc, 0xc8, 0x0, 0x0, 0xa6, 0x0, 0x0, 0x0,
    0x5b, 0x0, 0x0, 0xad, 0xbb, 0xbb, 0xbb, 0xdb,
    0x0, 0x0, 0x0, 0xb6, 0x0, 0x4c, 0x0, 0x0,
    0x1d, 0xdd, 0xdd, 0xdd, 0xed, 0xdd, 0xd0, 0x0,
    0xb, 0x20, 0x1, 0x44, 0x44, 0x20, 0xb, 0xdf,
    0xcd, 0xc5, 0xc7, 0x7b, 0x70, 0x0, 0xa7, 0x5,
    0xa5, 0x90, 0x8, 0x70, 0x2c, 0x61, 0xcd, 0x45,
    0xec, 0xce, 0x70, 0x0, 0x0, 0x0, 0x0, 0x0,
    0x0, 0x0,

    /* U+5668 "器" */
    0x0, 0xfe, 0xef, 0x51, 0xfe, 0xef, 0x70, 0x0,
    0xf0, 0xb, 0x51, 0xe0, 0x9, 0x70, 0x0, 0xf0,
    0xb, 0x51, 0xe0, 0x9, 0x70, 0x0, 0xee, 0xee,
    0x61, 0xee, 0xee, 0x60, 0x0, 0x0, 0x2, 0xe1,
    0x9, 0xa1, 0x0, 0x1f, 0xff, 0xff, 0xff, 0xff,
    0xff, 0xf7, 0x0, 0x2, 0xd7, 0x0, 0x4e, 0x40,
    0x0, 0x0, 0x6e, 0x60, 0x0, 0x3, 0xda, 0x20,
    0x1e, 0xfe, 0xef, 0x50, 0xfe, 0xef, 0xf7, 0x1,
    0xf0, 0xb, 0x50, 0xe0, 0x9, 0x70, 0x0, 0xf0,
    0xb, 0x50, 0xe0, 0x9, 0x70, 0x0, 0xfe, 0xef,
    0x50, 0xfe, 0xef, 0x70, 0x0, 0x10, 0x0, 0x0,
    0x10, 0x0, 0x0,

    /* U+56DB "四" */
    0x48, 0x88, 0x88, 0x88, 0x88, 0x88, 0x9, 0xb7,
    0x7f, 0x87, 0xf8, 0x77, 0xf1, 0x98, 0x0, 0xe1,
    0xe, 0x10, 0xf, 0x19, 0x80, 0xf, 0x0, 0xe1,
    0x0, 0xf1, 0x98, 0x1, 0xf0, 0xe, 0x10, 0xf,
    0x19, 0x80, 0x6b, 0x0, 0xe1, 0x0, 0xf1, 0x98,
    0x1d, 0x60, 0xc, 0xcb, 0x9f, 0x19, 0x9d, 0xb0,
    0x0, 0x2, 0x32, 0xf1, 0x98, 0x50, 0x0, 0x0,
    0x0, 0xf, 0x19, 0x93, 0x33, 0x33, 0x33, 0x33,
    0xf1, 0x9e, 0xdd, 0xdd, 0xdd, 0xdd, 0xdf, 0x17,
    0x70, 0x0, 0x0, 0x0, 0x0, 0xc0,

    /* U+56DE "回" */
    0x1f, 0xff, 0xff, 0xff, 0xff, 0xff, 0x71, 0xf0,
    0x0, 0x0, 0x0, 0x0, 0xa7, 0x1f, 0x0, 0x0,
    0x0, 0x0, 0xa, 0x71, 0xf0, 0xf, 0xff, 0xff,
    0x30, 0xa7, 0x1f, 0x0, 0xf0, 0x0, 0xc4, 0xa,
    0x71, 0xf0, 0xf, 0x0, 0xc, 0x40, 0xa7, 0x1f,
    0x0, 0xf0, 0x0, 0xc4, 0xa, 0x71, 0xf0, 0xf,
    0xff, 0xff, 0x40, 0xa7, 0x1f, 0x0, 0x0, 0x0,
    0x0, 0xa, 0x71, 0xf0, 0x0, 0x0, 0x0, 0x0,
    0xa7, 0x1f, 0xdd, 0xdd, 0xdd, 0xdd, 0xdf, 0x71,
    0xf2, 0x22, 0x22, 0x22, 0x22, 0xb7,

    /* U+56E0 "因" */
    0xff, 0xff, 0xff, 0xff, 0xff, 0xf8, 0xf0, 0x0,
    0x4, 0x10, 0x0, 0x88, 0xf0, 0x0, 0xc, 0x30,
    0x0, 0x88, 0xf0, 0x22, 0x2e, 0x42, 0x21, 0x88,
    0xf2, 0xdd, 0xdf, 0xdd, 0xd8, 0x88, 0xf0, 0x0,
    0x2f, 0x10, 0x0, 0x88, 0xf0, 0x0, 0x8c, 0xd3,
    0x0, 0x88, 0xf0, 0x2, 0xe2, 0x3d, 0x30, 0x88,
    0xf0, 0x4e, 0x60, 0x3, 0xe2, 0x88, 0xf0, 0xa4,
    0x0, 0x0, 0x44, 0x88, 0xfb, 0xbb, 0xbb, 0xbb,
    0xbb, 0xd8, 0xf3, 0x33, 0x33, 0x33, 0x33, 0x98,

    /* U+56E2 "团" */
    0x9f, 0xff, 0xff, 0xff, 0xff, 0xff, 0x29, 0x70,
    0x0, 0x0, 0xb0, 0x0, 0xf2, 0x97, 0x0, 0x0,
    0x1f, 0x0, 0xf, 0x29, 0x79, 0xff, 0xff, 0xff,
    0xf1, 0xf2, 0x97, 0x0, 0x0, 0xcf, 0x0, 0xf,
    0x29, 0x70, 0x0, 0xbb, 0xf0, 0x0, 0xf2, 0x97,
    0x1, 0xba, 0x1f, 0x0, 0xf, 0x29, 0x74, 0xd8,
    0x1, 0xf0, 0x0, 0xf2, 0x97, 0x43, 0x1, 0x3e,
    0x0, 0xf, 0x29, 0x70, 0x0, 0x6c, 0x80, 0x0,
    0xf2, 0x99, 0x33, 0x33, 0x33, 0x33, 0x3f, 0x29,
    0xdb, 0xbb, 0xbb, 0xbb, 0xbb, 0xf2,

    /* U+56ED "园" */
    0xf, 0xff, 0xff, 0xff, 0xff, 0xff, 0xa0, 0xf0,
    0x0, 0x0, 0x0, 0x0, 0x7a, 0xf, 0x8, 0xee,
    0xee, 0xee, 0x17, 0xa0, 0xf0, 0x0, 0x0, 0x0,
    0x0, 0x7a, 0xf, 0x14, 0x44, 0x44, 0x44, 0x47,
    0xa0, 0xf2, 0xab, 0xea, 0xeb, 0xaa, 0x8a, 0xf,
    0x0, 0x59, 0xa, 0x40, 0x7, 0xa0, 0xf0, 0xa,
    0x60, 0xa4, 0x6, 0x8a, 0xf, 0x5, 0xd0, 0xa,
    0x85, 0xe9, 0xa0, 0xf3, 0xa1, 0x0, 0x28, 0x86,
    0x7a, 0xf, 0xbb, 0xbb, 0xbb, 0xbb, 0xbd, 0xa0,
    0xf4, 0x44, 0x44, 0x44, 0x44, 0x9a,

    /* U+56FA "固" */
    0x9f, 0xff, 0xff, 0xff, 0xff, 0xff, 0x19, 0x70,
    0x0, 0x7, 0x0, 0x0, 0xf1, 0x97, 0x0, 0x1,
    0xe0, 0x0, 0xf, 0x19, 0x75, 0xee, 0xef, 0xee,
    0xe4, 0xf1, 0x97, 0x0, 0x1, 0xe0, 0x0, 0xf,
    0x19, 0x70, 0x68, 0x8f, 0x88, 0x0, 0xf1, 0x97,
    0xd, 0x65, 0x55, 0xf1, 0xf, 0x19, 0x70, 0xd1,
    0x0, 0xe, 0x10, 0xf1, 0x97, 0xd, 0xdd, 0xdd,
    0xf1, 0xf, 0x19, 0x70, 0x0, 0x0, 0x0, 0x0,
    0xf1, 0x9d, 0xbb, 0xbb, 0xbb, 0xbb, 0xbf, 0x19,
    0x94, 0x44, 0x44, 0x44, 0x44, 0xf1,

    /* U+56FD "国" */
    0x9f, 0xff, 0xff, 0xff, 0xff, 0xff, 0x19, 0x70,
    0x0, 0x0, 0x0, 0x0, 0xf1, 0x97, 0x2f, 0xff,
    0xff, 0xff, 0xf, 0x19, 0x70, 0x0, 0x2d, 0x0,
    0x0, 0xf1, 0x97, 0x0, 0x2, 0xd0, 0x0, 0xf,
    0x19, 0x70, 0xbe, 0xef, 0xee, 0xa0, 0xf1, 0x97,
    0x0, 0x2, 0xd0, 0x90, 0xf, 0x19, 0x70, 0x0,
    0x2d, 0x5, 0x90, 0xf1, 0x97, 0x4c, 0xcc, 0xfc,
    0xcc, 0x3f, 0x19, 0x70, 0x22, 0x22, 0x22, 0x20,
    0xf1, 0x9e, 0xcc, 0xcc, 0xcc, 0xcc, 0xcf, 0x19,
    0x93, 0x33, 0x33, 0x33, 0x33, 0xf1,

    /* U+5706 "圆" */
    0xf, 0xee, 0xee, 0xee, 0xee, 0xef, 0x70, 0xf0,
    0x6c, 0xcc, 0xcc, 0xc0, 0x97, 0xf, 0x8, 0x60,
    0x0, 0xf, 0x9, 0x70, 0xf0, 0x8d, 0xbb, 0xbb,
    0xf0, 0x97, 0xf, 0x0, 0x0, 0x0, 0x0, 0x9,
    0x70, 0xf0, 0xed, 0xdd, 0xdd, 0xf5, 0x97, 0xf,
    0xe, 0x10, 0x72, 0xa, 0x59, 0x70, 0xf0, 0xe1,
    0xc, 0x30, 0xa5, 0x97, 0xf, 0x8, 0x6, 0xc8,
    0x45, 0x29, 0x70, 0xf2, 0x8d, 0xa1, 0x2a, 0xc4,
    0x97, 0xf, 0x37, 0x21, 0x11, 0x13, 0x69, 0x70,
    0xfc, 0xcc, 0xcc, 0xcc, 0xcc, 0xe7,

    /* U+5708 "圈" */
    0xfe, 0xee, 0xee, 0xee, 0xee, 0xf8, 0xf0, 0x5,
    0x6, 0x50, 0x50, 0x88, 0xf0, 0x9, 0x2c, 0x34,
    0x70, 0x88, 0xf0, 0xab, 0xce, 0xbb, 0xb5, 0x88,
    0xf3, 0x66, 0xca, 0x66, 0x66, 0x88, 0xf2, 0x4d,
    0x94, 0x4a, 0x94, 0x88, 0xf2, 0xcd, 0xcb, 0xbb,
    0xc7, 0x88, 0xf6, 0x45, 0x80, 0xc, 0x7, 0x88,
    0xf0, 0x5, 0x82, 0x95, 0x40, 0x88, 0xf0, 0x4,
    0xc7, 0x77, 0xb0, 0x88, 0xf2, 0x22, 0x56, 0x66,
    0x32, 0x98, 0xfc, 0xcc, 0xcc, 0xcc, 0xcc, 0xe8,

    /* U+571F "土" */
    0x0, 0x0, 0x0, 0xd5, 0x0, 0x0, 0x0, 0x0,
    0x0, 0x0, 0xd5, 0x0, 0x0, 0x0, 0x0, 0x0,
    0x0, 0xd5, 0x0, 0x0, 0x0, 0x0, 0x0, 0x0,
    0xd5, 0x0, 0x0, 0x0, 0x0, 0x11, 0x11, 0xd5,
    0x11, 0x11, 0x0, 0x9, 0xff, 0xff, 0xff, 0xff,
    0xff, 0x20, 0x0, 0x0, 0x0, 0xd5, 0x0, 0x0,
    0x0, 0x0, 0x0, 0x0, 0xd5, 0x0, 0x0, 0x0,
    0x0, 0x0, 0x0, 0xd5, 0x0, 0x0, 0x0, 0x0,
    0x0, 0x0, 0xd5, 0x0, 0x0, 0x0, 0x0, 0x0,
    0x0, 0xd5, 0x0, 0x0, 0x0, 0x5a, 0xaa, 0xaa,
    0xfc, 0xaa, 0xaa, 0xa0, 0x25, 0x55, 0x55, 0x55,
    0x55, 0x55, 0x50,

    /* U+5723 "圣" */
    0x0, 0x0, 0x0, 0x0, 0x0, 0x0, 0x0, 0xd,
    0xff, 0xff, 0xff, 0xff, 0xf6, 0x0, 0x0, 0x3e,
    0x30, 0x0, 0x8, 0xd0, 0x0, 0x0, 0x3, 0xe8,
    0x2, 0xbb, 0x10, 0x0, 0x0, 0x0, 0x1d, 0xef,
    0x80, 0x0, 0x0, 0x25, 0x8b, 0xeb, 0x69, 0xed,
    0x95, 0x30, 0x5a, 0x74, 0x0, 0x73, 0x3, 0x7a,
    0xb0, 0x0, 0x0, 0x0, 0xc5, 0x0, 0x0, 0x0,
    0x0, 0xce, 0xee, 0xff, 0xee, 0xe5, 0x0, 0x0,
    0x1, 0x11, 0xc5, 0x11, 0x10, 0x0, 0x0, 0x0,
    0x0, 0xc5, 0x0, 0x0, 0x0, 0x37, 0x77, 0x77,
    0xea, 0x77, 0x77, 0x70, 0x38, 0x88, 0x88, 0x88,
    0x88, 0x88, 0x80,

    /* U+5728 "在" */
    0x0, 0x0, 0xa, 0x50, 0x0, 0x0, 0x0, 0x0,
    0x0, 0xf, 0x20, 0x0, 0x0, 0x0, 0x1d, 0xdd,
    0xdf, 0xdd, 0xdd, 0xdd, 0xd1, 0x3, 0x33, 0xe7,
    0x33, 0x33, 0x33, 0x30, 0x0, 0x6, 0xd0, 0x0,
    0x75, 0x0, 0x0, 0x0, 0x1e, 0x40, 0x0, 0xa6,
    0x0, 0x0, 0x0, 0xcc, 0x0, 0x0, 0xa7, 0x0,
    0x0, 0xb, 0xfc, 0xb, 0xff, 0xff, 0xff, 0x80,
    0x3b, 0x5c, 0x0, 0x0, 0xa6, 0x0, 0x0, 0x0,
    0x4c, 0x0, 0x0, 0xa6, 0x0, 0x0, 0x0, 0x4c,
    0x0, 0x0, 0xa6, 0x0, 0x0, 0x0, 0x4c, 0x0,
    0x0, 0xa6, 0x0, 0x0, 0x0, 0x4c, 0x5f, 0xff,
    0xff, 0xff, 0xf2,

    /* U+5730 "地" */
    0x0, 0xd2, 0x0, 0x0, 0x1e, 0x0, 0x0, 0x0,
    0xd2, 0x0, 0x90, 0x1e, 0x0, 0x0, 0x0, 0xd2,
    0x1, 0xe0, 0x1e, 0x0, 0x30, 0x12, 0xe4, 0x21,
    0xe0, 0x1e, 0x8e, 0xd0, 0x8d, 0xfd, 0xa1, 0xe4,
    0xbf, 0xa7, 0xd0, 0x0, 0xd2, 0x18, 0xfd, 0x8e,
    0x3, 0xc0, 0x0, 0xd2, 0x7a, 0xf0, 0x1e, 0x3,
    0xc0, 0x0, 0xd2, 0x1, 0xe0, 0x1e, 0x4, 0xb0,
    0x0, 0xdb, 0xd1, 0xe0, 0x1e, 0x5d, 0x80, 0x4b,
    0xe7, 0x1, 0xe0, 0x1a, 0x12, 0x10, 0x67, 0x0,
    0x1, 0xe0, 0x0, 0x0, 0x86, 0x0, 0x0, 0x1,
    0xf0, 0x0, 0x0, 0xc4, 0x0, 0x0, 0x0, 0xaf,
    0xff, 0xff, 0xc0,

    /* U+5733 "圳" */
    0x0, 0x4c, 0x0, 0x0, 0x0, 0x0, 0x0, 0x0,
    0x4c, 0x0, 0xb4, 0xd, 0x10, 0xf1, 0x0, 0x4c,
    0x0, 0xc4, 0xe, 0x10, 0xf1, 0x8, 0xae, 0x84,
    0xc4, 0xe, 0x10, 0xf1, 0x9, 0xbe, 0x94, 0xc4,
    0xe, 0x10, 0xf1, 0x0, 0x4c, 0x0, 0xc4, 0xe,
    0x10, 0xf1, 0x0, 0x4c, 0x0, 0xc3, 0xe, 0x10,
    0xf1, 0x0, 0x4c, 0x0, 0xd3, 0xe, 0x10, 0xf1,
    0x0, 0x4c, 0x33, 0xe2, 0xe, 0x10, 0xf1, 0x3,
    0xaf, 0xd6, 0xf0, 0xe, 0x10, 0xf1, 0x1e, 0x83,
    0x5, 0xc0, 0xe, 0x10, 0xf1, 0x0, 0x0, 0xc,
    0x70, 0x1, 0x0, 0xf1, 0x0, 0x0, 0x1b, 0x0,
    0x0, 0x0, 0xf1,

    /* U+573A "场" */
    0x0, 0xc3, 0x0, 0x0, 0x0, 0x0, 0x0, 0x0,
    0xc3, 0xf, 0xff, 0xff, 0xf7, 0x0, 0x0, 0xc3,
    0x0, 0x0, 0x1d, 0x90, 0x0, 0x13, 0xd5, 0x20,
    0x4, 0xe6, 0x0, 0x0, 0x6d, 0xfe, 0x91, 0x9d,
    0x30, 0x0, 0x10, 0x0, 0xc3, 0xb, 0xff, 0xff,
    0xff, 0xf1, 0x0, 0xc3, 0x0, 0x8, 0x74, 0xb0,
    0xf0, 0x0, 0xc3, 0x0, 0x2d, 0xa, 0x51, 0xe0,
    0x0, 0xc3, 0x21, 0xd3, 0x2d, 0x3, 0xd0, 0x3,
    0xef, 0xab, 0x40, 0xb5, 0x5, 0xb0, 0x8e, 0x82,
    0x0, 0x8, 0xa0, 0x7, 0x90, 0x10, 0x0, 0x0,
    0x8b, 0x0, 0xc, 0x60, 0x0, 0x0, 0x8, 0xa0,
    0xb, 0xfc, 0x0, 0x0, 0x0, 0x0, 0x0, 0x0,
    0x0, 0x0,

    /* U+5747 "均" */
    0x0, 0x0, 0x0, 0x0, 0x0, 0x0, 0x0, 0xd,
    0x20, 0x0, 0x96, 0x0, 0x0, 0x0, 0xd2, 0x0,
    0xe, 0x10, 0x0, 0x0, 0xd, 0x20, 0x7, 0xe8,
    0x88, 0x85, 0x12, 0xe4, 0x21, 0xea, 0xaa, 0xac,
    0xa8, 0xdf, 0xdb, 0xa8, 0x0, 0x0, 0x69, 0x0,
    0xd2, 0xb, 0x47, 0x0, 0x6, 0x90, 0xd, 0x20,
    0x0, 0xaa, 0x0, 0x78, 0x0, 0xd2, 0x0, 0x0,
    0x95, 0x7, 0x70, 0xd, 0x37, 0x20, 0x1, 0x9b,
    0x87, 0x2, 0xef, 0x81, 0x19, 0xe6, 0xa, 0x57,
    0xe7, 0x10, 0x6e, 0x70, 0x0, 0xc4, 0x10, 0x0,
    0x1, 0x0, 0x0, 0x1f, 0x10, 0x0, 0x0, 0x0,
    0xc, 0xff, 0x90, 0x0, 0x0, 0x0, 0x0, 0x0,
    0x0, 0x0,

    /* U+5757 "块" */
    0x0, 0xc3, 0x0, 0x1, 0xf0, 0x0, 0x0, 0x0,
    0xc3, 0x0, 0x1, 0xf0, 0x0, 0x0, 0x0, 0xc3,
    0x3, 0x66, 0xf6, 0x66, 0x0, 0x12, 0xd5, 0x27,
    0xdd, 0xfd, 0xdf, 0x10, 0x6d, 0xfd, 0x90, 0x1,
    0xf0, 0xe, 0x10, 0x0, 0xc3, 0x0, 0x1, 0xf0,
    0xe, 0x10, 0x0, 0xc3, 0x8, 0x89, 0xf8, 0x8f,
    0x90, 0x0, 0xc3, 0x17, 0x7a, 0xfc, 0x77, 0x70,
    0x0, 0xcc, 0xd0, 0x7, 0xbd, 0x0, 0x0, 0x3b,
    0xfa, 0x20, 0xe, 0x4c, 0x50, 0x0, 0x79, 0x20,
    0x0, 0x8c, 0x4, 0xe1, 0x0, 0x0, 0x0, 0x8,
    0xe1, 0x0, 0x9c, 0x10, 0x0, 0x0, 0xcc, 0x20,
    0x0, 0xa, 0xe1, 0x0, 0x0, 0x20, 0x0, 0x0,
    0x0, 0x20,

    /* U+575B "坛" */
    0x0, 0xe2, 0x0, 0x0, 0x0, 0x0, 0x0, 0x0,
    0xe2, 0x4, 0xee, 0xee, 0xee, 0x40, 0x0, 0xe2,
    0x0, 0x22, 0x22, 0x22, 0x0, 0x69, 0xfb, 0x70,
    0x0, 0x0, 0x0, 0x0, 0x46, 0xf8, 0x40, 0x0,
    0x0, 0x0, 0x0, 0x0, 0xe2, 0xd, 0xdd, 0xdd,
    0xdd, 0xd0, 0x0, 0xe2, 0x3, 0x39, 0xc3, 0x33,
    0x30, 0x0, 0xe2, 0x0, 0xe, 0x50, 0x0, 0x0,
    0x0, 0xe4, 0x70, 0x5d, 0x0, 0xb4, 0x0, 0x4,
    0xff, 0x90, 0xd5, 0x0, 0x6c, 0x0, 0x9e, 0x71,
    0x7, 0xc0, 0x1, 0x3f, 0x40, 0x20, 0x0, 0xf,
    0xee, 0xfe, 0xcc, 0xb0, 0x0, 0x0, 0x5, 0x42,
    0x0, 0x1, 0xd1, 0x0, 0x0, 0x0, 0x0, 0x0,
    0x0, 0x0,

    /* U+576A "坪" */
    0x0, 0xe1, 0x0, 0x0, 0x0, 0x0, 0x0, 0x0,
    0xe1, 0x3f, 0xff, 0xff, 0xff, 0xa0, 0x0, 0xe1,
    0x0, 0x0, 0xd3, 0x1, 0x0, 0x12, 0xe4, 0x18,
    0x60, 0xd3, 0xe, 0x10, 0x5d, 0xfd, 0x54, 0xa0,
    0xd3, 0x2c, 0x0, 0x0, 0xe1, 0x1, 0xd0, 0xd3,
    0x77, 0x0, 0x0, 0xe1, 0x0, 0x50, 0xd3, 0x31,
    0x0, 0x0, 0xe1, 0xaf, 0xff, 0xff, 0xff, 0xf1,
    0x0, 0xe6, 0x41, 0x11, 0xd4, 0x11, 0x10, 0x28,
    0xfd, 0x40, 0x0, 0xd3, 0x0, 0x0, 0x7b, 0x40,
    0x0, 0x0, 0xd3, 0x0, 0x0, 0x0, 0x0, 0x0,
    0x0, 0xd3, 0x0, 0x0, 0x0, 0x0, 0x0, 0x0,
    0xd3, 0x0, 0x0,

    /* U+578B "型" */
    0x0, 0x0, 0x0, 0x0, 0x0, 0x1, 0xe0, 0x4,
    0xcf, 0xbc, 0xfb, 0x1e, 0x1, 0xe0, 0x0, 0x1e,
    0x2, 0xd0, 0xe, 0x1, 0xe0, 0x1, 0x3e, 0x14,
    0xd1, 0xe, 0x1, 0xe0, 0xb, 0xdf, 0xdd, 0xfd,
    0x5e, 0x1, 0xe0, 0x0, 0x79, 0x2, 0xd0, 0xa,
    0x1, 0xe0, 0x2, 0xe3, 0x2, 0xd0, 0x0, 0x23,
    0xe0, 0xa, 0x50, 0x2, 0xb9, 0x1, 0xcc, 0x70,
    0x0, 0x0, 0x0, 0x1f, 0x10, 0x0, 0x0, 0x0,
    0xde, 0xee, 0xff, 0xee, 0xec, 0x0, 0x0, 0x0,
    0x0, 0x1f, 0x0, 0x0, 0x0, 0x39, 0x99, 0x99,
    0x9f, 0x99, 0x99, 0x92, 0x26, 0x66, 0x66, 0x66,
    0x66, 0x66, 0x62,

    /* U+579A "垚" */
    0x0, 0x0, 0x0, 0xe2, 0x0, 0x0, 0x0, 0x0,
    0x0, 0x0, 0xe2, 0x0, 0x0, 0x0, 0x3, 0xff,
    0xff, 0xff, 0xff, 0xf7, 0x0, 0x0, 0x0, 0x0,
    0xe2, 0x0, 0x0, 0x0, 0x8, 0x88, 0x88, 0xf9,
    0x88, 0x88, 0x40, 0x6, 0x66, 0x66, 0x66, 0x66,
    0x66, 0x30, 0x0, 0xe, 0x10, 0x0, 0xe, 0x10,
    0x0, 0x0, 0xe, 0x10, 0x0, 0xe, 0x10, 0x0,
    0x1e, 0xef, 0xfe, 0x6e, 0xef, 0xfe, 0x70, 0x0,
    0xe, 0x10, 0x0, 0xe, 0x10, 0x0, 0x0, 0xe,
    0x12, 0x10, 0xe, 0x10, 0x0, 0x28, 0xaf, 0xff,
    0xa7, 0x7f, 0x87, 0x71, 0x37, 0x53, 0x10, 0x47,
    0x77, 0x77, 0x70,

    /* U+57CE "城" */
    0x0, 0xe1, 0x0, 0x0, 0xc, 0x5b, 0x10, 0x0,
    0xe1, 0x0, 0x0, 0xc, 0x35, 0xb0, 0x0, 0xe1,
    0xe, 0xdd, 0xdf, 0xed, 0xe2, 0x38, 0xf9, 0x3f,
    0x22, 0x2c, 0x52, 0x20, 0x27, 0xf8, 0x3f, 0x0,
    0xa, 0x40, 0x20, 0x0, 0xe1, 0xf, 0xef, 0x79,
    0x62, 0xe0, 0x0, 0xe1, 0xf, 0x6, 0x78, 0x78,
    0x90, 0x0, 0xe1, 0xf, 0x6, 0x76, 0xae, 0x30,
    0x0, 0xe1, 0x3e, 0x7, 0x64, 0xfb, 0x0, 0x2,
    0xfe, 0xbc, 0x9, 0x52, 0xf3, 0x0, 0x6f, 0x92,
    0x78, 0xac, 0x2c, 0xf4, 0x29, 0x10, 0x0, 0xd3,
    0x1, 0xca, 0x7b, 0x58, 0x0, 0x4, 0xa0, 0xa,
    0x80, 0xb, 0xe3, 0x0, 0x0, 0x0, 0x0, 0x0,
    0x0, 0x0,

    /* U+57E0 "埠" */
    0x0, 0x0, 0x0, 0x0, 0x0, 0x0, 0x0, 0x0,
    0xd2, 0x0, 0x1, 0xe1, 0x0, 0x0, 0x0, 0xd2,
    0x6, 0xcd, 0xec, 0xcc, 0x0, 0x0, 0xd2, 0x8,
    0x80, 0x0, 0xf, 0x0, 0x49, 0xea, 0x68, 0xc8,
    0x88, 0x8f, 0x0, 0x37, 0xe8, 0x48, 0xa5, 0x55,
    0x55, 0x0, 0x0, 0xd2, 0x8, 0xed, 0xdd, 0xdd,
    0x40, 0x0, 0xd2, 0x8, 0x70, 0x0, 0xa, 0x50,
    0x0, 0xd2, 0x8, 0xb7, 0x77, 0x7c, 0x50, 0x0,
    0xda, 0xb3, 0x65, 0xf7, 0x55, 0x20, 0x29, 0xf9,
    0x42, 0x22, 0xf4, 0x22, 0x20, 0x79, 0x10, 0xac,
    0xcc, 0xfc, 0xcc, 0xc1, 0x0, 0x0, 0x0, 0x0,
    0xe2, 0x0, 0x0, 0x0, 0x0, 0x0, 0x0, 0xe2,
    0x0, 0x0,

    /* U+57FA "基" */
    0x0, 0x9, 0x70, 0x0, 0x6, 0xa0, 0x0, 0x2,
    0x3a, 0x93, 0x33, 0x38, 0xb3, 0x20, 0x8, 0xbe,
    0xdb, 0xbb, 0xbd, 0xeb, 0x80, 0x0, 0x9, 0xb7,
    0x77, 0x7a, 0xa0, 0x0, 0x0, 0x9, 0xa4, 0x44,
    0x49, 0xa0, 0x0, 0x0, 0x9, 0xec, 0xcc, 0xce,
    0xa0, 0x0, 0x0, 0x9, 0x70, 0x0, 0x6, 0xa0,
    0x0, 0x5e, 0xef, 0xfe, 0xee, 0xef, 0xfe, 0xe5,
    0x0, 0x2d, 0x50, 0xb4, 0x4, 0xd2, 0x0, 0x7,
    0xed, 0xbb, 0xfc, 0xbb, 0x7e, 0x92, 0x2c, 0x31,
    0x22, 0xd6, 0x22, 0x1, 0x91, 0x0, 0x0, 0x0,
    0xc4, 0x0, 0x0, 0x0, 0x7, 0xff, 0xff, 0xff,
    0xff, 0xff, 0x20,

    /* U+5802 "堂" */
    0x0, 0x56, 0x0, 0xc4, 0x0, 0x66, 0x0, 0x0,
    0x2e, 0x10, 0xc4, 0x1, 0xe3, 0x0, 0x7, 0x8d,
    0xa8, 0xea, 0x8a, 0xc8, 0x80, 0xf, 0x66, 0x66,
    0x66, 0x66, 0x66, 0xf0, 0xf, 0x9, 0xbb, 0xbb,
    0xbb, 0xa0, 0xf0, 0x8, 0xe, 0x32, 0x22, 0x24,
    0xe0, 0x80, 0x0, 0xe, 0x10, 0x0, 0x2, 0xe0,
    0x0, 0x0, 0xb, 0xcc, 0xfd, 0xcc, 0xb0, 0x0,
    0x0, 0x0, 0x0, 0xc4, 0x0, 0x0, 0x0, 0x1,
    0xee, 0xee, 0xff, 0xee, 0xec, 0x0, 0x0, 0x0,
    0x0, 0xc4, 0x0, 0x0, 0x0, 0x0, 0x0, 0x0,
    0xc4, 0x0, 0x0, 0x0, 0x4f, 0xff, 0xff, 0xff,
    0xff, 0xff, 0xe0,

    /* U+5821 "堡" */
    0x0, 0x4, 0x10, 0x0, 0x0, 0x0, 0x0, 0x0,
    0x1e, 0x1f, 0xdd, 0xdd, 0xde, 0x0, 0x0, 0xa8,
    0xf, 0x22, 0x22, 0x3e, 0x0, 0x6, 0xf1, 0xa,
    0xab, 0xfa, 0xa9, 0x0, 0x3f, 0xf1, 0x22, 0x24,
    0xf2, 0x22, 0x10, 0x14, 0xe2, 0xbb, 0xde, 0xff,
    0xcb, 0x90, 0x0, 0xe1, 0x6, 0xd4, 0xe3, 0xd6,
    0x0, 0x0, 0xe2, 0xda, 0x22, 0xe0, 0x19, 0xd0,
    0x0, 0xa0, 0x10, 0xc6, 0x90, 0x0, 0x0, 0x1,
    0xdd, 0xdd, 0xfe, 0xdd, 0xdd, 0x20, 0x0, 0x11,
    0x11, 0xc6, 0x11, 0x11, 0x0, 0x0, 0x0, 0x0,
    0xc5, 0x0, 0x0, 0x0, 0x7f, 0xff, 0xff, 0xff,
    0xff, 0xff, 0xf7,

    /* U+589E "增" */
    0x0, 0x0, 0x0, 0x0, 0x0, 0x0, 0x0, 0xe,
    0x10, 0xc, 0x30, 0xa, 0xa0, 0x0, 0xe1, 0x0,
    0x69, 0x2, 0xf2, 0x0, 0xe, 0x10, 0xbc, 0xcb,
    0xee, 0xb7, 0x2, 0xe3, 0x1e, 0x52, 0xd2, 0x46,
    0xa5, 0xdf, 0xe6, 0xe5, 0x6d, 0xc, 0x5a, 0x0,
    0xe1, 0xe, 0x6, 0xd4, 0x44, 0xa0, 0xe, 0x10,
    0xdc, 0xce, 0xcc, 0xc9, 0x0, 0xe1, 0x0, 0x0,
    0x0, 0x0, 0x0, 0xe, 0x10, 0xf, 0xcc, 0xcc,
    0xf0, 0x2, 0xfc, 0x90, 0xb0, 0x0, 0xf, 0x6,
    0xd8, 0x40, 0xe, 0x99, 0x99, 0xf0, 0x0, 0x0,
    0x0, 0xea, 0xaa, 0xaf, 0x0, 0x0, 0x0, 0xc,
    0x33, 0x33, 0xf0,

    /* U+58F3 "壳" */
    0x0, 0x0, 0x0, 0xc4, 0x0, 0x0, 0x0, 0x4c,
    0xcc, 0xcc, 0xfd, 0xcc, 0xcc, 0xb0, 0x13, 0x33,
    0x33, 0xd7, 0x33, 0x33, 0x20, 0x1, 0x44, 0x44,
    0xd8, 0x44, 0x44, 0x0, 0x2, 0x99, 0x99, 0x99,
    0x99, 0x98, 0x0, 0x2, 0x22, 0x22, 0x22, 0x22,
    0x22, 0x20, 0xe, 0xcc, 0xcc, 0xcc, 0xcc, 0xcc,
    0xe0, 0xe, 0x10, 0x32, 0x22, 0x23, 0x1, 0xe0,
    0x9, 0x0, 0xfc, 0xcc, 0xcf, 0x1, 0xa0, 0x0,
    0x0, 0xf0, 0x0, 0xf, 0x0, 0x0, 0x0, 0x4,
    0xd0, 0x0, 0xf, 0x0, 0x10, 0x0, 0x6e, 0x50,
    0x0, 0xf, 0x0, 0x92, 0x6f, 0xb3, 0x0, 0x0,
    0xc, 0xff, 0xd0, 0x0, 0x0, 0x0, 0x0, 0x0,
    0x0, 0x0,

    /* U+5904 "处" */
    0x0, 0xd, 0x10, 0x0, 0x3e, 0x0, 0x0, 0x0,
    0x2f, 0x0, 0x0, 0x3e, 0x0, 0x0, 0x0, 0x6f,
    0xcc, 0xb1, 0x3e, 0x0, 0x0, 0x0, 0xa8, 0x34,
    0xf1, 0x3f, 0x40, 0x0, 0x1, 0xf4, 0x4, 0xe0,
    0x3f, 0xe3, 0x0, 0x7, 0xf6, 0x7, 0xa0, 0x3e,
    0x4e, 0x20, 0x1e, 0x7b, 0xb, 0x60, 0x3e, 0x7,
    0xc0, 0x3, 0xe, 0x4f, 0x10, 0x3e, 0x0, 0x81,
    0x0, 0x7, 0xfa, 0x0, 0x3e, 0x0, 0x0, 0x0,
    0x3, 0xf7, 0x0, 0x3e, 0x0, 0x0, 0x0, 0x1d,
    0xae, 0x70, 0x14, 0x0, 0x0, 0x2, 0xdb, 0x2,
    0xdd, 0x85, 0x33, 0x32, 0x3f, 0x90, 0x0, 0x5,
    0x9c, 0xde, 0xe5, 0x2, 0x0, 0x0, 0x0, 0x0,
    0x0, 0x0,

    /* U+5907 "备" */
    0x0, 0x0, 0x0, 0x0, 0x0, 0x0, 0x0, 0x0,
    0x0, 0xc, 0x60, 0x0, 0x0, 0x0, 0x0, 0x0,
    0xbf, 0xcc, 0xcc, 0xc2, 0x0, 0x0, 0x1c, 0xf4,
    0x22, 0x2a, 0xb0, 0x0, 0x5, 0xe8, 0x7e, 0x41,
    0xba, 0x0, 0x0, 0x1, 0x20, 0x6, 0xff, 0xa0,
    0x0, 0x0, 0x0, 0x37, 0xce, 0x87, 0xde, 0x96,
    0x30, 0x2f, 0xe9, 0x50, 0x0, 0x3, 0x7b, 0xe4,
    0x1, 0x7f, 0xee, 0xff, 0xee, 0xf9, 0x0, 0x0,
    0x7a, 0x0, 0x2e, 0x0, 0x59, 0x0, 0x0, 0x7f,
    0xdd, 0xef, 0xdd, 0xe9, 0x0, 0x0, 0x7a, 0x0,
    0x2e, 0x0, 0x59, 0x0, 0x0, 0x7d, 0x77, 0x9f,
    0x77, 0xa9, 0x0, 0x0, 0x7d, 0x77, 0x77, 0x77,
    0xa9, 0x0, 0x0, 0x0, 0x0, 0x0, 0x0, 0x0,
    0x0,

    /* U+590D "复" */
    0x0, 0x3, 0x30, 0x0, 0x0, 0x0, 0x0, 0x0,
    0xd, 0x63, 0x33, 0x33, 0x33, 0x10, 0x0, 0xbc,
    0xbb, 0xbb, 0xbb, 0xbb, 0x70, 0x1c, 0x97, 0x77,
    0x77, 0x77, 0x74, 0x0, 0x6, 0xf, 0x44, 0x44,
    0x44, 0x9a, 0x0, 0x0, 0xf, 0xbb, 0xbb, 0xbb,
    0xda, 0x0, 0x0, 0xf, 0x55, 0x55, 0x55, 0xaa,
    0x0, 0x0, 0x6, 0xda, 0x66, 0x66, 0x64, 0x0,
    0x0, 0x8, 0xfd, 0xcc, 0xcc, 0xc3, 0x0, 0x2,
    0xbb, 0xd3, 0x0, 0x1b, 0xa0, 0x0, 0x3, 0x60,
    0x2c, 0xa9, 0xe6, 0x0, 0x0, 0x2, 0x47, 0xae,
    0xcb, 0xea, 0x75, 0x31, 0x4d, 0xb8, 0x51, 0x0,
    0x4, 0x7a, 0xb1,

    /* U+5916 "外" */
    0x0, 0x0, 0x0, 0x0, 0x0, 0x0, 0x0, 0x0,
    0xd, 0x20, 0x0, 0x3d, 0x0, 0x0, 0x0, 0x2f,
    0x0, 0x0, 0x3d, 0x0, 0x0, 0x0, 0x7f, 0xdd,
    0xd4, 0x3d, 0x0, 0x0, 0x0, 0xd6, 0x22, 0xf4,
    0x3d, 0x0, 0x0, 0x4, 0xd0, 0x2, 0xf1, 0x3e,
    0x70, 0x0, 0xd, 0x82, 0x6, 0xc0, 0x3e, 0xca,
    0x0, 0x2a, 0x5e, 0x5c, 0x70, 0x3d, 0xb, 0xb0,
    0x0, 0x3, 0xef, 0x10, 0x3d, 0x0, 0xb7, 0x0,
    0x0, 0xb9, 0x0, 0x3d, 0x0, 0x0, 0x0, 0x6,
    0xe1, 0x0, 0x3d, 0x0, 0x0, 0x0, 0x5f, 0x40,
    0x0, 0x3d, 0x0, 0x0, 0x9, 0xf5, 0x0, 0x0,
    0x3d, 0x0, 0x0, 0x1b, 0x30, 0x0, 0x0, 0x3d,
    0x0, 0x0,

    /* U+591A "多" */
    0x0, 0x0, 0x2d, 0x30, 0x0, 0x0, 0x0, 0x0,
    0x3e, 0xfc, 0xcc, 0xb0, 0x0, 0x0, 0x8e, 0x53,
    0x33, 0xd8, 0x0, 0x2, 0xe9, 0x77, 0x1, 0xca,
    0x0, 0x0, 0x0, 0x1, 0xbc, 0xe7, 0x0, 0x0,
    0x0, 0x2, 0x8e, 0xa3, 0xc7, 0x0, 0x0, 0x7e,
    0xd8, 0x21, 0xcf, 0xdd, 0xdc, 0x2, 0x20, 0x6,
    0xe7, 0x22, 0x2b, 0xa0, 0x0, 0x6d, 0xa7, 0x40,
    0x7, 0xd1, 0x0, 0x6, 0x30, 0x3e, 0x7b, 0xd1,
    0x0, 0x0, 0x0, 0x3, 0xbf, 0x80, 0x0, 0x2,
    0x47, 0xae, 0xd8, 0x10, 0x0, 0x0, 0x9c, 0x96,
    0x20, 0x0, 0x0, 0x0, 0x0,

    /* U+5927 "大" */
    0x0, 0x0, 0x0, 0x89, 0x0, 0x0, 0x0, 0x0,
    0x0, 0x0, 0x88, 0x0, 0x0, 0x0, 0x0, 0x0,
    0x0, 0x98, 0x0, 0x0, 0x0, 0x0, 0x0, 0x0,
    0xa6, 0x0, 0x0, 0x0, 0x1f, 0xff, 0xff, 0xff,
    0xff, 0xff, 0xf2, 0x2, 0x22, 0x22, 0xff, 0x22,
    0x22, 0x20, 0x0, 0x0, 0x4, 0xdb, 0x60, 0x0,
    0x0, 0x0, 0x0, 0xb, 0x75, 0xd0, 0x0, 0x0,
    0x0, 0x0, 0x4f, 0x10, 0xd7, 0x0, 0x0, 0x0,
    0x1, 0xe7, 0x0, 0x3f, 0x30, 0x0, 0x0, 0x2d,
    0xa0, 0x0, 0x7, 0xf4, 0x0, 0x7, 0xf9, 0x0,
    0x0, 0x0, 0x7f, 0x91, 0x1a, 0x40, 0x0, 0x0,
    0x0, 0x3, 0xa0,

    /* U+5929 "天" */
    0x4, 0x77, 0x77, 0x77, 0x77, 0x77, 0x30, 0x5,
    0x99, 0x99, 0xdc, 0x99, 0x99, 0x40, 0x0, 0x0,
    0x0, 0xa7, 0x0, 0x0, 0x0, 0x0, 0x0, 0x0,
    0xa7, 0x0, 0x0, 0x0, 0x2, 0x22, 0x22, 0xc8,
    0x22, 0x22, 0x20, 0x1e, 0xee, 0xee, 0xff, 0xee,
    0xee, 0xe1, 0x0, 0x0, 0x2, 0xfe, 0x10, 0x0,
    0x0, 0x0, 0x0, 0x8, 0xb9, 0x80, 0x0, 0x0,
    0x0, 0x0, 0x3f, 0x21, 0xe4, 0x0, 0x0, 0x0,
    0x3, 0xe6, 0x0, 0x5e, 0x30, 0x0, 0x0, 0x8f,
    0x60, 0x0, 0x5, 0xf8, 0x10, 0x2e, 0xb2, 0x0,
    0x0, 0x0, 0x3c, 0xf3, 0x2, 0x0, 0x0, 0x0,
    0x0, 0x0, 0x20,

    /* U+592A "太" */
    0x0, 0x0, 0x0, 0x99, 0x0, 0x0, 0x0, 0x0,
    0x0, 0x0, 0x98, 0x0, 0x0, 0x0, 0x0, 0x0,
    0x0, 0x97, 0x0, 0x0, 0x0, 0x0, 0x0, 0x0,
    0xb7, 0x0, 0x0, 0x0, 0x2f, 0xff, 0xff, 0xff,
    0xff, 0xff, 0xf3, 0x0, 0x0, 0x1, 0xff, 0x20,
    0x0, 0x0, 0x0, 0x0, 0x4, 0xe9, 0x80, 0x0,
    0x0, 0x0, 0x0, 0xa, 0x93, 0xe0, 0x0, 0x0,
    0x0, 0x0, 0x2f, 0x20, 0xb8, 0x0, 0x0, 0x0,
    0x0, 0xcc, 0x0, 0x2f, 0x30, 0x0, 0x0, 0xb,
    0xca, 0xc0, 0x7, 0xe2, 0x0, 0x3, 0xdc, 0x10,
    0xac, 0x0, 0x8f, 0x60, 0x2e, 0x80, 0x0, 0xa,
    0x30, 0x5, 0xe3, 0x0, 0x0, 0x0, 0x0, 0x0,
    0x0, 0x0,

    /* U+592B "夫" */
    0x0, 0x0, 0x0, 0x98, 0x0, 0x0, 0x0, 0x0,
    0x0, 0x0, 0x98, 0x0, 0x0, 0x0, 0x1, 0xdd,
    0xdd, 0xfe, 0xdd, 0xdd, 0x40, 0x0, 0x33, 0x33,
    0xb9, 0x33, 0x33, 0x10, 0x0, 0x0, 0x0, 0x97,
    0x0, 0x0, 0x0, 0x0, 0x0, 0x0, 0xa7, 0x0,
    0x0, 0x0, 0x1e, 0xee, 0xee, 0xff, 0xee, 0xee,
    0xe1, 0x2, 0x22, 0x24, 0xfe, 0x22, 0x22, 0x20,
    0x0, 0x0, 0x8, 0xcc, 0x60, 0x0, 0x0, 0x0,
    0x0, 0x4f, 0x33, 0xe3, 0x0, 0x0, 0x0, 0x6,
    0xf6, 0x0, 0x6f, 0x50, 0x0, 0x5, 0xde, 0x40,
    0x0, 0x4, 0xec, 0x61, 0x1c, 0x60, 0x0, 0x0,
    0x0, 0x6, 0xb1,

    /* U+592E "央" */
    0x0, 0x0, 0x0, 0xe2, 0x0, 0x0, 0x0, 0x0,
    0x0, 0x0, 0xe2, 0x0, 0x0, 0x0, 0x0, 0xef,
    0xff, 0xff, 0xff, 0xfd, 0x0, 0x0, 0xe2, 0x11,
    0xf3, 0x11, 0x4e, 0x0, 0x0, 0xe2, 0x0, 0xe2,
    0x0, 0x3e, 0x0, 0x0, 0xe2, 0x0, 0xf1, 0x0,
    0x3e, 0x0, 0x0, 0xe2, 0x0, 0xf0, 0x0, 0x3e,
    0x0, 0x7f, 0xff, 0xff, 0xff, 0xff, 0xff, 0xf5,
    0x0, 0x0, 0xa, 0xbe, 0x10, 0x0, 0x0, 0x0,
    0x0, 0x3f, 0x29, 0xa0, 0x0, 0x0, 0x0, 0x3,
    0xe7, 0x0, 0xd9, 0x0, 0x0, 0x1, 0x8f, 0x70,
    0x0, 0x1c, 0xd5, 0x0, 0x4f, 0xb2, 0x0, 0x0,
    0x0, 0x6d, 0xf4, 0x2, 0x0, 0x0, 0x0, 0x0,
    0x0, 0x20,

    /* U+592F "夯" */
    0x0, 0x0, 0x0, 0xd1, 0x0, 0x0, 0x0, 0x0,
    0x0, 0x5, 0xc0, 0x0, 0x0, 0x0, 0x2e, 0xee,
    0xef, 0xfe, 0xee, 0xee, 0xe3, 0x0, 0x0, 0x7d,
    0x10, 0xa7, 0x0, 0x0, 0x0, 0x3, 0xf3, 0x0,
    0x1d, 0x40, 0x0, 0x0, 0x3e, 0x50, 0xe1, 0x3,
    0xe5, 0x0, 0x8, 0xe5, 0x1, 0xf0, 0x0, 0x3e,
    0xa2, 0x4b, 0x6f, 0xff, 0xff, 0xff, 0xf1, 0x81,
    0x0, 0x0, 0x8, 0x90, 0x0, 0xf0, 0x0, 0x0,
    0x0, 0x1e, 0x30, 0x1, 0xe0, 0x0, 0x0, 0x0,
    0xaa, 0x0, 0x3, 0xd0, 0x0, 0x0, 0x2b, 0xc0,
    0x0, 0x6, 0xa0, 0x0, 0x3, 0xf8, 0x0, 0xc,
    0xff, 0x40, 0x0, 0x0, 0x0, 0x0, 0x0, 0x0,
    0x0, 0x0,

    /* U+5934 "头" */
    0x0, 0x5, 0x0, 0x9, 0x70, 0x0, 0x0, 0x0,
    0x1b, 0xe6, 0x9, 0x70, 0x0, 0x0, 0x0, 0x0,
    0x4d, 0x4a, 0x70, 0x0, 0x0, 0x2, 0x70, 0x0,
    0xa, 0x60, 0x0, 0x0, 0x2, 0xae, 0x50, 0xb,
    0x50, 0x0, 0x0, 0x0, 0x4, 0xd1, 0xc, 0x40,
    0x0, 0x0, 0x2, 0x22, 0x22, 0x2f, 0x32, 0x22,
    0x20, 0x2d, 0xdd, 0xdd, 0xef, 0xdd, 0xdd, 0xd3,
    0x0, 0x0, 0x0, 0x99, 0x0, 0x0, 0x0, 0x0,
    0x0, 0x3, 0xf5, 0xa2, 0x0, 0x0, 0x0, 0x0,
    0x4e, 0x60, 0x6e, 0x90, 0x0, 0x0, 0x2a, 0xf5,
    0x0, 0x1, 0x9e, 0x30, 0xc, 0xe8, 0x10, 0x0,
    0x0, 0x5, 0xd0, 0x2, 0x0, 0x0, 0x0, 0x0,
    0x0, 0x0,

    /* U+5939 "夹" */
    0x0, 0x0, 0x0, 0x89, 0x0, 0x0, 0x0, 0x0,
    0x0, 0x0, 0x89, 0x0, 0x0, 0x0, 0xa, 0xee,
    0xee, 0xff, 0xee, 0xee, 0xa0, 0x1, 0x46, 0x22,
    0x9a, 0x22, 0x73, 0x10, 0x0, 0x2e, 0x0, 0x98,
    0x2, 0xe0, 0x0, 0x0, 0xb, 0x50, 0xa7, 0xa,
    0x60, 0x0, 0x1, 0x16, 0x61, 0xd6, 0x2a, 0x11,
    0x10, 0x2f, 0xff, 0xff, 0xff, 0xff, 0xff, 0xf2,
    0x0, 0x0, 0x6, 0xdd, 0x40, 0x0, 0x0, 0x0,
    0x0, 0x1e, 0x54, 0xe1, 0x0, 0x0, 0x0, 0x1,
    0xcb, 0x0, 0x8d, 0x20, 0x0, 0x1, 0x7e, 0xa0,
    0x0, 0x7, 0xf8, 0x20, 0x1e, 0xb4, 0x0, 0x0,
    0x0, 0x3a, 0xe1, 0x0, 0x0, 0x0, 0x0, 0x0,
    0x0, 0x0,

    /* U+5947 "奇" */
    0x0, 0x0, 0x0, 0x5c, 0x0, 0x0, 0x0, 0x1,
    0x33, 0x33, 0xab, 0x33, 0x33, 0x30, 0x3, 0xbb,
    0xbb, 0xfc, 0xbb, 0xbb, 0x90, 0x0, 0x0, 0xa,
    0xdd, 0x93, 0x0, 0x0, 0x1, 0x48, 0xe9, 0x0,
    0x5b, 0xd8, 0x10, 0x17, 0xc9, 0x53, 0x33, 0x33,
    0x5b, 0x51, 0x3b, 0xbb, 0xbb, 0xbb, 0xbb, 0xee,
    0xb3, 0x0, 0x0, 0x0, 0x0, 0x0, 0x89, 0x0,
    0x0, 0xde, 0xdd, 0xde, 0x0, 0x89, 0x0, 0x0,
    0xd3, 0x0, 0x2e, 0x0, 0x89, 0x0, 0x0, 0xd5,
    0x22, 0x4e, 0x0, 0x89, 0x0, 0x0, 0xdc, 0xbb,
    0xba, 0x0, 0x88, 0x0, 0x0, 0x82, 0x0, 0x1,
    0xff, 0xe5, 0x0, 0x0, 0x0, 0x0, 0x0, 0x0,
    0x0, 0x0,

    /* U+5948 "奈" */
    0x0, 0x0, 0x1, 0xb0, 0x0, 0x0, 0x0, 0x0,
    0x0, 0x7, 0xb0, 0x0, 0x0, 0x0, 0x1f, 0xff,
    0xff, 0xff, 0xff, 0xff, 0xf1, 0x0, 0x0, 0xb9,
    0x0, 0x9a, 0x0, 0x0, 0x0, 0xa, 0xb0, 0x0,
    0xb, 0xa0, 0x0, 0x2, 0xcb, 0xef, 0xff, 0xfe,
    0xad, 0x50, 0x4e, 0x60, 0x0, 0x0, 0x0, 0x5,
    0xe3, 0x1, 0x33, 0x33, 0x33, 0x33, 0x33, 0x0,
    0x0, 0xbb, 0xbb, 0xdd, 0xbb, 0xbb, 0x0, 0x0,
    0x5, 0x20, 0x88, 0x4, 0x20, 0x0, 0x0, 0x5e,
    0x10, 0x88, 0x4, 0xe4, 0x0, 0x7, 0xe2, 0x0,
    0x88, 0x0, 0x3e, 0x40, 0x5, 0x10, 0x5e, 0xe5,
    0x0, 0x3, 0x30, 0x0, 0x0, 0x0, 0x0, 0x0,
    0x0, 0x0,

    /* U+5965 "奥" */
    0x0, 0x0, 0x0, 0x0, 0x0, 0x0, 0x0, 0x0,
    0x0, 0x0, 0xa6, 0x0, 0x0, 0x0, 0x0, 0x9c,
    0xcc, 0xfc, 0xcc, 0xc9, 0x0, 0x0, 0xc4, 0x22,
    0x33, 0x22, 0x5d, 0x0, 0x0, 0xc3, 0x83, 0x86,
    0x47, 0x3d, 0x0, 0x0, 0xc3, 0x39, 0x87, 0x91,
    0x3d, 0x0, 0x0, 0xc5, 0xbd, 0xfd, 0xbb, 0x5d,
    0x0, 0x0, 0xc3, 0x2c, 0xa7, 0xc4, 0x3d, 0x0,
    0x0, 0xa4, 0xb1, 0x54, 0x19, 0x3b, 0x0, 0x1,
    0x11, 0x11, 0xb7, 0x11, 0x11, 0x10, 0x2d, 0xdd,
    0xdd, 0xff, 0xdd, 0xdd, 0xd2, 0x0, 0x0, 0xa,
    0xa8, 0xb0, 0x0, 0x0, 0x0, 0x4, 0xcc, 0x10,
    0xad, 0x50, 0x0, 0x2b, 0xec, 0x60, 0x0, 0x5,
    0xcf, 0xc2, 0x4, 0x10, 0x0, 0x0, 0x0, 0x1,
    0x40,

    /* U+5976 "奶" */
    0x0, 0x0, 0x0, 0x0, 0x0, 0x0, 0x0, 0x0,
    0x95, 0x0, 0x0, 0x0, 0x0, 0x0, 0x0, 0xb3,
    0x5, 0xcc, 0xcc, 0xc5, 0x0, 0x0, 0xe1, 0x1,
    0x3e, 0x43, 0xd3, 0x0, 0x5f, 0xff, 0xf6, 0xe,
    0x10, 0xe0, 0x0, 0x5, 0xb0, 0xa5, 0xf, 0x2,
    0xd0, 0x0, 0x8, 0x70, 0xc3, 0xf, 0x6, 0xff,
    0xf0, 0xc, 0x40, 0xe0, 0x2e, 0x0, 0x11, 0xf0,
    0xf, 0x52, 0xd0, 0x4b, 0x0, 0x1, 0xe0, 0x3,
    0xec, 0x80, 0x78, 0x0, 0x2, 0xd0, 0x0, 0x2f,
    0x80, 0xc4, 0x0, 0x3, 0xc0, 0x0, 0x9b, 0xd3,
    0xe0, 0x0, 0x5, 0xa0, 0x7, 0xe1, 0xb, 0x70,
    0x0, 0x9, 0x70, 0x3d, 0x20, 0x4c, 0x0, 0x1f,
    0xfd, 0x20, 0x0, 0x0, 0x0, 0x0, 0x0, 0x0,
    0x0,

    /* U+597D "好" */
    0x0, 0x0, 0x0, 0x0, 0x0, 0x0, 0x0, 0x0,
    0x78, 0x0, 0x0, 0x0, 0x0, 0x0, 0x0, 0xa6,
    0x0, 0x2e, 0xee, 0xee, 0xc0, 0x0, 0xc3, 0x0,
    0x2, 0x22, 0x3e, 0x40, 0x5f, 0xff, 0xfb, 0x0,
    0x1, 0xc6, 0x0, 0x3, 0xd0, 0x3a, 0x0, 0xd,
    0x60, 0x0, 0x6, 0x90, 0x48, 0x0, 0xe, 0x20,
    0x0, 0xa, 0x50, 0x87, 0xff, 0xff, 0xff, 0xf4,
    0xf, 0x60, 0xd1, 0x0, 0xe, 0x30, 0x0, 0x3,
    0xdb, 0xb0, 0x0, 0xe, 0x20, 0x0, 0x0, 0x1f,
    0xc0, 0x0, 0xe, 0x20, 0x0, 0x0, 0x8b, 0xbb,
    0x0, 0xe, 0x20, 0x0, 0x8, 0xd1, 0x6, 0x0,
    0xe, 0x20, 0x0, 0x4b, 0x10, 0x0, 0x8, 0xfd,
    0x0, 0x0, 0x0, 0x0, 0x0, 0x0, 0x0, 0x0,
    0x0,

    /* U+5988 "妈" */
    0x0, 0x0, 0x0, 0x0, 0x0, 0x0, 0x0, 0x0,
    0x95, 0x0, 0x0, 0x0, 0x0, 0x0, 0x0, 0xb3,
    0x1, 0xff, 0xff, 0xff, 0x0, 0x0, 0xe1, 0x0,
    0x10, 0x0, 0x1e, 0x0, 0x4f, 0xff, 0xf4, 0xb3,
    0x0, 0x3c, 0x0, 0x5, 0xb0, 0xc3, 0xc2, 0x0,
    0x5a, 0x0, 0x7, 0x80, 0xd1, 0xd0, 0x0, 0x78,
    0x0, 0xb, 0x40, 0xe0, 0xed, 0xdd, 0xee, 0xd1,
    0xf, 0x14, 0xb0, 0x11, 0x11, 0x11, 0xf0, 0x7,
    0xda, 0x70, 0x0, 0x0, 0x0, 0xf0, 0x0, 0x7f,
    0x39, 0xff, 0xff, 0xf3, 0xd0, 0x0, 0x9d, 0xd0,
    0x0, 0x0, 0x4, 0xb0, 0x7, 0xd1, 0x81, 0x0,
    0x0, 0x9, 0x70, 0x2d, 0x20, 0x0, 0x0, 0xc,
    0xee, 0x10, 0x0, 0x0, 0x0, 0x0, 0x0, 0x0,
    0x0,

    /* U+59CB "始" */
    0x0, 0x64, 0x0, 0x0, 0x56, 0x0, 0x0, 0x0,
    0xa4, 0x0, 0x0, 0xd4, 0x0, 0x0, 0x0, 0xd1,
    0x0, 0x6, 0xc0, 0x64, 0x0, 0x5f, 0xff, 0xf6,
    0x1e, 0x30, 0x2d, 0x10, 0x4, 0xb0, 0xa5, 0xab,
    0x45, 0x6c, 0x90, 0x7, 0x70, 0xc7, 0xfd, 0xca,
    0x98, 0xe2, 0xb, 0x30, 0xe0, 0x0, 0x0, 0x0,
    0x30, 0xf, 0x53, 0xc0, 0x6c, 0xcc, 0xcc, 0x60,
    0x3, 0xec, 0x80, 0x88, 0x22, 0x29, 0x80, 0x0,
    0x3f, 0x80, 0x87, 0x0, 0x8, 0x80, 0x0, 0x9b,
    0xe6, 0x87, 0x0, 0x8, 0x80, 0x8, 0xd1, 0x35,
    0x89, 0x33, 0x3a, 0x80, 0x2b, 0x10, 0x0, 0x8d,
    0xbb, 0xbd, 0x80, 0x0, 0x0, 0x0, 0x0, 0x0,
    0x0, 0x0,

    /* U+59DA "姚" */
    0x0, 0x0, 0x0, 0x0, 0x0, 0x0, 0x0, 0x0,
    0xc3, 0x0, 0xb, 0x31, 0xe0, 0x0, 0x0, 0xe1,
    0x0, 0xb, 0x41, 0xe0, 0x0, 0x0, 0xe0, 0x8,
    0x1b, 0x41, 0xe0, 0x83, 0x6f, 0xff, 0xe5, 0x9b,
    0x41, 0xe2, 0xd0, 0x6, 0x91, 0xe0, 0xdc, 0x41,
    0xeb, 0x40, 0x8, 0x62, 0xc0, 0x3b, 0x41, 0xe2,
    0x0, 0xc, 0x34, 0xa0, 0xc, 0x31, 0xf7, 0x0,
    0xf, 0x28, 0x61, 0xcf, 0x31, 0xea, 0x90, 0x5,
    0xee, 0x3e, 0x5d, 0x21, 0xe0, 0xb5, 0x0, 0x6f,
    0x41, 0x1e, 0x1, 0xe0, 0x0, 0x0, 0xc7, 0xe2,
    0x89, 0x1, 0xe0, 0x25, 0xa, 0xa0, 0x35, 0xe1,
    0x1, 0xe0, 0x49, 0x69, 0x0, 0x2e, 0x30, 0x0,
    0xde, 0xe4, 0x0, 0x0, 0x0, 0x0, 0x0, 0x0,
    0x0,

    /* U+59DC "姜" */
    0x0, 0x4, 0x80, 0x0, 0x7, 0x40, 0x0, 0x0,
    0x0, 0xd4, 0x0, 0x4d, 0x10, 0x0, 0xa, 0xdd,
    0xdd, 0xfe, 0xdd, 0xdd, 0xa0, 0x0, 0x0, 0x0,
    0x97, 0x0, 0x0, 0x0, 0x1, 0xdd, 0xdd, 0xfe,
    0xdd, 0xdd, 0x10, 0x0, 0x0, 0x0, 0x97, 0x0,
    0x0, 0x0, 0x3d, 0xdd, 0xdd, 0xdd, 0xdd, 0xdd,
    0xd3, 0x0, 0x0, 0xe, 0x30, 0x0, 0x0, 0x0,
    0x2e, 0xee, 0xfe, 0xee, 0xef, 0xfe, 0xe8, 0x0,
    0x6, 0xd0, 0x0, 0x2e, 0x30, 0x0, 0x0, 0x2d,
    0xea, 0x65, 0xe6, 0x0, 0x0, 0x0, 0x0, 0x3b,
    0xfe, 0xfa, 0x61, 0x0, 0xb, 0xde, 0xc8, 0x30,
    0x15, 0xaf, 0xa0, 0x3, 0x20, 0x0, 0x0, 0x0,
    0x1, 0x10,

    /* U+59EC "姬" */
    0x0, 0x0, 0x0, 0x0, 0x0, 0x0, 0x0, 0x0,
    0xb4, 0x0, 0x0, 0x0, 0x0, 0x0, 0x0, 0xd2,
    0x0, 0xef, 0xff, 0xff, 0xf1, 0x0, 0xf0, 0x0,
    0xe1, 0x3, 0xd0, 0x0, 0x3e, 0xfe, 0xe5, 0xe1,
    0x3, 0xd0, 0x0, 0x6, 0xb1, 0xa5, 0xe1, 0x9b,
    0xfa, 0x70, 0x7, 0x70, 0xb3, 0xe1, 0xe3, 0x36,
    0xb0, 0xb, 0x40, 0xe1, 0xe1, 0xe0, 0x3, 0xb0,
    0xe, 0x12, 0xe0, 0xe1, 0xe1, 0x14, 0xb0, 0xa,
    0xb8, 0x90, 0xe1, 0xac, 0xfc, 0x80, 0x0, 0x7f,
    0x50, 0xe1, 0x1, 0xf0, 0x0, 0x0, 0x7d, 0xe2,
    0xe1, 0x1, 0xf0, 0x0, 0x6, 0xe1, 0x54, 0xe9,
    0x99, 0xf9, 0x93, 0x3d, 0x20, 0x0, 0x56, 0x66,
    0x66, 0x62, 0x0, 0x0, 0x0, 0x0, 0x0, 0x0,
    0x0,

    /* U+5A03 "娃" */
    0x0, 0xc2, 0x0, 0x0, 0x2e, 0x0, 0x0, 0x0,
    0xe0, 0x0, 0x0, 0x2e, 0x0, 0x0, 0x1, 0xe0,
    0x0, 0xdf, 0xff, 0xff, 0xd0, 0x6f, 0xfe, 0xf0,
    0x11, 0x3f, 0x11, 0x10, 0x7, 0x81, 0xe0, 0x0,
    0x2e, 0x0, 0x0, 0xa, 0x42, 0xd4, 0xbb, 0xcf,
    0xbb, 0xb4, 0xd, 0x14, 0xa1, 0x44, 0x5b, 0x44,
    0x41, 0x1f, 0x58, 0x70, 0x0, 0x2e, 0x0, 0x0,
    0x3, 0xef, 0x21, 0xff, 0xff, 0xff, 0xf1, 0x0,
    0x5f, 0xb0, 0x0, 0x2e, 0x0, 0x0, 0x0, 0xd5,
    0xc7, 0x0, 0x2e, 0x0, 0x0, 0x1b, 0x90, 0x29,
    0x99, 0xaf, 0x99, 0x95, 0x38, 0x0, 0x6, 0x66,
    0x66, 0x66, 0x63,

    /* U+5A46 "婆" */
    0x3, 0xa2, 0x0, 0x0, 0xb5, 0x0, 0x0, 0x0,
    0x5b, 0xe, 0xdd, 0xfe, 0xdd, 0xc0, 0x1a, 0x20,
    0xe, 0x0, 0xb5, 0x6, 0x80, 0x3, 0xc1, 0x1f,
    0xbb, 0xec, 0xbb, 0x10, 0x0, 0x28, 0x4c, 0x6c,
    0x22, 0x9a, 0x0, 0x1, 0xd3, 0xb6, 0x5, 0xdc,
    0xa0, 0x0, 0xc, 0x56, 0xd2, 0xad, 0x98, 0xcc,
    0x91, 0x3, 0x0, 0x16, 0x70, 0x0, 0x1, 0x30,
    0x1d, 0xdd, 0xdf, 0xed, 0xdd, 0xdd, 0xd2, 0x0,
    0x3, 0xd2, 0x0, 0xb, 0x70, 0x0, 0x0, 0x1d,
    0xd8, 0x64, 0xc9, 0x0, 0x0, 0x0, 0x1, 0x4b,
    0xfe, 0xfa, 0x62, 0x0, 0x1d, 0xed, 0xb7, 0x30,
    0x3, 0x8d, 0xb0, 0x0, 0x0, 0x0, 0x0, 0x0,
    0x0, 0x0,

    /* U+5AE9 "嫩" */
    0x0, 0x0, 0x0, 0x0, 0x0, 0x0, 0x0, 0x0,
    0xd0, 0x0, 0xc2, 0x0, 0xb2, 0x0, 0x0, 0xc0,
    0x1, 0xd3, 0x10, 0xe0, 0x0, 0x2, 0xa0, 0x9d,
    0xfe, 0xd0, 0xd0, 0x0, 0x3c, 0xec, 0x53, 0xd4,
    0x24, 0xeb, 0xf5, 0x7, 0x68, 0xbc, 0xea, 0xe8,
    0xa0, 0xd0, 0x9, 0x39, 0x95, 0xb0, 0xcd, 0xb2,
    0xb0, 0xc, 0xb, 0x75, 0xb0, 0xd9, 0xc5, 0x80,
    0xc, 0xd, 0x5d, 0xfd, 0xc0, 0xab, 0x50, 0x1c,
    0x6a, 0x2, 0xf7, 0x0, 0x7f, 0x10, 0x1, 0xe6,
    0x9, 0xfb, 0x60, 0x5d, 0x0, 0x1, 0xec, 0x3b,
    0xc2, 0x80, 0xdd, 0x40, 0xa, 0x66, 0xc2, 0xc2,
    0xa, 0x83, 0xe1, 0x39, 0x0, 0x0, 0xc2, 0x68,
    0x0, 0x74,

    /* U+5B50 "子" */
    0x0, 0xaf, 0xff, 0xff, 0xff, 0xff, 0x20, 0x0,
    0x11, 0x11, 0x11, 0x17, 0xf6, 0x0, 0x0, 0x0,
    0x0, 0x2, 0xbc, 0x20, 0x0, 0x0, 0x0, 0x0,
    0x3f, 0x60, 0x0, 0x0, 0x0, 0x0, 0x0, 0x4d,
    0x0, 0x0, 0x0, 0xc, 0xcc, 0xcc, 0xdf, 0xcc,
    0xcc, 0xc6, 0x4, 0x44, 0x44, 0x7e, 0x44, 0x44,
    0x42, 0x0, 0x0, 0x0, 0x4d, 0x0, 0x0, 0x0,
    0x0, 0x0, 0x0, 0x4d, 0x0, 0x0, 0x0, 0x0,
    0x0, 0x0, 0x4d, 0x0, 0x0, 0x0, 0x0, 0x0,
    0x0, 0x4d, 0x0, 0x0, 0x0, 0x0, 0x0, 0xdf,
    0xf8, 0x0, 0x0, 0x0, 0x0, 0x0, 0x0, 0x0,
    0x0, 0x0, 0x0,

    /* U+5B57 "字" */
    0x0, 0x0, 0x1, 0x80, 0x0, 0x0, 0x0, 0x11,
    0x11, 0x1d, 0x71, 0x11, 0x11, 0xe, 0xee, 0xee,
    0xee, 0xee, 0xee, 0xe0, 0xe1, 0x0, 0x0, 0x0,
    0x0, 0x2e, 0xc, 0x1b, 0xff, 0xff, 0xff, 0x82,
    0xc0, 0x0, 0x1, 0x11, 0x17, 0xe4, 0x0, 0x0,
    0x0, 0x0, 0x2a, 0xb1, 0x0, 0x0, 0x11, 0x11,
    0x1d, 0x81, 0x11, 0x10, 0x4f, 0xff, 0xff, 0xff,
    0xff, 0xff, 0xb0, 0x0, 0x0, 0xd, 0x40, 0x0,
    0x0, 0x0, 0x0, 0x0, 0xd4, 0x0, 0x0, 0x0,
    0x0, 0x0, 0xd, 0x40, 0x0, 0x0, 0x0, 0x0,
    0xdf, 0xe1, 0x0, 0x0, 0x0, 0x0, 0x0, 0x0,
    0x0, 0x0, 0x0,

    /* U+5B58 "存" */
    0x0, 0x0, 0x8, 0x30, 0x0, 0x0, 0x0, 0x0,
    0x0, 0x1f, 0x20, 0x0, 0x0, 0x0, 0x1f, 0xff,
    0xff, 0xff, 0xff, 0xff, 0xf2, 0x0, 0x1, 0xe4,
    0x0, 0x0, 0x0, 0x0, 0x0, 0x7, 0xb0, 0x22,
    0x22, 0x22, 0x0, 0x0, 0x3f, 0x21, 0xdd, 0xdd,
    0xff, 0x30, 0x2, 0xeb, 0x0, 0x0, 0x19, 0xc2,
    0x0, 0x3e, 0xcb, 0x0, 0x0, 0x6b, 0x0, 0x0,
    0x35, 0x6b, 0x4e, 0xee, 0xff, 0xee, 0xe5, 0x0,
    0x6b, 0x0, 0x0, 0x7a, 0x0, 0x0, 0x0, 0x6b,
    0x0, 0x0, 0x6a, 0x0, 0x0, 0x0, 0x6b, 0x0,
    0x0, 0x6a, 0x0, 0x0, 0x0, 0x6b, 0x0, 0x8f,
    0xf6, 0x0, 0x0, 0x0, 0x0, 0x0, 0x0, 0x0,
    0x0, 0x0,

    /* U+5B81 "宁" */
    0x0, 0x0, 0x0, 0x0, 0x0, 0x0, 0x0, 0x0,
    0x0, 0x1e, 0x10, 0x0, 0x0, 0x0, 0x0, 0x0,
    0xa6, 0x0, 0x0, 0x0, 0xcf, 0xff, 0xff, 0xff,
    0xff, 0xf3, 0xd, 0x41, 0x11, 0x11, 0x11, 0x1d,
    0x30, 0xa2, 0x0, 0x0, 0x0, 0x0, 0xa2, 0x13,
    0x33, 0x33, 0x33, 0x33, 0x33, 0x24, 0xdd, 0xdd,
    0xdf, 0xdd, 0xdd, 0xd8, 0x0, 0x0, 0x0, 0xe2,
    0x0, 0x0, 0x0, 0x0, 0x0, 0xe, 0x20, 0x0,
    0x0, 0x0, 0x0, 0x0, 0xe2, 0x0, 0x0, 0x0,
    0x0, 0x0, 0xe, 0x20, 0x0, 0x0, 0x0, 0x0,
    0x0, 0xf2, 0x0, 0x0, 0x0, 0x0, 0x4f, 0xfc,
    0x0, 0x0, 0x0, 0x0, 0x0, 0x0, 0x0, 0x0,
    0x0, 0x0,

    /* U+5B89 "安" */
    0x0, 0x0, 0x0, 0x90, 0x0, 0x0, 0x0, 0x0,
    0x0, 0x0, 0xc8, 0x0, 0x0, 0x0, 0xb, 0xff,
    0xff, 0xff, 0xff, 0xff, 0xb0, 0xb, 0x50, 0x1,
    0x50, 0x0, 0x6, 0xb0, 0x8, 0x40, 0x8, 0xb0,
    0x0, 0x5, 0x90, 0x1, 0x11, 0x2f, 0x41, 0x11,
    0x11, 0x10, 0xe, 0xee, 0xff, 0xee, 0xef, 0xfe,
    0xe1, 0x0, 0x3, 0xf1, 0x0, 0x1f, 0x20, 0x0,
    0x0, 0xd, 0xa0, 0x0, 0xaa, 0x0, 0x0, 0x0,
    0x16, 0xbe, 0x98, 0xd1, 0x0, 0x0, 0x0, 0x0,
    0x3, 0xff, 0xd6, 0x0, 0x0, 0x0, 0x3, 0x9e,
    0x91, 0x6d, 0xe6, 0x0, 0x7, 0xfd, 0x82, 0x0,
    0x0, 0x6e, 0x70, 0x1, 0x20, 0x0, 0x0, 0x0,
    0x0, 0x0,

    /* U+5B8C "完" */
    0x0, 0x0, 0x0, 0xa1, 0x0, 0x0, 0x0, 0x0,
    0x11, 0x11, 0xb9, 0x11, 0x11, 0x0, 0xe, 0xff,
    0xff, 0xff, 0xff, 0xff, 0xe0, 0xe, 0x20, 0x0,
    0x0, 0x0, 0x2, 0xe0, 0xe, 0x2c, 0xdd, 0xdd,
    0xdd, 0x92, 0xe0, 0x0, 0x1, 0x11, 0x11, 0x11,
    0x10, 0x0, 0x0, 0x0, 0x0, 0x0, 0x0, 0x0,
    0x0, 0x3f, 0xff, 0xff, 0xff, 0xff, 0xff, 0xf3,
    0x0, 0x0, 0x97, 0x0, 0xf0, 0x0, 0x0, 0x0,
    0x0, 0xc5, 0x0, 0xf0, 0x0, 0x0, 0x0, 0x2,
    0xf1, 0x0, 0xf0, 0x0, 0x53, 0x0, 0x3d, 0x70,
    0x0, 0xf1, 0x0, 0x94, 0x1d, 0xd5, 0x0, 0x0,
    0xbf, 0xff, 0xd1, 0x2, 0x0, 0x0, 0x0, 0x0,
    0x0, 0x0,

    /* U+5B8F "宏" */
    0x0, 0x0, 0x0, 0x64, 0x0, 0x0, 0x0, 0x0,
    0x0, 0x0, 0x7d, 0x0, 0x0, 0x0, 0xf, 0xee,
    0xee, 0xee, 0xee, 0xee, 0xf0, 0xf, 0x10, 0x4,
    0x40, 0x0, 0x1, 0xf0, 0x8, 0x0, 0xc, 0x60,
    0x0, 0x0, 0x80, 0x2f, 0xff, 0xff, 0xff, 0xff,
    0xff, 0xf2, 0x0, 0x0, 0x99, 0x2, 0x10, 0x0,
    0x0, 0x0, 0x2, 0xf2, 0xe, 0x40, 0x0, 0x0,
    0x0, 0xb, 0x90, 0x7b, 0x3, 0x10, 0x0, 0x0,
    0x7d, 0x2, 0xe2, 0x8, 0xb0, 0x0, 0x6, 0xf3,
    0xc, 0x60, 0x0, 0xb8, 0x0, 0x2e, 0x40, 0xaf,
    0xab, 0xce, 0xef, 0x30, 0x0, 0x0, 0x77, 0x53,
    0x20, 0x6, 0x70,

    /* U+5B98 "官" */
    0x0, 0x0, 0x5, 0x40, 0x0, 0x0, 0x33, 0x33,
    0x38, 0xd3, 0x33, 0x33, 0xfd, 0xcc, 0xcc, 0xcc,
    0xcc, 0xdf, 0xf1, 0x0, 0x0, 0x0, 0x0, 0x2f,
    0x43, 0xfe, 0xee, 0xee, 0xef, 0x24, 0x3, 0xe0,
    0x0, 0x0, 0xe, 0x10, 0x3, 0xfc, 0xcc, 0xcc,
    0xcf, 0x10, 0x3, 0xe2, 0x22, 0x22, 0x22, 0x0,
    0x3, 0xe1, 0x11, 0x11, 0x11, 0x0, 0x3, 0xfe,
    0xee, 0xee, 0xee, 0xa0, 0x3, 0xe0, 0x0, 0x0,
    0x7, 0xa0, 0x3, 0xfb, 0xbb, 0xbb, 0xbd, 0xa0,
    0x3, 0xe4, 0x44, 0x44, 0x48, 0x90,

    /* U+5B9A "定" */
    0x0, 0x0, 0x0, 0x82, 0x0, 0x0, 0x0, 0x0,
    0x0, 0x0, 0x9a, 0x0, 0x0, 0x0, 0xe, 0xff,
    0xff, 0xff, 0xff, 0xff, 0xe0, 0xe, 0x20, 0x0,
    0x0, 0x0, 0x2, 0xe0, 0xe, 0x27, 0x77, 0x77,
    0x77, 0x73, 0xe0, 0x0, 0x9, 0x99, 0xdd, 0x99,
    0x91, 0x0, 0x0, 0x2, 0x0, 0x88, 0x0, 0x0,
    0x0, 0x0, 0xf, 0x10, 0x89, 0x0, 0x0, 0x0,
    0x0, 0x3f, 0x0, 0x8f, 0xee, 0xea, 0x0, 0x0,
    0x7f, 0x30, 0x88, 0x0, 0x0, 0x0, 0x0, 0xe8,
    0xd1, 0x88, 0x0, 0x0, 0x0, 0x8, 0xc0, 0x6e,
    0xda, 0x10, 0x0, 0x0, 0x3e, 0x10, 0x2, 0x9d,
    0xff, 0xff, 0xf4, 0x1, 0x0, 0x0, 0x0, 0x0,
    0x0, 0x0,

    /* U+5B9C "宜" */
    0x0, 0x0, 0x0, 0x73, 0x0, 0x0, 0x0, 0x0,
    0x0, 0x0, 0x7b, 0x0, 0x0, 0x0, 0xe, 0xff,
    0xff, 0xff, 0xff, 0xff, 0xe0, 0xe, 0x20, 0x0,
    0x0, 0x0, 0x2, 0xe0, 0xd, 0x16, 0xee, 0xee,
    0xee, 0x52, 0xd0, 0x0, 0x6, 0x90, 0x0, 0xa,
    0x60, 0x0, 0x0, 0x6, 0xa0, 0x0, 0xb, 0x60,
    0x0, 0x0, 0x6, 0xfd, 0xdd, 0xdf, 0x60, 0x0,
    0x0, 0x6, 0x90, 0x0, 0xa, 0x60, 0x0, 0x0,
    0x6, 0xfe, 0xee, 0xef, 0x60, 0x0, 0x0, 0x6,
    0x90, 0x0, 0xa, 0x60, 0x0, 0x0, 0x6, 0x90,
    0x0, 0xa, 0x60, 0x0, 0x1f, 0xff, 0xff, 0xff,
    0xff, 0xff, 0xf2,

    /* U+5B9D "宝" */
    0x0, 0x0, 0x1, 0xb0, 0x0, 0x0, 0x0, 0x0,
    0x0, 0xb, 0x70, 0x0, 0x0, 0xe, 0xff, 0xff,
    0xff, 0xff, 0xff, 0xc0, 0xe2, 0x0, 0x0, 0x0,
    0x0, 0x5c, 0xe, 0x64, 0x44, 0x44, 0x44, 0x47,
    0xb0, 0xb, 0xbb, 0xbf, 0xcb, 0xbb, 0x70, 0x0,
    0x0, 0x0, 0xe3, 0x0, 0x0, 0x0, 0x0, 0x0,
    0xe, 0x40, 0x0, 0x0, 0x0, 0xaf, 0xff, 0xff,
    0xff, 0xf2, 0x0, 0x0, 0x0, 0xe, 0x35, 0x90,
    0x0, 0x0, 0x0, 0x0, 0xe3, 0x8, 0xc1, 0x2,
    0x77, 0x77, 0x7f, 0x97, 0x7b, 0x75, 0x6f, 0xff,
    0xff, 0xff, 0xff, 0xff, 0xc0,

    /* U+5B9E "实" */
    0x0, 0x0, 0x8, 0x30, 0x0, 0x0, 0x0, 0x0,
    0x0, 0x8c, 0x0, 0x0, 0x0, 0xbf, 0xee, 0xee,
    0xee, 0xee, 0xfc, 0xb, 0x53, 0x50, 0xa, 0x10,
    0x5, 0xc0, 0x93, 0x2d, 0x70, 0xf1, 0x0, 0x39,
    0x0, 0x20, 0x19, 0x1f, 0x0, 0x0, 0x0, 0x9,
    0xc3, 0x2, 0xe0, 0x0, 0x0, 0x0, 0x4, 0x60,
    0x5b, 0x0, 0x0, 0x0, 0xcc, 0xcc, 0xce, 0xec,
    0xcc, 0xcc, 0x11, 0x11, 0x15, 0xf3, 0x62, 0x11,
    0x10, 0x0, 0x5, 0xe5, 0x2b, 0xe7, 0x0, 0x2,
    0x6c, 0xe4, 0x0, 0x2, 0xae, 0x50, 0x6a, 0x50,
    0x0, 0x0, 0x0, 0x38, 0x0,

    /* U+5BA2 "客" */
    0x0, 0x0, 0x0, 0x0, 0x0, 0x0, 0x0, 0x0,
    0x0, 0x0, 0x98, 0x0, 0x0, 0x0, 0xa, 0xbb,
    0xbb, 0xcf, 0xbb, 0xbb, 0xa0, 0xe, 0x54, 0x47,
    0x54, 0x44, 0x45, 0xe0, 0xd, 0x10, 0x4e, 0x20,
    0x0, 0x2, 0xd0, 0x0, 0x4, 0xfd, 0xdd, 0xdf,
    0x70, 0x0, 0x1, 0x9d, 0xab, 0x0, 0xa9, 0x0,
    0x0, 0x4, 0x90, 0x8, 0xdd, 0x70, 0x0, 0x0,
    0x0, 0x0, 0x5c, 0xcd, 0xc6, 0x10, 0x0, 0x16,
    0xae, 0xb4, 0x0, 0x5b, 0xfd, 0x92, 0x2a, 0x6a,
    0xee, 0xee, 0xee, 0xe4, 0x70, 0x0, 0x9, 0x70,
    0x0, 0x3, 0xe0, 0x0, 0x0, 0x9, 0x70, 0x0,
    0x4, 0xe0, 0x0, 0x0, 0x9, 0xed, 0xdd, 0xde,
    0xe0, 0x0, 0x0, 0x0, 0x0, 0x0, 0x0, 0x0,
    0x0,

    /* U+5BAB "宫" */
    0x0, 0x0, 0x9, 0x10, 0x0, 0x0, 0x11, 0x11,
    0x1b, 0x91, 0x11, 0x11, 0xef, 0xff, 0xff, 0xff,
    0xff, 0xfd, 0xe2, 0x0, 0x0, 0x0, 0x0, 0x3d,
    0xd2, 0xde, 0xee, 0xee, 0xed, 0x3c, 0x0, 0xf0,
    0x0, 0x0, 0x1e, 0x0, 0x0, 0xf4, 0x33, 0x33,
    0x4e, 0x0, 0x0, 0xaa, 0xaa, 0xaa, 0xa9, 0x0,
    0x1, 0x11, 0x11, 0x11, 0x11, 0x10, 0xc, 0xdd,
    0xdd, 0xdd, 0xdd, 0xe0, 0xc, 0x30, 0x0, 0x0,
    0x2, 0xe0, 0xc, 0x52, 0x22, 0x22, 0x24, 0xe0,
    0xc, 0xdd, 0xdd, 0xdd, 0xdd, 0xe0, 0x0, 0x0,
    0x0, 0x0, 0x0, 0x0,

    /* U+5BB4 "宴" */
    0x0, 0x0, 0x0, 0x10, 0x0, 0x0, 0x0, 0x0,
    0x0, 0x0, 0xb7, 0x0, 0x0, 0x0, 0xe, 0xee,
    0xee, 0xff, 0xee, 0xee, 0xe0, 0xf, 0x0, 0x0,
    0x0, 0x0, 0x0, 0xf0, 0xb, 0xa, 0xbb, 0xbb,
    0xbb, 0xa0, 0xb0, 0x0, 0xe, 0x10, 0x0, 0x2,
    0xe0, 0x0, 0x0, 0xe, 0xbb, 0xbb, 0xbb, 0xe0,
    0x0, 0x0, 0xe, 0x66, 0x66, 0x67, 0xe0, 0x0,
    0x0, 0x3, 0x4e, 0x74, 0x44, 0x40, 0x0, 0x3e,
    0xee, 0xef, 0xee, 0xee, 0xee, 0xe2, 0x0, 0x7,
    0xd1, 0x0, 0x3e, 0x40, 0x0, 0x0, 0x19, 0xcd,
    0xa8, 0xe5, 0x0, 0x0, 0x0, 0x24, 0x7b, 0xfa,
    0xce, 0xa4, 0x0, 0xa, 0xca, 0x74, 0x0, 0x1,
    0x6b, 0x20,

    /* U+5BB5 "宵" */
    0x0, 0x0, 0x7, 0x10, 0x0, 0x0, 0x34, 0x44,
    0x4d, 0x94, 0x44, 0x43, 0xec, 0xbb, 0xbe, 0xcb,
    0xbb, 0xce, 0xe1, 0x92, 0xd, 0x30, 0x57, 0x2e,
    0x60, 0x4a, 0xd, 0x31, 0xe2, 0x16, 0x3, 0x9c,
    0x9f, 0xab, 0xc9, 0x30, 0x6, 0xc6, 0x66, 0x66,
    0x6d, 0x60, 0x6, 0xe9, 0x99, 0x99, 0x9e, 0x60,
    0x6, 0xb3, 0x33, 0x33, 0x3c, 0x60, 0x6, 0xeb,
    0xbb, 0xbb, 0xbe, 0x60, 0x6, 0xb3, 0x33, 0x33,
    0x3c, 0x60, 0x6, 0xa0, 0x0, 0x0, 0xb, 0x50,
    0x6, 0xa0, 0x0, 0xb, 0xed, 0x20,

    /* U+5BB6 "家" */
    0x0, 0x0, 0x0, 0x0, 0x0, 0x0, 0x0, 0x0,
    0x0, 0x1, 0xe2, 0x0, 0x0, 0x0, 0xa, 0xbb,
    0xbb, 0xfd, 0xbb, 0xbb, 0xa0, 0xe, 0x53, 0x33,
    0x33, 0x33, 0x35, 0xe0, 0xe, 0x10, 0x0, 0x0,
    0x0, 0x2, 0xe0, 0x2, 0x3e, 0xef, 0xfe, 0xee,
    0xe0, 0x20, 0x0, 0x0, 0x7f, 0x70, 0x0, 0x23,
    0x0, 0x4, 0x9d, 0x72, 0xe2, 0x6, 0xe6, 0x0,
    0x6, 0x50, 0x2a, 0xdb, 0xbd, 0x10, 0x0, 0x0,
    0x5b, 0xc3, 0x2f, 0x6e, 0x10, 0x0, 0xa, 0x93,
    0x6, 0xde, 0x38, 0xa0, 0x0, 0x0, 0x6, 0xd8,
    0xc, 0x30, 0xca, 0x0, 0xb, 0xe8, 0x10, 0x2f,
    0x10, 0xb, 0xd2, 0x3, 0x0, 0x4f, 0xe6, 0x0,
    0x0, 0x40, 0x0, 0x0, 0x0, 0x0, 0x0, 0x0,
    0x0,

    /* U+5BB9 "容" */
    0x0, 0x0, 0x0, 0x63, 0x0, 0x0, 0x0, 0x3,
    0x44, 0x44, 0xac, 0x44, 0x44, 0x30, 0xe, 0xcb,
    0xbb, 0xbb, 0xbb, 0xbc, 0xe0, 0xe, 0x10, 0x63,
    0x0, 0x35, 0x2, 0xe0, 0x4, 0x19, 0xc1, 0x13,
    0x1a, 0xb2, 0x40, 0x4, 0xd9, 0x0, 0xce, 0x10,
    0x6e, 0x40, 0x3, 0x30, 0x2d, 0x86, 0xd2, 0x3,
    0x20, 0x0, 0x7, 0xf6, 0x0, 0x4e, 0x91, 0x0,
    0x17, 0xef, 0xec, 0xcc, 0xcd, 0xff, 0xa2, 0x2b,
    0x5f, 0x22, 0x22, 0x22, 0xf3, 0x80, 0x0, 0xf,
    0x0, 0x0, 0x0, 0xf1, 0x0, 0x0, 0xf, 0x11,
    0x11, 0x11, 0xf1, 0x0, 0x0, 0xf, 0xee, 0xee,
    0xee, 0xf1, 0x0, 0x0, 0x1, 0x0, 0x0, 0x0,
    0x0, 0x0,

    /* U+5BBD "宽" */
    0x0, 0x0, 0x0, 0x0, 0x0, 0x0, 0x0, 0x0,
    0x0, 0x0, 0xc5, 0x0, 0x0, 0x0, 0xb, 0xbb,
    0xbb, 0xee, 0xbb, 0xbb, 0x90, 0xf, 0x32, 0x22,
    0x22, 0x22, 0x24, 0xc0, 0xc, 0x0, 0x3c, 0x0,
    0xc4, 0x1, 0xa0, 0x0, 0x4d, 0xef, 0xdd, 0xfe,
    0xd8, 0x0, 0x0, 0x0, 0x2c, 0x0, 0xc4, 0x0,
    0x0, 0x0, 0xe, 0xee, 0xee, 0xee, 0xe2, 0x0,
    0x0, 0xf, 0x10, 0x50, 0x0, 0xf2, 0x0, 0x0,
    0xf, 0x10, 0xb1, 0x0, 0xf2, 0x0, 0x0, 0xf,
    0x10, 0xda, 0x10, 0xf2, 0x0, 0x0, 0x8, 0x8,
    0x9e, 0x20, 0x61, 0xa3, 0x0, 0x5, 0xca, 0xe,
    0x20, 0x0, 0xd2, 0x1b, 0xea, 0x30, 0x9, 0xff,
    0xff, 0xb0, 0x3, 0x0, 0x0, 0x0, 0x0, 0x0,
    0x0,

    /* U+5BBF "宿" */
    0x0, 0x0, 0x0, 0x0, 0x0, 0x0, 0x0, 0x0,
    0x0, 0xc, 0x60, 0x0, 0x0, 0xa, 0xbb, 0xbb,
    0xee, 0xbb, 0xbb, 0x90, 0xe4, 0x33, 0x33, 0x33,
    0x33, 0x5d, 0x9, 0x19, 0x60, 0x0, 0x0, 0x1,
    0x50, 0x2, 0xf5, 0xff, 0xff, 0xff, 0xff, 0x0,
    0xc9, 0x0, 0x0, 0xe2, 0x0, 0x0, 0x8f, 0x70,
    0x8e, 0xef, 0xee, 0xe5, 0x5f, 0xb7, 0x9, 0x60,
    0x0, 0xb, 0x51, 0x48, 0x70, 0x96, 0x0, 0x0,
    0xb5, 0x0, 0x87, 0x9, 0xed, 0xdd, 0xdf, 0x50,
    0x8, 0x70, 0x96, 0x0, 0x0, 0xb5, 0x0, 0x87,
    0x9, 0xed, 0xdd, 0xdf, 0x50, 0x8, 0x70, 0x98,
    0x22, 0x22, 0xb5, 0x0, 0x0, 0x0, 0x0, 0x0,
    0x0, 0x0,

    /* U+5BCC "富" */
    0x0, 0x0, 0x1c, 0x10, 0x0, 0x0, 0x9a, 0xaa,
    0xaf, 0xca, 0xaa, 0xa9, 0xe5, 0x44, 0x44, 0x44,
    0x44, 0x6e, 0xe3, 0xcc, 0xcc, 0xcc, 0xcc, 0x2e,
    0x0, 0x66, 0x66, 0x66, 0x65, 0x0, 0x1, 0xe5,
    0x55, 0x55, 0x6e, 0x0, 0x1, 0xfb, 0xbb, 0xbb,
    0xbe, 0x0, 0x0, 0x0, 0x0, 0x0, 0x0, 0x0,
    0xd, 0xdd, 0xde, 0xdd, 0xdd, 0xf0, 0xe, 0x11,
    0x1e, 0x41, 0x11, 0xf0, 0xe, 0xaa, 0xaf, 0xba,
    0xaa, 0xf0, 0xe, 0x44, 0x4e, 0x64, 0x44, 0xf0,
    0xe, 0x88, 0x88, 0x88, 0x88, 0xf0, 0x0, 0x0,
    0x0, 0x0, 0x0, 0x0,

    /* U+5BE8 "寨" */
    0x0, 0x0, 0x0, 0x0, 0x0, 0x0, 0x0, 0x0,
    0x0, 0x0, 0xc4, 0x0, 0x0, 0x0, 0xc, 0xdd,
    0xdd, 0xfe, 0xdd, 0xdd, 0xc0, 0xe, 0x10, 0x18,
    0x0, 0x82, 0x1, 0xe0, 0x7, 0x8c, 0xcf, 0xcc,
    0xfd, 0xc6, 0x70, 0x0, 0x1, 0x4d, 0x11, 0xd4,
    0x10, 0x0, 0x0, 0x3a, 0xbf, 0xaa, 0xfb, 0xa2,
    0x0, 0x7, 0x77, 0x8e, 0x77, 0xe8, 0x77, 0x70,
    0x6, 0x66, 0xf9, 0x77, 0x8f, 0x76, 0x60, 0x0,
    0x3c, 0x60, 0x76, 0x4, 0xc4, 0x0, 0x1a, 0xcb,
    0xdd, 0xee, 0xdd, 0xba, 0xb0, 0x4, 0x0, 0x82,
    0x76, 0x73, 0x0, 0x20, 0x0, 0x8e, 0x70, 0x76,
    0x2a, 0xb1, 0x0, 0x0, 0x41, 0x9, 0xe4, 0x0,
    0x41, 0x0, 0x0, 0x0, 0x0, 0x0, 0x0, 0x0,
    0x0,

    /* U+5BF9 "对" */
    0x0, 0x0, 0x0, 0x0, 0x0, 0x2e, 0x0, 0x0,
    0x0, 0x0, 0x0, 0x0, 0x2e, 0x0, 0xe, 0xee,
    0xee, 0x60, 0x0, 0x2e, 0x0, 0x4, 0x44, 0x4d,
    0x62, 0x22, 0x4f, 0x21, 0x0, 0x0, 0xe, 0x4d,
    0xdd, 0xef, 0xd8, 0x5, 0x60, 0x2f, 0x0, 0x0,
    0x2e, 0x0, 0x2, 0xd8, 0x7b, 0x6, 0x30, 0x2e,
    0x0, 0x0, 0x1d, 0xf6, 0x4, 0xd0, 0x2e, 0x0,
    0x0, 0x5, 0xf8, 0x0, 0xc5, 0x2e, 0x0, 0x0,
    0xd, 0x9f, 0x50, 0x43, 0x2e, 0x0, 0x0, 0x9d,
    0x5, 0xd0, 0x0, 0x2e, 0x0, 0x8, 0xe2, 0x0,
    0x10, 0x0, 0x2e, 0x0, 0x1c, 0x20, 0x0, 0x0,
    0x2f, 0xf9, 0x0, 0x0, 0x0, 0x0, 0x0, 0x0,
    0x0, 0x0,

    /* U+5BFF "寿" */
    0x0, 0x0, 0x0, 0x0, 0x0, 0x0, 0x0, 0x0,
    0x0, 0x0, 0xd2, 0x0, 0x0, 0x0, 0x3, 0xcc,
    0xcc, 0xfc, 0xcc, 0xcc, 0x60, 0x0, 0x22, 0x26,
    0xd2, 0x22, 0x22, 0x10, 0x0, 0x8b, 0xbd, 0xeb,
    0xbb, 0xba, 0x0, 0x0, 0x22, 0x2d, 0x62, 0x22,
    0x22, 0x0, 0x2, 0x22, 0x4f, 0x32, 0x22, 0x22,
    0x21, 0xc, 0xcc, 0xed, 0xcc, 0xcd, 0xec, 0xc5,
    0x0, 0x1, 0xf2, 0x0, 0x5, 0xb0, 0x0, 0x0,
    0xb, 0xdf, 0xff, 0xff, 0xff, 0xd0, 0x0, 0xac,
    0x26, 0x0, 0x5, 0xb0, 0x0, 0xc, 0xc1, 0xc,
    0x80, 0x5, 0xb0, 0x0, 0x5, 0x0, 0x1, 0xb1,
    0x5, 0xb0, 0x0, 0x0, 0x0, 0x0, 0x5, 0xff,
    0x70, 0x0, 0x0, 0x0, 0x0, 0x0, 0x0, 0x0,
    0x0,

    /* U+5C01 "封" */
    0x0, 0xd, 0x30, 0x0, 0x0, 0x2e, 0x0, 0x0,
    0xd, 0x30, 0x0, 0x0, 0x2e, 0x0, 0x2f, 0xff,
    0xff, 0x70, 0x0, 0x2e, 0x0, 0x0, 0xd, 0x30,
    0x6, 0x77, 0x8f, 0x72, 0x0, 0xd, 0x30, 0x8,
    0x99, 0xaf, 0x92, 0x8f, 0xff, 0xff, 0xb0, 0x0,
    0x2e, 0x0, 0x0, 0x8, 0x20, 0x3, 0xb0, 0x2e,
    0x0, 0x0, 0xd, 0x30, 0x0, 0xd3, 0x2e, 0x0,
    0x3f, 0xff, 0xff, 0x90, 0x7a, 0x2e, 0x0, 0x0,
    0xd, 0x30, 0x0, 0x14, 0x2e, 0x0, 0x0, 0xd,
    0x33, 0x50, 0x0, 0x2e, 0x0, 0x5a, 0xcf, 0xec,
    0x90, 0x0, 0x2e, 0x0, 0x34, 0x20, 0x0, 0x0,
    0x3f, 0xf9, 0x0,

    /* U+5C06 "将" */
    0x0, 0xe, 0x10, 0x1, 0xd2, 0x0, 0x0, 0x0,
    0xe1, 0x2, 0xdf, 0xdd, 0xe6, 0x4b, 0xe, 0x27,
    0xe6, 0x0, 0x2e, 0x20, 0xb9, 0xe3, 0x92, 0xd3,
    0x3e, 0x50, 0x1, 0xbf, 0x10, 0x4, 0xfe, 0x40,
    0x0, 0x0, 0xe2, 0x49, 0xe8, 0x18, 0x20, 0x0,
    0xf, 0x2a, 0x50, 0x0, 0xc4, 0x0, 0x9, 0xf8,
    0xee, 0xee, 0xef, 0xfd, 0x1b, 0xaf, 0x12, 0x50,
    0x0, 0xc4, 0x5, 0x90, 0xe1, 0x1d, 0x50, 0xc,
    0x40, 0x0, 0xe, 0x10, 0x2e, 0x10, 0xc4, 0x0,
    0x0, 0xe1, 0x0, 0x20, 0xc, 0x40, 0x0, 0xe,
    0x10, 0x0, 0xcf, 0xe1, 0x0, 0x0, 0x0, 0x0,
    0x0, 0x0, 0x0,

    /* U+5C0F "小" */
    0x0, 0x0, 0x0, 0x4d, 0x0, 0x0, 0x0, 0x0,
    0x0, 0x0, 0x4d, 0x0, 0x0, 0x0, 0x0, 0x0,
    0x0, 0x4d, 0x0, 0x0, 0x0, 0x0, 0x8, 0x10,
    0x4d, 0x0, 0x63, 0x0, 0x0, 0x3f, 0x0, 0x4d,
    0x0, 0x7c, 0x0, 0x0, 0x7b, 0x0, 0x4d, 0x0,
    0xe, 0x50, 0x0, 0xd6, 0x0, 0x4d, 0x0, 0x7,
    0xc0, 0x3, 0xf1, 0x0, 0x4d, 0x0, 0x1, 0xf3,
    0xb, 0x90, 0x0, 0x4d, 0x0, 0x0, 0xb8, 0x1b,
    0x10, 0x0, 0x4d, 0x0, 0x0, 0x6b, 0x0, 0x0,
    0x0, 0x4d, 0x0, 0x0, 0x0, 0x0, 0x0, 0x0,
    0x5d, 0x0, 0x0, 0x0, 0x0, 0x0, 0xcf, 0xf8,
    0x0, 0x0, 0x0, 0x0, 0x0, 0x0, 0x0, 0x0,
    0x0, 0x0,

    /* U+5C14 "尔" */
    0x0, 0x0, 0x93, 0x0, 0x0, 0x0, 0x0, 0x0,
    0x3, 0xf1, 0x0, 0x0, 0x0, 0x0, 0x0, 0xb,
    0xb5, 0x55, 0x55, 0x55, 0x51, 0x0, 0x6e, 0xbb,
    0xcf, 0xbb, 0xbb, 0xf4, 0x2, 0xf4, 0x0, 0x3e,
    0x0, 0x5, 0xc0, 0x1e, 0x80, 0x0, 0x3e, 0x0,
    0xd, 0x30, 0x3, 0x4, 0x90, 0x3e, 0x1, 0x91,
    0x0, 0x0, 0xc, 0x70, 0x3e, 0x0, 0xb9, 0x0,
    0x0, 0x6d, 0x0, 0x3e, 0x0, 0x1e, 0x40, 0x4,
    0xf3, 0x0, 0x3e, 0x0, 0x6, 0xe0, 0xa, 0x50,
    0x0, 0x3e, 0x0, 0x0, 0xb3, 0x0, 0x0, 0x0,
    0x4d, 0x0, 0x0, 0x0, 0x0, 0x0, 0x7f, 0xf9,
    0x0, 0x0, 0x0, 0x0, 0x0, 0x0, 0x0, 0x0,
    0x0, 0x0,

    /* U+5C16 "尖" */
    0x0, 0x0, 0x0, 0xa7, 0x0, 0x0, 0x0, 0x0,
    0x6, 0x40, 0xa7, 0x5, 0x50, 0x0, 0x0, 0x1e,
    0x20, 0xa7, 0x2, 0xe4, 0x0, 0x0, 0xb8, 0x0,
    0xa7, 0x0, 0x3e, 0x20, 0x9, 0xc0, 0x0, 0xa7,
    0x0, 0x7, 0xd0, 0x5, 0x10, 0x0, 0x54, 0x0,
    0x0, 0x40, 0x0, 0x0, 0x0, 0xa7, 0x0, 0x0,
    0x0, 0x3c, 0xcc, 0xcc, 0xfe, 0xcc, 0xcc, 0xc3,
    0x2, 0x22, 0x25, 0xff, 0x32, 0x22, 0x20, 0x0,
    0x0, 0xa, 0x99, 0x90, 0x0, 0x0, 0x0, 0x0,
    0x9d, 0x10, 0xc9, 0x0, 0x0, 0x3, 0x8e, 0xa1,
    0x0, 0xa, 0xe8, 0x30, 0x1c, 0x82, 0x0, 0x0,
    0x0, 0x28, 0xc1,

    /* U+5C3E "尾" */
    0x2, 0xfe, 0xee, 0xee, 0xee, 0xef, 0x20, 0x2,
    0xe0, 0x0, 0x0, 0x0, 0xe, 0x20, 0x2, 0xfd,
    0xdd, 0xdd, 0xdd, 0xdf, 0x20, 0x2, 0xf1, 0x11,
    0x13, 0x7c, 0x71, 0x0, 0x2, 0xe2, 0x9b, 0xef,
    0x84, 0x0, 0x0, 0x2, 0xe0, 0x41, 0x2e, 0x24,
    0x76, 0x0, 0x3, 0xd2, 0x7a, 0xdf, 0xca, 0x73,
    0x0, 0x5, 0xb3, 0x74, 0x4e, 0x0, 0x35, 0x50,
    0x7, 0x90, 0x36, 0x9f, 0xee, 0xb8, 0x40, 0xb,
    0x6c, 0xb9, 0x7f, 0x10, 0x0, 0x50, 0xf, 0x10,
    0x0, 0x1f, 0x0, 0x1, 0xe0, 0x5b, 0x0, 0x0,
    0xc, 0xff, 0xff, 0x80, 0x0, 0x0, 0x0, 0x0,
    0x0, 0x0, 0x0,

    /* U+5C42 "层" */
    0x2, 0xfe, 0xee, 0xee, 0xee, 0xef, 0x40, 0x2,
    0xe0, 0x0, 0x0, 0x0, 0xc, 0x40, 0x2, 0xfb,
    0xbb, 0xbb, 0xbb, 0xbf, 0x40, 0x2, 0xf3, 0x33,
    0x33, 0x33, 0x33, 0x0, 0x2, 0xe0, 0x22, 0x22,
    0x22, 0x22, 0x0, 0x2, 0xe0, 0xac, 0xcc, 0xcc,
    0xcc, 0x0, 0x3, 0xd0, 0x0, 0x0, 0x0, 0x0,
    0x0, 0x5, 0xba, 0xee, 0xff, 0xee, 0xee, 0xe0,
    0x8, 0x80, 0x5, 0xe1, 0x3, 0x60, 0x0, 0xc,
    0x50, 0x2e, 0x30, 0x1, 0xe4, 0x0, 0x2f, 0x1,
    0xdc, 0x89, 0xab, 0xee, 0x0, 0x37, 0x4, 0x97,
    0x54, 0x32, 0x1a, 0x50, 0x0, 0x0, 0x0, 0x0,
    0x0, 0x0, 0x0,

    /* U+5C45 "居" */
    0x0, 0xff, 0xff, 0xff, 0xff, 0xff, 0x60, 0x0,
    0xf1, 0x0, 0x0, 0x0, 0xb, 0x60, 0x0, 0xf8,
    0x88, 0x88, 0x88, 0x8d, 0x60, 0x0, 0xf7, 0x66,
    0x69, 0xe6, 0x66, 0x20, 0x0, 0xf0, 0x0, 0x4,
    0xc0, 0x0, 0x0, 0x0, 0xff, 0xff, 0xff, 0xff,
    0xff, 0xf5, 0x1, 0xf0, 0x0, 0x4, 0xc0, 0x0,
    0x0, 0x2, 0xd0, 0x66, 0x69, 0xe6, 0x66, 0x0,
    0x5, 0xb0, 0xf8, 0x88, 0x88, 0x8f, 0x10, 0x9,
    0x70, 0xf0, 0x0, 0x0, 0xf, 0x10, 0xe, 0x20,
    0xf1, 0x11, 0x11, 0x1f, 0x10, 0x4a, 0x0, 0xfd,
    0xdd, 0xdd, 0xdf, 0x10, 0x0, 0x0, 0x0, 0x0,
    0x0, 0x0, 0x0,

    /* U+5C4F "屏" */
    0x1, 0xfe, 0xee, 0xee, 0xee, 0xef, 0xb0, 0x1,
    0xf0, 0x0, 0x0, 0x0, 0x6, 0xb0, 0x1, 0xfe,
    0xee, 0xee, 0xee, 0xef, 0xb0, 0x1, 0xf0, 0x9,
    0x30, 0x0, 0x85, 0x0, 0x1, 0xf0, 0x6, 0x90,
    0x1, 0xe1, 0x0, 0x1, 0xe4, 0xee, 0xee, 0xef,
    0xfe, 0xe1, 0x2, 0xe0, 0x1, 0xe0, 0x4, 0xc0,
    0x0, 0x4, 0xc0, 0x1, 0xe0, 0x4, 0xc0, 0x0,
    0x6, 0xa9, 0xef, 0xfe, 0xee, 0xfe, 0xe7, 0xa,
    0x60, 0x9, 0x90, 0x4, 0xc0, 0x0, 0x1f, 0x10,
    0x8e, 0x10, 0x4, 0xc0, 0x0, 0x49, 0x8, 0xb1,
    0x0, 0x4, 0xc0, 0x0,

    /* U+5C71 "山" */
    0x0, 0x0, 0x2, 0xe0, 0x0, 0x0, 0x0, 0x0,
    0x2, 0xe0, 0x0, 0x0, 0x0, 0x0, 0x2, 0xe0,
    0x0, 0x0, 0x3a, 0x0, 0x2, 0xe0, 0x0, 0x77,
    0x4d, 0x0, 0x2, 0xe0, 0x0, 0x88, 0x4d, 0x0,
    0x2, 0xe0, 0x0, 0x88, 0x4d, 0x0, 0x2, 0xe0,
    0x0, 0x88, 0x4d, 0x0, 0x2, 0xe0, 0x0, 0x88,
    0x4d, 0x0, 0x2, 0xe0, 0x0, 0x88, 0x4d, 0x0,
    0x2, 0xe0, 0x0, 0x88, 0x4d, 0x0, 0x2, 0xe0,
    0x0, 0x88, 0x4f, 0xff, 0xff, 0xff, 0xff, 0xf8,
    0x1, 0x11, 0x11, 0x11, 0x11, 0x98,

    /* U+5C9B "岛" */
    0x0, 0x0, 0x6, 0x30, 0x0, 0x0, 0x0, 0x33,
    0x4f, 0x43, 0x33, 0x10, 0x3, 0xfc, 0xcc, 0xcc,
    0xce, 0x70, 0x3, 0xc1, 0x93, 0x0, 0xa, 0x50,
    0x3, 0xc0, 0x3a, 0xb2, 0x3e, 0x20, 0x3, 0xc0,
    0x0, 0x4, 0x95, 0x0, 0x3, 0xfe, 0xee, 0xee,
    0xee, 0xec, 0x0, 0x11, 0x31, 0x11, 0x11, 0x2c,
    0x26, 0x0, 0xe1, 0x4, 0x50, 0x2b, 0x3b, 0x0,
    0xe1, 0x6, 0x80, 0x4a, 0x3c, 0x22, 0xe3, 0x27,
    0x80, 0x59, 0x2c, 0xcc, 0xcc, 0xce, 0x80, 0x97,
    0x0, 0x0, 0x0, 0x1, 0xde, 0xe1, 0x0, 0x0,
    0x0, 0x0, 0x0, 0x0,

    /* U+5CAD "岭" */
    0x0, 0x0, 0x0, 0x0, 0x0, 0x0, 0x0, 0x58,
    0x0, 0x0, 0x3c, 0x0, 0x0, 0x5, 0x80, 0x0,
    0xc, 0xe1, 0x0, 0x2, 0x58, 0x10, 0x6, 0xc5,
    0xb0, 0x0, 0xc5, 0x8b, 0x12, 0xe2, 0x9, 0x80,
    0xc, 0x58, 0xb3, 0xe4, 0x71, 0xc, 0x80, 0xc5,
    0x8b, 0xc4, 0x4, 0xc0, 0xb, 0x2c, 0x58, 0xb1,
    0x35, 0x56, 0x55, 0x0, 0xc5, 0x8b, 0x16, 0x99,
    0x9a, 0xf1, 0xc, 0x58, 0xb1, 0x0, 0x0, 0xa8,
    0x0, 0xd6, 0xac, 0x10, 0x70, 0x5e, 0x0, 0xf,
    0xff, 0xf1, 0x8, 0xce, 0x40, 0x0, 0x42, 0x8,
    0x10, 0x7, 0xe1, 0x0, 0x0, 0x0, 0x0, 0x0,
    0x8, 0xb0, 0x0, 0x0, 0x0, 0x0, 0x0, 0x1,
    0x0, 0x0,

    /* U+5CF0 "峰" */
    0x0, 0x0, 0x0, 0x0, 0x0, 0x0, 0x0, 0x49,
    0x0, 0x0, 0xd2, 0x0, 0x0, 0x4, 0x90, 0x0,
    0x6f, 0xbb, 0xb3, 0x2, 0x49, 0x10, 0x2f, 0x96,
    0x8f, 0x10, 0xd4, 0x98, 0x6e, 0x8d, 0x2c, 0x50,
    0xd, 0x49, 0x85, 0x40, 0x8f, 0x90, 0x0, 0xd4,
    0x98, 0x42, 0x9d, 0x6d, 0xb5, 0xd, 0x49, 0x88,
    0xc6, 0xd, 0x5, 0xa2, 0xd4, 0x98, 0x47, 0xbb,
    0xfb, 0xb7, 0xd, 0x49, 0x84, 0x36, 0x6f, 0x76,
    0x40, 0xd5, 0xaa, 0x42, 0x55, 0xf5, 0x53, 0xf,
    0xff, 0xf5, 0xcc, 0xcf, 0xcc, 0xc1, 0x31, 0x6,
    0x4a, 0xaa, 0xfb, 0xaa, 0x10, 0x0, 0x0, 0x0,
    0xf, 0x0, 0x0,

    /* U+5D07 "崇" */
    0x0, 0x0, 0x0, 0xb5, 0x0, 0x0, 0x0, 0x5,
    0xa0, 0x0, 0xb5, 0x0, 0xc, 0x70, 0x5, 0xfd,
    0xdd, 0xfe, 0xdd, 0xdf, 0x70, 0x0, 0x11, 0x11,
    0xd3, 0x11, 0x11, 0x0, 0x9, 0xaa, 0xaa, 0xed,
    0xaa, 0xaa, 0x90, 0xe, 0x42, 0x22, 0x22, 0x22,
    0x24, 0xe0, 0x9, 0x1c, 0xdd, 0xdd, 0xdd, 0x81,
    0x90, 0x0, 0x0, 0x0, 0x0, 0x0, 0x0, 0x0,
    0xd, 0xee, 0xee, 0xee, 0xee, 0xee, 0xd0, 0x0,
    0x3, 0x0, 0xb5, 0x2, 0x0, 0x0, 0x0, 0x6d,
    0x10, 0xb5, 0x7, 0xd3, 0x0, 0x8, 0xd2, 0x0,
    0xb5, 0x0, 0x4e, 0x60, 0x7, 0x10, 0xad, 0xe2,
    0x0, 0x2, 0x80, 0x0, 0x0, 0x0, 0x0, 0x0,
    0x0, 0x0,

    /* U+5DDD "川" */
    0x0, 0x0, 0x0, 0x0, 0x0, 0x0, 0x0, 0xe,
    0x20, 0x1, 0x40, 0x0, 0xe2, 0x0, 0xe2, 0x0,
    0x4d, 0x0, 0xe, 0x20, 0xe, 0x20, 0x4, 0xd0,
    0x0, 0xe2, 0x0, 0xe2, 0x0, 0x4d, 0x0, 0xe,
    0x20, 0xe, 0x20, 0x4, 0xd0, 0x0, 0xe2, 0x0,
    0xf2, 0x0, 0x4d, 0x0, 0xe, 0x20, 0xf, 0x10,
    0x4, 0xd0, 0x0, 0xe2, 0x1, 0xf0, 0x0, 0x4d,
    0x0, 0xe, 0x20, 0x4d, 0x0, 0x4, 0xd0, 0x0,
    0xe2, 0x9, 0x90, 0x0, 0x4d, 0x0, 0xe, 0x21,
    0xf3, 0x0, 0x3, 0xc0, 0x0, 0xe2, 0x79, 0x0,
    0x0, 0x0, 0x0, 0xe, 0x20, 0x0, 0x0, 0x0,
    0x0, 0x0, 0x0,

    /* U+5DDE "州" */
    0x0, 0x0, 0x0, 0x0, 0x0, 0x0, 0x0, 0x0,
    0xe2, 0x0, 0x0, 0x0, 0xe2, 0x0, 0xe, 0x20,
    0xe, 0x10, 0xe, 0x20, 0x0, 0xe2, 0x0, 0xe1,
    0x0, 0xe2, 0x0, 0xe, 0x20, 0xe, 0x10, 0xe,
    0x20, 0x94, 0xe6, 0x60, 0xe7, 0x70, 0xe2, 0xd,
    0x1f, 0x4d, 0xe, 0x3e, 0xe, 0x23, 0xc0, 0xf1,
    0xd3, 0xe1, 0x95, 0xe2, 0x85, 0x1f, 0x8, 0x4e,
    0x14, 0x6e, 0x20, 0x4, 0xc0, 0x0, 0xe1, 0x0,
    0xe2, 0x0, 0x88, 0x0, 0xe, 0x10, 0xe, 0x20,
    0xe, 0x20, 0x0, 0xe1, 0x0, 0xe2, 0x9, 0xa0,
    0x0, 0xe, 0x10, 0xe, 0x22, 0xd1, 0x0, 0x0,
    0x50, 0x0, 0xe2, 0x0, 0x0, 0x0, 0x0, 0x0,
    0x0, 0x0,

    /* U+5DE5 "工" */
    0x2, 0x22, 0x22, 0x22, 0x22, 0x22, 0x10, 0xb,
    0xee, 0xee, 0xff, 0xee, 0xee, 0x50, 0x0, 0x0,
    0x0, 0xd5, 0x0, 0x0, 0x0, 0x0, 0x0, 0x0,
    0xd5, 0x0, 0x0, 0x0, 0x0, 0x0, 0x0, 0xd5,
    0x0, 0x0, 0x0, 0x0, 0x0, 0x0, 0xd5, 0x0,
    0x0, 0x0, 0x0, 0x0, 0x0, 0xd5, 0x0, 0x0,
    0x0, 0x0, 0x0, 0x0, 0xd5, 0x0, 0x0, 0x0,
    0x0, 0x0, 0x0, 0xd5, 0x0, 0x0, 0x0, 0x0,
    0x0, 0x0, 0xd5, 0x0, 0x0, 0x0, 0x7f, 0xff,
    0xff, 0xff, 0xff, 0xff, 0xf1, 0x1, 0x11, 0x11,
    0x11, 0x11, 0x11, 0x10,

    /* U+5DE6 "左" */
    0x0, 0x0, 0x7, 0x10, 0x0, 0x0, 0x0, 0x0,
    0x0, 0xf, 0x10, 0x0, 0x0, 0x0, 0x0, 0x0,
    0x3e, 0x0, 0x0, 0x0, 0x0, 0xf, 0xff, 0xff,
    0xff, 0xff, 0xff, 0xf0, 0x0, 0x0, 0xb6, 0x0,
    0x0, 0x0, 0x0, 0x0, 0x1, 0xf1, 0x0, 0x0,
    0x0, 0x0, 0x0, 0x6, 0xd7, 0x77, 0x77, 0x77,
    0x40, 0x0, 0xd, 0x78, 0x8a, 0xf8, 0x88, 0x50,
    0x0, 0x6c, 0x0, 0x2, 0xe0, 0x0, 0x0, 0x1,
    0xe3, 0x0, 0x2, 0xe0, 0x0, 0x0, 0xc, 0x80,
    0x0, 0x2, 0xe0, 0x0, 0x0, 0x4a, 0x6, 0x88,
    0x89, 0xf8, 0x88, 0x82, 0x0, 0xc, 0xff, 0xff,
    0xff, 0xff, 0xf4,

    /* U+5DE7 "巧" */
    0x0, 0x0, 0x1, 0xff, 0xff, 0xff, 0xf9, 0x3f,
    0xff, 0xfd, 0x2, 0xe0, 0x0, 0x0, 0x0, 0x2e,
    0x0, 0x5, 0xb0, 0x0, 0x0, 0x0, 0x2e, 0x0,
    0x9, 0x80, 0x0, 0x0, 0x0, 0x2e, 0x0, 0xc,
    0x51, 0x11, 0x10, 0x0, 0x2e, 0x0, 0xf, 0xff,
    0xff, 0xf0, 0x0, 0x2e, 0x0, 0x0, 0x0, 0x0,
    0xf0, 0x0, 0x2e, 0x14, 0x0, 0x0, 0x2, 0xe0,
    0x16, 0xaf, 0xfc, 0x0, 0x0, 0x4, 0xc0, 0x3b,
    0x73, 0x0, 0x0, 0x0, 0x6, 0xa0, 0x0, 0x0,
    0x0, 0x0, 0x0, 0xb, 0x70, 0x0, 0x0, 0x0,
    0x0, 0xdf, 0xfc, 0x10, 0x0, 0x0, 0x0, 0x0,
    0x0, 0x0, 0x0,

    /* U+5DF2 "已" */
    0xdf, 0xff, 0xff, 0xff, 0xff, 0x70, 0x0, 0x0,
    0x0, 0x0, 0x0, 0xa7, 0x0, 0x6, 0x0, 0x0,
    0x0, 0xa, 0x70, 0x1, 0xf0, 0x0, 0x0, 0x0,
    0xa7, 0x0, 0x1f, 0x11, 0x11, 0x11, 0x1b, 0x70,
    0x1, 0xff, 0xff, 0xff, 0xff, 0xf7, 0x0, 0x1f,
    0x0, 0x0, 0x0, 0x6, 0x40, 0x1, 0xf0, 0x0,
    0x0, 0x0, 0x0, 0x0, 0x1f, 0x0, 0x0, 0x0,
    0x0, 0x9, 0x11, 0xf0, 0x0, 0x0, 0x0, 0x0,
    0xf1, 0xf, 0x40, 0x0, 0x0, 0x1, 0x7d, 0x0,
    0x6e, 0xff, 0xff, 0xff, 0xfd, 0x30,

    /* U+5DF4 "巴" */
    0x3f, 0xff, 0xff, 0xff, 0xff, 0xf1, 0x3, 0xe0,
    0x0, 0xd3, 0x0, 0xf, 0x10, 0x3e, 0x0, 0xd,
    0x30, 0x0, 0xf1, 0x3, 0xe0, 0x0, 0xd3, 0x0,
    0xf, 0x10, 0x3e, 0x0, 0xd, 0x30, 0x0, 0xf1,
    0x3, 0xff, 0xff, 0xff, 0xff, 0xff, 0x10, 0x3e,
    0x0, 0x0, 0x0, 0x0, 0xc0, 0x3, 0xe0, 0x0,
    0x0, 0x0, 0x0, 0x0, 0x3e, 0x0, 0x0, 0x0,
    0x0, 0x3, 0x3, 0xe0, 0x0, 0x0, 0x0, 0x0,
    0xe4, 0x1f, 0x30, 0x0, 0x0, 0x0, 0x5f, 0x0,
    0x7e, 0xff, 0xff, 0xff, 0xfe, 0x50,

    /* U+5E02 "市" */
    0x0, 0x0, 0x2, 0x90, 0x0, 0x0, 0x0, 0x0,
    0x0, 0x0, 0xe5, 0x0, 0x0, 0x0, 0x49, 0x99,
    0x99, 0xdd, 0x99, 0x99, 0x90, 0x36, 0x66, 0x66,
    0xe9, 0x66, 0x66, 0x60, 0x0, 0x0, 0x0, 0xd4,
    0x0, 0x0, 0x0, 0x0, 0xef, 0xff, 0xff, 0xff,
    0xff, 0x10, 0x0, 0xe3, 0x11, 0xd5, 0x11, 0x1f,
    0x10, 0x0, 0xe2, 0x0, 0xd4, 0x0, 0xf, 0x10,
    0x0, 0xe2, 0x0, 0xd4, 0x0, 0xf, 0x10, 0x0,
    0xe2, 0x0, 0xd4, 0x0, 0xf, 0x10, 0x0, 0xe2,
    0x0, 0xd4, 0x4c, 0xce, 0x0, 0x0, 0x40, 0x0,
    0xd4, 0x3, 0x30, 0x0, 0x0, 0x0, 0x0, 0xd4,
    0x0, 0x0, 0x0,

    /* U+5E03 "布" */
    0x0, 0x0, 0x8, 0x70, 0x0, 0x0, 0x0, 0x0,
    0x0, 0xe, 0x30, 0x0, 0x0, 0x0, 0x1d, 0xdd,
    0xef, 0xdd, 0xdd, 0xdd, 0xd2, 0x3, 0x33, 0xd8,
    0x33, 0x33, 0x33, 0x30, 0x0, 0x4, 0xe0, 0xc,
    0x20, 0x0, 0x0, 0x0, 0xd, 0x60, 0xe, 0x30,
    0x0, 0x0, 0x0, 0xbf, 0xff, 0xff, 0xff, 0xff,
    0x60, 0xa, 0xde, 0x20, 0xe, 0x30, 0xa, 0x60,
    0x4c, 0x1e, 0x20, 0xe, 0x30, 0xa, 0x60, 0x0,
    0xe, 0x20, 0xe, 0x30, 0xa, 0x60, 0x0, 0xe,
    0x20, 0xe, 0x30, 0xa, 0x60, 0x0, 0xb, 0x20,
    0xe, 0x39, 0xec, 0x20, 0x0, 0x0, 0x0, 0xe,
    0x30, 0x0, 0x0,

    /* U+5E08 "师" */
    0x0, 0xd2, 0x0, 0x0, 0x0, 0x0, 0x0, 0xd,
    0x29, 0xff, 0xff, 0xff, 0xf4, 0xd1, 0xd2, 0x0,
    0x4, 0xc0, 0x0, 0xd, 0x1d, 0x20, 0x33, 0x6c,
    0x33, 0x10, 0xd1, 0xd2, 0x1f, 0xbc, 0xeb, 0xd8,
    0xd, 0x1d, 0x21, 0xd0, 0x4c, 0x7, 0x80, 0xd1,
    0xd1, 0x1d, 0x4, 0xc0, 0x78, 0xd, 0x1e, 0x11,
    0xd0, 0x4c, 0x7, 0x80, 0xa1, 0xf0, 0x1d, 0x4,
    0xc0, 0x78, 0x0, 0x3c, 0x1, 0xd0, 0x4c, 0x7,
    0x80, 0x9, 0x80, 0x1d, 0x4, 0xc7, 0xe5, 0x2,
    0xe1, 0x0, 0x10, 0x4c, 0x0, 0x0, 0x76, 0x0,
    0x0, 0x4, 0xc0, 0x0, 0x0, 0x0, 0x0, 0x0,
    0x0, 0x0, 0x0,

    /* U+5E26 "带" */
    0x0, 0x1e, 0x0, 0xc4, 0x0, 0xf0, 0x0, 0x0,
    0x1e, 0x0, 0xc4, 0x0, 0xf0, 0x0, 0x4e, 0xff,
    0xee, 0xff, 0xee, 0xfe, 0xe4, 0x0, 0x1e, 0x0,
    0xc4, 0x0, 0xf0, 0x0, 0x0, 0x16, 0x11, 0x52,
    0x11, 0x71, 0x0, 0xe, 0xdd, 0xdd, 0xfe, 0xdd,
    0xde, 0xe0, 0xe, 0x10, 0x0, 0xd4, 0x0, 0x2,
    0xe0, 0x8, 0x6c, 0xcc, 0xfd, 0xcc, 0xc9, 0x80,
    0x0, 0x6a, 0x22, 0xd5, 0x22, 0x89, 0x0, 0x0,
    0x69, 0x0, 0xd4, 0x0, 0x79, 0x0, 0x0, 0x69,
    0x0, 0xd4, 0x0, 0x79, 0x0, 0x0, 0x68, 0x0,
    0xd4, 0x1e, 0xd5, 0x0, 0x0, 0x0, 0x0, 0xd4,
    0x0, 0x0, 0x0,

    /* U+5E38 "常" */
    0x8, 0x40, 0xc, 0x40, 0x6, 0x60, 0x5, 0xe0,
    0xc, 0x40, 0x2e, 0x20, 0x89, 0xd9, 0x9e, 0xb9,
    0xac, 0x98, 0xe6, 0x55, 0x55, 0x55, 0x55, 0x6e,
    0xe1, 0xbc, 0xcc, 0xcc, 0xca, 0x1e, 0x60, 0xe1,
    0x0, 0x0, 0x3d, 0x6, 0x0, 0xe8, 0x88, 0x88,
    0x9d, 0x0, 0x0, 0x33, 0x3c, 0x83, 0x32, 0x0,
    0xc, 0xcc, 0xcf, 0xdc, 0xcc, 0xc0, 0xe, 0x33,
    0x3c, 0x83, 0x33, 0xf0, 0xe, 0x0, 0xb, 0x60,
    0x0, 0xf0, 0xe, 0x0, 0xb, 0x60, 0x22, 0xf0,
    0xa, 0x0, 0xb, 0x60, 0xab, 0x80,

    /* U+5E72 "干" */
    0xb, 0xff, 0xff, 0xff, 0xff, 0xff, 0x60, 0x1,
    0x11, 0x11, 0xd6, 0x11, 0x11, 0x0, 0x0, 0x0,
    0x0, 0xd5, 0x0, 0x0, 0x0, 0x0, 0x0, 0x0,
    0xd5, 0x0, 0x0, 0x0, 0x1, 0x11, 0x11, 0xd5,
    0x11, 0x11, 0x10, 0x7f, 0xff, 0xff, 0xff, 0xff,
    0xff, 0xf0, 0x0, 0x0, 0x0, 0xd5, 0x0, 0x0,
    0x0, 0x0, 0x0, 0x0, 0xd5, 0x0, 0x0, 0x0,
    0x0, 0x0, 0x0, 0xd5, 0x0, 0x0, 0x0, 0x0,
    0x0, 0x0, 0xd5, 0x0, 0x0, 0x0, 0x0, 0x0,
    0x0, 0xd5, 0x0, 0x0, 0x0, 0x0, 0x0, 0x0,
    0xd5, 0x0, 0x0, 0x0,

    /* U+5E73 "平" */
    0x0, 0x0, 0x0, 0x0, 0x0, 0x0, 0x0, 0xc,
    0xff, 0xff, 0xff, 0xff, 0xff, 0x40, 0x0, 0x11,
    0x0, 0xc4, 0x0, 0x31, 0x0, 0x0, 0x89, 0x0,
    0xc4, 0x0, 0xf3, 0x0, 0x0, 0x1f, 0x0, 0xc4,
    0x6, 0xb0, 0x0, 0x0, 0xb, 0x60, 0xc4, 0xd,
    0x30, 0x0, 0x0, 0x1, 0x0, 0xc4, 0x3, 0x0,
    0x0, 0x7f, 0xff, 0xff, 0xff, 0xff, 0xff, 0xf0,
    0x1, 0x11, 0x11, 0xd5, 0x11, 0x11, 0x10, 0x0,
    0x0, 0x0, 0xc4, 0x0, 0x0, 0x0, 0x0, 0x0,
    0x0, 0xc4, 0x0, 0x0, 0x0, 0x0, 0x0, 0x0,
    0xc4, 0x0, 0x0, 0x0, 0x0, 0x0, 0x0, 0xc4,
    0x0, 0x0, 0x0,

    /* U+5E74 "年" */
    0x0, 0x3, 0x80, 0x0, 0x0, 0x0, 0x0, 0x0,
    0xb, 0x81, 0x11, 0x11, 0x11, 0x0, 0x0, 0x4f,
    0xff, 0xff, 0xff, 0xff, 0x90, 0x1, 0xd5, 0x0,
    0xe, 0x20, 0x0, 0x0, 0xb, 0xa0, 0x0, 0xe,
    0x20, 0x0, 0x0, 0x7, 0xf, 0xff, 0xff, 0xff,
    0xff, 0x40, 0x0, 0xf, 0x10, 0xe, 0x30, 0x0,
    0x0, 0x0, 0xf, 0x0, 0xe, 0x20, 0x0, 0x0,
    0x0, 0xf, 0x0, 0xe, 0x20, 0x0, 0x0, 0x5f,
    0xff, 0xff, 0xff, 0xff, 0xff, 0xf4, 0x0, 0x0,
    0x0, 0xe, 0x20, 0x0, 0x0, 0x0, 0x0, 0x0,
    0xe, 0x20, 0x0, 0x0, 0x0, 0x0, 0x0, 0xe,
    0x20, 0x0, 0x0,

    /* U+5E76 "并" */
    0x0, 0x9, 0x50, 0x0, 0x4, 0xb0, 0x0, 0x0,
    0x4, 0xe1, 0x0, 0xb, 0x70, 0x0, 0x0, 0x0,
    0xa4, 0x0, 0x3e, 0x10, 0x0, 0xc, 0xff, 0xff,
    0xff, 0xff, 0xff, 0xd0, 0x0, 0x0, 0xf1, 0x0,
    0xf, 0x10, 0x0, 0x0, 0x0, 0xf1, 0x0, 0xf,
    0x10, 0x0, 0x0, 0x0, 0xf1, 0x0, 0xf, 0x10,
    0x0, 0x4f, 0xff, 0xff, 0xff, 0xff, 0xff, 0xf4,
    0x0, 0x3, 0xf0, 0x0, 0x1f, 0x20, 0x0, 0x0,
    0x7, 0xb0, 0x0, 0xf, 0x10, 0x0, 0x0, 0x1e,
    0x40, 0x0, 0xf, 0x10, 0x0, 0x3, 0xd9, 0x0,
    0x0, 0xf, 0x10, 0x0, 0xd, 0x80, 0x0, 0x0,
    0xf, 0x10, 0x0, 0x0, 0x0, 0x0, 0x0, 0x0,
    0x0, 0x0,

    /* U+5E7F "广" */
    0x0, 0x0, 0x0, 0x4c, 0x0, 0x0, 0x0, 0x0,
    0x0, 0x0, 0xf, 0x30, 0x0, 0x0, 0x0, 0xed,
    0xdd, 0xdf, 0xdd, 0xdd, 0xd2, 0x0, 0xf4, 0x22,
    0x22, 0x22, 0x22, 0x20, 0x0, 0xf1, 0x0, 0x0,
    0x0, 0x0, 0x0, 0x0, 0xf1, 0x0, 0x0, 0x0,
    0x0, 0x0, 0x0, 0xf1, 0x0, 0x0, 0x0, 0x0,
    0x0, 0x1, 0xf0, 0x0, 0x0, 0x0, 0x0, 0x0,
    0x2, 0xf0, 0x0, 0x0, 0x0, 0x0, 0x0, 0x5,
    0xc0, 0x0, 0x0, 0x0, 0x0, 0x0, 0x9, 0x90,
    0x0, 0x0, 0x0, 0x0, 0x0, 0x1e, 0x30, 0x0,
    0x0, 0x0, 0x0, 0x0, 0x3a, 0x0, 0x0, 0x0,
    0x0, 0x0, 0x0, 0x0, 0x0, 0x0, 0x0, 0x0,
    0x0, 0x0,

    /* U+5E84 "庄" */
    0x0, 0x0, 0x0, 0xc, 0x10, 0x0, 0x0, 0x0,
    0x0, 0x0, 0xa, 0x70, 0x0, 0x0, 0x2, 0xff,
    0xff, 0xff, 0xff, 0xff, 0xf4, 0x3, 0xd0, 0x0,
    0x2, 0x90, 0x0, 0x0, 0x3, 0xd0, 0x0, 0x3,
    0xd0, 0x0, 0x0, 0x3, 0xd0, 0x0, 0x3, 0xd0,
    0x0, 0x0, 0x3, 0xd0, 0xab, 0xbc, 0xfb, 0xbb,
    0xa0, 0x4, 0xc0, 0x34, 0x46, 0xe4, 0x44, 0x30,
    0x5, 0xb0, 0x0, 0x3, 0xd0, 0x0, 0x0, 0x7,
    0x90, 0x0, 0x3, 0xd0, 0x0, 0x0, 0xa, 0x60,
    0x0, 0x3, 0xd0, 0x0, 0x0, 0xf, 0x27, 0x88,
    0x8a, 0xf8, 0x88, 0x85, 0x3a, 0x6, 0x77, 0x77,
    0x77, 0x77, 0x74, 0x0, 0x0, 0x0, 0x0, 0x0,
    0x0, 0x0,

    /* U+5E86 "庆" */
    0x0, 0x0, 0x0, 0x47, 0x0, 0x0, 0x0, 0x0,
    0x0, 0x0, 0x1e, 0x40, 0x0, 0x0, 0x6, 0xff,
    0xff, 0xff, 0xff, 0xff, 0xf5, 0x6, 0xa0, 0x0,
    0x1, 0x40, 0x0, 0x0, 0x6, 0xa0, 0x0, 0x6,
    0xa0, 0x0, 0x0, 0x6, 0xa0, 0x0, 0x8, 0x90,
    0x0, 0x0, 0x6, 0xa7, 0xee, 0xef, 0xfe, 0xee,
    0xe0, 0x6, 0xa0, 0x0, 0xe, 0xc0, 0x0, 0x0,
    0x7, 0x80, 0x0, 0x3e, 0xd4, 0x0, 0x0, 0x9,
    0x70, 0x0, 0xb7, 0x4e, 0x10, 0x0, 0xc, 0x40,
    0x6, 0xe0, 0x8, 0xc1, 0x0, 0x1f, 0x0, 0x7e,
    0x30, 0x0, 0xad, 0x30, 0x6a, 0xb, 0xc2, 0x0,
    0x0, 0x7, 0xf2, 0x1, 0x1, 0x0, 0x0, 0x0,
    0x0, 0x10,

    /* U+5E94 "应" */
    0x0, 0x0, 0x0, 0x3a, 0x0, 0x0, 0x0, 0x0,
    0x0, 0x0, 0xe, 0x40, 0x0, 0x0, 0x4, 0xff,
    0xff, 0xff, 0xff, 0xff, 0xf2, 0x5, 0xc0, 0x0,
    0x0, 0x0, 0x0, 0x0, 0x5, 0xc0, 0x10, 0x1b,
    0x0, 0xa, 0x50, 0x5, 0xc2, 0xe0, 0xe, 0x20,
    0xe, 0x30, 0x5, 0xc0, 0xc4, 0xa, 0x60, 0x4d,
    0x0, 0x5, 0xb0, 0x7a, 0x6, 0xa0, 0xa7, 0x0,
    0x6, 0x90, 0x2f, 0x3, 0xb1, 0xe1, 0x0, 0x9,
    0x70, 0x8, 0x10, 0x8, 0x80, 0x0, 0xc, 0x40,
    0x0, 0x0, 0x1e, 0x10, 0x0, 0x1f, 0x2c, 0xcc,
    0xcc, 0xde, 0xcc, 0xc4, 0x39, 0x4, 0x44, 0x44,
    0x44, 0x44, 0x41,

    /* U+5E95 "底" */
    0x0, 0x0, 0x0, 0x26, 0x0, 0x0, 0x0, 0x0,
    0x32, 0x22, 0x3f, 0x42, 0x22, 0x20, 0x5, 0xfd,
    0xdd, 0xdd, 0xdd, 0xdd, 0xd4, 0x5, 0xb0, 0x0,
    0x13, 0x46, 0x87, 0x0, 0x5, 0xb0, 0xfd, 0xcb,
    0xea, 0x63, 0x0, 0x5, 0xb0, 0xf0, 0x0, 0xb5,
    0x0, 0x0, 0x5, 0xb0, 0xf0, 0x0, 0x97, 0x0,
    0x0, 0x5, 0xa0, 0xff, 0xff, 0xff, 0xff, 0xa0,
    0x6, 0x90, 0xf0, 0x0, 0x3c, 0x0, 0x0, 0x8,
    0x70, 0xf0, 0x5, 0xe, 0x10, 0x0, 0xc, 0x40,
    0xf0, 0x9, 0x69, 0x70, 0x83, 0x1f, 0x10, 0xfb,
    0xd3, 0xd2, 0xe3, 0xc4, 0x5a, 0x4, 0xa4, 0x0,
    0x82, 0x4e, 0xd0, 0x0, 0x0, 0x0, 0x0, 0x0,
    0x0, 0x0,

    /* U+5EA6 "度" */
    0x0, 0x0, 0x0, 0x26, 0x0, 0x0, 0x0, 0x0,
    0x32, 0x22, 0x4f, 0x42, 0x22, 0x20, 0x3, 0xfd,
    0xde, 0xdd, 0xdd, 0xed, 0xd3, 0x3, 0xd0, 0xd,
    0x30, 0x1, 0xe0, 0x0, 0x3, 0xdd, 0xdf, 0xed,
    0xde, 0xfd, 0xd2, 0x3, 0xd0, 0xd, 0x30, 0x1,
    0xe0, 0x0, 0x4, 0xc0, 0xd, 0xa8, 0x89, 0xe0,
    0x0, 0x4, 0xb0, 0x3, 0x44, 0x44, 0x30, 0x0,
    0x6, 0xa9, 0xdd, 0xdd, 0xdd, 0xdd, 0x0, 0x8,
    0x80, 0x2e, 0x30, 0x1, 0xc7, 0x0, 0xb, 0x50,
    0x3, 0xd8, 0x6d, 0x60, 0x0, 0x1f, 0x11, 0x37,
    0xbe, 0xec, 0x63, 0x0, 0x39, 0x2c, 0xa7, 0x30,
    0x4, 0x8b, 0xe2,

    /* U+5EA7 "座" */
    0x0, 0x0, 0x0, 0x26, 0x0, 0x0, 0x0, 0x0,
    0x11, 0x11, 0x2f, 0x41, 0x11, 0x10, 0x7, 0xfe,
    0xee, 0xee, 0xee, 0xee, 0xe0, 0x7, 0x90, 0x12,
    0x6, 0x20, 0x20, 0x0, 0x7, 0x90, 0x77, 0xc,
    0x40, 0xd2, 0x0, 0x7, 0x90, 0xc6, 0xc, 0x42,
    0xf0, 0x0, 0x7, 0x94, 0xdd, 0x4c, 0x4b, 0xbc,
    0x10, 0x7, 0xbe, 0x32, 0xac, 0xbb, 0x5, 0xd0,
    0x8, 0x72, 0x0, 0xc, 0x40, 0x0, 0x10, 0xa,
    0x69, 0xff, 0xff, 0xff, 0xff, 0x30, 0xd, 0x30,
    0x0, 0xc, 0x40, 0x0, 0x0, 0x1f, 0x0, 0x0,
    0xc, 0x40, 0x0, 0x0, 0x6a, 0x9f, 0xff, 0xff,
    0xff, 0xff, 0xf2, 0x1, 0x0, 0x0, 0x0, 0x0,
    0x0, 0x0,

    /* U+5EB7 "康" */
    0x0, 0x0, 0x0, 0x59, 0x0, 0x0, 0x0, 0x2,
    0x88, 0x88, 0x9f, 0x98, 0x88, 0x80, 0x5, 0xc6,
    0x66, 0x6f, 0x86, 0x66, 0x60, 0x5, 0xa4, 0x88,
    0x8f, 0x98, 0x88, 0x0, 0x5, 0xa1, 0x33, 0x3f,
    0x53, 0x3f, 0x0, 0x5, 0xcc, 0xcc, 0xcf, 0xdc,
    0xcf, 0xd5, 0x5, 0xa0, 0x0, 0xe, 0x20, 0xf,
    0x10, 0x6, 0x97, 0xcc, 0xcf, 0xcc, 0xcf, 0x0,
    0x7, 0x87, 0x70, 0xe, 0x60, 0x9, 0x30, 0x9,
    0x60, 0x99, 0x3f, 0xd7, 0xd7, 0x0, 0xd, 0x31,
    0x7d, 0x9f, 0x3c, 0xa1, 0x0, 0x2e, 0x5d, 0x71,
    0xe, 0x20, 0x7e, 0xb2, 0x48, 0x0, 0xd, 0xdd,
    0x0, 0x0, 0x30, 0x0, 0x0, 0x0, 0x0, 0x0,
    0x0, 0x0,

    /* U+5EFA "建" */
    0x0, 0x0, 0x0, 0x0, 0xe1, 0x0, 0x0, 0x1f,
    0xff, 0x85, 0xaa, 0xfb, 0xaa, 0x0, 0x0, 0xe,
    0x21, 0x22, 0xe3, 0x2e, 0x10, 0x0, 0x79, 0x5d,
    0xdd, 0xfd, 0xdf, 0xd0, 0x2, 0xe1, 0x0, 0x0,
    0xe1, 0xd, 0x10, 0xc, 0xff, 0x88, 0xdd, 0xfe,
    0xdf, 0x10, 0x1, 0x7, 0x70, 0x0, 0xe1, 0x0,
    0x0, 0x8, 0xa, 0x49, 0xcc, 0xfd, 0xcc, 0x70,
    0x9, 0x5e, 0x0, 0x0, 0xe1, 0x0, 0x0, 0x2,
    0xeb, 0x4d, 0xdd, 0xfd, 0xdd, 0xd1, 0x0, 0xdb,
    0x0, 0x0, 0xe1, 0x0, 0x0, 0x5, 0xd9, 0xd6,
    0x20, 0x40, 0x0, 0x0, 0x2e, 0x20, 0x39, 0xce,
    0xff, 0xff, 0xf2, 0x1, 0x0, 0x0, 0x0, 0x0,
    0x0, 0x0,

    /* U+5F00 "开" */
    0xc, 0xff, 0xff, 0xff, 0xff, 0xff, 0xd0, 0x0,
    0x0, 0xe2, 0x0, 0xf, 0x20, 0x0, 0x0, 0x0,
    0xe2, 0x0, 0xf, 0x20, 0x0, 0x0, 0x0, 0xe2,
    0x0, 0xf, 0x20, 0x0, 0x0, 0x0, 0xe2, 0x0,
    0xf, 0x20, 0x0, 0x4f, 0xff, 0xff, 0xff, 0xff,
    0xff, 0xf3, 0x1, 0x12, 0xf1, 0x11, 0x1f, 0x31,
    0x10, 0x0, 0x4, 0xd0, 0x0, 0xf, 0x20, 0x0,
    0x0, 0xa, 0x80, 0x0, 0xf, 0x20, 0x0, 0x0,
    0x4f, 0x10, 0x0, 0xf, 0x20, 0x0, 0x4, 0xf5,
    0x0, 0x0, 0xf, 0x20, 0x0, 0xc, 0x50, 0x0,
    0x0, 0xf, 0x20, 0x0, 0x0, 0x0, 0x0, 0x0,
    0x0, 0x0, 0x0,

    /* U+5F18 "弘" */
    0x0, 0x0, 0x0, 0x0, 0x2, 0x0, 0x0, 0xf,
    0xff, 0xf9, 0x0, 0x3e, 0x0, 0x0, 0x0, 0x0,
    0x69, 0x0, 0x6b, 0x0, 0x0, 0x0, 0x0, 0x69,
    0x0, 0xa8, 0x0, 0x0, 0xa, 0xfe, 0xf9, 0x0,
    0xd4, 0x0, 0x0, 0xc, 0x30, 0x0, 0x1, 0xf0,
    0x0, 0x0, 0xe, 0x10, 0x0, 0x5, 0xc0, 0xa2,
    0x0, 0x1f, 0xee, 0xf8, 0xa, 0x80, 0x89, 0x0,
    0x1, 0x11, 0x97, 0xe, 0x30, 0x2f, 0x0, 0x0,
    0x0, 0xa5, 0x4e, 0x0, 0xc, 0x50, 0x0, 0x0,
    0xd2, 0xaa, 0x25, 0x7d, 0xb0, 0x0, 0x3, 0xe1,
    0xff, 0xec, 0x98, 0xf0, 0x8, 0xff, 0x60, 0x51,
    0x0, 0x0, 0xb2,

    /* U+5F20 "张" */
    0x0, 0x0, 0x2, 0xe0, 0x0, 0x0, 0xb, 0xff,
    0xf0, 0x2e, 0x0, 0x5, 0x80, 0x0, 0xf, 0x2,
    0xe0, 0x2, 0xe3, 0x0, 0x10, 0xf0, 0x2e, 0x3,
    0xe4, 0x0, 0x6f, 0xff, 0x2, 0xe3, 0xe4, 0x0,
    0x7, 0x70, 0x3, 0x7f, 0x57, 0x55, 0x52, 0x96,
    0x0, 0x69, 0xf8, 0xdb, 0x88, 0x3b, 0xff, 0xf1,
    0x2e, 0x7, 0x80, 0x0, 0x0, 0xf, 0x2, 0xe0,
    0x2e, 0x0, 0x0, 0x1, 0xf0, 0x2e, 0x0, 0xb6,
    0x0, 0x0, 0x2e, 0x2, 0xe0, 0x23, 0xe1, 0x0,
    0x5, 0xb0, 0x2f, 0xcd, 0x8, 0xd1, 0x7e, 0xe5,
    0x9, 0xb4, 0x0, 0x9, 0x40, 0x0, 0x0, 0x0,
    0x0, 0x0, 0x0,

    /* U+5F39 "弹" */
    0x0, 0x0, 0x0, 0x14, 0x0, 0x6, 0x10, 0x2f,
    0xff, 0xc0, 0x1d, 0x20, 0x3e, 0x0, 0x0, 0x4,
    0xc0, 0x5, 0x60, 0xc5, 0x0, 0x2, 0x15, 0xc1,
    0xdd, 0xde, 0xfd, 0xc0, 0xf, 0xcc, 0x91, 0xe0,
    0x2e, 0x1, 0xe0, 0xe, 0x0, 0x1, 0xfd, 0xdf,
    0xdd, 0xe0, 0xe, 0x11, 0x11, 0xe0, 0x2e, 0x1,
    0xe0, 0x1e, 0xde, 0xc1, 0xfa, 0xbf, 0xab, 0xe0,
    0x0, 0x4, 0xb0, 0x33, 0x5f, 0x33, 0x20, 0x0,
    0x5, 0xa3, 0x33, 0x5f, 0x33, 0x32, 0x0, 0x7,
    0x8a, 0xbb, 0xcf, 0xbb, 0xb6, 0x0, 0xa, 0x60,
    0x0, 0x2e, 0x0, 0x0, 0xb, 0xfe, 0x10, 0x0,
    0x2e, 0x0, 0x0, 0x0, 0x0, 0x0, 0x0, 0x1,
    0x0, 0x0,

    /* U+5F62 "形" */
    0x0, 0x0, 0x0, 0x0, 0x0, 0x7, 0x10, 0x6f,
    0xff, 0xff, 0xf9, 0x0, 0xab, 0x0, 0x0, 0xd3,
    0xc, 0x40, 0x1c, 0xb0, 0x0, 0x0, 0xd3, 0xc,
    0x41, 0xe8, 0x0, 0x0, 0x0, 0xd3, 0xc, 0x40,
    0x10, 0x3, 0x30, 0x1, 0xd4, 0x1c, 0x40, 0x0,
    0x3e, 0x30, 0x9e, 0xfe, 0xef, 0xeb, 0x6, 0xe3,
    0x0, 0x0, 0xe1, 0xc, 0x40, 0xbc, 0x10, 0x0,
    0x0, 0xf0, 0xc, 0x40, 0x30, 0x1, 0x90, 0x2,
    0xd0, 0xc, 0x40, 0x0, 0x1d, 0x70, 0x8, 0x90,
    0xc, 0x40, 0x2, 0xd8, 0x0, 0x1e, 0x30, 0xc,
    0x41, 0x8e, 0x50, 0x0, 0x68, 0x0, 0xc, 0x49,
    0xa1, 0x0, 0x0, 0x0, 0x0, 0x0, 0x0, 0x0,
    0x0, 0x0,

    /* U+5F69 "彩" */
    0x0, 0x0, 0x0, 0x22, 0x0, 0x1, 0x10, 0x16,
    0x8a, 0xcf, 0xd8, 0x0, 0x1c, 0x80, 0x7, 0x65,
    0x40, 0x2, 0x2, 0xd9, 0x0, 0x8, 0x32, 0xd0,
    0x6b, 0x5f, 0x60, 0x0, 0x3, 0xc0, 0xb4, 0xd2,
    0x2, 0x0, 0x40, 0x0, 0x70, 0x92, 0x70, 0x0,
    0xa, 0xb0, 0x2, 0x22, 0xf3, 0x22, 0x2, 0xcb,
    0x0, 0x2d, 0xde, 0xfe, 0xdd, 0x4e, 0x70, 0x0,
    0x0, 0xb, 0xfe, 0x30, 0x1, 0x0, 0x52, 0x0,
    0x9b, 0xf4, 0xe4, 0x0, 0x4, 0xe2, 0x9, 0xc0,
    0xf1, 0x36, 0x0, 0x6e, 0x40, 0x5b, 0x0, 0xf1,
    0x0, 0x3b, 0xd2, 0x0, 0x0, 0x0, 0xf1, 0x1,
    0xd7, 0x0, 0x0, 0x0, 0x0, 0x0, 0x0, 0x0,
    0x0, 0x0,

    /* U+5F80 "往" */
    0x0, 0x4, 0x60, 0x0, 0x83, 0x0, 0x0, 0x0,
    0x3e, 0x30, 0x0, 0x6c, 0x0, 0x0, 0x5, 0xe4,
    0x1, 0x11, 0x1c, 0x21, 0x10, 0xb, 0x30, 0x7a,
    0xee, 0xef, 0xee, 0xe6, 0x0, 0x9, 0x90, 0x0,
    0x2e, 0x0, 0x0, 0x0, 0x7e, 0x0, 0x0, 0x2e,
    0x0, 0x0, 0x8, 0xfc, 0x0, 0x0, 0x2e, 0x0,
    0x0, 0x2d, 0x7c, 0x3, 0xff, 0xff, 0xff, 0xf0,
    0x0, 0x4c, 0x0, 0x0, 0x3e, 0x0, 0x0, 0x0,
    0x4c, 0x0, 0x0, 0x2e, 0x0, 0x0, 0x0, 0x4c,
    0x0, 0x0, 0x2e, 0x0, 0x0, 0x0, 0x4c, 0x18,
    0x88, 0x9f, 0x88, 0x86, 0x0, 0x4c, 0x18, 0x88,
    0x88, 0x88, 0x86,

    /* U+5F85 "待" */
    0x0, 0x6, 0x90, 0x0, 0x2e, 0x0, 0x0, 0x0,
    0x4e, 0x20, 0x0, 0x2e, 0x0, 0x0, 0x6, 0xe4,
    0x3, 0xff, 0xff, 0xff, 0xf1, 0xb, 0x33, 0x50,
    0x0, 0x2e, 0x0, 0x0, 0x0, 0xd, 0x43, 0x33,
    0x5f, 0x33, 0x31, 0x0, 0xbd, 0xc, 0xcc, 0xcc,
    0xcf, 0xc5, 0x1b, 0xdd, 0x0, 0x0, 0x0, 0x2e,
    0x0, 0x1a, 0x3d, 0x3e, 0xee, 0xee, 0xef, 0xe5,
    0x0, 0x3d, 0x1, 0x43, 0x11, 0x3e, 0x10, 0x0,
    0x3d, 0x0, 0x5d, 0x0, 0x2e, 0x0, 0x0, 0x3d,
    0x0, 0xa, 0x80, 0x2e, 0x0, 0x0, 0x3d, 0x0,
    0x1, 0x20, 0x2e, 0x0, 0x0, 0x3d, 0x0, 0x0,
    0x1f, 0xf9, 0x0, 0x0, 0x0, 0x0, 0x0, 0x0,
    0x0, 0x0,

    /* U+5F97 "得" */
    0x0, 0x3, 0x10, 0x0, 0x0, 0x0, 0x0, 0x0,
    0x3e, 0x21, 0xfc, 0xcc, 0xce, 0x70, 0x5, 0xd3,
    0x1, 0xf4, 0x44, 0x4b, 0x70, 0xa, 0x14, 0x41,
    0xf5, 0x55, 0x5c, 0x70, 0x0, 0x1e, 0x31, 0xfb,
    0xbb, 0xbe, 0x70, 0x0, 0xcc, 0x0, 0x11, 0x11,
    0x11, 0x0, 0x1b, 0xdc, 0x1b, 0xbb, 0xbb, 0xbb,
    0xb1, 0x39, 0x4c, 0x1, 0x11, 0x11, 0xd4, 0x10,
    0x0, 0x4c, 0x6d, 0xdd, 0xdd, 0xfe, 0xd4, 0x0,
    0x4c, 0x0, 0x82, 0x0, 0xd4, 0x0, 0x0, 0x4c,
    0x0, 0x6c, 0x0, 0xd3, 0x0, 0x0, 0x4c, 0x0,
    0x8, 0x20, 0xd3, 0x0, 0x0, 0x4c, 0x0, 0x0,
    0x6e, 0xe1, 0x0, 0x0, 0x0, 0x0, 0x0, 0x0,
    0x0, 0x0,

    /* U+5FA1 "御" */
    0x0, 0x46, 0x9, 0x10, 0x0, 0x0, 0x0, 0x2,
    0xe3, 0x1e, 0x44, 0x42, 0xbb, 0xb2, 0x2d, 0x60,
    0x6c, 0xdd, 0xb5, 0xd4, 0xd3, 0x46, 0x1c, 0xc0,
    0x68, 0x2, 0xc0, 0xc3, 0x0, 0x99, 0x30, 0x78,
    0x2, 0xc0, 0xc3, 0x4, 0xf1, 0xbe, 0xff, 0xe7,
    0xc0, 0xc3, 0x2e, 0xf0, 0x0, 0x68, 0x2, 0xc0,
    0xc3, 0x87, 0xf0, 0xc0, 0x6a, 0x33, 0xc0, 0xc3,
    0x0, 0xf0, 0xd0, 0x6d, 0xb5, 0xc0, 0xc3, 0x0,
    0xf0, 0xd0, 0x68, 0x2, 0xc0, 0xc3, 0x0, 0xf0,
    0xd0, 0x6a, 0x45, 0xca, 0xe1, 0x0, 0xf2, 0xfe,
    0xec, 0x96, 0xc0, 0x0, 0x0, 0xe0, 0x30, 0x0,
    0x2, 0xc0, 0x0,

    /* U+5FAE "微" */
    0x0, 0x66, 0x0, 0xd0, 0x0, 0xd0, 0x0, 0x2,
    0xe2, 0x50, 0xd0, 0x51, 0xe0, 0x0, 0x1d, 0x50,
    0xb0, 0xd0, 0xc3, 0xc0, 0x0, 0x56, 0x29, 0xb0,
    0xd0, 0xc7, 0xeb, 0xb7, 0x0, 0xb6, 0xae, 0xee,
    0xab, 0x73, 0xe2, 0x7, 0xf0, 0x33, 0x33, 0x4f,
    0x70, 0xe0, 0x6d, 0xf0, 0x99, 0x99, 0x99, 0xa3,
    0xb0, 0x42, 0xf0, 0x4b, 0xab, 0x20, 0xd7, 0x70,
    0x0, 0xf0, 0x69, 0x2b, 0x30, 0xae, 0x20, 0x0,
    0xf0, 0x77, 0xa, 0x76, 0x7c, 0x0, 0x0, 0xf0,
    0x95, 0xd, 0xb2, 0xde, 0x20, 0x0, 0xf1, 0xe1,
    0x5, 0x1c, 0x76, 0xc1, 0x0, 0xf3, 0x80, 0x0,
    0x97, 0x0, 0x85, 0x0, 0x0, 0x0, 0x0, 0x0,
    0x0, 0x0,

    /* U+5FB7 "德" */
    0x0, 0x0, 0x0, 0x0, 0x0, 0x0, 0x0, 0x0,
    0x4a, 0x0, 0x0, 0xf2, 0x0, 0x0, 0x2, 0xe3,
    0x9c, 0xcc, 0xfc, 0xcc, 0xc0, 0x1d, 0x50, 0x12,
    0x24, 0xd2, 0x22, 0x20, 0x86, 0x9, 0x3c, 0xcd,
    0xfc, 0xcc, 0x60, 0x0, 0x5b, 0x3a, 0xc, 0xa,
    0x16, 0x70, 0x1, 0xe4, 0x3a, 0xc, 0xa, 0x16,
    0x70, 0xa, 0xf3, 0x2c, 0xcc, 0xcc, 0xcc, 0x60,
    0x8d, 0xc3, 0x11, 0x11, 0x11, 0x11, 0x10, 0x42,
    0xc3, 0xbc, 0xcc, 0xdc, 0xcc, 0xc0, 0x0, 0xc3,
    0x11, 0x43, 0xc0, 0x5, 0x0, 0x0, 0xc3, 0x86,
    0xd1, 0x72, 0xb, 0x40, 0x0, 0xc4, 0xd0, 0xd1,
    0x0, 0xc3, 0xd0, 0x0, 0xc5, 0x50, 0xad, 0xdd,
    0xa0, 0x50,

    /* U+5FBD "徽" */
    0x0, 0x85, 0x0, 0xe0, 0x0, 0xb2, 0x0, 0x3,
    0xe1, 0xa0, 0xe0, 0xa0, 0xe0, 0x0, 0x2e, 0x30,
    0xc0, 0xe0, 0xc1, 0xd0, 0x0, 0x35, 0x3a, 0xdb,
    0xfb, 0xc5, 0xed, 0xf6, 0x0, 0xc5, 0x22, 0x22,
    0x1a, 0x81, 0xc0, 0x6, 0xf0, 0xde, 0xed, 0x9f,
    0x93, 0xa0, 0x3e, 0xe0, 0x1b, 0x42, 0x26, 0xc5,
    0x80, 0x54, 0xe0, 0xed, 0xcb, 0x10, 0xc9, 0x50,
    0x0, 0xe0, 0x3a, 0x81, 0xb0, 0x9f, 0x10, 0x0,
    0xe2, 0xee, 0xec, 0xc5, 0x5c, 0x0, 0x0, 0xe0,
    0x62, 0xd3, 0x61, 0xce, 0x20, 0x0, 0xe3, 0xc0,
    0xd0, 0xc8, 0xa5, 0xc0, 0x0, 0xe1, 0x29, 0xc0,
    0x4b, 0x0, 0x97, 0x0, 0x10, 0x0, 0x0, 0x0,
    0x0, 0x0,

    /* U+5FC3 "心" */
    0x0, 0x0, 0x0, 0x0, 0x0, 0x0, 0x0, 0x0,
    0x0, 0xd, 0x60, 0x0, 0x0, 0x0, 0x0, 0x0,
    0x2, 0xda, 0x0, 0x0, 0x0, 0x0, 0x0, 0x0,
    0xb, 0xb0, 0x0, 0x0, 0x0, 0x0, 0xa2, 0x0,
    0x70, 0x0, 0x0, 0x2, 0x70, 0xe2, 0x0, 0x0,
    0x3c, 0x0, 0x5, 0xb0, 0xe2, 0x0, 0x0, 0xd,
    0x40, 0x8, 0x80, 0xe2, 0x0, 0x0, 0x7, 0xa0,
    0xc, 0x50, 0xe2, 0x0, 0x0, 0x2, 0xf0, 0xf,
    0x10, 0xe2, 0x0, 0x1, 0x90, 0xd4, 0x3c, 0x0,
    0xe2, 0x0, 0x2, 0xd0, 0x52, 0x0, 0x0, 0xe4,
    0x0, 0x6, 0xb0, 0x0, 0x0, 0x0, 0x8f, 0xff,
    0xfe, 0x40, 0x0,

    /* U+5FC5 "必" */
    0x0, 0x0, 0x54, 0x0, 0x0, 0x0, 0x0, 0x0,
    0x0, 0x4e, 0x80, 0x0, 0x58, 0x0, 0x0, 0x0,
    0x1, 0xbc, 0x10, 0xe5, 0x0, 0x0, 0x0, 0x51,
    0x7, 0x8, 0xb0, 0x0, 0x1, 0x40, 0xe3, 0x0,
    0x4e, 0x10, 0x0, 0x6, 0xa0, 0xe3, 0x2, 0xe5,
    0x96, 0x0, 0xa, 0x60, 0xe3, 0x1d, 0x70, 0x3e,
    0x10, 0xf, 0x20, 0xe4, 0xd8, 0x0, 0xa, 0x90,
    0x7b, 0x0, 0xef, 0x80, 0x0, 0x2, 0xf1, 0x32,
    0x6, 0xf6, 0x0, 0x1, 0x60, 0x92, 0x2, 0xbd,
    0xf3, 0x0, 0x3, 0xd0, 0x0, 0x6e, 0x70, 0xe5,
    0x0, 0x7, 0xb0, 0x0, 0x1, 0x0, 0x8f, 0xff,
    0xfe, 0x40, 0x0,

    /* U+5FEB "快" */
    0x0, 0xd3, 0x0, 0x1, 0xf0, 0x0, 0x0, 0x0,
    0xd3, 0x0, 0x1, 0xf0, 0x0, 0x0, 0x2, 0xd9,
    0x1a, 0xcc, 0xfc, 0xcc, 0x10, 0x3a, 0xd9, 0x93,
    0x34, 0xf3, 0x3f, 0x10, 0x58, 0xd3, 0xd0, 0x1,
    0xf0, 0xf, 0x10, 0x95, 0xd3, 0x0, 0x1, 0xe0,
    0xf, 0x10, 0x61, 0xd3, 0x58, 0x89, 0xf8, 0x8f,
    0x92, 0x0, 0xd3, 0x47, 0x7a, 0xfb, 0x77, 0x72,
    0x0, 0xd3, 0x0, 0x9, 0xbc, 0x0, 0x0, 0x0,
    0xd3, 0x0, 0x1e, 0x1d, 0x60, 0x0, 0x0, 0xd3,
    0x0, 0xb8, 0x3, 0xf3, 0x0, 0x0, 0xd3, 0x1b,
    0xb0, 0x0, 0x7f, 0x60, 0x0, 0xd3, 0xb8, 0x0,
    0x0, 0x5, 0xd1, 0x0, 0x0, 0x0, 0x0, 0x0,
    0x0, 0x0,

    /* U+6001 "态" */
    0x0, 0x0, 0x0, 0x88, 0x0, 0x0, 0x0, 0x0,
    0x0, 0x0, 0xb6, 0x0, 0x0, 0x0, 0x3e, 0xee,
    0xee, 0xff, 0xee, 0xee, 0xe3, 0x0, 0x0, 0x4,
    0xec, 0x60, 0x0, 0x0, 0x0, 0x0, 0xc, 0x73,
    0xe1, 0x0, 0x0, 0x0, 0x0, 0x9d, 0x20, 0x8d,
    0x20, 0x0, 0x0, 0x4c, 0xc5, 0xe7, 0x8, 0xf8,
    0x10, 0x1e, 0xd6, 0x0, 0x2c, 0x30, 0x4c, 0xf1,
    0x2, 0x21, 0x40, 0xd4, 0x0, 0x24, 0x10, 0x1,
    0xe3, 0xd0, 0x3e, 0x30, 0x2e, 0x10, 0x6, 0xa3,
    0xd0, 0x5, 0x70, 0x6a, 0x70, 0xd, 0x43, 0xd0,
    0x0, 0x3, 0xd3, 0xe0, 0x8, 0x0, 0xdf, 0xff,
    0xff, 0x60, 0x80,

    /* U+6052 "恒" */
    0x0, 0xb4, 0x0, 0x0, 0x0, 0x0, 0x0, 0x0,
    0xb4, 0xf, 0xff, 0xff, 0xff, 0xd0, 0x1, 0xb8,
    0x20, 0x0, 0x0, 0x0, 0x0, 0x2b, 0xb9, 0x93,
    0xcc, 0xcc, 0xcc, 0x0, 0x58, 0xb4, 0xc5, 0xb3,
    0x33, 0x3f, 0x0, 0x86, 0xb4, 0x5, 0xb0, 0x0,
    0xf, 0x0, 0x51, 0xb4, 0x5, 0xfd, 0xdd, 0xdf,
    0x0, 0x0, 0xb4, 0x5, 0xb0, 0x0, 0x1f, 0x0,
    0x0, 0xb4, 0x5, 0xb0, 0x0, 0xf, 0x0, 0x0,
    0xb4, 0x5, 0xff, 0xff, 0xff, 0x0, 0x0, 0xb4,
    0x0, 0x0, 0x0, 0x0, 0x0, 0x0, 0xb4, 0x5d,
    0xdd, 0xdd, 0xdd, 0xd1, 0x0, 0xb4, 0x2, 0x22,
    0x22, 0x22, 0x20,

    /* U+6069 "恩" */
    0x0, 0xee, 0xee, 0xee, 0xee, 0xee, 0x0, 0x0,
    0xe2, 0x0, 0x86, 0x0, 0x2e, 0x0, 0x0, 0xe2,
    0xdd, 0xfd, 0xdc, 0x2e, 0x0, 0x0, 0xe2, 0x2,
    0xeb, 0x20, 0x2e, 0x0, 0x0, 0xe2, 0x4d, 0x33,
    0xd5, 0x2e, 0x0, 0x0, 0xe2, 0x82, 0x0, 0x16,
    0x2e, 0x0, 0x0, 0xde, 0xee, 0xee, 0xee, 0xed,
    0x0, 0x0, 0x0, 0x30, 0x93, 0x0, 0x32, 0x0,
    0x0, 0xe1, 0xf1, 0x3e, 0x20, 0x5d, 0x0, 0x6,
    0xb0, 0xf1, 0x6, 0x64, 0x5a, 0x90, 0x1e, 0x30,
    0xf1, 0x0, 0x8, 0x81, 0xf1, 0x5, 0x0, 0xaf,
    0xff, 0xfe, 0x30, 0x10,

    /* U+606F "息" */
    0x0, 0x0, 0x0, 0x0, 0x0, 0x0, 0x0, 0x0,
    0x0, 0x0, 0x99, 0x0, 0x0, 0x0, 0x0, 0xa,
    0xaa, 0xfc, 0xaa, 0xa2, 0x0, 0x0, 0x1e, 0x22,
    0x22, 0x22, 0xd4, 0x0, 0x0, 0x1f, 0xbb, 0xbb,
    0xbb, 0xf4, 0x0, 0x0, 0x1e, 0x11, 0x11, 0x11,
    0xd4, 0x0, 0x0, 0x1f, 0xcc, 0xcc, 0xcc, 0xf4,
    0x0, 0x0, 0x1e, 0x0, 0x0, 0x0, 0xc4, 0x0,
    0x0, 0x1f, 0xdd, 0xdd, 0xdd, 0xf4, 0x0, 0x0,
    0x0, 0x0, 0xb4, 0x0, 0x1, 0x0, 0x0, 0xb2,
    0xd0, 0x2e, 0x20, 0x1e, 0x10, 0x5, 0xc2, 0xe0,
    0x6, 0x52, 0x59, 0xa0, 0xc, 0x52, 0xe0, 0x0,
    0x5, 0xa1, 0xf1, 0x6, 0x0, 0xcf, 0xff, 0xff,
    0x40, 0x10,

    /* U+60C5 "情" */
    0x0, 0xe1, 0x0, 0x0, 0xe1, 0x0, 0x0, 0x0,
    0xe1, 0x6d, 0xdd, 0xfd, 0xdd, 0xa0, 0x1, 0xea,
    0x1, 0x11, 0xf2, 0x11, 0x0, 0xc, 0xe9, 0x6b,
    0xbb, 0xfc, 0xbb, 0x50, 0x2a, 0xe3, 0x64, 0x44,
    0xf5, 0x44, 0x40, 0x58, 0xe1, 0x89, 0x99, 0x99,
    0x99, 0x92, 0x53, 0xe1, 0x7, 0xaa, 0xaa, 0xaa,
    0x30, 0x0, 0xe1, 0xb, 0x62, 0x22, 0x2b, 0x50,
    0x0, 0xe1, 0xb, 0xdc, 0xcc, 0xcf, 0x50, 0x0,
    0xe1, 0xb, 0x40, 0x0, 0xb, 0x50, 0x0, 0xe1,
    0xb, 0xdc, 0xcc, 0xcf, 0x50, 0x0, 0xe1, 0xb,
    0x40, 0x0, 0xb, 0x50, 0x0, 0xe1, 0xb, 0x40,
    0x7, 0xed, 0x20,

    /* U+60E0 "惠" */
    0x0, 0x0, 0x0, 0xd4, 0x0, 0x0, 0x2, 0xdd,
    0xdd, 0xdf, 0xed, 0xdd, 0xd9, 0x0, 0x0, 0x0,
    0xd4, 0x0, 0x0, 0x0, 0xf, 0xbb, 0xbf, 0xcb,
    0xbb, 0xf0, 0x0, 0xf7, 0x77, 0xe9, 0x77, 0x7f,
    0x0, 0xf, 0x33, 0x3d, 0x63, 0x34, 0xf0, 0x0,
    0xcb, 0xbb, 0xfc, 0xbc, 0xbc, 0x0, 0x0, 0x0,
    0xd, 0x40, 0x9c, 0x20, 0x1e, 0xee, 0xee, 0xed,
    0xdd, 0xcd, 0x50, 0x1, 0x12, 0x3c, 0x30, 0x1,
    0x24, 0x6, 0xc5, 0x90, 0x3d, 0x41, 0x4d, 0x0,
    0xe5, 0x59, 0x0, 0x0, 0x88, 0x98, 0x28, 0x2,
    0xee, 0xee, 0xee, 0x30, 0x60,

    /* U+610F "意" */
    0x0, 0x0, 0x0, 0x0, 0x0, 0x0, 0x0, 0x0,
    0x0, 0x0, 0x88, 0x0, 0x0, 0x0, 0x4, 0xdd,
    0xdd, 0xef, 0xdd, 0xdd, 0x40, 0x0, 0x0, 0xe0,
    0x0, 0xe, 0x20, 0x0, 0x8, 0x88, 0xea, 0x88,
    0xbe, 0x88, 0x80, 0x5, 0x55, 0x55, 0x55, 0x55,
    0x55, 0x50, 0x0, 0x5d, 0xbb, 0xbb, 0xbb, 0xd6,
    0x0, 0x0, 0x5c, 0x44, 0x44, 0x44, 0xb7, 0x0,
    0x0, 0x5c, 0x55, 0x55, 0x55, 0xc7, 0x0, 0x0,
    0x5e, 0xbb, 0xbb, 0xbb, 0xe7, 0x0, 0x0, 0x10,
    0x21, 0xd6, 0x0, 0x23, 0x0, 0x0, 0xd3, 0xd3,
    0x1c, 0x42, 0x3d, 0x10, 0x8, 0xa0, 0xd3, 0x0,
    0xd, 0x26, 0xb0, 0x9, 0x10, 0x8e, 0xee, 0xec,
    0x0, 0x50,

    /* U+6148 "慈" */
    0x0, 0x3, 0x60, 0x0, 0x8, 0x30, 0x0, 0x0,
    0x2, 0xe3, 0x0, 0x5d, 0x0, 0x0, 0x2e, 0xef,
    0xee, 0xee, 0xef, 0xee, 0xe4, 0x0, 0x2d, 0x11,
    0x0, 0x89, 0x2, 0x0, 0x1, 0xc3, 0x2d, 0x35,
    0xb0, 0x5d, 0x0, 0xc, 0xdd, 0xf4, 0x1f, 0xde,
    0xd1, 0x0, 0x0, 0x2d, 0x49, 0x0, 0x4d, 0x2a,
    0x0, 0x6, 0xf9, 0x7c, 0x87, 0xf8, 0x7d, 0x80,
    0x7, 0x86, 0x54, 0xa7, 0x75, 0x43, 0xb0, 0x0,
    0x80, 0x80, 0x95, 0x0, 0x2c, 0x0, 0x7, 0xa0,
    0xf0, 0x1d, 0x14, 0x2b, 0x70, 0xe, 0x30, 0xf0,
    0x0, 0xa, 0x51, 0xe1, 0x4, 0x0, 0xbf, 0xff,
    0xfd, 0x10, 0x10,

    /* U+6162 "慢" */
    0x0, 0xe1, 0x0, 0x0, 0x0, 0x0, 0x0, 0x0,
    0xe1, 0x7, 0xdb, 0xbb, 0xbf, 0x10, 0x0, 0xe4,
    0x27, 0xc9, 0x99, 0x9f, 0x10, 0x38, 0xe6, 0x87,
    0xa5, 0x55, 0x5f, 0x10, 0x56, 0xe2, 0xd2, 0x55,
    0x55, 0x55, 0x0, 0x84, 0xe1, 0x3e, 0xbf, 0xbf,
    0xbc, 0xc0, 0x60, 0xe1, 0x3c, 0x1d, 0x1d, 0x14,
    0xc0, 0x0, 0xe1, 0x19, 0x99, 0x99, 0x99, 0x70,
    0x0, 0xe1, 0x5c, 0xcc, 0xcc, 0xcd, 0x30, 0x0,
    0xe1, 0x2, 0xe4, 0x11, 0x8d, 0x0, 0x0, 0xe1,
    0x0, 0x3d, 0x8b, 0xc1, 0x0, 0x0, 0xe1, 0x2,
    0x6c, 0xef, 0xa5, 0x10, 0x0, 0xe1, 0xbd, 0x94,
    0x1, 0x7b, 0xd1, 0x0, 0x0, 0x0, 0x0, 0x0,
    0x0, 0x0,

    /* U+6167 "慧" */
    0x0, 0xe, 0x10, 0x0, 0xe, 0x10, 0x1, 0xbb,
    0xfb, 0xb2, 0xbb, 0xfb, 0xb4, 0x8, 0xbf, 0xba,
    0x9, 0xbf, 0xbb, 0x21, 0x44, 0xe5, 0x42, 0x44,
    0xe5, 0x42, 0x16, 0x6f, 0x76, 0x36, 0x6f, 0x76,
    0x40, 0x2b, 0xec, 0xbb, 0xbb, 0xeb, 0x90, 0x0,
    0x23, 0x33, 0x33, 0x33, 0x9c, 0x0, 0x5, 0x77,
    0x77, 0x77, 0x7b, 0xc0, 0x3, 0xbb, 0xbb, 0xbb,
    0xbb, 0xdc, 0x0, 0x0, 0x14, 0xb, 0x20, 0x0,
    0x30, 0x4, 0xb4, 0xc0, 0x4d, 0x2, 0xc, 0x30,
    0xc5, 0x4c, 0x0, 0x10, 0xb5, 0x4a, 0x19, 0x1,
    0xde, 0xee, 0xed, 0x10, 0x80,

    /* U+6210 "成" */
    0x0, 0x0, 0x0, 0x5, 0xb4, 0xa1, 0x0, 0x0,
    0x0, 0x0, 0x5, 0xc0, 0x9e, 0x20, 0x0, 0x32,
    0x22, 0x26, 0xd2, 0x29, 0x50, 0x3, 0xfd, 0xdd,
    0xde, 0xfd, 0xdd, 0xd4, 0x3, 0xe0, 0x0, 0x1,
    0xf0, 0x3, 0x10, 0x3, 0xfb, 0xbb, 0x50, 0xf1,
    0xe, 0x40, 0x3, 0xe4, 0x4a, 0x70, 0xd3, 0x4d,
    0x0, 0x3, 0xd0, 0x9, 0x60, 0xa6, 0xc6, 0x0,
    0x4, 0xc0, 0xa, 0x60, 0x7e, 0xd0, 0x0, 0x6,
    0xb0, 0xb, 0x40, 0x5f, 0x30, 0x31, 0x9, 0x88,
    0xde, 0x13, 0xee, 0x60, 0x86, 0xe, 0x30, 0x10,
    0x6f, 0x65, 0xe3, 0xb3, 0x4c, 0x0, 0x2, 0xd3,
    0x0, 0x7f, 0xc0, 0x0, 0x0, 0x0, 0x0, 0x0,
    0x0, 0x0,

    /* U+6216 "或" */
    0x0, 0x0, 0x0, 0x0, 0xf1, 0xc4, 0x0, 0x0,
    0x0, 0x0, 0x0, 0xf1, 0x4e, 0x60, 0x4, 0x44,
    0x44, 0x44, 0xf6, 0x47, 0x80, 0xb, 0xbb, 0xbb,
    0xbb, 0xfc, 0xbb, 0xb1, 0x0, 0x0, 0x0, 0x0,
    0xc4, 0x1, 0x0, 0x1, 0xfe, 0xee, 0xe0, 0xa6,
    0xb, 0x60, 0x1, 0xe0, 0x1, 0xe0, 0x88, 0x1e,
    0x10, 0x1, 0xe0, 0x1, 0xe0, 0x6b, 0x98, 0x0,
    0x1, 0xfe, 0xee, 0xe0, 0x2f, 0xe1, 0x0, 0x0,
    0x0, 0x0, 0x1, 0x1f, 0x60, 0x31, 0x1, 0x47,
    0xad, 0xe6, 0xce, 0x90, 0x86, 0xe, 0xb8, 0x51,
    0x3d, 0x92, 0xf4, 0xb4, 0x0, 0x0, 0x0, 0xb6,
    0x0, 0x5e, 0xc0,

    /* U+623F "房" */
    0x0, 0x0, 0x0, 0x43, 0x0, 0x0, 0x0, 0x3,
    0x22, 0x28, 0xc2, 0x22, 0x21, 0x1, 0xfc, 0xcc,
    0xcc, 0xcc, 0xce, 0x70, 0x1f, 0x0, 0x0, 0x0,
    0x0, 0xa7, 0x1, 0xfe, 0xee, 0xee, 0xee, 0xee,
    0x60, 0x1f, 0x0, 0x0, 0x95, 0x0, 0x0, 0x2,
    0xf1, 0x33, 0x36, 0xc3, 0x33, 0x20, 0x2e, 0x6a,
    0xaf, 0xba, 0xaa, 0xa9, 0x4, 0xc0, 0x0, 0xf0,
    0x0, 0x0, 0x0, 0x79, 0x0, 0x4f, 0xdd, 0xdd,
    0xf0, 0xa, 0x60, 0xb, 0x70, 0x0, 0x2e, 0x0,
    0xf1, 0x9, 0xc0, 0x0, 0x5, 0xb0, 0x4b, 0xd,
    0x90, 0x0, 0xad, 0xe5, 0x0, 0x0, 0x0, 0x0,
    0x0, 0x0, 0x0,

    /* U+624B "手" */
    0x0, 0x0, 0x0, 0x23, 0x58, 0xbb, 0x0, 0x0,
    0xcd, 0xff, 0xef, 0xa7, 0x41, 0x0, 0x0, 0x21,
    0x0, 0x4c, 0x0, 0x0, 0x0, 0x0, 0x0, 0x0,
    0x4c, 0x0, 0x0, 0x0, 0x2, 0xff, 0xff, 0xff,
    0xff, 0xff, 0xb0, 0x0, 0x0, 0x0, 0x5c, 0x0,
    0x0, 0x0, 0x0, 0x0, 0x0, 0x4c, 0x0, 0x0,
    0x0, 0x4, 0x44, 0x44, 0x8d, 0x44, 0x44, 0x42,
    0xc, 0xcc, 0xcc, 0xdf, 0xcc, 0xcc, 0xc6, 0x0,
    0x0, 0x0, 0x4c, 0x0, 0x0, 0x0, 0x0, 0x0,
    0x0, 0x4c, 0x0, 0x0, 0x0, 0x0, 0x0, 0x0,
    0x5c, 0x0, 0x0, 0x0, 0x0, 0x1, 0xff, 0xf7,
    0x0, 0x0, 0x0, 0x0, 0x0, 0x0, 0x0, 0x0,
    0x0, 0x0,

    /* U+6253 "打" */
    0x0, 0x2e, 0x0, 0x0, 0x0, 0x0, 0x0, 0x0,
    0x2e, 0x0, 0x99, 0x99, 0x99, 0x95, 0x0, 0x2e,
    0x0, 0x77, 0x77, 0xf7, 0x73, 0x3f, 0xff, 0xfd,
    0x0, 0x1, 0xf1, 0x0, 0x1, 0x3f, 0x10, 0x0,
    0x1, 0xf1, 0x0, 0x0, 0x2e, 0x0, 0x0, 0x1,
    0xf1, 0x0, 0x0, 0x2f, 0x6a, 0x0, 0x1, 0xf1,
    0x0, 0x29, 0xdf, 0xa5, 0x0, 0x1, 0xf1, 0x0,
    0x18, 0x6e, 0x0, 0x0, 0x1, 0xf1, 0x0, 0x0,
    0x2e, 0x0, 0x0, 0x1, 0xf1, 0x0, 0x0, 0x2e,
    0x0, 0x0, 0x1, 0xf1, 0x0, 0x0, 0x2e, 0x0,
    0x0, 0x2, 0xf0, 0x0, 0xa, 0xfa, 0x0, 0x8,
    0xff, 0xb0, 0x0, 0x0, 0x0, 0x0, 0x0, 0x0,
    0x0, 0x0,

    /* U+6258 "托" */
    0x0, 0x4c, 0x0, 0x0, 0x0, 0x16, 0x10, 0x0,
    0x4c, 0x0, 0x4, 0x8c, 0xfa, 0x30, 0x0, 0x4c,
    0x0, 0xba, 0x8e, 0x0, 0x0, 0x2f, 0xff, 0xf8,
    0x0, 0x2e, 0x0, 0x0, 0x0, 0x4c, 0x0, 0x0,
    0x2e, 0x0, 0x0, 0x0, 0x4c, 0x0, 0x0, 0x2e,
    0x24, 0x75, 0x0, 0x4d, 0x55, 0x8b, 0xdf, 0xdb,
    0x84, 0x18, 0xcf, 0xb4, 0x75, 0x5e, 0x0, 0x0,
    0x19, 0x8c, 0x0, 0x0, 0x2e, 0x0, 0x0, 0x0,
    0x4c, 0x0, 0x0, 0x2e, 0x0, 0x0, 0x0, 0x4c,
    0x0, 0x0, 0x2e, 0x0, 0x3a, 0x0, 0x4c, 0x0,
    0x0, 0x2f, 0x0, 0x6a, 0xc, 0xe8, 0x0, 0x0,
    0xc, 0xff, 0xf4,

    /* U+6263 "扣" */
    0x0, 0x2e, 0x0, 0x0, 0x0, 0x0, 0x0, 0x2,
    0xe0, 0x6, 0xaa, 0xaa, 0xa6, 0x0, 0x3e, 0x0,
    0x9b, 0x77, 0x7b, 0x92, 0xff, 0xff, 0x99, 0x70,
    0x0, 0x79, 0x0, 0x2e, 0x0, 0x97, 0x0, 0x7,
    0x90, 0x2, 0xe0, 0x9, 0x70, 0x0, 0x79, 0x0,
    0x2e, 0x34, 0x97, 0x0, 0x7, 0x91, 0x6b, 0xfc,
    0x59, 0x70, 0x0, 0x79, 0x29, 0x6e, 0x0, 0x97,
    0x0, 0x7, 0x90, 0x2, 0xe0, 0x9, 0x70, 0x0,
    0x79, 0x0, 0x2e, 0x0, 0x9e, 0xdd, 0xde, 0x90,
    0x2, 0xe0, 0x9, 0x82, 0x22, 0x99, 0x9, 0xf9,
    0x0, 0x97, 0x0, 0x2, 0x30,

    /* U+626C "扬" */
    0x0, 0xc4, 0x0, 0x0, 0x0, 0x0, 0x0, 0x0,
    0xc4, 0xe, 0xff, 0xff, 0xf8, 0x0, 0x0, 0xc4,
    0x0, 0x0, 0x1c, 0xa0, 0x0, 0x6c, 0xfd, 0xb0,
    0x3, 0xe7, 0x0, 0x0, 0x24, 0xd7, 0x30, 0x8e,
    0x40, 0x0, 0x10, 0x0, 0xc4, 0xa, 0xff, 0xff,
    0xff, 0xf0, 0x0, 0xc5, 0x50, 0xc, 0x43, 0xc0,
    0xf0, 0x27, 0xee, 0x90, 0x5b, 0x9, 0x61, 0xe0,
    0x78, 0xd4, 0x4, 0xd1, 0x2d, 0x3, 0xd0, 0x0,
    0xc4, 0x3d, 0x20, 0xc5, 0x5, 0xb0, 0x0, 0xc4,
    0x0, 0x9, 0x90, 0x7, 0x90, 0x0, 0xc3, 0x0,
    0xaa, 0x0, 0xc, 0x60, 0x2f, 0xd1, 0xa, 0x70,
    0xa, 0xfc, 0x0, 0x0, 0x0, 0x0, 0x0, 0x0,
    0x0, 0x0,

    /* U+626F "扯" */
    0x0, 0x4c, 0x0, 0x0, 0x6, 0xb0, 0x0, 0x0,
    0x4c, 0x0, 0x0, 0x6, 0xb0, 0x0, 0x1, 0x5c,
    0x10, 0x0, 0x6, 0xb0, 0x0, 0x2f, 0xff, 0xf8,
    0xb2, 0x6, 0xb0, 0x0, 0x0, 0x4c, 0x0, 0xe2,
    0x6, 0xb0, 0x0, 0x0, 0x4c, 0x0, 0xe2, 0x6,
    0xff, 0xfa, 0x0, 0x4d, 0x65, 0xe2, 0x6, 0xb1,
    0x10, 0x19, 0xef, 0x83, 0xe2, 0x6, 0xb0, 0x0,
    0x7, 0x6c, 0x0, 0xe2, 0x6, 0xb0, 0x0, 0x0,
    0x4c, 0x0, 0xe2, 0x6, 0xb0, 0x0, 0x0, 0x4c,
    0x0, 0xe2, 0x6, 0xb0, 0x0, 0x0, 0x4c, 0x48,
    0xf9, 0x8b, 0xd8, 0x87, 0xc, 0xe8, 0x47, 0x77,
    0x77, 0x77, 0x76,

    /* U+6280 "技" */
    0x0, 0x4c, 0x0, 0x0, 0x1e, 0x0, 0x0, 0x0,
    0x4c, 0x0, 0x0, 0x1e, 0x0, 0x0, 0x0, 0x4c,
    0x4, 0xaa, 0xaf, 0xaa, 0xa3, 0x1f, 0xff, 0xf7,
    0x66, 0x7f, 0x66, 0x61, 0x0, 0x5c, 0x0, 0x0,
    0x1e, 0x0, 0x0, 0x0, 0x4c, 0x1, 0x88, 0x9f,
    0x88, 0x70, 0x0, 0x4d, 0x74, 0xcb, 0x66, 0x6b,
    0xb0, 0x1a, 0xef, 0x92, 0x3d, 0x0, 0xe, 0x40,
    0x7, 0x7c, 0x0, 0xb, 0x70, 0xab, 0x0, 0x0,
    0x4c, 0x0, 0x1, 0xeb, 0xd1, 0x0, 0x0, 0x4c,
    0x0, 0x1, 0xcf, 0x80, 0x0, 0x0, 0x4b, 0x2,
    0x9f, 0x93, 0xdc, 0x50, 0xc, 0xe7, 0x1d, 0x92,
    0x0, 0x6, 0xd7, 0x0, 0x0, 0x0, 0x0, 0x0,
    0x0, 0x0,

    /* U+628A "把" */
    0x0, 0xd3, 0x0, 0x0, 0x0, 0x0, 0x0, 0x0,
    0xd3, 0x8, 0xff, 0xff, 0xff, 0x90, 0x0, 0xd3,
    0x8, 0x90, 0xb4, 0x8, 0x90, 0x7f, 0xff, 0xa8,
    0x90, 0xb4, 0x8, 0x90, 0x0, 0xd4, 0x8, 0x90,
    0xb4, 0x8, 0x90, 0x0, 0xd3, 0x8, 0x90, 0xb4,
    0x8, 0x90, 0x0, 0xd6, 0x68, 0xc8, 0xea, 0x8c,
    0x90, 0x4a, 0xfd, 0x88, 0xc7, 0x77, 0x7b, 0x90,
    0x56, 0xd3, 0x8, 0x90, 0x0, 0x3, 0x30, 0x0,
    0xd3, 0x8, 0x90, 0x0, 0x0, 0x0, 0x0, 0xd3,
    0x8, 0x90, 0x0, 0x0, 0xb4, 0x0, 0xd3, 0x7,
    0xa0, 0x0, 0x0, 0xe2, 0x1e, 0xd1, 0x2, 0xdf,
    0xff, 0xff, 0xa0,

    /* U+6293 "抓" */
    0x0, 0xd2, 0x0, 0x0, 0x0, 0x26, 0x30, 0x0,
    0xd2, 0x6, 0x8a, 0xcf, 0xed, 0x40, 0x0, 0xd2,
    0xd, 0x86, 0xe0, 0x4b, 0x0, 0x8f, 0xff, 0xcd,
    0x21, 0xe0, 0x3b, 0x0, 0x0, 0xd3, 0xd, 0x21,
    0xe0, 0x2c, 0x0, 0x0, 0xd2, 0xd, 0x11, 0xe0,
    0x1d, 0x0, 0x0, 0xd6, 0x6d, 0x11, 0xe0, 0xe,
    0x0, 0x4a, 0xfc, 0x5e, 0x1, 0xe0, 0xe, 0x0,
    0x56, 0xd2, 0xe, 0x1, 0xe0, 0xc, 0x20, 0x0,
    0xd2, 0x3c, 0x1, 0xe0, 0xa, 0x60, 0x0, 0xd2,
    0x69, 0x1, 0xe0, 0x6, 0xa0, 0x0, 0xd2, 0xb4,
    0x1, 0xe0, 0x1, 0xf1, 0x3f, 0xd1, 0xb0, 0x1,
    0xe0, 0x0, 0x82, 0x0, 0x0, 0x0, 0x0, 0x0,
    0x0, 0x0,

    /* U+6296 "抖" */
    0x0, 0x3d, 0x0, 0x0, 0x0, 0x2e, 0x0, 0x0,
    0x3d, 0x0, 0xb, 0x40, 0x2e, 0x0, 0x0, 0x3d,
    0x0, 0x3, 0xe9, 0x2e, 0x0, 0x1f, 0xff, 0xf9,
    0x0, 0x16, 0x2e, 0x0, 0x0, 0x3d, 0x0, 0x10,
    0x0, 0x2e, 0x0, 0x0, 0x3d, 0x0, 0x7d, 0x50,
    0x2e, 0x0, 0x0, 0x3e, 0x66, 0x3, 0xd4, 0x2e,
    0x0, 0x19, 0xdf, 0xa4, 0x0, 0x0, 0x2e, 0x1,
    0x18, 0x6d, 0x0, 0x2, 0x57, 0xaf, 0xfc, 0x0,
    0x3d, 0x5, 0xfd, 0xb8, 0x7e, 0x10, 0x0, 0x3d,
    0x0, 0x0, 0x0, 0x2e, 0x0, 0x0, 0x3d, 0x0,
    0x0, 0x0, 0x2e, 0x0, 0xb, 0xf9, 0x0, 0x0,
    0x0, 0x2e, 0x0,

    /* U+62BD "抽" */
    0x0, 0x4c, 0x0, 0x0, 0xf, 0x0, 0x0, 0x0,
    0x4c, 0x0, 0x0, 0xf, 0x0, 0x0, 0x2, 0x6c,
    0x20, 0x0, 0xf, 0x0, 0x0, 0x2d, 0xdf, 0xd6,
    0xcc, 0xcf, 0xcc, 0xc4, 0x0, 0x4c, 0x3, 0xd4,
    0x4f, 0x44, 0xb6, 0x0, 0x4c, 0x3, 0xd0, 0xf,
    0x0, 0xa6, 0x0, 0x4d, 0x97, 0xd0, 0xf, 0x0,
    0xa6, 0x2b, 0xfe, 0x74, 0xff, 0xff, 0xff, 0xf6,
    0x16, 0x5c, 0x3, 0xd0, 0xf, 0x10, 0xa6, 0x0,
    0x4c, 0x3, 0xd0, 0xf, 0x0, 0xa6, 0x0, 0x4c,
    0x3, 0xd0, 0xf, 0x0, 0xa6, 0x0, 0x4c, 0x3,
    0xfe, 0xef, 0xee, 0xf6, 0xb, 0xe8, 0x2, 0xd1,
    0x11, 0x11, 0xb6,

    /* U+62C6 "拆" */
    0x0, 0x4c, 0x0, 0x0, 0x1, 0x5a, 0x60, 0x0,
    0x4c, 0x0, 0x4a, 0xde, 0xb7, 0x20, 0x0, 0x4c,
    0x0, 0x8a, 0x20, 0x0, 0x0, 0x1f, 0xff, 0xf7,
    0x88, 0x0, 0x0, 0x0, 0x1, 0x5c, 0x10, 0x8a,
    0x55, 0x55, 0x53, 0x0, 0x4c, 0x0, 0x8d, 0xaa,
    0xfa, 0xa5, 0x0, 0x4d, 0x73, 0x87, 0x0, 0xf0,
    0x0, 0x19, 0xef, 0x92, 0x97, 0xb6, 0xf0, 0x0,
    0x18, 0x7c, 0x0, 0xb5, 0x3b, 0xf4, 0x0, 0x0,
    0x4c, 0x0, 0xe2, 0x0, 0xfd, 0xb1, 0x0, 0x4c,
    0x3, 0xe0, 0x0, 0xf0, 0x71, 0x0, 0x4b, 0x9,
    0x80, 0x0, 0xf0, 0x0, 0xa, 0xf7, 0xb, 0x10,
    0x0, 0xf0, 0x0,

    /* U+62C9 "拉" */
    0x0, 0x0, 0x0, 0x0, 0x0, 0x0, 0x0, 0x0,
    0x4c, 0x0, 0x0, 0x69, 0x0, 0x0, 0x0, 0x4c,
    0x0, 0x0, 0x3e, 0x0, 0x0, 0x0, 0x4c, 0x0,
    0x44, 0x4a, 0x44, 0x41, 0xf, 0xff, 0xf5, 0xcc,
    0xcc, 0xcc, 0xc3, 0x0, 0x5c, 0x0, 0x2, 0x0,
    0x5, 0x10, 0x0, 0x4c, 0x0, 0x1e, 0x0, 0xe,
    0x20, 0x0, 0x4c, 0x42, 0xe, 0x10, 0x1f, 0x0,
    0x7, 0xcf, 0xc2, 0xb, 0x40, 0x3c, 0x0, 0xa,
    0x9c, 0x0, 0x9, 0x60, 0x69, 0x0, 0x0, 0x4c,
    0x0, 0x7, 0x90, 0x95, 0x0, 0x0, 0x4c, 0x0,
    0x5, 0x90, 0xd2, 0x0, 0x0, 0x4c, 0x3, 0x44,
    0x44, 0xe4, 0x42, 0x8, 0xf8, 0xa, 0xbb, 0xbb,
    0xbb, 0xb7,

    /* U+62CC "拌" */
    0x0, 0x0, 0x0, 0x0, 0x0, 0x0, 0x0, 0x0,
    0x4c, 0x0, 0x0, 0x1f, 0x0, 0x30, 0x0, 0x4c,
    0x2, 0xe0, 0x1f, 0x2, 0xe0, 0x0, 0x4c, 0x0,
    0xb5, 0x1f, 0x8, 0x80, 0x2e, 0xef, 0xe4, 0x6a,
    0x1f, 0xd, 0x20, 0x3, 0x6d, 0x31, 0x22, 0x2f,
    0x14, 0x0, 0x0, 0x4c, 0x1, 0xff, 0xff, 0xff,
    0xf3, 0x0, 0x4c, 0x42, 0x0, 0x1f, 0x0, 0x0,
    0x17, 0xcf, 0xa3, 0x0, 0x1f, 0x0, 0x0, 0x28,
    0x7c, 0xc, 0xff, 0xff, 0xff, 0xfa, 0x0, 0x4c,
    0x0, 0x0, 0x2f, 0x0, 0x0, 0x0, 0x4c, 0x0,
    0x0, 0x1f, 0x0, 0x0, 0x0, 0x4c, 0x0, 0x0,
    0x1f, 0x0, 0x0, 0xb, 0xe8, 0x0, 0x0, 0x1f,
    0x0, 0x0,

    /* U+62CD "拍" */
    0x0, 0x4c, 0x0, 0x0, 0xe, 0x20, 0x0, 0x0,
    0x4c, 0x0, 0x0, 0x4e, 0x0, 0x0, 0x0, 0x4c,
    0x0, 0x44, 0xab, 0x44, 0x40, 0x1f, 0xff, 0xf6,
    0xfb, 0xbb, 0xbb, 0xf1, 0x1, 0x5c, 0x11, 0xf0,
    0x0, 0x0, 0xf1, 0x0, 0x4c, 0x0, 0xf0, 0x0,
    0x0, 0xf1, 0x0, 0x4d, 0x64, 0xf0, 0x0, 0x0,
    0xf1, 0x29, 0xdf, 0xa4, 0xff, 0xff, 0xff, 0xf1,
    0x18, 0x7c, 0x0, 0xf0, 0x0, 0x0, 0xf1, 0x0,
    0x4c, 0x0, 0xf0, 0x0, 0x0, 0xf1, 0x0, 0x4c,
    0x0, 0xf0, 0x0, 0x0, 0xf1, 0x0, 0x4c, 0x0,
    0xfe, 0xee, 0xee, 0xf1, 0xc, 0xf7, 0x0, 0xf1,
    0x11, 0x11, 0xf1,

    /* U+62E3 "拣" */
    0x0, 0x0, 0x0, 0x0, 0x0, 0x0, 0x0, 0x0,
    0xe1, 0x0, 0x6, 0x90, 0x0, 0x0, 0x0, 0xe1,
    0x0, 0xa, 0x70, 0x0, 0x0, 0x0, 0xe1, 0x4f,
    0xff, 0xff, 0xff, 0xd0, 0x8d, 0xfe, 0x50, 0x3d,
    0x0, 0x0, 0x0, 0x0, 0xe1, 0x1e, 0xff, 0xfe,
    0x0, 0x0, 0x0, 0xe1, 0x1, 0xe2, 0x3f, 0x0,
    0x0, 0x0, 0xe7, 0x67, 0xa0, 0x2f, 0x0, 0x0,
    0x6c, 0xfb, 0x49, 0xff, 0xff, 0xff, 0xb0, 0x65,
    0xf1, 0x0, 0x10, 0x2f, 0x1, 0x0, 0x0, 0xe1,
    0x0, 0xe3, 0x2f, 0xd, 0x20, 0x0, 0xe1, 0xa,
    0x90, 0x2f, 0x5, 0xa0, 0x0, 0xe1, 0x6c, 0x0,
    0x2f, 0x0, 0xc2, 0x4f, 0xc0, 0x1, 0x1e, 0xfa,
    0x0, 0x0, 0x0, 0x0, 0x0, 0x0, 0x0, 0x0,
    0x0,

    /* U+62FE "拾" */
    0x0, 0x3d, 0x0, 0x0, 0x1d, 0x0, 0x0, 0x0,
    0x3d, 0x0, 0x0, 0x8f, 0x60, 0x0, 0x0, 0x3d,
    0x0, 0x2, 0xf4, 0xe1, 0x0, 0xf, 0xff, 0xf6,
    0xd, 0x70, 0x6b, 0x0, 0x2, 0x4d, 0x21, 0xbb,
    0x0, 0xb, 0xb0, 0x0, 0x3d, 0xa, 0xab, 0xee,
    0xea, 0xb6, 0x0, 0x3d, 0x66, 0x0, 0x0, 0x0,
    0x0, 0x1a, 0xef, 0x72, 0x6d, 0xdd, 0xdd, 0x30,
    0x5, 0x4d, 0x0, 0x7a, 0x11, 0x1c, 0x40, 0x0,
    0x3d, 0x0, 0x79, 0x0, 0xc, 0x40, 0x0, 0x3d,
    0x0, 0x79, 0x0, 0xc, 0x40, 0x0, 0x3d, 0x0,
    0x7e, 0xcc, 0xcf, 0x40, 0x9, 0xe8, 0x0, 0x7a,
    0x33, 0x3d, 0x40, 0x0, 0x0, 0x0, 0x0, 0x0,
    0x0, 0x0,

    /* U+6302 "挂" */
    0x0, 0x4c, 0x0, 0x0, 0x1e, 0x0, 0x0, 0x0,
    0x4c, 0x0, 0x0, 0x1f, 0x0, 0x0, 0x0, 0x4c,
    0x0, 0xff, 0xff, 0xff, 0xc0, 0xf, 0xff, 0xf4,
    0x11, 0x3f, 0x11, 0x10, 0x0, 0x5c, 0x0, 0x0,
    0x1f, 0x0, 0x0, 0x0, 0x4c, 0x6, 0xdd, 0xdf,
    0xdd, 0xd6, 0x0, 0x4d, 0x75, 0x22, 0x3a, 0x22,
    0x21, 0x1b, 0xfe, 0x71, 0x0, 0x1f, 0x0, 0x0,
    0x4, 0x5c, 0x3, 0xee, 0xff, 0xee, 0xe0, 0x0,
    0x4c, 0x0, 0x11, 0x2f, 0x11, 0x10, 0x0, 0x4c,
    0x0, 0x0, 0x1f, 0x0, 0x0, 0x0, 0x4b, 0x19,
    0x99, 0xaf, 0x99, 0x96, 0xc, 0xe7, 0x16, 0x66,
    0x66, 0x66, 0x64,

    /* U+6309 "按" */
    0x0, 0x0, 0x0, 0x0, 0x0, 0x0, 0x0, 0x0,
    0xb4, 0x0, 0x0, 0xc5, 0x0, 0x0, 0x0, 0xb4,
    0x0, 0x11, 0x9a, 0x11, 0x10, 0x0, 0xb4, 0xd,
    0xff, 0xff, 0xff, 0xf0, 0x9f, 0xff, 0xbd, 0x20,
    0x60, 0x0, 0xf0, 0x0, 0xc4, 0xa, 0x15, 0xc0,
    0x0, 0xc0, 0x0, 0xb4, 0x14, 0x4b, 0x94, 0x44,
    0x40, 0x0, 0xb4, 0x4b, 0xcf, 0xbb, 0xde, 0xb2,
    0x4, 0xde, 0xd0, 0x99, 0x0, 0x98, 0x0, 0xac,
    0xe5, 0x2, 0xf4, 0x0, 0xe2, 0x0, 0x0, 0xb4,
    0x0, 0x6e, 0xa9, 0xa0, 0x0, 0x0, 0xb4, 0x0,
    0x0, 0xdf, 0x90, 0x0, 0x0, 0xb4, 0x1, 0x6d,
    0xb3, 0xbd, 0x30, 0x3e, 0xd1, 0xd, 0xa4, 0x0,
    0x6, 0xb0, 0x0, 0x0, 0x0, 0x0, 0x0, 0x0,
    0x0,

    /* U+6311 "挑" */
    0x0, 0xe1, 0x0, 0x1d, 0xd, 0x10, 0x0, 0x0,
    0xe1, 0x0, 0x1e, 0xe, 0x10, 0x0, 0x0, 0xe1,
    0x3b, 0x1e, 0xe, 0x16, 0xb0, 0x9f, 0xff, 0x7c,
    0x5e, 0xe, 0x1e, 0x30, 0x0, 0xe2, 0x5, 0xce,
    0xe, 0x89, 0x0, 0x0, 0xe1, 0x0, 0x3e, 0xe,
    0x30, 0x0, 0x0, 0xe8, 0x50, 0x1e, 0xe, 0x70,
    0x0, 0x5c, 0xf9, 0x22, 0xcd, 0xe, 0xbb, 0x0,
    0x65, 0xe1, 0x7e, 0x8c, 0xe, 0x1a, 0xc0, 0x0,
    0xe1, 0x61, 0x88, 0xe, 0x10, 0x60, 0x0, 0xe1,
    0x1, 0xe2, 0xe, 0x10, 0x82, 0x0, 0xe1, 0x2d,
    0x70, 0xe, 0x10, 0xc2, 0x4f, 0xc0, 0xc6, 0x0,
    0xa, 0xff, 0xc0,

    /* U+631A "挚" */
    0x0, 0xd, 0x10, 0x0, 0xb3, 0x0, 0x0, 0x3,
    0x3e, 0x43, 0x23, 0xd5, 0x31, 0x0, 0xa, 0xaf,
    0xb9, 0x8a, 0xfa, 0xc9, 0x0, 0x0, 0xe, 0x57,
    0x55, 0xd0, 0x59, 0x0, 0x1d, 0xdf, 0x85, 0x2c,
    0xe2, 0x4a, 0x0, 0x0, 0xd, 0x10, 0x3d, 0x4c,
    0x3c, 0x62, 0x6, 0xcc, 0x2, 0xb2, 0x0, 0x2a,
    0xd0, 0x3, 0xaa, 0xbb, 0xcb, 0xbb, 0x92, 0x0,
    0x2, 0x54, 0x44, 0xd7, 0x44, 0x44, 0x0, 0x4,
    0x77, 0x77, 0xe9, 0x77, 0x77, 0x10, 0x6c, 0xcc,
    0xcc, 0xfd, 0xcc, 0xcc, 0xc0, 0x0, 0x0, 0x0,
    0xc4, 0x0, 0x0, 0x0, 0x0, 0x0, 0x6c, 0xd2,
    0x0, 0x0, 0x0, 0x0, 0x0, 0x0, 0x0, 0x0,
    0x0, 0x0,

    /* U+6324 "挤" */
    0x0, 0x0, 0x0, 0x0, 0x0, 0x0, 0x0, 0x0,
    0xe1, 0x0, 0x0, 0xd0, 0x0, 0x0, 0x0, 0xe1,
    0x14, 0x44, 0xc8, 0x44, 0x40, 0x0, 0xe1, 0x4c,
    0xfd, 0xcc, 0xdf, 0xc1, 0x7f, 0xff, 0x70, 0x88,
    0x0, 0xb6, 0x0, 0x0, 0xe2, 0x0, 0xd, 0x57,
    0xc0, 0x0, 0x0, 0xe1, 0x0, 0x5, 0xff, 0x40,
    0x0, 0x0, 0xe9, 0x69, 0xdc, 0x67, 0xdd, 0x92,
    0x4b, 0xf9, 0x26, 0x75, 0x0, 0x74, 0x50, 0x45,
    0xf1, 0x0, 0x88, 0x0, 0xd3, 0x0, 0x0, 0xe1,
    0x0, 0x87, 0x0, 0xd3, 0x0, 0x0, 0xe1, 0x0,
    0xd4, 0x0, 0xd3, 0x0, 0x0, 0xe1, 0x9, 0xc0,
    0x0, 0xd3, 0x0, 0x2f, 0xc0, 0x79, 0x0, 0x0,
    0xd3, 0x0,

    /* U+635E "捞" */
    0x0, 0xe1, 0x0, 0x1e, 0x0, 0xe1, 0x0, 0x0,
    0xe1, 0x2, 0x3e, 0x22, 0xe3, 0x20, 0x0, 0xe1,
    0xd, 0xdf, 0xdd, 0xfd, 0xd1, 0x6c, 0xfc, 0x50,
    0x1e, 0x0, 0xe1, 0x0, 0x12, 0xe3, 0x1b, 0xbc,
    0xbb, 0xcb, 0xb0, 0x0, 0xe1, 0x1e, 0x33, 0x33,
    0x33, 0xf0, 0x0, 0xe5, 0x37, 0x0, 0x61, 0x0,
    0x80, 0x39, 0xfb, 0x31, 0x22, 0xe3, 0x23, 0x10,
    0x68, 0xe1, 0x5, 0xbc, 0xfb, 0xbe, 0x50, 0x0,
    0xe1, 0x0, 0x6, 0x90, 0xd, 0x30, 0x0, 0xe1,
    0x0, 0x1e, 0x20, 0xf, 0x10, 0x0, 0xe1, 0x3,
    0xd6, 0x0, 0x3e, 0x0, 0x4f, 0xc0, 0x3d, 0x50,
    0x1e, 0xf6, 0x0, 0x0, 0x0, 0x0, 0x0, 0x0,
    0x0, 0x0,

    /* U+6362 "换" */
    0x0, 0x0, 0x0, 0x0, 0x0, 0x0, 0x0, 0x0,
    0xe1, 0x0, 0x2e, 0x0, 0x0, 0x0, 0x0, 0xe1,
    0x0, 0xae, 0xcc, 0xc6, 0x0, 0x0, 0xe2, 0x5,
    0xd2, 0x24, 0xf3, 0x0, 0x8f, 0xff, 0xaf, 0x63,
    0x3d, 0x93, 0x0, 0x0, 0xe2, 0x4e, 0xba, 0xfb,
    0xaf, 0x30, 0x0, 0xe1, 0xc, 0x40, 0xe2, 0xf,
    0x30, 0x0, 0xe6, 0x2c, 0x40, 0xe2, 0xf, 0x30,
    0x4a, 0xfc, 0x2c, 0x40, 0xf0, 0xf, 0x30, 0x66,
    0xf1, 0xbe, 0xef, 0xff, 0xee, 0xe4, 0x0, 0xe1,
    0x0, 0xb, 0xcb, 0x0, 0x0, 0x0, 0xe1, 0x0,
    0x9b, 0xb, 0x90, 0x0, 0x0, 0xe1, 0x2b, 0xb0,
    0x0, 0xad, 0x40, 0x2f, 0xc1, 0xd6, 0x0, 0x0,
    0x5, 0xd3, 0x0, 0x0, 0x0, 0x0, 0x0, 0x0,
    0x0,

    /* U+636E "据" */
    0x0, 0xe1, 0x0, 0x0, 0x0, 0x0, 0x0, 0x0,
    0xe1, 0x8, 0xfe, 0xee, 0xee, 0xe0, 0x0, 0xe1,
    0x8, 0x80, 0x0, 0x1, 0xe0, 0x8e, 0xfe, 0x98,
    0xb7, 0x77, 0x77, 0xe0, 0x0, 0xe2, 0x8, 0xb7,
    0x7f, 0x87, 0x70, 0x0, 0xe1, 0x8, 0x70, 0xf,
    0x10, 0x0, 0x0, 0xe6, 0x58, 0xfe, 0xef, 0xfe,
    0xe2, 0x5b, 0xfb, 0x49, 0x60, 0xf, 0x10, 0x0,
    0x55, 0xe1, 0xb, 0x66, 0x6f, 0x76, 0x60, 0x0,
    0xe1, 0xe, 0x5c, 0x77, 0x77, 0xf0, 0x0, 0xe1,
    0x2d, 0x3a, 0x0, 0x0, 0xf0, 0x0, 0xe1, 0x87,
    0x3a, 0x11, 0x11, 0xf0, 0x3e, 0xc1, 0xd1, 0x3e,
    0xcc, 0xcc, 0xf0, 0x0, 0x0, 0x0, 0x0, 0x0,
    0x0, 0x0,

    /* U+6392 "排" */
    0x0, 0x3c, 0x0, 0x0, 0xf0, 0x87, 0x0, 0x0,
    0x3c, 0x0, 0x0, 0xf0, 0x87, 0x0, 0x0, 0x3c,
    0x0, 0x77, 0xf0, 0x8b, 0x75, 0xf, 0xff, 0xf5,
    0x99, 0xf0, 0x8c, 0x96, 0x0, 0x4c, 0x0, 0x0,
    0xf0, 0x87, 0x0, 0x0, 0x3c, 0x0, 0x33, 0xf0,
    0x89, 0x32, 0x0, 0x3c, 0x22, 0xbb, 0xf0, 0x8d,
    0xb6, 0x8, 0xcf, 0xa3, 0x0, 0xf0, 0x87, 0x0,
    0x5, 0x5c, 0x5, 0xcc, 0xf0, 0x8d, 0xba, 0x0,
    0x3c, 0x1, 0x33, 0xf0, 0x89, 0x43, 0x0, 0x3c,
    0x0, 0x0, 0xf0, 0x87, 0x0, 0x0, 0x3c, 0x0,
    0x0, 0xf0, 0x87, 0x0, 0x8, 0xe8, 0x0, 0x0,
    0xf0, 0x87, 0x0,

    /* U+63A5 "接" */
    0x0, 0xe1, 0x0, 0x2, 0xa0, 0x0, 0x0, 0x0,
    0xe1, 0x1, 0x11, 0xe4, 0x11, 0x0, 0x0, 0xe1,
    0xd, 0xdd, 0xdd, 0xdd, 0x80, 0x6c, 0xfc, 0x50,
    0xa3, 0x0, 0xc2, 0x0, 0x12, 0xe3, 0x10, 0x39,
    0x7, 0x90, 0x0, 0x0, 0xe1, 0x7e, 0xee, 0xee,
    0xee, 0xe0, 0x0, 0xe6, 0x30, 0x8, 0x70, 0x0,
    0x0, 0x6c, 0xf9, 0xac, 0xcf, 0xdc, 0xcc, 0xc1,
    0x32, 0xe1, 0x12, 0xc6, 0x22, 0xc6, 0x20, 0x0,
    0xe1, 0x7, 0xe4, 0x3, 0xe0, 0x0, 0x0, 0xe1,
    0x0, 0x5b, 0xee, 0x50, 0x0, 0x0, 0xe1, 0x1,
    0x5a, 0xda, 0xe7, 0x0, 0x2f, 0xc0, 0x7d, 0x94,
    0x0, 0x2b, 0x70, 0x0, 0x0, 0x0, 0x0, 0x0,
    0x0, 0x0,

    /* U+63A7 "控" */
    0x0, 0xe1, 0x0, 0x0, 0xd1, 0x0, 0x0, 0x0,
    0xe1, 0x2, 0x22, 0xc8, 0x22, 0x20, 0x0, 0xe2,
    0x1f, 0xdd, 0xdd, 0xdd, 0xf1, 0x9f, 0xff, 0x9e,
    0x2, 0x0, 0x0, 0xe1, 0x0, 0xe1, 0x5, 0x3d,
    0x15, 0xc1, 0x30, 0x0, 0xe1, 0x3, 0xd3, 0x0,
    0x6d, 0x10, 0x0, 0xe3, 0x1c, 0x40, 0x0, 0x6,
    0x70, 0x16, 0xff, 0x56, 0x99, 0x99, 0x99, 0x0,
    0x9a, 0xf1, 0x3, 0x66, 0xe8, 0x66, 0x0, 0x0,
    0xe1, 0x0, 0x0, 0xd3, 0x0, 0x0, 0x0, 0xe1,
    0x0, 0x0, 0xd3, 0x0, 0x0, 0x0, 0xe1, 0x67,
    0x77, 0xe9, 0x77, 0x70, 0x4f, 0xc0, 0x57, 0x77,
    0x77, 0x77, 0x70,

    /* U+63C9 "揉" */
    0x0, 0xe1, 0x0, 0x0, 0x0, 0x0, 0x0, 0x0,
    0xe1, 0x3, 0xdd, 0xdd, 0xee, 0x0, 0x0, 0xe1,
    0x0, 0x9, 0x59, 0xb1, 0x0, 0x8e, 0xfe, 0x84,
    0x57, 0xee, 0x65, 0x50, 0x0, 0xe2, 0x6, 0x8d,
    0xde, 0x8b, 0xa0, 0x0, 0xe1, 0x0, 0x9b, 0x4c,
    0xd, 0x20, 0x0, 0xe9, 0x7d, 0x97, 0xc9, 0x0,
    0x0, 0x7e, 0xf8, 0x10, 0x0, 0xa1, 0x0, 0x0,
    0x42, 0xe1, 0x7c, 0xcc, 0xfd, 0xcc, 0xa0, 0x0,
    0xe1, 0x1, 0x1c, 0xfe, 0x41, 0x10, 0x0, 0xe1,
    0x1, 0xb8, 0xd5, 0xd4, 0x0, 0x0, 0xe1, 0x5e,
    0x70, 0xd2, 0x2d, 0xa0, 0x3f, 0xc0, 0x33, 0x0,
    0xd2, 0x0, 0x40,

    /* U+63D0 "提" */
    0x0, 0xe1, 0x0, 0x0, 0x0, 0x0, 0x0, 0x0,
    0xe1, 0x4, 0xfc, 0xcc, 0xcf, 0x10, 0x0, 0xe1,
    0x4, 0xc4, 0x44, 0x4f, 0x10, 0x8d, 0xfd, 0x84,
    0xc5, 0x55, 0x5f, 0x10, 0x0, 0xe1, 0x4, 0xec,
    0xcc, 0xcf, 0x10, 0x0, 0xe1, 0x0, 0x11, 0x11,
    0x11, 0x0, 0x0, 0xe8, 0x7e, 0xee, 0xee, 0xee,
    0xd0, 0x5b, 0xfa, 0x30, 0x10, 0xa5, 0x0, 0x0,
    0x77, 0xe1, 0x2, 0xd0, 0xa5, 0x0, 0x0, 0x0,
    0xe1, 0x6, 0xb0, 0xae, 0xdd, 0x30, 0x0, 0xe1,
    0xc, 0xe2, 0xa5, 0x0, 0x0, 0x0, 0xe1, 0x5c,
    0x2d, 0xd5, 0x0, 0x0, 0x4f, 0xc1, 0xd2, 0x3,
    0xae, 0xff, 0xf3, 0x0, 0x0, 0x0, 0x0, 0x0,
    0x0, 0x0,

    /* U+6405 "搅" */
    0x0, 0x0, 0x0, 0x0, 0x0, 0x0, 0x0, 0x0,
    0xe1, 0x6, 0x53, 0xc0, 0xa, 0x50, 0x0, 0xe1,
    0x2, 0xd0, 0xc5, 0x3e, 0x0, 0x2, 0xe3, 0x3b,
    0xdb, 0xcb, 0xed, 0xb0, 0x6f, 0xff, 0x6d, 0x33,
    0x33, 0x33, 0xf1, 0x1, 0xe2, 0x3a, 0x22, 0x22,
    0x22, 0xc1, 0x0, 0xe1, 0x1, 0xfc, 0xcc, 0xce,
    0x0, 0x0, 0xe4, 0x31, 0xc0, 0x70, 0x2e, 0x0,
    0x17, 0xfd, 0x51, 0xc0, 0xe1, 0x2e, 0x0, 0x49,
    0xf1, 0x1, 0xc0, 0xf0, 0x2e, 0x0, 0x0, 0xe1,
    0x1, 0xc2, 0xf7, 0x2e, 0x0, 0x0, 0xe1, 0x0,
    0x1b, 0xcb, 0x2, 0x11, 0x0, 0xe1, 0x2, 0xca,
    0x5b, 0x0, 0x68, 0x1f, 0xd0, 0x7d, 0x50, 0x2e,
    0xee, 0xe3, 0x0, 0x0, 0x0, 0x0, 0x0, 0x0,
    0x0,

    /* U+6413 "搓" */
    0x0, 0x0, 0x0, 0x0, 0x0, 0x0, 0x0, 0x0,
    0xe1, 0x0, 0x78, 0x0, 0x97, 0x0, 0x0, 0xe1,
    0x0, 0x1d, 0x2, 0xe1, 0x0, 0x12, 0xe3, 0xd,
    0xee, 0xff, 0xee, 0xe0, 0x6d, 0xfd, 0x40, 0x0,
    0xf0, 0x0, 0x0, 0x0, 0xe1, 0x7, 0xde, 0xfd,
    0xdd, 0x80, 0x0, 0xe1, 0x0, 0x9, 0x80, 0x0,
    0x0, 0x0, 0xe8, 0x6b, 0xbf, 0xcb, 0xbb, 0xb2,
    0x4c, 0xf9, 0x23, 0x9c, 0x33, 0x33, 0x30, 0x45,
    0xe1, 0x1, 0xe8, 0x44, 0x44, 0x20, 0x0, 0xe1,
    0xb, 0xca, 0xaf, 0xaa, 0x50, 0x0, 0xe2, 0xbc,
    0x0, 0xe, 0x10, 0x0, 0x0, 0xe3, 0xa6, 0x99,
    0x9f, 0x99, 0x91, 0xd, 0xd0, 0x3, 0x66, 0x66,
    0x66, 0x61,

    /* U+6446 "摆" */
    0x0, 0xe1, 0x0, 0x0, 0x0, 0x0, 0x0, 0x0,
    0xe1, 0xf, 0xdf, 0xdd, 0xfd, 0xe0, 0x0, 0xe1,
    0xf, 0xd, 0x3, 0xa1, 0xe0, 0x7d, 0xfd, 0x6f,
    0xd, 0x3, 0xa1, 0xe0, 0x1, 0xe3, 0xd, 0xdd,
    0xed, 0xdd, 0xc0, 0x0, 0xe1, 0x0, 0x0, 0xd8,
    0x0, 0x0, 0x0, 0xe8, 0x88, 0xee, 0xff, 0xee,
    0xc0, 0x7d, 0xfa, 0x40, 0x0, 0xd8, 0x0, 0x0,
    0x43, 0xe1, 0x28, 0x88, 0xec, 0x88, 0x83, 0x0,
    0xe1, 0x16, 0x8f, 0x86, 0x78, 0x62, 0x0, 0xe1,
    0x0, 0xc7, 0x0, 0x3d, 0x0, 0x0, 0xe1, 0xb,
    0xd6, 0x79, 0xaf, 0x90, 0x4f, 0xc0, 0xb, 0xb9,
    0x76, 0x43, 0xd1, 0x0, 0x0, 0x0, 0x0, 0x0,
    0x0, 0x0,

    /* U+644A "摊" */
    0x0, 0xe0, 0x0, 0x0, 0x9, 0x64, 0x0, 0x0,
    0xe0, 0x0, 0x0, 0xe, 0x2d, 0x10, 0x0, 0xe0,
    0x8d, 0xd3, 0x79, 0x7, 0x40, 0x5f, 0xff, 0x53,
    0xb4, 0xef, 0xef, 0xe7, 0x0, 0xe0, 0x20, 0xac,
    0xf5, 0xe, 0x0, 0x0, 0xe0, 0x85, 0xc5, 0x95,
    0xe, 0x0, 0x0, 0xe9, 0x4d, 0xd0, 0x9f, 0xef,
    0xe3, 0x4d, 0xf7, 0x16, 0xc0, 0x95, 0xe, 0x0,
    0x34, 0xe0, 0x7, 0xf0, 0x96, 0x2e, 0x20, 0x0,
    0xe0, 0xd, 0x87, 0x9d, 0xcf, 0xc3, 0x0, 0xe0,
    0x88, 0x16, 0x95, 0xe, 0x0, 0x0, 0xe1, 0xb0,
    0x0, 0x9a, 0x8f, 0x84, 0x4e, 0xb0, 0x0, 0x0,
    0x89, 0x66, 0x63,

    /* U+6469 "摩" */
    0x0, 0x0, 0x0, 0x0, 0x0, 0x0, 0x0, 0x0,
    0x0, 0x0, 0xe, 0x10, 0x0, 0x0, 0x7, 0xed,
    0xdd, 0xdf, 0xed, 0xdd, 0xd7, 0x8, 0x70, 0x8,
    0x0, 0x0, 0x80, 0x0, 0x8, 0x7a, 0xbf, 0xba,
    0x8b, 0xfb, 0xb1, 0x8, 0x70, 0x6f, 0x91, 0x8,
    0xfb, 0x10, 0x8, 0x78, 0x8d, 0x27, 0xa7, 0xd3,
    0xd4, 0x8, 0x72, 0x7, 0x0, 0x22, 0xa4, 0x10,
    0x9, 0x60, 0xaa, 0xbc, 0xe9, 0x74, 0x0, 0xa,
    0x52, 0x66, 0x68, 0xe6, 0x66, 0x60, 0xc, 0x31,
    0x55, 0x57, 0xd5, 0x55, 0x40, 0xe, 0x1c, 0xcc,
    0xcc, 0xfc, 0xcc, 0xc6, 0x3d, 0x0, 0x0, 0x3,
    0xc0, 0x0, 0x0, 0x47, 0x0, 0x7, 0xcd, 0x90,
    0x0, 0x0, 0x0, 0x0, 0x0, 0x0, 0x0, 0x0,
    0x0,

    /* U+6487 "撇" */
    0x0, 0xe0, 0x20, 0xe0, 0x10, 0xa2, 0x0, 0x0,
    0xe0, 0x92, 0xe0, 0xd1, 0xd0, 0x0, 0x0, 0xe0,
    0x57, 0xe3, 0xb0, 0xe6, 0x61, 0x5f, 0xff, 0x17,
    0xe5, 0x43, 0xd9, 0xe2, 0x1, 0xe1, 0xbe, 0xfe,
    0xf8, 0x90, 0xa0, 0x0, 0xe0, 0xc0, 0xa0, 0xbe,
    0xb2, 0x80, 0x0, 0xe0, 0xc7, 0xa8, 0xb8, 0xb5,
    0x60, 0x3, 0xfe, 0xc7, 0xa8, 0xb1, 0xaa, 0x30,
    0x7c, 0xe0, 0xc7, 0xa9, 0xb1, 0x7f, 0x0, 0x0,
    0xe0, 0xc6, 0xa6, 0xc1, 0x4c, 0x0, 0x0, 0xe0,
    0xc0, 0xa0, 0xb1, 0x9f, 0x20, 0x0, 0xe0, 0xc0,
    0xa0, 0xb4, 0xd5, 0xb0, 0x2d, 0x90, 0xc0, 0xa6,
    0xda, 0x30, 0xa2, 0x0, 0x0, 0x0, 0x0, 0x0,
    0x0, 0x0,

    /* U+6492 "撒" */
    0x0, 0x0, 0x0, 0x0, 0x0, 0x0, 0x0, 0x0,
    0xe0, 0xe, 0xd, 0x3, 0xb0, 0x0, 0x0, 0xe0,
    0xe, 0xd, 0x6, 0x80, 0x0, 0x0, 0xe0, 0xaf,
    0xdf, 0xb8, 0x60, 0x0, 0x5d, 0xfd, 0x3e, 0xd,
    0xc, 0xed, 0xe3, 0x1, 0xe1, 0xbf, 0xaf, 0xaf,
    0x15, 0x90, 0x0, 0xe0, 0x33, 0x33, 0x9f, 0x37,
    0x60, 0x0, 0xe6, 0x9e, 0xde, 0xd8, 0x6a, 0x40,
    0x4b, 0xfb, 0x88, 0x6, 0x72, 0x9d, 0x10, 0x46,
    0xe0, 0x5e, 0xce, 0x70, 0xdc, 0x0, 0x0, 0xe0,
    0x58, 0x17, 0x70, 0xa8, 0x0, 0x0, 0xe0, 0x5d,
    0xbd, 0x71, 0xec, 0x0, 0x0, 0xe0, 0x58, 0x6,
    0x7b, 0x69, 0x90, 0x3d, 0xd0, 0x58, 0x3d, 0xb9,
    0x0, 0xb3, 0x1, 0x0, 0x0, 0x0, 0x0, 0x0,
    0x0,

    /* U+64C0 "擀" */
    0x0, 0x0, 0x0, 0x0, 0x0, 0x0, 0x0, 0x0,
    0xf0, 0x4, 0xa0, 0x0, 0x86, 0x0, 0x0, 0xf0,
    0x4, 0xa0, 0x0, 0xd8, 0x0, 0x0, 0xf0, 0xde,
    0xfe, 0xb5, 0xbd, 0x0, 0x3c, 0xfc, 0x14, 0xa0,
    0xe, 0x47, 0x80, 0x2, 0xf2, 0xcd, 0xcf, 0xca,
    0x0, 0xd2, 0x0, 0xf0, 0xc1, 0xc, 0x4f, 0xff,
    0xa0, 0x0, 0xf1, 0xcc, 0xcf, 0x12, 0xc6, 0x10,
    0x16, 0xfc, 0xd6, 0x5d, 0x20, 0xb4, 0x0, 0x49,
    0xf0, 0x7b, 0xe9, 0x7e, 0xff, 0xc0, 0x0, 0xf0,
    0x15, 0xb1, 0x10, 0xb3, 0x0, 0x0, 0xf3, 0xdd,
    0xfd, 0xc0, 0xb3, 0x0, 0x0, 0xf0, 0x4, 0xa0,
    0x0, 0xb3, 0x0, 0xe, 0xa0, 0x4, 0xa0, 0x0,
    0xb3, 0x0,

    /* U+64CD "操" */
    0x0, 0xe1, 0x0, 0x0, 0x0, 0x0, 0x0, 0x0,
    0xe1, 0x0, 0x9e, 0xcc, 0xf3, 0x0, 0x0, 0xe1,
    0x0, 0x97, 0x0, 0xc3, 0x0, 0x6d, 0xfe, 0x50,
    0x6b, 0xbb, 0xb2, 0x0, 0x0, 0xe1, 0xb, 0xbb,
    0x78, 0xbb, 0xa0, 0x0, 0xe1, 0xd, 0x13, 0xaa,
    0x12, 0xf0, 0x0, 0xe8, 0x4d, 0x24, 0xaa, 0x23,
    0xf0, 0x3a, 0xfa, 0x2a, 0xaa, 0x99, 0xaa, 0x90,
    0x68, 0xf1, 0x1, 0x11, 0x76, 0x11, 0x10, 0x0,
    0xe1, 0x2d, 0xde, 0xff, 0xdd, 0xd4, 0x0, 0xe1,
    0x0, 0x4d, 0xbb, 0xc2, 0x0, 0x0, 0xe1, 0x4b,
    0xc2, 0x75, 0x4e, 0x81, 0xe, 0xd0, 0x95, 0x0,
    0x75, 0x1, 0x70,

    /* U+6536 "收" */
    0x0, 0x0, 0x0, 0x0, 0x10, 0x0, 0x0, 0x0,
    0x0, 0xe2, 0x6, 0xb0, 0x0, 0x0, 0x5, 0x10,
    0xe2, 0xa, 0x80, 0x0, 0x0, 0xe, 0x20, 0xe2,
    0xe, 0x40, 0x0, 0x0, 0xe, 0x20, 0xe2, 0x3f,
    0xff, 0xff, 0xf1, 0xe, 0x20, 0xe2, 0x9e, 0x0,
    0x2e, 0x0, 0xe, 0x20, 0xe4, 0xfd, 0x30, 0x6b,
    0x0, 0xe, 0x20, 0xe9, 0x95, 0x90, 0xa6, 0x0,
    0xe, 0x20, 0xe2, 0x0, 0xe2, 0xf1, 0x0, 0xe,
    0x69, 0xf2, 0x0, 0x8e, 0xa0, 0x0, 0x2f, 0xc6,
    0xe2, 0x0, 0x3f, 0x50, 0x0, 0x4, 0x0, 0xe2,
    0x2, 0xe9, 0xe2, 0x0, 0x0, 0x0, 0xe2, 0x5e,
    0x60, 0x6e, 0x50, 0x0, 0x0, 0xe4, 0xc3, 0x0,
    0x5, 0xb0,

    /* U+653E "放" */
    0x0, 0x8, 0x10, 0x0, 0x54, 0x0, 0x0, 0x0,
    0x9, 0x70, 0x0, 0xb5, 0x0, 0x0, 0x16, 0x68,
    0x96, 0x50, 0xf2, 0x0, 0x0, 0x29, 0xdc, 0x99,
    0x84, 0xff, 0xff, 0xf5, 0x0, 0xa6, 0x0, 0xa,
    0xc0, 0xc, 0x30, 0x0, 0xaf, 0xee, 0x7f, 0xe0,
    0xf, 0x0, 0x0, 0xa7, 0x1c, 0xa7, 0xb4, 0x4c,
    0x0, 0x0, 0xa5, 0xb, 0x40, 0x69, 0x97, 0x0,
    0x0, 0xc4, 0xc, 0x30, 0x1e, 0xe1, 0x0, 0x0,
    0xe1, 0xc, 0x30, 0xc, 0xb0, 0x0, 0x4, 0xd0,
    0xe, 0x20, 0x6d, 0xe4, 0x0, 0xc, 0x60, 0xf,
    0x18, 0xe2, 0x4f, 0x60, 0x4b, 0xa, 0xfa, 0x9b,
    0x10, 0x4, 0xe3, 0x0, 0x0, 0x0, 0x0, 0x0,
    0x0, 0x0,

    /* U+6563 "散" */
    0x0, 0x0, 0x0, 0x0, 0x0, 0x0, 0x0, 0x0,
    0xd2, 0xf, 0x0, 0x68, 0x0, 0x0, 0x0, 0xd2,
    0xf, 0x0, 0x96, 0x0, 0x0, 0x3e, 0xfe, 0xef,
    0xe5, 0xc4, 0x11, 0x10, 0x0, 0xd2, 0xf, 0x0,
    0xfd, 0xdf, 0xe3, 0x39, 0xea, 0x9f, 0x98, 0xf0,
    0xc, 0x30, 0x25, 0x55, 0x55, 0x5d, 0xe3, 0xf,
    0x0, 0x5, 0xbb, 0xbb, 0x7d, 0x77, 0x3c, 0x0,
    0x7, 0x92, 0x27, 0x90, 0x2c, 0x88, 0x0, 0x7,
    0xed, 0xde, 0x90, 0xc, 0xf2, 0x0, 0x7, 0x80,
    0x6, 0x90, 0x9, 0xd0, 0x0, 0x7, 0xed, 0xde,
    0x90, 0x4e, 0xd6, 0x0, 0x7, 0x80, 0x6, 0x96,
    0xe4, 0x2f, 0x70, 0x7, 0x80, 0xae, 0x8c, 0x30,
    0x3, 0xc1, 0x0, 0x0, 0x0, 0x0, 0x0, 0x0,
    0x0,

    /* U+6570 "数" */
    0x3, 0x33, 0xc0, 0x61, 0xb, 0x0, 0x0, 0x2,
    0xc3, 0xc2, 0xd0, 0x1e, 0x0, 0x0, 0x2, 0xa5,
    0xd7, 0x51, 0x5b, 0x0, 0x0, 0xb, 0xbe, 0xfc,
    0xb7, 0x9f, 0xff, 0xf9, 0x0, 0x4e, 0xec, 0x50,
    0xe8, 0x7, 0x90, 0x8, 0xc4, 0xc1, 0xa7, 0xdc,
    0xa, 0x60, 0x6, 0x5, 0x60, 0xc, 0x2e, 0x1e,
    0x10, 0x9, 0xbf, 0xcb, 0xb0, 0x9, 0x9c, 0x0,
    0x1, 0x98, 0x25, 0xc0, 0x3, 0xf6, 0x0, 0x1,
    0xe9, 0x2d, 0x30, 0x4, 0xf6, 0x0, 0x0, 0x8,
    0xfc, 0x0, 0x3e, 0x5e, 0x20, 0x3, 0x9d, 0x58,
    0x56, 0xe4, 0x5, 0xe5, 0xa, 0x50, 0x0, 0x2b,
    0x20, 0x0, 0x46,

    /* U+6574 "整" */
    0x0, 0xb, 0x30, 0x0, 0x49, 0x0, 0x0, 0x6c,
    0xcf, 0xdc, 0xb0, 0xa5, 0x0, 0x0, 0x2, 0x3c,
    0x63, 0x22, 0xfe, 0xef, 0xe4, 0xe, 0x6d, 0x86,
    0xec, 0xd2, 0xe, 0x10, 0xe, 0xbe, 0xcb, 0xe2,
    0x4c, 0x99, 0x0, 0x0, 0x7f, 0x99, 0x10, 0xc,
    0xf2, 0x0, 0x1a, 0x9b, 0x34, 0x86, 0xd8, 0x6e,
    0x81, 0x15, 0x16, 0x31, 0x18, 0x31, 0x13, 0x80,
    0x5, 0xcc, 0xcc, 0xed, 0xcc, 0xcc, 0x50, 0x0,
    0x13, 0x0, 0x83, 0x0, 0x0, 0x0, 0x0, 0x3a,
    0x0, 0x8d, 0xdd, 0xd6, 0x0, 0x0, 0x3a, 0x0,
    0x83, 0x0, 0x0, 0x0, 0x5f, 0xff, 0xff, 0xff,
    0xff, 0xff, 0xf6,

    /* U+658C "斌" */
    0x1, 0xb1, 0x0, 0x0, 0x3, 0xc5, 0x0, 0x0,
    0x9a, 0x3, 0xee, 0xe9, 0xca, 0x70, 0x1, 0x26,
    0x10, 0x0, 0x2, 0xc1, 0xd0, 0x9f, 0xff, 0xf4,
    0x44, 0x45, 0xd4, 0x41, 0x1, 0x1b, 0x69, 0xbb,
    0xcc, 0xfb, 0xb3, 0x4a, 0xc, 0x20, 0x5, 0x81,
    0xd0, 0x0, 0xa, 0x8f, 0x7, 0x65, 0x80, 0xe0,
    0x0, 0x0, 0xdc, 0x8, 0x65, 0xfe, 0xf0, 0x0,
    0x0, 0x8e, 0x8, 0x65, 0x80, 0xd1, 0x0, 0x0,
    0xdb, 0x88, 0x65, 0x80, 0xb3, 0x0, 0x6, 0xb1,
    0x78, 0x65, 0x94, 0x87, 0x55, 0x2e, 0x20, 0x3c,
    0xdf, 0xda, 0x4d, 0xa4, 0x65, 0x0, 0x36, 0x30,
    0x0, 0xa, 0xd0, 0x0, 0x0, 0x0, 0x0, 0x0,
    0x0, 0x0,

    /* U+6590 "斐" */
    0x0, 0x0, 0xe, 0x0, 0xf1, 0x0, 0x0, 0xc,
    0xcc, 0xcf, 0x0, 0xfc, 0xcc, 0xc0, 0x1, 0x11,
    0x2f, 0x0, 0xf2, 0x11, 0x10, 0x8, 0xdd, 0xdf,
    0x0, 0xfd, 0xdd, 0x80, 0x0, 0x0, 0xf, 0x0,
    0xf1, 0x0, 0x0, 0x2d, 0xdd, 0xdf, 0x0, 0xfe,
    0xee, 0xe4, 0x0, 0x0, 0xf, 0x51, 0xf1, 0x0,
    0x0, 0x2, 0x22, 0x22, 0x9b, 0x22, 0x22, 0x20,
    0x1c, 0xcf, 0xec, 0xcc, 0xce, 0xfc, 0xc2, 0x0,
    0x3, 0xd4, 0x0, 0x4e, 0x30, 0x0, 0x0, 0x0,
    0x2c, 0x98, 0xd3, 0x0, 0x0, 0x0, 0x1, 0x5a,
    0xee, 0xc6, 0x20, 0x0, 0x2b, 0xee, 0xa5, 0x0,
    0x49, 0xde, 0xc1, 0x4, 0x10, 0x0, 0x0, 0x0,
    0x0, 0x20,

    /* U+6599 "料" */
    0x0, 0x0, 0x0, 0x0, 0x0, 0x0, 0x0, 0x0,
    0x1e, 0x0, 0x0, 0x0, 0x1e, 0x0, 0x1b, 0x1e,
    0xd, 0x17, 0x80, 0x1e, 0x0, 0xc, 0x2e, 0x1c,
    0x0, 0xac, 0x2e, 0x0, 0x9, 0x5e, 0x66, 0x0,
    0x6, 0x1e, 0x0, 0x3, 0x3e, 0x41, 0x1, 0x0,
    0x1e, 0x0, 0x4f, 0xff, 0xff, 0x6e, 0x60, 0x1e,
    0x0, 0x0, 0x9f, 0x30, 0x1, 0xc4, 0x1e, 0x0,
    0x0, 0xdf, 0xc1, 0x0, 0x0, 0x1e, 0x1, 0x7,
    0x8e, 0x5b, 0x1, 0x47, 0xaf, 0xf9, 0x1e, 0x2e,
    0x5, 0xbd, 0xb8, 0x6f, 0x0, 0x57, 0x1e, 0x0,
    0x0, 0x0, 0x1e, 0x0, 0x0, 0x1e, 0x0, 0x0,
    0x0, 0x1e, 0x0, 0x0, 0x1e, 0x0, 0x0, 0x0,
    0x1e, 0x0,

    /* U+65AD "断" */
    0x0, 0xd, 0x10, 0x0, 0x0, 0x26, 0xf, 0x51,
    0xd1, 0x81, 0x8a, 0xdc, 0x71, 0xf5, 0x7d, 0x4a,
    0x2e, 0x30, 0x0, 0xf, 0x17, 0xd7, 0x42, 0xd0,
    0x0, 0x0, 0xf7, 0x8e, 0x98, 0x3d, 0x11, 0x11,
    0xf, 0x56, 0xf8, 0x62, 0xfe, 0xff, 0xe5, 0xf0,
    0x7f, 0xc1, 0x2d, 0x1, 0xe0, 0xf, 0x1b, 0xd4,
    0xc2, 0xc0, 0x1e, 0x0, 0xfb, 0x3d, 0x12, 0x3b,
    0x1, 0xe0, 0xf, 0x20, 0xd1, 0x5, 0x90, 0x1e,
    0x0, 0xf0, 0x4, 0x0, 0x86, 0x1, 0xe0, 0xe,
    0xee, 0xee, 0xdd, 0x20, 0x1e, 0x0, 0x0, 0x0,
    0x1, 0xa0, 0x1, 0xe0, 0x0, 0x0, 0x0, 0x0,
    0x0, 0x0, 0x0,

    /* U+65AF "斯" */
    0x1, 0xd0, 0x9, 0x60, 0x0, 0x28, 0xc1, 0x1,
    0xd0, 0x9, 0x60, 0x8c, 0xe9, 0x30, 0x4f, 0xff,
    0xff, 0xf7, 0xf2, 0x0, 0x0, 0x1, 0xd0, 0x9,
    0x61, 0xe0, 0x0, 0x0, 0x1, 0xfd, 0xdf, 0x61,
    0xf1, 0x11, 0x10, 0x1, 0xd0, 0x9, 0x61, 0xfb,
    0xbf, 0xb5, 0x1, 0xfb, 0xbe, 0x61, 0xe0, 0xf,
    0x0, 0x1, 0xe2, 0x2a, 0x61, 0xe0, 0xf, 0x0,
    0x37, 0xe6, 0x6c, 0xa6, 0xd0, 0xf, 0x0, 0x48,
    0x98, 0x89, 0x89, 0xa0, 0xf, 0x0, 0x0, 0xd4,
    0x4c, 0xa, 0x60, 0xf, 0x0, 0x9, 0xa0, 0xa,
    0x7e, 0x10, 0xf, 0x0, 0xa, 0x10, 0x0, 0xa6,
    0x0, 0xf, 0x0, 0x0, 0x0, 0x0, 0x0, 0x0,
    0x0, 0x0,

    /* U+65B0 "新" */
    0x0, 0x9, 0x20, 0x0, 0x0, 0x4, 0x30, 0x1,
    0x19, 0x91, 0x12, 0x8c, 0xfc, 0x70, 0x1d, 0xdd,
    0xdd, 0xd4, 0xd5, 0x10, 0x0, 0x1, 0xd0, 0xe,
    0x14, 0xb0, 0x0, 0x0, 0x1, 0xb3, 0x5b, 0x14,
    0xb0, 0x0, 0x0, 0x4c, 0xce, 0xec, 0xc7, 0xff,
    0xff, 0xf6, 0x0, 0x7, 0x70, 0x4, 0xb0, 0x1e,
    0x0, 0x4e, 0xef, 0xfe, 0xe6, 0xb0, 0x1e, 0x0,
    0x1, 0x37, 0x74, 0x5, 0xa0, 0x1e, 0x0, 0x7,
    0x77, 0x7a, 0x57, 0x80, 0x1e, 0x0, 0x1e, 0x17,
    0x72, 0xca, 0x40, 0x1e, 0x0, 0x15, 0x7, 0x70,
    0x3e, 0x0, 0x1e, 0x0, 0x0, 0x7e, 0x40, 0x48,
    0x0, 0x1e, 0x0,

    /* U+65B9 "方" */
    0x0, 0x0, 0x0, 0x75, 0x0, 0x0, 0x0, 0x0,
    0x0, 0x0, 0x5d, 0x0, 0x0, 0x0, 0x5, 0x55,
    0x55, 0x5d, 0x65, 0x55, 0x50, 0xb, 0xbb, 0xcf,
    0xbb, 0xbb, 0xbb, 0xb1, 0x0, 0x0, 0x4d, 0x0,
    0x0, 0x0, 0x0, 0x0, 0x0, 0x5c, 0x11, 0x11,
    0x10, 0x0, 0x0, 0x0, 0x7f, 0xff, 0xff, 0xfb,
    0x0, 0x0, 0x0, 0xb7, 0x0, 0x0, 0x79, 0x0,
    0x0, 0x0, 0xf3, 0x0, 0x0, 0x88, 0x0, 0x0,
    0x6, 0xd0, 0x0, 0x0, 0xa6, 0x0, 0x0, 0x2f,
    0x40, 0x0, 0x0, 0xd4, 0x0, 0x2, 0xd9, 0x0,
    0x0, 0x2, 0xf1, 0x0, 0x1e, 0x80, 0x0, 0x1f,
    0xff, 0x80, 0x0, 0x0, 0x0, 0x0, 0x0, 0x0,
    0x0, 0x0,

    /* U+65CF "族" */
    0x0, 0x73, 0x0, 0x4, 0x60, 0x0, 0x0, 0x0,
    0x3d, 0x0, 0xb, 0x60, 0x0, 0x0, 0x37, 0x7c,
    0x87, 0x2f, 0xff, 0xff, 0xf1, 0x38, 0xf9, 0x88,
    0xc7, 0x60, 0x0, 0x0, 0x0, 0xe1, 0x2, 0xa4,
    0xd1, 0x11, 0x10, 0x0, 0xec, 0xb6, 0xc, 0xae,
    0xb9, 0x70, 0x0, 0xf4, 0x98, 0x79, 0xb, 0x50,
    0x0, 0x0, 0xf0, 0x77, 0x11, 0xb, 0x50, 0x0,
    0x1, 0xe0, 0x87, 0xae, 0xef, 0xfe, 0xe0, 0x4,
    0xb0, 0x86, 0x0, 0x1f, 0xb0, 0x0, 0x8, 0x80,
    0x95, 0x0, 0x98, 0xb3, 0x0, 0xe, 0x30, 0xb4,
    0x8, 0xc0, 0x2d, 0x20, 0x4b, 0x2e, 0xd1, 0xca,
    0x0, 0x4, 0xd1, 0x0, 0x0, 0x0, 0x10, 0x0,
    0x0, 0x0,

    /* U+65E0 "无" */
    0x0, 0x0, 0x0, 0x0, 0x0, 0x0, 0x0, 0x6,
    0xff, 0xff, 0xff, 0xff, 0xff, 0x80, 0x0, 0x0,
    0x0, 0xc4, 0x0, 0x0, 0x0, 0x0, 0x0, 0x0,
    0xd3, 0x0, 0x0, 0x0, 0x0, 0x0, 0x0, 0xe2,
    0x0, 0x0, 0x0, 0x2a, 0xaa, 0xaa, 0xfb, 0xaa,
    0xaa, 0xa3, 0x15, 0x55, 0x58, 0xde, 0x75, 0x55,
    0x51, 0x0, 0x0, 0x8, 0x8d, 0x30, 0x0, 0x0,
    0x0, 0x0, 0xe, 0x3d, 0x30, 0x0, 0x0, 0x0,
    0x0, 0x9b, 0xd, 0x30, 0x0, 0x10, 0x0, 0x6,
    0xe2, 0xd, 0x30, 0x0, 0xc3, 0x0, 0x9e, 0x30,
    0xd, 0x40, 0x1, 0xe2, 0x2e, 0xb2, 0x0, 0x7,
    0xff, 0xff, 0xb0, 0x2, 0x0, 0x0, 0x0, 0x0,
    0x0, 0x0,

    /* U+65E5 "日" */
    0x8f, 0xff, 0xff, 0xff, 0xf9, 0x89, 0x11, 0x11,
    0x11, 0x8a, 0x88, 0x0, 0x0, 0x0, 0x7a, 0x88,
    0x0, 0x0, 0x0, 0x7a, 0x88, 0x0, 0x0, 0x0,
    0x7a, 0x8f, 0xff, 0xff, 0xff, 0xfa, 0x89, 0x11,
    0x11, 0x11, 0x8a, 0x88, 0x0, 0x0, 0x0, 0x7a,
    0x88, 0x0, 0x0, 0x0, 0x7a, 0x88, 0x0, 0x0,
    0x0, 0x7a, 0x8f, 0xff, 0xff, 0xff, 0xfa, 0x89,
    0x11, 0x11, 0x11, 0x8a, 0x0, 0x0, 0x0, 0x0,
    0x0,

    /* U+65E9 "早" */
    0x0, 0xef, 0xff, 0xff, 0xff, 0xfe, 0x0, 0x0,
    0xe1, 0x0, 0x0, 0x0, 0x2e, 0x0, 0x0, 0xee,
    0xee, 0xee, 0xee, 0xee, 0x0, 0x0, 0xe2, 0x0,
    0x0, 0x0, 0x2e, 0x0, 0x0, 0xe5, 0x44, 0x44,
    0x44, 0x5e, 0x0, 0x0, 0xab, 0xbb, 0xfc, 0xbb,
    0xba, 0x0, 0x0, 0x0, 0x0, 0xd3, 0x0, 0x0,
    0x0, 0x1, 0x11, 0x11, 0xe4, 0x11, 0x11, 0x10,
    0x9f, 0xff, 0xff, 0xff, 0xff, 0xff, 0xf1, 0x0,
    0x0, 0x0, 0xd3, 0x0, 0x0, 0x0, 0x0, 0x0,
    0x0, 0xd3, 0x0, 0x0, 0x0, 0x0, 0x0, 0x0,
    0xd3, 0x0, 0x0, 0x0,

    /* U+65ED "旭" */
    0x0, 0xe1, 0x0, 0x0, 0x0, 0x0, 0x0, 0x0,
    0xe1, 0x0, 0xd, 0xee, 0xee, 0x10, 0x0, 0xe1,
    0x0, 0xe, 0x21, 0x1e, 0x20, 0x8f, 0xff, 0xf8,
    0xe, 0x10, 0xe, 0x20, 0x0, 0xe1, 0x88, 0xe,
    0x10, 0xe, 0x20, 0x0, 0xe1, 0x88, 0xe, 0xff,
    0xff, 0x20, 0x0, 0xf0, 0x88, 0xe, 0x21, 0x1e,
    0x20, 0x0, 0xf0, 0x88, 0xe, 0x10, 0xe, 0x20,
    0x2, 0xe0, 0x88, 0xe, 0x21, 0x1e, 0x20, 0x5,
    0xb0, 0x88, 0xe, 0xff, 0xff, 0x10, 0xa, 0x70,
    0x88, 0x0, 0x0, 0x0, 0x90, 0x2f, 0x10, 0x7a,
    0x0, 0x0, 0x3, 0xe0, 0xa9, 0x0, 0x2d, 0xff,
    0xff, 0xff, 0x60, 0x10, 0x0, 0x0, 0x0, 0x0,
    0x0, 0x0,

    /* U+65F6 "时" */
    0x0, 0x0, 0x0, 0x0, 0x3, 0xd0, 0xc, 0xcc,
    0xc4, 0x0, 0x0, 0x3d, 0x0, 0xf4, 0x4b, 0x60,
    0x0, 0x3, 0xd0, 0xf, 0x0, 0x96, 0xbf, 0xff,
    0xff, 0xf8, 0xf0, 0x9, 0x61, 0x11, 0x14, 0xd1,
    0xf, 0xcc, 0xe6, 0x1b, 0x0, 0x3d, 0x0, 0xf2,
    0x2a, 0x60, 0xa8, 0x3, 0xd0, 0xf, 0x0, 0x96,
    0x2, 0xf2, 0x3d, 0x0, 0xf0, 0x9, 0x60, 0x8,
    0x93, 0xd0, 0xf, 0x33, 0xb6, 0x0, 0x0, 0x3d,
    0x0, 0xfb, 0xbb, 0x40, 0x0, 0x3, 0xd0, 0xe,
    0x0, 0x0, 0x0, 0x0, 0x4d, 0x0, 0x0, 0x0,
    0x0, 0xd, 0xff, 0x80, 0x0, 0x0, 0x0, 0x0,
    0x0, 0x0, 0x0,

    /* U+65FA "旺" */
    0xee, 0xed, 0x4f, 0xff, 0xff, 0xff, 0x4f, 0x11,
    0xf0, 0x11, 0x3f, 0x11, 0x10, 0xf0, 0xf, 0x0,
    0x2, 0xe0, 0x0, 0xf, 0x0, 0xf0, 0x0, 0x2e,
    0x0, 0x0, 0xfc, 0xcf, 0x0, 0x2, 0xe0, 0x0,
    0xf, 0x33, 0xf0, 0xef, 0xff, 0xff, 0xe0, 0xf0,
    0xf, 0x1, 0x13, 0xf1, 0x10, 0xf, 0x0, 0xf0,
    0x0, 0x2e, 0x0, 0x0, 0xfc, 0xcf, 0x0, 0x2,
    0xe0, 0x0, 0xf, 0x33, 0x30, 0x0, 0x2e, 0x0,
    0x0, 0x40, 0x0, 0x77, 0x78, 0xf7, 0x77, 0x30,
    0x0, 0x8, 0x88, 0x88, 0x88, 0x84,

    /* U+660C "昌" */
    0x3, 0xfe, 0xee, 0xee, 0xef, 0x30, 0x3, 0xd0,
    0x0, 0x0, 0xe, 0x30, 0x3, 0xfd, 0xdd, 0xdd,
    0xdf, 0x30, 0x3, 0xd0, 0x0, 0x0, 0xe, 0x30,
    0x3, 0xee, 0xee, 0xee, 0xee, 0x20, 0x0, 0x0,
    0x0, 0x0, 0x0, 0x0, 0x5f, 0xff, 0xff, 0xff,
    0xff, 0xf6, 0x5c, 0x0, 0x0, 0x0, 0x0, 0xd6,
    0x5f, 0xee, 0xee, 0xee, 0xee, 0xf6, 0x5c, 0x0,
    0x0, 0x0, 0x0, 0xd6, 0x5e, 0xbb, 0xbb, 0xbb,
    0xbb, 0xf6, 0x5d, 0x33, 0x33, 0x33, 0x33, 0xd6,
    0x0, 0x0, 0x0, 0x0, 0x0, 0x0,

    /* U+660E "明" */
    0xff, 0xff, 0x81, 0xff, 0xff, 0xff, 0xf, 0x0,
    0x78, 0x1e, 0x0, 0x0, 0xf0, 0xf0, 0x7, 0x81,
    0xe0, 0x0, 0xf, 0xf, 0x0, 0x78, 0x1f, 0x99,
    0x99, 0xf0, 0xfe, 0xef, 0x81, 0xf6, 0x66, 0x6f,
    0xf, 0x0, 0x78, 0x1e, 0x0, 0x0, 0xf0, 0xf0,
    0x7, 0x82, 0xe6, 0x66, 0x6f, 0xf, 0xcc, 0xd8,
    0x5d, 0x66, 0x66, 0xf0, 0xf3, 0x33, 0x29, 0x70,
    0x0, 0xf, 0x8, 0x0, 0x1, 0xf2, 0x0, 0x0,
    0xf0, 0x0, 0x0, 0xb9, 0x0, 0x0, 0xf, 0x0,
    0x0, 0x7b, 0x0, 0x3, 0xff, 0xb0, 0x0, 0x0,
    0x0, 0x0, 0x0, 0x0, 0x0,

    /* U+6613 "易" */
    0x0, 0x2f, 0xee, 0xee, 0xee, 0xee, 0x0, 0x2,
    0xd0, 0x0, 0x0, 0x2, 0xe0, 0x0, 0x2f, 0xdd,
    0xdd, 0xdd, 0xde, 0x0, 0x2, 0xd0, 0x0, 0x0,
    0x2, 0xe0, 0x0, 0x2f, 0xbb, 0xbb, 0xbb, 0xbe,
    0x0, 0x0, 0x2e, 0x62, 0x22, 0x22, 0x10, 0x0,
    0x1c, 0xfc, 0xcc, 0xcc, 0xcc, 0xa0, 0x2d, 0x93,
    0x8d, 0x36, 0xe3, 0x6c, 0xc, 0x60, 0x2e, 0x30,
    0xb7, 0x6, 0xa0, 0x0, 0x3e, 0x50, 0x5d, 0x0,
    0x88, 0x0, 0x6e, 0x50, 0x3e, 0x30, 0xc, 0x50,
    0x6, 0x30, 0xc, 0x50, 0xde, 0xd0, 0x0, 0x0,
    0x0, 0x0, 0x0, 0x0, 0x0,

    /* U+6615 "昕" */
    0x0, 0x0, 0x0, 0x0, 0x16, 0xb5, 0xf, 0xee,
    0xe1, 0x4a, 0xde, 0xa6, 0x10, 0xf0, 0xe, 0x18,
    0xa1, 0x0, 0x0, 0xf, 0x0, 0xe1, 0x89, 0x0,
    0x0, 0x0, 0xf0, 0xe, 0x18, 0xc7, 0x77, 0x77,
    0x1f, 0xee, 0xf1, 0x8c, 0x99, 0xfa, 0x91, 0xf1,
    0x1e, 0x18, 0x80, 0xe, 0x20, 0xf, 0x0, 0xe1,
    0x97, 0x0, 0xe2, 0x0, 0xf0, 0xe, 0x1b, 0x60,
    0xe, 0x20, 0xf, 0xbb, 0xf1, 0xd3, 0x0, 0xe2,
    0x0, 0xf4, 0x44, 0x2f, 0x0, 0xe, 0x20, 0x5,
    0x0, 0x8, 0xb0, 0x0, 0xe2, 0x0, 0x0, 0x0,
    0x83, 0x0, 0xe, 0x20, 0x0,

    /* U+661F "星" */
    0x0, 0xdd, 0xdd, 0xdd, 0xdd, 0xf4, 0x0, 0xd,
    0x20, 0x0, 0x0, 0xd, 0x40, 0x0, 0xdd, 0xcc,
    0xcc, 0xcc, 0xf4, 0x0, 0xd, 0x20, 0x0, 0x0,
    0xd, 0x40, 0x0, 0xcf, 0xdd, 0xdd, 0xdd, 0xd3,
    0x0, 0x8, 0xb0, 0xe, 0x20, 0x0, 0x0, 0x4,
    0xff, 0xee, 0xfe, 0xee, 0xec, 0x4, 0xf4, 0x0,
    0xe, 0x20, 0x0, 0x0, 0x3, 0xac, 0xcc, 0xfc,
    0xcc, 0xc2, 0x0, 0x1, 0x11, 0x1f, 0x41, 0x11,
    0x0, 0x0, 0x0, 0x0, 0xe2, 0x0, 0x0, 0x7,
    0xff, 0xff, 0xff, 0xff, 0xff, 0xfb,

    /* U+6625 "春" */
    0x0, 0x0, 0x0, 0xa4, 0x0, 0x0, 0x0, 0x5,
    0xcc, 0xcc, 0xfd, 0xcc, 0xcc, 0x70, 0x0, 0x11,
    0x14, 0xe1, 0x11, 0x11, 0x10, 0x0, 0xcd, 0xde,
    0xfd, 0xdd, 0xdd, 0x20, 0x0, 0x0, 0xe, 0x20,
    0x0, 0x0, 0x0, 0x1e, 0xee, 0xff, 0xee, 0xee,
    0xee, 0xe6, 0x0, 0x6, 0xe1, 0x0, 0xc, 0x80,
    0x0, 0x0, 0x7f, 0xfe, 0xee, 0xee, 0xf9, 0x0,
    0x1b, 0xdc, 0x70, 0x0, 0x6, 0xcb, 0xe4, 0x5,
    0xa, 0xdc, 0xcc, 0xcd, 0xb0, 0x41, 0x0, 0xa,
    0x71, 0x11, 0x17, 0xb0, 0x0, 0x0, 0xa, 0x82,
    0x22, 0x28, 0xb0, 0x0, 0x0, 0xa, 0xdc, 0xcc,
    0xcd, 0xb0, 0x0, 0x0, 0x0, 0x0, 0x0, 0x0,
    0x0, 0x0,

    /* U+666E "普" */
    0x0, 0x5, 0x60, 0x0, 0x5, 0x50, 0x0, 0x0,
    0x12, 0xe1, 0x11, 0x2e, 0x31, 0x0, 0x6, 0xdd,
    0xdf, 0xdd, 0xfd, 0xdd, 0x80, 0x0, 0x95, 0xe,
    0x11, 0xe0, 0x59, 0x0, 0x0, 0x2e, 0xe, 0x11,
    0xe0, 0xd2, 0x0, 0x27, 0x7a, 0x7f, 0x88, 0xf8,
    0xb7, 0x72, 0x16, 0x66, 0x66, 0x66, 0x66, 0x66,
    0x62, 0x0, 0x4d, 0xdd, 0xdd, 0xdd, 0xd6, 0x0,
    0x0, 0x5a, 0x0, 0x0, 0x0, 0xa7, 0x0, 0x0,
    0x5e, 0xbb, 0xbb, 0xbb, 0xe7, 0x0, 0x0, 0x5b,
    0x22, 0x22, 0x22, 0xb7, 0x0, 0x0, 0x5a, 0x0,
    0x0, 0x0, 0xa7, 0x0, 0x0, 0x5f, 0xdd, 0xdd,
    0xdd, 0xf7, 0x0, 0x0, 0x0, 0x0, 0x0, 0x0,
    0x0, 0x0,

    /* U+666F "景" */
    0x0, 0xad, 0xbb, 0xbb, 0xbb, 0xda, 0x0, 0x0,
    0xab, 0x77, 0x77, 0x77, 0xba, 0x0, 0x0, 0xa7,
    0x22, 0x22, 0x22, 0x8a, 0x0, 0x0, 0x7b, 0xbb,
    0xec, 0xbb, 0xb7, 0x0, 0x16, 0x66, 0x66, 0xda,
    0x66, 0x66, 0x61, 0x17, 0x77, 0x77, 0x77, 0x77,
    0x77, 0x71, 0x0, 0x4d, 0xcc, 0xcc, 0xcc, 0xd4,
    0x0, 0x0, 0x4b, 0x0, 0x0, 0x0, 0xb5, 0x0,
    0x0, 0x4e, 0xcc, 0xcc, 0xcc, 0xe5, 0x0, 0x0,
    0x4, 0x60, 0x88, 0x7, 0x20, 0x0, 0x4, 0xbb,
    0x20, 0x88, 0x5, 0xcb, 0x30, 0x19, 0x40, 0x2c,
    0xe5, 0x0, 0x4, 0x90, 0x0, 0x0, 0x0, 0x0,
    0x0, 0x0, 0x0,

    /* U+6682 "暂" */
    0x0, 0xa, 0x10, 0x0, 0x0, 0x25, 0x40, 0x5d,
    0xdf, 0xdd, 0xd4, 0xec, 0xb8, 0x40, 0x1, 0xd1,
    0x90, 0x4, 0xb0, 0x0, 0x0, 0xd, 0xeb, 0xfb,
    0xb5, 0xfd, 0xdd, 0xd4, 0x4, 0x22, 0xf2, 0x25,
    0xa0, 0x79, 0x0, 0x27, 0x9a, 0xfd, 0xc9, 0x70,
    0x79, 0x0, 0x26, 0x43, 0xf0, 0x1e, 0x10, 0x79,
    0x0, 0x0, 0x0, 0x50, 0x2, 0x0, 0x23, 0x0,
    0x0, 0x8e, 0xdd, 0xdd, 0xdd, 0xe8, 0x0, 0x0,
    0x86, 0x0, 0x0, 0x0, 0x98, 0x0, 0x0, 0x8d,
    0xcc, 0xcc, 0xcc, 0xe8, 0x0, 0x0, 0x86, 0x0,
    0x0, 0x0, 0x98, 0x0, 0x0, 0x8e, 0xdd, 0xdd,
    0xdd, 0xf8, 0x0, 0x0, 0x0, 0x0, 0x0, 0x0,
    0x0, 0x0,

    /* U+66F4 "更" */
    0x6f, 0xff, 0xff, 0xff, 0xff, 0xff, 0xb0, 0x0,
    0x0, 0x0, 0xc4, 0x0, 0x0, 0x0, 0x0, 0xce,
    0xee, 0xfe, 0xee, 0xee, 0x10, 0x0, 0xe1, 0x0,
    0xc4, 0x0, 0xf, 0x10, 0x0, 0xed, 0xdd, 0xfd,
    0xdd, 0xdf, 0x10, 0x0, 0xe1, 0x0, 0xc5, 0x0,
    0xf, 0x10, 0x0, 0xe2, 0x11, 0xd5, 0x11, 0x1f,
    0x10, 0x0, 0xbc, 0xcc, 0xfc, 0xcc, 0xcc, 0x10,
    0x0, 0x3d, 0x16, 0xd0, 0x0, 0x0, 0x0, 0x0,
    0x7, 0xef, 0x40, 0x0, 0x0, 0x0, 0x1, 0x5b,
    0xed, 0xd8, 0x53, 0x21, 0x0, 0x5f, 0xb5, 0x0,
    0x27, 0xac, 0xef, 0xe0, 0x0, 0x0, 0x0, 0x0,
    0x0, 0x0, 0x0,

    /* U+6700 "最" */
    0x0, 0xcd, 0xcc, 0xcc, 0xcc, 0xf2, 0x0, 0x0,
    0xcc, 0xbb, 0xbb, 0xbb, 0xf2, 0x0, 0x0, 0xc4,
    0x0, 0x0, 0x0, 0xe2, 0x0, 0x0, 0xac, 0xbb,
    0xbb, 0xbb, 0xd2, 0x0, 0x24, 0x44, 0x44, 0x44,
    0x44, 0x44, 0x40, 0x5b, 0xe9, 0x9e, 0xb9, 0x99,
    0x99, 0x90, 0x3, 0xe7, 0x7d, 0x58, 0x99, 0x99,
    0x40, 0x3, 0xd4, 0x4c, 0x59, 0xa4, 0x4e, 0x40,
    0x3, 0xfc, 0xce, 0x51, 0xd2, 0x7b, 0x0, 0x3,
    0xc0, 0xb, 0x80, 0x4e, 0xd1, 0x0, 0x5c, 0xfe,
    0xde, 0xb2, 0x9c, 0xe7, 0x10, 0x12, 0x0, 0xa,
    0x5c, 0x60, 0x18, 0xc0,

    /* U+6709 "有" */
    0x0, 0x0, 0x7, 0x40, 0x0, 0x0, 0x0, 0x0,
    0x0, 0xe, 0x20, 0x0, 0x0, 0x0, 0x1f, 0xff,
    0xff, 0xff, 0xff, 0xff, 0xf2, 0x0, 0x1, 0xd5,
    0x0, 0x0, 0x0, 0x0, 0x0, 0x7, 0xd2, 0x22,
    0x22, 0x21, 0x0, 0x0, 0x3f, 0xed, 0xdd, 0xdd,
    0xe8, 0x0, 0x2, 0xec, 0x90, 0x0, 0x0, 0x88,
    0x0, 0x2e, 0x67, 0xfe, 0xee, 0xee, 0xf8, 0x0,
    0x3, 0x7, 0x90, 0x0, 0x0, 0x88, 0x0, 0x0,
    0x7, 0xec, 0xcc, 0xcc, 0xe8, 0x0, 0x0, 0x7,
    0xa1, 0x11, 0x11, 0x98, 0x0, 0x0, 0x7, 0x90,
    0x0, 0x0, 0x88, 0x0, 0x0, 0x7, 0x90, 0x0,
    0xaf, 0xe4, 0x0,

    /* U+671D "朝" */
    0x0, 0xe, 0x20, 0x0, 0x0, 0x0, 0x0, 0x0,
    0xe, 0x20, 0x2, 0xff, 0xff, 0xf0, 0x7f, 0xff,
    0xff, 0xc2, 0xd0, 0x0, 0xf0, 0x0, 0xe, 0x20,
    0x2, 0xd0, 0x0, 0xf0, 0xe, 0xdd, 0xdd, 0xe2,
    0xf9, 0x99, 0xf0, 0xe, 0x10, 0x1, 0xe2, 0xe5,
    0x55, 0xf0, 0xe, 0xcc, 0xcc, 0xe3, 0xd0, 0x0,
    0xf0, 0xe, 0x43, 0x34, 0xe3, 0xd6, 0x66, 0xf0,
    0x8, 0x9f, 0xa9, 0x85, 0xd8, 0x88, 0xf0, 0x0,
    0xe, 0x20, 0x7, 0x80, 0x0, 0xf0, 0x9e, 0xef,
    0xee, 0xcc, 0x40, 0x0, 0xf0, 0x0, 0xe, 0x20,
    0x3e, 0x0, 0x0, 0xf0, 0x0, 0xe, 0x20, 0x95,
    0x0, 0xcf, 0xb0, 0x0, 0x0, 0x0, 0x0, 0x0,
    0x0, 0x0,

    /* U+671F "期" */
    0x1, 0xe0, 0x9, 0x60, 0x0, 0x0, 0x0, 0x1,
    0xe0, 0x9, 0x60, 0xef, 0xff, 0xf0, 0x4f, 0xff,
    0xff, 0xf6, 0xe0, 0x0, 0xf0, 0x1, 0xe0, 0x9,
    0x60, 0xe0, 0x0, 0xf0, 0x1, 0xfd, 0xdf, 0x60,
    0xef, 0xee, 0xf0, 0x1, 0xe0, 0x9, 0x60, 0xe0,
    0x0, 0xf0, 0x1, 0xfb, 0xbe, 0x60, 0xe0, 0x0,
    0xf0, 0x1, 0xe2, 0x2a, 0x60, 0xfc, 0xcc, 0xf0,
    0x26, 0xf6, 0x6b, 0xa3, 0xf3, 0x33, 0xf0, 0x49,
    0x99, 0x99, 0x96, 0xd0, 0x0, 0xf0, 0x0, 0xd4,
    0x3c, 0x5, 0xa0, 0x0, 0xf0, 0x8, 0xb0, 0xa,
    0x7a, 0x60, 0x0, 0xf0, 0x2d, 0x10, 0x1, 0x4d,
    0x0, 0xcf, 0xb0, 0x0, 0x0, 0x0, 0x0, 0x0,
    0x0, 0x0,

    /* U+6728 "木" */
    0x0, 0x0, 0x0, 0xc5, 0x0, 0x0, 0x0, 0x0,
    0x0, 0x0, 0xc5, 0x0, 0x0, 0x0, 0x0, 0x0,
    0x0, 0xc5, 0x0, 0x0, 0x0, 0x1, 0x11, 0x11,
    0xc6, 0x11, 0x11, 0x10, 0x4f, 0xff, 0xff, 0xff,
    0xff, 0xff, 0xd0, 0x0, 0x0, 0x9, 0xff, 0x20,
    0x0, 0x0, 0x0, 0x0, 0x4e, 0xdb, 0xc0, 0x0,
    0x0, 0x0, 0x1, 0xe4, 0xc5, 0xa9, 0x0, 0x0,
    0x0, 0x1d, 0x70, 0xc5, 0xd, 0x80, 0x0, 0x2,
    0xd8, 0x0, 0xc5, 0x1, 0xda, 0x0, 0x6f, 0x70,
    0x0, 0xc5, 0x0, 0x1c, 0xd1, 0x23, 0x0, 0x0,
    0xc5, 0x0, 0x0, 0x40, 0x0, 0x0, 0x0, 0xc5,
    0x0, 0x0, 0x0,

    /* U+672A "未" */
    0x0, 0x0, 0x0, 0xc5, 0x0, 0x0, 0x0, 0x0,
    0x0, 0x0, 0xc5, 0x0, 0x0, 0x0, 0x1, 0x44,
    0x44, 0xd7, 0x44, 0x44, 0x0, 0x4, 0xcc, 0xcc,
    0xfd, 0xcc, 0xcc, 0x0, 0x0, 0x0, 0x0, 0xc5,
    0x0, 0x0, 0x0, 0x0, 0x0, 0x0, 0xc5, 0x0,
    0x0, 0x0, 0x5f, 0xff, 0xff, 0xff, 0xff, 0xff,
    0xf0, 0x0, 0x0, 0xc, 0xff, 0x50, 0x0, 0x0,
    0x0, 0x0, 0xaa, 0xc7, 0xe4, 0x0, 0x0, 0x0,
    0x1b, 0xb0, 0xc5, 0x3e, 0x50, 0x0, 0x4, 0xe9,
    0x0, 0xc5, 0x3, 0xe9, 0x10, 0x6e, 0x50, 0x0,
    0xc5, 0x0, 0x1a, 0xe1, 0x0, 0x0, 0x0, 0xc5,
    0x0, 0x0, 0x10,

    /* U+672B "末" */
    0x0, 0x0, 0x0, 0xc5, 0x0, 0x0, 0x0, 0x0,
    0x0, 0x0, 0xc5, 0x0, 0x0, 0x0, 0x2, 0x22,
    0x22, 0xd7, 0x22, 0x22, 0x20, 0x4d, 0xdd, 0xdd,
    0xfe, 0xdd, 0xdd, 0xd0, 0x0, 0x0, 0x0, 0xc5,
    0x0, 0x0, 0x0, 0x0, 0x0, 0x0, 0xc5, 0x0,
    0x0, 0x0, 0x9, 0xff, 0xff, 0xff, 0xff, 0xff,
    0x30, 0x0, 0x11, 0x1c, 0xff, 0x61, 0x11, 0x0,
    0x0, 0x0, 0xaa, 0xc7, 0xe4, 0x0, 0x0, 0x0,
    0x1b, 0xb0, 0xc5, 0x3e, 0x60, 0x0, 0x4, 0xe9,
    0x0, 0xc5, 0x2, 0xdb, 0x20, 0x6e, 0x50, 0x0,
    0xc5, 0x0, 0x9, 0xe1, 0x0, 0x0, 0x0, 0xc5,
    0x0, 0x0, 0x0,

    /* U+672C "本" */
    0x0, 0x0, 0x0, 0xc5, 0x0, 0x0, 0x0, 0x0,
    0x0, 0x0, 0xc5, 0x0, 0x0, 0x0, 0x0, 0x0,
    0x0, 0xc5, 0x0, 0x0, 0x0, 0x4f, 0xff, 0xff,
    0xff, 0xff, 0xff, 0xd0, 0x2, 0x22, 0x6d, 0xdb,
    0xd2, 0x22, 0x10, 0x0, 0x0, 0xc6, 0xc5, 0xd4,
    0x0, 0x0, 0x0, 0x6, 0xc0, 0xc5, 0x4d, 0x0,
    0x0, 0x0, 0x3e, 0x20, 0xc5, 0xa, 0xa0, 0x0,
    0x2, 0xe6, 0x0, 0xc5, 0x0, 0xda, 0x0, 0x4e,
    0x8c, 0xcc, 0xfd, 0xcc, 0x9d, 0xc1, 0x25, 0x4,
    0x44, 0xd8, 0x44, 0x21, 0x60, 0x0, 0x0, 0x0,
    0xc5, 0x0, 0x0, 0x0, 0x0, 0x0, 0x0, 0xc5,
    0x0, 0x0, 0x0,

    /* U+673A "机" */
    0x0, 0xf, 0x10, 0x0, 0x0, 0x0, 0x0, 0x0,
    0xf, 0x10, 0xf, 0xff, 0xf9, 0x0, 0x0, 0xf,
    0x10, 0xf, 0x0, 0x79, 0x0, 0x4f, 0xff, 0xff,
    0x2f, 0x0, 0x79, 0x0, 0x1, 0x4f, 0x21, 0xf,
    0x0, 0x79, 0x0, 0x0, 0x8f, 0x40, 0xf, 0x0,
    0x79, 0x0, 0x0, 0xdf, 0xe2, 0xf, 0x0, 0x79,
    0x0, 0x5, 0x8f, 0x5d, 0x2e, 0x0, 0x79, 0x0,
    0xd, 0x2f, 0x14, 0x4c, 0x0, 0x79, 0x0, 0x79,
    0xf, 0x10, 0x78, 0x0, 0x79, 0x14, 0x10, 0xf,
    0x10, 0xd3, 0x0, 0x79, 0x2a, 0x0, 0xf, 0x15,
    0xc0, 0x0, 0x79, 0x3a, 0x0, 0xf, 0x1b, 0x20,
    0x0, 0x4f, 0xf5, 0x0, 0x0, 0x0, 0x0, 0x0,
    0x0, 0x0,

    /* U+6742 "杂" */
    0x0, 0x0, 0xd, 0x20, 0x0, 0x0, 0x0, 0x0,
    0x11, 0x1f, 0x11, 0x11, 0x0, 0x0, 0x9, 0xff,
    0xff, 0xff, 0xff, 0x0, 0x0, 0x0, 0x0, 0xd5,
    0x0, 0xf, 0x0, 0x20, 0x0, 0x2c, 0xa0, 0x0,
    0xf, 0x0, 0xe0, 0x2a, 0xe7, 0x0, 0x31, 0xd,
    0xee, 0xc0, 0x5, 0x0, 0x0, 0xd4, 0x0, 0x0,
    0x0, 0x3f, 0xff, 0xff, 0xff, 0xff, 0xff, 0xb0,
    0x1, 0x11, 0x11, 0xd5, 0x11, 0x11, 0x0, 0x0,
    0x1e, 0x40, 0xd4, 0xc, 0x70, 0x0, 0x1, 0xd9,
    0x0, 0xd4, 0x1, 0xd6, 0x0, 0x1e, 0x90, 0x0,
    0xd4, 0x0, 0x1e, 0x10, 0x1, 0x0, 0xaf, 0xd1,
    0x0, 0x0, 0x0, 0x0, 0x0, 0x0, 0x0, 0x0,
    0x0, 0x0,

    /* U+674F "杏" */
    0x0, 0x0, 0x0, 0xc4, 0x0, 0x0, 0x0, 0x0,
    0x0, 0x0, 0xc4, 0x0, 0x0, 0x0, 0x6f, 0xff,
    0xff, 0xff, 0xff, 0xff, 0xf0, 0x0, 0x0, 0x4e,
    0xdc, 0xb1, 0x0, 0x0, 0x0, 0x4, 0xe4, 0xc4,
    0xab, 0x0, 0x0, 0x0, 0x7f, 0x40, 0xc4, 0x9,
    0xd4, 0x0, 0x4d, 0xd3, 0x0, 0xc4, 0x0, 0x5e,
    0xc0, 0x27, 0x0, 0x0, 0x52, 0x0, 0x1, 0x40,
    0x0, 0x3f, 0xff, 0xff, 0xff, 0xf3, 0x0, 0x0,
    0x3c, 0x0, 0x0, 0x0, 0xd3, 0x0, 0x0, 0x3c,
    0x0, 0x0, 0x0, 0xd3, 0x0, 0x0, 0x3d, 0x33,
    0x33, 0x33, 0xd3, 0x0, 0x0, 0x3f, 0xcc, 0xcc,
    0xcc, 0xf3, 0x0, 0x0, 0x1, 0x0, 0x0, 0x0,
    0x0, 0x0,

    /* U+6761 "条" */
    0x0, 0x0, 0x4d, 0x0, 0x0, 0x0, 0x0, 0x0,
    0x2, 0xed, 0xbb, 0xbb, 0x50, 0x0, 0x0, 0x3e,
    0xe3, 0x33, 0x6f, 0x30, 0x0, 0x9, 0xe5, 0x9b,
    0x13, 0xe5, 0x0, 0x0, 0x6, 0x10, 0x9, 0xef,
    0x40, 0x0, 0x0, 0x0, 0x4, 0xae, 0x9b, 0xe8,
    0x30, 0x0, 0x5c, 0xfb, 0x61, 0x52, 0x28, 0xcf,
    0xc0, 0x13, 0x0, 0x0, 0xc4, 0x0, 0x0, 0x20,
    0x2, 0xff, 0xff, 0xff, 0xff, 0xfa, 0x0, 0x0,
    0x2, 0x40, 0xc4, 0x15, 0x0, 0x0, 0x0, 0x2d,
    0x40, 0xc4, 0x1b, 0x90, 0x0, 0x6, 0xe4, 0x0,
    0xc4, 0x0, 0xb9, 0x0, 0x3, 0x20, 0xd, 0xe2,
    0x0, 0x5, 0x0, 0x0, 0x0, 0x0, 0x0, 0x0,
    0x0, 0x0,

    /* U+6765 "来" */
    0x0, 0x0, 0x0, 0xc5, 0x0, 0x0, 0x0, 0x0,
    0x0, 0x0, 0xc5, 0x0, 0x0, 0x0, 0xb, 0xff,
    0xff, 0xff, 0xff, 0xff, 0x60, 0x0, 0x46, 0x0,
    0xc5, 0x0, 0x93, 0x0, 0x0, 0x1e, 0x10, 0xc5,
    0x4, 0xd0, 0x0, 0x0, 0x9, 0x70, 0xc5, 0xc,
    0x40, 0x0, 0x5c, 0xcc, 0xcc, 0xfd, 0xcc, 0xcc,
    0xc0, 0x14, 0x44, 0x4d, 0xff, 0x84, 0x44, 0x40,
    0x0, 0x0, 0x9b, 0xc8, 0xe3, 0x0, 0x0, 0x0,
    0xa, 0xc0, 0xc5, 0x4e, 0x40, 0x0, 0x2, 0xcb,
    0x0, 0xc5, 0x4, 0xe8, 0x0, 0x6f, 0x70, 0x0,
    0xc5, 0x0, 0x2c, 0xd1, 0x2, 0x0, 0x0, 0xc5,
    0x0, 0x0, 0x30,

    /* U+6768 "杨" */
    0x0, 0x3c, 0x0, 0x0, 0x0, 0x0, 0x0, 0x0,
    0x3c, 0xb, 0xff, 0xff, 0xfb, 0x0, 0x0, 0x4c,
    0x0, 0x0, 0xa, 0xc1, 0x0, 0x1f, 0xff, 0xf5,
    0x2, 0xca, 0x0, 0x0, 0x0, 0x7d, 0x0, 0x6e,
    0x70, 0x0, 0x10, 0x0, 0xbf, 0x66, 0xff, 0xff,
    0xff, 0xf3, 0x1, 0xec, 0xc1, 0x7, 0x70, 0xe0,
    0xe2, 0x6, 0xac, 0x41, 0x1d, 0x5, 0x90, 0xf1,
    0xd, 0x5c, 0x0, 0xc4, 0xc, 0x20, 0xf0, 0x2a,
    0x3c, 0xb, 0x50, 0x68, 0x2, 0xe0, 0x0, 0x3c,
    0x0, 0x3, 0xc0, 0x5, 0xb0, 0x0, 0x3c, 0x0,
    0x4c, 0x10, 0x9, 0x80, 0x0, 0x3c, 0x4, 0xa1,
    0x7, 0xfe, 0x20, 0x0, 0x0, 0x0, 0x0, 0x0,
    0x0, 0x0,

    /* U+676D "杭" */
    0x0, 0x0, 0x0, 0x0, 0x0, 0x0, 0x0, 0x0,
    0x1e, 0x0, 0x0, 0xe1, 0x0, 0x0, 0x0, 0x1e,
    0x0, 0x0, 0xa8, 0x0, 0x0, 0x0, 0x1e, 0x0,
    0x11, 0x57, 0x11, 0x10, 0x19, 0x9f, 0x94, 0xff,
    0xff, 0xff, 0xf8, 0x5, 0x8f, 0x51, 0x0, 0x0,
    0x0, 0x0, 0x0, 0x8f, 0x90, 0x4f, 0xff, 0xf5,
    0x0, 0x0, 0xde, 0xd5, 0x4c, 0x0, 0xa6, 0x0,
    0x5, 0x9e, 0x3b, 0x4b, 0x0, 0xa6, 0x0, 0xd,
    0x2e, 0x0, 0x5b, 0x0, 0xa6, 0x0, 0x28, 0x1e,
    0x0, 0x89, 0x0, 0xa6, 0x1, 0x0, 0x1e, 0x0,
    0xd4, 0x0, 0xa6, 0x1c, 0x0, 0x1e, 0x8, 0xc0,
    0x0, 0x96, 0x3c, 0x0, 0x1e, 0x2d, 0x20, 0x0,
    0x5e, 0xe6, 0x0, 0x0, 0x0, 0x0, 0x0, 0x0,
    0x0,

    /* U+676F "杯" */
    0x0, 0x1e, 0x0, 0x0, 0x0, 0x0, 0x0, 0x0,
    0x1e, 0x8, 0xcc, 0xcc, 0xcc, 0xc2, 0x0, 0x1e,
    0x2, 0x33, 0x3c, 0x83, 0x30, 0x4f, 0xff, 0xfc,
    0x0, 0x3e, 0x10, 0x0, 0x1, 0x6f, 0x10, 0x0,
    0xcc, 0x70, 0x0, 0x0, 0xaf, 0xb0, 0xa, 0xec,
    0xaa, 0x0, 0x1, 0xde, 0x96, 0xad, 0x4c, 0xa,
    0x90, 0x7, 0x8e, 0x1c, 0xc1, 0x3c, 0x0, 0xc3,
    0x1d, 0x2e, 0x4, 0x0, 0x3c, 0x0, 0x0, 0x77,
    0x1e, 0x0, 0x0, 0x3c, 0x0, 0x0, 0x0, 0x1e,
    0x0, 0x0, 0x3c, 0x0, 0x0, 0x0, 0x1e, 0x0,
    0x0, 0x3c, 0x0, 0x0, 0x0, 0x1e, 0x0, 0x0,
    0x3c, 0x0, 0x0,

    /* U+677E "松" */
    0x0, 0x1e, 0x0, 0x2, 0x40, 0x72, 0x0, 0x0,
    0x1e, 0x0, 0x8, 0x90, 0x97, 0x0, 0x0, 0x1e,
    0x0, 0xd, 0x40, 0x4d, 0x0, 0x3f, 0xff, 0xfa,
    0x3e, 0x0, 0xe, 0x40, 0x0, 0x5f, 0x10, 0xb8,
    0x12, 0x7, 0xc0, 0x0, 0x9f, 0x84, 0xe1, 0x7b,
    0x0, 0xe4, 0x0, 0xee, 0xc4, 0x30, 0xc6, 0x0,
    0x20, 0x6, 0x9e, 0x4a, 0x2, 0xf1, 0x0, 0x0,
    0xd, 0x3e, 0x0, 0x8, 0xa0, 0x57, 0x0, 0x4a,
    0x1e, 0x0, 0xe, 0x30, 0x1e, 0x10, 0x1, 0x1e,
    0x0, 0x7b, 0x0, 0x2b, 0x80, 0x0, 0x1e, 0x1,
    0xfe, 0xef, 0xdb, 0xe0, 0x0, 0x1e, 0x0, 0x74,
    0x20, 0x0, 0x70,

    /* U+677F "板" */
    0x0, 0x1e, 0x0, 0x0, 0x0, 0x26, 0x80, 0x0,
    0x1e, 0x0, 0xbc, 0xef, 0xca, 0x60, 0x4, 0x5e,
    0x42, 0xf3, 0x10, 0x0, 0x0, 0xb, 0xcf, 0xb6,
    0xf1, 0x0, 0x0, 0x0, 0x0, 0x5f, 0x20, 0xfd,
    0xdd, 0xdd, 0xc0, 0x0, 0xaf, 0xb0, 0xf8, 0xa2,
    0x26, 0xc0, 0x1, 0xce, 0x95, 0xf1, 0xe0, 0x9,
    0x70, 0x7, 0x7e, 0x12, 0xf0, 0xb5, 0x1e, 0x20,
    0x1d, 0x2e, 0x3, 0xd0, 0x4d, 0x9a, 0x0, 0x27,
    0x1e, 0x6, 0xa0, 0xc, 0xf1, 0x0, 0x0, 0x1e,
    0xa, 0x60, 0x4f, 0xf5, 0x0, 0x0, 0x1e, 0x1f,
    0x28, 0xf4, 0x3e, 0x91, 0x0, 0x1e, 0x49, 0x7b,
    0x20, 0x2, 0xb7, 0x0, 0x0, 0x0, 0x0, 0x0,
    0x0, 0x0,

    /* U+6781 "极" */
    0x0, 0x1e, 0x0, 0x0, 0x0, 0x0, 0x0, 0x0,
    0x1e, 0x6, 0xff, 0xff, 0xfa, 0x0, 0x0, 0x2e,
    0x0, 0xd, 0x30, 0xa6, 0x0, 0xe, 0xff, 0xf6,
    0xe, 0x10, 0xd2, 0x0, 0x0, 0x5f, 0x10, 0xf,
    0x1, 0xe0, 0x0, 0x0, 0xaf, 0xa0, 0x1f, 0x26,
    0xfe, 0xf1, 0x0, 0xde, 0xa4, 0x3f, 0x70, 0x3,
    0xd0, 0x6, 0x9e, 0x21, 0x6b, 0xe0, 0x9, 0x80,
    0xd, 0x2e, 0x0, 0x96, 0x98, 0x1e, 0x10, 0x39,
    0x1e, 0x0, 0xe1, 0x1e, 0xc7, 0x0, 0x0, 0x1e,
    0x5, 0xb0, 0xa, 0xf3, 0x0, 0x0, 0x1e, 0x1e,
    0x31, 0xbc, 0x6e, 0x70, 0x0, 0x1e, 0x68, 0xa,
    0x80, 0x2, 0xb5, 0x0, 0x0, 0x0, 0x0, 0x0,
    0x0, 0x0,

    /* U+6797 "林" */
    0x0, 0xe, 0x10, 0x0, 0xe, 0x20, 0x0, 0x0,
    0xe, 0x10, 0x0, 0xe, 0x20, 0x0, 0x0, 0xe,
    0x10, 0x0, 0xe, 0x20, 0x0, 0x6f, 0xff, 0xff,
    0x8f, 0xff, 0xff, 0xc0, 0x1, 0x4f, 0x51, 0x1,
    0x5f, 0x91, 0x0, 0x0, 0x9f, 0xe2, 0x0, 0x9f,
    0xd0, 0x0, 0x1, 0xde, 0x5d, 0x11, 0xdf, 0xc4,
    0x0, 0x8, 0x7e, 0x17, 0x19, 0x7e, 0x6b, 0x0,
    0x2e, 0xe, 0x10, 0x3e, 0xe, 0x2d, 0x40, 0xa6,
    0xe, 0x11, 0xd6, 0xe, 0x25, 0xe0, 0x10, 0xe,
    0x11, 0x90, 0xe, 0x20, 0x50, 0x0, 0xe, 0x10,
    0x0, 0xe, 0x20, 0x0, 0x0, 0xe, 0x10, 0x0,
    0xe, 0x20, 0x0,

    /* U+679C "果" */
    0x0, 0xed, 0xdd, 0xfd, 0xdd, 0xde, 0x0, 0x0,
    0xe2, 0x0, 0xe3, 0x0, 0x3e, 0x0, 0x0, 0xee,
    0xee, 0xfe, 0xee, 0xee, 0x0, 0x0, 0xe2, 0x0,
    0xe3, 0x0, 0x3e, 0x0, 0x0, 0xe5, 0x33, 0xe5,
    0x33, 0x6e, 0x0, 0x0, 0xab, 0xbb, 0xfc, 0xbb,
    0xba, 0x0, 0x1, 0x11, 0x11, 0xe4, 0x11, 0x11,
    0x10, 0x6d, 0xdd, 0xdf, 0xff, 0xed, 0xdd, 0xa0,
    0x0, 0x0, 0x8c, 0xfa, 0xc1, 0x0, 0x0, 0x0,
    0x3c, 0xa0, 0xe3, 0x4d, 0x70, 0x0, 0x4c, 0xd5,
    0x0, 0xe3, 0x1, 0x9e, 0x80, 0x35, 0x0, 0x0,
    0xe3, 0x0, 0x1, 0x40,

    /* U+67A3 "枣" */
    0x0, 0x0, 0x0, 0xc5, 0x0, 0x0, 0x0, 0x4c,
    0xcc, 0xcc, 0xfd, 0xcc, 0xcc, 0xb0, 0x13, 0x33,
    0x33, 0xd7, 0x33, 0x33, 0x20, 0x0, 0xbb, 0xbb,
    0xfd, 0xbb, 0xbb, 0x0, 0x1, 0xf2, 0x23, 0xe9,
    0x22, 0x2f, 0x10, 0x1, 0xf0, 0x1c, 0xff, 0x70,
    0xf, 0x10, 0x0, 0x87, 0xe5, 0xc5, 0x9c, 0x45,
    0x0, 0x49, 0xe9, 0x30, 0x73, 0x3, 0xcd, 0x71,
    0x37, 0x10, 0xae, 0xc9, 0x52, 0x3, 0x70, 0x0,
    0x0, 0x0, 0x26, 0xae, 0x50, 0x0, 0x0, 0x3c,
    0x96, 0x30, 0x0, 0x0, 0x0, 0x0, 0x2, 0x59,
    0xcf, 0xc8, 0x40, 0x0, 0x0, 0x0, 0x0, 0x0,
    0x48, 0xc1, 0x0,

    /* U+67AA "枪" */
    0x0, 0x0, 0x0, 0x0, 0x0, 0x0, 0x0, 0x0,
    0x2e, 0x0, 0x0, 0x6b, 0x0, 0x0, 0x0, 0x2e,
    0x0, 0x0, 0xee, 0x20, 0x0, 0x0, 0x2e, 0x0,
    0x9, 0x94, 0xd0, 0x0, 0xf, 0xff, 0xf6, 0x7d,
    0x0, 0x8b, 0x0, 0x1, 0x6f, 0x18, 0xe2, 0x0,
    0xb, 0xc1, 0x0, 0xaf, 0x7a, 0x8f, 0xff, 0xf9,
    0x92, 0x0, 0xee, 0xc2, 0x6a, 0x0, 0x79, 0x0,
    0x6, 0xae, 0x59, 0x6a, 0x0, 0x78, 0x0, 0xd,
    0x4e, 0x1, 0x6a, 0x0, 0x96, 0x0, 0x3b, 0x2e,
    0x0, 0x6a, 0x5d, 0xc2, 0x0, 0x1, 0x2e, 0x0,
    0x6a, 0x0, 0x0, 0xc0, 0x0, 0x2e, 0x0, 0x6a,
    0x0, 0x2, 0xd0, 0x0, 0x2e, 0x0, 0x2d, 0xff,
    0xff, 0x70,

    /* U+67AB "枫" */
    0x0, 0x4b, 0x0, 0x0, 0x0, 0x0, 0x0, 0x0,
    0x4b, 0x3, 0xff, 0xff, 0xff, 0x30, 0x0, 0x4c,
    0x3, 0xc0, 0x0, 0xb, 0x30, 0xf, 0xff, 0xf7,
    0xc4, 0x0, 0xcb, 0x30, 0x0, 0x7d, 0x3, 0xca,
    0x54, 0x9b, 0x30, 0x0, 0xcf, 0x73, 0xc1, 0xda,
    0x4b, 0x30, 0x1, 0xfc, 0xd5, 0xc0, 0x9f, 0xb,
    0x30, 0x8, 0xab, 0x48, 0xb0, 0x6e, 0xa, 0x30,
    0x1e, 0x5b, 0x5, 0xa0, 0xcc, 0x59, 0x40, 0x18,
    0x4b, 0x7, 0x75, 0xb3, 0xc8, 0x50, 0x0, 0x4b,
    0xb, 0x5e, 0x20, 0xca, 0x62, 0x0, 0x4b, 0x2e,
    0x26, 0x0, 0x14, 0xba, 0x0, 0x4b, 0x66, 0x0,
    0x0, 0x0, 0xd4, 0x0, 0x0, 0x0, 0x0, 0x0,
    0x0, 0x0,

    /* U+67DC "柜" */
    0x0, 0x1e, 0x0, 0x0, 0x0, 0x0, 0x0, 0x0,
    0x1e, 0x0, 0xbf, 0xff, 0xff, 0xf5, 0x1, 0x3f,
    0x11, 0xb5, 0x0, 0x0, 0x0, 0x1d, 0xdf, 0xd8,
    0xb5, 0x0, 0x0, 0x0, 0x0, 0x6f, 0x10, 0xbf,
    0xff, 0xff, 0xc0, 0x0, 0xaf, 0xa0, 0xb6, 0x0,
    0x3, 0xc0, 0x0, 0xde, 0xa4, 0xb5, 0x0, 0x3,
    0xc0, 0x6, 0x8e, 0x23, 0xb6, 0x0, 0x3, 0xc0,
    0xd, 0x3e, 0x0, 0xbf, 0xff, 0xff, 0xc0, 0x3a,
    0x1e, 0x0, 0xb5, 0x0, 0x0, 0x0, 0x1, 0x1e,
    0x0, 0xb5, 0x0, 0x0, 0x0, 0x0, 0x1e, 0x0,
    0xb8, 0x44, 0x44, 0x42, 0x0, 0x1e, 0x0, 0x8c,
    0xcc, 0xcc, 0xc7,

    /* U+67E0 "柠" */
    0x0, 0x0, 0x0, 0x0, 0x0, 0x0, 0x0, 0x0,
    0x1e, 0x0, 0x0, 0x3c, 0x0, 0x0, 0x0, 0x1e,
    0x0, 0x0, 0xe, 0x30, 0x0, 0x0, 0x2e, 0x0,
    0xbb, 0xbd, 0xbb, 0xb9, 0xf, 0xff, 0xf6, 0xf4,
    0x44, 0x44, 0x7c, 0x0, 0x4f, 0x0, 0xe0, 0x0,
    0x0, 0x3c, 0x0, 0x8f, 0xa0, 0x54, 0x44, 0x44,
    0x54, 0x0, 0xde, 0xb5, 0xaa, 0xaf, 0xba, 0xa8,
    0x5, 0xae, 0x33, 0x0, 0xe, 0x20, 0x0, 0xd,
    0x3e, 0x0, 0x0, 0xe, 0x20, 0x0, 0x2a, 0x1e,
    0x0, 0x0, 0xe, 0x20, 0x0, 0x0, 0x1e, 0x0,
    0x0, 0xe, 0x20, 0x0, 0x0, 0x1e, 0x0, 0x0,
    0xe, 0x20, 0x0, 0x0, 0x1e, 0x0, 0x6, 0xfd,
    0x0, 0x0, 0x0, 0x0, 0x0, 0x0, 0x0, 0x0,
    0x0,

    /* U+67FF "柿" */
    0x0, 0x0, 0x0, 0x0, 0x0, 0x0, 0x0, 0x0,
    0x3c, 0x0, 0x0, 0x79, 0x0, 0x0, 0x0, 0x3c,
    0x0, 0x0, 0x1f, 0x20, 0x0, 0x0, 0x3c, 0x5,
    0xdd, 0xdf, 0xed, 0xd7, 0x2f, 0xff, 0xf8, 0x22,
    0x2f, 0x42, 0x21, 0x0, 0x7d, 0x0, 0x0, 0xe,
    0x10, 0x0, 0x0, 0xbf, 0x60, 0xef, 0xff, 0xff,
    0xf2, 0x0, 0xfc, 0xd1, 0xe1, 0xe, 0x10, 0xd2,
    0x5, 0xbc, 0x65, 0xe1, 0xe, 0x10, 0xd2, 0xc,
    0x5c, 0x0, 0xe1, 0xe, 0x10, 0xd2, 0x2c, 0x3c,
    0x0, 0xe1, 0xe, 0x10, 0xd2, 0x1, 0x3c, 0x0,
    0xe1, 0xe, 0x3e, 0xe1, 0x0, 0x3c, 0x0, 0x10,
    0xe, 0x10, 0x0, 0x0, 0x3c, 0x0, 0x0, 0xe,
    0x10, 0x0, 0x0, 0x0, 0x0, 0x0, 0x0, 0x0,
    0x0,

    /* U+6807 "标" */
    0x0, 0x2e, 0x0, 0x0, 0x0, 0x0, 0x0, 0x0,
    0x2e, 0x0, 0x3e, 0xee, 0xee, 0xd0, 0x0, 0x2e,
    0x0, 0x1, 0x11, 0x11, 0x10, 0x3e, 0xff, 0xeb,
    0x0, 0x0, 0x0, 0x0, 0x2, 0x9f, 0x32, 0x55,
    0x55, 0x55, 0x52, 0x0, 0xcf, 0xa1, 0xaa, 0xaf,
    0xba, 0xa4, 0x2, 0xde, 0x97, 0x0, 0xd, 0x30,
    0x0, 0xa, 0x7e, 0x5, 0xb, 0xd, 0x38, 0x30,
    0x4d, 0x2e, 0x0, 0x5b, 0xd, 0x35, 0x90, 0x44,
    0x2e, 0x0, 0xc4, 0xd, 0x30, 0xd0, 0x0, 0x2e,
    0x5, 0xc0, 0xd, 0x30, 0xa3, 0x0, 0x2e, 0x5,
    0x20, 0xd, 0x30, 0x42, 0x0, 0x2e, 0x0, 0x7,
    0xfe, 0x10, 0x0, 0x0, 0x1, 0x0, 0x0, 0x0,
    0x0, 0x0,

    /* U+6811 "树" */
    0x0, 0x0, 0x0, 0x0, 0x0, 0x0, 0x0, 0x0,
    0xe1, 0x0, 0x0, 0x0, 0xe, 0x10, 0x0, 0xe1,
    0x4, 0x44, 0x0, 0xe, 0x10, 0x0, 0xe1, 0x1a,
    0xae, 0x10, 0xe, 0x10, 0x6f, 0xff, 0x50, 0xd,
    0x9e, 0xef, 0xe2, 0x0, 0xf2, 0x2a, 0xd, 0x0,
    0xe, 0x20, 0x4, 0xfa, 0xc, 0x6b, 0x14, 0xe,
    0x10, 0x8, 0xfc, 0x33, 0xf7, 0xd, 0x1e, 0x10,
    0xc, 0xe4, 0x70, 0xc6, 0x7, 0x8e, 0x10, 0x3a,
    0xe1, 0x0, 0xed, 0x1, 0x9e, 0x10, 0x94, 0xe1,
    0x6, 0x9a, 0x50, 0xe, 0x10, 0x10, 0xe1, 0xe,
    0x22, 0x10, 0xe, 0x10, 0x0, 0xe1, 0x89, 0x0,
    0x0, 0xe, 0x10, 0x0, 0xe1, 0x10, 0x0, 0xa,
    0xfc, 0x0, 0x0, 0x0, 0x0, 0x0, 0x0, 0x0,
    0x0,

    /* U+6817 "栗" */
    0xd, 0xee, 0xef, 0xee, 0xfe, 0xee, 0xe2, 0x0,
    0x0, 0xf, 0x0, 0xe1, 0x0, 0x0, 0x1, 0xee,
    0xef, 0xee, 0xfe, 0xee, 0x20, 0x1, 0xe0, 0xf,
    0x0, 0xe1, 0xd, 0x30, 0x1, 0xf6, 0x6f, 0x66,
    0xf7, 0x6e, 0x30, 0x0, 0x77, 0x77, 0x88, 0x77,
    0x77, 0x10, 0x0, 0x0, 0x0, 0x6a, 0x0, 0x0,
    0x0, 0x3f, 0xff, 0xff, 0xff, 0xff, 0xff, 0xf3,
    0x0, 0x0, 0x1c, 0xdd, 0xd2, 0x0, 0x0, 0x0,
    0x6, 0xe6, 0x6a, 0x3e, 0x70, 0x0, 0x17, 0xeb,
    0x20, 0x6a, 0x1, 0xae, 0x71, 0x7, 0x30, 0x0,
    0x6a, 0x0, 0x2, 0x80,

    /* U+6839 "根" */
    0x0, 0x1e, 0x0, 0x0, 0x0, 0x0, 0x0, 0x0,
    0x1e, 0x0, 0xfe, 0xee, 0xef, 0x50, 0x2, 0x4e,
    0x22, 0xf0, 0x0, 0xa, 0x50, 0x2b, 0xcf, 0xb6,
    0xfc, 0xcc, 0xce, 0x50, 0x0, 0x5f, 0x0, 0xf2,
    0x22, 0x2b, 0x50, 0x0, 0xaf, 0x90, 0xf0, 0x0,
    0xa, 0x50, 0x1, 0xde, 0xb3, 0xfe, 0xee, 0xef,
    0x50, 0x7, 0x8e, 0x34, 0xf0, 0x78, 0x0, 0x50,
    0x1e, 0x2e, 0x0, 0xf0, 0x2e, 0x3c, 0xa0, 0x38,
    0x1e, 0x0, 0xf0, 0xa, 0xe5, 0x0, 0x0, 0x1e,
    0x0, 0xf0, 0x1, 0xe5, 0x0, 0x0, 0x1e, 0x1,
    0xf8, 0xb8, 0x3e, 0x81, 0x0, 0x1e, 0x2, 0xc7,
    0x30, 0x2, 0xb3, 0x0, 0x0, 0x0, 0x0, 0x0,
    0x0, 0x0,

    /* U+683C "格" */
    0x0, 0x0, 0x0, 0x0, 0x0, 0x0, 0x0, 0x0,
    0x1e, 0x0, 0x0, 0xd1, 0x0, 0x0, 0x0, 0x1e,
    0x0, 0x7, 0xe7, 0x77, 0x20, 0x0, 0x1e, 0x0,
    0x2f, 0x87, 0x7f, 0x40, 0x2f, 0xff, 0xfc, 0xdd,
    0x70, 0x5c, 0x0, 0x0, 0x5f, 0x8, 0x91, 0xe5,
    0xe3, 0x0, 0x0, 0x9f, 0x80, 0x0, 0x6f, 0x80,
    0x0, 0x0, 0xde, 0xc5, 0x5, 0xe8, 0xe7, 0x0,
    0x5, 0x9e, 0x29, 0xbc, 0x30, 0x2b, 0xe5, 0xc,
    0x3e, 0x8, 0xaf, 0xee, 0xef, 0xa2, 0x5a, 0x1e,
    0x0, 0x69, 0x0, 0x8, 0x70, 0x12, 0x1e, 0x0,
    0x69, 0x0, 0x8, 0x70, 0x0, 0x1e, 0x0, 0x6a,
    0x33, 0x3a, 0x70, 0x0, 0x1e, 0x0, 0x6e, 0xbb,
    0xbe, 0x70, 0x0, 0x0, 0x0, 0x0, 0x0, 0x0,
    0x0,

    /* U+6842 "桂" */
    0x0, 0x2d, 0x0, 0x0, 0x1e, 0x0, 0x0, 0x0,
    0x2d, 0x0, 0x0, 0x1f, 0x0, 0x0, 0x0, 0x3d,
    0x0, 0xee, 0xef, 0xee, 0xc0, 0xe, 0xff, 0xf8,
    0x22, 0x3f, 0x22, 0x10, 0x0, 0x6e, 0x0, 0x0,
    0x1f, 0x0, 0x0, 0x0, 0xbf, 0x86, 0xdd, 0xdf,
    0xdd, 0xd6, 0x1, 0xdd, 0xb4, 0x22, 0x3a, 0x22,
    0x21, 0x8, 0x8d, 0x20, 0x0, 0x1f, 0x0, 0x0,
    0x2e, 0x2d, 0x3, 0xee, 0xff, 0xee, 0xe0, 0x36,
    0x2d, 0x0, 0x11, 0x2f, 0x11, 0x10, 0x0, 0x2d,
    0x0, 0x0, 0x1f, 0x0, 0x0, 0x0, 0x2d, 0x1a,
    0xaa, 0xbf, 0xaa, 0xa6, 0x0, 0x2d, 0x5, 0x55,
    0x55, 0x55, 0x53,

    /* U+6863 "档" */
    0x0, 0x1e, 0x0, 0x0, 0x1e, 0x0, 0x0, 0x0,
    0x1e, 0x1, 0xd0, 0x1f, 0x1, 0xe0, 0x0, 0x1e,
    0x0, 0xb4, 0x1f, 0x6, 0xa0, 0x1f, 0xff, 0xfa,
    0x5b, 0x1f, 0xc, 0x30, 0x0, 0x6f, 0x0, 0x5,
    0x1f, 0x17, 0x0, 0x0, 0xaf, 0x82, 0x99, 0xaf,
    0x99, 0x90, 0x0, 0xde, 0xb6, 0x66, 0x66, 0x66,
    0xf0, 0x5, 0x9e, 0x26, 0x0, 0x0, 0x0, 0xf0,
    0xd, 0x3e, 0x1, 0xff, 0xff, 0xff, 0xf0, 0x4a,
    0x1e, 0x0, 0x0, 0x0, 0x0, 0xf0, 0x1, 0x1e,
    0x0, 0x0, 0x0, 0x0, 0xf0, 0x0, 0x1e, 0x9,
    0xff, 0xff, 0xff, 0xf0, 0x0, 0x1e, 0x0, 0x0,
    0x0, 0x0, 0xf0,

    /* U+6876 "桶" */
    0x0, 0x4b, 0x0, 0x0, 0x0, 0x0, 0x0, 0x4,
    0xb0, 0x5e, 0xee, 0xee, 0xf6, 0x0, 0x4c, 0x0,
    0x7, 0x31, 0xb9, 0x0, 0xff, 0xff, 0x50, 0x5c,
    0xf8, 0x0, 0x0, 0x7c, 0x3, 0x77, 0x7c, 0xf7,
    0x60, 0xc, 0xf4, 0x7c, 0x78, 0xf7, 0x8c, 0x2,
    0xec, 0xd8, 0x80, 0x1e, 0x2, 0xc0, 0x99, 0xb5,
    0x8f, 0xee, 0xfe, 0xec, 0x2d, 0x4b, 0x7, 0x80,
    0x1e, 0x2, 0xc1, 0x54, 0xb0, 0x7f, 0xef, 0xfe,
    0xfc, 0x0, 0x4b, 0x7, 0x80, 0x1e, 0x2, 0xc0,
    0x4, 0xb0, 0x78, 0x1, 0xe0, 0x2c, 0x0, 0x4b,
    0x7, 0x80, 0x1c, 0x2e, 0x90, 0x0, 0x0, 0x0,
    0x0, 0x0, 0x0,

    /* U+6885 "梅" */
    0x0, 0xd1, 0x0, 0x4a, 0x0, 0x0, 0x0, 0x0,
    0xd1, 0x0, 0xa7, 0x0, 0x0, 0x0, 0x0, 0xd1,
    0x2, 0xfe, 0xee, 0xee, 0xe0, 0x5a, 0xfb, 0x4b,
    0x60, 0x0, 0x0, 0x0, 0x13, 0xf5, 0x29, 0xaf,
    0xee, 0xef, 0x80, 0x3, 0xf9, 0x0, 0xd4, 0x85,
    0x6, 0x80, 0x8, 0xfc, 0x30, 0xf2, 0x9, 0x47,
    0x70, 0xc, 0xe5, 0xae, 0xfe, 0xee, 0xef, 0xf6,
    0x4a, 0xd1, 0x3, 0xd0, 0x93, 0x9, 0x60, 0x93,
    0xd1, 0x6, 0xb0, 0x1a, 0x1a, 0x50, 0x0, 0xd1,
    0x9, 0xfe, 0xee, 0xef, 0xe0, 0x0, 0xd1, 0x0,
    0x0, 0x0, 0xe, 0x10, 0x0, 0xd1, 0x0, 0x0,
    0x9, 0xea, 0x0, 0x0, 0x10, 0x0, 0x0, 0x0,
    0x0, 0x0,

    /* U+68A8 "梨" */
    0x0, 0x12, 0x47, 0x80, 0x0, 0x1, 0xe0, 0x8,
    0xbb, 0xf7, 0x50, 0x1e, 0x1, 0xe0, 0x0, 0x1,
    0xe0, 0x0, 0x1e, 0x1, 0xe0, 0xe, 0xef, 0xfe,
    0xe7, 0x1e, 0x1, 0xe0, 0x0, 0x2d, 0xfb, 0x20,
    0x1e, 0x1, 0xe0, 0x3, 0xd4, 0xe3, 0xc2, 0x1a,
    0x1, 0xe0, 0xa, 0x21, 0xe0, 0x0, 0x0, 0x9a,
    0xd0, 0x0, 0x0, 0x30, 0x2e, 0x0, 0x22, 0x0,
    0xe, 0xee, 0xee, 0xef, 0xee, 0xee, 0xe9, 0x0,
    0x0, 0x1b, 0xbf, 0xe6, 0x0, 0x0, 0x0, 0x5,
    0xd7, 0x2e, 0x2c, 0xa2, 0x0, 0x5, 0xcd, 0x30,
    0x2e, 0x0, 0x7e, 0xa4, 0x9, 0x50, 0x0, 0x2e,
    0x0, 0x0, 0x75,

    /* U+68D2 "棒" */
    0x0, 0x0, 0x0, 0x0, 0x0, 0x0, 0x0, 0x0,
    0x4b, 0x0, 0x0, 0x3c, 0x0, 0x0, 0x0, 0x4b,
    0x7, 0xcc, 0xde, 0xcc, 0xa0, 0x0, 0x4b, 0x1,
    0x22, 0xa7, 0x22, 0x10, 0xc, 0xdf, 0xd4, 0xdd,
    0xfd, 0xdd, 0x50, 0x2, 0x9d, 0x30, 0x4, 0xc0,
    0x0, 0x0, 0x0, 0xaf, 0x4c, 0xef, 0xfe, 0xee,
    0xe2, 0x0, 0xeb, 0xb0, 0x6d, 0x22, 0x78, 0x0,
    0x4, 0xcb, 0x54, 0xe2, 0x69, 0xc, 0x50, 0xb,
    0x6b, 0x2e, 0x7d, 0xef, 0xd4, 0xd4, 0x1c, 0x4b,
    0x2, 0x0, 0x69, 0x0, 0x10, 0x1, 0x4b, 0x7,
    0xee, 0xff, 0xee, 0x50, 0x0, 0x4b, 0x0, 0x0,
    0x69, 0x0, 0x0, 0x0, 0x4b, 0x0, 0x0, 0x69,
    0x0, 0x0, 0x0, 0x0, 0x0, 0x0, 0x0, 0x0,
    0x0,

    /* U+690D "植" */
    0x0, 0x0, 0x0, 0x0, 0x0, 0x0, 0x0, 0x0,
    0xc4, 0x0, 0x0, 0xa6, 0x0, 0x0, 0x0, 0xc4,
    0x0, 0x0, 0xc3, 0x0, 0x0, 0x0, 0xc4, 0xe,
    0xee, 0xfe, 0xee, 0xa0, 0x7e, 0xfe, 0x90, 0x1,
    0xd0, 0x0, 0x0, 0x1, 0xe5, 0x2, 0xfd, 0xdd,
    0xdf, 0x20, 0x2, 0xfc, 0x2, 0xc0, 0x0, 0xd,
    0x20, 0x7, 0xfa, 0x62, 0xfc, 0xcc, 0xcf, 0x20,
    0xd, 0xc4, 0x72, 0xc0, 0x0, 0xd, 0x20, 0x5a,
    0xc4, 0x2, 0xfc, 0xcc, 0xcf, 0x20, 0xb3, 0xc4,
    0x2, 0xc0, 0x0, 0xd, 0x20, 0x10, 0xc4, 0x2,
    0xfc, 0xcc, 0xcf, 0x20, 0x0, 0xc4, 0x15, 0xd4,
    0x44, 0x4e, 0x51, 0x0, 0xc4, 0x7f, 0xff, 0xff,
    0xff, 0xf6,

    /* U+6912 "椒" */
    0x0, 0xe0, 0x0, 0xf0, 0x0, 0x0, 0x0, 0x0,
    0xe0, 0x0, 0xf0, 0x4d, 0xdd, 0xd0, 0x0, 0xe0,
    0x0, 0xf8, 0x8e, 0x44, 0xf0, 0x6f, 0xff, 0x50,
    0xf7, 0x5d, 0x1, 0xd0, 0x2, 0xf0, 0x0, 0xf0,
    0xa, 0x33, 0xa0, 0x5, 0xf7, 0xaa, 0xfa, 0xa9,
    0x57, 0x70, 0x9, 0xfb, 0x54, 0xf4, 0x45, 0x9b,
    0x30, 0xb, 0xe5, 0x54, 0xe2, 0x21, 0xee, 0x0,
    0x57, 0xe0, 0x67, 0xe3, 0xa0, 0xd8, 0x0, 0x81,
    0xe0, 0xa3, 0xe0, 0xc3, 0xe8, 0x0, 0x0, 0xe1,
    0xd0, 0xe0, 0x3b, 0x9e, 0x10, 0x0, 0xe0, 0x10,
    0xe0, 0x9c, 0x8, 0xa0, 0x0, 0xe0, 0xc, 0xd3,
    0xb0, 0x0, 0xb2, 0x0, 0x0, 0x0, 0x0, 0x0,
    0x0, 0x0,

    /* U+6930 "椰" */
    0x0, 0xe1, 0x0, 0x0, 0x0, 0x0, 0x0, 0x0,
    0xe1, 0x9f, 0xce, 0xec, 0xde, 0xe0, 0x0, 0xe1,
    0x1d, 0x8, 0x6c, 0x25, 0xb0, 0x6f, 0xff, 0x6d,
    0x8, 0x6c, 0x29, 0x60, 0x2, 0xf4, 0x1f, 0xef,
    0x6c, 0x2d, 0x10, 0x3, 0xf8, 0x1d, 0x8, 0x6c,
    0x3e, 0x0, 0x7, 0xfd, 0x3d, 0x18, 0x6c, 0x29,
    0x60, 0xc, 0xe6, 0x6f, 0xde, 0x6c, 0x20, 0xd0,
    0x2b, 0xe1, 0x1d, 0x8, 0x6c, 0x20, 0xb2, 0x85,
    0xe1, 0x1d, 0x2a, 0xbc, 0x20, 0xd1, 0x10, 0xe1,
    0xde, 0xbc, 0x9c, 0x4d, 0x80, 0x0, 0xe1, 0x10,
    0x8, 0x6c, 0x20, 0x0, 0x0, 0xe1, 0x0, 0x8,
    0x6c, 0x20, 0x0, 0x0, 0x0, 0x0, 0x0, 0x0,
    0x0, 0x0,

    /* U+693F "椿" */
    0x0, 0x0, 0x0, 0x0, 0x0, 0x0, 0x0, 0x0,
    0xd2, 0x0, 0x0, 0x1e, 0x0, 0x0, 0x0, 0xd2,
    0x7, 0xaa, 0xbf, 0xaa, 0x80, 0x0, 0xd2, 0x2,
    0x33, 0xaa, 0x33, 0x20, 0x7f, 0xff, 0x73, 0xbb,
    0xed, 0xbb, 0x50, 0x0, 0xf3, 0x0, 0x15, 0xe2,
    0x11, 0x0, 0x4, 0xfb, 0x1c, 0xce, 0xfc, 0xcc,
    0xc0, 0x8, 0xfa, 0x51, 0x7e, 0x21, 0x89, 0x10,
    0xc, 0xd3, 0x74, 0xfe, 0xdd, 0xef, 0x30, 0x4a,
    0xd2, 0x5e, 0xb7, 0x0, 0x5d, 0xe2, 0x93, 0xd2,
    0x2, 0x7d, 0xbb, 0xda, 0x10, 0x10, 0xd2, 0x0,
    0x77, 0x11, 0x6a, 0x0, 0x0, 0xd2, 0x0, 0x78,
    0x22, 0x7a, 0x0, 0x0, 0xd2, 0x0, 0x7d, 0xbb,
    0xca, 0x0, 0x0, 0x0, 0x0, 0x0, 0x0, 0x0,
    0x0,

    /* U+6942 "楂" */
    0x0, 0x0, 0x0, 0x0, 0x0, 0x0, 0x0, 0x0,
    0x2d, 0x0, 0x0, 0x6a, 0x0, 0x0, 0x0, 0x2d,
    0x2, 0x33, 0x8c, 0x33, 0x30, 0x0, 0x2d, 0x7,
    0xbc, 0xff, 0xeb, 0xb1, 0xf, 0xff, 0xf6, 0xb,
    0xbc, 0xd3, 0x0, 0x0, 0x6e, 0x0, 0xa8, 0x6a,
    0x3e, 0x50, 0x0, 0xaf, 0x4b, 0x70, 0x6a, 0x2,
    0xd5, 0x0, 0xee, 0xc1, 0xcd, 0xdd, 0xdd, 0x40,
    0x5, 0xad, 0x73, 0xe1, 0x0, 0xb, 0x40, 0xc,
    0x4d, 0x0, 0xec, 0xcc, 0xcf, 0x40, 0x3c, 0x2d,
    0x0, 0xe1, 0x0, 0xb, 0x40, 0x2, 0x2d, 0x0,
    0xbc, 0xcc, 0xcc, 0x30, 0x0, 0x2d, 0x0, 0x0,
    0x0, 0x0, 0x0, 0x0, 0x2d, 0xc, 0xee, 0xee,
    0xee, 0xe8,

    /* U+6AAC "檬" */
    0x0, 0xd1, 0x0, 0x4a, 0x2, 0xc0, 0x0, 0x0,
    0xd1, 0x3d, 0xef, 0xdd, 0xfd, 0xd2, 0x0, 0xd1,
    0x0, 0x4a, 0x3, 0xc0, 0x0, 0x7f, 0xff, 0x7d,
    0xcc, 0xcc, 0xcc, 0xd0, 0x0, 0xf2, 0x2b, 0x35,
    0x55, 0x51, 0xe0, 0x4, 0xfa, 0x2, 0x47, 0x77,
    0x71, 0x30, 0x8, 0xfb, 0x7c, 0xcc, 0xcc, 0xcc,
    0xc1, 0xc, 0xe4, 0x41, 0x7d, 0x80, 0x5, 0x30,
    0x3a, 0xd1, 0x1a, 0x46, 0xf5, 0xbb, 0x20, 0x94,
    0xd1, 0x17, 0xb6, 0x8d, 0xa5, 0x0, 0x10, 0xd1,
    0x15, 0x3a, 0x9d, 0x2d, 0x0, 0x0, 0xd1, 0x6b,
    0xa2, 0x2c, 0x8, 0xb0, 0x0, 0xd1, 0x41, 0xc,
    0xe5, 0x0, 0x50, 0x0, 0x0, 0x0, 0x0, 0x0,
    0x0, 0x0,

    /* U+6B21 "次" */
    0x0, 0x0, 0x0, 0x52, 0x0, 0x0, 0x0, 0x6,
    0x0, 0x0, 0xe4, 0x0, 0x0, 0x0, 0x9, 0xe4,
    0x2, 0xf3, 0x22, 0x22, 0x20, 0x0, 0x4d, 0x8,
    0xfe, 0xee, 0xee, 0xf0, 0x0, 0x0, 0xe, 0x40,
    0x70, 0x6, 0xb0, 0x0, 0x0, 0x7d, 0x0, 0xf1,
    0xc, 0x50, 0x0, 0x0, 0x74, 0x1, 0xf2, 0x1c,
    0x0, 0x0, 0xc, 0x10, 0x3, 0xf6, 0x0, 0x0,
    0x0, 0x7c, 0x0, 0x8, 0xeb, 0x0, 0x0, 0x3,
    0xf2, 0x0, 0x1e, 0x4e, 0x40, 0x0, 0xd, 0x80,
    0x0, 0xba, 0x5, 0xd1, 0x0, 0x2a, 0x0, 0x1c,
    0xc0, 0x0, 0x9d, 0x30, 0x0, 0x4, 0xf9, 0x0,
    0x0, 0x7, 0xf3, 0x0, 0x0, 0x20, 0x0, 0x0,
    0x0, 0x10,

    /* U+6B23 "欣" */
    0x0, 0x0, 0x27, 0x0, 0x93, 0x0, 0x0, 0x3,
    0x9c, 0xa6, 0x0, 0xe2, 0x0, 0x0, 0x8, 0x80,
    0x0, 0x3, 0xfb, 0xbb, 0xc5, 0x8, 0x70, 0x0,
    0x8, 0xa3, 0x33, 0xc5, 0x8, 0xc8, 0x88, 0x4e,
    0x39, 0x20, 0xe1, 0x8, 0xb7, 0xf8, 0x9b, 0xb,
    0x32, 0xc0, 0x8, 0x70, 0xe1, 0x1, 0xc, 0x40,
    0x20, 0x8, 0x70, 0xe1, 0x0, 0xe, 0x80, 0x0,
    0x9, 0x60, 0xe1, 0x0, 0x2e, 0xd0, 0x0, 0xa,
    0x50, 0xe1, 0x0, 0x98, 0xc4, 0x0, 0xd, 0x20,
    0xe1, 0x2, 0xe1, 0x4d, 0x0, 0x2e, 0x0, 0xe1,
    0x1d, 0x60, 0x9, 0xa0, 0x26, 0x0, 0xa1, 0xa8,
    0x0, 0x0, 0xb4, 0x0, 0x0, 0x0, 0x0, 0x0,
    0x0, 0x0,

    /* U+6B27 "欧" */
    0x0, 0x0, 0x0, 0xa, 0x30, 0x0, 0xf, 0xff,
    0xff, 0xf1, 0xd1, 0x0, 0x0, 0xf1, 0x0, 0x13,
    0x1f, 0xbb, 0xbc, 0x5f, 0xa2, 0x6, 0x95, 0xb3,
    0x33, 0xc4, 0xf6, 0xc0, 0xb3, 0xb4, 0xa3, 0xe,
    0x1f, 0x1b, 0x8d, 0x2d, 0xc, 0x33, 0xc0, 0xf1,
    0x2f, 0x70, 0x0, 0xc4, 0x1, 0xf, 0x11, 0xf9,
    0x0, 0xe, 0x70, 0x0, 0xf1, 0x99, 0xe2, 0x1,
    0xfc, 0x0, 0xf, 0x4e, 0x7, 0xa0, 0x5b, 0xe2,
    0x0, 0xfd, 0x40, 0x17, 0xb, 0x67, 0xb0, 0xf,
    0x43, 0x33, 0x33, 0xe0, 0xd, 0x70, 0xbc, 0xcc,
    0xcc, 0xd5, 0x0, 0x2e, 0x30, 0x0, 0x0, 0x1,
    0x0, 0x0, 0x10,

    /* U+6B62 "止" */
    0x0, 0x0, 0x0, 0x9, 0x80, 0x0, 0x0, 0x0,
    0x0, 0x0, 0x9, 0x80, 0x0, 0x0, 0x0, 0x0,
    0x0, 0x9, 0x80, 0x0, 0x0, 0x0, 0x1b, 0x0,
    0x9, 0x80, 0x0, 0x0, 0x0, 0x2e, 0x0, 0x9,
    0x81, 0x11, 0x10, 0x0, 0x2e, 0x0, 0x9, 0xff,
    0xff, 0xf1, 0x0, 0x2e, 0x0, 0x9, 0x80, 0x0,
    0x0, 0x0, 0x2e, 0x0, 0x9, 0x80, 0x0, 0x0,
    0x0, 0x2e, 0x0, 0x9, 0x80, 0x0, 0x0, 0x0,
    0x2e, 0x0, 0x9, 0x80, 0x0, 0x0, 0x0, 0x2e,
    0x0, 0x9, 0x80, 0x0, 0x0, 0x9, 0xaf, 0x99,
    0x9d, 0xd9, 0x99, 0x97, 0x6, 0x66, 0x66, 0x66,
    0x66, 0x66, 0x64,

    /* U+6B63 "正" */
    0x9, 0xff, 0xff, 0xff, 0xff, 0xff, 0xe0, 0x0,
    0x11, 0x11, 0x3f, 0x11, 0x11, 0x10, 0x0, 0x0,
    0x0, 0x1f, 0x0, 0x0, 0x0, 0x0, 0x3, 0x0,
    0x1f, 0x0, 0x0, 0x0, 0x0, 0x2e, 0x0, 0x1f,
    0x0, 0x0, 0x0, 0x0, 0x2e, 0x0, 0x1f, 0xff,
    0xff, 0x60, 0x0, 0x2e, 0x0, 0x1f, 0x11, 0x11,
    0x0, 0x0, 0x2e, 0x0, 0x1f, 0x0, 0x0, 0x0,
    0x0, 0x2e, 0x0, 0x1f, 0x0, 0x0, 0x0, 0x0,
    0x2e, 0x0, 0x1f, 0x0, 0x0, 0x0, 0x8, 0x9f,
    0x88, 0x9f, 0x88, 0x88, 0x83, 0x7, 0x77, 0x77,
    0x77, 0x77, 0x77, 0x73,

    /* U+6B65 "步" */
    0x0, 0x0, 0x0, 0x6e, 0x0, 0x0, 0x0, 0x0,
    0xa, 0x0, 0x6e, 0x0, 0x0, 0x0, 0x0, 0x1f,
    0x0, 0x6f, 0xff, 0xfc, 0x0, 0x0, 0x1f, 0x0,
    0x6e, 0x0, 0x0, 0x0, 0x16, 0x7f, 0x66, 0xaf,
    0x66, 0x66, 0x60, 0x18, 0x88, 0x88, 0xae, 0x88,
    0x88, 0x81, 0x0, 0x2, 0xb0, 0x4d, 0x0, 0x28,
    0x0, 0x0, 0x1d, 0x70, 0x4d, 0x0, 0xb9, 0x0,
    0x2, 0xd9, 0x0, 0x4d, 0x9, 0xd0, 0x0, 0x5,
    0x80, 0x0, 0x4d, 0xbd, 0x10, 0x0, 0x0, 0x0,
    0x1, 0x8f, 0x90, 0x0, 0x0, 0x1, 0x47, 0xcf,
    0xa3, 0x0, 0x0, 0x0, 0x1e, 0xd9, 0x50, 0x0,
    0x0, 0x0, 0x0, 0x0, 0x0, 0x0, 0x0, 0x0,
    0x0, 0x0,

    /* U+6B66 "武" */
    0x0, 0x0, 0x0, 0x0, 0x5b, 0x45, 0x0, 0x0,
    0xff, 0xff, 0xf4, 0x5b, 0x2e, 0x60, 0x0, 0x0,
    0x0, 0x0, 0x4b, 0x3, 0xe0, 0x1, 0x22, 0x22,
    0x22, 0x5c, 0x22, 0x21, 0xd, 0xdd, 0xdd, 0xdd,
    0xef, 0xdd, 0xd7, 0x0, 0x0, 0x68, 0x0, 0x1e,
    0x0, 0x0, 0x1, 0xb0, 0x79, 0x0, 0xf, 0x0,
    0x0, 0x1, 0xe0, 0x7f, 0xee, 0xe, 0x20, 0x0,
    0x1, 0xe0, 0x79, 0x0, 0xb, 0x50, 0x0, 0x1,
    0xe0, 0x79, 0x0, 0x7, 0x80, 0x11, 0x1, 0xe0,
    0x79, 0x14, 0x33, 0xe0, 0x49, 0x5, 0xf9, 0xdf,
    0xeb, 0x50, 0xc7, 0x77, 0xa, 0x86, 0x30, 0x0,
    0x0, 0x2d, 0xe2,

    /* U+6B8B "残" */
    0x0, 0x0, 0x0, 0x0, 0xd2, 0x60, 0x0, 0x4f,
    0xff, 0xff, 0x10, 0xd3, 0x7d, 0x20, 0x0, 0x96,
    0x0, 0x0, 0xc3, 0x4, 0x20, 0x0, 0xd2, 0x0,
    0x47, 0xed, 0xef, 0xa0, 0x2, 0xff, 0xf9, 0x99,
    0xd7, 0x10, 0x0, 0x7, 0x90, 0x77, 0x0, 0x96,
    0x14, 0x71, 0xe, 0x20, 0xb4, 0x58, 0xdf, 0xda,
    0x71, 0x5a, 0xa8, 0xe1, 0x96, 0x7b, 0x0, 0x90,
    0x1, 0xb, 0xa0, 0x0, 0x1e, 0xa, 0x90, 0x0,
    0xd, 0x30, 0x0, 0xd, 0xd9, 0x0, 0x0, 0x8a,
    0x0, 0x0, 0x6f, 0xb0, 0x20, 0x6, 0xd1, 0x2,
    0x8e, 0xa4, 0xe3, 0x85, 0x1c, 0x20, 0x6, 0x82,
    0x0, 0x5e, 0xe1, 0x0, 0x0, 0x0, 0x0, 0x0,
    0x0, 0x0,

    /* U+6B96 "殖" */
    0x0, 0x0, 0x0, 0x0, 0x0, 0x0, 0x0, 0x0,
    0x0, 0x0, 0x0, 0x1f, 0x0, 0x0, 0x2f, 0xff,
    0xf8, 0x0, 0x3c, 0x0, 0x0, 0x0, 0xa4, 0x2,
    0xee, 0xff, 0xee, 0xe4, 0x0, 0xd1, 0x0, 0x0,
    0x76, 0x0, 0x0, 0x1, 0xff, 0xfc, 0x8d, 0xdd,
    0xde, 0x50, 0x6, 0x80, 0x5a, 0x95, 0x0, 0x9,
    0x60, 0xd, 0x50, 0x87, 0x9d, 0xcc, 0xce, 0x60,
    0x4b, 0xdb, 0xd3, 0x95, 0x0, 0x9, 0x60, 0x1,
    0x9, 0xe0, 0x9d, 0xcc, 0xce, 0x60, 0x0, 0x9,
    0x80, 0x95, 0x0, 0x9, 0x60, 0x0, 0x2f, 0x10,
    0x9d, 0xcc, 0xce, 0x60, 0x1, 0xd7, 0x3, 0xa8,
    0x44, 0x4a, 0x82, 0xc, 0xa0, 0xd, 0xff, 0xff,
    0xff, 0xfa, 0x3, 0x0, 0x0, 0x0, 0x0, 0x0,
    0x0,

    /* U+6BB5 "段" */
    0x0, 0x0, 0x36, 0x0, 0x0, 0x0, 0x0, 0x1,
    0x8d, 0xd7, 0x7, 0xfe, 0xf7, 0x0, 0x5, 0xc2,
    0x0, 0x7, 0x80, 0x87, 0x0, 0x5, 0xb2, 0x21,
    0x8, 0x70, 0x87, 0x0, 0x5, 0xfd, 0xda, 0xd,
    0x30, 0x87, 0x0, 0x5, 0xa0, 0x0, 0x9b, 0x0,
    0x4c, 0xd4, 0x5, 0xc4, 0x43, 0x53, 0x33, 0x33,
    0x0, 0x5, 0xeb, 0xb8, 0x5f, 0xbb, 0xbf, 0x40,
    0x5, 0xa0, 0x0, 0xb, 0x40, 0x2e, 0x0, 0x7,
    0xc7, 0x9b, 0x2, 0xd1, 0xc6, 0x0, 0x6e, 0xd7,
    0x42, 0x0, 0x7f, 0xb0, 0x0, 0x5, 0xa0, 0x0,
    0x5, 0xdb, 0xe6, 0x0, 0x5, 0xa0, 0x3, 0xeb,
    0x40, 0x2a, 0xe2, 0x0, 0x0, 0x0, 0x10, 0x0,
    0x0, 0x0,

    /* U+6BCD "母" */
    0x0, 0xd, 0xff, 0xff, 0xff, 0xfe, 0x0, 0x0,
    0xf, 0x11, 0x50, 0x0, 0x3d, 0x0, 0x0, 0x1f,
    0x1, 0x8d, 0x40, 0x4c, 0x0, 0x0, 0x3d, 0x0,
    0x2, 0x60, 0x5b, 0x0, 0x1e, 0xff, 0xee, 0xee,
    0xee, 0xff, 0xe2, 0x1, 0x89, 0x13, 0x11, 0x11,
    0x8a, 0x10, 0x0, 0xa6, 0x9, 0xc2, 0x0, 0x88,
    0x0, 0x0, 0xd4, 0x0, 0x5e, 0x40, 0x97, 0x0,
    0x0, 0xf2, 0x0, 0x4, 0x20, 0xb6, 0x0, 0x2,
    0xfe, 0xee, 0xee, 0xee, 0xff, 0xd0, 0x0, 0x0,
    0x0, 0x0, 0x3, 0xf0, 0x0, 0x0, 0x0, 0x0,
    0xc, 0xee, 0x60, 0x0, 0x0, 0x0, 0x0, 0x0,
    0x0, 0x0, 0x0,

    /* U+6BCF "每" */
    0x0, 0x3, 0x50, 0x0, 0x0, 0x0, 0x0, 0x0,
    0xc, 0x82, 0x22, 0x22, 0x22, 0x10, 0x0, 0x6f,
    0xdd, 0xdd, 0xdd, 0xdd, 0xc0, 0x2, 0xe3, 0x0,
    0x0, 0x0, 0x0, 0x0, 0x2e, 0x6e, 0xff, 0xff,
    0xff, 0xf8, 0x0, 0x4, 0x1f, 0x3, 0xc4, 0x0,
    0x88, 0x0, 0x0, 0x3d, 0x0, 0x1b, 0x50, 0x97,
    0x0, 0x5f, 0xff, 0xee, 0xee, 0xee, 0xff, 0xf6,
    0x0, 0x78, 0x8, 0xa1, 0x0, 0xa6, 0x0, 0x0,
    0xa6, 0x0, 0x5d, 0x20, 0xb5, 0x0, 0x0, 0xde,
    0xee, 0xef, 0xee, 0xfe, 0xd0, 0x0, 0x11, 0x11,
    0x11, 0x11, 0xf2, 0x0, 0x0, 0x0, 0x0, 0x2,
    0xdd, 0xa0, 0x0, 0x0, 0x0, 0x0, 0x0, 0x0,
    0x0, 0x0,

    /* U+6BD4 "比" */
    0x2d, 0x0, 0x0, 0x5c, 0x0, 0x0, 0x3, 0xe0,
    0x0, 0x5, 0xc0, 0x0, 0x0, 0x3e, 0x0, 0x0,
    0x5c, 0x0, 0x0, 0x3, 0xe0, 0x0, 0x5, 0xc0,
    0x6, 0xa0, 0x3e, 0x33, 0x31, 0x5c, 0x8, 0xf4,
    0x3, 0xfd, 0xdd, 0x55, 0xdb, 0xc2, 0x0, 0x3e,
    0x0, 0x0, 0x5f, 0x70, 0x0, 0x3, 0xe0, 0x0,
    0x5, 0xc0, 0x0, 0x0, 0x3e, 0x0, 0x0, 0x5c,
    0x0, 0x0, 0x3, 0xe0, 0x0, 0x5, 0xc0, 0x0,
    0xd2, 0x3e, 0x0, 0x42, 0x5c, 0x0, 0xe, 0x13,
    0xfa, 0xed, 0x44, 0xd0, 0x1, 0xf0, 0x9e, 0x82,
    0x0, 0x1d, 0xff, 0xf8, 0x1, 0x0, 0x0, 0x0,
    0x0, 0x0, 0x0,

    /* U+6BDB "毛" */
    0x0, 0x0, 0x0, 0x0, 0x16, 0x10, 0x0, 0x0,
    0x1, 0x48, 0xcf, 0xb4, 0x0, 0x59, 0xce, 0xff,
    0x84, 0x0, 0x0, 0x3, 0x53, 0x13, 0xe0, 0x0,
    0x0, 0x0, 0x0, 0x0, 0x3e, 0x46, 0x8a, 0xd4,
    0x3, 0x9b, 0xdf, 0xfb, 0x97, 0x53, 0x0, 0x37,
    0x42, 0x3e, 0x0, 0x0, 0x0, 0x0, 0x0, 0x3,
    0xe1, 0x35, 0x79, 0xb3, 0x46, 0x8a, 0xdf, 0xfd,
    0xa8, 0x64, 0x19, 0x97, 0x55, 0xe0, 0x0, 0x0,
    0x0, 0x0, 0x0, 0x3e, 0x0, 0x0, 0x5, 0x70,
    0x0, 0x2, 0xf1, 0x0, 0x0, 0xa8, 0x0, 0x0,
    0xb, 0xff, 0xff, 0xfd, 0x20,

    /* U+6C0F "氏" */
    0x0, 0x0, 0x0, 0x0, 0x1, 0x30, 0x0, 0x2,
    0x35, 0x79, 0xbe, 0xfb, 0x0, 0x8, 0xec, 0xa9,
    0xd8, 0x20, 0x0, 0x0, 0x88, 0x0, 0xb, 0x50,
    0x0, 0x0, 0x8, 0x80, 0x0, 0xa6, 0x0, 0x0,
    0x0, 0x89, 0x11, 0x19, 0x91, 0x11, 0x10, 0x8,
    0xff, 0xff, 0xff, 0xff, 0xff, 0x50, 0x88, 0x0,
    0x3, 0xd0, 0x0, 0x0, 0x8, 0x80, 0x0, 0xf,
    0x10, 0x0, 0x0, 0x88, 0x0, 0x0, 0xb7, 0x0,
    0x0, 0x8, 0x80, 0x37, 0x24, 0xe0, 0x6, 0x50,
    0xae, 0xec, 0x71, 0xb, 0xb2, 0xa5, 0x9, 0x61,
    0x0, 0x0, 0xa, 0xfd, 0x10,

    /* U+6C11 "民" */
    0x6f, 0xff, 0xff, 0xff, 0xff, 0xd0, 0x6b, 0x0,
    0x0, 0x0, 0x3, 0xd0, 0x6b, 0x0, 0x0, 0x0,
    0x3, 0xd0, 0x6f, 0xff, 0xff, 0xff, 0xff, 0xd0,
    0x6b, 0x0, 0xc, 0x50, 0x0, 0x0, 0x6b, 0x0,
    0xa, 0x70, 0x0, 0x0, 0x6f, 0xff, 0xff, 0xff,
    0xff, 0xf9, 0x6b, 0x0, 0x2, 0xf1, 0x0, 0x0,
    0x6b, 0x0, 0x0, 0xb7, 0x0, 0x0, 0x6b, 0x0,
    0x23, 0x3f, 0x20, 0xb, 0x7d, 0x9d, 0xe6, 0x8,
    0xe4, 0x2b, 0xcd, 0x83, 0x0, 0x0, 0x7e, 0xf5,
    0x10, 0x0, 0x0, 0x0, 0x0, 0x0,

    /* U+6C14 "气" */
    0x0, 0x4, 0x30, 0x0, 0x0, 0x0, 0x0, 0x0,
    0xc, 0x50, 0x0, 0x0, 0x0, 0x0, 0x0, 0x4f,
    0xee, 0xee, 0xee, 0xee, 0xe0, 0x0, 0xd6, 0x0,
    0x0, 0x0, 0x0, 0x0, 0x9, 0xb6, 0xdd, 0xdd,
    0xdd, 0xdc, 0x0, 0x4e, 0x20, 0x0, 0x0, 0x0,
    0x0, 0x0, 0x1, 0xce, 0xee, 0xee, 0xee, 0xd0,
    0x0, 0x0, 0x0, 0x0, 0x0, 0x3, 0xe0, 0x0,
    0x0, 0x0, 0x0, 0x0, 0x1, 0xf0, 0x0, 0x0,
    0x0, 0x0, 0x0, 0x0, 0xf1, 0x0, 0x0, 0x0,
    0x0, 0x0, 0x0, 0xc5, 0x33, 0x0, 0x0, 0x0,
    0x0, 0x0, 0x7b, 0x66, 0x0, 0x0, 0x0, 0x0,
    0x0, 0xc, 0xf2,

    /* U+6C28 "氨" */
    0x0, 0x6, 0x30, 0x0, 0x0, 0x0, 0x0, 0x0,
    0x2f, 0xb9, 0x99, 0x99, 0x99, 0x90, 0x0, 0xd7,
    0x33, 0x33, 0x33, 0x33, 0x30, 0x1c, 0x95, 0xcc,
    0xcc, 0xcc, 0xcc, 0x10, 0x1c, 0x77, 0x77, 0x77,
    0x77, 0x73, 0x0, 0x3, 0x44, 0x4d, 0x54, 0x44,
    0xa8, 0x0, 0x5, 0xcc, 0xcf, 0xdc, 0xc8, 0x78,
    0x0, 0x7, 0x60, 0x92, 0x0, 0x2b, 0x78, 0x0,
    0x9, 0xab, 0xfa, 0xaa, 0xaa, 0x79, 0x0, 0x2,
    0x2e, 0x52, 0x2d, 0x42, 0x5a, 0x0, 0x0, 0x3c,
    0xc8, 0x9a, 0x0, 0x3c, 0x9, 0x0, 0x1, 0x6f,
    0xcd, 0x60, 0xf, 0x49, 0xa, 0xdb, 0x72, 0x2,
    0x9c, 0x7, 0xf5, 0x0, 0x0, 0x0, 0x0, 0x0,
    0x0, 0x0,

    /* U+6C34 "水" */
    0x0, 0x0, 0x0, 0x5d, 0x0, 0x0, 0x0, 0x0,
    0x0, 0x0, 0x5d, 0x0, 0x0, 0x0, 0x0, 0x0,
    0x0, 0x5d, 0x0, 0x0, 0x0, 0x1, 0x11, 0x20,
    0x5d, 0x0, 0xc, 0x50, 0xf, 0xff, 0xfb, 0x5f,
    0x20, 0xab, 0x0, 0x0, 0x0, 0xb7, 0x5f, 0xb9,
    0xb0, 0x0, 0x0, 0x1, 0xf2, 0x5d, 0xcc, 0x0,
    0x0, 0x0, 0x8, 0xb0, 0x5d, 0x3e, 0x20, 0x0,
    0x0, 0x2f, 0x30, 0x5d, 0x6, 0xd1, 0x0, 0x1,
    0xd8, 0x0, 0x5d, 0x0, 0x8e, 0x30, 0x2d, 0xa0,
    0x0, 0x5d, 0x0, 0x7, 0xf7, 0x6, 0x0, 0x12,
    0x6c, 0x0, 0x0, 0x32, 0x0, 0x0, 0x5f, 0xe7,
    0x0, 0x0, 0x0,

    /* U+6C38 "永" */
    0x0, 0x0, 0xa8, 0x30, 0x0, 0x0, 0x0, 0x0,
    0x0, 0x38, 0xee, 0x71, 0x0, 0x0, 0x0, 0x0,
    0x0, 0x4, 0xb3, 0x0, 0x0, 0x0, 0x7f, 0xff,
    0xf7, 0x0, 0x0, 0x0, 0x0, 0x0, 0x0, 0xaa,
    0x0, 0x6, 0x70, 0x0, 0x0, 0x10, 0x9f, 0x0,
    0x6e, 0x30, 0x3f, 0xff, 0xf4, 0x9f, 0x77, 0xd2,
    0x0, 0x0, 0x1, 0xf0, 0x9a, 0xfb, 0x10, 0x0,
    0x0, 0x9, 0x90, 0x98, 0x8b, 0x0, 0x0, 0x0,
    0x5e, 0x10, 0x98, 0xc, 0xa0, 0x0, 0x4, 0xe4,
    0x0, 0x98, 0x1, 0xcc, 0x30, 0x3e, 0x40, 0x0,
    0x98, 0x0, 0x8, 0xe2, 0x0, 0x0, 0x8f, 0xe4,
    0x0, 0x0, 0x0, 0x0, 0x0, 0x0, 0x0, 0x0,
    0x0, 0x0,

    /* U+6C41 "汁" */
    0x9, 0x80, 0x0, 0x0, 0xd4, 0x0, 0x0, 0x2,
    0xbe, 0x20, 0x0, 0xd4, 0x0, 0x0, 0x0, 0x4,
    0x0, 0x0, 0xd4, 0x0, 0x0, 0x0, 0x0, 0x0,
    0x0, 0xd4, 0x0, 0x0, 0x6a, 0x30, 0x0, 0x0,
    0xd4, 0x0, 0x0, 0x7, 0xe6, 0xaf, 0xff, 0xff,
    0xff, 0xf3, 0x0, 0x1, 0x12, 0x22, 0xd6, 0x22,
    0x20, 0x0, 0x1, 0x0, 0x0, 0xd4, 0x0, 0x0,
    0x0, 0xe, 0x10, 0x0, 0xd4, 0x0, 0x0, 0x0,
    0x8a, 0x0, 0x0, 0xd4, 0x0, 0x0, 0x2, 0xf2,
    0x0, 0x0, 0xd4, 0x0, 0x0, 0xb, 0x80, 0x0,
    0x0, 0xd4, 0x0, 0x0, 0x8, 0x0, 0x0, 0x0,
    0xd4, 0x0, 0x0,

    /* U+6C46 "汆" */
    0x0, 0x0, 0x19, 0x10, 0x0, 0x0, 0x0, 0x0,
    0x0, 0xa, 0xf7, 0x0, 0x0, 0x0, 0x0, 0x0,
    0x6e, 0x3a, 0xb1, 0x0, 0x0, 0x0, 0x3b, 0xb1,
    0x0, 0x5e, 0x70, 0x0, 0x4c, 0xd5, 0x0, 0xc5,
    0x1, 0x9e, 0x90, 0x13, 0x0, 0x0, 0xc6, 0x0,
    0x11, 0x30, 0xd, 0xdd, 0xe5, 0xcc, 0x0, 0xc9,
    0x0, 0x2, 0x22, 0xd3, 0xcf, 0x5c, 0x90, 0x0,
    0x0, 0x4, 0xd0, 0xc8, 0xf8, 0x0, 0x0, 0x0,
    0x1d, 0x40, 0xc5, 0x9c, 0x0, 0x0, 0x1, 0xc9,
    0x0, 0xc5, 0xa, 0xd3, 0x0, 0x3e, 0x90, 0x0,
    0xc4, 0x0, 0x7f, 0x80, 0x4, 0x0, 0xaf, 0xe2,
    0x0, 0x1, 0x10, 0x0, 0x0, 0x0, 0x0, 0x0,
    0x0, 0x0,

    /* U+6C47 "汇" */
    0x2, 0x20, 0x0, 0x0, 0x0, 0x0, 0x0, 0x4,
    0xe7, 0x2f, 0xff, 0xff, 0xff, 0xf1, 0x0, 0x1b,
    0x4e, 0x0, 0x0, 0x0, 0x0, 0x0, 0x0, 0x2e,
    0x0, 0x0, 0x0, 0x0, 0x18, 0x10, 0x2e, 0x0,
    0x0, 0x0, 0x0, 0x8, 0xe5, 0x2e, 0x0, 0x0,
    0x0, 0x0, 0x0, 0x32, 0x2e, 0x0, 0x0, 0x0,
    0x0, 0x0, 0x1, 0x2e, 0x0, 0x0, 0x0, 0x0,
    0x0, 0x1e, 0x3e, 0x0, 0x0, 0x0, 0x0, 0x0,
    0x99, 0x2e, 0x0, 0x0, 0x0, 0x0, 0x3, 0xf1,
    0x2e, 0x0, 0x0, 0x0, 0x0, 0xc, 0x70, 0x2f,
    0xdd, 0xdd, 0xdd, 0xd4, 0x5, 0x0, 0x3, 0x33,
    0x33, 0x33, 0x31,

    /* U+6C49 "汉" */
    0x5, 0x70, 0x0, 0x0, 0x0, 0x0, 0x0, 0x1,
    0xad, 0x2e, 0xee, 0xee, 0xef, 0x90, 0x0, 0x4,
    0x15, 0xc1, 0x11, 0x19, 0x80, 0x0, 0x0, 0x0,
    0xe0, 0x0, 0xc, 0x40, 0x2c, 0x40, 0x0, 0xb5,
    0x0, 0x1f, 0x0, 0x3, 0xd7, 0x0, 0x5b, 0x0,
    0x7a, 0x0, 0x0, 0x1, 0x0, 0xe, 0x20, 0xe3,
    0x0, 0x0, 0x3, 0x0, 0x7, 0xa7, 0xb0, 0x0,
    0x0, 0xd, 0x20, 0x0, 0xef, 0x20, 0x0, 0x0,
    0x7a, 0x0, 0x2, 0xee, 0x20, 0x0, 0x1, 0xe2,
    0x0, 0x5e, 0x66, 0xe3, 0x0, 0xa, 0x80, 0x3b,
    0xd3, 0x0, 0x5f, 0x81, 0x6, 0x0, 0x97, 0x0,
    0x0, 0x2, 0xa3,

    /* U+6C5F "江" */
    0x3, 0x10, 0x0, 0x0, 0x0, 0x0, 0x0, 0x6,
    0xe6, 0x5, 0x55, 0x55, 0x55, 0x20, 0x0, 0x2b,
    0x1b, 0xbb, 0xfc, 0xbb, 0x50, 0x0, 0x0, 0x0,
    0x0, 0xe3, 0x0, 0x0, 0x36, 0x0, 0x0, 0x0,
    0xe3, 0x0, 0x0, 0x2a, 0xd3, 0x0, 0x0, 0xe3,
    0x0, 0x0, 0x0, 0x41, 0x0, 0x0, 0xe3, 0x0,
    0x0, 0x0, 0x0, 0x0, 0x0, 0xe3, 0x0, 0x0,
    0x0, 0xd, 0x10, 0x0, 0xe3, 0x0, 0x0, 0x0,
    0x6b, 0x0, 0x0, 0xe3, 0x0, 0x0, 0x1, 0xe3,
    0x0, 0x0, 0xe3, 0x0, 0x0, 0xa, 0x90, 0x8d,
    0xdd, 0xfe, 0xdd, 0xd3, 0xa, 0x10, 0x23, 0x33,
    0x33, 0x33, 0x30,

    /* U+6C64 "汤" */
    0x1, 0x30, 0x0, 0x0, 0x0, 0x0, 0x0, 0x4,
    0xea, 0x4f, 0xff, 0xff, 0xf9, 0x0, 0x0, 0x9,
    0x20, 0x0, 0x1c, 0xa0, 0x0, 0x0, 0x0, 0x0,
    0x4, 0xe7, 0x0, 0x0, 0x6, 0x0, 0x1, 0xad,
    0x30, 0x0, 0x10, 0x1a, 0xe4, 0xe, 0xff, 0xff,
    0xff, 0xf1, 0x0, 0x44, 0x0, 0xe, 0x13, 0xc0,
    0xf0, 0x0, 0x0, 0x0, 0x98, 0xa, 0x60, 0xf0,
    0x0, 0x1d, 0x7, 0xc0, 0x2d, 0x2, 0xe0, 0x0,
    0x7a, 0x6c, 0x10, 0xc5, 0x4, 0xc0, 0x1, 0xe3,
    0x0, 0x9, 0xa0, 0x6, 0xa0, 0x8, 0xb0, 0x0,
    0x9b, 0x0, 0xb, 0x70, 0x8, 0x20, 0xb, 0x90,
    0x8, 0xfd, 0x10, 0x0, 0x0, 0x0, 0x0, 0x0,
    0x0, 0x0,

    /* U+6C7D "汽" */
    0x1, 0x10, 0x0, 0x62, 0x0, 0x0, 0x0, 0x4,
    0xe8, 0x1, 0xe1, 0x0, 0x0, 0x0, 0x0, 0x1a,
    0x18, 0xfe, 0xee, 0xee, 0xe6, 0x0, 0x0, 0x3e,
    0x10, 0x0, 0x0, 0x0, 0x16, 0x0, 0xa4, 0xee,
    0xee, 0xee, 0x20, 0x2a, 0xe4, 0x0, 0x0, 0x0,
    0x0, 0x0, 0x0, 0x31, 0x5f, 0xff, 0xff, 0xfc,
    0x0, 0x0, 0x0, 0x0, 0x0, 0x0, 0x3c, 0x0,
    0x0, 0x1d, 0x0, 0x0, 0x0, 0x3d, 0x0, 0x0,
    0x99, 0x0, 0x0, 0x0, 0x2d, 0x0, 0x2, 0xf1,
    0x0, 0x0, 0x0, 0xf, 0x14, 0xb, 0x80, 0x0,
    0x0, 0x0, 0xd, 0x68, 0x6, 0x10, 0x0, 0x0,
    0x0, 0x6, 0xf4,

    /* U+6C88 "沈" */
    0x3, 0x80, 0x0, 0x0, 0xc4, 0x0, 0x0, 0x1,
    0xae, 0x30, 0x0, 0xc4, 0x0, 0x0, 0x0, 0x5,
    0x10, 0x0, 0xc4, 0x0, 0x0, 0x0, 0x0, 0x1f,
    0xff, 0xff, 0xff, 0xf2, 0x8, 0x20, 0x1e, 0x0,
    0xe2, 0x0, 0xe2, 0x7, 0xe7, 0x1d, 0x0, 0xf5,
    0x0, 0xd1, 0x0, 0x14, 0x0, 0x2, 0xfe, 0x0,
    0x0, 0x0, 0x0, 0x0, 0x6, 0xce, 0x0, 0x0,
    0x0, 0x9, 0x50, 0xb, 0x7e, 0x0, 0x0, 0x0,
    0x2e, 0x0, 0x2f, 0x2e, 0x0, 0x0, 0x0, 0xb7,
    0x0, 0xc8, 0x1e, 0x0, 0x76, 0x4, 0xe0, 0xb,
    0xc0, 0x1f, 0x0, 0x95, 0x8, 0x50, 0xab, 0x0,
    0xc, 0xff, 0xe1, 0x0, 0x0, 0x0, 0x0, 0x0,
    0x0, 0x0,

    /* U+6C99 "沙" */
    0x7, 0x91, 0x0, 0x0, 0xe2, 0x0, 0x0, 0x0,
    0x7e, 0x30, 0x0, 0xe2, 0x0, 0x0, 0x0, 0x2,
    0x3, 0x70, 0xe2, 0x3a, 0x0, 0x0, 0x0, 0x8,
    0x90, 0xe2, 0xd, 0x50, 0x4e, 0x60, 0xd, 0x40,
    0xe2, 0x5, 0xd0, 0x3, 0xc6, 0x3e, 0x0, 0xe2,
    0x0, 0xe3, 0x0, 0x0, 0xa8, 0x0, 0xe2, 0x7,
    0x50, 0x0, 0x5, 0x31, 0x0, 0xe2, 0x1f, 0x10,
    0x0, 0x1e, 0x10, 0x0, 0x61, 0xb8, 0x0, 0x0,
    0xa8, 0x0, 0x0, 0x9, 0xc0, 0x0, 0x3, 0xe1,
    0x0, 0x3, 0xcc, 0x10, 0x0, 0xd, 0x60, 0x37,
    0xce, 0x60, 0x0, 0x0, 0x4, 0x0, 0x7a, 0x50,
    0x0, 0x0, 0x0,

    /* U+6CA1 "没" */
    0x1, 0x0, 0x0, 0x0, 0x0, 0x0, 0x0, 0x7,
    0xe5, 0x0, 0xff, 0xff, 0xf0, 0x0, 0x0, 0x2b,
    0x10, 0xf0, 0x0, 0xf0, 0x0, 0x0, 0x0, 0x2,
    0xe0, 0x0, 0xf0, 0x0, 0x39, 0x20, 0xb, 0x80,
    0x0, 0xeb, 0xa3, 0x6, 0xd6, 0x99, 0x0, 0x0,
    0x14, 0x41, 0x0, 0x0, 0x2c, 0xcc, 0xcc, 0xcd,
    0x30, 0x0, 0x3, 0x9, 0xa3, 0x33, 0x6e, 0x0,
    0x0, 0x1e, 0x1, 0xe4, 0x1, 0xd6, 0x0, 0x0,
    0x98, 0x0, 0x4e, 0x5c, 0x90, 0x0, 0x2, 0xe1,
    0x0, 0xa, 0xfd, 0x10, 0x0, 0xc, 0x70, 0x48,
    0xec, 0x5a, 0xf9, 0x41, 0x6, 0x0, 0xb8, 0x30,
    0x0, 0x28, 0xc2,

    /* U+6CA5 "沥" */
    0x1, 0x0, 0x0, 0x0, 0x0, 0x0, 0x0, 0x6,
    0xe3, 0x6f, 0xff, 0xff, 0xff, 0xf4, 0x0, 0x5d,
    0x79, 0x0, 0x31, 0x0, 0x0, 0x0, 0x0, 0x69,
    0x0, 0xa5, 0x0, 0x0, 0x4, 0x0, 0x69, 0x23,
    0xc7, 0x33, 0x20, 0x1c, 0xc2, 0x69, 0x8c, 0xfd,
    0xce, 0xa0, 0x0, 0x62, 0x79, 0x0, 0xd2, 0x6,
    0x90, 0x0, 0x0, 0x78, 0x0, 0xe1, 0x7, 0x80,
    0x0, 0x48, 0x96, 0x1, 0xe0, 0x8, 0x70, 0x0,
    0xb6, 0xb4, 0x5, 0xb0, 0x9, 0x60, 0x3, 0xe0,
    0xe1, 0xb, 0x50, 0xb, 0x50, 0xb, 0x83, 0xd0,
    0x4d, 0x0, 0xe, 0x20, 0xa, 0x19, 0x70, 0xd3,
    0xa, 0xfb, 0x0, 0x0, 0x0, 0x0, 0x0, 0x0,
    0x0, 0x0,

    /* U+6CA7 "沧" */
    0x2, 0x50, 0x0, 0x0, 0xb3, 0x0, 0x0, 0x2,
    0xcb, 0x10, 0x7, 0xf9, 0x0, 0x0, 0x0, 0x9,
    0x30, 0x4e, 0x2d, 0x60, 0x0, 0x0, 0x0, 0x4,
    0xe4, 0x2, 0xe7, 0x0, 0x2a, 0x20, 0x7f, 0x40,
    0x0, 0x2e, 0xa1, 0x8, 0xf5, 0xb9, 0xff, 0xff,
    0xf8, 0xa1, 0x0, 0x42, 0x7, 0xa0, 0x0, 0x96,
    0x0, 0x0, 0x0, 0x7, 0xa0, 0x0, 0xa5, 0x0,
    0x0, 0xa, 0x47, 0xa0, 0x0, 0xd3, 0x0, 0x0,
    0x3e, 0x17, 0xa0, 0xbd, 0xb0, 0x0, 0x0, 0xc7,
    0x7, 0xa0, 0x0, 0x2, 0xc0, 0x5, 0xe0, 0x6,
    0xb0, 0x0, 0x6, 0xc0, 0xa, 0x50, 0x2, 0xdf,
    0xff, 0xfe, 0x40, 0x0, 0x0, 0x0, 0x0, 0x0,
    0x0, 0x0,

    /* U+6CAB "沫" */
    0x6, 0x40, 0x0, 0x0, 0xe2, 0x0, 0x0, 0x5,
    0xe8, 0x0, 0x0, 0xe2, 0x0, 0x0, 0x0, 0x2a,
    0x34, 0x44, 0xf5, 0x44, 0x40, 0x0, 0x0, 0xac,
    0xcc, 0xfd, 0xcc, 0xc1, 0x35, 0x0, 0x0, 0x0,
    0xe2, 0x0, 0x0, 0x2a, 0xd2, 0x1, 0x11, 0xf3,
    0x11, 0x10, 0x0, 0x30, 0x6f, 0xff, 0xff, 0xff,
    0xc0, 0x0, 0x1, 0x0, 0xd, 0xff, 0x10, 0x0,
    0x0, 0x1e, 0x0, 0x7a, 0xe9, 0xa0, 0x0, 0x0,
    0x98, 0x4, 0xe1, 0xe2, 0xc6, 0x0, 0x3, 0xe1,
    0x4e, 0x30, 0xe2, 0x2e, 0x50, 0xc, 0x73, 0xe4,
    0x0, 0xe2, 0x3, 0xe1, 0x8, 0x0, 0x10, 0x0,
    0xe2, 0x0, 0x0,

    /* U+6CB3 "河" */
    0x7, 0x30, 0x0, 0x0, 0x0, 0x0, 0x0, 0x6,
    0xea, 0xdf, 0xff, 0xff, 0xff, 0xf3, 0x0, 0x16,
    0x0, 0x0, 0x0, 0xe, 0x10, 0x0, 0x0, 0x0,
    0x0, 0x0, 0xe, 0x10, 0x57, 0x0, 0xe, 0xee,
    0xe3, 0xe, 0x10, 0x19, 0xe3, 0xf, 0x0, 0xb4,
    0xe, 0x10, 0x0, 0x30, 0xf, 0x0, 0xb4, 0xe,
    0x10, 0x0, 0x2, 0xf, 0x0, 0xb4, 0xe, 0x10,
    0x0, 0x2e, 0xf, 0xff, 0xf4, 0xe, 0x10, 0x0,
    0xa8, 0xf, 0x0, 0x0, 0xe, 0x10, 0x3, 0xe0,
    0x0, 0x0, 0x0, 0xe, 0x10, 0xd, 0x60, 0x0,
    0x0, 0x10, 0x1f, 0x10, 0x9, 0x0, 0x0, 0x0,
    0xef, 0xfb, 0x0, 0x0, 0x0, 0x0, 0x0, 0x0,
    0x0, 0x0,

    /* U+6CB8 "沸" */
    0x3, 0x90, 0x0, 0xe, 0xc, 0x20, 0x0, 0x1,
    0xae, 0x20, 0xe, 0xc, 0x20, 0x0, 0x0, 0x5,
    0x5e, 0xef, 0xef, 0xfe, 0xd0, 0x0, 0x0, 0x0,
    0xe, 0xc, 0x20, 0xe0, 0xb, 0x30, 0x0, 0xe,
    0xc, 0x20, 0xe0, 0x5, 0xe7, 0x4f, 0xef, 0xef,
    0xfe, 0xd0, 0x0, 0x12, 0x67, 0xe, 0xc, 0x20,
    0x0, 0x0, 0x0, 0x87, 0x3d, 0x1d, 0x41, 0x20,
    0x0, 0xb, 0x9d, 0xdf, 0xdf, 0xdd, 0xd3, 0x0,
    0x6b, 0x0, 0x78, 0xc, 0x20, 0x53, 0x0, 0xd4,
    0x0, 0xd3, 0xc, 0x20, 0x71, 0x6, 0xc0, 0x8,
    0xa0, 0xc, 0x2b, 0xa0, 0x7, 0x40, 0x4b, 0x0,
    0xc, 0x20, 0x0, 0x0, 0x0, 0x0, 0x0, 0x0,
    0x0, 0x0,

    /* U+6CB9 "油" */
    0x7, 0x70, 0x0, 0x0, 0xe2, 0x0, 0x0, 0x2b,
    0xe3, 0x0, 0xe, 0x20, 0x0, 0x0, 0x5, 0x10,
    0x0, 0xe2, 0x0, 0x0, 0x0, 0x0, 0xff, 0xff,
    0xff, 0xff, 0x3a, 0x20, 0xf, 0x11, 0xe3, 0x11,
    0xf0, 0x7e, 0x60, 0xf0, 0xe, 0x20, 0xf, 0x0,
    0x11, 0xf, 0x0, 0xe2, 0x0, 0xf0, 0x0, 0x0,
    0xff, 0xff, 0xff, 0xff, 0x0, 0x8, 0xf, 0x11,
    0xe3, 0x11, 0xf0, 0x7, 0xb0, 0xf0, 0xe, 0x20,
    0xf, 0x1, 0xe3, 0xf, 0x0, 0xe2, 0x0, 0xf0,
    0x9a, 0x0, 0xfc, 0xcf, 0xcc, 0xcf, 0xa, 0x20,
    0xf, 0x44, 0x44, 0x44, 0xf0, 0x0, 0x0, 0x10,
    0x0, 0x0, 0x0,

    /* U+6CBB "治" */
    0x3, 0x30, 0x0, 0x6, 0x40, 0x0, 0x0, 0x4,
    0xea, 0x10, 0x1f, 0x30, 0x0, 0x0, 0x0, 0x8,
    0x20, 0x99, 0x6, 0x70, 0x0, 0x0, 0x0, 0x3,
    0xe1, 0x1, 0xd5, 0x0, 0x37, 0x0, 0x1d, 0x40,
    0x0, 0x4e, 0x20, 0x19, 0xd3, 0xbf, 0xef, 0xfe,
    0xdd, 0xb0, 0x0, 0x31, 0x22, 0x10, 0x0, 0x0,
    0x50, 0x0, 0x3, 0xb, 0xbb, 0xbb, 0xbb, 0x10,
    0x0, 0x2e, 0xf, 0x44, 0x44, 0x4f, 0x10, 0x0,
    0xa8, 0xf, 0x0, 0x0, 0xf, 0x10, 0x3, 0xe0,
    0xf, 0x0, 0x0, 0xf, 0x10, 0xd, 0x60, 0xf,
    0x44, 0x44, 0x4f, 0x10, 0x1a, 0x0, 0xf, 0xbb,
    0xbb, 0xbf, 0x10, 0x0, 0x0, 0x0, 0x0, 0x0,
    0x0, 0x0,

    /* U+6CBE "沾" */
    0x5, 0x80, 0x0, 0x2, 0xe0, 0x0, 0x0, 0x1,
    0xae, 0x40, 0x2, 0xe0, 0x0, 0x0, 0x0, 0x4,
    0x20, 0x2, 0xe0, 0x0, 0x0, 0x0, 0x0, 0x0,
    0x2, 0xff, 0xff, 0xf4, 0x3a, 0x20, 0x0, 0x2,
    0xe0, 0x0, 0x0, 0x8, 0xf5, 0x0, 0x2, 0xe0,
    0x0, 0x0, 0x0, 0x33, 0x0, 0x2, 0xe0, 0x0,
    0x0, 0x0, 0x0, 0xf, 0xff, 0xff, 0xff, 0x70,
    0x0, 0xb, 0x3f, 0x0, 0x0, 0x9, 0x70, 0x0,
    0x5d, 0xf, 0x0, 0x0, 0x9, 0x70, 0x0, 0xe4,
    0xf, 0x0, 0x0, 0x9, 0x70, 0x9, 0xb0, 0xf,
    0x44, 0x44, 0x4b, 0x70, 0xa, 0x20, 0xf, 0xbb,
    0xbb, 0xbe, 0x70, 0x0, 0x0, 0x1, 0x0, 0x0,
    0x0, 0x0,

    /* U+6CBF "沿" */
    0x1, 0x10, 0x0, 0x0, 0x0, 0x0, 0x0, 0x5,
    0xe6, 0x0, 0xbf, 0xff, 0xf6, 0x0, 0x0, 0x2c,
    0x20, 0xb5, 0x0, 0xa6, 0x0, 0x0, 0x0, 0x0,
    0xc3, 0x0, 0xa6, 0x0, 0x16, 0x0, 0x2, 0xe0,
    0x0, 0xa6, 0x0, 0x19, 0xd4, 0x2d, 0x60, 0x0,
    0x8c, 0xa2, 0x0, 0x33, 0x67, 0x0, 0x0, 0x3,
    0x30, 0x0, 0x0, 0x6, 0xee, 0xee, 0xee, 0x40,
    0x0, 0xc, 0x37, 0x90, 0x0, 0xc, 0x50, 0x0,
    0x6c, 0x7, 0x80, 0x0, 0xc, 0x50, 0x1, 0xe3,
    0x7, 0x80, 0x0, 0xc, 0x50, 0xb, 0x90, 0x7,
    0xfe, 0xee, 0xef, 0x50, 0x8, 0x0, 0x7, 0x91,
    0x11, 0x1c, 0x50, 0x0, 0x0, 0x0, 0x0, 0x0,
    0x0, 0x0,

    /* U+6CC9 "泉" */
    0x0, 0x0, 0x0, 0x0, 0x0, 0x0, 0x0, 0x0,
    0x0, 0x2, 0xe1, 0x0, 0x0, 0x0, 0x0, 0xbc,
    0xcd, 0xec, 0xcc, 0xc9, 0x0, 0x0, 0xe3, 0x11,
    0x11, 0x11, 0x6c, 0x0, 0x0, 0xe3, 0x22, 0x22,
    0x22, 0x6c, 0x0, 0x0, 0xeb, 0xaa, 0xaa, 0xaa,
    0xcc, 0x0, 0x0, 0xe4, 0x33, 0x33, 0x33, 0x7c,
    0x0, 0x0, 0x9a, 0xaa, 0xfb, 0xaa, 0xa7, 0x0,
    0x2, 0x22, 0x30, 0xe8, 0x0, 0x2d, 0x30, 0x2c,
    0xcc, 0xf2, 0xee, 0x47, 0xe5, 0x0, 0x0, 0x7,
    0xa0, 0xe4, 0xec, 0x10, 0x0, 0x0, 0x7d, 0x10,
    0xe2, 0x2d, 0x91, 0x0, 0x4c, 0xb1, 0x0, 0xe2,
    0x1, 0x9e, 0xa2, 0x25, 0x0, 0xbe, 0xd0, 0x0,
    0x1, 0x60, 0x0, 0x0, 0x0, 0x0, 0x0, 0x0,
    0x0,

    /* U+6CD3 "泓" */
    0x2, 0x30, 0x0, 0x0, 0x1, 0x20, 0x0, 0x4,
    0xea, 0x9e, 0xea, 0x4, 0xb0, 0x0, 0x0, 0x5,
    0x0, 0x4a, 0x5, 0xa0, 0x0, 0x0, 0x0, 0x0,
    0x4a, 0x7, 0x80, 0x0, 0x29, 0x20, 0xaf, 0xea,
    0x9, 0x60, 0x0, 0x7, 0xe2, 0xb4, 0x0, 0xc,
    0x30, 0x0, 0x0, 0x0, 0xc3, 0x0, 0xe, 0x16,
    0x0, 0x0, 0x11, 0xde, 0xf7, 0x1e, 0xd, 0x20,
    0x0, 0x6a, 0x0, 0x87, 0x4b, 0x9, 0x70, 0x0,
    0xd4, 0x0, 0xa5, 0x87, 0x5, 0xb0, 0x4, 0xe0,
    0x0, 0xc3, 0xc4, 0x14, 0xf0, 0xc, 0x70, 0x0,
    0xf4, 0xff, 0xec, 0xe3, 0x8, 0x10, 0xbe, 0x91,
    0x41, 0x0, 0x83, 0x0, 0x0, 0x0, 0x0, 0x0,
    0x0, 0x0,

    /* U+6CD5 "法" */
    0x7, 0x60, 0x0, 0x0, 0xd3, 0x0, 0x0, 0x4e,
    0xc1, 0x0, 0xd, 0x30, 0x0, 0x0, 0xa, 0x11,
    0x22, 0xe5, 0x22, 0x0, 0x0, 0x0, 0xbd, 0xdf,
    0xed, 0xd4, 0x36, 0x0, 0x0, 0x0, 0xd3, 0x0,
    0x2, 0x9e, 0x40, 0x0, 0xd, 0x30, 0x0, 0x0,
    0x20, 0x6d, 0xdd, 0xfd, 0xdd, 0xc0, 0x0, 0x11,
    0x22, 0xac, 0x22, 0x22, 0x0, 0xd, 0x10, 0x1e,
    0x30, 0x20, 0x0, 0x7, 0xb0, 0x8, 0xa0, 0x1e,
    0x20, 0x1, 0xe2, 0x3, 0xe1, 0x0, 0x7c, 0x0,
    0xa9, 0x0, 0xdd, 0xce, 0xfd, 0xe6, 0xa, 0x10,
    0x8, 0x53, 0x10, 0x3, 0xb0, 0x0, 0x0, 0x0,
    0x0, 0x0, 0x0,

    /* U+6CDB "泛" */
    0x2, 0x40, 0x0, 0x0, 0x0, 0x26, 0x30, 0x3,
    0xda, 0x14, 0x68, 0xbe, 0xea, 0x50, 0x0, 0x8,
    0x28, 0x87, 0x71, 0x0, 0x0, 0x0, 0x0, 0x0,
    0x1, 0xe1, 0x0, 0x0, 0x18, 0x10, 0x0, 0x0,
    0x74, 0x0, 0x0, 0x8, 0xe6, 0x2f, 0xff, 0xff,
    0xff, 0x90, 0x0, 0x22, 0x0, 0x0, 0x0, 0x3f,
    0x30, 0x0, 0x1, 0x0, 0x0, 0x1, 0xd5, 0x0,
    0x0, 0xb, 0x40, 0x0, 0x2d, 0x60, 0x0, 0x0,
    0x3e, 0x0, 0x4, 0xe5, 0x0, 0x0, 0x0, 0xc6,
    0x5, 0xdd, 0x20, 0x0, 0x0, 0x6, 0xd0, 0x2d,
    0x3c, 0x51, 0x0, 0x1, 0xb, 0x50, 0x66, 0x1,
    0xaf, 0xff, 0xf5, 0x0, 0x0, 0x0, 0x0, 0x0,
    0x0, 0x0,

    /* U+6CE1 "泡" */
    0x2, 0x60, 0x0, 0x65, 0x0, 0x0, 0x0, 0x2,
    0xbd, 0x20, 0xd5, 0x0, 0x0, 0x0, 0x0, 0x6,
    0x13, 0xff, 0xee, 0xee, 0xf1, 0x0, 0x0, 0xb,
    0x70, 0x0, 0x0, 0xf1, 0x9, 0x20, 0x5f, 0x43,
    0x33, 0x0, 0xf0, 0x7, 0xe6, 0x8b, 0xeb, 0xbf,
    0x10, 0xf0, 0x0, 0x12, 0x7, 0x80, 0xe, 0x11,
    0xf0, 0x0, 0x0, 0x7, 0xa3, 0x3f, 0x12, 0xe0,
    0x0, 0xc, 0x17, 0xda, 0xab, 0x16, 0xc0, 0x0,
    0x5c, 0x7, 0x80, 0x3, 0xfe, 0x50, 0x0, 0xe4,
    0x7, 0x80, 0x0, 0x0, 0x35, 0x7, 0xc0, 0x7,
    0xa0, 0x0, 0x0, 0x79, 0x8, 0x30, 0x2, 0xdf,
    0xff, 0xff, 0xe3,

    /* U+6CE2 "波" */
    0x5, 0x80, 0x0, 0x0, 0xd2, 0x0, 0x0, 0x1,
    0xae, 0x10, 0x0, 0xd2, 0x0, 0x0, 0x0, 0x4,
    0xf, 0xff, 0xff, 0xff, 0xf3, 0x0, 0x0, 0xf,
    0x0, 0xd3, 0x3, 0xe0, 0x3d, 0x50, 0xf, 0x0,
    0xd2, 0x7, 0x70, 0x3, 0xd6, 0xf, 0x88, 0xe9,
    0x87, 0x20, 0x0, 0x0, 0x1f, 0xca, 0x77, 0x7f,
    0x20, 0x0, 0x2, 0x1e, 0x4c, 0x0, 0x5c, 0x0,
    0x0, 0x4d, 0x3c, 0xb, 0x60, 0xd4, 0x0, 0x0,
    0xc6, 0x79, 0x2, 0xec, 0x90, 0x0, 0x4, 0xe0,
    0xb5, 0x1, 0xcf, 0x70, 0x0, 0xc, 0x73, 0xe2,
    0x7e, 0x82, 0xdc, 0x50, 0x7, 0x5, 0x67, 0xa2,
    0x0, 0x5, 0xc2,

    /* U+6CE5 "泥" */
    0x2, 0x50, 0x0, 0x0, 0x0, 0x0, 0x0, 0x3,
    0xbd, 0x37, 0xff, 0xff, 0xff, 0xe0, 0x0, 0x5,
    0x37, 0x80, 0x0, 0x1, 0xe0, 0x0, 0x0, 0x7,
    0x90, 0x0, 0x2, 0xe0, 0x19, 0x30, 0x7, 0xff,
    0xff, 0xff, 0xd0, 0x6, 0xe8, 0x7, 0x82, 0x30,
    0x0, 0x0, 0x0, 0x13, 0x8, 0x86, 0x90, 0x3,
    0x50, 0x0, 0x1, 0x8, 0x76, 0x91, 0x9e, 0x50,
    0x0, 0xd, 0x3a, 0x66, 0xed, 0x70, 0x0, 0x0,
    0x5d, 0xd, 0x36, 0xa0, 0x0, 0x0, 0x0, 0xd5,
    0x1f, 0x6, 0x90, 0x0, 0x58, 0x7, 0xc0, 0x8a,
    0x6, 0xa0, 0x0, 0x78, 0x7, 0x30, 0xd2, 0x2,
    0xef, 0xff, 0xe2, 0x0, 0x0, 0x0, 0x0, 0x0,
    0x0, 0x0,

    /* U+6CF0 "泰" */
    0x0, 0x0, 0x0, 0xc3, 0x0, 0x0, 0x0, 0x7,
    0xaa, 0xaa, 0xfb, 0xaa, 0xaa, 0x40, 0x2, 0x33,
    0x37, 0xd3, 0x33, 0x33, 0x10, 0x0, 0xaa, 0xad,
    0xda, 0xaa, 0xa9, 0x0, 0x0, 0x22, 0x5e, 0x32,
    0x22, 0x22, 0x0, 0x4a, 0xaa, 0xde, 0xaa, 0xaa,
    0xaa, 0xa0, 0x13, 0x3b, 0xc3, 0x44, 0x5f, 0x53,
    0x30, 0x0, 0x8d, 0x10, 0xa6, 0x6, 0xe3, 0x0,
    0x1b, 0xd8, 0x30, 0xa6, 0x9, 0x6e, 0xa1, 0x28,
    0x2, 0xd2, 0xbb, 0xa9, 0x1, 0x70, 0x0, 0x3,
    0xad, 0xeb, 0xe9, 0x10, 0x0, 0x4, 0xdc, 0x60,
    0xa6, 0x7, 0xe7, 0x0, 0x1, 0x20, 0x3d, 0xe3,
    0x0, 0x13, 0x0, 0x0, 0x0, 0x0, 0x0, 0x0,
    0x0, 0x0,

    /* U+6CFD "泽" */
    0x2, 0x10, 0x0, 0x0, 0x0, 0x0, 0x0, 0x5,
    0xe4, 0x3f, 0xff, 0xff, 0xfe, 0x0, 0x0, 0x2b,
    0x1, 0xd3, 0x1, 0xc5, 0x0, 0x0, 0x0, 0x0,
    0x3d, 0x6d, 0x60, 0x0, 0x2a, 0x20, 0x0, 0x2b,
    0xfc, 0x20, 0x0, 0x6, 0xe4, 0x7c, 0xd6, 0x6,
    0xdc, 0x71, 0x0, 0x10, 0x63, 0x0, 0xe1, 0x4,
    0x70, 0x0, 0x4, 0xc, 0xcc, 0xfc, 0xcc, 0x10,
    0x0, 0x6c, 0x3, 0x33, 0xe4, 0x33, 0x0, 0x0,
    0xd5, 0x0, 0x0, 0xe1, 0x0, 0x0, 0x5, 0xe0,
    0xef, 0xff, 0xff, 0xff, 0xf3, 0xd, 0x60, 0x0,
    0x0, 0xe1, 0x0, 0x0, 0x8, 0x0, 0x0, 0x0,
    0xe1, 0x0, 0x0,

    /* U+6D0B "洋" */
    0x3, 0x10, 0x2, 0x90, 0x0, 0x38, 0x0, 0x8,
    0xe5, 0x0, 0xc6, 0x0, 0xa7, 0x0, 0x0, 0x3c,
    0x12, 0x6b, 0x24, 0xe2, 0x20, 0x0, 0x0, 0x4d,
    0xdd, 0xfe, 0xdd, 0xc0, 0x37, 0x0, 0x0, 0x0,
    0xd4, 0x0, 0x0, 0x2a, 0xd3, 0x0, 0x0, 0xd4,
    0x0, 0x0, 0x0, 0x53, 0xd, 0xee, 0xff, 0xee,
    0x60, 0x0, 0x1, 0x0, 0x0, 0xd4, 0x0, 0x0,
    0x0, 0x6a, 0x1, 0x11, 0xd4, 0x11, 0x10, 0x0,
    0xd4, 0xbf, 0xff, 0xff, 0xff, 0xf3, 0x6, 0xc0,
    0x0, 0x0, 0xd4, 0x0, 0x0, 0x1e, 0x40, 0x0,
    0x0, 0xd4, 0x0, 0x0, 0x7, 0x0, 0x0, 0x0,
    0xd4, 0x0, 0x0,

    /* U+6D17 "洗" */
    0x5, 0x50, 0x0, 0x90, 0x8a, 0x0, 0x0, 0x3,
    0xe9, 0x2, 0xe0, 0x8a, 0x0, 0x0, 0x0, 0x1b,
    0x17, 0xc3, 0xab, 0x33, 0x30, 0x0, 0x0, 0xc,
    0xcc, 0xee, 0xcc, 0xa0, 0x28, 0x10, 0x4d, 0x0,
    0x8a, 0x0, 0x0, 0x7, 0xe4, 0x34, 0x0, 0x8a,
    0x0, 0x0, 0x0, 0x21, 0xaf, 0xff, 0xff, 0xff,
    0xfa, 0x0, 0x1, 0x0, 0x4c, 0x2, 0xd0, 0x0,
    0x0, 0x2c, 0x0, 0x6a, 0x2, 0xd0, 0x0, 0x0,
    0x97, 0x0, 0xa7, 0x2, 0xd0, 0x0, 0x1, 0xe1,
    0x1, 0xf2, 0x2, 0xd0, 0x38, 0x9, 0x90, 0x1c,
    0x90, 0x2, 0xd0, 0x59, 0xb, 0x11, 0xe8, 0x0,
    0x0, 0xef, 0xf4, 0x0, 0x0, 0x0, 0x0, 0x0,
    0x0, 0x0,

    /* U+6D25 "津" */
    0x3, 0x40, 0x0, 0x2, 0xf0, 0x0, 0x0, 0x4,
    0xe6, 0x1, 0x13, 0xf1, 0x11, 0x0, 0x0, 0x2e,
    0x3c, 0xcd, 0xfc, 0xcf, 0x10, 0x0, 0x0, 0x0,
    0x2, 0xf0, 0xe, 0x10, 0x26, 0x0, 0xee, 0xef,
    0xfe, 0xef, 0xf2, 0x1a, 0xc2, 0x0, 0x2, 0xf0,
    0xe, 0x10, 0x0, 0x51, 0x2d, 0xde, 0xfd, 0xdd,
    0x10, 0x0, 0x1, 0x0, 0x2, 0xf0, 0x0, 0x0,
    0x0, 0x4c, 0x6e, 0xee, 0xfe, 0xee, 0x80, 0x0,
    0xb6, 0x0, 0x2, 0xf0, 0x0, 0x0, 0x3, 0xe2,
    0xee, 0xee, 0xfe, 0xee, 0xe3, 0xc, 0x70, 0x0,
    0x2, 0xf0, 0x0, 0x0, 0x7, 0x0, 0x0, 0x2,
    0xf0, 0x0, 0x0,

    /* U+6D3B "活" */
    0x3, 0x91, 0x0, 0x0, 0x14, 0x8c, 0x70, 0x0,
    0x8e, 0x57, 0xdf, 0xee, 0x84, 0x0, 0x0, 0x2,
    0x21, 0x10, 0x4b, 0x0, 0x0, 0x0, 0x0, 0x0,
    0x0, 0x4b, 0x0, 0x0, 0xc, 0x60, 0x4e, 0xee,
    0xef, 0xee, 0xe8, 0x2, 0xcb, 0x2, 0x22, 0x5c,
    0x22, 0x21, 0x0, 0x1, 0x0, 0x0, 0x4b, 0x0,
    0x0, 0x0, 0x2, 0x4, 0x88, 0xae, 0x88, 0x40,
    0x0, 0xb, 0x68, 0xb6, 0x66, 0x6b, 0x70, 0x0,
    0x4e, 0x8, 0x70, 0x0, 0x8, 0x70, 0x0, 0xd6,
    0x8, 0x70, 0x0, 0x8, 0x70, 0x6, 0xd0, 0x8,
    0x94, 0x44, 0x4a, 0x70, 0x7, 0x40, 0x8, 0xdb,
    0xbb, 0xbd, 0x70, 0x0, 0x0, 0x0, 0x0, 0x0,
    0x0, 0x0,

    /* U+6D41 "流" */
    0x5, 0x20, 0x0, 0x2, 0x90, 0x0, 0x0, 0x6,
    0xe5, 0x0, 0x0, 0xe3, 0x0, 0x0, 0x0, 0x2a,
    0xaf, 0xff, 0xff, 0xff, 0xf1, 0x0, 0x0, 0x0,
    0x5d, 0x0, 0x91, 0x0, 0x38, 0x10, 0x3, 0xe2,
    0x0, 0x7b, 0x0, 0x19, 0xe3, 0x5f, 0xed, 0xee,
    0xee, 0x80, 0x0, 0x31, 0x25, 0x31, 0x10, 0x1,
    0x90, 0x0, 0x0, 0x9, 0x61, 0xd0, 0x96, 0x0,
    0x0, 0xd, 0x9, 0x61, 0xd0, 0x96, 0x0, 0x0,
    0x8a, 0xa, 0x51, 0xd0, 0x96, 0x0, 0x2, 0xf2,
    0xe, 0x21, 0xd0, 0x96, 0x32, 0xb, 0x80, 0x7c,
    0x1, 0xd0, 0x96, 0x74, 0x1c, 0x12, 0xe2, 0x0,
    0x70, 0x6e, 0xd1, 0x0, 0x0, 0x0, 0x0, 0x0,
    0x0, 0x0,

    /* U+6D46 "浆" */
    0x0, 0x0, 0x0, 0x0, 0x0, 0x0, 0x0, 0x1,
    0x0, 0xf0, 0x0, 0xd2, 0x0, 0x0, 0xa, 0x60,
    0xf0, 0xb, 0xfd, 0xdd, 0xd0, 0x1, 0xe1, 0xf1,
    0xcb, 0x10, 0x6, 0xb0, 0x0, 0x24, 0xf0, 0x65,
    0xc0, 0x4e, 0x20, 0x4, 0xcc, 0xf0, 0x0, 0x9d,
    0xe3, 0x0, 0x2d, 0x50, 0xf2, 0x7b, 0xe9, 0x10,
    0x0, 0x0, 0x0, 0xc2, 0xa8, 0x0, 0x0, 0x0,
    0x0, 0x0, 0x0, 0x4d, 0x0, 0x19, 0x10, 0xa,
    0xee, 0xfa, 0x4f, 0x35, 0xd6, 0x0, 0x0, 0x2,
    0xe3, 0x4e, 0xeb, 0x10, 0x0, 0x0, 0x4e, 0x60,
    0x4c, 0x3d, 0x81, 0x0, 0x2c, 0xc3, 0x0, 0x4c,
    0x1, 0x8e, 0xc2, 0x3, 0x0, 0x1e, 0xe9, 0x0,
    0x0, 0x30, 0x0, 0x0, 0x0, 0x0, 0x0, 0x0,
    0x0,

    /* U+6D47 "浇" */
    0x3, 0x40, 0x0, 0x1e, 0x0, 0x0, 0x0, 0x3,
    0xd8, 0x0, 0x1f, 0x46, 0x79, 0x70, 0x0, 0x19,
    0x5f, 0xee, 0xd9, 0x76, 0x30, 0x0, 0x0, 0x0,
    0x4, 0xb0, 0x4e, 0x10, 0x18, 0x10, 0x0, 0x0,
    0xdb, 0xc2, 0x10, 0x8, 0xe3, 0x2, 0x6b, 0xdf,
    0x40, 0xb2, 0x0, 0x41, 0x2d, 0x93, 0x3, 0xde,
    0xe0, 0x0, 0x0, 0x24, 0x44, 0x44, 0x46, 0x51,
    0x0, 0x2c, 0x4a, 0xbf, 0xab, 0xfa, 0xa3, 0x0,
    0xa8, 0x0, 0x3c, 0x3, 0xd0, 0x0, 0x2, 0xf1,
    0x0, 0x89, 0x3, 0xd0, 0x10, 0xb, 0x80, 0x5,
    0xf2, 0x3, 0xd0, 0xa3, 0x9, 0x10, 0x9e, 0x40,
    0x1, 0xed, 0xe0, 0x0, 0x0, 0x10, 0x0, 0x0,
    0x0, 0x0,

    /* U+6D53 "浓" */
    0x7, 0x30, 0x0, 0x0, 0x93, 0x0, 0x0, 0x5,
    0xe7, 0x0, 0x0, 0xf2, 0x0, 0x0, 0x0, 0x14,
    0xbd, 0xdd, 0xfd, 0xdd, 0xc0, 0x0, 0x0, 0xd3,
    0x1a, 0xf6, 0x12, 0xe0, 0x69, 0x10, 0x70, 0x1f,
    0x97, 0x0, 0x80, 0x9, 0xd0, 0x0, 0xa9, 0x4b,
    0x0, 0x10, 0x0, 0x10, 0x6, 0xf0, 0xe, 0x1b,
    0x90, 0x0, 0x0, 0x8f, 0xe0, 0xb, 0xe7, 0x0,
    0x0, 0xc9, 0xc3, 0xe0, 0x5, 0xc0, 0x0, 0x3,
    0xd0, 0x2, 0xe0, 0x0, 0xd4, 0x0, 0xb, 0x70,
    0x2, 0xe0, 0x43, 0x4e, 0x20, 0x2f, 0x10, 0x5,
    0xfe, 0xb3, 0x6, 0xf3, 0x4, 0x0, 0x6, 0x61,
    0x0, 0x0, 0x30,

    /* U+6D54 "浔" */
    0x5, 0x10, 0x0, 0x0, 0x0, 0x0, 0x0, 0x7,
    0xe6, 0x4e, 0xee, 0xee, 0xef, 0x50, 0x0, 0x27,
    0x0, 0x0, 0x0, 0xe, 0x50, 0x0, 0x0, 0xc,
    0xee, 0xee, 0xef, 0x50, 0x5a, 0x20, 0x0, 0x0,
    0x0, 0xe, 0x50, 0x19, 0xf2, 0x5e, 0xee, 0xee,
    0xef, 0x50, 0x0, 0x30, 0x0, 0x0, 0x0, 0x10,
    0x0, 0x0, 0x0, 0x0, 0x0, 0x0, 0xe3, 0x0,
    0x0, 0x45, 0xde, 0xee, 0xee, 0xfe, 0xe3, 0x0,
    0xb5, 0x6, 0x70, 0x0, 0xe2, 0x0, 0x3, 0xe0,
    0x1, 0xc9, 0x0, 0xe2, 0x0, 0xb, 0x60, 0x0,
    0x6, 0x0, 0xe2, 0x0, 0x1d, 0x0, 0x0, 0x0,
    0xbe, 0xd1, 0x0, 0x0, 0x0, 0x0, 0x0, 0x0,
    0x0, 0x0,

    /* U+6D59 "浙" */
    0x9, 0x30, 0xc, 0x20, 0x0, 0x18, 0x50, 0x5,
    0xe6, 0xc, 0x20, 0x3b, 0xe9, 0x20, 0x0, 0x24,
    0xc, 0x20, 0x6a, 0x0, 0x0, 0x0, 0x7, 0xff,
    0xfc, 0x69, 0x0, 0x0, 0x59, 0x10, 0xc, 0x20,
    0x6a, 0x33, 0x30, 0x19, 0xe1, 0xc, 0x20, 0x6e,
    0xcf, 0xc2, 0x0, 0x10, 0xc, 0x78, 0x69, 0x1e,
    0x0, 0x0, 0x4, 0xaf, 0xc5, 0x68, 0x1e, 0x0,
    0x0, 0x98, 0x7d, 0x20, 0x87, 0x1e, 0x0, 0x1,
    0xe0, 0xc, 0x20, 0xb4, 0x1e, 0x0, 0x7, 0xa0,
    0xc, 0x20, 0xe1, 0x1e, 0x0, 0xe, 0x30, 0xd,
    0x26, 0xa0, 0x1e, 0x0, 0x2b, 0x4, 0xfd, 0xb,
    0x20, 0x1e, 0x0,

    /* U+6D66 "浦" */
    0x9, 0x40, 0x0, 0x0, 0xe1, 0xa7, 0x0, 0x4,
    0xea, 0x0, 0x0, 0xe1, 0x19, 0x70, 0x0, 0x5,
    0xee, 0xee, 0xff, 0xee, 0xe2, 0x0, 0x0, 0x0,
    0x0, 0xe2, 0x0, 0x0, 0x6b, 0x30, 0xc, 0xcc,
    0xfc, 0xcc, 0x70, 0x8, 0xf4, 0xf, 0x33, 0xf4,
    0x38, 0x90, 0x0, 0x30, 0xf, 0x0, 0xe1, 0x6,
    0x90, 0x0, 0x0, 0xf, 0xee, 0xff, 0xef, 0x90,
    0x0, 0x3b, 0xf, 0x0, 0xe1, 0x6, 0x90, 0x0,
    0xb6, 0xf, 0xee, 0xfe, 0xef, 0x90, 0x4, 0xe0,
    0xf, 0x0, 0xe1, 0x6, 0x90, 0xd, 0x50, 0xf,
    0x0, 0xe1, 0x6, 0x90, 0x19, 0x0, 0xf, 0x0,
    0xe2, 0xee, 0x60, 0x0, 0x0, 0x0, 0x0, 0x0,
    0x0, 0x0,

    /* U+6D6E "浮" */
    0x5, 0x20, 0x0, 0x0, 0x24, 0x6a, 0x30, 0x5e,
    0x85, 0xde, 0xec, 0xa8, 0x61, 0x0, 0x17, 0x8,
    0x4, 0x70, 0xe, 0x10, 0x0, 0x0, 0xa5, 0x1e,
    0x7, 0x90, 0x59, 0x10, 0x3, 0x70, 0x80, 0xa1,
    0x0, 0x7e, 0x30, 0xff, 0xff, 0xff, 0x90, 0x0,
    0x10, 0x0, 0x0, 0x9, 0xb1, 0x0, 0x0, 0x30,
    0x0, 0xc, 0x80, 0x0, 0x0, 0x5c, 0xbd, 0xdd,
    0xfd, 0xdd, 0xc0, 0xd, 0x52, 0x22, 0x2f, 0x42,
    0x22, 0x5, 0xd0, 0x0, 0x0, 0xe1, 0x0, 0x0,
    0xe5, 0x0, 0x0, 0xe, 0x10, 0x0, 0x18, 0x0,
    0x0, 0x9e, 0xd0, 0x0, 0x0, 0x0, 0x0, 0x0,
    0x0, 0x0, 0x0,

    /* U+6D77 "海" */
    0x1, 0x20, 0x0, 0x70, 0x0, 0x0, 0x0, 0x4,
    0xe8, 0x3, 0xe0, 0x0, 0x0, 0x0, 0x0, 0x19,
    0x1b, 0xff, 0xff, 0xff, 0xf1, 0x0, 0x0, 0x5d,
    0x0, 0x0, 0x0, 0x0, 0x5, 0x0, 0xd7, 0xfe,
    0xee, 0xef, 0x70, 0x1b, 0xc2, 0x6, 0x90, 0xa1,
    0x8, 0x70, 0x0, 0x61, 0x8, 0x70, 0x2a, 0x9,
    0x60, 0x0, 0x0, 0xff, 0xff, 0xff, 0xff, 0xf7,
    0x0, 0x59, 0xd, 0x23, 0x90, 0xb, 0x40, 0x0,
    0xc4, 0xf, 0x0, 0x67, 0xc, 0x30, 0x2, 0xe0,
    0x2f, 0xee, 0xee, 0xef, 0xe1, 0x9, 0x80, 0x0,
    0x0, 0x0, 0x1e, 0x0, 0x9, 0x10, 0x0, 0x0,
    0x4d, 0xe7, 0x0, 0x0, 0x0, 0x0, 0x0, 0x0,
    0x0, 0x0,

    /* U+6D78 "浸" */
    0x2, 0x0, 0x0, 0x0, 0x0, 0x0, 0x0, 0x7,
    0xc5, 0xb, 0xcc, 0xcc, 0xcf, 0x40, 0x0, 0x4,
    0x5, 0xaa, 0xaa, 0xaf, 0x40, 0x0, 0x0, 0x1,
    0x22, 0x22, 0x2f, 0x40, 0x7c, 0x20, 0xa, 0xbb,
    0xbb, 0xbf, 0x40, 0x7, 0xf2, 0x1, 0x22, 0x22,
    0x22, 0x0, 0x0, 0x20, 0xdc, 0xcc, 0xcc, 0xcc,
    0xe1, 0x0, 0x0, 0xe0, 0x0, 0x0, 0x0, 0xe1,
    0x0, 0x75, 0x2a, 0xfd, 0xdd, 0xed, 0x20, 0x0,
    0xe2, 0x0, 0xd3, 0x1, 0xe5, 0x0, 0x5, 0xb0,
    0x0, 0x3d, 0x6d, 0x70, 0x0, 0xc, 0x50, 0x0,
    0x3c, 0xfd, 0x30, 0x0, 0x1c, 0x0, 0xae, 0xb6,
    0x5, 0xce, 0x70, 0x0, 0x0, 0x20, 0x0, 0x0,
    0x1, 0x10,

    /* U+6DA6 "润" */
    0x2, 0x0, 0x43, 0x0, 0x0, 0x0, 0x0, 0x8e,
    0x42, 0xd2, 0xef, 0xff, 0xff, 0x0, 0x28, 0x4,
    0x60, 0x0, 0x0, 0xf0, 0x0, 0xd, 0x5, 0x55,
    0x55, 0xf, 0x2a, 0x20, 0xf0, 0x99, 0xf9, 0x80,
    0xf0, 0x8f, 0x3f, 0x0, 0xf, 0x0, 0xf, 0x0,
    0x20, 0xf0, 0x0, 0xf0, 0x0, 0xf0, 0x0, 0xf,
    0xc, 0xef, 0xea, 0xf, 0x0, 0x65, 0xf0, 0x0,
    0xf0, 0x0, 0xf0, 0xd, 0x3f, 0x0, 0xf, 0x0,
    0xf, 0x4, 0xc0, 0xf3, 0xcc, 0xfc, 0xc1, 0xf0,
    0xc5, 0xf, 0x2, 0x22, 0x22, 0xf, 0x9, 0x0,
    0xf0, 0x0, 0x4, 0xff, 0xa0, 0x0, 0x0, 0x0,
    0x0, 0x0, 0x0,

    /* U+6DB2 "液" */
    0x0, 0x0, 0x0, 0x0, 0x70, 0x0, 0x0, 0x7,
    0xa0, 0x0, 0x0, 0xc6, 0x0, 0x0, 0x0, 0x9a,
    0xef, 0xff, 0xff, 0xff, 0xf5, 0x0, 0x1, 0x2,
    0xa0, 0x47, 0x0, 0x0, 0x2, 0x0, 0x9, 0x80,
    0xa7, 0x11, 0x10, 0x2d, 0x60, 0x2f, 0x12, 0xec,
    0xcd, 0xc0, 0x1, 0xb1, 0xbf, 0xb, 0x78, 0x17,
    0x80, 0x0, 0x6, 0xbf, 0x7c, 0xb3, 0x9d, 0x20,
    0x0, 0x95, 0xf, 0x40, 0xb4, 0x6b, 0x0, 0x0,
    0xe1, 0xf, 0x0, 0x2d, 0xe2, 0x0, 0x7, 0xa0,
    0xf, 0x0, 0x2e, 0xd1, 0x0, 0xe, 0x30, 0xf,
    0x5, 0xe5, 0x7e, 0x40, 0x6, 0x0, 0xf, 0x6b,
    0x20, 0x4, 0xc2, 0x0, 0x0, 0x0, 0x0, 0x0,
    0x0, 0x0,

    /* U+6DC0 "淀" */
    0x1, 0x50, 0x0, 0x0, 0x84, 0x0, 0x0, 0x2,
    0xcc, 0x10, 0x0, 0x6a, 0x0, 0x0, 0x0, 0x7,
    0x3f, 0xff, 0xff, 0xff, 0xf2, 0x0, 0x0, 0x1e,
    0x0, 0x0, 0x0, 0xe2, 0xa, 0x40, 0x7, 0x22,
    0x22, 0x22, 0x70, 0x4, 0xd9, 0x8, 0xcc, 0xdf,
    0xcc, 0xb0, 0x0, 0x2, 0x0, 0x20, 0x5b, 0x0,
    0x0, 0x0, 0x1, 0x1, 0xe0, 0x5b, 0x0, 0x0,
    0x0, 0xd, 0x24, 0xb0, 0x5f, 0xff, 0xb0, 0x0,
    0x5d, 0x8, 0xd0, 0x5b, 0x0, 0x0, 0x0, 0xd5,
    0xd, 0xb6, 0x5b, 0x0, 0x0, 0x5, 0xd0, 0x5c,
    0x1d, 0xbb, 0x0, 0x0, 0x9, 0x50, 0xe3, 0x1,
    0x9d, 0xff, 0xf5, 0x0, 0x0, 0x10, 0x0, 0x0,
    0x0, 0x0,

    /* U+6DCB "淋" */
    0x2, 0x50, 0x2, 0xd0, 0x0, 0xe2, 0x0, 0x1,
    0xd6, 0x2, 0xd0, 0x0, 0xe2, 0x0, 0x0, 0x19,
    0x2, 0xd0, 0x0, 0xe2, 0x0, 0x0, 0x1, 0xee,
    0xfe, 0xde, 0xfe, 0xe3, 0xa, 0x10, 0x17, 0xe1,
    0x12, 0xf6, 0x10, 0x5, 0xd2, 0xa, 0xf7, 0x5,
    0xf9, 0x0, 0x0, 0x40, 0xe, 0xda, 0x4a, 0xfd,
    0x0, 0x0, 0x10, 0x5a, 0xd1, 0x4c, 0xea, 0x40,
    0x0, 0xb3, 0xc4, 0xd0, 0x86, 0xe5, 0xb0, 0x0,
    0xe7, 0xa2, 0xd2, 0xe0, 0xe2, 0xd4, 0x5, 0xb6,
    0x22, 0xd2, 0x50, 0xe2, 0x31, 0xa, 0x60, 0x2,
    0xd0, 0x0, 0xe2, 0x0, 0x8, 0x10, 0x2, 0xd0,
    0x0, 0xe2, 0x0,

    /* U+6DD8 "淘" */
    0x6, 0x60, 0x7, 0x80, 0x0, 0x0, 0x0, 0x2,
    0xbb, 0xd, 0x30, 0x0, 0x0, 0x0, 0x0, 0x1,
    0x6f, 0xee, 0xee, 0xee, 0xe2, 0x0, 0x1, 0xe3,
    0x81, 0x11, 0x11, 0xe2, 0x59, 0x1c, 0x75, 0xc3,
    0x33, 0x20, 0xe1, 0x19, 0xd2, 0xd, 0xaf, 0xaa,
    0x70, 0xe1, 0x0, 0x0, 0x38, 0xe, 0x0, 0x0,
    0xf1, 0x0, 0x10, 0xcd, 0xdf, 0xdd, 0xc0, 0xf0,
    0x0, 0x96, 0x7, 0xe, 0x0, 0x60, 0xf0, 0x1,
    0xf2, 0xe, 0xe, 0x1, 0xd0, 0xf0, 0x7, 0xb0,
    0xf, 0xbf, 0xbb, 0xd2, 0xe0, 0xe, 0x40, 0x2,
    0x22, 0x22, 0x15, 0xc0, 0x7, 0x0, 0x0, 0x0,
    0xe, 0xee, 0x50, 0x0, 0x0, 0x0, 0x0, 0x0,
    0x0, 0x0,

    /* U+6DEE "淮" */
    0x2, 0x40, 0x0, 0x34, 0x26, 0x0, 0x0, 0x3,
    0xdb, 0x10, 0xb6, 0xe, 0x30, 0x0, 0x0, 0x6,
    0x2, 0xf4, 0x4a, 0x84, 0x30, 0x0, 0x0, 0x9,
    0xeb, 0xbf, 0xcb, 0xa0, 0x28, 0x0, 0x3f, 0xa0,
    0xe, 0x10, 0x0, 0x1a, 0xe2, 0xdc, 0xb3, 0x3e,
    0x43, 0x20, 0x0, 0x40, 0x66, 0xeb, 0xbf, 0xbb,
    0x60, 0x0, 0x2, 0x6, 0xa0, 0xe, 0x10, 0x0,
    0x0, 0x4c, 0x6, 0xfe, 0xef, 0xee, 0x80, 0x0,
    0xb6, 0x6, 0xa0, 0xe, 0x20, 0x0, 0x3, 0xe0,
    0x6, 0xa0, 0xe, 0x10, 0x0, 0xb, 0x70, 0x6,
    0xfd, 0xdf, 0xdd, 0xd2, 0x7, 0x10, 0x6, 0xb2,
    0x22, 0x22, 0x20,

    /* U+6DF1 "深" */
    0x4, 0x30, 0x0, 0x0, 0x0, 0x0, 0x0, 0x5,
    0xe9, 0x3f, 0xee, 0xee, 0xee, 0xf0, 0x0, 0x5,
    0x3c, 0x0, 0x0, 0x0, 0xe0, 0x0, 0x0, 0x16,
    0x5d, 0x5, 0xd1, 0x60, 0x29, 0x10, 0x4, 0xe3,
    0x0, 0x5d, 0x10, 0x8, 0xe4, 0x3f, 0x40, 0x71,
    0x7, 0xa0, 0x0, 0x21, 0x1, 0x0, 0xd3, 0x0,
    0x0, 0x0, 0x1, 0x7f, 0xff, 0xff, 0xff, 0xf1,
    0x0, 0x4a, 0x0, 0xd, 0xfe, 0x40, 0x0, 0x0,
    0xc5, 0x0, 0x98, 0xd6, 0xe2, 0x0, 0x4, 0xd0,
    0xa, 0xb0, 0xd3, 0x5e, 0x30, 0xc, 0x50, 0xda,
    0x0, 0xd3, 0x5, 0xe3, 0x8, 0x0, 0x10, 0x0,
    0xd3, 0x0, 0x10,

    /* U+6DF3 "淳" */
    0x3, 0x40, 0x0, 0x2, 0xa0, 0x0, 0x0, 0x3,
    0xdb, 0x57, 0x77, 0xf8, 0x77, 0x70, 0x0, 0x5,
    0x46, 0x66, 0x66, 0x66, 0x60, 0x0, 0x0, 0x7,
    0xcc, 0xcc, 0xcc, 0x0, 0x29, 0x10, 0x9, 0x50,
    0x0, 0xf, 0x0, 0x18, 0xe3, 0x9, 0xb9, 0x99,
    0x9f, 0x0, 0x0, 0x20, 0x2, 0x33, 0x33, 0x33,
    0x0, 0x0, 0x1, 0xd, 0xdd, 0xde, 0xfc, 0x0,
    0x0, 0x2d, 0x0, 0x0, 0x9b, 0x50, 0x0, 0x0,
    0x98, 0x9c, 0xcc, 0xfc, 0xcc, 0xc5, 0x1, 0xf1,
    0x11, 0x11, 0xd4, 0x11, 0x10, 0x9, 0x90, 0x0,
    0x0, 0xd2, 0x0, 0x0, 0x7, 0x10, 0x0, 0xad,
    0xd1, 0x0, 0x0, 0x0, 0x0, 0x0, 0x0, 0x0,
    0x0, 0x0,

    /* U+6DF7 "混" */
    0x1, 0x10, 0x0, 0x0, 0x0, 0x0, 0x0, 0x5,
    0xd8, 0x1f, 0xee, 0xee, 0xef, 0x20, 0x0, 0x19,
    0x3f, 0x0, 0x0, 0xe, 0x20, 0x0, 0x0, 0x1f,
    0xdd, 0xdd, 0xdf, 0x20, 0x18, 0x10, 0x1f, 0x0,
    0x0, 0xe, 0x20, 0x7, 0xd4, 0x1f, 0xee, 0xee,
    0xef, 0x20, 0x0, 0x11, 0x9, 0x0, 0x8, 0x0,
    0x0, 0x0, 0x3, 0xf, 0x10, 0xf, 0x2, 0x80,
    0x0, 0xd, 0x3f, 0xff, 0x7f, 0x9e, 0x70, 0x0,
    0x6b, 0xf, 0x10, 0xf, 0x81, 0x0, 0x0, 0xe3,
    0xf, 0x10, 0xf, 0x0, 0x52, 0x9, 0xb0, 0xf,
    0x58, 0x6f, 0x10, 0xa4, 0xb, 0x20, 0x5f, 0xb7,
    0x2b, 0xff, 0xe1, 0x0, 0x0, 0x0, 0x0, 0x0,
    0x0, 0x0,

    /* U+6DFB "添" */
    0x4, 0x40, 0x0, 0x0, 0x0, 0x0, 0x0, 0x4,
    0xda, 0x6f, 0xff, 0xff, 0xff, 0xe0, 0x0, 0x5,
    0x0, 0x7, 0xa0, 0x0, 0x0, 0x0, 0x0, 0x0,
    0xd, 0x50, 0x0, 0x0, 0x2a, 0x20, 0xff, 0xff,
    0xff, 0xff, 0xf5, 0x6, 0xe3, 0x1, 0xe5, 0x2,
    0xe2, 0x0, 0x0, 0x10, 0x1c, 0x85, 0x40, 0x5e,
    0x40, 0x0, 0x2, 0xe8, 0x8, 0x70, 0x7, 0xd4,
    0x0, 0x66, 0x28, 0x58, 0x7a, 0x1d, 0x40, 0x0,
    0xd4, 0x1e, 0x18, 0x78, 0x64, 0xd0, 0x4, 0xd0,
    0xb7, 0x8, 0x73, 0xa0, 0xb5, 0xc, 0x60, 0x30,
    0x8, 0x70, 0x20, 0x21, 0x9, 0x0, 0x1, 0xee,
    0x40, 0x0, 0x0, 0x0, 0x0, 0x0, 0x0, 0x0,
    0x0, 0x0,

    /* U+6E05 "清" */
    0x6, 0x40, 0x0, 0x0, 0xf1, 0x0, 0x0, 0x3,
    0xd9, 0x7d, 0xdd, 0xfd, 0xdd, 0x90, 0x0, 0x4,
    0x1, 0x11, 0xf2, 0x11, 0x0, 0x0, 0x0, 0x2b,
    0xbb, 0xfc, 0xbb, 0x40, 0x3a, 0x10, 0x44, 0x44,
    0xf4, 0x44, 0x41, 0x6, 0xd3, 0x99, 0x99, 0x99,
    0x99, 0x92, 0x0, 0x10, 0xc, 0xdd, 0xdd, 0xdd,
    0x0, 0x0, 0x1, 0xf, 0x0, 0x0, 0xe, 0x10,
    0x0, 0x5c, 0xf, 0xcc, 0xcc, 0xcf, 0x10, 0x0,
    0xc6, 0xf, 0x0, 0x0, 0xe, 0x10, 0x3, 0xe0,
    0xf, 0xcc, 0xcc, 0xcf, 0x10, 0xb, 0x70, 0xf,
    0x0, 0x0, 0xe, 0x10, 0x8, 0x10, 0xf, 0x0,
    0x8, 0xdc, 0x0,

    /* U+6E0D "渍" */
    0x6, 0x70, 0x0, 0x0, 0xe1, 0x0, 0x0, 0x2,
    0xbd, 0x7c, 0xcc, 0xfd, 0xcc, 0x70, 0x0, 0x3,
    0x2, 0x22, 0xe4, 0x22, 0x0, 0x0, 0x0, 0xa,
    0xaa, 0xfb, 0xaa, 0x0, 0x5a, 0x20, 0x67, 0x77,
    0xf7, 0x77, 0x71, 0x8, 0xe1, 0x55, 0x55, 0x55,
    0x55, 0x51, 0x0, 0x10, 0xc, 0xdd, 0xdd, 0xdd,
    0x10, 0x0, 0x1, 0xe, 0x10, 0x30, 0xe, 0x10,
    0x0, 0x7a, 0xe, 0x10, 0xe1, 0xe, 0x10, 0x0,
    0xd4, 0xe, 0x10, 0xf0, 0xe, 0x10, 0x5, 0xd0,
    0x8, 0x4, 0xc3, 0x8, 0x10, 0xd, 0x50, 0x2,
    0x8d, 0x28, 0xd7, 0x10, 0x8, 0x0, 0x9c, 0x60,
    0x0, 0x8, 0xa0, 0x0, 0x0, 0x0, 0x0, 0x0,
    0x0, 0x0,

    /* U+6E17 "渗" */
    0x5, 0x60, 0x0, 0xb, 0x50, 0x20, 0x0, 0x3,
    0xcc, 0x1, 0xb9, 0x0, 0xc6, 0x0, 0x0, 0x6,
    0x1e, 0xea, 0xbb, 0xdf, 0x40, 0x0, 0x0, 0x6,
    0x5c, 0x81, 0x2, 0x50, 0x5d, 0x40, 0xbc, 0xcf,
    0xdc, 0xcc, 0xc2, 0x5, 0xe2, 0x13, 0xe6, 0x14,
    0xe3, 0x10, 0x0, 0x0, 0x4e, 0x70, 0x55, 0x5e,
    0x50, 0x0, 0x25, 0xd4, 0x4b, 0xa1, 0x13, 0xc2,
    0x0, 0x98, 0xb, 0xa3, 0x2a, 0xb0, 0x0, 0x1,
    0xf2, 0x1, 0x5b, 0xd5, 0x9, 0x40, 0x7, 0xb0,
    0x9, 0x93, 0x6, 0xd9, 0x0, 0x1f, 0x40, 0x2,
    0x6a, 0xea, 0x20, 0x0, 0x5, 0x0, 0x1c, 0x95,
    0x0, 0x0, 0x0,

    /* U+6E23 "渣" */
    0x5, 0x80, 0x0, 0x0, 0xc4, 0x0, 0x0, 0x1,
    0xbd, 0x10, 0x0, 0xc4, 0x0, 0x0, 0x0, 0x6,
    0x8e, 0xef, 0xff, 0xee, 0xe3, 0x0, 0x0, 0x0,
    0x2d, 0xdb, 0xa0, 0x0, 0x2a, 0x30, 0x3, 0xd3,
    0xc4, 0x8c, 0x20, 0x5, 0xd7, 0x7d, 0x30, 0xa3,
    0x6, 0xe5, 0x0, 0x1, 0x25, 0xdc, 0xcc, 0xcb,
    0x10, 0x0, 0x1, 0x5, 0xa0, 0x0, 0x1e, 0x0,
    0x0, 0xd, 0x15, 0xec, 0xcc, 0xce, 0x0, 0x0,
    0x5b, 0x5, 0xa0, 0x0, 0x1e, 0x0, 0x0, 0xd4,
    0x4, 0xdd, 0xdd, 0xdb, 0x0, 0x7, 0xc0, 0x0,
    0x0, 0x0, 0x0, 0x0, 0xb, 0x41, 0xdd, 0xdd,
    0xdd, 0xdd, 0xd7, 0x0, 0x0, 0x0, 0x0, 0x0,
    0x0, 0x0,

    /* U+6E29 "温" */
    0x0, 0x40, 0x0, 0x0, 0x0, 0x0, 0x0, 0x2,
    0xcc, 0x39, 0xee, 0xee, 0xef, 0x60, 0x0, 0x5,
    0x39, 0x50, 0x0, 0xc, 0x60, 0x0, 0x0, 0x9,
    0xed, 0xdd, 0xdf, 0x60, 0x1a, 0x30, 0x9, 0x50,
    0x0, 0xc, 0x60, 0x4, 0xd8, 0x9, 0xdc, 0xcc,
    0xcf, 0x60, 0x0, 0x1, 0x0, 0x11, 0x11, 0x11,
    0x0, 0x0, 0x3, 0x1d, 0xdd, 0xdd, 0xdd, 0xb0,
    0x0, 0xe, 0x3e, 0x1d, 0x1c, 0x23, 0xe0, 0x0,
    0x6b, 0x1e, 0xd, 0xc, 0x12, 0xe0, 0x0, 0xd4,
    0x1e, 0xd, 0xc, 0x12, 0xe0, 0x6, 0xc0, 0x1e,
    0xd, 0xc, 0x12, 0xe0, 0xb, 0x44, 0xff, 0xff,
    0xff, 0xff, 0xfd, 0x0, 0x0, 0x0, 0x0, 0x0,
    0x0, 0x0,

    /* U+6E2F "港" */
    0x8, 0x50, 0x0, 0xe1, 0x1, 0xe0, 0x0, 0x4,
    0xe9, 0x0, 0xe1, 0x1, 0xe0, 0x0, 0x0, 0x17,
    0xcf, 0xff, 0xff, 0xff, 0xf0, 0x0, 0x0, 0x0,
    0xe1, 0x1, 0xe0, 0x0, 0x6b, 0x34, 0xaa, 0xfb,
    0xab, 0xfa, 0xa4, 0x7, 0xf4, 0x56, 0xf5, 0x55,
    0xf6, 0x52, 0x0, 0x20, 0x9, 0x80, 0x0, 0x7a,
    0x0, 0x0, 0x0, 0x6e, 0xfd, 0xdd, 0xfd, 0x80,
    0x0, 0x4d, 0xd5, 0xc0, 0x0, 0xe2, 0xc5, 0x0,
    0xc5, 0x3, 0xfd, 0xdd, 0xf1, 0x0, 0x4, 0xd0,
    0x3, 0xc0, 0x0, 0x2, 0x20, 0xd, 0x60, 0x3,
    0xc0, 0x0, 0x6, 0x80, 0x1b, 0x0, 0x1, 0xde,
    0xee, 0xee, 0x30,

    /* U+6E56 "湖" */
    0x1, 0x0, 0x0, 0x0, 0x0, 0x0, 0x0, 0x7d,
    0x50, 0x59, 0x0, 0xef, 0xff, 0x0, 0x27, 0x5,
    0x90, 0xe, 0x0, 0xf0, 0x0, 0x5c, 0xde, 0xc6,
    0xe0, 0xf, 0x2b, 0x30, 0x16, 0xa1, 0xe, 0xff,
    0xf0, 0x4d, 0x30, 0x59, 0x0, 0xe0, 0xf, 0x0,
    0x0, 0x7a, 0xc8, 0xe, 0x0, 0xf0, 0x0, 0xe,
    0x99, 0xf1, 0xfb, 0xbf, 0x0, 0x76, 0xe0, 0xd,
    0x1e, 0x33, 0xf0, 0xd, 0x2e, 0x0, 0xd3, 0xc0,
    0xf, 0x4, 0xc0, 0xee, 0xef, 0x89, 0x0, 0xf0,
    0xc6, 0xe, 0x0, 0x1e, 0x30, 0xf, 0xb, 0x0,
    0x10, 0x5, 0xa0, 0x6e, 0xb0, 0x0, 0x0, 0x0,
    0x0, 0x0, 0x0,

    /* U+6E58 "湘" */
    0x3, 0x60, 0x2, 0xd0, 0x0, 0x0, 0x0, 0x2,
    0xca, 0x2, 0xd0, 0x2f, 0xff, 0xf2, 0x0, 0x7,
    0x2, 0xd0, 0x2d, 0x0, 0xe2, 0x0, 0x0, 0xbc,
    0xfb, 0x8d, 0x0, 0xe2, 0xd, 0x70, 0x26, 0xe2,
    0x3f, 0xff, 0xf2, 0x3, 0xc7, 0x9, 0xe0, 0x2d,
    0x0, 0xe2, 0x0, 0x0, 0xd, 0xf8, 0x2d, 0x0,
    0xe2, 0x0, 0x0, 0x3b, 0xdc, 0x8d, 0x0, 0xe2,
    0x0, 0x64, 0xb5, 0xd2, 0x6f, 0xee, 0xf2, 0x0,
    0xc8, 0xc2, 0xd0, 0x2d, 0x0, 0xe2, 0x2, 0xe2,
    0x32, 0xd0, 0x2d, 0x0, 0xe2, 0x9, 0x90, 0x2,
    0xd0, 0x2f, 0xff, 0xf2, 0xa, 0x30, 0x2, 0xd0,
    0x2c, 0x0, 0xe2,

    /* U+6E5B "湛" */
    0x6, 0x30, 0x0, 0xe0, 0x0, 0x78, 0x0, 0x5,
    0xe7, 0x2, 0xf1, 0x11, 0x89, 0x10, 0x0, 0x2a,
    0x8d, 0xfd, 0xdd, 0xee, 0xd1, 0x0, 0x0, 0x0,
    0xf2, 0x22, 0x88, 0x0, 0x5, 0x0, 0x0, 0xfb,
    0xbb, 0xd8, 0x0, 0x2b, 0xd3, 0x0, 0xf2, 0x22,
    0x98, 0x0, 0x0, 0x53, 0x0, 0xfa, 0xaa, 0xd8,
    0x0, 0x0, 0x0, 0x55, 0xf5, 0x55, 0xaa, 0x51,
    0x0, 0x18, 0x8f, 0x88, 0xa8, 0xb8, 0x82, 0x0,
    0x89, 0xf, 0x3, 0xc0, 0xd2, 0x0, 0x1, 0xe2,
    0xf, 0xc, 0x30, 0x4c, 0x0, 0x8, 0xa0, 0xf,
    0x49, 0x33, 0x39, 0x30, 0xd, 0x20, 0xa, 0xbb,
    0xbb, 0xbb, 0xb2, 0x0, 0x0, 0x0, 0x0, 0x0,
    0x0, 0x0,

    /* U+6E7E "湾" */
    0x4, 0x10, 0x0, 0x0, 0xc1, 0x0, 0x0, 0x7,
    0xc0, 0x47, 0x77, 0xda, 0x77, 0x72, 0x0, 0xb6,
    0x47, 0x8e, 0x7c, 0xa7, 0x72, 0x0, 0x0, 0xc,
    0x4d, 0xa, 0x5c, 0x40, 0x26, 0x0, 0xb7, 0x1d,
    0xa, 0x52, 0xe2, 0xd, 0x50, 0x40, 0x1a, 0x7,
    0x40, 0x30, 0x3, 0x90, 0x4d, 0xdd, 0xdd, 0xdd,
    0x30, 0x0, 0x10, 0x0, 0x0, 0x0, 0xb, 0x40,
    0x0, 0xc2, 0xc, 0xed, 0xdd, 0xdd, 0x30, 0x2,
    0xe0, 0xf, 0x0, 0x0, 0x0, 0x0, 0x8, 0x90,
    0x3e, 0xdd, 0xdd, 0xde, 0xc0, 0xe, 0x30, 0x0,
    0x0, 0x0, 0x9, 0x80, 0x6, 0x0, 0x0, 0x0,
    0xd, 0xdd, 0x10, 0x0, 0x0, 0x0, 0x0, 0x0,
    0x0, 0x0,

    /* U+6E7F "湿" */
    0x2, 0x20, 0x0, 0x0, 0x0, 0x0, 0x0, 0x4,
    0xd9, 0xf, 0xee, 0xee, 0xef, 0x30, 0x0, 0x7,
    0xf, 0x10, 0x0, 0xc, 0x30, 0x0, 0x0, 0xf,
    0xdd, 0xdd, 0xdf, 0x30, 0x2c, 0x50, 0xf, 0x10,
    0x0, 0xc, 0x30, 0x3, 0xc5, 0xf, 0xdd, 0xdd,
    0xdf, 0x30, 0x0, 0x0, 0x0, 0x17, 0x16, 0x21,
    0x0, 0x0, 0x1, 0x24, 0xf, 0xc, 0x31, 0x60,
    0x0, 0x5a, 0x2d, 0xf, 0xc, 0x37, 0x90, 0x0,
    0xb5, 0xc, 0x3f, 0xc, 0x3d, 0x20, 0x2, 0xe0,
    0x7, 0x8f, 0xc, 0x7b, 0x0, 0x9, 0x80, 0x1,
    0xf, 0xc, 0x41, 0x0, 0xd, 0x25, 0xff, 0xff,
    0xff, 0xff, 0xf3, 0x0, 0x0, 0x0, 0x0, 0x0,
    0x0, 0x0,

    /* U+6E90 "源" */
    0x3, 0x20, 0x0, 0x0, 0x0, 0x0, 0x0, 0x5,
    0xe7, 0x4f, 0xff, 0xff, 0xff, 0xf4, 0x0, 0x18,
    0x4c, 0x0, 0xc, 0x10, 0x0, 0x0, 0x0, 0x4c,
    0x39, 0xae, 0x99, 0x80, 0x2c, 0x40, 0x4c, 0x79,
    0x33, 0x34, 0xe0, 0x5, 0xe4, 0x4b, 0x7d, 0xbb,
    0xbb, 0xe0, 0x0, 0x0, 0x4b, 0x78, 0x11, 0x12,
    0xe0, 0x0, 0x0, 0x69, 0x7b, 0x66, 0x67, 0xe0,
    0x0, 0x59, 0x87, 0x26, 0x6f, 0x76, 0x50, 0x0,
    0xc5, 0xb4, 0x2a, 0xe, 0x18, 0x50, 0x4, 0xe1,
    0xf1, 0xb6, 0xe, 0x12, 0xe0, 0xc, 0x67, 0xb5,
    0xc0, 0xe, 0x10, 0x94, 0x9, 0xa, 0x20, 0x6,
    0xed, 0x0, 0x0, 0x0, 0x0, 0x0, 0x0, 0x0,
    0x0, 0x0,

    /* U+6EAA "溪" */
    0x3, 0x40, 0x0, 0x1, 0x24, 0x7a, 0x20, 0x4,
    0xda, 0x3d, 0xed, 0xca, 0x77, 0x10, 0x0, 0x7,
    0x8, 0x11, 0xe0, 0xe, 0x10, 0x0, 0x0, 0x6,
    0x90, 0xa4, 0x59, 0x0, 0x29, 0x10, 0x0, 0x3d,
    0x22, 0x31, 0x0, 0x19, 0xe4, 0x3, 0xd5, 0x5d,
    0x40, 0x0, 0x0, 0x31, 0xb, 0xef, 0xa1, 0x68,
    0x0, 0x0, 0x2, 0x19, 0xfb, 0x9a, 0x9d, 0x80,
    0x0, 0x69, 0x16, 0x32, 0xf0, 0x0, 0x40, 0x0,
    0xd3, 0xcd, 0xdd, 0xfd, 0xdd, 0xd4, 0x5, 0xc0,
    0x1, 0x2d, 0x8e, 0x31, 0x10, 0xd, 0x40, 0x16,
    0xe8, 0x3, 0xd8, 0x30, 0x4, 0x1, 0xd9, 0x30,
    0x0, 0x17, 0xc2,

    /* U+6EC1 "滁" */
    0x1, 0x0, 0x0, 0x0, 0x0, 0x41, 0x0, 0x6,
    0xd3, 0xfd, 0xf5, 0x5, 0xf3, 0x0, 0x0, 0x35,
    0xe0, 0xe2, 0x7d, 0x4d, 0x40, 0x0, 0x0, 0xe2,
    0xdd, 0xa1, 0x1, 0xc9, 0x1b, 0x40, 0xe7, 0x61,
    0xce, 0xee, 0xa1, 0x5, 0xf4, 0xe5, 0x80, 0x0,
    0xe0, 0x0, 0x0, 0x20, 0xe0, 0xd0, 0x0, 0xe0,
    0x0, 0x0, 0x0, 0xe0, 0xc9, 0xee, 0xfe, 0xe7,
    0x0, 0x46, 0xe0, 0xc2, 0x41, 0xe2, 0x20, 0x0,
    0xc4, 0xe8, 0xd1, 0xe0, 0xe2, 0xd0, 0x3, 0xd0,
    0xe1, 0x9, 0x80, 0xe0, 0x95, 0xb, 0x60, 0xe0,
    0x1c, 0x10, 0xe0, 0x28, 0x8, 0x0, 0xe0, 0x0,
    0x3e, 0xb0, 0x0, 0x0, 0x0, 0x0, 0x0, 0x0,
    0x0, 0x0,

    /* U+6ED1 "滑" */
    0x1, 0x10, 0x0, 0x0, 0x0, 0x0, 0x0, 0x4,
    0xd7, 0x6, 0xed, 0xdd, 0xde, 0x0, 0x0, 0x7,
    0x26, 0xda, 0xa1, 0x1e, 0x0, 0x0, 0x0, 0x6,
    0x70, 0xc1, 0x1e, 0x0, 0x18, 0x10, 0x6b, 0xb7,
    0xe8, 0x8f, 0x73, 0x8, 0xe4, 0xe6, 0x66, 0x66,
    0x66, 0xc6, 0x0, 0x31, 0xd6, 0xaa, 0xaa, 0xaa,
    0x96, 0x0, 0x0, 0x8, 0x83, 0x33, 0x3f, 0x0,
    0x0, 0x1d, 0x8, 0xdc, 0xcc, 0xcf, 0x0, 0x0,
    0x8a, 0x8, 0x60, 0x0, 0xf, 0x0, 0x1, 0xf2,
    0x8, 0xdc, 0xcc, 0xcf, 0x0, 0x9, 0xa0, 0x8,
    0x60, 0x0, 0xf, 0x0, 0x6, 0x20, 0x8, 0x60,
    0xc, 0xdc, 0x0, 0x0, 0x0, 0x0, 0x0, 0x0,
    0x0, 0x0,

    /* U+6EDA "滚" */
    0x1, 0x0, 0x0, 0x2, 0x60, 0x0, 0x0, 0x8,
    0xb1, 0x23, 0x34, 0xf5, 0x33, 0x30, 0x0, 0x7b,
    0x8b, 0xcb, 0xbb, 0xcb, 0xb0, 0x0, 0x0, 0x3,
    0xd2, 0x2, 0xe5, 0x0, 0x14, 0x0, 0x6e, 0x39,
    0x70, 0x2d, 0x80, 0x2c, 0x82, 0xb1, 0x8c, 0x9,
    0x31, 0xa0, 0x0, 0x92, 0x9, 0xd5, 0x6a, 0xf3,
    0x0, 0x0, 0x0, 0x5d, 0xbf, 0xf7, 0x5b, 0x0,
    0x0, 0x47, 0x0, 0x9b, 0x88, 0x3, 0x70, 0x0,
    0xa6, 0x3c, 0xd0, 0x1e, 0x7d, 0x40, 0x2, 0xe7,
    0xd8, 0xb0, 0x5, 0xf2, 0x0, 0xa, 0x80, 0x3,
    0xc3, 0x72, 0x7e, 0x40, 0xd, 0x10, 0x9, 0xfb,
    0x71, 0x5, 0xe2, 0x0, 0x0, 0x2, 0x0, 0x0,
    0x0, 0x0,

    /* U+6EE1 "满" */
    0x7, 0x10, 0x0, 0xe1, 0x6, 0x90, 0x0, 0x7,
    0xe7, 0xdd, 0xfd, 0xde, 0xfd, 0xd3, 0x0, 0x32,
    0x0, 0xe2, 0x6, 0x90, 0x0, 0x0, 0x1, 0x33,
    0x53, 0x34, 0x43, 0x30, 0x43, 0x3, 0xaa, 0xce,
    0xae, 0xca, 0xa1, 0x5e, 0x80, 0x0, 0x59, 0xa,
    0x30, 0x0, 0x1, 0x40, 0xcf, 0xff, 0xff, 0xff,
    0x90, 0x0, 0x0, 0xc4, 0x76, 0xc, 0x6, 0x90,
    0x0, 0xa4, 0xc4, 0xab, 0xf, 0x66, 0x90, 0x2,
    0xe0, 0xc5, 0xd9, 0x9a, 0xd7, 0x90, 0xa, 0x80,
    0xcb, 0x61, 0xd2, 0x47, 0x90, 0x3f, 0x10, 0xc4,
    0x0, 0x30, 0x6, 0x90, 0x26, 0x0, 0xc4, 0x0,
    0x0, 0x9c, 0x60,

    /* U+6EE4 "滤" */
    0x3, 0x20, 0x0, 0x1, 0xc0, 0x0, 0x0, 0x5,
    0xe4, 0x0, 0x1, 0xfd, 0xdd, 0xa0, 0x0, 0x3c,
    0x0, 0x1, 0xc0, 0x0, 0x0, 0x0, 0x0, 0x7e,
    0xdd, 0xdd, 0xdd, 0xf3, 0x5, 0x0, 0x78, 0x9,
    0x40, 0x0, 0xd0, 0x1a, 0xc2, 0x78, 0xae, 0xdc,
    0xc2, 0x20, 0x0, 0x51, 0x78, 0x2a, 0x50, 0x2,
    0x90, 0x0, 0x0, 0x77, 0x4, 0xcd, 0xdc, 0x50,
    0x0, 0x48, 0x86, 0x0, 0x23, 0x0, 0x0, 0x0,
    0xb5, 0xb4, 0x68, 0x1c, 0x17, 0x30, 0x3, 0xe0,
    0xe3, 0x9d, 0x4, 0x62, 0xc0, 0xb, 0x63, 0xc7,
    0x5d, 0x0, 0xc, 0x85, 0x9, 0x9, 0x65, 0xa,
    0xcc, 0xca, 0x11, 0x0, 0x0, 0x0, 0x0, 0x0,
    0x0, 0x0,

    /* U+6F02 "漂" */
    0x1, 0x0, 0x0, 0x0, 0x0, 0x0, 0x0, 0x7,
    0xe5, 0x7a, 0xaf, 0xab, 0xea, 0xa6, 0x0, 0x4a,
    0x1, 0x1e, 0x13, 0xc1, 0x10, 0x0, 0x0, 0xf,
    0xcf, 0xcc, 0xfc, 0xf0, 0x26, 0x0, 0xe, 0xe,
    0x2, 0xc0, 0xf0, 0x2a, 0xd1, 0xf, 0xbf, 0xbc,
    0xeb, 0xf0, 0x0, 0x40, 0x1, 0x11, 0x11, 0x11,
    0x10, 0x0, 0x0, 0x8, 0xdd, 0xdd, 0xdd, 0x80,
    0x0, 0x49, 0x35, 0x55, 0x55, 0x55, 0x52, 0x0,
    0xc4, 0x68, 0x88, 0xdd, 0x88, 0x83, 0x4, 0xd0,
    0x6, 0x90, 0xba, 0x1b, 0x10, 0xc, 0x50, 0x7d,
    0x10, 0xba, 0x4, 0xc1, 0x8, 0x1, 0x81, 0x2e,
    0xf6, 0x0, 0x42, 0x0, 0x0, 0x0, 0x0, 0x0,
    0x0, 0x0,

    /* U+6F2F "漯" */
    0x1, 0x20, 0x0, 0x0, 0x0, 0x0, 0x0, 0x5,
    0xe6, 0x1f, 0x99, 0xfa, 0x9b, 0xb0, 0x0, 0x3c,
    0x1e, 0x0, 0xe2, 0x4, 0xb0, 0x0, 0x0, 0x1f,
    0xbb, 0xfb, 0xbc, 0xb0, 0x18, 0x0, 0x1f, 0x66,
    0xf6, 0x68, 0xb0, 0x1a, 0xe2, 0x6, 0x7e, 0xa6,
    0x76, 0x40, 0x0, 0x61, 0x2, 0xc9, 0x25, 0xd4,
    0x0, 0x0, 0x0, 0xa, 0xcd, 0xfa, 0x25, 0x0,
    0x0, 0x2c, 0x4, 0xae, 0x85, 0x6c, 0xb0, 0x0,
    0x98, 0x3b, 0x98, 0xe8, 0x43, 0x95, 0x1, 0xf1,
    0x4, 0xa0, 0xc3, 0xd, 0x30, 0xa, 0x90, 0x4d,
    0x20, 0xc3, 0x3, 0xe2, 0x7, 0x10, 0x62, 0x1d,
    0xe2, 0x0, 0x43, 0x0, 0x0, 0x0, 0x0, 0x0,
    0x0, 0x0,

    /* U+6F33 "漳" */
    0x0, 0x0, 0x0, 0x0, 0x0, 0x0, 0x0, 0x8,
    0x50, 0x0, 0x0, 0xd1, 0x0, 0x0, 0x3, 0xcc,
    0x2d, 0xdd, 0xfe, 0xdd, 0x80, 0x0, 0x3, 0x0,
    0xa4, 0x0, 0xc1, 0x0, 0x0, 0x0, 0x79, 0xcc,
    0x9a, 0xf9, 0x91, 0x48, 0x10, 0x45, 0x55, 0x55,
    0x55, 0x50, 0x1a, 0xe3, 0x8, 0xcb, 0xbb, 0xbc,
    0x30, 0x0, 0x40, 0xa, 0x40, 0x0, 0xc, 0x40,
    0x0, 0x0, 0xa, 0xca, 0xaa, 0xae, 0x40, 0x0,
    0xc, 0xa, 0xa8, 0x88, 0x8e, 0x40, 0x0, 0x89,
    0x1, 0x22, 0xe5, 0x22, 0x0, 0x2, 0xe1, 0xbe,
    0xee, 0xfe, 0xee, 0xe2, 0xc, 0x70, 0x0, 0x0,
    0xd3, 0x0, 0x0, 0x9, 0x0, 0x0, 0x0, 0xd3,
    0x0, 0x0,

    /* U+706B "火" */
    0x0, 0x0, 0x0, 0xb6, 0x0, 0x0, 0x0, 0x0,
    0x0, 0x0, 0xc6, 0x0, 0x0, 0x0, 0x0, 0x11,
    0x0, 0xc6, 0x0, 0x2, 0x0, 0x0, 0x6b, 0x0,
    0xd5, 0x0, 0xc, 0x60, 0x0, 0xc6, 0x0, 0xe3,
    0x0, 0x3e, 0x0, 0x3, 0xf0, 0x0, 0xf4, 0x0,
    0xb6, 0x0, 0xa, 0x70, 0x4, 0xf9, 0x2, 0xd0,
    0x0, 0x0, 0x0, 0x9, 0xbe, 0x0, 0x0, 0x0,
    0x0, 0x0, 0x1f, 0x39, 0x90, 0x0, 0x0, 0x0,
    0x0, 0xc9, 0x1, 0xe6, 0x0, 0x0, 0x0, 0x1c,
    0xc0, 0x0, 0x3e, 0x80, 0x0, 0x18, 0xf9, 0x0,
    0x0, 0x2, 0xce, 0x81, 0x9, 0x30, 0x0, 0x0,
    0x0, 0x4, 0x70,

    /* U+707C "灼" */
    0x0, 0x0, 0x0, 0x0, 0x10, 0x0, 0x0, 0x0,
    0x2d, 0x0, 0x1, 0xf0, 0x0, 0x0, 0x0, 0x2d,
    0x0, 0x5, 0xb0, 0x0, 0x0, 0x0, 0x2d, 0x1,
    0xb, 0x70, 0x0, 0x0, 0x7, 0x3d, 0xe, 0x2f,
    0xee, 0xee, 0xf2, 0xc, 0x3d, 0x68, 0x99, 0x0,
    0x0, 0xe1, 0xd, 0x2d, 0x92, 0xe2, 0x0, 0x0,
    0xf1, 0x37, 0x3c, 0x0, 0xa, 0x80, 0x0, 0xf0,
    0x0, 0x4b, 0x0, 0x0, 0xc8, 0x1, 0xf0, 0x0,
    0x7f, 0x30, 0x0, 0x1e, 0x42, 0xe0, 0x0, 0xc8,
    0xe2, 0x0, 0x2, 0x3, 0xd0, 0x4, 0xe0, 0x6d,
    0x0, 0x0, 0x5, 0xb0, 0x1d, 0x60, 0x5, 0x0,
    0x0, 0xa, 0x80, 0x28, 0x0, 0x0, 0x0, 0x2f,
    0xfd, 0x20, 0x0, 0x0, 0x0, 0x0, 0x0, 0x0,
    0x0,

    /* U+7089 "炉" */
    0x0, 0x0, 0x0, 0x0, 0x0, 0x0, 0x0, 0x0,
    0x4b, 0x0, 0x0, 0x69, 0x0, 0x0, 0x0, 0x4b,
    0x0, 0x0, 0x1f, 0x20, 0x0, 0x0, 0x4b, 0x0,
    0x12, 0x29, 0x62, 0x20, 0x7, 0x4b, 0x1c, 0x9e,
    0xdd, 0xdd, 0xf0, 0xd, 0x4b, 0x76, 0x97, 0x0,
    0x0, 0xf0, 0x1c, 0x4b, 0x70, 0x97, 0x0, 0x0,
    0xf0, 0x14, 0x4a, 0x0, 0x9f, 0xff, 0xff, 0xf0,
    0x0, 0x69, 0x0, 0x97, 0x0, 0x0, 0xf0, 0x0,
    0x9f, 0x30, 0xa6, 0x0, 0x0, 0x0, 0x0, 0xd6,
    0xe2, 0xc4, 0x0, 0x0, 0x0, 0x4, 0xd0, 0x56,
    0xf0, 0x0, 0x0, 0x0, 0x1d, 0x50, 0x9, 0x90,
    0x0, 0x0, 0x0, 0x38, 0x0, 0xb, 0x10, 0x0,
    0x0, 0x0,

    /* U+7092 "炒" */
    0x0, 0x0, 0x0, 0x0, 0x1, 0x0, 0x0, 0x0,
    0x4b, 0x0, 0x0, 0x1e, 0x0, 0x0, 0x0, 0x4b,
    0x0, 0x0, 0x1e, 0x0, 0x0, 0x2, 0x4b, 0x16,
    0x18, 0x1e, 0xb, 0x10, 0xd, 0x4b, 0x58, 0x4b,
    0x1e, 0x9, 0x80, 0xc, 0x4b, 0xb2, 0x78, 0x1e,
    0x2, 0xe0, 0x3a, 0x4b, 0x50, 0xc4, 0x1e, 0x0,
    0xc4, 0x23, 0x5a, 0x0, 0xb0, 0x1e, 0x0, 0x20,
    0x0, 0x6a, 0x0, 0x0, 0x1e, 0x8, 0x90, 0x0,
    0x9f, 0x40, 0x0, 0x8, 0x2f, 0x20, 0x0, 0xd5,
    0xe3, 0x0, 0x2, 0xe6, 0x0, 0x4, 0xd0, 0x45,
    0x0, 0x6e, 0x70, 0x0, 0x1d, 0x60, 0x3, 0x8e,
    0xc3, 0x0, 0x0, 0x18, 0x0, 0x6, 0x83, 0x0,
    0x0, 0x0,

    /* U+7096 "炖" */
    0x0, 0x4a, 0x0, 0x0, 0x1f, 0x0, 0x0, 0x0,
    0x4b, 0x0, 0x0, 0x1f, 0x0, 0x0, 0x0, 0x4b,
    0x4, 0xff, 0xff, 0xff, 0xf5, 0xb, 0x4b, 0x4a,
    0x0, 0x2f, 0x0, 0x0, 0xd, 0x4b, 0x94, 0xa0,
    0x1f, 0x0, 0xb0, 0x2b, 0x5a, 0x90, 0xe1, 0x1f,
    0x0, 0xf0, 0x25, 0x5a, 0x0, 0xe1, 0x1f, 0x0,
    0xf0, 0x0, 0x79, 0x0, 0xe1, 0x1f, 0x0, 0xf0,
    0x0, 0x9d, 0x0, 0xef, 0xff, 0xff, 0xf0, 0x0,
    0xda, 0xa0, 0x0, 0x2f, 0x1, 0xf0, 0x3, 0xe0,
    0xc5, 0x0, 0x1f, 0x0, 0x23, 0xc, 0x60, 0x21,
    0x0, 0x1f, 0x0, 0x57, 0x3b, 0x0, 0x0, 0x0,
    0xc, 0xff, 0xe2, 0x0, 0x0, 0x0, 0x0, 0x0,
    0x0, 0x0,

    /* U+70B8 "炸" */
    0x0, 0x0, 0x0, 0x0, 0x0, 0x0, 0x0, 0x0,
    0x4c, 0x0, 0xb, 0x40, 0x0, 0x0, 0x0, 0x4c,
    0x0, 0xf, 0x10, 0x0, 0x0, 0x0, 0x4c, 0x0,
    0x5e, 0x44, 0x44, 0x42, 0x8, 0x4c, 0x58, 0xbc,
    0xec, 0xaa, 0xa5, 0xd, 0x4c, 0xb6, 0xe0, 0xb5,
    0x0, 0x0, 0x2b, 0x4b, 0x66, 0x60, 0xbd, 0xcc,
    0xc2, 0x25, 0x4b, 0x0, 0x0, 0xb7, 0x33, 0x30,
    0x0, 0x69, 0x0, 0x0, 0xb5, 0x0, 0x0, 0x0,
    0x8a, 0x0, 0x0, 0xb7, 0x33, 0x31, 0x0, 0xcd,
    0x70, 0x0, 0xbd, 0xbb, 0xb3, 0x2, 0xe1, 0xd5,
    0x0, 0xb5, 0x0, 0x0, 0xb, 0x70, 0x22, 0x0,
    0xb5, 0x0, 0x0, 0x2b, 0x0, 0x0, 0x0, 0xb5,
    0x0, 0x0, 0x0, 0x0, 0x0, 0x0, 0x0, 0x0,
    0x0,

    /* U+70B9 "点" */
    0x0, 0x0, 0x0, 0xa5, 0x0, 0x0, 0x0, 0x0,
    0x0, 0xa, 0x51, 0x11, 0x10, 0x0, 0x0, 0x0,
    0xaf, 0xff, 0xff, 0x40, 0x0, 0x0, 0xa, 0x50,
    0x0, 0x0, 0x0, 0x78, 0x88, 0xda, 0x88, 0x82,
    0x0, 0xe, 0x87, 0x77, 0x77, 0x7e, 0x40, 0x0,
    0xe1, 0x0, 0x0, 0x0, 0xc4, 0x0, 0xe, 0x10,
    0x0, 0x0, 0xc, 0x40, 0x0, 0xdf, 0xff, 0xff,
    0xff, 0xf3, 0x0, 0x1, 0x0, 0x0, 0x0, 0x1,
    0x0, 0x1, 0xe1, 0x58, 0x5, 0x90, 0x99, 0x0,
    0xa8, 0x4, 0xc0, 0x1e, 0x0, 0xe4, 0x4d, 0x0,
    0x3c, 0x0, 0xa3, 0x5, 0x90, 0x0, 0x0, 0x0,
    0x0, 0x0, 0x0,

    /* U+70BC "炼" */
    0x0, 0x0, 0x0, 0x0, 0x0, 0x0, 0x0, 0x0,
    0xc2, 0x0, 0x3, 0xc0, 0x0, 0x0, 0x0, 0xc2,
    0x0, 0x8, 0x90, 0x0, 0x0, 0x0, 0xc2, 0x2f,
    0xff, 0xff, 0xff, 0xd0, 0x8, 0xc4, 0xb0, 0x1e,
    0x0, 0x0, 0x0, 0x29, 0xc8, 0x6c, 0xff, 0xfd,
    0x0, 0x0, 0x56, 0xca, 0x0, 0xc4, 0x3d, 0x0,
    0x0, 0x92, 0xd1, 0x4, 0xc0, 0x2d, 0x0, 0x0,
    0x0, 0xe0, 0x4, 0xff, 0xff, 0xff, 0xc0, 0x0,
    0xf2, 0x0, 0x10, 0x2d, 0x0, 0x0, 0x4, 0xdc,
    0x0, 0xc5, 0x2d, 0xd, 0x10, 0x9, 0x69, 0x77,
    0xb0, 0x2d, 0x6, 0x90, 0x2e, 0x10, 0x4e, 0x10,
    0x2d, 0x0, 0xd1, 0x76, 0x0, 0x1, 0xc, 0xea,
    0x0, 0x10, 0x0, 0x0, 0x0, 0x0, 0x0, 0x0,
    0x0,

    /* U+70DF "烟" */
    0x0, 0x5a, 0x0, 0x0, 0x0, 0x0, 0x0, 0x5,
    0xa0, 0x4f, 0xff, 0xff, 0xff, 0x0, 0x5a, 0x4,
    0xa0, 0x6, 0x0, 0xf0, 0x85, 0xa5, 0xca, 0x0,
    0xd0, 0xf, 0xd, 0x5a, 0xa7, 0xa1, 0x1d, 0x11,
    0xf2, 0xb5, 0xbb, 0x4a, 0xad, 0xfc, 0x9f, 0x47,
    0x69, 0x4, 0xa0, 0x2d, 0x0, 0xf0, 0x7, 0x80,
    0x4a, 0x6, 0xd6, 0xf, 0x0, 0x9d, 0x14, 0xa0,
    0xd2, 0xc1, 0xf0, 0xd, 0x9b, 0x4a, 0x89, 0x5,
    0x9f, 0x4, 0xd0, 0xba, 0xb8, 0x0, 0x5, 0xf0,
    0xd6, 0x1, 0x5f, 0xee, 0xee, 0xef, 0x2a, 0x0,
    0x4, 0xb1, 0x11, 0x11, 0xf0,

    /* U+70E4 "烤" */
    0x0, 0x0, 0x0, 0x0, 0x10, 0x0, 0x0, 0x0,
    0x5a, 0x0, 0x0, 0xe1, 0x0, 0x10, 0x0, 0x5a,
    0x0, 0x0, 0xe1, 0x2, 0xe0, 0x0, 0x5a, 0x1,
    0xee, 0xfe, 0xee, 0x60, 0x9, 0x5a, 0x66, 0x0,
    0xe1, 0x8b, 0x0, 0xc, 0x5a, 0xb8, 0xbb, 0xfc,
    0xfc, 0xb4, 0x3a, 0x5a, 0x62, 0x33, 0xbd, 0x43,
    0x31, 0x23, 0x69, 0x0, 0x1b, 0xfc, 0xaa, 0xa0,
    0x0, 0x77, 0x7, 0xee, 0x83, 0x33, 0x30, 0x0,
    0xac, 0x5c, 0x3d, 0x20, 0x0, 0x0, 0x0, 0xea,
    0x90, 0x1f, 0xee, 0xef, 0x80, 0x4, 0xc0, 0xc4,
    0x0, 0x0, 0x8, 0x60, 0xc, 0x50, 0x20, 0x0,
    0x0, 0xc, 0x30, 0x3a, 0x0, 0x0, 0x0, 0xbe,
    0xec, 0x0, 0x0, 0x0, 0x0, 0x0, 0x0, 0x0,
    0x0,

    /* U+70E7 "烧" */
    0x0, 0x0, 0x0, 0x0, 0x0, 0x0, 0x0, 0x0,
    0x5a, 0x0, 0xb, 0x40, 0x0, 0x0, 0x0, 0x5a,
    0x0, 0x9, 0x85, 0x78, 0xa0, 0x0, 0x5a, 0x26,
    0xed, 0xe9, 0x86, 0x60, 0x9, 0x8a, 0x85, 0x0,
    0xe1, 0xb, 0x90, 0xb, 0x6a, 0xc0, 0x0, 0x8c,
    0xd7, 0x0, 0xd, 0x5a, 0x70, 0x49, 0xee, 0x90,
    0x65, 0x17, 0x69, 0x1, 0xb6, 0x11, 0xbe, 0xe1,
    0x0, 0x78, 0x2, 0x44, 0x44, 0x45, 0x51, 0x0,
    0x9b, 0x6, 0xae, 0xcb, 0xfa, 0xa3, 0x0, 0xdb,
    0x80, 0xd, 0x31, 0xe0, 0x0, 0x3, 0xd0, 0xd4,
    0x2f, 0x1, 0xe0, 0x0, 0xc, 0x60, 0x21, 0xb9,
    0x1, 0xe0, 0x49, 0x3a, 0x0, 0xe, 0xa0, 0x0,
    0xed, 0xe5, 0x0, 0x0, 0x1, 0x0, 0x0, 0x0,
    0x0,

    /* U+70EB "烫" */
    0x0, 0x20, 0x0, 0x0, 0x0, 0x0, 0x0, 0x1,
    0xaa, 0x2d, 0xdd, 0xdf, 0xf3, 0x0, 0x1, 0x3,
    0x0, 0x27, 0xb6, 0x0, 0x0, 0xa, 0xd4, 0xb,
    0xff, 0xdd, 0xdd, 0xd0, 0x0, 0x24, 0x0, 0x2c,
    0x7, 0x71, 0xd0, 0x0, 0x1d, 0x21, 0xc3, 0x1d,
    0x13, 0xb0, 0x1, 0xc5, 0x1d, 0x40, 0xc5, 0x7,
    0x90, 0x8, 0x70, 0x1, 0x17, 0x82, 0xde, 0x30,
    0x0, 0x4, 0x50, 0x78, 0x0, 0x25, 0x0, 0x0,
    0x2d, 0x20, 0xdc, 0x1, 0xd4, 0x0, 0x0, 0x83,
    0x8, 0xb9, 0x94, 0x40, 0x0, 0x0, 0x26, 0xca,
    0x0, 0xad, 0x62, 0x0, 0xd, 0xc8, 0x30, 0x0,
    0x3, 0x9d, 0xf3, 0x0, 0x0, 0x0, 0x0, 0x0,
    0x0, 0x0,

    /* U+70ED "热" */
    0x0, 0x0, 0x0, 0x0, 0x0, 0x0, 0x0, 0x0,
    0xf, 0x0, 0x1, 0xe0, 0x0, 0x0, 0x0, 0xf,
    0x0, 0x1, 0xe0, 0x0, 0x0, 0x1f, 0xff, 0xf9,
    0xee, 0xfe, 0xee, 0x0, 0x0, 0xf, 0x0, 0x3,
    0xd0, 0x1e, 0x0, 0x0, 0xf, 0x24, 0x4, 0xb0,
    0xe, 0x0, 0x5, 0x9f, 0xe7, 0xcc, 0x90, 0xe,
    0x0, 0x3c, 0x7f, 0x0, 0xd, 0xd4, 0xe, 0x0,
    0x0, 0xf, 0x0, 0x3e, 0x4e, 0x4e, 0x24, 0x2,
    0x4f, 0x4, 0xe4, 0x1, 0xc, 0x88, 0x4, 0xa7,
    0x5, 0x40, 0x0, 0x4, 0xb2, 0x0, 0xb2, 0x17,
    0x2, 0x90, 0xc, 0x20, 0x6, 0xc0, 0xf, 0x0,
    0xe3, 0x6, 0xb0, 0x1e, 0x20, 0xe, 0x10, 0x97,
    0x0, 0xd3, 0x0, 0x0, 0x0, 0x0, 0x0, 0x0,
    0x0,

    /* U+7116 "焖" */
    0x0, 0x0, 0x0, 0x0, 0x0, 0x0, 0x0, 0xc,
    0x20, 0x67, 0x0, 0x0, 0x0, 0x0, 0xc2, 0x1,
    0xe2, 0xef, 0xff, 0xf0, 0xc, 0x25, 0x7, 0x80,
    0x0, 0xf, 0xa, 0xc4, 0xae, 0x0, 0x60, 0x0,
    0xf0, 0xbc, 0x76, 0xe0, 0x4, 0xc1, 0xf, 0x29,
    0xca, 0x1e, 0x0, 0x24, 0x50, 0xf5, 0x6d, 0x10,
    0xe2, 0x6b, 0x8, 0xf, 0x0, 0xe0, 0xe, 0x47,
    0xb0, 0x56, 0xf0, 0xf, 0x10, 0xe8, 0x4b, 0x4,
    0xaf, 0x3, 0xeb, 0xe, 0x80, 0xb0, 0xa4, 0xf0,
    0x87, 0xa6, 0xe0, 0x9, 0xb4, 0xf, 0xe, 0x11,
    0x1e, 0x0, 0x0, 0x0, 0xf4, 0x70, 0x0, 0xe0,
    0x0, 0xc, 0xeb, 0x0, 0x0, 0x0, 0x0, 0x0,
    0x0, 0x0,

    /* U+7117 "焗" */
    0x0, 0x76, 0x0, 0x0, 0x0, 0x0, 0x0, 0x0,
    0x76, 0x4, 0xfe, 0xee, 0xee, 0xb0, 0x0, 0x76,
    0x24, 0xa0, 0x0, 0x3, 0xb0, 0xb, 0x76, 0xb5,
    0xeb, 0xbb, 0xbc, 0xb0, 0xb, 0x77, 0xb4, 0xb2,
    0x22, 0x22, 0x20, 0x29, 0x7b, 0x64, 0xb2, 0x22,
    0x22, 0x30, 0x46, 0x85, 0x4, 0xeb, 0xbb, 0xbb,
    0xf2, 0x0, 0x94, 0x5, 0x92, 0x22, 0x20, 0xc2,
    0x0, 0xb5, 0x6, 0x8c, 0xaa, 0xe0, 0xd1, 0x0,
    0xed, 0x18, 0x6c, 0x0, 0xc0, 0xe0, 0x4, 0xa5,
    0xab, 0x3c, 0xdd, 0xf0, 0xe0, 0xd, 0x30, 0x2e,
    0x9, 0x0, 0x2, 0xd0, 0x29, 0x0, 0x48, 0x0,
    0x1, 0xee, 0x70, 0x0, 0x0, 0x0, 0x0, 0x0,
    0x0, 0x0,

    /* U+7126 "焦" */
    0x0, 0x3, 0xb0, 0x2b, 0x0, 0x0, 0x0, 0x0,
    0xb, 0x70, 0xd, 0x40, 0x0, 0x0, 0x0, 0x6f,
    0xee, 0xef, 0xfe, 0xee, 0x90, 0x4, 0xfa, 0x0,
    0xd, 0x30, 0x0, 0x0, 0x3f, 0xaf, 0xdd, 0xdf,
    0xdd, 0xda, 0x0, 0x3, 0x6a, 0x0, 0xd, 0x30,
    0x0, 0x0, 0x0, 0x6f, 0xdd, 0xdf, 0xed, 0xdb,
    0x0, 0x0, 0x6a, 0x0, 0xd, 0x30, 0x0, 0x0,
    0x0, 0x6d, 0x77, 0x7e, 0x87, 0x77, 0x30, 0x0,
    0x5c, 0x77, 0x77, 0x77, 0x77, 0x30, 0x0, 0xc3,
    0x18, 0x4, 0x70, 0x5b, 0x0, 0x5, 0xd0, 0xf,
    0x1, 0xe0, 0xc, 0x60, 0xd, 0x30, 0xe, 0x10,
    0xc3, 0x3, 0xe0, 0x0, 0x0, 0x0, 0x0, 0x0,
    0x0, 0x0,

    /* U+712F "焯" */
    0x0, 0x4b, 0x0, 0x0, 0x2d, 0x0, 0x0, 0x0,
    0x5c, 0x0, 0x0, 0x2f, 0xbb, 0xb5, 0x0, 0x5c,
    0x3, 0x0, 0x2e, 0x22, 0x21, 0xc, 0x5c, 0x5a,
    0x66, 0x8e, 0x66, 0x60, 0xd, 0x5c, 0xa5, 0xf7,
    0x77, 0x78, 0xe0, 0x1b, 0x5c, 0xc1, 0xe1, 0x11,
    0x12, 0xe0, 0x47, 0x6b, 0x1, 0xfc, 0xcc, 0xcc,
    0xe0, 0x0, 0x79, 0x1, 0xf3, 0x33, 0x34, 0xe0,
    0x0, 0x9b, 0x1, 0xaa, 0xbf, 0xaa, 0x90, 0x0,
    0xde, 0x50, 0x0, 0x2e, 0x0, 0x0, 0x3, 0xe2,
    0xec, 0xff, 0xff, 0xff, 0xfa, 0xc, 0x60, 0x20,
    0x0, 0x2e, 0x0, 0x0, 0x3a, 0x0, 0x0, 0x0,
    0x2e, 0x0, 0x0, 0x0, 0x0, 0x0, 0x0, 0x0,
    0x0, 0x0,

    /* U+7136 "然" */
    0x0, 0x1, 0x0, 0x0, 0x0, 0x0, 0x0, 0x0,
    0xa, 0x60, 0x0, 0xe, 0x48, 0x0, 0x0, 0x1f,
    0xdd, 0xc0, 0xe, 0x1c, 0x50, 0x0, 0x98, 0x23,
    0xc0, 0xe, 0x12, 0x50, 0x4, 0xd6, 0x97, 0xaf,
    0xff, 0xff, 0xf0, 0x2e, 0x30, 0x5f, 0x11, 0x2f,
    0x41, 0x10, 0x14, 0x99, 0x89, 0x0, 0x6f, 0x90,
    0x0, 0x0, 0xa, 0xd0, 0x0, 0xd6, 0xe1, 0x0,
    0x0, 0x6e, 0x20, 0xa, 0xb0, 0x7c, 0x0, 0xc,
    0xc2, 0x1, 0xbb, 0x0, 0xb, 0xc0, 0x2, 0x0,
    0x0, 0x60, 0x0, 0x1, 0x40, 0x0, 0xe2, 0x1b,
    0x4, 0x90, 0x4d, 0x0, 0x9, 0x90, 0xf, 0x0,
    0xf1, 0xa, 0x90, 0x2c, 0x0, 0xb, 0x10, 0x93,
    0x1, 0xc0,

    /* U+714E "煎" */
    0x0, 0x5, 0x50, 0x0, 0x4, 0x40, 0x0, 0x0,
    0x2, 0xe1, 0x0, 0x1e, 0x30, 0x0, 0x3f, 0xff,
    0xff, 0xff, 0xff, 0xff, 0xf3, 0x1, 0x66, 0x66,
    0x50, 0x20, 0x8, 0x10, 0x4, 0xc5, 0x57, 0xc0,
    0xa5, 0xe, 0x20, 0x4, 0xeb, 0xbc, 0xc0, 0xa5,
    0xe, 0x20, 0x4, 0xb0, 0x3, 0xc0, 0xa5, 0xe,
    0x20, 0x4, 0xeb, 0xbc, 0xc0, 0xa5, 0xe, 0x20,
    0x4, 0xb0, 0x3, 0xc0, 0x31, 0xe, 0x20, 0x3,
    0x90, 0x9c, 0x60, 0xa, 0xdc, 0x0, 0x0, 0x83,
    0x16, 0x1, 0x70, 0x2a, 0x0, 0x4, 0xe0, 0x1e,
    0x0, 0xe2, 0xb, 0x80, 0xd, 0x40, 0xf, 0x0,
    0x96, 0x1, 0xe1, 0x1, 0x0, 0x0, 0x0, 0x0,
    0x0, 0x0,

    /* U+7167 "照" */
    0x0, 0x0, 0x0, 0x0, 0x0, 0x0, 0x0, 0x8,
    0xff, 0xf7, 0xae, 0xff, 0xee, 0xf4, 0x8, 0x70,
    0x87, 0x0, 0x97, 0x0, 0xc3, 0x8, 0x70, 0x87,
    0x7, 0xd1, 0x22, 0xf1, 0x8, 0xed, 0xe8, 0xca,
    0x10, 0x79, 0x60, 0x8, 0x70, 0x87, 0x2c, 0xcc,
    0xcc, 0xb0, 0x8, 0x70, 0x87, 0x3c, 0x11, 0x12,
    0xe0, 0x8, 0xa4, 0xa7, 0x3c, 0x0, 0x1, 0xe0,
    0x8, 0xda, 0xa4, 0x3f, 0xcc, 0xcc, 0xe0, 0x4,
    0x50, 0x0, 0x1, 0x11, 0x12, 0x10, 0x0, 0xb5,
    0xc, 0x0, 0xa5, 0xb, 0x70, 0x5, 0xd0, 0xf,
    0x30, 0x6b, 0x2, 0xf2, 0xe, 0x40, 0xd, 0x40,
    0x1e, 0x0, 0x89, 0x0, 0x0, 0x0, 0x0, 0x0,
    0x0, 0x0,

    /* U+716E "煮" */
    0x0, 0x0, 0x0, 0xc4, 0x0, 0x1, 0x40, 0x0,
    0x5e, 0xee, 0xfe, 0xee, 0x7d, 0x80, 0x0, 0x0,
    0x0, 0xc4, 0x5, 0xe6, 0x0, 0x4, 0x77, 0x77,
    0xe9, 0xbf, 0xa7, 0x76, 0x4, 0x77, 0x7a, 0xfd,
    0x87, 0x77, 0x75, 0x0, 0x38, 0xdf, 0xe9, 0x99,
    0x99, 0x10, 0xb, 0xd8, 0xf4, 0x22, 0x22, 0x2e,
    0x20, 0x0, 0x0, 0xec, 0xcc, 0xcc, 0xcf, 0x20,
    0x0, 0x0, 0xe1, 0x0, 0x0, 0xe, 0x20, 0x0,
    0x0, 0xec, 0xcc, 0xcc, 0xcf, 0x20, 0x0, 0xa,
    0x12, 0x20, 0x43, 0x5, 0x60, 0x0, 0xaa, 0x6,
    0x80, 0x5b, 0x1, 0xe3, 0x5, 0xc0, 0x4, 0x90,
    0xd, 0x0, 0x6a, 0x0, 0x0, 0x0, 0x0, 0x0,
    0x0, 0x0,

    /* U+7172 "煲" */
    0x0, 0x5, 0x0, 0x0, 0x0, 0x0, 0x0, 0x0,
    0x5c, 0xe, 0xcb, 0xbb, 0xce, 0x0, 0x3, 0xf3,
    0xe, 0x76, 0x66, 0x7e, 0x0, 0x4e, 0xe2, 0x4,
    0x45, 0xf4, 0x44, 0x0, 0x32, 0xd3, 0xcc, 0xcc,
    0xfc, 0xcc, 0xc0, 0x0, 0xd2, 0x0, 0x9b, 0xe7,
    0x91, 0x0, 0x0, 0xd3, 0x6d, 0x61, 0xe0, 0x4d,
    0x60, 0x0, 0xa2, 0x71, 0x64, 0xa0, 0x0, 0x50,
    0x0, 0xb, 0x20, 0xe4, 0x0, 0x97, 0x0, 0x0,
    0x8a, 0x6, 0xec, 0x5, 0xd1, 0x0, 0x1, 0xa0,
    0x5e, 0x38, 0xb8, 0x10, 0x0, 0x1, 0x5b, 0xd3,
    0x0, 0x7e, 0x94, 0x10, 0x5e, 0xa5, 0x0, 0x0,
    0x1, 0x6b, 0xd0, 0x0, 0x0, 0x0, 0x0, 0x0,
    0x0, 0x0,

    /* U+7178 "煸" */
    0x0, 0x0, 0x0, 0x0, 0x0, 0x0, 0x0, 0x0,
    0x95, 0x0, 0x0, 0x2e, 0x0, 0x0, 0x0, 0x95,
    0x0, 0x0, 0xd, 0x40, 0x0, 0x0, 0x95, 0x3,
    0xfd, 0xdd, 0xdd, 0xe0, 0x8, 0x95, 0xc3, 0xc0,
    0x0, 0x1, 0xe0, 0xc, 0x97, 0xa3, 0xfe, 0xee,
    0xee, 0xe0, 0x2a, 0x98, 0x43, 0xc0, 0x0, 0x0,
    0x0, 0x24, 0xa4, 0x3, 0xfd, 0xdd, 0xdd, 0xe0,
    0x0, 0xb3, 0x4, 0xea, 0xa, 0x63, 0xc0, 0x0,
    0xd6, 0x6, 0xca, 0xa, 0x63, 0xc0, 0x1, 0xed,
    0x19, 0xaf, 0xdf, 0xed, 0xf0, 0x7, 0x96, 0x5d,
    0x6a, 0xa, 0x63, 0xc0, 0x1e, 0x20, 0x3d, 0x4a,
    0xa, 0x63, 0xc0, 0x38, 0x0, 0x45, 0x4a, 0x7,
    0x47, 0xd0,

    /* U+719F "熟" */
    0x0, 0x0, 0x0, 0x0, 0x0, 0x0, 0x0, 0x0,
    0x8, 0x80, 0x0, 0x1d, 0x0, 0x0, 0x3c, 0xcc,
    0xdc, 0xc2, 0x1d, 0x0, 0x0, 0x3, 0x99, 0x99,
    0x57, 0xdf, 0xde, 0x10, 0x6, 0x81, 0x16, 0x80,
    0x2d, 0xe, 0x10, 0x4, 0xaa, 0xaa, 0x66, 0x4c,
    0xe, 0x10, 0x8, 0xbb, 0xbb, 0x54, 0xeb, 0xd,
    0x10, 0x0, 0x3, 0xb7, 0x0, 0xaf, 0x5d, 0x10,
    0x18, 0x9c, 0xec, 0xc2, 0xe2, 0x9b, 0x26, 0x14,
    0x38, 0x90, 0x1d, 0x50, 0x9, 0x79, 0x0, 0x9c,
    0x60, 0xa6, 0x0, 0x3, 0xd5, 0x0, 0x82, 0x15,
    0x0, 0x70, 0x29, 0x0, 0x3, 0xe0, 0x1f, 0x0,
    0xd3, 0xc, 0x70, 0xc, 0x40, 0xe, 0x10, 0x87,
    0x3, 0xd0, 0x0, 0x0, 0x0, 0x0, 0x0, 0x0,
    0x0,

    /* U+71AC "熬" */
    0x0, 0x0, 0x0, 0x0, 0x0, 0x0, 0x0, 0x0,
    0x3, 0xc0, 0x0, 0x1f, 0x0, 0x0, 0x7, 0xcd,
    0xfc, 0xc2, 0x6b, 0x0, 0x0, 0x0, 0x3, 0xc0,
    0x0, 0xcd, 0xbb, 0xb6, 0x4, 0xdd, 0xfd, 0xc5,
    0xf5, 0x49, 0xb2, 0x4, 0x47, 0xd4, 0x4e, 0xb5,
    0xb, 0x60, 0x9, 0x9f, 0x99, 0x94, 0x3c, 0x1e,
    0x0, 0x0, 0xf, 0xcc, 0x80, 0xb, 0xd8, 0x0,
    0x0, 0x5b, 0x4, 0x90, 0x9, 0xf3, 0x0, 0x1,
    0xe3, 0x6, 0x71, 0xac, 0x6e, 0x60, 0xb, 0x60,
    0xbb, 0x1a, 0x80, 0x3, 0xd5, 0x0, 0x43, 0x3,
    0x0, 0x50, 0x7, 0x0, 0x1, 0xe3, 0xe, 0x0,
    0xd3, 0xa, 0x90, 0xb, 0x90, 0xd, 0x10, 0x88,
    0x1, 0xe4, 0x2, 0x0, 0x1, 0x0, 0x0, 0x0,
    0x20,

    /* U+71D5 "燕" */
    0x0, 0x0, 0x87, 0x0, 0x96, 0x0, 0x0, 0x3e,
    0xee, 0xff, 0xee, 0xff, 0xee, 0xe3, 0x1, 0x11,
    0x87, 0x11, 0x97, 0x11, 0x10, 0x0, 0x1, 0x8c,
    0xaa, 0xd6, 0x0, 0x0, 0x0, 0xe, 0x23, 0x33,
    0x33, 0xc0, 0x0, 0xe, 0xef, 0x1d, 0xdd, 0xd2,
    0xd9, 0xc0, 0x0, 0xe, 0x1e, 0x0, 0xe2, 0xf5,
    0x0, 0x0, 0x4f, 0x1e, 0x0, 0xe2, 0xc0, 0x82,
    0x2d, 0x8e, 0x1d, 0xcc, 0xd1, 0xea, 0xe1, 0x0,
    0x8, 0x0, 0x0, 0x0, 0x13, 0x10, 0x0, 0xe2,
    0x1a, 0x1, 0xa0, 0x3e, 0x10, 0x7, 0xb0, 0xf,
    0x0, 0xd3, 0x9, 0xa0, 0x2e, 0x20, 0xd, 0x10,
    0x86, 0x0, 0xe2, 0x0, 0x0, 0x0, 0x0, 0x0,
    0x0, 0x0,

    /* U+7206 "爆" */
    0x0, 0xb3, 0x0, 0x0, 0x0, 0x0, 0x0, 0x0,
    0xb3, 0x4, 0xeb, 0xbb, 0xbc, 0xd0, 0x0, 0xb3,
    0x14, 0xea, 0xaa, 0xab, 0xd0, 0x9, 0xb3, 0xc4,
    0xc4, 0x44, 0x46, 0xd0, 0xb, 0xb6, 0x81, 0x6e,
    0x76, 0xd8, 0x50, 0x29, 0xb8, 0x3a, 0xcf, 0xcc,
    0xfd, 0xb0, 0x34, 0xc2, 0x0, 0xd, 0x10, 0xc3,
    0x0, 0x0, 0xd1, 0x4c, 0xcf, 0xcc, 0xee, 0xc4,
    0x0, 0xf4, 0x3, 0xb5, 0x39, 0xb, 0x40, 0x2,
    0xdd, 0x5a, 0x4b, 0x4b, 0x29, 0xa5, 0x7, 0x76,
    0x90, 0x8, 0xbe, 0xd2, 0x0, 0x1e, 0x10, 0x39,
    0xc8, 0x5b, 0x6c, 0x60, 0x37, 0x0, 0x4, 0x7,
    0xd8, 0x0, 0x40, 0x0, 0x0, 0x0, 0x0, 0x0,
    0x0, 0x0,

    /* U+722A "爪" */
    0x0, 0x0, 0x0, 0x0, 0x0, 0x0, 0x0, 0x0,
    0x0, 0x1, 0x46, 0x9c, 0xf8, 0x0, 0x0, 0x9e,
    0xec, 0xf9, 0x52, 0xf0, 0x0, 0x0, 0xb4, 0x0,
    0xe2, 0x0, 0xe1, 0x0, 0x0, 0xb4, 0x0, 0xe2,
    0x0, 0xd2, 0x0, 0x0, 0xb4, 0x0, 0xe2, 0x0,
    0xc3, 0x0, 0x0, 0xc3, 0x0, 0xe2, 0x0, 0xa5,
    0x0, 0x0, 0xd2, 0x0, 0xe2, 0x0, 0x87, 0x0,
    0x0, 0xf0, 0x0, 0xe2, 0x0, 0x5a, 0x0, 0x2,
    0xd0, 0x0, 0xe2, 0x0, 0x2e, 0x0, 0x7, 0x90,
    0x0, 0xe2, 0x0, 0xd, 0x40, 0xd, 0x30, 0x0,
    0xe2, 0x0, 0x7, 0xc0, 0x5b, 0x0, 0x0, 0xe2,
    0x0, 0x0, 0xd3, 0x0, 0x0, 0x0, 0x0, 0x0,
    0x0, 0x10,

    /* U+7231 "爱" */
    0x0, 0x0, 0x1, 0x23, 0x46, 0x78, 0x0, 0x5,
    0xdd, 0xdc, 0xcb, 0x98, 0x94, 0x0, 0x0, 0xc,
    0x10, 0xa4, 0x2, 0xd0, 0x0, 0x1, 0x19, 0x61,
    0x79, 0x1b, 0x61, 0x10, 0xe, 0xcc, 0xcc, 0xcc,
    0xcc, 0xcc, 0xe0, 0xe, 0x0, 0xc, 0x0, 0x0,
    0x0, 0xe0, 0x3, 0xce, 0xef, 0xee, 0xee, 0xec,
    0x30, 0x0, 0x0, 0x97, 0x0, 0x0, 0x0, 0x0,
    0x0, 0x1, 0xff, 0xee, 0xee, 0xf1, 0x0, 0x0,
    0x9, 0xad, 0x40, 0xa, 0x90, 0x0, 0x0, 0x6d,
    0x2, 0xca, 0xd8, 0x0, 0x0, 0x8, 0xd3, 0x48,
    0xdb, 0xcd, 0x95, 0x30, 0x2a, 0x12, 0xa6, 0x10,
    0x2, 0x7a, 0x80,

    /* U+723D "爽" */
    0x0, 0x0, 0x0, 0xb5, 0x0, 0x0, 0x0, 0x0,
    0x0, 0x0, 0xb5, 0x0, 0x0, 0x0, 0x5f, 0xff,
    0xff, 0xff, 0xff, 0xff, 0xf0, 0x2, 0x32, 0x80,
    0xc5, 0x12, 0x18, 0x0, 0x2, 0xce, 0x30, 0xd4,
    0x2c, 0xe4, 0x0, 0x6, 0xd8, 0xb0, 0xf4, 0x4d,
    0xab, 0x0, 0x4, 0x11, 0x51, 0xf8, 0x32, 0x7,
    0x0, 0x5, 0xac, 0x55, 0xfd, 0xc, 0xab, 0x0,
    0x1, 0xee, 0x1b, 0x8e, 0x48, 0xe9, 0x0, 0xb,
    0x55, 0x8f, 0x16, 0xe8, 0x9, 0x30, 0x0, 0x4,
    0xf6, 0x0, 0xbb, 0x0, 0x0, 0x3, 0xaf, 0x50,
    0x0, 0xb, 0xe6, 0x0, 0x5e, 0x91, 0x0, 0x0,
    0x0, 0x5c, 0xd0, 0x0, 0x0, 0x0, 0x0, 0x0,
    0x0, 0x0,

    /* U+7247 "片" */
    0x0, 0x0, 0x0, 0x3, 0xe0, 0x0, 0x0, 0x7,
    0x90, 0x0, 0x3e, 0x0, 0x0, 0x0, 0x79, 0x0,
    0x3, 0xe0, 0x0, 0x0, 0x7, 0x90, 0x0, 0x3e,
    0x0, 0x0, 0x0, 0x7f, 0xff, 0xff, 0xff, 0xff,
    0xd0, 0x7, 0xa1, 0x11, 0x11, 0x11, 0x11, 0x0,
    0x89, 0x0, 0x0, 0x0, 0x0, 0x0, 0x9, 0xff,
    0xff, 0xff, 0xfa, 0x0, 0x0, 0xb7, 0x22, 0x22,
    0x28, 0xb0, 0x0, 0xe, 0x30, 0x0, 0x0, 0x7b,
    0x0, 0x5, 0xe0, 0x0, 0x0, 0x7, 0xb0, 0x0,
    0xd7, 0x0, 0x0, 0x0, 0x7b, 0x0, 0x2b, 0x0,
    0x0, 0x0, 0x7, 0xb0, 0x0, 0x0, 0x0, 0x0,
    0x0, 0x0, 0x0,

    /* U+7248 "版" */
    0x6, 0x90, 0xe0, 0x0, 0x2, 0x46, 0x90, 0x6,
    0x90, 0xe0, 0x1f, 0xed, 0xb8, 0x61, 0x6, 0x90,
    0xe0, 0x1e, 0x0, 0x0, 0x0, 0x6, 0x91, 0xf1,
    0x2e, 0x0, 0x0, 0x0, 0x6, 0xff, 0xff, 0x6f,
    0xee, 0xee, 0xe1, 0x6, 0x91, 0x11, 0x2e, 0xc2,
    0x11, 0xf0, 0x6, 0x80, 0x0, 0x1e, 0x75, 0x4,
    0xb0, 0x7, 0xff, 0xf6, 0x2d, 0x3b, 0x9, 0x60,
    0x8, 0x70, 0x86, 0x3c, 0xd, 0x3e, 0x10, 0xa,
    0x50, 0x86, 0x5a, 0x6, 0xf8, 0x0, 0xc, 0x30,
    0x86, 0x98, 0x7, 0xf7, 0x0, 0x1e, 0x0, 0x86,
    0xd4, 0x8e, 0x4e, 0x70, 0x38, 0x0, 0x88, 0xb6,
    0xb1, 0x2, 0xc4, 0x0, 0x0, 0x0, 0x0, 0x0,
    0x0, 0x0,

    /* U+724C "牌" */
    0x0, 0x0, 0x0, 0x0, 0x1, 0x0, 0x0, 0x7,
    0x71, 0xd0, 0x0, 0x5c, 0x0, 0x0, 0x7, 0x71,
    0xd0, 0x56, 0xca, 0x66, 0x60, 0x7, 0x71, 0xd0,
    0xd7, 0x6f, 0x66, 0xe1, 0x7, 0x71, 0xd0, 0xd1,
    0xe, 0x0, 0xe1, 0x7, 0xec, 0xfc, 0xdd, 0xcf,
    0xcc, 0xf1, 0x7, 0x81, 0x11, 0xd1, 0x1d, 0x0,
    0xe1, 0x7, 0x70, 0x0, 0xdc, 0xdf, 0xcc, 0xf1,
    0x7, 0xfe, 0xe2, 0x5, 0xd1, 0xa3, 0x0, 0x8,
    0x50, 0xa3, 0x7a, 0x10, 0xc4, 0x0, 0xa, 0x40,
    0xaa, 0xee, 0xee, 0xfe, 0xe5, 0xc, 0x20, 0xa3,
    0x0, 0x0, 0xc4, 0x0, 0xe, 0x0, 0xa3, 0x0,
    0x0, 0xc4, 0x0, 0x3a, 0x0, 0xa3, 0x0, 0x0,
    0xc4, 0x0, 0x0, 0x0, 0x0, 0x0, 0x0, 0x0,
    0x0,

    /* U+725B "牛" */
    0x0, 0x4, 0x20, 0x3e, 0x0, 0x0, 0x0, 0x0,
    0xd, 0x40, 0x3e, 0x0, 0x0, 0x0, 0x0, 0x3e,
    0x11, 0x4f, 0x11, 0x11, 0x0, 0x0, 0xbf, 0xff,
    0xff, 0xff, 0xff, 0xa0, 0x4, 0xe0, 0x0, 0x3e,
    0x0, 0x0, 0x0, 0xb, 0x50, 0x0, 0x3e, 0x0,
    0x0, 0x0, 0x0, 0x0, 0x0, 0x3e, 0x0, 0x0,
    0x0, 0xf, 0xff, 0xff, 0xff, 0xff, 0xff, 0xf7,
    0x1, 0x11, 0x11, 0x4f, 0x11, 0x11, 0x10, 0x0,
    0x0, 0x0, 0x3e, 0x0, 0x0, 0x0, 0x0, 0x0,
    0x0, 0x3e, 0x0, 0x0, 0x0, 0x0, 0x0, 0x0,
    0x3e, 0x0, 0x0, 0x0, 0x0, 0x0, 0x0, 0x3e,
    0x0, 0x0, 0x0,

    /* U+7267 "牧" */
    0x0, 0x0, 0x0, 0x0, 0x0, 0x0, 0x0, 0x1,
    0xe, 0x10, 0x7, 0x70, 0x0, 0x0, 0xc, 0x2e,
    0x10, 0xc, 0x50, 0x0, 0x0, 0xe, 0xe, 0x10,
    0x1f, 0x0, 0x0, 0x0, 0xf, 0xef, 0xfa, 0x7f,
    0xff, 0xff, 0xf4, 0x3b, 0x1f, 0x31, 0xec, 0x0,
    0xf, 0x20, 0x86, 0xe, 0x18, 0xbe, 0x0, 0x3e,
    0x0, 0x0, 0xe, 0x25, 0x2a, 0x50, 0x89, 0x0,
    0x2, 0x6f, 0xe8, 0x4, 0xc0, 0xe3, 0x0, 0x7e,
    0x9f, 0x20, 0x0, 0xdb, 0xb0, 0x0, 0x0, 0xe,
    0x10, 0x0, 0x6f, 0x30, 0x0, 0x0, 0xe, 0x10,
    0x4, 0xeb, 0xc1, 0x0, 0x0, 0xe, 0x11, 0x9e,
    0x40, 0x9e, 0x50, 0x0, 0xe, 0x1a, 0x91, 0x0,
    0x5, 0xd3, 0x0, 0x0, 0x0, 0x0, 0x0, 0x0,
    0x0,

    /* U+7269 "物" */
    0x0, 0x0, 0x0, 0x0, 0x0, 0x0, 0x0, 0x0,
    0xe, 0x10, 0xa, 0x40, 0x0, 0x0, 0xb, 0x3e,
    0x10, 0xe, 0x10, 0x0, 0x0, 0xd, 0x1e, 0x10,
    0x4e, 0x88, 0x88, 0x82, 0xf, 0xff, 0xf7, 0xba,
    0xbb, 0xbc, 0xe3, 0x3b, 0x1e, 0x24, 0xd0, 0xb3,
    0x86, 0xc3, 0x66, 0xe, 0x1c, 0x42, 0xd0, 0xd2,
    0xd2, 0x0, 0xe, 0x35, 0x9, 0x72, 0xd0, 0xe1,
    0x4, 0x9f, 0xd7, 0x3e, 0x8, 0x70, 0xf0, 0x6c,
    0x7f, 0x11, 0xd5, 0xe, 0x11, 0xe0, 0x0, 0xe,
    0x16, 0x80, 0x79, 0x3, 0xd0, 0x0, 0xe, 0x10,
    0x2, 0xe1, 0x5, 0xa0, 0x0, 0xe, 0x10, 0x1d,
    0x50, 0xa, 0x70, 0x0, 0xe, 0x10, 0x77, 0x9,
    0xfd, 0x10, 0x0, 0x0, 0x0, 0x0, 0x0, 0x0,
    0x0,

    /* U+7279 "特" */
    0x0, 0xf, 0x0, 0x0, 0xf, 0x0, 0x0, 0x8,
    0x2f, 0x0, 0x46, 0x6f, 0x66, 0x40, 0xc, 0x2f,
    0x0, 0x7a, 0xaf, 0xaa, 0x70, 0xe, 0xff, 0xf4,
    0x0, 0xf, 0x0, 0x0, 0x1d, 0x1f, 0x5, 0x99,
    0x9f, 0x99, 0x93, 0x49, 0xf, 0x4, 0x77, 0x77,
    0xad, 0x73, 0x2, 0xf, 0x1, 0x0, 0x0, 0x4b,
    0x0, 0x1, 0x6f, 0xe9, 0xff, 0xff, 0xff, 0xf5,
    0x3f, 0xaf, 0x0, 0x34, 0x0, 0x5b, 0x0, 0x0,
    0xf, 0x0, 0x2e, 0x20, 0x4b, 0x0, 0x0, 0xf,
    0x0, 0x4, 0xb0, 0x4b, 0x0, 0x0, 0xf, 0x0,
    0x0, 0x10, 0x5b, 0x0, 0x0, 0xf, 0x0, 0x0,
    0x3f, 0xf7, 0x0, 0x0, 0x0, 0x0, 0x0, 0x0,
    0x0, 0x0,

    /* U+72B6 "状" */
    0x0, 0x0, 0x0, 0x0, 0x0, 0x0, 0x0, 0x0,
    0xc, 0x40, 0x0, 0xf1, 0x41, 0x0, 0x0, 0xc,
    0x40, 0x0, 0xf1, 0x6c, 0x0, 0x4c, 0xc, 0x40,
    0x0, 0xf1, 0xb, 0x60, 0xa, 0x8c, 0x40, 0x0,
    0xf0, 0x1, 0x10, 0x1, 0xbc, 0x7d, 0xdd, 0xfd,
    0xdd, 0xd1, 0x0, 0xc, 0x53, 0x34, 0xf7, 0x33,
    0x30, 0x0, 0xd, 0x40, 0x4, 0xf8, 0x0, 0x0,
    0x1, 0xdf, 0x40, 0x7, 0xbd, 0x0, 0x0, 0x2d,
    0x7c, 0x40, 0xd, 0x5b, 0x40, 0x0, 0x76, 0xc,
    0x40, 0x4e, 0x5, 0xc0, 0x0, 0x0, 0xc, 0x41,
    0xe6, 0x0, 0xc8, 0x0, 0x0, 0xc, 0x5b, 0xa0,
    0x0, 0x2e, 0x80, 0x0, 0xc, 0x9b, 0x0, 0x0,
    0x2, 0xc1,

    /* U+72EE "狮" */
    0xb, 0x16, 0x10, 0xc2, 0x0, 0x0, 0x0, 0x7,
    0xcd, 0x0, 0xc3, 0xdd, 0xfd, 0xd3, 0x1, 0xf5,
    0x56, 0xc2, 0x0, 0xf0, 0x0, 0x1b, 0xe7, 0x56,
    0xc2, 0x68, 0xf8, 0x70, 0x59, 0x4b, 0x56, 0xc2,
    0xd6, 0xf6, 0xe0, 0x0, 0x4d, 0x56, 0xc2, 0xd0,
    0xf0, 0xd0, 0x0, 0xbe, 0x56, 0xc1, 0xd0, 0xf0,
    0xd0, 0x6, 0xce, 0x56, 0xe0, 0xd0, 0xf0, 0xd0,
    0x4e, 0x2e, 0x24, 0xe0, 0xd0, 0xf0, 0xd0, 0x3,
    0x1e, 0x4, 0xa0, 0xd0, 0xf0, 0xd0, 0x0, 0x2c,
    0xb, 0x50, 0xd0, 0xf8, 0xc0, 0x0, 0x5a, 0x6c,
    0x0, 0x30, 0xf0, 0x0, 0xc, 0xe4, 0xa2, 0x0,
    0x0, 0xf0, 0x0, 0x0, 0x0, 0x0, 0x0, 0x0,
    0x0, 0x0,

    /* U+72FC "狼" */
    0x2, 0x0, 0x20, 0x0, 0x62, 0x0, 0x0, 0xd,
    0x66, 0xc0, 0x0, 0x6a, 0x0, 0x0, 0x1, 0xee,
    0x22, 0xfe, 0xee, 0xef, 0x70, 0x4, 0xfb, 0x2,
    0xe0, 0x0, 0x9, 0x70, 0x2d, 0x3f, 0x2, 0xfe,
    0xee, 0xef, 0x70, 0x0, 0xc, 0x42, 0xe0, 0x0,
    0x9, 0x70, 0x0, 0x1f, 0x52, 0xe0, 0x0, 0x9,
    0x70, 0x0, 0xce, 0x62, 0xfe, 0xff, 0xee, 0x60,
    0xb, 0x99, 0x62, 0xe0, 0x4c, 0x2, 0x90, 0x28,
    0x9, 0x52, 0xe0, 0xb, 0xad, 0x50, 0x0, 0xb,
    0x42, 0xe0, 0x2, 0xf5, 0x0, 0x0, 0x1e, 0x13,
    0xf9, 0xd2, 0x3e, 0x81, 0xd, 0xf9, 0x7, 0xb5,
    0x0, 0x1, 0x91, 0x0, 0x0, 0x0, 0x0, 0x0,
    0x0, 0x0,

    /* U+732A "猪" */
    0xa, 0x11, 0x40, 0x3, 0xd0, 0x0, 0x10, 0x7,
    0xbb, 0x70, 0x3, 0xd0, 0x3, 0xe0, 0x0, 0xeb,
    0x7, 0xef, 0xfe, 0xff, 0x40, 0x1b, 0xdc, 0x0,
    0x3, 0xd0, 0xa9, 0x0, 0x89, 0xf, 0x2b, 0xbc,
    0xfc, 0xfb, 0xb4, 0x0, 0xf, 0x33, 0x34, 0xcb,
    0x33, 0x31, 0x0, 0x8f, 0x40, 0x1c, 0xa0, 0x0,
    0x0, 0x5, 0xdc, 0x56, 0xff, 0xee, 0xef, 0x50,
    0x5e, 0x2b, 0x9b, 0x98, 0x0, 0xa, 0x50, 0x33,
    0xc, 0x30, 0x7e, 0xdd, 0xdf, 0x50, 0x0, 0xd,
    0x20, 0x78, 0x0, 0xa, 0x50, 0x0, 0x2f, 0x0,
    0x79, 0x22, 0x2b, 0x50, 0xe, 0xf7, 0x0, 0x7e,
    0xcc, 0xce, 0x50,

    /* U+7334 "猴" */
    0x1, 0x1, 0x0, 0x34, 0x0, 0x0, 0x0, 0xa,
    0x6a, 0x50, 0xb6, 0xce, 0xef, 0x60, 0x1, 0xeb,
    0x3, 0xe0, 0x0, 0xa, 0x50, 0x7, 0xf7, 0xc,
    0xb7, 0xbb, 0xbe, 0xc6, 0x1d, 0x5b, 0x7f, 0xb2,
    0x85, 0x33, 0x31, 0x0, 0xe, 0x96, 0xb0, 0xd4,
    0x22, 0x20, 0x0, 0x5f, 0x4, 0xb3, 0xec, 0xfc,
    0xc0, 0x1, 0xdf, 0x4, 0xbb, 0x41, 0xe0, 0x0,
    0xb, 0x6e, 0x4, 0xb4, 0x34, 0xe3, 0x31, 0x8,
    0xe, 0x4, 0xb9, 0xbd, 0xfc, 0xb6, 0x0, 0xe,
    0x4, 0xb0, 0xa, 0xb8, 0x0, 0x0, 0x2c, 0x4,
    0xb0, 0x6b, 0xb, 0x50, 0x8, 0xf6, 0x4, 0xb8,
    0x80, 0x1, 0xa5, 0x0, 0x0, 0x0, 0x0, 0x0,
    0x0, 0x0,

    /* U+7389 "玉" */
    0xd, 0xff, 0xff, 0xff, 0xff, 0xff, 0x60, 0x0,
    0x0, 0x0, 0xd4, 0x0, 0x0, 0x0, 0x0, 0x0,
    0x0, 0xd4, 0x0, 0x0, 0x0, 0x0, 0x0, 0x0,
    0xd4, 0x0, 0x0, 0x0, 0x0, 0x0, 0x0, 0xd4,
    0x0, 0x0, 0x0, 0x3, 0xff, 0xff, 0xff, 0xff,
    0xfd, 0x0, 0x0, 0x0, 0x0, 0xd4, 0x2, 0x0,
    0x0, 0x0, 0x0, 0x0, 0xd4, 0x2e, 0x40, 0x0,
    0x0, 0x0, 0x0, 0xd4, 0x3, 0xe5, 0x0, 0x0,
    0x0, 0x0, 0xd4, 0x0, 0x36, 0x0, 0x5a, 0xaa,
    0xaa, 0xfb, 0xaa, 0xaa, 0xa0, 0x26, 0x66, 0x66,
    0x66, 0x66, 0x66, 0x60,

    /* U+738B "王" */
    0x0, 0x0, 0x0, 0x0, 0x0, 0x0, 0x0, 0xc,
    0xff, 0xff, 0xff, 0xff, 0xff, 0x50, 0x0, 0x0,
    0x0, 0xc5, 0x0, 0x0, 0x0, 0x0, 0x0, 0x0,
    0xc5, 0x0, 0x0, 0x0, 0x0, 0x0, 0x0, 0xc5,
    0x0, 0x0, 0x0, 0x0, 0x0, 0x0, 0xc5, 0x0,
    0x0, 0x0, 0x2, 0xff, 0xff, 0xff, 0xff, 0xfd,
    0x0, 0x0, 0x11, 0x11, 0xc5, 0x11, 0x11, 0x0,
    0x0, 0x0, 0x0, 0xc5, 0x0, 0x0, 0x0, 0x0,
    0x0, 0x0, 0xc5, 0x0, 0x0, 0x0, 0x0, 0x0,
    0x0, 0xc5, 0x0, 0x0, 0x0, 0x5a, 0xaa, 0xaa,
    0xec, 0xaa, 0xaa, 0xa0, 0x25, 0x55, 0x55, 0x55,
    0x55, 0x55, 0x50,

    /* U+73B0 "现" */
    0xf, 0xff, 0xfa, 0xee, 0xee, 0xef, 0xc0, 0x0,
    0x2e, 0x0, 0xe1, 0x2, 0x4, 0xc0, 0x0, 0x2e,
    0x0, 0xe1, 0x1e, 0x4, 0xc0, 0x0, 0x2e, 0x0,
    0xe1, 0x1e, 0x4, 0xc0, 0xb, 0xff, 0xf5, 0xe1,
    0x1e, 0x4, 0xc0, 0x0, 0x3e, 0x0, 0xe1, 0x1d,
    0x4, 0xc0, 0x0, 0x2e, 0x0, 0xe1, 0x3c, 0x4,
    0xc0, 0x0, 0x2e, 0x0, 0x60, 0x7d, 0x51, 0x50,
    0x0, 0x2e, 0x46, 0x0, 0xdb, 0x90, 0x0, 0x6,
    0xbf, 0xc5, 0x8, 0xb7, 0x90, 0x1c, 0xb, 0x61,
    0x0, 0x7e, 0x17, 0x90, 0x2a, 0x0, 0x0, 0xb,
    0xc1, 0x4, 0xec, 0xd5, 0x0, 0x0, 0x2, 0x0,
    0x0, 0x0, 0x0,

    /* U+73CD "珍" */
    0x0, 0x0, 0x0, 0x0, 0x77, 0x0, 0x0, 0x9f,
    0xff, 0xf0, 0x2, 0xed, 0x10, 0x0, 0x0, 0xc3,
    0x0, 0x1d, 0x56, 0xd1, 0x0, 0x0, 0xc3, 0x3,
    0xe6, 0x0, 0x6e, 0x40, 0x0, 0xc3, 0x4e, 0x50,
    0x69, 0x4, 0xe3, 0x7f, 0xff, 0xa1, 0x1a, 0xb0,
    0x0, 0x0, 0x0, 0xc4, 0x1, 0xd7, 0x2, 0xd0,
    0x0, 0x0, 0xc3, 0x0, 0x0, 0x4e, 0x40, 0x0,
    0x0, 0xc3, 0x0, 0x19, 0xd3, 0x8, 0x70, 0x0,
    0xc9, 0xb2, 0xb8, 0x0, 0x6e, 0x10, 0x6e, 0xd9,
    0x40, 0x0, 0x1a, 0xd2, 0x0, 0x22, 0x0, 0x0,
    0x4a, 0xe8, 0x0, 0x0, 0x0, 0x0, 0x5, 0xc7,
    0x10, 0x0, 0x0,

    /* U+73E0 "珠" */
    0x0, 0x0, 0x0, 0x0, 0x2d, 0x0, 0x0, 0x7d,
    0xdd, 0xd1, 0x78, 0x2d, 0x0, 0x0, 0x23, 0xd6,
    0x30, 0xa5, 0x3d, 0x0, 0x0, 0x0, 0xc3, 0x0,
    0xee, 0xff, 0xee, 0xb0, 0x0, 0xc3, 0x6, 0xa0,
    0x2d, 0x0, 0x0, 0x6d, 0xfe, 0xb6, 0x20, 0x2d,
    0x0, 0x0, 0x0, 0xc3, 0xa, 0xee, 0xef, 0xee,
    0xe6, 0x0, 0xc3, 0x0, 0x11, 0xef, 0x91, 0x10,
    0x0, 0xc3, 0x0, 0x9, 0xbd, 0xd2, 0x0, 0x0,
    0xc9, 0xb2, 0x6d, 0x3d, 0x4c, 0x0, 0x5d, 0xe9,
    0x46, 0xf3, 0x2d, 0x9, 0xb0, 0x33, 0x0, 0x6e,
    0x40, 0x2d, 0x0, 0xb6, 0x0, 0x0, 0x1, 0x0,
    0x2d, 0x0, 0x0,

    /* U+7406 "理" */
    0x9f, 0xff, 0xcb, 0xba, 0xbe, 0xaa, 0xd0, 0x0,
    0xd2, 0xb, 0x30, 0x3b, 0x2, 0xd0, 0x0, 0xd2,
    0xb, 0x53, 0x5c, 0x34, 0xd0, 0x0, 0xd2, 0xb,
    0xba, 0xbe, 0xab, 0xd0, 0x4b, 0xfc, 0x6b, 0x30,
    0x3b, 0x2, 0xd0, 0x1, 0xd4, 0xb, 0xee, 0xef,
    0xee, 0xd0, 0x0, 0xd2, 0x0, 0x0, 0x4c, 0x0,
    0x0, 0x0, 0xd2, 0x0, 0x0, 0x4c, 0x0, 0x0,
    0x0, 0xd6, 0x67, 0xff, 0xff, 0xff, 0xf0, 0x5b,
    0xfb, 0x60, 0x0, 0x4c, 0x0, 0x0, 0x44, 0x0,
    0x37, 0x77, 0x9e, 0x77, 0x73, 0x0, 0x0, 0x48,
    0x88, 0x88, 0x88, 0x84,

    /* U+7435 "琵" */
    0xd, 0xdf, 0xed, 0x78, 0xdd, 0xfd, 0xd4, 0x0,
    0xb, 0x40, 0x0, 0x3, 0xc0, 0x0, 0xa, 0xdf,
    0xed, 0x5b, 0xde, 0xfd, 0xd0, 0x0, 0xb, 0x40,
    0x0, 0x3, 0xc0, 0x0, 0x39, 0x9e, 0xb9, 0x57,
    0x9a, 0xe9, 0x95, 0x15, 0x94, 0x44, 0x28, 0x65,
    0x55, 0x52, 0x3, 0xe0, 0x0, 0xe, 0x30, 0x5,
    0x60, 0x3, 0xfe, 0xee, 0x9e, 0x79, 0xec, 0x50,
    0x3, 0xe0, 0x0, 0xe, 0xc7, 0x10, 0x0, 0x3,
    0xe0, 0x0, 0xe, 0x30, 0x0, 0x56, 0x3, 0xe3,
    0x69, 0x8d, 0x30, 0x0, 0x88, 0x8, 0xfc, 0x96,
    0x28, 0xff, 0xff, 0xe2, 0x1, 0x0, 0x0, 0x0,
    0x0, 0x0, 0x0,

    /* U+7436 "琶" */
    0x9, 0x9f, 0xa9, 0x69, 0x9e, 0xb9, 0x70, 0x0,
    0xd3, 0x0, 0x0, 0xb4, 0x0, 0x9, 0xdf, 0xdd,
    0x5b, 0xdf, 0xed, 0x70, 0x0, 0xd4, 0x22, 0x0,
    0xb4, 0x0, 0x3d, 0xee, 0xcb, 0xad, 0xdd, 0xdd,
    0xd0, 0x16, 0x55, 0x55, 0x55, 0x55, 0x40, 0x0,
    0xf8, 0x88, 0xe9, 0x88, 0xac, 0x0, 0xf, 0x0,
    0xd, 0x20, 0x4, 0xc0, 0x0, 0xfd, 0xdd, 0xdd,
    0xdd, 0xda, 0x0, 0xf, 0x0, 0x0, 0x0, 0x0,
    0x14, 0x0, 0xf3, 0x0, 0x0, 0x0, 0x7, 0xc0,
    0x8, 0xef, 0xff, 0xff, 0xff, 0xe4,

    /* U+745E "瑞" */
    0x0, 0x0, 0x0, 0x0, 0x69, 0x0, 0x0, 0x6f,
    0xff, 0x97, 0x80, 0x69, 0x2, 0xd0, 0x0, 0xe1,
    0x7, 0x80, 0x69, 0x2, 0xd0, 0x0, 0xe1, 0x7,
    0xed, 0xef, 0xdd, 0xd0, 0x0, 0xe1, 0x0, 0x11,
    0x11, 0x11, 0x10, 0x4f, 0xff, 0x5f, 0xff, 0xff,
    0xff, 0xf5, 0x0, 0xe2, 0x0, 0x0, 0x97, 0x0,
    0x0, 0x0, 0xe1, 0x3, 0x66, 0xd8, 0x66, 0x70,
    0x0, 0xe1, 0x9, 0xbb, 0xc9, 0xe8, 0xf0, 0x0,
    0xe4, 0x49, 0x65, 0x82, 0xb0, 0xe0, 0x3a, 0xfc,
    0x59, 0x65, 0x82, 0xb0, 0xe0, 0x25, 0x0, 0x9,
    0x65, 0x82, 0xb0, 0xe0, 0x0, 0x0, 0x9, 0x65,
    0x72, 0xab, 0xd0, 0x0, 0x0, 0x0, 0x0, 0x0,
    0x0, 0x0,

    /* U+74DC "瓜" */
    0x0, 0x0, 0x0, 0x0, 0x14, 0x72, 0x0, 0x0,
    0x57, 0x9b, 0xde, 0xdc, 0xd4, 0x0, 0x0, 0xc9,
    0x53, 0xf0, 0x3, 0xc0, 0x0, 0x0, 0xc4, 0x0,
    0xf0, 0x2, 0xd0, 0x0, 0x0, 0xc4, 0x0, 0xf0,
    0x0, 0xf0, 0x0, 0x0, 0xc4, 0x0, 0xf0, 0x0,
    0xf1, 0x0, 0x0, 0xd3, 0x1, 0xf0, 0x0, 0xd3,
    0x0, 0x0, 0xf1, 0x2, 0xd0, 0x0, 0xa5, 0x0,
    0x1, 0xf0, 0x5, 0xb2, 0x80, 0x79, 0x0, 0x5,
    0xb0, 0xa, 0x60, 0xd2, 0x3e, 0x0, 0xa, 0x70,
    0x2f, 0x13, 0xb8, 0xe, 0x40, 0x2f, 0x10, 0x9f,
    0xeb, 0x8e, 0x7, 0xc0, 0x68, 0x0, 0x23, 0x0,
    0x9, 0x20, 0xc2, 0x0, 0x0, 0x0, 0x0, 0x0,
    0x0, 0x0,

    /* U+74E3 "瓣" */
    0x0, 0x50, 0x0, 0x2, 0x60, 0x42, 0x0, 0x0,
    0xd1, 0x7, 0xcd, 0xb0, 0x4b, 0x0, 0x1e, 0xfe,
    0xcb, 0x3b, 0x8b, 0xef, 0xe3, 0x7, 0x6, 0x3b,
    0x3b, 0x83, 0x50, 0xa0, 0x7, 0x4a, 0x1b, 0x3b,
    0x82, 0xa1, 0xb0, 0x16, 0x6c, 0x2b, 0x3a, 0x82,
    0xa7, 0x81, 0x4b, 0xec, 0xac, 0x2a, 0x8a, 0xce,
    0xb5, 0x0, 0xa4, 0xd, 0x29, 0x90, 0x3b, 0x0,
    0x8, 0xda, 0x4e, 0x37, 0x83, 0x6c, 0x31, 0x6,
    0xd8, 0x5b, 0x68, 0x99, 0xce, 0xb3, 0x0, 0xd0,
    0x58, 0xb3, 0xb5, 0x3b, 0x0, 0x4, 0xa0, 0xa6,
    0xea, 0xa9, 0x3b, 0x0, 0xa, 0x20, 0x91, 0x72,
    0x58, 0x3b, 0x0, 0x0, 0x0, 0x0, 0x0, 0x0,
    0x0, 0x0,

    /* U+7518 "甘" */
    0x0, 0x9, 0x80, 0x0, 0x0, 0xf2, 0x0, 0x0,
    0x9, 0x80, 0x0, 0x0, 0xf2, 0x0, 0x1, 0x19,
    0x91, 0x11, 0x11, 0xf3, 0x11, 0x2f, 0xff, 0xff,
    0xff, 0xff, 0xff, 0xfa, 0x0, 0x9, 0x80, 0x0,
    0x0, 0xf2, 0x0, 0x0, 0x9, 0x80, 0x0, 0x0,
    0xf2, 0x0, 0x0, 0x9, 0x80, 0x0, 0x0, 0xf2,
    0x0, 0x0, 0x9, 0xff, 0xff, 0xff, 0xf2, 0x0,
    0x0, 0x9, 0x80, 0x0, 0x0, 0xf2, 0x0, 0x0,
    0x9, 0x80, 0x0, 0x0, 0xf2, 0x0, 0x0, 0x9,
    0x80, 0x0, 0x0, 0xf2, 0x0, 0x0, 0x9, 0xff,
    0xff, 0xff, 0xf2, 0x0, 0x0, 0x9, 0x91, 0x11,
    0x11, 0xe2, 0x0,

    /* U+751C "甜" */
    0x0, 0x36, 0xb9, 0xf, 0x0, 0xb, 0x50, 0x3e,
    0xcf, 0x50, 0xf, 0x0, 0xb, 0x50, 0x0, 0xf,
    0x1, 0x4f, 0x54, 0x4c, 0x81, 0x0, 0xf, 0x2,
    0xbf, 0xbb, 0xbe, 0xd4, 0x6f, 0xff, 0xff, 0x4f,
    0x0, 0xb, 0x50, 0x0, 0x1f, 0x10, 0xf, 0x0,
    0xb, 0x50, 0x0, 0xf, 0x0, 0xf, 0x10, 0xb,
    0x50, 0x7, 0x8f, 0x88, 0xf, 0xff, 0xff, 0x50,
    0xf, 0x77, 0x7f, 0xf, 0x0, 0xb, 0x50, 0xf,
    0x0, 0xf, 0xf, 0x0, 0xb, 0x50, 0xf, 0x0,
    0xf, 0xf, 0x0, 0xb, 0x50, 0xf, 0xee, 0xef,
    0xf, 0xee, 0xef, 0x50, 0xf, 0x0, 0xa, 0xf,
    0x22, 0x2b, 0x50,

    /* U+751F "生" */
    0x0, 0x6, 0x50, 0x4c, 0x0, 0x0, 0x0, 0x0,
    0xd, 0x50, 0x4c, 0x0, 0x0, 0x0, 0x0, 0x3f,
    0x10, 0x5c, 0x0, 0x0, 0x0, 0x0, 0xaf, 0xff,
    0xff, 0xff, 0xff, 0xd0, 0x3, 0xf1, 0x0, 0x4c,
    0x0, 0x0, 0x0, 0xc, 0x70, 0x0, 0x4c, 0x0,
    0x0, 0x0, 0x1, 0x0, 0x0, 0x4c, 0x0, 0x0,
    0x0, 0x0, 0x7f, 0xff, 0xff, 0xff, 0xff, 0x50,
    0x0, 0x0, 0x0, 0x5c, 0x0, 0x0, 0x0, 0x0,
    0x0, 0x0, 0x4c, 0x0, 0x0, 0x0, 0x0, 0x0,
    0x0, 0x4c, 0x0, 0x0, 0x0, 0x8, 0x88, 0x88,
    0xae, 0x88, 0x88, 0x84, 0x8, 0x88, 0x88, 0x88,
    0x88, 0x88, 0x84,

    /* U+7528 "用" */
    0x0, 0xff, 0xff, 0xff, 0xff, 0xff, 0x40, 0xf,
    0x0, 0xd, 0x30, 0x0, 0xc4, 0x0, 0xf0, 0x0,
    0xd3, 0x0, 0xc, 0x40, 0xf, 0xbb, 0xbf, 0xcb,
    0xbb, 0xf4, 0x0, 0xf4, 0x44, 0xe6, 0x44, 0x4d,
    0x40, 0xf, 0x0, 0xd, 0x30, 0x0, 0xc4, 0x1,
    0xf0, 0x0, 0xd4, 0x0, 0xc, 0x40, 0x2f, 0xff,
    0xff, 0xff, 0xff, 0xf4, 0x5, 0xb0, 0x0, 0xd3,
    0x0, 0xc, 0x40, 0x97, 0x0, 0xd, 0x30, 0x0,
    0xc4, 0x1f, 0x20, 0x0, 0xd3, 0x0, 0xd, 0x37,
    0x90, 0x0, 0xd, 0x34, 0xff, 0xd1, 0x0, 0x0,
    0x0, 0x0, 0x0, 0x0, 0x0,

    /* U+7531 "由" */
    0x0, 0x0, 0xc, 0x40, 0x0, 0x0, 0x0, 0x0,
    0xc, 0x40, 0x0, 0x0, 0x0, 0x0, 0xc, 0x40,
    0x0, 0x0, 0x6f, 0xff, 0xff, 0xff, 0xff, 0xf7,
    0x6a, 0x0, 0xc, 0x40, 0x0, 0xa7, 0x6a, 0x0,
    0xc, 0x40, 0x0, 0xa7, 0x6a, 0x0, 0xc, 0x40,
    0x0, 0xa7, 0x6f, 0xff, 0xff, 0xff, 0xff, 0xf7,
    0x6a, 0x11, 0x1d, 0x51, 0x11, 0xb7, 0x6a, 0x0,
    0xc, 0x40, 0x0, 0xa7, 0x6a, 0x0, 0xc, 0x40,
    0x0, 0xa7, 0x6e, 0xcc, 0xcf, 0xdc, 0xcc, 0xf7,
    0x6b, 0x44, 0x44, 0x44, 0x44, 0xb7, 0x0, 0x0,
    0x0, 0x0, 0x0, 0x0,

    /* U+7535 "电" */
    0x0, 0x0, 0xe, 0x30, 0x0, 0x0, 0x0, 0x0,
    0x0, 0xe3, 0x0, 0x0, 0x0, 0x3f, 0xff, 0xff,
    0xff, 0xff, 0xf1, 0x3, 0xe1, 0x11, 0xe4, 0x11,
    0x1f, 0x10, 0x3d, 0x0, 0xe, 0x30, 0x0, 0xf1,
    0x3, 0xfe, 0xee, 0xfe, 0xee, 0xef, 0x10, 0x3e,
    0x11, 0x1e, 0x41, 0x11, 0xf1, 0x3, 0xd0, 0x0,
    0xe3, 0x0, 0xf, 0x10, 0x3f, 0xee, 0xef, 0xfe,
    0xee, 0xf1, 0x3, 0xd1, 0x11, 0xe4, 0x11, 0x11,
    0x52, 0x0, 0x0, 0xe, 0x30, 0x0, 0xa, 0x60,
    0x0, 0x0, 0xd6, 0x11, 0x11, 0xe3, 0x0, 0x0,
    0x7, 0xff, 0xff, 0xfa, 0x0,

    /* U+754C "界" */
    0x0, 0xe7, 0x66, 0xf8, 0x66, 0x8d, 0x0, 0x0,
    0xe1, 0x0, 0xe2, 0x0, 0x3d, 0x0, 0x0, 0xed,
    0xdd, 0xfd, 0xdd, 0xdd, 0x0, 0x0, 0xe1, 0x0,
    0xe2, 0x0, 0x3d, 0x0, 0x0, 0xe9, 0x99, 0xfa,
    0x99, 0xad, 0x0, 0x0, 0x45, 0xcc, 0x57, 0xf7,
    0x54, 0x0, 0x0, 0x2b, 0xb0, 0x0, 0x4e, 0x81,
    0x0, 0x2a, 0xe7, 0xb4, 0x0, 0x2e, 0x9e, 0xa2,
    0x7, 0x10, 0xd4, 0x0, 0x2e, 0x1, 0x60, 0x0,
    0x2, 0xf1, 0x0, 0x2e, 0x0, 0x0, 0x0, 0x3d,
    0x80, 0x0, 0x2e, 0x0, 0x0, 0x2, 0xe7, 0x0,
    0x0, 0x2e, 0x0, 0x0, 0x0, 0x0, 0x0, 0x0,
    0x0, 0x0, 0x0,

    /* U+756A "番" */
    0x0, 0x0, 0x0, 0x2, 0x46, 0x83, 0x0, 0x4,
    0xcd, 0xdd, 0xfc, 0xa8, 0x72, 0x0, 0x0, 0x1c,
    0x20, 0xc4, 0x5, 0xd0, 0x0, 0x0, 0x6, 0x90,
    0xc4, 0xd, 0x40, 0x0, 0x5e, 0xee, 0xfe, 0xfe,
    0xef, 0xee, 0xd0, 0x0, 0x0, 0x7d, 0xda, 0xd2,
    0x0, 0x0, 0x0, 0x3c, 0xa1, 0xc4, 0x4e, 0x91,
    0x0, 0x3b, 0xfa, 0x44, 0x96, 0x45, 0xdf, 0xa1,
    0x26, 0x6d, 0x99, 0xea, 0x99, 0xd8, 0x50, 0x0,
    0x5a, 0x0, 0xc4, 0x0, 0x97, 0x0, 0x0, 0x5e,
    0xbb, 0xec, 0xbb, 0xe7, 0x0, 0x0, 0x5a, 0x0,
    0xc4, 0x0, 0x97, 0x0, 0x0, 0x5f, 0xdd, 0xdd,
    0xdd, 0xe7, 0x0, 0x0, 0x0, 0x0, 0x0, 0x0,
    0x0, 0x0,

    /* U+7626 "瘦" */
    0x0, 0x0, 0x0, 0x9, 0x50, 0x0, 0x0, 0x0,
    0x3b, 0xaa, 0xad, 0xea, 0xaa, 0xa4, 0x13, 0x5b,
    0x44, 0x44, 0x94, 0x44, 0x41, 0x2e, 0x59, 0x5a,
    0xb3, 0xe6, 0xbb, 0x50, 0xa, 0xc9, 0x76, 0x1,
    0xe0, 0x6, 0x70, 0x2, 0x79, 0x7d, 0xb4, 0xe4,
    0xbd, 0x70, 0x0, 0x59, 0x76, 0x1, 0xe0, 0x6,
    0x70, 0x4, 0xd8, 0x5b, 0xbb, 0xfb, 0xbb, 0x50,
    0x5d, 0xb7, 0x46, 0x66, 0xf6, 0x66, 0x10, 0x0,
    0xb4, 0x5f, 0x87, 0x77, 0x9f, 0x20, 0x0, 0xe0,
    0x4, 0xd5, 0x6, 0xd4, 0x0, 0x6, 0xa0, 0x0,
    0x5f, 0xff, 0x50, 0x0, 0xc, 0x25, 0xdd, 0xa6,
    0x26, 0xbe, 0xd1, 0x0, 0x0, 0x0, 0x0, 0x0,
    0x0, 0x0,

    /* U+767B "登" */
    0x0, 0x0, 0x0, 0x5, 0x0, 0x20, 0x0, 0x8,
    0xee, 0xef, 0x6a, 0x74, 0xd3, 0x0, 0x3, 0x50,
    0x3e, 0x11, 0xec, 0x12, 0xa0, 0x0, 0x9b, 0xe5,
    0x0, 0x4e, 0x7c, 0x30, 0x0, 0x3e, 0xde, 0xee,
    0xec, 0xf5, 0x0, 0x18, 0xe4, 0x0, 0x0, 0x0,
    0x3e, 0xb2, 0x38, 0x2e, 0xee, 0xee, 0xee, 0xd0,
    0x71, 0x0, 0x1f, 0x0, 0x0, 0x3, 0xe0, 0x0,
    0x0, 0x1f, 0x0, 0x0, 0x3, 0xe0, 0x0, 0x0,
    0x1d, 0xdd, 0xdd, 0xdd, 0xc0, 0x0, 0x0, 0x0,
    0xd2, 0x0, 0x2d, 0x0, 0x0, 0x0, 0x0, 0x88,
    0x0, 0x97, 0x0, 0x0, 0x2e, 0xee, 0xee, 0xee,
    0xfe, 0xee, 0xe2,

    /* U+767D "白" */
    0x0, 0x0, 0x7, 0x30, 0x0, 0x0, 0x0, 0x0,
    0x1f, 0x20, 0x0, 0x0, 0x4, 0x44, 0x9d, 0x44,
    0x44, 0x40, 0xf, 0xcc, 0xcc, 0xcc, 0xcc, 0xf1,
    0xf, 0x0, 0x0, 0x0, 0x0, 0xf1, 0xf, 0x0,
    0x0, 0x0, 0x0, 0xf1, 0xf, 0x11, 0x11, 0x11,
    0x11, 0xf1, 0xf, 0xff, 0xff, 0xff, 0xff, 0xf1,
    0xf, 0x0, 0x0, 0x0, 0x0, 0xf1, 0xf, 0x0,
    0x0, 0x0, 0x0, 0xf1, 0xf, 0x0, 0x0, 0x0,
    0x0, 0xf1, 0xf, 0xff, 0xff, 0xff, 0xff, 0xf1,
    0xf, 0x11, 0x11, 0x11, 0x11, 0xf1, 0x1, 0x0,
    0x0, 0x0, 0x0, 0x0,

    /* U+767E "百" */
    0x1f, 0xff, 0xff, 0xff, 0xff, 0xff, 0xf2, 0x0,
    0x0, 0x0, 0xc6, 0x0, 0x0, 0x0, 0x0, 0x0,
    0x0, 0xf2, 0x0, 0x0, 0x0, 0x0, 0x7e, 0xef,
    0xfe, 0xee, 0xea, 0x0, 0x0, 0x89, 0x0, 0x0,
    0x0, 0x6b, 0x0, 0x0, 0x88, 0x0, 0x0, 0x0,
    0x6b, 0x0, 0x0, 0x89, 0x22, 0x22, 0x22, 0x7b,
    0x0, 0x0, 0x8e, 0xdd, 0xdd, 0xdd, 0xeb, 0x0,
    0x0, 0x88, 0x0, 0x0, 0x0, 0x6b, 0x0, 0x0,
    0x88, 0x0, 0x0, 0x0, 0x6b, 0x0, 0x0, 0x8f,
    0xee, 0xee, 0xee, 0xfb, 0x0, 0x0, 0x89, 0x0,
    0x0, 0x0, 0x6b, 0x0,

    /* U+7684 "的" */
    0x0, 0x0, 0x0, 0x0, 0x0, 0x0, 0x0, 0x8,
    0x70, 0x0, 0x96, 0x0, 0x0, 0x0, 0xd3, 0x0,
    0xe, 0x30, 0x0, 0x7, 0xbf, 0xbb, 0x33, 0xfc,
    0xcc, 0xc2, 0x98, 0x33, 0xc4, 0xb8, 0x33, 0x3e,
    0x29, 0x50, 0xb, 0x8e, 0x0, 0x0, 0xe1, 0x95,
    0x0, 0xb6, 0x56, 0x0, 0xe, 0x19, 0xed, 0xdf,
    0x40, 0xa8, 0x0, 0xf0, 0x96, 0x11, 0xb4, 0x1,
    0xe3, 0xf, 0x9, 0x50, 0xb, 0x40, 0x6, 0xb1,
    0xe0, 0x95, 0x0, 0xb4, 0x0, 0x2, 0x2d, 0x9,
    0x61, 0x1b, 0x40, 0x0, 0x4, 0xb0, 0x9e, 0xee,
    0xe3, 0x0, 0x0, 0x98, 0x9, 0x50, 0x0, 0x0,
    0x2f, 0xfd, 0x20, 0x0, 0x0, 0x0, 0x0, 0x0,
    0x0, 0x0,

    /* U+7687 "皇" */
    0x0, 0x0, 0x1, 0xe1, 0x0, 0x0, 0x0, 0x9,
    0xbb, 0xcf, 0xbb, 0xbb, 0x30, 0x0, 0xe4, 0x22,
    0x22, 0x22, 0xc5, 0x0, 0xe, 0x42, 0x22, 0x22,
    0x2c, 0x50, 0x0, 0xeb, 0xaa, 0xaa, 0xaa, 0xe5,
    0x0, 0xe, 0x31, 0x11, 0x11, 0x1c, 0x50, 0x0,
    0xbc, 0xcc, 0xcc, 0xcc, 0xc4, 0x0, 0x46, 0x66,
    0x66, 0x66, 0x66, 0x60, 0x5, 0x88, 0x88, 0xf9,
    0x88, 0x87, 0x0, 0x1, 0x11, 0x1f, 0x41, 0x11,
    0x0, 0x0, 0xad, 0xdd, 0xfd, 0xdd, 0xd3, 0x0,
    0x0, 0x0, 0xe, 0x20, 0x0, 0x0, 0x8f, 0xff,
    0xff, 0xff, 0xff, 0xff, 0xb0,

    /* U+76AE "皮" */
    0x0, 0x0, 0x0, 0x2e, 0x0, 0x0, 0x0, 0x0,
    0x0, 0x0, 0x2e, 0x0, 0x0, 0x0, 0x0, 0xff,
    0xff, 0xff, 0xff, 0xff, 0x90, 0x0, 0xf2, 0x11,
    0x3f, 0x11, 0x1d, 0x40, 0x0, 0xf1, 0x0, 0x2e,
    0x0, 0x3d, 0x0, 0x0, 0xf7, 0x66, 0x8f, 0x66,
    0x64, 0x0, 0x0, 0xf9, 0xdc, 0x99, 0x99, 0xda,
    0x0, 0x1, 0xf0, 0x4d, 0x0, 0x1, 0xf2, 0x0,
    0x2, 0xe0, 0xb, 0x80, 0xc, 0x80, 0x0, 0x6,
    0xb0, 0x1, 0xd8, 0xbb, 0x0, 0x0, 0xb, 0x60,
    0x0, 0x7f, 0xf3, 0x0, 0x0, 0x2f, 0x14, 0x8e,
    0xc4, 0x7f, 0xb6, 0x20, 0x47, 0x2d, 0x93, 0x0,
    0x0, 0x6b, 0xd0,

    /* U+76C5 "盅" */
    0x0, 0x0, 0x0, 0x88, 0x0, 0x0, 0x0, 0x0,
    0x11, 0x11, 0x98, 0x11, 0x11, 0x0, 0x1, 0xfd,
    0xdd, 0xfe, 0xdd, 0xdf, 0x40, 0x1, 0xe0, 0x0,
    0x88, 0x0, 0xc, 0x40, 0x1, 0xe0, 0x0, 0x88,
    0x0, 0xc, 0x40, 0x1, 0xff, 0xff, 0xff, 0xff,
    0xff, 0x30, 0x0, 0x0, 0x0, 0x88, 0x0, 0x0,
    0x0, 0x0, 0x0, 0x0, 0x87, 0x0, 0x0, 0x0,
    0x0, 0xcd, 0xde, 0xdd, 0xed, 0xde, 0x0, 0x0,
    0xe2, 0xe, 0x0, 0xf0, 0x1f, 0x0, 0x0, 0xe2,
    0xe, 0x0, 0xf0, 0x1f, 0x0, 0x27, 0xf8, 0x7f,
    0x77, 0xf7, 0x7f, 0x72, 0x27, 0x77, 0x77, 0x77,
    0x77, 0x77, 0x73,

    /* U+76CA "益" */
    0x0, 0x6, 0x30, 0x0, 0x2, 0x80, 0x0, 0x0,
    0x5, 0xd0, 0x0, 0xb, 0x70, 0x0, 0x0, 0x0,
    0xb4, 0x0, 0x3c, 0x0, 0x0, 0x1f, 0xff, 0xff,
    0xff, 0xff, 0xff, 0xf1, 0x0, 0x0, 0x41, 0x0,
    0x23, 0x0, 0x0, 0x0, 0x2a, 0xb1, 0x0, 0x4b,
    0xd7, 0x10, 0x9, 0xd5, 0x0, 0x0, 0x0, 0x18,
    0xc0, 0x1, 0x7d, 0xdd, 0xdd, 0xdd, 0xd9, 0x0,
    0x0, 0x87, 0x1d, 0x32, 0xd1, 0x6a, 0x0, 0x0,
    0x86, 0xd, 0x22, 0xd0, 0x5a, 0x0, 0x0, 0x86,
    0xd, 0x22, 0xd0, 0x5a, 0x0, 0x26, 0xba, 0x6e,
    0x87, 0xe6, 0xac, 0x62, 0x6f, 0xff, 0xff, 0xff,
    0xff, 0xff, 0xf6,

    /* U+76D0 "盐" */
    0x0, 0x0, 0x0, 0x0, 0x0, 0x0, 0x0, 0x0,
    0x3, 0xd0, 0x0, 0x97, 0x0, 0x0, 0x0, 0x3,
    0xd0, 0x0, 0x97, 0x0, 0x0, 0xc, 0xee, 0xfe,
    0xe2, 0x9c, 0x60, 0x0, 0x0, 0x14, 0xd1, 0x10,
    0x99, 0xbc, 0x20, 0x0, 0x3, 0xd0, 0x0, 0x97,
    0x7, 0xe1, 0x2, 0x48, 0xea, 0xc7, 0x97, 0x0,
    0x20, 0x2d, 0xb9, 0x64, 0x20, 0x97, 0x0, 0x0,
    0x0, 0x0, 0x0, 0x0, 0x11, 0x0, 0x0, 0x1,
    0xff, 0xff, 0xff, 0xff, 0xff, 0x20, 0x1, 0xe0,
    0xf, 0x0, 0xe0, 0xe, 0x20, 0x1, 0xe0, 0xf,
    0x0, 0xe0, 0xe, 0x20, 0x4, 0xf3, 0x3f, 0x33,
    0xe4, 0x3f, 0x50, 0x3f, 0xff, 0xff, 0xff, 0xff,
    0xff, 0xf2,

    /* U+76D1 "监" */
    0x0, 0x0, 0x2e, 0x0, 0x38, 0x0, 0x0, 0x1,
    0xe0, 0x2e, 0x0, 0x87, 0x0, 0x0, 0x1, 0xe0,
    0x2e, 0x0, 0xdf, 0xff, 0xf9, 0x1, 0xe0, 0x2e,
    0x4, 0xc0, 0x0, 0x0, 0x1, 0xe0, 0x2e, 0xd,
    0x48, 0x60, 0x0, 0x1, 0xe0, 0x2e, 0x6b, 0x1,
    0xa9, 0x0, 0x1, 0xa0, 0x19, 0x1, 0x0, 0x7,
    0x60, 0x0, 0x0, 0x0, 0x0, 0x0, 0x0, 0x0,
    0x0, 0x9f, 0xef, 0xfe, 0xfe, 0xef, 0x10, 0x0,
    0x97, 0x7, 0x60, 0xe1, 0xf, 0x10, 0x0, 0x97,
    0x7, 0x60, 0xe1, 0xf, 0x10, 0x25, 0xba, 0x5a,
    0xa5, 0xf6, 0x5f, 0x63, 0x5f, 0xff, 0xff, 0xff,
    0xff, 0xff, 0xf9,

    /* U+76D2 "盒" */
    0x0, 0x0, 0x0, 0x76, 0x0, 0x0, 0x0, 0x0,
    0x0, 0x8, 0xed, 0x50, 0x0, 0x0, 0x0, 0x3,
    0xcc, 0x12, 0xcc, 0x40, 0x0, 0x3, 0xaf, 0xfc,
    0xcc, 0xcd, 0xed, 0x61, 0x5f, 0x81, 0x0, 0x0,
    0x0, 0x7, 0xd3, 0x0, 0x1f, 0xcc, 0xcc, 0xcc,
    0xf1, 0x0, 0x0, 0x1c, 0x11, 0x11, 0x12, 0xf1,
    0x0, 0x0, 0x9, 0x99, 0x99, 0x99, 0x90, 0x0,
    0x0, 0x9a, 0xaa, 0xaa, 0xaa, 0xa9, 0x0, 0x0,
    0xe4, 0x4e, 0x36, 0xd3, 0x4e, 0x0, 0x0, 0xe1,
    0x2d, 0x3, 0xc0, 0x1e, 0x0, 0x0, 0xe1, 0x2d,
    0x3, 0xc0, 0x1e, 0x0, 0x4f, 0xff, 0xff, 0xff,
    0xff, 0xff, 0xf4,

    /* U+76D6 "盖" */
    0x0, 0x3, 0x70, 0x0, 0x7, 0x40, 0x0, 0x0,
    0x0, 0xe3, 0x0, 0x2e, 0x10, 0x0, 0x6, 0xdd,
    0xed, 0xee, 0xee, 0xdd, 0x60, 0x0, 0x0, 0x0,
    0x97, 0x0, 0x0, 0x0, 0x0, 0xad, 0xdd, 0xfe,
    0xdd, 0xdb, 0x0, 0x0, 0x0, 0x0, 0x97, 0x0,
    0x0, 0x0, 0xb, 0xbb, 0xbb, 0xed, 0xbb, 0xbb,
    0xb0, 0x1, 0x11, 0x11, 0x11, 0x11, 0x11, 0x10,
    0x0, 0xde, 0xee, 0xee, 0xee, 0xed, 0x0, 0x0,
    0xe1, 0xf, 0x1, 0xe0, 0x1e, 0x0, 0x0, 0xe1,
    0xf, 0x1, 0xe0, 0x1e, 0x0, 0x0, 0xe1, 0xf,
    0x1, 0xe0, 0x1e, 0x0, 0x6f, 0xff, 0xff, 0xff,
    0xff, 0xff, 0xf6,

    /* U+76D8 "盘" */
    0x0, 0x0, 0x0, 0x0, 0x0, 0x0, 0x0, 0x0,
    0x0, 0x0, 0xc6, 0x0, 0x0, 0x0, 0x0, 0xe,
    0xde, 0xfe, 0xdd, 0xe4, 0x0, 0x0, 0xe, 0x3,
    0x91, 0x0, 0xb5, 0x0, 0x0, 0xe, 0x0, 0x5c,
    0x0, 0xb5, 0x0, 0x4e, 0xff, 0xee, 0xee, 0xee,
    0xff, 0xe5, 0x0, 0x5a, 0x5, 0x70, 0x0, 0xb5,
    0x0, 0x1, 0xd4, 0x0, 0x7d, 0x12, 0xc4, 0x0,
    0xa, 0x80, 0x0, 0x1, 0x1c, 0xa1, 0x0, 0x0,
    0xcd, 0xdd, 0xdd, 0xdd, 0xd9, 0x0, 0x0, 0xe1,
    0xe, 0x1, 0xe0, 0x5b, 0x0, 0x0, 0xe1, 0xe,
    0x1, 0xe0, 0x5b, 0x0, 0x0, 0xe1, 0xe, 0x1,
    0xe0, 0x5b, 0x0, 0x7f, 0xff, 0xff, 0xff, 0xff,
    0xff, 0xf6,

    /* U+76DB "盛" */
    0x0, 0x0, 0x0, 0x0, 0x0, 0x0, 0x0, 0x0,
    0x0, 0x0, 0xf, 0x17, 0x80, 0x0, 0x0, 0x0,
    0x0, 0xe, 0x30, 0xb5, 0x0, 0x1, 0xfe, 0xee,
    0xef, 0xfe, 0xee, 0xe0, 0x1, 0xe0, 0x0, 0x6,
    0xb0, 0xa, 0x0, 0x2, 0xfd, 0xdf, 0x50, 0xe3,
    0xb8, 0x0, 0x4, 0xc0, 0xb, 0x40, 0x8f, 0x90,
    0x21, 0x9, 0x82, 0x5e, 0x27, 0xec, 0x90, 0xa6,
    0x2f, 0x12, 0x64, 0x49, 0x10, 0x9e, 0xe1, 0x2,
    0x7b, 0xbb, 0xbb, 0xbb, 0xba, 0x0, 0x0, 0x97,
    0x2e, 0x33, 0xe2, 0x3e, 0x0, 0x0, 0x96, 0xe,
    0x11, 0xe0, 0x2e, 0x0, 0x0, 0x96, 0xe, 0x11,
    0xe0, 0x2e, 0x0, 0x5f, 0xff, 0xff, 0xff, 0xff,
    0xff, 0xf8,

    /* U+76F4 "直" */
    0x0, 0x0, 0x0, 0xa7, 0x0, 0x0, 0x0, 0xb,
    0xcc, 0xcc, 0xfd, 0xcc, 0xcc, 0xb0, 0x2, 0x22,
    0x22, 0xf4, 0x22, 0x22, 0x20, 0x0, 0x4b, 0xbb,
    0xfb, 0xbb, 0xb5, 0x0, 0x0, 0x5b, 0x33, 0x33,
    0x33, 0xa7, 0x0, 0x0, 0x5e, 0xaa, 0xaa, 0xaa,
    0xd7, 0x0, 0x0, 0x5b, 0x33, 0x33, 0x33, 0xb7,
    0x0, 0x0, 0x5e, 0xbb, 0xbb, 0xbb, 0xe7, 0x0,
    0x0, 0x5b, 0x22, 0x22, 0x22, 0xa7, 0x0, 0x0,
    0x5e, 0xaa, 0xaa, 0xaa, 0xe7, 0x0, 0x0, 0x5b,
    0x22, 0x22, 0x22, 0xa7, 0x0, 0x27, 0xad, 0x77,
    0x77, 0x77, 0xcb, 0x72, 0x28, 0x88, 0x88, 0x88,
    0x88, 0x88, 0x83,

    /* U+770B "看" */
    0x0, 0x0, 0x0, 0x1, 0x24, 0x66, 0x0, 0x2,
    0xdd, 0xde, 0xfb, 0xa9, 0x75, 0x0, 0x0, 0x0,
    0x8, 0xa0, 0x0, 0x0, 0x0, 0x2, 0xcc, 0xcf,
    0xdc, 0xcc, 0xcc, 0x40, 0x2, 0x22, 0x5e, 0x22,
    0x22, 0x22, 0x20, 0x1b, 0xbb, 0xfc, 0xbb, 0xbb,
    0xbb, 0xb1, 0x0, 0x8, 0xe6, 0x66, 0x66, 0x65,
    0x0, 0x0, 0x5f, 0xc6, 0x66, 0x66, 0x8c, 0x0,
    0x8, 0xe8, 0xeb, 0xbb, 0xbb, 0xcc, 0x0, 0x3c,
    0x25, 0xa0, 0x0, 0x0, 0x4c, 0x0, 0x0, 0x5,
    0xeb, 0xbb, 0xbb, 0xcc, 0x0, 0x0, 0x5, 0xa0,
    0x0, 0x0, 0x4c, 0x0, 0x0, 0x5, 0xfd, 0xdd,
    0xdd, 0xdc, 0x0,

    /* U+771F "真" */
    0x0, 0x0, 0x0, 0x56, 0x0, 0x0, 0x0, 0x6,
    0x99, 0x99, 0xcc, 0x99, 0x99, 0x80, 0x3, 0x55,
    0x55, 0xd8, 0x55, 0x55, 0x40, 0x0, 0x2c, 0xcc,
    0xec, 0xcc, 0xc3, 0x0, 0x0, 0x3d, 0x22, 0x22,
    0x22, 0xd3, 0x0, 0x0, 0x3e, 0x88, 0x88, 0x88,
    0xe3, 0x0, 0x0, 0x3f, 0xaa, 0xaa, 0xaa, 0xf3,
    0x0, 0x0, 0x3d, 0x22, 0x22, 0x22, 0xd3, 0x0,
    0x0, 0x3e, 0x88, 0x88, 0x88, 0xe3, 0x0, 0x17,
    0x9e, 0x77, 0x77, 0x77, 0xe9, 0x71, 0x17, 0x77,
    0x87, 0x77, 0x89, 0x77, 0x71, 0x0, 0x29, 0xe5,
    0x0, 0x4c, 0xc6, 0x0, 0xb, 0xd6, 0x0, 0x0,
    0x0, 0x29, 0xd0, 0x0, 0x0, 0x0, 0x0, 0x0,
    0x0, 0x0,

    /* U+7720 "眠" */
    0xff, 0xff, 0x1f, 0xff, 0xff, 0xfe, 0xf, 0x0,
    0xf1, 0xf0, 0x0, 0x1, 0xe0, 0xf0, 0xf, 0x1f,
    0x33, 0x33, 0x4e, 0xf, 0xee, 0xf1, 0xfc, 0xcf,
    0xdc, 0xb0, 0xf0, 0xf, 0x1f, 0x0, 0xd3, 0x0,
    0xf, 0x0, 0xf1, 0xf0, 0xc, 0x40, 0x0, 0xfe,
    0xef, 0x1f, 0xff, 0xff, 0xff, 0x5f, 0x0, 0xf1,
    0xf0, 0x8, 0x80, 0x0, 0xf0, 0xf, 0x1f, 0x0,
    0x5b, 0x0, 0xf, 0xff, 0xf1, 0xf0, 0x1, 0xf1,
    0x14, 0xf0, 0x0, 0x1f, 0x59, 0x6a, 0xa4, 0x72,
    0x0, 0x8, 0xe9, 0x51, 0x1c, 0xe2, 0x0, 0x0,
    0x0, 0x0, 0x0, 0x0, 0x0,

    /* U+7740 "着" */
    0x0, 0x3, 0x70, 0x0, 0x5, 0x40, 0x0, 0x0,
    0x1, 0xe3, 0x0, 0x2e, 0x20, 0x0, 0x6, 0xdd,
    0xde, 0xfe, 0xdd, 0xdd, 0x60, 0x0, 0x11, 0x15,
    0xd1, 0x11, 0x11, 0x0, 0x0, 0x8b, 0xbf, 0xcb,
    0xbb, 0xb9, 0x0, 0x6, 0x66, 0x8f, 0x66, 0x66,
    0x66, 0x60, 0x6, 0x67, 0xf8, 0x66, 0x66, 0x66,
    0x60, 0x0, 0xa, 0xfc, 0xcc, 0xcc, 0xda, 0x0,
    0x0, 0x9e, 0xd3, 0x33, 0x33, 0x7c, 0x0, 0x1b,
    0xc4, 0xe7, 0x77, 0x77, 0xac, 0x0, 0x29, 0x3,
    0xfa, 0xaa, 0xaa, 0xcc, 0x0, 0x0, 0x3, 0xc0,
    0x0, 0x0, 0x5c, 0x0, 0x0, 0x3, 0xfd, 0xdd,
    0xdd, 0xec, 0x0, 0x0, 0x0, 0x0, 0x0, 0x0,
    0x0, 0x0,

    /* U+777F "睿" */
    0x0, 0x0, 0x0, 0x97, 0x0, 0x0, 0x0, 0x0,
    0x0, 0x0, 0x9c, 0xaa, 0xa8, 0x0, 0x9, 0xaa,
    0xaa, 0xdc, 0xaa, 0xaa, 0x90, 0xe, 0x32, 0x22,
    0x22, 0x22, 0x23, 0xe0, 0xb, 0x2b, 0xcb, 0xde,
    0xbc, 0x91, 0xb0, 0x0, 0x6c, 0x52, 0xdd, 0x37,
    0xc7, 0x0, 0x3, 0x81, 0x7d, 0x32, 0xc8, 0x26,
    0x10, 0x3, 0x8e, 0xfc, 0xbb, 0xbf, 0xfb, 0x62,
    0x3c, 0x7f, 0x22, 0x22, 0x27, 0xc4, 0x92, 0x0,
    0xf, 0x88, 0x88, 0x8a, 0xb0, 0x0, 0x0, 0xf,
    0xaa, 0xaa, 0xac, 0xb0, 0x0, 0x0, 0xf, 0x0,
    0x0, 0x5, 0xb0, 0x0, 0x0, 0xf, 0xcc, 0xcc,
    0xcd, 0xb0, 0x0, 0x0, 0x1, 0x0, 0x0, 0x0,
    0x0, 0x0,

    /* U+77ED "短" */
    0x2, 0x60, 0x0, 0x0, 0x0, 0x0, 0x0, 0x5,
    0xa0, 0x0, 0xbf, 0xff, 0xff, 0xf7, 0x9, 0xee,
    0xc9, 0x0, 0x0, 0x0, 0x0, 0xe, 0x1f, 0x0,
    0x4e, 0xee, 0xee, 0xd0, 0x3b, 0xf, 0x0, 0x4b,
    0x0, 0x2, 0xf0, 0x13, 0x2f, 0x22, 0x4b, 0x0,
    0x1, 0xf0, 0x5f, 0xff, 0xfe, 0x4b, 0x0, 0x1,
    0xf0, 0x0, 0x2d, 0x0, 0x4f, 0xff, 0xff, 0xe0,
    0x0, 0x5f, 0x30, 0x4, 0x0, 0x5, 0x30, 0x0,
    0x99, 0xd0, 0x9, 0x60, 0xe, 0x30, 0x1, 0xe1,
    0x79, 0x3, 0xc0, 0x4c, 0x0, 0xb, 0x80, 0x4,
    0x11, 0xa1, 0xa7, 0x10, 0x3b, 0x0, 0x2, 0xee,
    0xee, 0xee, 0xe9, 0x0, 0x0, 0x0, 0x0, 0x0,
    0x0, 0x0,

    /* U+77FF "矿" */
    0x0, 0x0, 0x0, 0x0, 0x9, 0x20, 0x0, 0x4f,
    0xff, 0xfe, 0x0, 0x7, 0xb0, 0x0, 0x0, 0xa5,
    0x0, 0x4f, 0xff, 0xff, 0xf5, 0x0, 0xe1, 0x0,
    0x4c, 0x0, 0x0, 0x0, 0x2, 0xd0, 0x0, 0x4c,
    0x0, 0x0, 0x0, 0x8, 0xfe, 0xe8, 0x4c, 0x0,
    0x0, 0x0, 0x1f, 0x90, 0x69, 0x4c, 0x0, 0x0,
    0x0, 0x5d, 0x90, 0x69, 0x5b, 0x0, 0x0, 0x0,
    0x5, 0x90, 0x69, 0x79, 0x0, 0x0, 0x0, 0x5,
    0x90, 0x69, 0xa7, 0x0, 0x0, 0x0, 0x5, 0xec,
    0xe9, 0xe3, 0x0, 0x0, 0x0, 0x5, 0xa2, 0x27,
    0xc0, 0x0, 0x0, 0x0, 0x1, 0x20, 0x6, 0x40,
    0x0, 0x0, 0x0,

    /* U+7801 "码" */
    0x1, 0x11, 0x10, 0x0, 0x0, 0x0, 0x0, 0x1e,
    0xff, 0xea, 0x9f, 0xff, 0xff, 0x20, 0x0, 0x96,
    0x0, 0x2, 0x0, 0xf, 0x0, 0x0, 0xd2, 0x0,
    0xf, 0x0, 0xf, 0x0, 0x1, 0xd0, 0x0, 0x1e,
    0x0, 0x2d, 0x0, 0x8, 0xfe, 0xe4, 0x3c, 0x0,
    0x4b, 0x0, 0xe, 0x90, 0xb4, 0x6f, 0xdd, 0xef,
    0xd1, 0x3e, 0x90, 0xb4, 0x1, 0x11, 0x11, 0xc1,
    0x6, 0x90, 0xb4, 0x11, 0x11, 0x10, 0xd0, 0x6,
    0x90, 0xb5, 0xdd, 0xdd, 0xd4, 0xd0, 0x6, 0xec,
    0xf4, 0x0, 0x0, 0x2, 0xb0, 0x6, 0xa2, 0x20,
    0x0, 0x0, 0x6, 0x80, 0x1, 0x20, 0x0, 0x0,
    0x8, 0xee, 0x20, 0x0, 0x0, 0x0, 0x0, 0x0,
    0x0, 0x0,

    /* U+7802 "砂" */
    0x0, 0x0, 0x0, 0x0, 0xf, 0x0, 0x0, 0x2f,
    0xff, 0xfe, 0x0, 0xf, 0x0, 0x0, 0x0, 0x87,
    0x0, 0x5, 0xf, 0x7, 0x0, 0x0, 0xc3, 0x0,
    0x2d, 0xf, 0x9, 0x70, 0x1, 0xe0, 0x0, 0x5a,
    0xf, 0x2, 0xe0, 0x8, 0xfe, 0xe7, 0x96, 0xf,
    0x0, 0xc4, 0x2f, 0xc0, 0x78, 0xc1, 0xf, 0x0,
    0x20, 0x6a, 0xc0, 0x68, 0x0, 0xf, 0x6, 0xa0,
    0x3, 0xc0, 0x68, 0x0, 0xa, 0x1e, 0x30, 0x3,
    0xc0, 0x68, 0x0, 0x0, 0xc9, 0x0, 0x3, 0xfc,
    0xe8, 0x0, 0x3d, 0xa0, 0x0, 0x3, 0xc2, 0x22,
    0x5b, 0xe6, 0x0, 0x0, 0x0, 0x30, 0x3, 0xb5,
    0x0, 0x0, 0x0,

    /* U+7814 "研" */
    0x1f, 0xff, 0xfc, 0x4f, 0xff, 0xff, 0xf5, 0x0,
    0x87, 0x0, 0x1, 0xe0, 0xf, 0x10, 0x0, 0xc3,
    0x0, 0x1, 0xe0, 0xf, 0x10, 0x0, 0xe0, 0x0,
    0x1, 0xe0, 0xf, 0x10, 0x6, 0xeb, 0xb6, 0x1,
    0xe0, 0xf, 0x10, 0xd, 0xb4, 0x89, 0x9f, 0xff,
    0xff, 0xf9, 0x3f, 0x90, 0x69, 0x2, 0xe0, 0xf,
    0x10, 0x6, 0x90, 0x69, 0x3, 0xc0, 0xf, 0x10,
    0x5, 0x90, 0x69, 0x6, 0xa0, 0xf, 0x10, 0x5,
    0xec, 0xe9, 0xb, 0x60, 0xf, 0x10, 0x5, 0xa2,
    0x21, 0x4e, 0x0, 0xf, 0x10, 0x1, 0x20, 0x0,
    0xa5, 0x0, 0xf, 0x10, 0x0, 0x0, 0x0, 0x0,
    0x0, 0x0, 0x0,

    /* U+786E "确" */
    0x0, 0x0, 0x0, 0x4, 0x60, 0x0, 0x0, 0x1f,
    0xff, 0xf9, 0xc, 0xed, 0xd8, 0x0, 0x0, 0x96,
    0x0, 0x4c, 0x11, 0xc6, 0x0, 0x0, 0xd2, 0x1,
    0xe6, 0x37, 0xd3, 0x30, 0x1, 0xe0, 0xc, 0xfd,
    0xbf, 0xbb, 0xf2, 0x7, 0xec, 0xc3, 0xa5, 0xe,
    0x0, 0xe2, 0xe, 0xb2, 0xc2, 0xae, 0xdf, 0xdd,
    0xf2, 0x3e, 0xa0, 0xc2, 0xa5, 0xe, 0x0, 0xe2,
    0x6, 0xa0, 0xc2, 0xb9, 0x6f, 0x66, 0xf2, 0x5,
    0xa0, 0xc2, 0xd9, 0x8f, 0x88, 0xf2, 0x5, 0xec,
    0xf3, 0xf0, 0xe, 0x0, 0xe2, 0x5, 0xb2, 0x28,
    0xa0, 0xe, 0x0, 0xe2, 0x1, 0x20, 0xd, 0x20,
    0x9, 0x4e, 0xd0, 0x0, 0x0, 0x0, 0x0, 0x0,
    0x0, 0x0,

    /* U+788E "碎" */
    0x0, 0x0, 0x0, 0x0, 0x29, 0x0, 0x0, 0x1f,
    0xff, 0xf9, 0x0, 0xe, 0x20, 0x0, 0x0, 0x87,
    0x1, 0xff, 0xff, 0xff, 0xf3, 0x0, 0xc3, 0x0,
    0x7, 0x20, 0x28, 0x0, 0x1, 0xe0, 0x0, 0xe,
    0x10, 0x79, 0x0, 0x7, 0xfe, 0xe3, 0x4e, 0xc1,
    0xde, 0x40, 0xd, 0x90, 0xb4, 0xc3, 0x69, 0xa3,
    0xe0, 0x4f, 0x90, 0xb5, 0x70, 0xa, 0x20, 0x10,
    0x7, 0x90, 0xb5, 0x77, 0x7f, 0x87, 0x74, 0x6,
    0x90, 0xb5, 0x77, 0x7f, 0x87, 0x73, 0x6, 0xec,
    0xf4, 0x0, 0xe, 0x10, 0x0, 0x6, 0xa2, 0x20,
    0x0, 0xe, 0x10, 0x0, 0x1, 0x20, 0x0, 0x0,
    0xe, 0x10, 0x0,

    /* U+7897 "碗" */
    0x0, 0x0, 0x0, 0x0, 0x65, 0x0, 0x0, 0x5f,
    0xff, 0xf3, 0x33, 0x5e, 0x33, 0x30, 0x0, 0xb5,
    0xc, 0xcb, 0xbb, 0xbb, 0xe4, 0x0, 0xe1, 0xc,
    0x50, 0x0, 0x0, 0xb4, 0x3, 0xc0, 0x2, 0xc7,
    0x53, 0x88, 0x90, 0xa, 0xfe, 0xa1, 0xd5, 0xf8,
    0x80, 0xe0, 0x2f, 0x73, 0xb7, 0x70, 0xf6, 0x80,
    0xe0, 0x7d, 0x73, 0xdd, 0x95, 0xc6, 0x80, 0xe0,
    0x7, 0x73, 0xb2, 0x4f, 0x86, 0x95, 0xd0, 0x7,
    0x73, 0xb0, 0xd, 0x36, 0x87, 0x40, 0x7, 0xed,
    0xb0, 0x6c, 0x6, 0x80, 0x34, 0x7, 0x82, 0x13,
    0xe2, 0x6, 0x80, 0x58, 0x1, 0x10, 0x1d, 0x40,
    0x3, 0xdc, 0xd3, 0x0, 0x0, 0x0, 0x0, 0x0,
    0x0, 0x0,

    /* U+78A7 "碧" */
    0x0, 0x0, 0x0, 0x0, 0x7, 0x40, 0x0, 0xb,
    0xcf, 0xdc, 0x4c, 0xdf, 0xed, 0x80, 0x0, 0xc,
    0x30, 0xe, 0x10, 0x6, 0x90, 0xa, 0xcf, 0xdc,
    0x1e, 0xcc, 0xcd, 0x90, 0x0, 0xc, 0x30, 0xe,
    0x10, 0x6, 0x90, 0x18, 0xaf, 0xee, 0x7e, 0x99,
    0x9b, 0x90, 0x16, 0x42, 0x0, 0x4, 0x44, 0x44,
    0x20, 0x3d, 0xdd, 0xdd, 0xdd, 0xdd, 0xdd, 0xd3,
    0x0, 0x2, 0xe2, 0x0, 0x0, 0x0, 0x0, 0x0,
    0x2e, 0xfd, 0xdd, 0xdd, 0xdc, 0x0, 0x7, 0xfe,
    0x50, 0x0, 0x0, 0x3e, 0x0, 0x4e, 0x3b, 0x50,
    0x0, 0x0, 0x3e, 0x0, 0x0, 0xb, 0xed, 0xdd,
    0xdd, 0xde, 0x0, 0x0, 0x0, 0x0, 0x0, 0x0,
    0x0, 0x0,

    /* U+78B1 "碱" */
    0x0, 0x0, 0x0, 0x0, 0x0, 0xe6, 0x40, 0x5f,
    0xff, 0xe0, 0x0, 0x0, 0xe0, 0xb2, 0x0, 0xe0,
    0x5, 0xbb, 0xbb, 0xfb, 0xb4, 0x1, 0xd0, 0x7,
    0x83, 0x33, 0xe4, 0x31, 0x5, 0x90, 0x7, 0x8b,
    0xb9, 0xd1, 0x20, 0xb, 0xfe, 0x97, 0x62, 0x21,
    0xc2, 0xd0, 0x2f, 0x53, 0xa7, 0x7c, 0xc8, 0xb5,
    0xc0, 0x6d, 0x53, 0xa8, 0x6b, 0xb, 0x9c, 0x70,
    0x8, 0x53, 0xa9, 0x5b, 0xb, 0x8f, 0x10, 0x8,
    0x53, 0xab, 0x3e, 0xcb, 0x8a, 0x0, 0x8, 0xdd,
    0xae, 0x1b, 0x3, 0xeb, 0x9, 0x8, 0x62, 0x6a,
    0x1, 0x2d, 0x3d, 0x3a, 0x2, 0x10, 0x73, 0x0,
    0xa4, 0x5, 0xe5, 0x0, 0x0, 0x0, 0x0, 0x0,
    0x0, 0x0,

    /* U+78B4 "碴" */
    0x0, 0x0, 0x0, 0x0, 0x2e, 0x0, 0x0, 0x7f,
    0xff, 0xf1, 0x0, 0x2e, 0x0, 0x0, 0x0, 0xd2,
    0x6, 0xff, 0xff, 0xff, 0xf1, 0x1, 0xe0, 0x0,
    0x7, 0xde, 0xd2, 0x0, 0x5, 0xa0, 0x0, 0x7c,
    0x3e, 0x3d, 0x40, 0xb, 0xda, 0x7a, 0xb1, 0x2e,
    0x2, 0xd3, 0x2f, 0x85, 0xa0, 0xcd, 0xdd, 0xdd,
    0x10, 0x9b, 0x72, 0xa0, 0xf0, 0x0, 0xe, 0x10,
    0x16, 0x72, 0xa0, 0xfc, 0xcc, 0xcf, 0x10, 0x6,
    0x72, 0xa0, 0xf0, 0x0, 0xe, 0x10, 0x6, 0xca,
    0xa0, 0xbc, 0xcc, 0xcc, 0x10, 0x6, 0xb8, 0x50,
    0x0, 0x0, 0x0, 0x0, 0x2, 0x30, 0xd, 0xee,
    0xee, 0xee, 0xe4,

    /* U+78E8 "磨" */
    0x0, 0x0, 0x0, 0x1d, 0x10, 0x0, 0x0, 0x5,
    0xcc, 0xcc, 0xcf, 0xdc, 0xcc, 0xc3, 0x7, 0xa3,
    0x39, 0x33, 0x33, 0xa3, 0x30, 0x7, 0x89, 0xaf,
    0xa7, 0x7a, 0xfa, 0xa2, 0x7, 0x82, 0x9f, 0xb2,
    0x1a, 0xfc, 0x30, 0x7, 0x99, 0x8d, 0x58, 0x98,
    0xe5, 0xc2, 0x7, 0x84, 0xc, 0x0, 0x40, 0xc0,
    0x30, 0x7, 0x7d, 0xdd, 0xdd, 0xdd, 0xdd, 0xd3,
    0x9, 0x60, 0x5, 0xe1, 0x0, 0x0, 0x0, 0xa,
    0x40, 0x7f, 0xdc, 0xcc, 0xcc, 0x50, 0xd, 0x5c,
    0xcf, 0x10, 0x0, 0xa, 0x70, 0x2d, 0x26, 0xf,
    0x0, 0x0, 0xa, 0x70, 0x67, 0x0, 0xf, 0xcc,
    0xcc, 0xce, 0x70, 0x0, 0x0, 0x0, 0x0, 0x0,
    0x0, 0x0,

    /* U+793E "社" */
    0x0, 0x67, 0x0, 0x0, 0xe, 0x20, 0x0, 0x0,
    0x1e, 0x20, 0x0, 0xe, 0x20, 0x0, 0x2, 0x28,
    0x41, 0x0, 0xe, 0x20, 0x0, 0x3d, 0xdd, 0xe9,
    0x0, 0xe, 0x20, 0x0, 0x0, 0x0, 0xd2, 0x22,
    0x2f, 0x42, 0x20, 0x0, 0xa, 0x70, 0xdd, 0xdf,
    0xed, 0xd1, 0x0, 0x9f, 0x60, 0x0, 0xe, 0x20,
    0x0, 0x1b, 0xcf, 0xc6, 0x0, 0xe, 0x20, 0x0,
    0x69, 0x2e, 0x17, 0x0, 0xe, 0x20, 0x0, 0x0,
    0x1e, 0x0, 0x0, 0xe, 0x20, 0x0, 0x0, 0x1e,
    0x0, 0x0, 0xe, 0x20, 0x0, 0x0, 0x1e, 0x5,
    0x88, 0x8f, 0x98, 0x83, 0x0, 0x1e, 0x5, 0x88,
    0x88, 0x88, 0x83,

    /* U+7956 "祖" */
    0x0, 0x45, 0x0, 0x0, 0x0, 0x0, 0x0, 0x0,
    0x1e, 0x30, 0x6f, 0xff, 0xff, 0x60, 0x17, 0x7a,
    0x94, 0x69, 0x0, 0xa, 0x60, 0x17, 0x77, 0xc9,
    0x69, 0x0, 0xa, 0x60, 0x0, 0x1, 0xe1, 0x6e,
    0xcc, 0xce, 0x60, 0x0, 0xc, 0x60, 0x6a, 0x33,
    0x3b, 0x60, 0x0, 0xbf, 0xb0, 0x69, 0x0, 0xa,
    0x60, 0x2c, 0xbe, 0xaa, 0x69, 0x0, 0xa, 0x60,
    0x58, 0x1e, 0x7, 0x6f, 0xff, 0xff, 0x60, 0x0,
    0x1e, 0x0, 0x69, 0x0, 0xa, 0x60, 0x0, 0x1e,
    0x0, 0x69, 0x0, 0xa, 0x60, 0x0, 0x1e, 0x8,
    0xbd, 0x88, 0x8d, 0xb5, 0x0, 0x1e, 0x7, 0x77,
    0x77, 0x77, 0x74,

    /* U+7965 "祥" */
    0x0, 0x82, 0x0, 0x9, 0x0, 0x6, 0x50, 0x0,
    0x5c, 0x0, 0xb, 0x50, 0xe, 0x30, 0x17, 0x7c,
    0x71, 0x4, 0x70, 0x6a, 0x0, 0x28, 0x88, 0xf3,
    0xff, 0xff, 0xff, 0xf2, 0x0, 0x5, 0xa0, 0x0,
    0xe, 0x20, 0x0, 0x0, 0x1e, 0x20, 0x0, 0xe,
    0x20, 0x0, 0x0, 0xcf, 0x40, 0xdf, 0xff, 0xff,
    0xd0, 0xb, 0xde, 0xe2, 0x0, 0xe, 0x20, 0x0,
    0x4b, 0x3d, 0x63, 0x0, 0xe, 0x20, 0x0, 0x0,
    0x3d, 0x7, 0xff, 0xff, 0xff, 0xf6, 0x0, 0x3d,
    0x0, 0x0, 0xe, 0x20, 0x0, 0x0, 0x3d, 0x0,
    0x0, 0xe, 0x20, 0x0, 0x0, 0x3d, 0x0, 0x0,
    0xe, 0x20, 0x0, 0x0, 0x0, 0x0, 0x0, 0x0,
    0x0, 0x0,

    /* U+7968 "票" */
    0x8, 0x88, 0x8f, 0x88, 0xf9, 0x88, 0x80, 0x0,
    0x0, 0xf, 0x0, 0xe1, 0x0, 0x0, 0x1, 0xfc,
    0xcf, 0xcc, 0xfc, 0xcf, 0x40, 0x1, 0xe0, 0xf,
    0x0, 0xe1, 0xc, 0x40, 0x1, 0xfd, 0xdf, 0xdd,
    0xfd, 0xdf, 0x40, 0x0, 0x0, 0x0, 0x0, 0x0,
    0x0, 0x0, 0x0, 0x5d, 0xdd, 0xdd, 0xdd, 0xd7,
    0x0, 0x2, 0x22, 0x22, 0x22, 0x22, 0x22, 0x20,
    0x2b, 0xbb, 0xbb, 0xde, 0xbb, 0xbb, 0xb3, 0x0,
    0x9, 0x90, 0x69, 0x8, 0x91, 0x0, 0x4, 0xda,
    0x0, 0x69, 0x0, 0x6e, 0x60, 0x19, 0x40, 0x1e,
    0xe6, 0x0, 0x1, 0x70, 0x0, 0x0, 0x0, 0x0,
    0x0, 0x0, 0x0,

    /* U+798F "福" */
    0x0, 0x61, 0x0, 0x0, 0x0, 0x0, 0x0, 0x0,
    0x88, 0x0, 0xee, 0xee, 0xee, 0xe6, 0x0, 0x19,
    0x0, 0x1, 0x11, 0x11, 0x0, 0x3f, 0xff, 0xfa,
    0x4e, 0xcc, 0xcd, 0x70, 0x0, 0x0, 0xd4, 0x4a,
    0x0, 0x7, 0x70, 0x0, 0x8, 0xa0, 0x4f, 0xdd,
    0xde, 0x70, 0x0, 0x6f, 0x90, 0x11, 0x11, 0x11,
    0x10, 0x7, 0xee, 0x9a, 0xfc, 0xcf, 0xcc, 0xf1,
    0x7c, 0x3e, 0x4, 0xf0, 0xe, 0x0, 0xe1, 0x10,
    0x1e, 0x0, 0xfd, 0xdf, 0xdd, 0xf1, 0x0, 0x1e,
    0x0, 0xf0, 0xe, 0x0, 0xe1, 0x0, 0x1e, 0x0,
    0xf9, 0x9f, 0x99, 0xf1, 0x0, 0x1e, 0x0, 0xf4,
    0x44, 0x44, 0xe1, 0x0, 0x0, 0x0, 0x0, 0x0,
    0x0, 0x0,

    /* U+79BB "离" */
    0x0, 0x0, 0x0, 0x0, 0x0, 0x0, 0x0, 0x0,
    0x0, 0x0, 0xb4, 0x0, 0x0, 0x0, 0x1b, 0xbb,
    0xbb, 0xdd, 0xbb, 0xbb, 0xb1, 0x3, 0x44, 0x55,
    0x33, 0x54, 0x44, 0x30, 0x0, 0x96, 0x2a, 0x96,
    0xb1, 0x6a, 0x0, 0x0, 0x96, 0x5, 0xcc, 0x91,
    0x6a, 0x0, 0x0, 0x96, 0x87, 0x0, 0x46, 0x6a,
    0x0, 0x0, 0x8d, 0xdd, 0xef, 0xdd, 0xd9, 0x0,
    0x0, 0x0, 0x0, 0xd5, 0x0, 0x0, 0x0, 0x8,
    0xfe, 0xef, 0xfe, 0xee, 0xef, 0x80, 0x8, 0x80,
    0x2e, 0x10, 0xa2, 0x8, 0x80, 0x8, 0x81, 0xdb,
    0x89, 0xcd, 0x8, 0x80, 0x8, 0x80, 0x86, 0x43,
    0x15, 0x28, 0x80, 0x8, 0x80, 0x0, 0x0, 0x4,
    0xcd, 0x50, 0x0, 0x0, 0x0, 0x0, 0x0, 0x0,
    0x0,

    /* U+79BD "禽" */
    0x0, 0x0, 0x0, 0x0, 0x0, 0x0, 0x0, 0x0,
    0x0, 0x0, 0x7d, 0x0, 0x0, 0x0, 0x0, 0x0,
    0x4c, 0xa8, 0xd6, 0x0, 0x0, 0x3, 0x8d, 0xa3,
    0x68, 0x29, 0xeb, 0x61, 0x1b, 0x66, 0xcc, 0xdf,
    0xcc, 0xc4, 0x91, 0x0, 0x26, 0x6, 0x20, 0x45,
    0x16, 0x0, 0x0, 0x4b, 0x4, 0xee, 0xd1, 0x3c,
    0x0, 0x0, 0x4b, 0x6a, 0x50, 0x5b, 0x4c, 0x0,
    0x0, 0x3c, 0xcc, 0xee, 0xcc, 0xc9, 0x0, 0x0,
    0x33, 0x33, 0xe5, 0x33, 0x33, 0x0, 0x1, 0xfa,
    0xae, 0xca, 0xdb, 0xad, 0x30, 0x1, 0xe0, 0x4d,
    0x23, 0x9b, 0x7, 0x30, 0x1, 0xe0, 0x8b, 0x98,
    0x7a, 0x77, 0x30, 0x1, 0xe0, 0x0, 0x0, 0x2,
    0xdd, 0x10, 0x0, 0x0, 0x0, 0x0, 0x0, 0x0,
    0x0,

    /* U+79CB "秋" */
    0x0, 0x4, 0x88, 0x0, 0xe, 0x10, 0x0, 0x1d,
    0xdf, 0x82, 0x0, 0xe, 0x0, 0x0, 0x0, 0xe,
    0x10, 0x0, 0xe, 0x0, 0x0, 0x0, 0xe, 0x10,
    0xa, 0xf, 0x0, 0xb0, 0x5e, 0xef, 0xfe, 0x5c,
    0xf, 0x5, 0xb0, 0x0, 0x5f, 0x50, 0x79, 0x1f,
    0xc, 0x40, 0x0, 0xbf, 0xd2, 0xc3, 0x3f, 0x5c,
    0x0, 0x3, 0xbe, 0x6a, 0x0, 0x6f, 0x60, 0x0,
    0xd, 0x3e, 0x11, 0x0, 0xb9, 0xb0, 0x0, 0x7a,
    0xe, 0x10, 0x2, 0xe1, 0xe2, 0x0, 0x11, 0xe,
    0x10, 0xb, 0x80, 0x6b, 0x0, 0x0, 0xe, 0x10,
    0xac, 0x0, 0xc, 0xa0, 0x0, 0xe, 0x15, 0xb0,
    0x0, 0x0, 0xa3, 0x0, 0x0, 0x0, 0x0, 0x0,
    0x0, 0x0,

    /* U+79D1 "科" */
    0x0, 0x2, 0x75, 0x0, 0x0, 0x1e, 0x0, 0x1b,
    0xef, 0x93, 0x8, 0x70, 0x1e, 0x0, 0x3, 0x1f,
    0x0, 0x1, 0xba, 0x2e, 0x0, 0x0, 0xf, 0x0,
    0x0, 0x7, 0x2e, 0x0, 0x5f, 0xff, 0xff, 0x11,
    0x0, 0x1e, 0x0, 0x0, 0x6f, 0x40, 0x2d, 0x60,
    0x1e, 0x0, 0x0, 0xcf, 0xc1, 0x1, 0xc8, 0x1e,
    0x0, 0x4, 0xaf, 0x5b, 0x0, 0x2, 0x1e, 0x0,
    0xd, 0x3f, 0x3, 0x0, 0x25, 0x8f, 0xc9, 0x69,
    0xf, 0x0, 0xdf, 0xdb, 0x9f, 0x30, 0x10, 0xf,
    0x0, 0x20, 0x0, 0x1e, 0x0, 0x0, 0xf, 0x0,
    0x0, 0x0, 0x1e, 0x0, 0x0, 0xf, 0x0, 0x0,
    0x0, 0x1e, 0x0,

    /* U+79D2 "秒" */
    0x0, 0x2, 0x75, 0x0, 0x1e, 0x0, 0x0, 0x1b,
    0xef, 0x93, 0x0, 0x1e, 0x0, 0x0, 0x3, 0x1f,
    0x0, 0x5, 0x1e, 0x8, 0x0, 0x0, 0x1f, 0x0,
    0x4c, 0x1e, 0xa, 0x60, 0x5f, 0xff, 0xfe, 0x78,
    0x1e, 0x3, 0xd0, 0x0, 0x6f, 0x30, 0xb4, 0x1e,
    0x0, 0xd3, 0x0, 0xcf, 0xc2, 0xd0, 0x1e, 0x0,
    0x31, 0x4, 0xaf, 0x5a, 0x0, 0x1e, 0x7, 0x90,
    0xd, 0x3f, 0x1, 0x0, 0x19, 0x1e, 0x30, 0x69,
    0x1f, 0x0, 0x0, 0x1, 0xc8, 0x0, 0x0, 0x1f,
    0x0, 0x0, 0x3d, 0x90, 0x0, 0x0, 0x1f, 0x1,
    0x5b, 0xe6, 0x0, 0x0, 0x0, 0x1f, 0xa, 0xb6,
    0x0, 0x0, 0x0,

    /* U+79D8 "秘" */
    0x0, 0x5, 0xa2, 0x2, 0xb2, 0x0, 0x0, 0x9,
    0xff, 0x60, 0x0, 0x7e, 0x44, 0xc0, 0x1, 0x1e,
    0x0, 0x0, 0x4, 0x99, 0x80, 0x0, 0x1e, 0x0,
    0x0, 0xa0, 0xe, 0x20, 0xe, 0xff, 0xe7, 0x41,
    0xe0, 0x4c, 0x0, 0x0, 0x6f, 0x20, 0xd1, 0xe0,
    0xbb, 0xa0, 0x0, 0xbf, 0xa0, 0xd1, 0xe3, 0xe1,
    0xe1, 0x2, 0xde, 0xb9, 0xa1, 0xeb, 0x60, 0xa6,
    0xa, 0x7e, 0x2a, 0x51, 0xfd, 0x0, 0x6a, 0x2e,
    0x1e, 0x1, 0x3, 0xf3, 0x0, 0x13, 0x3, 0x1e,
    0x0, 0x1d, 0xe0, 0x3, 0x80, 0x0, 0x1e, 0x2,
    0xe9, 0xf0, 0x5, 0x90, 0x0, 0x1e, 0x6, 0x70,
    0xcf, 0xff, 0x30,

    /* U+79F0 "称" */
    0x0, 0x4, 0x95, 0x9, 0x40, 0x0, 0x0, 0xc,
    0xff, 0x71, 0xe, 0x10, 0x0, 0x0, 0x1, 0x1e,
    0x0, 0x3f, 0xff, 0xff, 0xf3, 0x0, 0x1e, 0x0,
    0x97, 0xe, 0x23, 0xd0, 0x3e, 0xff, 0xec, 0xe1,
    0xe, 0x25, 0x40, 0x0, 0x6f, 0x12, 0x55, 0xe,
    0x27, 0x0, 0x0, 0xcf, 0xb0, 0x1e, 0xe, 0x2c,
    0x40, 0x3, 0xbe, 0x88, 0x5a, 0xe, 0x27, 0x90,
    0xc, 0x3e, 0x2, 0xa5, 0xe, 0x22, 0xe0, 0x59,
    0x1e, 0x1, 0xe0, 0xe, 0x20, 0xe2, 0x11, 0x1e,
    0x3, 0x60, 0xe, 0x20, 0x61, 0x0, 0x1e, 0x0,
    0x0, 0xe, 0x20, 0x0, 0x0, 0x1e, 0x0, 0x5,
    0xfd, 0x0, 0x0, 0x0, 0x0, 0x0, 0x0, 0x0,
    0x0, 0x0,

    /* U+7A00 "稀" */
    0x0, 0x5, 0x30, 0x40, 0x0, 0x8, 0x30, 0x3c,
    0xfb, 0x41, 0x9e, 0xa5, 0xd9, 0x0, 0x13, 0xc3,
    0x0, 0x5, 0xfe, 0xe4, 0x0, 0x0, 0xb3, 0x7,
    0xec, 0xa0, 0x4c, 0xb0, 0x58, 0xea, 0x62, 0x28,
    0x90, 0x0, 0x30, 0x47, 0xfb, 0x5c, 0xef, 0xef,
    0xdd, 0xd2, 0x5, 0xfd, 0x20, 0xb7, 0x2d, 0x0,
    0x0, 0xb, 0xd6, 0x69, 0xfe, 0xef, 0xee, 0xc0,
    0x3a, 0xb3, 0x4b, 0xf0, 0x2d, 0x3, 0xd0, 0xa3,
    0xb3, 0x0, 0xf0, 0x2d, 0x2, 0xd0, 0x10, 0xb3,
    0x0, 0xf0, 0x2d, 0x2, 0xd0, 0x0, 0xb3, 0x0,
    0xe0, 0x2d, 0x4d, 0x80, 0x0, 0xb3, 0x0, 0x0,
    0x2d, 0x0, 0x0,

    /* U+7A0B "程" */
    0x0, 0x0, 0x42, 0x0, 0x0, 0x0, 0x0, 0x18,
    0xbf, 0xb4, 0xce, 0xee, 0xee, 0xe0, 0x15, 0x3f,
    0x0, 0xc3, 0x0, 0x1, 0xe0, 0x0, 0xf, 0x0,
    0xc3, 0x0, 0x1, 0xe0, 0x4f, 0xff, 0xfb, 0xce,
    0xee, 0xee, 0xe0, 0x0, 0x6f, 0x0, 0x0, 0x0,
    0x0, 0x0, 0x0, 0xcf, 0x50, 0x66, 0x66, 0x66,
    0x61, 0x4, 0xaf, 0xb6, 0x88, 0x8f, 0x98, 0x81,
    0xc, 0x3f, 0x17, 0x0, 0xf, 0x0, 0x0, 0x6a,
    0xf, 0x0, 0xae, 0xef, 0xee, 0xc0, 0x11, 0xf,
    0x0, 0x0, 0xf, 0x0, 0x0, 0x0, 0xf, 0x0,
    0x0, 0xf, 0x0, 0x0, 0x0, 0xf, 0xa, 0xff,
    0xff, 0xff, 0xf7,

    /* U+7A20 "稠" */
    0x0, 0x2, 0x71, 0x0, 0x0, 0x0, 0x0, 0x9c,
    0xe8, 0x2e, 0xff, 0xff, 0xff, 0x0, 0x3b, 0x0,
    0xe0, 0xb, 0x20, 0xe0, 0x3, 0xb0, 0xe, 0x3c,
    0xfd, 0x9e, 0x1f, 0xff, 0xf8, 0xe0, 0xb, 0x30,
    0xe0, 0x9, 0xe1, 0xe, 0x68, 0xea, 0x5e, 0x0,
    0xef, 0x90, 0xe3, 0x44, 0x42, 0xe0, 0x4c, 0xbb,
    0x4e, 0x3, 0x22, 0x1e, 0xc, 0x6b, 0x32, 0xe2,
    0xea, 0xaa, 0xe4, 0xc3, 0xb0, 0x2c, 0x2a, 0x2,
    0xae, 0x3, 0x3b, 0x6, 0x82, 0xfc, 0xc9, 0xe0,
    0x3, 0xb0, 0xd2, 0x15, 0x0, 0xe, 0x0, 0x3b,
    0x39, 0x0, 0x0, 0x2e, 0xa0,

    /* U+7A9D "窝" */
    0x0, 0x0, 0x0, 0x0, 0x0, 0x0, 0x0, 0x0,
    0xd, 0x40, 0x0, 0x0, 0xbc, 0xcc, 0xce, 0xec,
    0xcc, 0xcc, 0xe3, 0x17, 0x61, 0x19, 0x51, 0x3f,
    0x88, 0xd9, 0x10, 0x4, 0xae, 0x98, 0x88, 0xbb,
    0xbb, 0xbb, 0xbb, 0x79, 0x0, 0xe2, 0x11, 0x11,
    0x2f, 0x0, 0x0, 0xe8, 0x88, 0x88, 0x9f, 0x0,
    0x0, 0x23, 0x3c, 0x63, 0x33, 0x0, 0x7e, 0xee,
    0xef, 0xee, 0xee, 0xe8, 0x88, 0x0, 0x3f, 0x81,
    0x0, 0x79, 0x88, 0x6, 0xe6, 0x7e, 0x80, 0x79,
    0x88, 0x9a, 0x20, 0x1, 0x93, 0x79, 0x88, 0x0,
    0x0, 0x0, 0x1e, 0xe5,

    /* U+7ACB "立" */
    0x0, 0x0, 0x0, 0x74, 0x0, 0x0, 0x0, 0x0,
    0x0, 0x0, 0x7a, 0x0, 0x0, 0x0, 0x0, 0x11,
    0x11, 0x49, 0x11, 0x11, 0x10, 0x7, 0xff, 0xff,
    0xff, 0xff, 0xff, 0xd0, 0x0, 0x1, 0x20, 0x0,
    0x1, 0x30, 0x0, 0x0, 0x6, 0xc0, 0x0, 0x5,
    0xd0, 0x0, 0x0, 0x1, 0xf0, 0x0, 0xa, 0x80,
    0x0, 0x0, 0x0, 0xd4, 0x0, 0xe, 0x30, 0x0,
    0x0, 0x0, 0x98, 0x0, 0x3e, 0x0, 0x0, 0x0,
    0x0, 0x6c, 0x0, 0x88, 0x0, 0x0, 0x0, 0x0,
    0x27, 0x0, 0xe3, 0x0, 0x0, 0xc, 0xcc, 0xcc,
    0xcc, 0xfc, 0xcc, 0xc5, 0x4, 0x44, 0x44, 0x44,
    0x44, 0x44, 0x42,

    /* U+7AF9 "竹" */
    0x0, 0x68, 0x0, 0x0, 0xc0, 0x0, 0x0, 0x0,
    0xa7, 0x0, 0x4, 0xd0, 0x0, 0x0, 0x0, 0xf3,
    0x0, 0x9, 0x90, 0x0, 0x0, 0x6, 0xff, 0xff,
    0xde, 0xff, 0xff, 0xf3, 0xd, 0x5c, 0x40, 0x6b,
    0x0, 0xf1, 0x0, 0x7d, 0xc, 0x41, 0xe3, 0x0,
    0xf1, 0x0, 0x43, 0xc, 0x40, 0x50, 0x0, 0xf1,
    0x0, 0x0, 0xc, 0x40, 0x0, 0x0, 0xf1, 0x0,
    0x0, 0xc, 0x40, 0x0, 0x0, 0xf1, 0x0, 0x0,
    0xc, 0x40, 0x0, 0x0, 0xf1, 0x0, 0x0, 0xc,
    0x40, 0x0, 0x0, 0xf1, 0x0, 0x0, 0xc, 0x40,
    0x0, 0x11, 0xf1, 0x0, 0x0, 0xc, 0x40, 0x0,
    0xef, 0xb0, 0x0,

    /* U+7B0B "笋" */
    0x0, 0x0, 0x0, 0x0, 0x0, 0x0, 0x0, 0x0,
    0x96, 0x0, 0x0, 0xe1, 0x0, 0x0, 0x2, 0xfd,
    0xcc, 0xb7, 0xfc, 0xcc, 0xc3, 0xb, 0x96, 0xd2,
    0x5f, 0x46, 0xe2, 0x20, 0x3d, 0x0, 0xb1, 0x76,
    0x0, 0xa2, 0x0, 0x0, 0x8e, 0xee, 0xee, 0xee,
    0xee, 0x0, 0x0, 0x0, 0x0, 0xa6, 0x0, 0xf,
    0x10, 0x13, 0x33, 0x33, 0xb8, 0x33, 0x3f, 0x41,
    0x2b, 0xbb, 0xbb, 0xed, 0xbb, 0xbf, 0xb5, 0x0,
    0x0, 0x0, 0xc5, 0x0, 0xf, 0x10, 0x0, 0x9f,
    0xff, 0xff, 0xff, 0xff, 0x10, 0x0, 0x0, 0x1c,
    0x80, 0x0, 0xd, 0x0, 0x0, 0x17, 0xe9, 0x0,
    0x0, 0x0, 0x0, 0x6, 0xfa, 0x30, 0x0, 0x0,
    0x0, 0x0, 0x0, 0x0, 0x0, 0x0, 0x0, 0x0,
    0x0,

    /* U+7B3C "笼" */
    0x0, 0x0, 0x0, 0x0, 0x0, 0x0, 0x0, 0x0,
    0x4b, 0x0, 0x0, 0xc3, 0x0, 0x0, 0x0, 0xbe,
    0xbb, 0xa2, 0xfb, 0xbb, 0xb1, 0x4, 0xe4, 0xf4,
    0x3a, 0xa4, 0xf5, 0x30, 0x1e, 0x50, 0xa5, 0x2e,
    0x10, 0x86, 0x0, 0x2, 0x0, 0xa, 0x31, 0x7a,
    0x30, 0x0, 0x0, 0x0, 0xf, 0x20, 0x3, 0xb0,
    0x0, 0x3f, 0xff, 0xff, 0xff, 0xff, 0xff, 0xf3,
    0x0, 0x0, 0x5b, 0xa, 0x60, 0x6, 0x0, 0x0,
    0x0, 0xb6, 0xa, 0x60, 0xbb, 0x0, 0x0, 0x2,
    0xf1, 0xa, 0x9d, 0x90, 0x0, 0x0, 0xc, 0x80,
    0x1c, 0xe5, 0x0, 0x42, 0x1, 0xcb, 0x29, 0xdd,
    0x70, 0x0, 0x95, 0x3f, 0x90, 0x35, 0x5, 0xff,
    0xff, 0xe1, 0x3, 0x0, 0x0, 0x0, 0x0, 0x0,
    0x0,

    /* U+7B49 "等" */
    0x0, 0x0, 0x0, 0x0, 0x0, 0x0, 0x0, 0x0,
    0x97, 0x0, 0x2, 0xc0, 0x0, 0x0, 0x2, 0xfd,
    0xcc, 0xba, 0xec, 0xcc, 0xc1, 0xc, 0x68, 0x91,
    0x7d, 0x2b, 0x81, 0x10, 0x38, 0x2, 0x60, 0x88,
    0x2, 0x70, 0x0, 0x0, 0xcd, 0xdd, 0xee, 0xdd,
    0xdd, 0x0, 0x0, 0x11, 0x11, 0x89, 0x11, 0x11,
    0x0, 0x28, 0x88, 0x88, 0xcc, 0x88, 0x88, 0x82,
    0x27, 0x77, 0x77, 0x77, 0x7e, 0x97, 0x72, 0x1,
    0x11, 0x11, 0x11, 0x1d, 0x41, 0x10, 0xd, 0xde,
    0xed, 0xdd, 0xdf, 0xed, 0xc0, 0x0, 0x6, 0xd2,
    0x0, 0xd, 0x40, 0x0, 0x0, 0x0, 0x4e, 0x20,
    0xd, 0x40, 0x0, 0x0, 0x0, 0x1, 0xb, 0xfe,
    0x10, 0x0, 0x0, 0x0, 0x0, 0x0, 0x0, 0x0,
    0x0,

    /* U+7B4B "筋" */
    0x0, 0x0, 0x0, 0x0, 0x0, 0x0, 0x0, 0x0,
    0x87, 0x0, 0x2, 0xd0, 0x0, 0x0, 0x1, 0xfc,
    0xbb, 0x8a, 0xeb, 0xbb, 0xb2, 0xa, 0x99, 0xa3,
    0x7e, 0x3b, 0x93, 0x30, 0x3c, 0x1, 0xd1, 0xd3,
    0x2, 0xd0, 0x0, 0x2, 0xbb, 0xbb, 0x20, 0x4b,
    0x0, 0x0, 0x2, 0xe2, 0x2c, 0x69, 0xbe, 0x99,
    0x90, 0x2, 0xe1, 0x1c, 0x6a, 0xce, 0xab, 0xe0,
    0x2, 0xfc, 0xcf, 0x30, 0x5a, 0x2, 0xd0, 0x3,
    0xd0, 0xc, 0x30, 0x78, 0x2, 0xd0, 0x4, 0xfd,
    0xdf, 0x30, 0xb5, 0x3, 0xc0, 0x7, 0x80, 0xc,
    0x32, 0xe0, 0x5, 0xb0, 0xc, 0x40, 0xc, 0x4c,
    0x60, 0x8, 0x90, 0x2c, 0x3, 0xee, 0x89, 0x5,
    0xfe, 0x30, 0x0, 0x0, 0x0, 0x0, 0x0, 0x0,
    0x0,

    /* U+7B77 "筷" */
    0x0, 0x0, 0x0, 0x0, 0x0, 0x0, 0x0, 0x0,
    0xa5, 0x0, 0x2, 0xd0, 0x0, 0x0, 0x2, 0xfd,
    0xcc, 0x8a, 0xec, 0xcc, 0xc1, 0xd, 0x76, 0xc2,
    0x7e, 0x29, 0xa2, 0x20, 0x28, 0x35, 0xb0, 0x23,
    0x81, 0xd0, 0x0, 0x0, 0x6a, 0x0, 0x22, 0xe4,
    0x22, 0x0, 0x6, 0x7a, 0xc4, 0xcc, 0xfc, 0xcf,
    0x30, 0xd, 0x6a, 0x75, 0x0, 0xe2, 0xc, 0x30,
    0x2c, 0x6a, 0x16, 0x66, 0xf7, 0x6e, 0x82, 0x2,
    0x6a, 0x18, 0x89, 0xfd, 0x88, 0x83, 0x0, 0x6a,
    0x0, 0x6, 0xce, 0x10, 0x0, 0x0, 0x6a, 0x0,
    0x2e, 0x37, 0xb0, 0x0, 0x0, 0x6a, 0x4, 0xe6,
    0x0, 0xad, 0x40, 0x0, 0x6a, 0x2c, 0x40, 0x0,
    0x6, 0xd3,

    /* U+7BB1 "箱" */
    0x0, 0x44, 0x0, 0x0, 0x71, 0x0, 0x0, 0x0,
    0xd7, 0x33, 0x24, 0xe3, 0x33, 0x31, 0x5, 0xee,
    0xdb, 0xac, 0xce, 0xeb, 0xb6, 0x2e, 0x44, 0xc0,
    0x9b, 0x2, 0xe1, 0x0, 0x5, 0x7, 0x80, 0x21,
    0x0, 0x41, 0x0, 0x0, 0xa, 0x50, 0xf, 0xee,
    0xee, 0xf1, 0x2d, 0xdf, 0xed, 0x7f, 0x0, 0x0,
    0xf1, 0x0, 0x3f, 0xa0, 0xf, 0xdd, 0xdd, 0xf1,
    0x0, 0xbe, 0xdb, 0x1f, 0x0, 0x0, 0xf1, 0x6,
    0xca, 0x59, 0x5f, 0xdd, 0xdd, 0xf1, 0x3f, 0x3a,
    0x50, 0xf, 0x0, 0x0, 0xf1, 0x16, 0xa, 0x50,
    0xf, 0x32, 0x22, 0xf1, 0x0, 0xa, 0x50, 0xf,
    0xbb, 0xbb, 0xf1, 0x0, 0x0, 0x0, 0x1, 0x0,
    0x0, 0x0,

    /* U+7BD3 "篓" */
    0x0, 0x94, 0x0, 0x2, 0xc0, 0x0, 0x0, 0x3,
    0xfd, 0xcc, 0x9c, 0xfc, 0xcc, 0xc2, 0x1e, 0x44,
    0xc0, 0xa9, 0x4, 0xd0, 0x0, 0x15, 0x3, 0x30,
    0x84, 0x0, 0x60, 0x0, 0x0, 0xa, 0x80, 0x97,
    0x8, 0xb0, 0x0, 0xc, 0xcd, 0xfc, 0xee, 0xcf,
    0xdc, 0xc1, 0x0, 0x3, 0xab, 0xb9, 0xca, 0x30,
    0x0, 0x9, 0xdb, 0x43, 0xb7, 0x4, 0xae, 0xa0,
    0x2, 0x10, 0x2e, 0x31, 0x0, 0x0, 0x10, 0x2e,
    0xee, 0xfe, 0xee, 0xef, 0xfe, 0xe3, 0x0, 0xb,
    0xc3, 0x10, 0x7d, 0x10, 0x0, 0x0, 0x15, 0x9e,
    0xff, 0xfa, 0x52, 0x0, 0xe, 0xed, 0xb9, 0x51,
    0x14, 0x8d, 0x80, 0x0, 0x0, 0x0, 0x0, 0x0,
    0x0, 0x0,

    /* U+7C73 "米" */
    0x0, 0x0, 0x0, 0xc5, 0x0, 0x1, 0x0, 0x5,
    0xc0, 0x0, 0xc5, 0x0, 0x3f, 0x10, 0x0, 0xd6,
    0x0, 0xc5, 0x0, 0xb9, 0x0, 0x0, 0x4e, 0x0,
    0xc5, 0x3, 0xe1, 0x0, 0x0, 0xa, 0x20, 0xc5,
    0x9, 0x50, 0x0, 0x12, 0x22, 0x22, 0xd6, 0x22,
    0x22, 0x20, 0x5e, 0xee, 0xef, 0xff, 0xee, 0xee,
    0xd0, 0x0, 0x0, 0x2e, 0xed, 0x90, 0x0, 0x0,
    0x0, 0x0, 0xd6, 0xc5, 0xc7, 0x0, 0x0, 0x0,
    0x1c, 0x80, 0xc5, 0x1d, 0x80, 0x0, 0x3, 0xd9,
    0x0, 0xc5, 0x1, 0xcb, 0x10, 0x5f, 0x60, 0x0,
    0xc5, 0x0, 0x9, 0xe1, 0x2, 0x0, 0x0, 0xc5,
    0x0, 0x0, 0x10,

    /* U+7C7B "类" */
    0x0, 0x27, 0x0, 0x98, 0x0, 0x73, 0x0, 0x0,
    0xd, 0x60, 0x98, 0x5, 0xd0, 0x0, 0x0, 0x3,
    0x90, 0x98, 0x9, 0x30, 0x0, 0xe, 0xff, 0xff,
    0xff, 0xff, 0xff, 0xf0, 0x0, 0x0, 0x2d, 0xde,
    0xd6, 0x0, 0x0, 0x0, 0x18, 0xe5, 0x98, 0x3b,
    0xd5, 0x0, 0xb, 0xfb, 0x20, 0x65, 0x0, 0x5d,
    0xb0, 0x6, 0x30, 0x0, 0x76, 0x0, 0x0, 0x40,
    0x4, 0x44, 0x44, 0xc8, 0x44, 0x44, 0x40, 0xb,
    0xbb, 0xbc, 0xff, 0xcb, 0xbb, 0xb1, 0x0, 0x0,
    0xb, 0x99, 0xb0, 0x0, 0x0, 0x0, 0x5, 0xdb,
    0x0, 0x9e, 0x60, 0x0, 0x1c, 0xfc, 0x50, 0x0,
    0x4, 0xbf, 0xc2, 0x3, 0x10, 0x0, 0x0, 0x0,
    0x1, 0x40,

    /* U+7C7D "籽" */
    0x0, 0x1e, 0x0, 0x0, 0x0, 0x0, 0x0, 0x1b,
    0x1e, 0xd, 0x2e, 0xee, 0xee, 0xc0, 0xd, 0x2e,
    0x49, 0x0, 0x0, 0x2d, 0x30, 0x9, 0x5e, 0x94,
    0x0, 0x2, 0xd4, 0x0, 0x3, 0x3f, 0x42, 0x0,
    0xe, 0x40, 0x0, 0x4d, 0xef, 0xdc, 0x0, 0xe,
    0x20, 0x0, 0x0, 0x8f, 0x11, 0xff, 0xff, 0xff,
    0xf4, 0x0, 0xdf, 0xc0, 0x11, 0x1f, 0x31, 0x10,
    0x6, 0x9e, 0x7a, 0x0, 0xe, 0x20, 0x0, 0x1e,
    0x2e, 0x4, 0x0, 0xe, 0x20, 0x0, 0x48, 0x1e,
    0x0, 0x0, 0xe, 0x20, 0x0, 0x0, 0x1e, 0x0,
    0x0, 0xe, 0x20, 0x0, 0x0, 0x1e, 0x0, 0x8,
    0xfd, 0x0, 0x0, 0x0, 0x0, 0x0, 0x0, 0x0,
    0x0, 0x0,

    /* U+7C89 "粉" */
    0x0, 0x1e, 0x0, 0x0, 0x90, 0x72, 0x0, 0xb,
    0x1e, 0xd, 0x2, 0xd0, 0x87, 0x0, 0xc, 0x2e,
    0x49, 0x7, 0x90, 0x4c, 0x0, 0x8, 0x6e, 0x94,
    0xd, 0x30, 0xe, 0x30, 0x2, 0x2e, 0x30, 0x7b,
    0x0, 0x6, 0xd0, 0x3f, 0xff, 0xfd, 0xf5, 0x33,
    0x33, 0xd7, 0x0, 0x8f, 0x10, 0x7c, 0xfd, 0xce,
    0x70, 0x0, 0xdf, 0xa0, 0x0, 0xd3, 0xa, 0x60,
    0x5, 0xae, 0xa7, 0x0, 0xf0, 0xb, 0x50, 0xd,
    0x3e, 0x6, 0x4, 0xb0, 0xc, 0x40, 0x3a, 0x1e,
    0x0, 0xc, 0x40, 0xe, 0x20, 0x0, 0x1e, 0x0,
    0x8b, 0x0, 0x1f, 0x0, 0x0, 0x1e, 0x4, 0xb0,
    0xd, 0xf9, 0x0, 0x0, 0x0, 0x0, 0x0, 0x0,
    0x0, 0x0,

    /* U+7C92 "粒" */
    0x0, 0x0, 0x0, 0x0, 0x0, 0x0, 0x0, 0x0,
    0x1e, 0x0, 0x0, 0x3c, 0x0, 0x0, 0xa, 0x1e,
    0xb, 0x0, 0xf, 0x10, 0x0, 0xa, 0x4e, 0x3a,
    0x0, 0x9, 0x20, 0x0, 0x6, 0x8e, 0x75, 0xdf,
    0xff, 0xff, 0xf6, 0x3, 0x5e, 0x61, 0x2, 0x0,
    0x3, 0x20, 0x1f, 0xff, 0xfb, 0xe, 0x10, 0xa,
    0x70, 0x0, 0x7f, 0x10, 0xa, 0x40, 0xc, 0x40,
    0x0, 0xdf, 0xb0, 0x8, 0x70, 0xf, 0x10, 0x4,
    0xbe, 0x88, 0x5, 0xa0, 0x2e, 0x0, 0xc, 0x5e,
    0x6, 0x2, 0xd0, 0x5a, 0x0, 0x2b, 0x1e, 0x0,
    0x0, 0xe0, 0x96, 0x0, 0x1, 0x1e, 0x0, 0x44,
    0x44, 0xd6, 0x43, 0x0, 0x1e, 0x2, 0xcc, 0xcc,
    0xcc, 0xca,

    /* U+7C97 "粗" */
    0x0, 0xf, 0x0, 0x0, 0x0, 0x0, 0x0, 0x7,
    0xf, 0x8, 0x3f, 0xff, 0xff, 0x40, 0xc, 0x1f,
    0xd, 0x2e, 0x0, 0xd, 0x40, 0x8, 0x5f, 0x58,
    0x2e, 0x0, 0xd, 0x40, 0x3, 0x3f, 0x42, 0x2f,
    0x88, 0x8e, 0x40, 0x3f, 0xff, 0xff, 0x3f, 0x66,
    0x6e, 0x40, 0x0, 0x6f, 0x30, 0x2e, 0x0, 0xd,
    0x40, 0x0, 0xcf, 0xd1, 0x2e, 0x0, 0xd, 0x40,
    0x4, 0xaf, 0x5c, 0x2f, 0xff, 0xff, 0x40, 0xc,
    0x3f, 0x6, 0x2e, 0x0, 0xd, 0x40, 0x4b, 0xf,
    0x0, 0x2e, 0x0, 0xd, 0x40, 0x1, 0xf, 0x0,
    0x2e, 0x0, 0xd, 0x40, 0x0, 0xf, 0xa, 0xff,
    0xff, 0xff, 0xf7,

    /* U+7CA2 "粢" */
    0x0, 0x0, 0x0, 0x43, 0x0, 0x0, 0x0, 0x8,
    0x71, 0x0, 0xd5, 0x11, 0x11, 0x10, 0x2, 0x8e,
    0x47, 0xec, 0xcc, 0xcd, 0xb0, 0x0, 0x0, 0x3e,
    0x20, 0xc2, 0xa, 0x50, 0x0, 0x16, 0xb1, 0x9,
    0xf9, 0x13, 0x0, 0x3b, 0xe9, 0x22, 0xbb, 0x6,
    0xd8, 0x0, 0x25, 0x0, 0x5d, 0xc2, 0x0, 0x17,
    0xb0, 0x0, 0x2e, 0x20, 0xc4, 0x6, 0xd0, 0x0,
    0x1, 0x18, 0x91, 0xd5, 0x2e, 0x31, 0x10, 0x5d,
    0xdd, 0xdf, 0xff, 0xed, 0xdd, 0xd0, 0x0, 0x3,
    0xc9, 0xd7, 0xd7, 0x0, 0x0, 0x16, 0xcc, 0x30,
    0xc4, 0x7, 0xda, 0x50, 0x38, 0x30, 0x0, 0xc4,
    0x0, 0x5, 0x80,

    /* U+7CA5 "粥" */
    0x0, 0x0, 0x0, 0x95, 0x0, 0x0, 0x0, 0x3f,
    0xff, 0x31, 0x95, 0x2a, 0xff, 0xf1, 0x0, 0xd,
    0x68, 0x95, 0xc2, 0x0, 0xe1, 0x0, 0xd, 0x2c,
    0x95, 0xc0, 0x0, 0xe1, 0xf, 0xff, 0x18, 0x97,
    0x55, 0xff, 0xf0, 0x1b, 0x0, 0x5a, 0xdc, 0xa8,
    0x60, 0x0, 0x3a, 0x0, 0x25, 0xfc, 0x59, 0x50,
    0x0, 0x4f, 0xef, 0x24, 0xfe, 0x29, 0xee, 0xf1,
    0x0, 0xd, 0x2b, 0xb7, 0xb0, 0x0, 0xe1, 0x0,
    0xe, 0x6a, 0x95, 0xa2, 0x0, 0xf0, 0x0, 0xf,
    0xc2, 0x95, 0x0, 0x0, 0xf0, 0x0, 0x1e, 0x10,
    0x95, 0x0, 0x3, 0xd0, 0xc, 0xd8, 0x0, 0x95,
    0x2, 0xde, 0x70, 0x0, 0x0, 0x0, 0x0, 0x0,
    0x10, 0x0,

    /* U+7CAE "粮" */
    0x0, 0x0, 0x0, 0x0, 0x0, 0x0, 0x0, 0x0,
    0xe, 0x0, 0x0, 0x5a, 0x0, 0x0, 0xa, 0xe,
    0xa, 0x0, 0xf, 0x10, 0x0, 0xa, 0x3e, 0x2b,
    0x7f, 0xee, 0xef, 0x90, 0x6, 0x7e, 0x75, 0x79,
    0x0, 0x7, 0x90, 0x2, 0x4e, 0x51, 0x7e, 0xbb,
    0xbd, 0x90, 0x3f, 0xff, 0xfc, 0x7a, 0x22, 0x28,
    0x90, 0x0, 0x7f, 0x10, 0x79, 0x0, 0x7, 0x90,
    0x0, 0xdf, 0xc0, 0x7f, 0xef, 0xee, 0x80, 0x4,
    0xae, 0x6a, 0x79, 0xe, 0x22, 0x80, 0xd, 0x3e,
    0x3, 0x79, 0x7, 0xcd, 0x50, 0x4a, 0xe, 0x0,
    0x79, 0x0, 0xd7, 0x0, 0x1, 0xe, 0x0, 0x8c,
    0xab, 0x2d, 0x91, 0x0, 0xe, 0x0, 0xb9, 0x40,
    0x1, 0x91, 0x0, 0x0, 0x0, 0x0, 0x0, 0x0,
    0x0,

    /* U+7CBE "精" */
    0x0, 0x0, 0x0, 0x0, 0x0, 0x0, 0x0, 0x0,
    0x3b, 0x0, 0x0, 0xe, 0x10, 0x0, 0xc, 0x3b,
    0x58, 0xbd, 0xdf, 0xdd, 0xd3, 0xa, 0x6b, 0x93,
    0x12, 0x2e, 0x32, 0x20, 0x6, 0xab, 0xb0, 0x5a,
    0xaf, 0xaa, 0x90, 0x5, 0x7d, 0x52, 0x77, 0x7f,
    0x77, 0x74, 0x2b, 0xde, 0xb4, 0x66, 0x66, 0x66,
    0x63, 0x0, 0x9f, 0x10, 0x4c, 0xcc, 0xcd, 0x80,
    0x0, 0xee, 0xb0, 0x5a, 0x0, 0x5, 0xa0, 0x6,
    0xbb, 0xb5, 0x5e, 0xcc, 0xcd, 0xa0, 0xd, 0x5b,
    0x21, 0x5a, 0x0, 0x5, 0xa0, 0x2a, 0x3b, 0x0,
    0x5f, 0xcc, 0xcd, 0xa0, 0x0, 0x3b, 0x0, 0x5a,
    0x0, 0x5, 0xa0, 0x0, 0x3b, 0x0, 0x5a, 0x0,
    0xae, 0x70, 0x0, 0x0, 0x0, 0x0, 0x0, 0x0,
    0x0,

    /* U+7CCA "糊" */
    0x0, 0xc1, 0x0, 0x97, 0x0, 0x0, 0x3, 0x2d,
    0x16, 0x9, 0x70, 0x6f, 0xee, 0x38, 0xd3, 0xa0,
    0x97, 0x6, 0x70, 0xd0, 0xbd, 0x87, 0xff, 0xff,
    0x97, 0xd, 0x4, 0xd5, 0x0, 0x97, 0x6, 0xfe,
    0xe6, 0xff, 0xf7, 0x9, 0x70, 0x67, 0xd, 0x1,
    0xf5, 0x7, 0xcb, 0x56, 0x70, 0xd0, 0x7f, 0xd3,
    0xf7, 0x7e, 0x6d, 0xbe, 0xc, 0xd6, 0xae, 0x0,
    0xe7, 0x83, 0xe5, 0x9d, 0x10, 0xe0, 0xe, 0x85,
    0xd, 0x82, 0xd1, 0xf, 0xcc, 0xeb, 0x20, 0xd0,
    0xd, 0x10, 0xe2, 0x22, 0xd0, 0xd, 0x0, 0xd1,
    0x1, 0x0, 0x58, 0x2e, 0xb0, 0x0, 0x0, 0x0,
    0x0, 0x0, 0x0,

    /* U+7CCD "糍" */
    0x0, 0x95, 0x0, 0x65, 0x0, 0x2b, 0x0, 0x26,
    0x95, 0xa0, 0x3d, 0x0, 0x88, 0x0, 0xb, 0x95,
    0xc0, 0xb, 0x20, 0xe2, 0x0, 0xc, 0x98, 0x8e,
    0xff, 0xff, 0xff, 0xf5, 0x5, 0x97, 0x20, 0x84,
    0x0, 0x93, 0x0, 0x6f, 0xff, 0xe0, 0xd1, 0x50,
    0xe0, 0x60, 0x0, 0xe6, 0x6, 0x84, 0xc6, 0x83,
    0xc0, 0x4, 0xfd, 0x1e, 0xde, 0x4e, 0xde, 0x50,
    0xb, 0xbb, 0x93, 0x4c, 0x3, 0x2d, 0x0, 0x3b,
    0x95, 0x50, 0xc7, 0x20, 0x97, 0x70, 0x63, 0x95,
    0x6, 0x94, 0x82, 0xc0, 0xc0, 0x0, 0x95, 0x2f,
    0xdd, 0xcd, 0xed, 0xe5, 0x0, 0x95, 0x14, 0x0,
    0x94, 0x10, 0x35,

    /* U+7CD5 "糕" */
    0x0, 0x2d, 0x0, 0xb, 0x20, 0xc, 0x10, 0xc,
    0x2d, 0x48, 0x8, 0x90, 0x3c, 0x0, 0xa, 0x4d,
    0x85, 0x79, 0xd7, 0xbb, 0x71, 0x6, 0x8d, 0xb1,
    0x88, 0x8f, 0x88, 0x81, 0x4, 0x6d, 0x62, 0x0,
    0xf, 0x10, 0x0, 0x1c, 0xdf, 0xc7, 0xdf, 0xff,
    0xff, 0xb0, 0x0, 0x9f, 0x30, 0x0, 0xf, 0x10,
    0x0, 0x0, 0xde, 0xd2, 0x0, 0xf, 0x10, 0x0,
    0x6, 0x9d, 0x4d, 0xff, 0xff, 0xff, 0xf5, 0xd,
    0x3d, 0x0, 0x30, 0x10, 0x12, 0x20, 0x48, 0x2d,
    0x0, 0xd1, 0xc3, 0xa4, 0xc0, 0x0, 0x2d, 0x6,
    0x70, 0xe0, 0xd0, 0xd2, 0x0, 0x2d, 0xb, 0x0,
    0xb0, 0x81, 0x75, 0x0, 0x0, 0x0, 0x0, 0x0,
    0x0, 0x0,

    /* U+7CD6 "糖" */
    0x0, 0x0, 0x0, 0x0, 0x0, 0x0, 0x0, 0x0,
    0xc2, 0x0, 0x0, 0x88, 0x0, 0x0, 0x43, 0xc2,
    0x90, 0x11, 0x3f, 0x21, 0x10, 0x48, 0xc4, 0xb8,
    0xed, 0xdf, 0xdd, 0xd1, 0xb, 0xc9, 0x58, 0x63,
    0x4f, 0x44, 0x10, 0x4, 0xc4, 0x8, 0x68, 0x8f,
    0x8c, 0x50, 0x9f, 0xff, 0xc8, 0xb7, 0x7f, 0x7c,
    0xb4, 0x2, 0xf4, 0x8, 0x94, 0x4f, 0x4b, 0x82,
    0x7, 0xfd, 0x9, 0x6c, 0xcf, 0xce, 0x50, 0xc,
    0xd9, 0x8a, 0x40, 0xf, 0x0, 0x0, 0x5a, 0xc2,
    0x3c, 0x3d, 0xdf, 0xdd, 0x50, 0xa2, 0xc2, 0x1d,
    0x2c, 0x0, 0x9, 0x60, 0x0, 0xc2, 0x68, 0x2c,
    0x0, 0x9, 0x60, 0x0, 0xc2, 0xb1, 0x2f, 0xdd,
    0xde, 0x60, 0x0, 0x0, 0x0, 0x0, 0x0, 0x0,
    0x0,

    /* U+7CD9 "糙" */
    0x0, 0x0, 0x0, 0x0, 0x0, 0x0, 0x0, 0x0,
    0x95, 0x0, 0x0, 0x52, 0xf0, 0x0, 0x27, 0x95,
    0xb9, 0x20, 0xc1, 0xf0, 0x0, 0xc, 0x95, 0xc6,
    0x82, 0xfe, 0xfe, 0xe0, 0xc, 0x99, 0x70, 0xb8,
    0x30, 0xf0, 0x0, 0x1, 0x96, 0x10, 0x6, 0x99,
    0xf9, 0x93, 0x5c, 0xfd, 0xc4, 0x33, 0x44, 0x44,
    0x41, 0x0, 0xe6, 0x5e, 0xf0, 0x9a, 0xaa, 0x80,
    0x5, 0xfe, 0x20, 0xf0, 0xe3, 0x35, 0xc0, 0xb,
    0xb8, 0xd0, 0xf0, 0xe0, 0x2, 0xc0, 0x3b, 0x95,
    0x30, 0xf0, 0xe7, 0x78, 0xc0, 0x64, 0x95, 0x1,
    0xf1, 0x67, 0x77, 0x60, 0x0, 0x95, 0x1d, 0x6b,
    0x20, 0x0, 0x0, 0x0, 0x95, 0x46, 0x3, 0xce,
    0xef, 0xf5, 0x0, 0x0, 0x0, 0x0, 0x0, 0x0,
    0x0,

    /* U+7CDC "糜" */
    0x0, 0x0, 0x0, 0x0, 0x0, 0x0, 0x0, 0x0,
    0x0, 0x0, 0x6d, 0x0, 0x0, 0x0, 0x7, 0xed,
    0xdd, 0xef, 0xed, 0xdd, 0xd4, 0x8, 0x70, 0x8,
    0x0, 0x0, 0x70, 0x0, 0x8, 0x7c, 0xcf, 0xc6,
    0x8b, 0xfb, 0xb2, 0x8, 0x70, 0x9f, 0x60, 0xa,
    0xf6, 0x0, 0x8, 0x78, 0x8d, 0xa6, 0x98, 0xd8,
    0x60, 0x8, 0x98, 0xd, 0x6, 0x90, 0xd0, 0x70,
    0x9, 0x60, 0x43, 0x8, 0x10, 0x45, 0x0, 0xa,
    0x40, 0x3c, 0xd, 0x21, 0xd3, 0x0, 0xc, 0x9d,
    0xde, 0xdf, 0xdd, 0xed, 0xc0, 0xe, 0x0, 0x2,
    0xbf, 0x9b, 0x20, 0x0, 0x3c, 0x4, 0xac, 0x3d,
    0x23, 0xbb, 0x50, 0x47, 0x3b, 0x40, 0xd, 0x20,
    0x3, 0x91,

    /* U+7CDF "糟" */
    0x0, 0x0, 0x0, 0x0, 0x0, 0x0, 0x0, 0x0,
    0x77, 0x0, 0x0, 0xd0, 0xd0, 0x0, 0x19, 0x77,
    0x89, 0xbb, 0xfb, 0xfb, 0xb4, 0xc, 0x77, 0xc2,
    0x33, 0xd3, 0xd3, 0x31, 0xa, 0x99, 0xa0, 0xdb,
    0xfb, 0xfb, 0xd0, 0x3, 0x89, 0x20, 0xd0, 0xd0,
    0xd0, 0xe0, 0x5e, 0xff, 0xe1, 0xfb, 0xfb, 0xfb,
    0xf0, 0x1, 0xca, 0x10, 0xd0, 0xd0, 0xd0, 0xe0,
    0x2, 0xff, 0x40, 0xcc, 0xcc, 0xcc, 0xc0, 0x9,
    0xc8, 0xd0, 0x78, 0x88, 0x88, 0x60, 0x2e, 0x77,
    0x50, 0xe6, 0x33, 0x36, 0xc0, 0x66, 0x77, 0x0,
    0xed, 0xcc, 0xcd, 0xc0, 0x0, 0x77, 0x0, 0xe3,
    0x0, 0x4, 0xc0, 0x0, 0x77, 0x0, 0xdd, 0xcc,
    0xcd, 0xb0,

    /* U+7CE0 "糠" */
    0x0, 0x0, 0x0, 0x0, 0x11, 0x0, 0x0, 0x0,
    0xd1, 0x0, 0x0, 0x79, 0x0, 0x0, 0x54, 0xd2,
    0xb6, 0x77, 0x8f, 0x77, 0x71, 0x29, 0xd6, 0x8e,
    0x66, 0x8f, 0x66, 0x61, 0xc, 0xda, 0x2e, 0x19,
    0xaf, 0x99, 0x20, 0x4, 0xd5, 0xe, 0x3, 0x3e,
    0x3b, 0x40, 0x9e, 0xff, 0xae, 0x6c, 0xcf, 0xcf,
    0xf4, 0x2, 0xf4, 0xe, 0x1, 0x2d, 0x1a, 0x40,
    0x8, 0xfd, 0x2e, 0x2a, 0xbf, 0xaa, 0x20, 0xd,
    0xd4, 0xbd, 0x77, 0x1f, 0x4, 0x90, 0x78, 0xd1,
    0x1d, 0x9, 0x4f, 0xcb, 0x10, 0xa1, 0xd1, 0x4a,
    0x29, 0xbf, 0x7b, 0x10, 0x0, 0xd1, 0x9a, 0xb3,
    0x1f, 0x4, 0xd5, 0x0, 0xd1, 0xb0, 0x4, 0xeb,
    0x0, 0x0, 0x0, 0x0, 0x0, 0x0, 0x0, 0x0,
    0x0,

    /* U+7CEF "糯" */
    0x0, 0x95, 0x0, 0x0, 0x0, 0x0, 0x0, 0x25,
    0x95, 0x95, 0xaa, 0xae, 0xaa, 0x90, 0xb, 0x95,
    0xc9, 0xbb, 0xbe, 0xbb, 0xb2, 0xc, 0x97, 0x9d,
    0x22, 0x2c, 0x22, 0xa4, 0x4, 0x97, 0x36, 0x79,
    0x4c, 0x79, 0x51, 0x5e, 0xff, 0xd1, 0xaa, 0x5c,
    0x8a, 0x40, 0x0, 0xd5, 0x0, 0x0, 0x0, 0x0,
    0x0, 0x3, 0xfd, 0x1a, 0xdd, 0xee, 0xdd, 0xd3,
    0x9, 0xc9, 0xb2, 0x55, 0xb8, 0x55, 0x50, 0x2c,
    0x95, 0x57, 0xb8, 0xe7, 0xe7, 0xf0, 0x64, 0x95,
    0x7, 0x70, 0xc0, 0xd0, 0xf0, 0x0, 0x95, 0x7,
    0x70, 0xc0, 0xd0, 0xf0, 0x0, 0x85, 0x7, 0x70,
    0xc0, 0xd7, 0xd0, 0x0, 0x0, 0x0, 0x0, 0x0,
    0x0, 0x0,

    /* U+7D20 "素" */
    0x0, 0x0, 0x0, 0xc4, 0x0, 0x0, 0x0, 0x9,
    0xdd, 0xdd, 0xfd, 0xdd, 0xdd, 0x50, 0x0, 0x22,
    0x22, 0xc6, 0x22, 0x21, 0x0, 0x0, 0x99, 0x99,
    0xeb, 0x99, 0x95, 0x0, 0x48, 0x88, 0x88, 0xea,
    0x88, 0x88, 0x80, 0x25, 0x55, 0x6e, 0xa5, 0x55,
    0x55, 0x50, 0x0, 0x6, 0xd7, 0x2, 0x8b, 0x0,
    0x0, 0x0, 0xad, 0xce, 0xfd, 0x61, 0x0, 0x0,
    0x0, 0x17, 0xca, 0x52, 0x28, 0xe4, 0x0, 0xa,
    0xfe, 0xdc, 0xdd, 0x98, 0x7d, 0x60, 0x0, 0x8,
    0x60, 0x88, 0x1a, 0x41, 0x0, 0x5, 0xd9, 0x0,
    0x88, 0x3, 0xcb, 0x20, 0x3b, 0x30, 0x6e, 0xe4,
    0x0, 0x6, 0x70, 0x0, 0x0, 0x0, 0x0, 0x0,
    0x0, 0x0,

    /* U+7D2B "紫" */
    0x0, 0x0, 0xf0, 0x1, 0xf0, 0x0, 0x0, 0x2,
    0x70, 0xf0, 0x1, 0xf0, 0x5, 0x70, 0x3, 0xb0,
    0xfd, 0xd4, 0xfa, 0xc9, 0x40, 0x3, 0xb0, 0xf0,
    0x1, 0xf1, 0x0, 0x45, 0x18, 0xeb, 0xfc, 0xc2,
    0xed, 0xdd, 0xe5, 0x17, 0x52, 0x5, 0xd3, 0x5,
    0x11, 0x0, 0x0, 0x4, 0xcc, 0x56, 0xbd, 0x20,
    0x0, 0x0, 0x4d, 0xbb, 0xfe, 0x62, 0x70, 0x0,
    0x0, 0x2, 0x9d, 0x61, 0x13, 0xcb, 0x0, 0x0,
    0xcf, 0xfd, 0xdf, 0xba, 0x9a, 0xc0, 0x0, 0x25,
    0x70, 0x2e, 0x7, 0x80, 0x51, 0x2, 0x9c, 0x20,
    0x2e, 0x0, 0x7d, 0x60, 0x8, 0x60, 0x1e, 0xea,
    0x0, 0x1, 0x81, 0x0, 0x0, 0x0, 0x0, 0x0,
    0x0, 0x0,

    /* U+7EA2 "红" */
    0x0, 0x6, 0x20, 0x0, 0x0, 0x0, 0x0, 0x0,
    0x1f, 0x20, 0x55, 0x55, 0x55, 0x50, 0x0, 0x99,
    0x0, 0xbb, 0xbf, 0xcb, 0xb1, 0x3, 0xe1, 0x44,
    0x0, 0xf, 0x10, 0x0, 0xc, 0x73, 0xd5, 0x0,
    0xf, 0x10, 0x0, 0x6f, 0xdf, 0xa0, 0x0, 0xf,
    0x10, 0x0, 0x0, 0x5d, 0x0, 0x0, 0xf, 0x10,
    0x0, 0x4, 0xe3, 0x32, 0x0, 0xf, 0x10, 0x0,
    0x3f, 0xfe, 0xb5, 0x0, 0xf, 0x10, 0x0, 0x14,
    0x0, 0x0, 0x0, 0xf, 0x10, 0x0, 0x0, 0x14,
    0x85, 0x0, 0xf, 0x10, 0x0, 0x5e, 0xfb, 0x87,
    0xdd, 0xdf, 0xdd, 0xd5, 0x12, 0x0, 0x0, 0x33,
    0x33, 0x33, 0x31,

    /* U+7EA4 "纤" */
    0x0, 0x4, 0x30, 0x0, 0x0, 0x15, 0x10, 0x0,
    0xe, 0x30, 0x48, 0xad, 0xfb, 0x50, 0x0, 0x7b,
    0x0, 0x36, 0x4f, 0x10, 0x0, 0x1, 0xe2, 0x17,
    0x0, 0xe, 0x10, 0x0, 0xb, 0x72, 0xa8, 0x0,
    0xe, 0x10, 0x0, 0x5f, 0xde, 0xc0, 0x11, 0x1f,
    0x31, 0x10, 0x0, 0x3d, 0x12, 0xff, 0xff, 0xff,
    0xf5, 0x3, 0xd3, 0x23, 0x0, 0xe, 0x10, 0x0,
    0x3f, 0xfe, 0xb7, 0x0, 0xe, 0x10, 0x0, 0x14,
    0x10, 0x0, 0x0, 0xe, 0x10, 0x0, 0x0, 0x14,
    0x78, 0x0, 0xe, 0x10, 0x0, 0x4e, 0xda, 0x73,
    0x0, 0xe, 0x10, 0x0, 0x0, 0x0, 0x0, 0x0,
    0xe, 0x10, 0x0,

    /* U+7EA6 "约" */
    0x0, 0x4, 0x10, 0x0, 0x80, 0x0, 0x0, 0x0,
    0xe, 0x20, 0x3, 0xd0, 0x0, 0x0, 0x0, 0x7a,
    0x0, 0x9, 0x80, 0x0, 0x10, 0x1, 0xe1, 0x34,
    0x1f, 0xff, 0xff, 0xf1, 0xb, 0x71, 0xc6, 0x8a,
    0x0, 0x0, 0xe1, 0x4f, 0xdf, 0xa0, 0xb3, 0x0,
    0x0, 0xf0, 0x0, 0x3d, 0x0, 0x7, 0xb0, 0x0,
    0xf0, 0x2, 0xd3, 0x24, 0x0, 0x9b, 0x0, 0xf0,
    0x1e, 0xfe, 0xb8, 0x0, 0xa, 0x61, 0xe0, 0x5,
    0x10, 0x0, 0x0, 0x0, 0x2, 0xd0, 0x0, 0x14,
    0x79, 0x0, 0x0, 0x4, 0xb0, 0x4e, 0xeb, 0x85,
    0x0, 0x0, 0x8, 0x90, 0x1, 0x0, 0x0, 0x0,
    0xf, 0xfe, 0x20, 0x0, 0x0, 0x0, 0x0, 0x0,
    0x0, 0x0,

    /* U+7EA7 "级" */
    0x0, 0xa, 0x20, 0x0, 0x0, 0x0, 0x0, 0x0,
    0x3d, 0x5, 0xff, 0xff, 0xfb, 0x0, 0x0, 0xb6,
    0x0, 0xc, 0x40, 0x97, 0x0, 0x4, 0xc0, 0x74,
    0xd, 0x30, 0xd3, 0x0, 0x1d, 0x54, 0xe1, 0xe,
    0x22, 0xe0, 0x0, 0x4f, 0xcf, 0x60, 0xf, 0x46,
    0xff, 0xe0, 0x0, 0x6b, 0x0, 0x1f, 0xa0, 0x4,
    0xc0, 0x3, 0xe6, 0x95, 0x4c, 0xe2, 0xa, 0x60,
    0x2f, 0xea, 0x50, 0x79, 0x6a, 0x2e, 0x0, 0x14,
    0x0, 0x13, 0xb5, 0xd, 0xe6, 0x0, 0x0, 0x6b,
    0xe7, 0xf0, 0xb, 0xf4, 0x0, 0x2f, 0xb4, 0x9,
    0x91, 0xbb, 0x5e, 0x60, 0x1, 0x0, 0x1e, 0x3e,
    0x80, 0x3, 0xd5, 0x0, 0x0, 0x0, 0x0, 0x0,
    0x0, 0x0,

    /* U+7EAA "纪" */
    0x0, 0x8, 0x50, 0x0, 0x0, 0x0, 0x0, 0x0,
    0x1f, 0x20, 0x9f, 0xff, 0xff, 0x60, 0x0, 0xa8,
    0x0, 0x0, 0x0, 0xb, 0x60, 0x4, 0xd0, 0x28,
    0x0, 0x0, 0xb, 0x60, 0x2d, 0x42, 0xb8, 0x0,
    0x0, 0xb, 0x60, 0x4f, 0xff, 0xc0, 0x1, 0x11,
    0x1b, 0x60, 0x1, 0x5e, 0x10, 0x5f, 0xff, 0xff,
    0x60, 0x4, 0xe2, 0x1, 0x5b, 0x0, 0x7, 0x40,
    0x3f, 0xee, 0xe8, 0x5b, 0x0, 0x0, 0x0, 0x17,
    0x31, 0x0, 0x5b, 0x0, 0x0, 0x10, 0x0, 0x1,
    0x45, 0x5b, 0x0, 0x0, 0xc3, 0x3b, 0xee, 0xb7,
    0x5c, 0x0, 0x0, 0xe1, 0x25, 0x10, 0x0, 0x1d,
    0xff, 0xff, 0xa0,

    /* U+7EAF "纯" */
    0x0, 0x0, 0x0, 0x0, 0x0, 0x0, 0x0, 0x0,
    0xc, 0x10, 0x0, 0x1f, 0x0, 0x0, 0x0, 0x5c,
    0x0, 0x0, 0x1f, 0x0, 0x0, 0x0, 0xc4, 0x3,
    0xff, 0xff, 0xff, 0xf5, 0x5, 0xb0, 0x64, 0x0,
    0x2f, 0x0, 0x0, 0x1e, 0x66, 0xe1, 0xa0, 0x1f,
    0x0, 0xb0, 0x3c, 0xaf, 0x60, 0xe1, 0x1f, 0x0,
    0xf0, 0x0, 0x6b, 0x0, 0xe1, 0x1f, 0x0, 0xf0,
    0x4, 0xe4, 0x64, 0xe1, 0x1f, 0x0, 0xf0, 0x2f,
    0xea, 0x72, 0xef, 0xff, 0xff, 0xf0, 0x2, 0x0,
    0x0, 0x0, 0x2f, 0x1, 0xf0, 0x0, 0x47, 0xb9,
    0x0, 0x1f, 0x0, 0x23, 0x3f, 0xc8, 0x40, 0x0,
    0x1f, 0x0, 0x57, 0x0, 0x0, 0x0, 0x0, 0xc,
    0xff, 0xe2,

    /* U+7EBF "线" */
    0x0, 0xa, 0x10, 0x0, 0xd3, 0x82, 0x0, 0x0,
    0x3d, 0x0, 0x0, 0xd3, 0x3d, 0x30, 0x0, 0xb6,
    0x0, 0x0, 0xc4, 0x36, 0x50, 0x3, 0xd0, 0x85,
    0x9c, 0xfe, 0xb9, 0x50, 0x1d, 0x86, 0xe1, 0x43,
    0xb5, 0x0, 0x0, 0x1c, 0xaf, 0x50, 0x0, 0x99,
    0x69, 0xc0, 0x0, 0x7a, 0x1, 0xad, 0xfe, 0x85,
    0x20, 0x4, 0xd4, 0x63, 0x52, 0x5b, 0x1, 0xc0,
    0x1f, 0xeb, 0x81, 0x0, 0x2e, 0x1c, 0x70, 0x2,
    0x0, 0x0, 0x0, 0xe, 0xe8, 0x0, 0x0, 0x49,
    0xd6, 0x0, 0x7f, 0xa0, 0x21, 0x2f, 0xb6, 0x12,
    0x8e, 0xa3, 0xe3, 0x85, 0x0, 0x0, 0x3, 0x92,
    0x0, 0x5e, 0xd1,

    /* U+7EC4 "组" */
    0x0, 0x6, 0x20, 0x0, 0x0, 0x0, 0x0, 0x0,
    0x1e, 0x10, 0x4f, 0xff, 0xff, 0x30, 0x0, 0x89,
    0x0, 0x4b, 0x0, 0xd, 0x30, 0x1, 0xe1, 0x47,
    0x4b, 0x0, 0xd, 0x30, 0xb, 0xa7, 0xd3, 0x4e,
    0xbb, 0xbf, 0x30, 0x4c, 0x9e, 0x80, 0x4c, 0x44,
    0x4d, 0x30, 0x0, 0x5c, 0x0, 0x4b, 0x0, 0xd,
    0x30, 0x4, 0xd5, 0x65, 0x4b, 0x0, 0xd, 0x30,
    0x2f, 0xeb, 0x73, 0x4f, 0xff, 0xff, 0x30, 0x3,
    0x0, 0x0, 0x4b, 0x0, 0xd, 0x30, 0x0, 0x26,
    0xa7, 0x4b, 0x0, 0xd, 0x30, 0x3e, 0xe9, 0x51,
    0x4b, 0x0, 0xd, 0x30, 0x2, 0x0, 0xb, 0xff,
    0xff, 0xff, 0xf6,

    /* U+7EC6 "细" */
    0x0, 0x7, 0x30, 0x0, 0x0, 0x0, 0x0, 0x0,
    0x1f, 0x20, 0xff, 0xff, 0xff, 0xf1, 0x0, 0x89,
    0x0, 0xf0, 0xe, 0x10, 0xf1, 0x2, 0xe1, 0x25,
    0xf0, 0xe, 0x10, 0xf1, 0xd, 0x84, 0xc7, 0xf0,
    0xe, 0x10, 0xf1, 0x5e, 0xce, 0xb0, 0xf0, 0xe,
    0x10, 0xf1, 0x0, 0x5d, 0x10, 0xff, 0xff, 0xff,
    0xf1, 0x4, 0xd3, 0x33, 0xf0, 0xe, 0x20, 0xf1,
    0x3f, 0xfd, 0xb5, 0xf0, 0xe, 0x10, 0xf1, 0x13,
    0x0, 0x0, 0xf0, 0xe, 0x10, 0xf1, 0x0, 0x3,
    0x66, 0xf0, 0xe, 0x10, 0xf1, 0x4d, 0xfc, 0x84,
    0xff, 0xff, 0xff, 0xf1, 0x13, 0x0, 0x0, 0xf0,
    0x0, 0x0, 0xf1,

    /* U+7ECD "绍" */
    0x0, 0x6, 0x10, 0x0, 0x0, 0x0, 0x0, 0x1,
    0xe0, 0x1e, 0xef, 0xfe, 0xef, 0x0, 0x98, 0x0,
    0x0, 0xb5, 0x0, 0xc0, 0x2e, 0x4, 0x50, 0x1e,
    0x10, 0xc, 0xc, 0x85, 0xe3, 0xa, 0x90, 0x1,
    0xb5, 0xc9, 0xe7, 0x2b, 0xb0, 0x1a, 0xc7, 0x0,
    0x6b, 0x1, 0x60, 0x0, 0x44, 0x0, 0x4e, 0x68,
    0x75, 0xdd, 0xdd, 0xdd, 0x3f, 0xd9, 0x62, 0x6a,
    0x11, 0x12, 0xf0, 0x10, 0x0, 0x6, 0x90, 0x0,
    0x1f, 0x2, 0x69, 0xd9, 0x69, 0x0, 0x1, 0xf5,
    0xd9, 0x51, 0x6, 0xec, 0xcc, 0xcf, 0x0, 0x0,
    0x0, 0x6b, 0x33, 0x34, 0xf0, 0x0, 0x0, 0x0,
    0x0, 0x0, 0x0,

    /* U+7ECF "经" */
    0x0, 0x8, 0x10, 0x0, 0x0, 0x0, 0x0, 0x0,
    0x3e, 0x1, 0xff, 0xff, 0xff, 0x50, 0x0, 0xb6,
    0x0, 0x0, 0x0, 0x8d, 0x0, 0x4, 0xd0, 0x54,
    0x0, 0x8, 0xe1, 0x0, 0xd, 0x54, 0xe3, 0x2,
    0xbf, 0xa1, 0x0, 0x6e, 0xcf, 0x82, 0x9f, 0x81,
    0x8e, 0x91, 0x0, 0x6c, 0x8, 0x81, 0x0, 0x1,
    0x94, 0x4, 0xe4, 0x52, 0x9a, 0xaa, 0xaa, 0x80,
    0x3f, 0xfc, 0x92, 0x45, 0x6f, 0x55, 0x40, 0x13,
    0x0, 0x0, 0x0, 0x2e, 0x0, 0x0, 0x1, 0x48,
    0xc5, 0x0, 0x2e, 0x0, 0x0, 0x5f, 0xb7, 0x24,
    0x66, 0x7f, 0x66, 0x63, 0x0, 0x0, 0xc, 0xff,
    0xff, 0xff, 0xf8,

    /* U+7ED3 "结" */
    0x0, 0x1b, 0x0, 0x0, 0xf, 0x0, 0x0, 0x0,
    0x7c, 0x0, 0x0, 0xf, 0x0, 0x0, 0x0, 0xe4,
    0x4, 0xff, 0xff, 0xff, 0xf3, 0x7, 0xa0, 0x74,
    0x11, 0x1f, 0x11, 0x10, 0x3f, 0x55, 0xf2, 0x0,
    0xf, 0x0, 0x0, 0x5d, 0xbf, 0x60, 0xab, 0xbf,
    0xbb, 0xa0, 0x0, 0x9a, 0x0, 0x45, 0x55, 0x55,
    0x40, 0x6, 0xc0, 0x22, 0x0, 0x0, 0x0, 0x0,
    0x4f, 0xef, 0xd6, 0x9f, 0xee, 0xef, 0x80, 0x17,
    0x30, 0x0, 0x97, 0x0, 0x8, 0x80, 0x0, 0x1,
    0x44, 0x97, 0x0, 0x8, 0x80, 0x4b, 0xee, 0xb5,
    0x99, 0x44, 0x4a, 0x80, 0x35, 0x20, 0x0, 0x9d,
    0xbb, 0xbd, 0x80, 0x0, 0x0, 0x0, 0x0, 0x0,
    0x0, 0x0,

    /* U+7ED9 "给" */
    0x0, 0x6, 0x10, 0x0, 0x7, 0x0, 0x0, 0x0,
    0x1f, 0x10, 0x0, 0x6f, 0x20, 0x0, 0x0, 0x89,
    0x0, 0x0, 0xe8, 0xc0, 0x0, 0x1, 0xe1, 0x44,
    0x9, 0xa0, 0xa9, 0x0, 0xa, 0x82, 0xd5, 0x7d,
    0x10, 0x1d, 0x90, 0x2f, 0xdf, 0xa6, 0xcc, 0xee,
    0xea, 0xc4, 0x0, 0x3e, 0x10, 0x0, 0x0, 0x0,
    0x0, 0x1, 0xe9, 0x85, 0x6d, 0xdd, 0xdd, 0x30,
    0xe, 0xd9, 0x62, 0x89, 0x11, 0x1d, 0x30, 0x3,
    0x0, 0x0, 0x88, 0x0, 0xd, 0x30, 0x1, 0x58,
    0xc9, 0x88, 0x0, 0xd, 0x30, 0x1f, 0xb7, 0x30,
    0x8e, 0xcc, 0xcf, 0x30, 0x0, 0x0, 0x0, 0x8a,
    0x33, 0x3d, 0x30, 0x0, 0x0, 0x0, 0x0, 0x0,
    0x0, 0x0,

    /* U+7EDC "络" */
    0x0, 0x4, 0x0, 0x2, 0x70, 0x0, 0x0, 0x0,
    0x2f, 0x10, 0x9, 0xa3, 0x33, 0x10, 0x0, 0x98,
    0x0, 0x3e, 0xcc, 0xce, 0x90, 0x2, 0xe1, 0x42,
    0xde, 0x20, 0x2e, 0x10, 0xb, 0x62, 0xeb, 0x84,
    0xc3, 0xd4, 0x0, 0x5f, 0xef, 0x80, 0x0, 0xaf,
    0x70, 0x0, 0x11, 0x5d, 0x0, 0x4c, 0xd6, 0xd9,
    0x30, 0x2, 0xe4, 0x59, 0xd6, 0x0, 0x7, 0xe2,
    0x2e, 0xfc, 0x81, 0x7f, 0xff, 0xff, 0x50, 0x15,
    0x0, 0x0, 0x78, 0x0, 0xa, 0x50, 0x0, 0x48,
    0xc5, 0x78, 0x0, 0xa, 0x50, 0x4e, 0xa5, 0x10,
    0x7f, 0xdd, 0xdf, 0x50, 0x0, 0x0, 0x0, 0x79,
    0x11, 0x1b, 0x50, 0x0, 0x0, 0x0, 0x0, 0x0,
    0x0, 0x0,

    /* U+7EE7 "继" */
    0x0, 0x0, 0x0, 0x0, 0x0, 0x0, 0x0, 0x0,
    0xc, 0x0, 0x0, 0x0, 0xe0, 0x0, 0x0, 0x4c,
    0x1, 0xe1, 0x40, 0xe0, 0x51, 0x0, 0xb5, 0x1,
    0xe0, 0xc0, 0xe0, 0xd0, 0x3, 0xd0, 0x42, 0xe0,
    0xa2, 0xe5, 0x70, 0xc, 0x41, 0xe3, 0xe0, 0x31,
    0xe3, 0x10, 0x4f, 0xdf, 0x81, 0xe7, 0xde, 0xfd,
    0xd6, 0x2, 0x4d, 0x1, 0xe0, 0xa, 0xf8, 0x0,
    0x1, 0xd2, 0x12, 0xe0, 0x3a, 0xea, 0x50, 0x1d,
    0xee, 0xd4, 0xe0, 0xd2, 0xe0, 0xd2, 0x8, 0x30,
    0x1, 0xe5, 0x70, 0xe0, 0x31, 0x0, 0x24, 0x75,
    0xe0, 0x0, 0xe0, 0x0, 0x2c, 0xa7, 0x52, 0xfc,
    0xcc, 0xec, 0xc5, 0x0, 0x0, 0x0, 0x22, 0x22,
    0x22, 0x21,

    /* U+7EED "续" */
    0x0, 0xb, 0x0, 0x0, 0x5a, 0x0, 0x0, 0x0,
    0x4c, 0x0, 0x9a, 0xce, 0xaa, 0x30, 0x0, 0xb4,
    0x0, 0x33, 0x8b, 0x33, 0x10, 0x4, 0xb0, 0xa3,
    0x66, 0xac, 0x66, 0x60, 0x1d, 0x68, 0xa3, 0x77,
    0x78, 0x79, 0xc0, 0x3b, 0x9f, 0x20, 0x1c, 0x2f,
    0x8, 0x60, 0x0, 0x97, 0x2, 0x92, 0x6f, 0x1,
    0x0, 0x5, 0xe8, 0xb0, 0x59, 0xf, 0x0, 0x0,
    0x2f, 0xa6, 0x18, 0xbb, 0xcf, 0xbb, 0xb0, 0x1,
    0x1, 0x52, 0x33, 0xc9, 0x43, 0x30, 0x5, 0xae,
    0x80, 0x6, 0xe3, 0xd5, 0x0, 0x2b, 0x50, 0x1,
    0xad, 0x20, 0x1c, 0x80, 0x0, 0x0, 0x9, 0x80,
    0x0, 0x0, 0xa1,

    /* U+7EFF "绿" */
    0x0, 0x5, 0x0, 0x0, 0x0, 0x0, 0x0, 0x0,
    0x5d, 0x0, 0xbe, 0xee, 0xef, 0x70, 0x0, 0xb6,
    0x0, 0x0, 0x0, 0x9, 0x60, 0x3, 0xd0, 0x70,
    0x6d, 0xdd, 0xdf, 0x60, 0xc, 0x66, 0xd0, 0x0,
    0x0, 0xb, 0x50, 0x5e, 0xcf, 0x43, 0xee, 0xee,
    0xef, 0xf6, 0x0, 0x89, 0x0, 0x30, 0xf, 0x0,
    0x20, 0x4, 0xd3, 0x40, 0xa9, 0xf, 0x7, 0xc1,
    0x2f, 0xfb, 0x70, 0x9, 0x3f, 0xca, 0x0, 0x13,
    0x0, 0x0, 0x6, 0xdf, 0xd3, 0x0, 0x1, 0x59,
    0xd3, 0xca, 0x1f, 0x2d, 0x70, 0x3e, 0xa5, 0x15,
    0x50, 0xf, 0x1, 0xa4, 0x0, 0x0, 0x0, 0x4,
    0xec, 0x0, 0x0,

    /* U+7F00 "缀" */
    0x0, 0x16, 0x0, 0x0, 0x0, 0x0, 0x0, 0x0,
    0x69, 0xc, 0xde, 0xa9, 0xdd, 0xf1, 0x0, 0xc2,
    0x1, 0x6, 0x62, 0x2, 0xc0, 0x4, 0xb0, 0x76,
    0xcd, 0x8, 0xcb, 0x50, 0xc, 0x47, 0xa0, 0xae,
    0x40, 0x9f, 0x50, 0x3e, 0xcf, 0x2a, 0xa1, 0x59,
    0xc2, 0xc1, 0x0, 0x87, 0x6, 0x0, 0x6, 0x0,
    0x0, 0x3, 0xc4, 0x6e, 0xee, 0xae, 0xee, 0xf3,
    0x1e, 0xea, 0x50, 0x6, 0x6b, 0x20, 0xe0, 0x4,
    0x0, 0x1a, 0x8c, 0x15, 0xa7, 0x80, 0x1, 0x6c,
    0xc0, 0xcd, 0x10, 0xce, 0x0, 0x3e, 0x93, 0x9,
    0xa5, 0x76, 0xee, 0x50, 0x0, 0x0, 0xb8, 0x0,
    0xab, 0x12, 0xd6, 0x0, 0x0, 0x0, 0x0, 0x0,
    0x0, 0x0,

    /* U+7F13 "缓" */
    0x0, 0x8, 0x0, 0x0, 0x23, 0x57, 0x50, 0x0,
    0x5d, 0x8, 0xdc, 0xcb, 0x88, 0x50, 0x0, 0xc5,
    0x0, 0xb0, 0x76, 0xa, 0x70, 0x5, 0xc0, 0x72,
    0x93, 0x47, 0x3c, 0x0, 0x1e, 0x55, 0xe8, 0xef,
    0xee, 0xee, 0xe2, 0x6e, 0xcf, 0x50, 0xe, 0x10,
    0x0, 0x0, 0x0, 0x89, 0x1e, 0xef, 0xee, 0xee,
    0xe4, 0x5, 0xc1, 0x40, 0x2d, 0x0, 0x0, 0x0,
    0x3f, 0xfe, 0xb1, 0x6f, 0xdd, 0xdf, 0x40, 0x15,
    0x10, 0x0, 0xbe, 0x50, 0x2d, 0x0, 0x0, 0x27,
    0xc5, 0xd2, 0xe6, 0xd4, 0x0, 0x4d, 0xd7, 0x3d,
    0x50, 0x8f, 0xd3, 0x0, 0x23, 0x0, 0xb8, 0x7e,
    0xa2, 0x7d, 0xd4, 0x0, 0x0, 0x10, 0x10, 0x0,
    0x0, 0x30,

    /* U+7F18 "缘" */
    0x0, 0x8, 0x10, 0x2b, 0x0, 0x0, 0x0, 0x0,
    0x1d, 0x0, 0x5e, 0xcc, 0xdc, 0x0, 0x0, 0x96,
    0x0, 0x96, 0x0, 0x5a, 0x0, 0x2, 0xc0, 0x60,
    0xac, 0xcc, 0xe7, 0x0, 0xc, 0x33, 0xc1, 0x11,
    0x11, 0xb5, 0x10, 0x3f, 0xef, 0x3b, 0xcc, 0xfd,
    0xcc, 0xc4, 0x2, 0x79, 0x0, 0x4c, 0xd0, 0x1,
    0x60, 0x3, 0xc3, 0x5a, 0x92, 0xb8, 0x7d, 0x50,
    0x1e, 0xfb, 0x60, 0x3a, 0x9e, 0x7c, 0x0, 0x4,
    0x0, 0x26, 0xa2, 0x3e, 0x5c, 0x10, 0x1, 0x7c,
    0xb0, 0x18, 0xb9, 0x76, 0x80, 0x2e, 0x81, 0x8,
    0xd6, 0xa, 0x50, 0xd3, 0x0, 0x0, 0x2, 0x5,
    0xec, 0x0, 0x10, 0x0, 0x0, 0x0, 0x0, 0x0,
    0x0, 0x0,

    /* U+7F29 "缩" */
    0x0, 0x5, 0x0, 0x0, 0x42, 0x0, 0x0, 0x0,
    0x4d, 0x2, 0x33, 0x7c, 0x33, 0x30, 0x0, 0xa5,
    0xe, 0xbb, 0xbb, 0xbb, 0xe4, 0x2, 0xd0, 0x3e,
    0x31, 0x0, 0x0, 0xa3, 0xb, 0x66, 0xb1, 0xba,
    0xee, 0xee, 0xe0, 0x5d, 0xbf, 0x22, 0xd0, 0x6,
    0x90, 0x0, 0x0, 0x78, 0xa, 0xb1, 0xef, 0xfe,
    0xc0, 0x2, 0xd5, 0x8e, 0xb2, 0xc0, 0x0, 0xe0,
    0x2e, 0xfa, 0x55, 0xb2, 0xc0, 0x0, 0xe0, 0x24,
    0x0, 0x3, 0xb2, 0xfd, 0xdd, 0xe0, 0x0, 0x4a,
    0xc3, 0xb2, 0xc0, 0x0, 0xe0, 0x3e, 0xc6, 0x3,
    0xb2, 0xd3, 0x34, 0xe0, 0x13, 0x0, 0x3, 0xb2,
    0xea, 0xaa, 0xe0, 0x0, 0x0, 0x0, 0x10, 0x10,
    0x0, 0x0,

    /* U+7F50 "罐" */
    0x5, 0x70, 0x0, 0x9, 0x30, 0x2c, 0x0, 0x9,
    0x61, 0x16, 0xde, 0xdd, 0xdf, 0xd9, 0xd, 0xde,
    0xc3, 0x8, 0x30, 0x2a, 0x0, 0x4a, 0x4a, 0x0,
    0xcb, 0xd1, 0xdb, 0xc2, 0x32, 0x4a, 0x0, 0xc0,
    0xd2, 0xe0, 0x92, 0x5c, 0xde, 0xc8, 0xae, 0xa4,
    0xba, 0xa1, 0x1, 0x5a, 0x11, 0x4b, 0x7, 0xb0,
    0x0, 0x9, 0x4a, 0x54, 0xec, 0xac, 0xfa, 0xa2,
    0xc, 0x4a, 0x7f, 0xdb, 0x9b, 0xf9, 0x70, 0xc,
    0x4a, 0x76, 0x86, 0x26, 0xe2, 0x20, 0xd, 0x7d,
    0xc4, 0x8c, 0xac, 0xfa, 0x90, 0xa, 0x86, 0x94,
    0x8a, 0x7a, 0xe7, 0x75, 0x0, 0x0, 0x0, 0x88,
    0x55, 0x55, 0x53,

    /* U+7F51 "网" */
    0xef, 0xff, 0xff, 0xff, 0xff, 0xf7, 0xe2, 0x0,
    0x0, 0x0, 0x0, 0x97, 0xe2, 0x0, 0xa4, 0x0,
    0xc2, 0x97, 0xe5, 0xb0, 0xd5, 0xa0, 0xe0, 0x97,
    0xe2, 0x99, 0xd0, 0xa9, 0xc0, 0x97, 0xe2, 0xd,
    0x90, 0x1e, 0x80, 0x97, 0xe2, 0xb, 0xd0, 0xd,
    0xb0, 0x97, 0xe2, 0x3d, 0x88, 0x4c, 0xb5, 0x97,
    0xe2, 0xc5, 0x5, 0xd4, 0x3a, 0x97, 0xe9, 0xa0,
    0x9, 0x90, 0x0, 0x97, 0xe2, 0x0, 0x2, 0x0,
    0x0, 0xa6, 0xe2, 0x0, 0x0, 0x0, 0xcf, 0xd3,

    /* U+7F57 "罗" */
    0x4f, 0xee, 0xfe, 0xef, 0xee, 0xec, 0x4c, 0x0,
    0xf0, 0xe, 0x10, 0x4c, 0x4c, 0x0, 0xf0, 0xe,
    0x10, 0x4c, 0x3e, 0xee, 0xfe, 0xee, 0xee, 0xea,
    0x0, 0x1, 0xe4, 0x0, 0x0, 0x0, 0x0, 0x2d,
    0xff, 0xff, 0xff, 0xd0, 0x7, 0xe5, 0x0, 0x0,
    0xa, 0x90, 0x3a, 0x14, 0xd2, 0x0, 0x7d, 0x0,
    0x0, 0x0, 0x4e, 0x39, 0xd1, 0x0, 0x0, 0x0,
    0xa, 0xfa, 0x10, 0x0, 0x2, 0x5a, 0xeb, 0x30,
    0x0, 0x0, 0x6e, 0xb6, 0x10, 0x0, 0x0, 0x0,
    0x0, 0x0, 0x0, 0x0, 0x0, 0x0,

    /* U+7F6E "置" */
    0x5, 0xec, 0xcf, 0xcc, 0xfc, 0xce, 0x80, 0x5,
    0xb3, 0x5d, 0x33, 0xe4, 0x39, 0x80, 0x3, 0x99,
    0x99, 0xeb, 0x99, 0x99, 0x40, 0xa, 0xaa, 0xaa,
    0xeb, 0xaa, 0xaa, 0x90, 0x3, 0x33, 0x33, 0xf3,
    0x33, 0x33, 0x20, 0x0, 0x5e, 0xbb, 0xbb, 0xbb,
    0xe4, 0x0, 0x0, 0x5d, 0x77, 0x77, 0x77, 0xd5,
    0x0, 0x0, 0x5b, 0x22, 0x22, 0x22, 0xc5, 0x0,
    0x0, 0x5e, 0xaa, 0xaa, 0xaa, 0xe5, 0x0, 0x0,
    0x5d, 0x88, 0x88, 0x88, 0xe5, 0x0, 0x0, 0x5b,
    0x11, 0x11, 0x11, 0xc5, 0x0, 0x3f, 0xff, 0xff,
    0xff, 0xff, 0xff, 0xf3,

    /* U+7F8E "美" */
    0x0, 0x6, 0x50, 0x0, 0x5, 0x60, 0x0, 0x0,
    0x2, 0xe1, 0x0, 0x1e, 0x30, 0x0, 0x8, 0xcc,
    0xfc, 0xcc, 0xef, 0xcc, 0x80, 0x0, 0x0, 0x0,
    0x98, 0x0, 0x0, 0x0, 0x0, 0xde, 0xee, 0xff,
    0xee, 0xee, 0x0, 0x0, 0x0, 0x0, 0x98, 0x0,
    0x0, 0x0, 0x29, 0x99, 0x99, 0xdd, 0x99, 0x99,
    0x92, 0x15, 0x55, 0x55, 0xd9, 0x55, 0x55, 0x51,
    0xb, 0xdd, 0xdd, 0xfd, 0xdd, 0xdd, 0xd1, 0x2,
    0x22, 0x27, 0xed, 0x62, 0x22, 0x20, 0x0, 0x0,
    0x4e, 0x43, 0xe6, 0x0, 0x0, 0x3, 0x7c, 0xd4,
    0x0, 0x2c, 0xd8, 0x40, 0x1c, 0x94, 0x0, 0x0,
    0x0, 0x49, 0xc1,

    /* U+7FB9 "羹" */
    0x0, 0x3, 0xa0, 0x0, 0xa, 0x40, 0x0, 0x4,
    0xbb, 0xfc, 0xbb, 0xcf, 0xbb, 0x60, 0x0, 0x35,
    0x55, 0xaa, 0x55, 0x55, 0x0, 0x0, 0x35, 0x55,
    0xaa, 0x55, 0x55, 0x0, 0xb, 0xdb, 0xbc, 0xbc,
    0xcb, 0xcd, 0xb1, 0x7, 0xc3, 0x2d, 0x4, 0xb2,
    0x5c, 0x60, 0x1b, 0x8a, 0xea, 0x88, 0x9d, 0xb8,
    0x90, 0x2, 0x44, 0x44, 0xaa, 0x44, 0x44, 0x20,
    0x0, 0x9a, 0xaa, 0xdc, 0xaa, 0xa9, 0x0, 0x4,
    0xaa, 0xaa, 0xdc, 0xaa, 0xaa, 0x50, 0x4b, 0xbb,
    0xbb, 0xed, 0xbb, 0xbb, 0xb0, 0x0, 0x0, 0x4c,
    0x88, 0xa4, 0x0, 0x0, 0x2c, 0xcb, 0x83, 0x0,
    0x28, 0xbc, 0xc1, 0x0, 0x0, 0x0, 0x0, 0x0,
    0x0, 0x0,

    /* U+7FC5 "翅" */
    0x0, 0x1e, 0x0, 0x0, 0x0, 0x0, 0x0, 0x0,
    0x1e, 0x0, 0xee, 0xf8, 0xee, 0xf0, 0x4f, 0xff,
    0xfc, 0x30, 0xc3, 0x30, 0xf0, 0x0, 0x1e, 0x0,
    0xa3, 0xc3, 0xc1, 0xf0, 0x0, 0x1e, 0x0, 0x2b,
    0xc3, 0x58, 0xf0, 0x2b, 0xbf, 0xb7, 0x2, 0xc3,
    0x0, 0xf0, 0xb, 0x63, 0x89, 0x4, 0xe3, 0x1b,
    0xf0, 0x7, 0x70, 0xa4, 0x8c, 0xd5, 0xd5, 0xf0,
    0x1, 0xd1, 0xe1, 0x90, 0xc3, 0x20, 0xf0, 0x0,
    0xad, 0x70, 0x0, 0xc3, 0x0, 0xf0, 0x0, 0x6f,
    0x40, 0x5d, 0xd1, 0xad, 0xc0, 0x4, 0xe6, 0xea,
    0x41, 0x0, 0x0, 0x0, 0x2e, 0x30, 0x6, 0xbe,
    0xff, 0xff, 0xf5, 0x0, 0x0, 0x0, 0x0, 0x0,
    0x0, 0x0,

    /* U+7FE0 "翠" */
    0x6, 0xdd, 0xde, 0x7b, 0xdd, 0xde, 0x90, 0x0,
    0xa8, 0x17, 0x72, 0xc7, 0x15, 0xa0, 0x0, 0x7,
    0x9c, 0x70, 0x17, 0x9b, 0xa0, 0x4, 0xcb, 0x69,
    0x75, 0xcb, 0x67, 0xa0, 0x1, 0x10, 0x1, 0x97,
    0x10, 0x1, 0x30, 0x6, 0xdd, 0xed, 0xde, 0xde,
    0xdd, 0xc0, 0x0, 0x0, 0xd3, 0x0, 0x1e, 0x10,
    0x0, 0x0, 0x2c, 0x9d, 0x42, 0xca, 0xc4, 0x0,
    0x0, 0xa4, 0x1, 0x7b, 0x40, 0x29, 0x0, 0x3e,
    0xee, 0xee, 0xff, 0xee, 0xee, 0xe3, 0x0, 0x0,
    0x0, 0x88, 0x0, 0x0, 0x0, 0x0, 0x0, 0x0,
    0x88, 0x0, 0x0, 0x0,

    /* U+7FFB "翻" */
    0x0, 0x2, 0x46, 0x10, 0x0, 0x0, 0x0, 0x2b,
    0xce, 0xa7, 0x2c, 0xee, 0xae, 0xf0, 0x6, 0x4b,
    0x2b, 0x30, 0xd, 0x0, 0xd0, 0x15, 0x8c, 0x6d,
    0x16, 0xd, 0x51, 0xd0, 0x5a, 0xbf, 0xda, 0x57,
    0x4d, 0x57, 0xd0, 0x0, 0xbe, 0xb9, 0x2, 0xad,
    0xc, 0xd0, 0x1c, 0x5b, 0x26, 0xa0, 0x3d, 0x2,
    0xd0, 0x5a, 0x7d, 0x87, 0x50, 0x6e, 0x4, 0xf0,
    0xd, 0x4c, 0x57, 0x97, 0xbe, 0x6b, 0xe0, 0xd,
    0xbe, 0xcc, 0x97, 0xd, 0x40, 0xd0, 0xd, 0xb,
    0x24, 0x90, 0xd, 0x0, 0xd0, 0xd, 0x8d, 0x9a,
    0x90, 0xd, 0x0, 0xd0, 0xd, 0x55, 0x58, 0x92,
    0xea, 0x2e, 0xc0,

    /* U+8001 "老" */
    0x0, 0x0, 0x4, 0xc0, 0x0, 0x2, 0x0, 0x0,
    0x0, 0x4, 0xc0, 0x0, 0x1e, 0x50, 0x0, 0xff,
    0xff, 0xff, 0xff, 0xc9, 0x0, 0x0, 0x0, 0x4,
    0xc0, 0x1c, 0xa0, 0x0, 0x0, 0x0, 0x4, 0xc1,
    0xca, 0x0, 0x0, 0x4f, 0xff, 0xff, 0xff, 0xff,
    0xff, 0xf4, 0x0, 0x0, 0x8, 0xe6, 0x0, 0x0,
    0x0, 0x0, 0x4, 0xde, 0x20, 0x1, 0x70, 0x0,
    0x5, 0xcd, 0x9c, 0x5, 0xae, 0x92, 0x0, 0x3c,
    0x60, 0x4f, 0xea, 0x50, 0x0, 0x0, 0x0, 0x0,
    0x4d, 0x0, 0x0, 0x3, 0x70, 0x0, 0x0, 0x4d,
    0x0, 0x0, 0x7, 0xa0, 0x0, 0x0, 0x1c, 0xff,
    0xff, 0xfe, 0x30,

    /* U+8003 "考" */
    0x0, 0x0, 0x1, 0xe0, 0x0, 0x0, 0x0, 0x0,
    0x0, 0x1, 0xe0, 0x0, 0xb, 0x40, 0x0, 0xae,
    0xee, 0xfe, 0xee, 0xa9, 0x0, 0x0, 0x0, 0x1,
    0xe0, 0x1b, 0x90, 0x0, 0x9, 0x99, 0x9a, 0xf9,
    0xee, 0x99, 0x92, 0x4, 0x55, 0x55, 0xce, 0x65,
    0x55, 0x51, 0x0, 0x0, 0x5d, 0xe5, 0x44, 0x44,
    0x0, 0x0, 0x5d, 0xef, 0x99, 0x99, 0x98, 0x0,
    0x2e, 0xc4, 0x88, 0x0, 0x0, 0x0, 0x0, 0x2,
    0x0, 0xdd, 0xdd, 0xdd, 0xf2, 0x0, 0x0, 0x0,
    0x0, 0x0, 0x1, 0xf0, 0x0, 0x0, 0x0, 0x0,
    0x0, 0x6, 0xb0, 0x0, 0x0, 0x0, 0x0, 0xbf,
    0xee, 0x30, 0x0, 0x0, 0x0, 0x0, 0x0, 0x0,
    0x0, 0x0,

    /* U+8005 "者" */
    0x0, 0x0, 0x6, 0xa0, 0x0, 0x2, 0x0, 0x0,
    0x0, 0x6, 0xa0, 0x0, 0x1e, 0x40, 0x0, 0xee,
    0xef, 0xfe, 0xef, 0xe7, 0x0, 0x0, 0x0, 0x6,
    0xa0, 0x2d, 0x70, 0x0, 0x17, 0x77, 0x7b, 0xc8,
    0xed, 0x77, 0x71, 0x17, 0x77, 0x78, 0xfd, 0x77,
    0x77, 0x71, 0x0, 0x0, 0x6e, 0x90, 0x0, 0x0,
    0x0, 0x0, 0x6e, 0xff, 0xee, 0xee, 0xe7, 0x0,
    0x3f, 0xb8, 0xc0, 0x0, 0x0, 0x98, 0x0, 0x1,
    0x4, 0xfc, 0xcc, 0xcc, 0xe8, 0x0, 0x0, 0x4,
    0xc1, 0x11, 0x11, 0x98, 0x0, 0x0, 0x4, 0xc0,
    0x0, 0x0, 0x98, 0x0, 0x0, 0x4, 0xfe, 0xee,
    0xee, 0xf8, 0x0, 0x0, 0x0, 0x0, 0x0, 0x0,
    0x0, 0x0,

    /* U+8033 "耳" */
    0x4f, 0xff, 0xff, 0xff, 0xff, 0xff, 0xd0, 0x1,
    0xf0, 0x0, 0x0, 0x7b, 0x0, 0x0, 0x1f, 0x0,
    0x0, 0x7, 0xb0, 0x0, 0x1, 0xff, 0xff, 0xff,
    0xfb, 0x0, 0x0, 0x1f, 0x0, 0x0, 0x7, 0xb0,
    0x0, 0x1, 0xf0, 0x0, 0x0, 0x7b, 0x0, 0x0,
    0x1f, 0xff, 0xff, 0xff, 0xb0, 0x0, 0x1, 0xf0,
    0x0, 0x0, 0x7b, 0x0, 0x0, 0x1f, 0x0, 0x0,
    0x7, 0xb2, 0x33, 0x79, 0xfa, 0xbc, 0xde, 0xff,
    0xec, 0x49, 0x87, 0x65, 0x42, 0x17, 0xb0, 0x0,
    0x0, 0x0, 0x0, 0x0, 0x7b, 0x0,

    /* U+8054 "联" */
    0x0, 0x0, 0x0, 0x3, 0x0, 0x3, 0x0, 0x4e,
    0xec, 0xec, 0xd, 0x50, 0x1e, 0x20, 0x9, 0x50,
    0xa5, 0x3, 0xd0, 0xa8, 0x0, 0x9, 0x50, 0xa5,
    0x7b, 0xbb, 0xfb, 0x90, 0x9, 0xee, 0xf5, 0x35,
    0x6f, 0x55, 0x40, 0x9, 0x50, 0xa5, 0x0, 0x1f,
    0x0, 0x0, 0x9, 0x71, 0xa5, 0x11, 0x3f, 0x11,
    0x10, 0x9, 0xdc, 0xe5, 0xdd, 0xef, 0xdd, 0xd5,
    0x9, 0x50, 0xa5, 0x0, 0x6f, 0x20, 0x0, 0x9,
    0x74, 0xcb, 0x40, 0xcc, 0xa0, 0x0, 0x5f, 0xda,
    0xd8, 0x15, 0xd0, 0xd5, 0x0, 0x0, 0x0, 0xa5,
    0x4e, 0x30, 0x2e, 0x60, 0x0, 0x0, 0xa7, 0xd3,
    0x0, 0x2, 0xc3, 0x0, 0x0, 0x0, 0x0, 0x0,
    0x0, 0x0,

    /* U+805A "聚" */
    0x18, 0xe7, 0x7c, 0xa6, 0xdd, 0xdd, 0xb0, 0x1,
    0xfc, 0xce, 0x60, 0x40, 0x9, 0x90, 0x1, 0xd0,
    0x9, 0x62, 0xbb, 0x7e, 0x10, 0x1, 0xfb, 0xbe,
    0x60, 0xb, 0xf9, 0x0, 0x4, 0xe5, 0x7c, 0xd6,
    0xcc, 0x3a, 0xc0, 0x4a, 0x86, 0x49, 0x66, 0x74,
    0x64, 0x50, 0x2, 0xcd, 0xdd, 0xfe, 0xa8, 0x63,
    0x0, 0x0, 0x12, 0x56, 0xba, 0x0, 0x3c, 0x60,
    0x19, 0xcb, 0x72, 0xaf, 0x9b, 0xa2, 0x0, 0x2,
    0x2, 0x8d, 0xd9, 0x8d, 0x50, 0x0, 0x29, 0xdc,
    0x60, 0xa9, 0x2, 0x9e, 0xb5, 0x4, 0x10, 0x0,
    0xa9, 0x0, 0x0, 0x21,

    /* U+8083 "肃" */
    0x0, 0x0, 0x0, 0xc4, 0x0, 0x0, 0x0, 0x0,
    0xee, 0xee, 0xff, 0xee, 0xed, 0x0, 0x0, 0x0,
    0x0, 0xc4, 0x0, 0x3e, 0x0, 0x5d, 0xdd, 0xdd,
    0xfe, 0xdd, 0xdf, 0xd3, 0x0, 0x0, 0x0, 0xc4,
    0x0, 0x3e, 0x0, 0x0, 0xcc, 0xcc, 0xfd, 0xcc,
    0xde, 0x0, 0x0, 0x11, 0x11, 0xc6, 0x11, 0x11,
    0x0, 0x0, 0xd1, 0x21, 0xc4, 0x31, 0xc, 0x20,
    0x0, 0xe1, 0x94, 0xc4, 0x87, 0xd, 0x20, 0x0,
    0xf0, 0xd1, 0xc4, 0x3c, 0xd, 0x20, 0x3, 0xc2,
    0xc0, 0xc4, 0xe, 0x1d, 0x20, 0xb, 0x60, 0x20,
    0xc4, 0x1, 0xd, 0x20, 0x5b, 0x0, 0x0, 0xc4,
    0x0, 0xd, 0x20, 0x0, 0x0, 0x0, 0x0, 0x0,
    0x0, 0x0,

    /* U+8089 "肉" */
    0x0, 0x0, 0xc, 0x50, 0x0, 0x0, 0x0, 0x0,
    0xe, 0x30, 0x0, 0x0, 0xce, 0xee, 0xef, 0xee,
    0xee, 0xf6, 0xe4, 0x11, 0x7e, 0x21, 0x11, 0xa7,
    0xe2, 0x0, 0xdc, 0xe5, 0x0, 0x97, 0xe2, 0x1b,
    0xb0, 0x4e, 0xa1, 0x97, 0xe3, 0xd8, 0xc, 0x20,
    0xa5, 0x97, 0xe2, 0x0, 0x3f, 0x0, 0x0, 0x97,
    0xe2, 0x0, 0xbd, 0xc2, 0x0, 0x97, 0xe2, 0x9,
    0xc0, 0x6f, 0x60, 0x97, 0xe3, 0xda, 0x0, 0x3,
    0xe4, 0x97, 0xe2, 0x10, 0x0, 0x0, 0x10, 0xa6,
    0xe2, 0x0, 0x0, 0x0, 0xef, 0xe3, 0x0, 0x0,
    0x0, 0x0, 0x0, 0x0,

    /* U+808B "肋" */
    0x0, 0x0, 0x0, 0x0, 0x4c, 0x0, 0x0, 0x7,
    0xff, 0xf7, 0x0, 0x4c, 0x0, 0x0, 0x7, 0x80,
    0x87, 0x0, 0x4c, 0x0, 0x0, 0x7, 0x80, 0x87,
    0x36, 0x9d, 0x66, 0x70, 0x7, 0xff, 0xf7, 0x6a,
    0xce, 0xaa, 0xf2, 0x7, 0x80, 0x87, 0x0, 0x6a,
    0x0, 0xf1, 0x7, 0x70, 0x87, 0x0, 0x88, 0x0,
    0xf1, 0x8, 0xed, 0xe7, 0x0, 0xb6, 0x0, 0xf0,
    0x9, 0x72, 0x97, 0x0, 0xf2, 0x0, 0xf0, 0xa,
    0x40, 0x87, 0x4, 0xe0, 0x1, 0xf0, 0xc, 0x20,
    0x87, 0xc, 0x80, 0x3, 0xd0, 0x1e, 0x0, 0x87,
    0x8f, 0x10, 0x6, 0xb0, 0x48, 0xd, 0xf6, 0xd5,
    0x7, 0xff, 0x50, 0x0, 0x0, 0x0, 0x0, 0x0,
    0x0, 0x0,

    /* U+809A "肚" */
    0x0, 0x0, 0x0, 0x0, 0xe, 0x20, 0x0, 0x7,
    0xff, 0xf7, 0x0, 0xe, 0x20, 0x0, 0x7, 0x80,
    0x87, 0x0, 0xe, 0x20, 0x0, 0x7, 0x80, 0x87,
    0x0, 0xe, 0x20, 0x0, 0x7, 0xdb, 0xe7, 0x12,
    0x2f, 0x42, 0x20, 0x7, 0x93, 0xa7, 0xae, 0xef,
    0xee, 0xe2, 0x7, 0x70, 0x87, 0x0, 0xe, 0x20,
    0x0, 0x7, 0xed, 0xe7, 0x0, 0xe, 0x20, 0x0,
    0x8, 0x72, 0xa7, 0x0, 0xe, 0x20, 0x0, 0xa,
    0x40, 0x87, 0x0, 0xe, 0x20, 0x0, 0xd, 0x20,
    0x87, 0x0, 0xe, 0x20, 0x0, 0x1e, 0x0, 0x89,
    0xaa, 0xaf, 0xba, 0xa4, 0x4a, 0xd, 0xf5, 0x66,
    0x66, 0x66, 0x62, 0x0, 0x0, 0x0, 0x0, 0x0,
    0x0, 0x0,

    /* U+809D "肝" */
    0x6, 0xff, 0xf7, 0x9f, 0xff, 0xff, 0xe0, 0x6,
    0x80, 0x87, 0x0, 0xe, 0x20, 0x0, 0x6, 0x80,
    0x87, 0x0, 0xe, 0x20, 0x0, 0x6, 0xff, 0xf7,
    0x0, 0xe, 0x20, 0x0, 0x6, 0x80, 0x87, 0x44,
    0x4f, 0x64, 0x41, 0x6, 0x80, 0x88, 0xbb, 0xbf,
    0xbb, 0xb4, 0x7, 0xed, 0xe7, 0x0, 0xe, 0x20,
    0x0, 0x8, 0x82, 0x97, 0x0, 0xe, 0x20, 0x0,
    0x9, 0x50, 0x87, 0x0, 0xe, 0x20, 0x0, 0xc,
    0x20, 0x87, 0x0, 0xe, 0x20, 0x0, 0xe, 0x0,
    0x87, 0x0, 0xe, 0x20, 0x0, 0x49, 0xd, 0xf4,
    0x0, 0xe, 0x20, 0x0, 0x0, 0x0, 0x0, 0x0,
    0x0, 0x0, 0x0,

    /* U+80A0 "肠" */
    0x0, 0x0, 0x0, 0x0, 0x0, 0x0, 0x0, 0x6,
    0xff, 0xf3, 0xff, 0xff, 0xff, 0x30, 0x6, 0x80,
    0xb3, 0x0, 0x3, 0xe7, 0x0, 0x6, 0x80, 0xb3,
    0x0, 0x5e, 0x40, 0x0, 0x6, 0xec, 0xf3, 0x1a,
    0xc2, 0x0, 0x0, 0x6, 0x93, 0xc3, 0xdf, 0xff,
    0xff, 0xf2, 0x6, 0x70, 0xb3, 0x1, 0xe0, 0xc3,
    0xc1, 0x7, 0xed, 0xf3, 0x9, 0x72, 0xd0, 0xd0,
    0x8, 0x82, 0xc3, 0x6c, 0x9, 0x70, 0xd0, 0x9,
    0x50, 0xb5, 0xb1, 0x3d, 0x0, 0xd0, 0xb, 0x20,
    0xb3, 0x1, 0xd4, 0x3, 0xb0, 0xe, 0x0, 0xb3,
    0x1c, 0x60, 0x7, 0x80, 0x3a, 0xf, 0xd2, 0xd6,
    0x4, 0xed, 0x20, 0x0, 0x0, 0x0, 0x0, 0x0,
    0x0, 0x0,

    /* U+80A5 "肥" */
    0x7, 0xff, 0xf6, 0x7f, 0xef, 0xee, 0xf0, 0x7,
    0x80, 0x96, 0x79, 0xe, 0x0, 0xf0, 0x7, 0x80,
    0x96, 0x79, 0xe, 0x0, 0xf0, 0x7, 0xfe, 0xf6,
    0x79, 0xe, 0x0, 0xf0, 0x7, 0x80, 0x96, 0x79,
    0xe, 0x0, 0xf0, 0x7, 0x70, 0x96, 0x7f, 0xff,
    0xff, 0xf0, 0x7, 0xfe, 0xf6, 0x79, 0x0, 0x0,
    0xb0, 0x8, 0x71, 0x96, 0x79, 0x0, 0x0, 0x0,
    0xa, 0x50, 0x96, 0x79, 0x0, 0x0, 0x34, 0xc,
    0x20, 0x96, 0x79, 0x0, 0x0, 0x69, 0xe, 0x0,
    0x96, 0x6a, 0x0, 0x0, 0xa6, 0x4a, 0xf, 0xe3,
    0x2d, 0xff, 0xff, 0xd1, 0x0, 0x0, 0x0, 0x0,
    0x0, 0x0, 0x0,

    /* U+80AB "肫" */
    0x0, 0x0, 0x0, 0x0, 0xf, 0x10, 0x0, 0x8,
    0xff, 0xf5, 0x0, 0xf, 0x10, 0x0, 0x8, 0x70,
    0xa6, 0xbb, 0xbf, 0xbb, 0xb5, 0x8, 0x70, 0xa5,
    0x33, 0x3f, 0x43, 0x31, 0x8, 0xff, 0xf5, 0xa0,
    0xf, 0x10, 0xb0, 0x8, 0x70, 0xa5, 0xe1, 0xf,
    0x10, 0xf0, 0x8, 0x60, 0xa5, 0xe1, 0xf, 0x10,
    0xf0, 0x8, 0xdb, 0xe5, 0xe1, 0xf, 0x10, 0xf0,
    0x9, 0x84, 0xb5, 0xef, 0xff, 0xff, 0xf0, 0xa,
    0x40, 0xa5, 0x0, 0xf, 0x10, 0xf0, 0xc, 0x10,
    0xa5, 0x0, 0xf, 0x10, 0x23, 0xe, 0x0, 0xa5,
    0x0, 0xf, 0x10, 0x59, 0x4a, 0xe, 0xe2, 0x0,
    0xa, 0xfe, 0xf4, 0x0, 0x0, 0x0, 0x0, 0x0,
    0x1, 0x0,

    /* U+80B4 "肴" */
    0x0, 0x4, 0x10, 0x0, 0x0, 0x62, 0x0, 0x0,
    0x28, 0xcc, 0x84, 0x6d, 0x91, 0x0, 0x0, 0x0,
    0x39, 0xfe, 0xfa, 0x20, 0x0, 0x2, 0xce, 0xbb,
    0xa0, 0x17, 0xea, 0x0, 0x3, 0x53, 0x3d, 0x83,
    0x33, 0x34, 0x30, 0x1b, 0xbb, 0xfd, 0xbb, 0xbb,
    0xbb, 0xb2, 0x0, 0x9, 0xf6, 0x55, 0x55, 0x62,
    0x0, 0x2, 0xcf, 0xb6, 0x66, 0x66, 0xb8, 0x0,
    0x2e, 0x77, 0xec, 0xcc, 0xcc, 0xe8, 0x0, 0x0,
    0x7, 0x80, 0x0, 0x0, 0x88, 0x0, 0x0, 0x7,
    0xec, 0xcc, 0xcc, 0xe8, 0x0, 0x0, 0x7, 0x80,
    0x0, 0x0, 0x88, 0x0, 0x0, 0x7, 0x80, 0x0,
    0x9c, 0xd5, 0x0, 0x0, 0x0, 0x0, 0x0, 0x0,
    0x0, 0x0,

    /* U+80BA "肺" */
    0x0, 0x0, 0x0, 0x0, 0xe, 0x10, 0x0, 0x6,
    0xff, 0xf4, 0x0, 0xe, 0x10, 0x0, 0x6, 0x80,
    0xb9, 0xee, 0xef, 0xfe, 0xe8, 0x6, 0x80, 0xb4,
    0x0, 0xe, 0x10, 0x0, 0x6, 0xed, 0xf4, 0x12,
    0x2f, 0x32, 0x20, 0x6, 0x93, 0xc4, 0xed, 0xdf,
    0xdd, 0xf1, 0x6, 0x70, 0xb4, 0xe1, 0xe, 0x10,
    0xe1, 0x7, 0xed, 0xf4, 0xe1, 0xe, 0x10, 0xe1,
    0x8, 0x82, 0xb4, 0xe1, 0xe, 0x10, 0xe1, 0x9,
    0x50, 0xb4, 0xe1, 0xe, 0x10, 0xe1, 0xc, 0x20,
    0xb4, 0xe1, 0xe, 0x3e, 0xe0, 0x1e, 0x0, 0xb4,
    0x0, 0xe, 0x11, 0x0, 0x38, 0x1f, 0xd1, 0x0,
    0xe, 0x10, 0x0, 0x0, 0x0, 0x0, 0x0, 0x0,
    0x0, 0x0,

    /* U+80BE "肾" */
    0x0, 0xc, 0x30, 0x0, 0x0, 0x0, 0x3, 0xc0,
    0xc3, 0xcf, 0xee, 0xef, 0x70, 0x3c, 0xc, 0x31,
    0xd1, 0x4, 0xc0, 0x3, 0xc0, 0xc3, 0x4, 0xd6,
    0xc1, 0x0, 0x3c, 0xc, 0x30, 0x4c, 0xe9, 0x20,
    0x2, 0x90, 0x93, 0xa7, 0x10, 0x6c, 0xd3, 0x0,
    0x0, 0x0, 0x0, 0x0, 0x1, 0x0, 0x6e, 0xcc,
    0xcc, 0xcc, 0xe9, 0x0, 0x6, 0xc5, 0x55, 0x55,
    0x5a, 0x90, 0x0, 0x6c, 0x55, 0x55, 0x55, 0xa9,
    0x0, 0x6, 0xec, 0xcc, 0xcc, 0xcd, 0x90, 0x0,
    0x6a, 0x0, 0x0, 0x0, 0x69, 0x0, 0x6, 0xa0,
    0x0, 0x6, 0xdd, 0x60, 0x0,

    /* U+80CC "背" */
    0x0, 0x0, 0x6a, 0x2, 0xe0, 0x2, 0x0, 0xa,
    0xcc, 0xda, 0x2, 0xf6, 0xbd, 0x40, 0x1, 0x11,
    0x7a, 0x2, 0xf7, 0x30, 0x0, 0x2, 0x47, 0xca,
    0x1, 0xe0, 0x0, 0xa2, 0x2c, 0x96, 0x8a, 0x0,
    0xed, 0xdd, 0xe0, 0x0, 0x0, 0x12, 0x0, 0x1,
    0x11, 0x0, 0x0, 0x3f, 0xdd, 0xdd, 0xdd, 0xf5,
    0x0, 0x0, 0x3d, 0x0, 0x0, 0x0, 0xb5, 0x0,
    0x0, 0x3f, 0xcc, 0xcc, 0xcc, 0xf5, 0x0, 0x0,
    0x3d, 0x0, 0x0, 0x0, 0xb5, 0x0, 0x0, 0x3f,
    0xcc, 0xcc, 0xcc, 0xf5, 0x0, 0x0, 0x3d, 0x0,
    0x0, 0x0, 0xb5, 0x0, 0x0, 0x3d, 0x0, 0x0,
    0x7e, 0xe3, 0x0, 0x0, 0x0, 0x0, 0x0, 0x0,
    0x0, 0x0,

    /* U+80D7 "胗" */
    0x0, 0x0, 0x0, 0x0, 0x6, 0x0, 0x0, 0x7,
    0xff, 0xf4, 0x0, 0x8e, 0x10, 0x0, 0x7, 0x70,
    0xa4, 0x4, 0xe7, 0xc1, 0x0, 0x7, 0x70, 0xa4,
    0x5e, 0x30, 0x6e, 0x30, 0x7, 0xff, 0xfc, 0xd2,
    0x1a, 0x4, 0xe6, 0x7, 0x70, 0xa7, 0x5, 0xd4,
    0x0, 0x10, 0x7, 0x70, 0xa4, 0xaa, 0x10, 0xb4,
    0x0, 0x8, 0xed, 0xf4, 0x0, 0x1b, 0x90, 0x0,
    0x9, 0x72, 0xb4, 0x5, 0xe7, 0x3, 0xd0, 0xa,
    0x40, 0xa4, 0x7c, 0x30, 0x2e, 0x50, 0xd, 0x20,
    0xa4, 0x0, 0x4, 0xe6, 0x0, 0x1e, 0x0, 0xa4,
    0x4, 0xbd, 0x30, 0x0, 0x4a, 0xe, 0xe3, 0xdc,
    0x50, 0x0, 0x0, 0x0, 0x0, 0x0, 0x0, 0x0,
    0x0, 0x0,

    /* U+80DA "胚" */
    0x8, 0xff, 0xf4, 0xef, 0xff, 0xff, 0xf5, 0x8,
    0x70, 0xb4, 0x0, 0x9, 0x90, 0x0, 0x8, 0x70,
    0xb4, 0x0, 0x1f, 0x20, 0x0, 0x8, 0xff, 0xf4,
    0x0, 0xad, 0x20, 0x0, 0x8, 0x70, 0xb4, 0x6,
    0xfd, 0xc8, 0x0, 0x8, 0x60, 0xb4, 0x5e, 0x5d,
    0xc, 0x90, 0x8, 0xed, 0xf9, 0xe3, 0x3d, 0x0,
    0xc5, 0x9, 0x72, 0xc4, 0x20, 0x3d, 0x0, 0x10,
    0xa, 0x40, 0xb4, 0x0, 0x3d, 0x0, 0x0, 0xc,
    0x10, 0xb4, 0x0, 0x3d, 0x0, 0x0, 0xe, 0x0,
    0xb4, 0x11, 0x23, 0x11, 0x11, 0x49, 0x1f, 0xe6,
    0xee, 0xee, 0xee, 0xe7, 0x0, 0x0, 0x0, 0x0,
    0x0, 0x0, 0x0,

    /* U+80E1 "胡" */
    0x0, 0x6, 0xb0, 0x0, 0x0, 0x0, 0x0, 0x0,
    0x6, 0xb0, 0x0, 0xff, 0xff, 0xf0, 0x2, 0x28,
    0xc2, 0x21, 0xf0, 0x0, 0xf0, 0x2d, 0xde, 0xfd,
    0xd2, 0xf0, 0x0, 0xf0, 0x0, 0x6, 0xb0, 0x0,
    0xff, 0xff, 0xf0, 0x0, 0x6, 0xb0, 0x0, 0xf0,
    0x0, 0xf0, 0x6, 0xbd, 0xeb, 0x81, 0xf0, 0x0,
    0xf0, 0x8, 0xb6, 0x69, 0xc1, 0xfd, 0xdd, 0xf0,
    0x8, 0x70, 0x4, 0xc3, 0xd2, 0x22, 0xf0, 0x8,
    0x70, 0x4, 0xc6, 0xa0, 0x0, 0xf0, 0x8, 0xed,
    0xde, 0xca, 0x60, 0x0, 0xf0, 0x8, 0x81, 0x11,
    0x3e, 0x10, 0x0, 0xf0, 0x0, 0x0, 0x0, 0x77,
    0x0, 0xff, 0xb0, 0x0, 0x0, 0x0, 0x0, 0x0,
    0x0, 0x0,

    /* U+80F8 "胸" */
    0x0, 0x0, 0x0, 0x6, 0x0, 0x0, 0x0, 0x7,
    0xff, 0xf0, 0x3e, 0x0, 0x0, 0x0, 0x7, 0x70,
    0xe0, 0xaf, 0xff, 0xff, 0xf6, 0x7, 0x70, 0xe5,
    0xe1, 0x0, 0x0, 0x86, 0x7, 0xff, 0xfd, 0x68,
    0x6, 0x52, 0x86, 0x7, 0x70, 0xe1, 0xd7, 0x7c,
    0xd, 0x86, 0x7, 0x70, 0xe0, 0xd0, 0xc8, 0xd,
    0x86, 0x7, 0xed, 0xf0, 0xd1, 0xcc, 0xd, 0x86,
    0x8, 0x72, 0xe0, 0xdb, 0x36, 0x8d, 0x86, 0xa,
    0x40, 0xe0, 0xd4, 0x0, 0x4d, 0x96, 0xc, 0x20,
    0xe0, 0xfd, 0xdd, 0xdd, 0xa5, 0x1e, 0x0, 0xe0,
    0x0, 0x0, 0x0, 0xc4, 0x38, 0x4f, 0xc0, 0x0,
    0x0, 0xdf, 0xc0,

    /* U+8102 "脂" */
    0x0, 0x0, 0x0, 0x3c, 0x0, 0x0, 0x0, 0x7,
    0xff, 0xf6, 0x3c, 0x0, 0x6, 0x60, 0x7, 0x80,
    0x96, 0x3d, 0x7b, 0xea, 0x50, 0x7, 0x80, 0x96,
    0x3e, 0x73, 0x0, 0x25, 0x7, 0xec, 0xe6, 0x3d,
    0x0, 0x0, 0x69, 0x7, 0x93, 0xa6, 0xb, 0xff,
    0xff, 0xe3, 0x7, 0x70, 0x96, 0x0, 0x0, 0x0,
    0x0, 0x7, 0xc9, 0xd6, 0x8f, 0xee, 0xee, 0xf0,
    0x8, 0x95, 0xb6, 0x8d, 0x0, 0x0, 0xf0, 0x9,
    0x40, 0x96, 0x8f, 0xee, 0xee, 0xf0, 0xc, 0x20,
    0x96, 0x8d, 0x0, 0x0, 0xf0, 0xe, 0x0, 0x96,
    0x8e, 0x22, 0x22, 0xf0, 0x39, 0xe, 0xe3, 0x8f,
    0xbb, 0xbb, 0xf0, 0x0, 0x0, 0x0, 0x0, 0x0,
    0x0, 0x0,

    /* U+8106 "脆" */
    0x0, 0x0, 0x0, 0x5, 0x20, 0x0, 0x0, 0xe,
    0xff, 0xe0, 0xe, 0xed, 0xe3, 0x0, 0xe, 0x0,
    0xe0, 0x6b, 0x0, 0xe4, 0x0, 0xe, 0x0, 0xe1,
    0xe7, 0x47, 0xd4, 0x40, 0xe, 0xff, 0xeb, 0xfb,
    0xbb, 0xbb, 0xb2, 0xe, 0x0, 0xfc, 0xf0, 0x0,
    0x0, 0x0, 0xe, 0x0, 0xe0, 0xf1, 0xfe, 0xef,
    0xa0, 0xe, 0x88, 0xe0, 0xf1, 0xe0, 0x7, 0xa0,
    0xe, 0x66, 0xe1, 0xe1, 0xe0, 0x8, 0x90, 0xd,
    0x0, 0xe3, 0xc1, 0xe0, 0xbd, 0x50, 0x3b, 0x0,
    0xe5, 0x91, 0xe0, 0x0, 0x61, 0x68, 0x0, 0xea,
    0x50, 0xe0, 0x0, 0xb2, 0xa3, 0x7f, 0xab, 0x0,
    0xce, 0xee, 0xc0, 0x0, 0x0, 0x0, 0x0, 0x0,
    0x0, 0x0,

    /* U+8116 "脖" */
    0x0, 0x0, 0x0, 0x0, 0xf, 0x10, 0x0, 0x7,
    0xff, 0xf3, 0x22, 0x2f, 0x32, 0x20, 0x7, 0x70,
    0xb3, 0xcc, 0xcf, 0xcc, 0xc2, 0x7, 0x70, 0xb3,
    0x0, 0xf, 0x10, 0x0, 0x7, 0xff, 0xf4, 0xfe,
    0xef, 0xee, 0xf4, 0x7, 0x70, 0xb4, 0xd0, 0x0,
    0x0, 0xa5, 0x7, 0x70, 0xb4, 0x7e, 0xee, 0xee,
    0x61, 0x7, 0xc9, 0xe3, 0x0, 0x2, 0xd6, 0x0,
    0x8, 0xa7, 0xd3, 0x0, 0xf, 0x40, 0x0, 0xa,
    0x40, 0xb9, 0xff, 0xff, 0xff, 0xf6, 0xc, 0x10,
    0xb3, 0x0, 0xf, 0x10, 0x0, 0xe, 0x0, 0xb3,
    0x0, 0xf, 0x10, 0x0, 0x38, 0x1f, 0xd1, 0x8,
    0xed, 0x0, 0x0,

    /* U+814A "腊" */
    0x0, 0x0, 0x0, 0x8, 0x90, 0x2d, 0x0, 0x6,
    0xff, 0xf4, 0x8, 0x90, 0x2d, 0x0, 0x6, 0x80,
    0xb6, 0xef, 0xfe, 0xff, 0xe6, 0x6, 0x80, 0xb4,
    0x8, 0x90, 0x2d, 0x0, 0x6, 0xfe, 0xf4, 0x8,
    0x90, 0x2d, 0x0, 0x6, 0xa3, 0xca, 0xff, 0xff,
    0xff, 0xfc, 0x6, 0x80, 0xb4, 0x0, 0x0, 0x0,
    0x0, 0x7, 0xc8, 0xd4, 0x4f, 0xee, 0xee, 0x60,
    0x8, 0xa6, 0xd4, 0x4b, 0x0, 0x4, 0x60, 0x9,
    0x50, 0xb4, 0x4f, 0xdd, 0xde, 0x60, 0xb, 0x20,
    0xb4, 0x4b, 0x0, 0x4, 0x60, 0xe, 0x0, 0xb4,
    0x4c, 0x33, 0x36, 0x60, 0x39, 0x3f, 0xe1, 0x4e,
    0xbb, 0xbc, 0x60, 0x0, 0x0, 0x0, 0x0, 0x0,
    0x0, 0x0,

    /* U+814C "腌" */
    0x0, 0x0, 0x0, 0x0, 0x7, 0x0, 0x0, 0x7,
    0xff, 0xf1, 0x0, 0x4c, 0x0, 0x0, 0x7, 0x60,
    0xd5, 0xff, 0xff, 0xff, 0xf1, 0x7, 0x60, 0xd1,
    0x6, 0xc0, 0x96, 0x0, 0x7, 0xfe, 0xf1, 0x5e,
    0x1f, 0x1d, 0x30, 0x7, 0x60, 0xd8, 0xfe, 0xdf,
    0xde, 0xf4, 0x7, 0x60, 0xd4, 0x97, 0xf, 0xb,
    0x60, 0x7, 0xdc, 0xf1, 0x8e, 0xcf, 0xcf, 0x40,
    0x8, 0x83, 0xe1, 0x87, 0xf, 0xb, 0x40, 0x9,
    0x40, 0xd1, 0x8d, 0xbf, 0xbe, 0x40, 0xb, 0x20,
    0xd1, 0x56, 0x1f, 0x11, 0x43, 0xe, 0x0, 0xd1,
    0x0, 0xf, 0x0, 0x76, 0x1b, 0x3e, 0xd0, 0x0,
    0xb, 0xed, 0xe2, 0x0, 0x0, 0x0, 0x0, 0x0,
    0x0, 0x0,

    /* U+8150 "腐" */
    0x0, 0x0, 0x0, 0x0, 0x0, 0x0, 0x0, 0x0,
    0x0, 0x0, 0x79, 0x0, 0x0, 0x0, 0x4, 0xfe,
    0xee, 0xff, 0xee, 0xee, 0xe3, 0x4, 0xb0, 0x8,
    0x10, 0x0, 0x82, 0x0, 0x4, 0xb0, 0x8c, 0x9b,
    0xbb, 0xec, 0xa0, 0x4, 0xb9, 0xdb, 0x38, 0x11,
    0xc4, 0x0, 0x4, 0xb1, 0x3b, 0x6, 0x90, 0xb3,
    0x0, 0x4, 0xb0, 0x29, 0x3, 0x3a, 0xa1, 0x0,
    0x5, 0xa2, 0xbb, 0xbd, 0xcb, 0xbb, 0x50, 0x6,
    0x94, 0xd1, 0x3f, 0x82, 0x1b, 0x70, 0x8, 0x74,
    0xd6, 0xc7, 0x7b, 0x7b, 0x70, 0xb, 0x44, 0xd1,
    0x2f, 0x81, 0x1b, 0x70, 0x1f, 0x4, 0xd6, 0xc3,
    0x4c, 0x4b, 0x70, 0x4a, 0x4, 0xd1, 0x0, 0x5,
    0xce, 0x40, 0x0, 0x0, 0x0, 0x0, 0x0, 0x0,
    0x0,

    /* U+8165 "腥" */
    0x0, 0x0, 0x0, 0x0, 0x0, 0x0, 0x0, 0x7,
    0xfe, 0xf4, 0xed, 0xdd, 0xdd, 0xe0, 0x7, 0x70,
    0xb4, 0xe1, 0x0, 0x1, 0xe0, 0x7, 0x70, 0xb4,
    0xed, 0xdd, 0xdd, 0xe0, 0x7, 0xed, 0xf4, 0xe1,
    0x0, 0x1, 0xe0, 0x7, 0x81, 0xc4, 0xcd, 0xde,
    0xdd, 0xc0, 0x7, 0x70, 0xb4, 0x95, 0xf, 0x10,
    0x0, 0x7, 0xdb, 0xe5, 0xfe, 0xef, 0xee, 0xe1,
    0x8, 0x84, 0xcd, 0x50, 0xf, 0x10, 0x0, 0xa,
    0x40, 0xb4, 0x9b, 0xbf, 0xcb, 0xa0, 0xc, 0x20,
    0xb4, 0x11, 0x1f, 0x21, 0x10, 0xe, 0x0, 0xb4,
    0x0, 0xf, 0x10, 0x0, 0x49, 0x2f, 0xd7, 0xff,
    0xff, 0xff, 0xf8, 0x0, 0x0, 0x0, 0x0, 0x0,
    0x0, 0x0,

    /* U+8169 "腩" */
    0x0, 0x0, 0x0, 0x0, 0x7, 0x0, 0x0, 0x7,
    0xff, 0xe0, 0x0, 0xf, 0x0, 0x0, 0x7, 0x70,
    0xe6, 0xff, 0xff, 0xff, 0xf6, 0x7, 0x70, 0xe0,
    0x0, 0x3b, 0x0, 0x0, 0x7, 0xfe, 0xe1, 0xee,
    0xff, 0xee, 0xf2, 0x7, 0x70, 0xe1, 0xe3, 0x40,
    0x61, 0xd2, 0x7, 0x70, 0xe1, 0xe1, 0xb0, 0xc0,
    0xd2, 0x7, 0xdb, 0xe1, 0xe7, 0xcc, 0xd7, 0xd2,
    0x8, 0x83, 0xe1, 0xe0, 0xe, 0x0, 0xd2, 0xa,
    0x40, 0xe1, 0xe9, 0xcf, 0xc9, 0xd2, 0xc, 0x20,
    0xe1, 0xe0, 0xe, 0x0, 0xd2, 0x1e, 0x0, 0xe1,
    0xe0, 0xe, 0x0, 0xd2, 0x39, 0x2e, 0xb1, 0xe0,
    0x4, 0x1e, 0xe0, 0x0, 0x0, 0x0, 0x0, 0x0,
    0x0, 0x0,

    /* U+8179 "腹" */
    0x0, 0x0, 0x0, 0x3, 0x40, 0x0, 0x0, 0x6,
    0xff, 0xf4, 0xd, 0xdb, 0xbb, 0xb4, 0x6, 0x80,
    0xb4, 0x9c, 0x33, 0x33, 0x31, 0x6, 0x81, 0xbb,
    0xfd, 0xcc, 0xcc, 0x80, 0x6, 0xff, 0xf4, 0x4d,
    0x0, 0x5, 0xb0, 0x6, 0x80, 0xb4, 0x1f, 0xaa,
    0xac, 0xb0, 0x6, 0x70, 0xb4, 0x1e, 0x55, 0x58,
    0xb0, 0x7, 0xdb, 0xe4, 0x6, 0xf7, 0x55, 0x40,
    0x8, 0x83, 0xc4, 0xa, 0xfd, 0xdd, 0x60, 0x9,
    0x50, 0xb6, 0xbe, 0x90, 0x3e, 0x20, 0xc, 0x20,
    0xb8, 0x80, 0x9b, 0xe4, 0x0, 0xe, 0x0, 0xb4,
    0x16, 0xcc, 0xe8, 0x20, 0x39, 0x1f, 0xd5, 0xe9,
    0x30, 0x18, 0xe5, 0x0, 0x0, 0x0, 0x0, 0x0,
    0x0, 0x0,

    /* U+817E "腾" */
    0x0, 0x0, 0x0, 0x40, 0x33, 0x4, 0x0, 0xd,
    0xff, 0x70, 0xb3, 0xa5, 0x3c, 0x0, 0xd, 0x6,
    0x78, 0xed, 0xfd, 0xde, 0xc0, 0xd, 0x28, 0x70,
    0x5, 0xb0, 0x0, 0x0, 0xd, 0xde, 0xad, 0xdf,
    0xed, 0xdd, 0xd5, 0xd, 0x6, 0x70, 0xa8, 0x0,
    0x4c, 0x10, 0xd, 0x6, 0x9c, 0xec, 0xcc, 0xc9,
    0xe3, 0xe, 0xbd, 0x84, 0x44, 0x0, 0xd1, 0x20,
    0xe, 0x5a, 0x70, 0x99, 0x67, 0xf6, 0x40, 0xd,
    0x6, 0x70, 0x57, 0x66, 0x69, 0xa0, 0x1c, 0x6,
    0x76, 0xcc, 0xcc, 0x86, 0x80, 0x49, 0x6, 0x70,
    0x0, 0x0, 0x9, 0x50, 0x75, 0x7e, 0x40, 0x0,
    0x9, 0xdd, 0x10, 0x0, 0x0, 0x0, 0x0, 0x0,
    0x0, 0x0,

    /* U+817F "腿" */
    0xd, 0xef, 0x68, 0x11, 0xfd, 0xde, 0x70, 0xd,
    0x8, 0x66, 0xa1, 0xd0, 0x7, 0x70, 0xd, 0x8,
    0x60, 0xa1, 0xfd, 0xde, 0x70, 0xd, 0xce, 0x60,
    0x1, 0xd0, 0x7, 0x70, 0xd, 0x8, 0x7d, 0xd1,
    0xfe, 0xee, 0x70, 0xd, 0x8, 0x61, 0xd1, 0xd3,
    0x20, 0x60, 0xd, 0xde, 0x61, 0xd1, 0xd2, 0xdc,
    0x60, 0xd, 0x18, 0x61, 0xd1, 0xd0, 0x6b, 0x0,
    0xd, 0x8, 0x61, 0xd3, 0xfd, 0x7a, 0x60, 0x1c,
    0x8, 0x63, 0xe5, 0x81, 0x1, 0x70, 0x49, 0x8,
    0x9e, 0x9a, 0x20, 0x0, 0x0, 0x75, 0x9e, 0xa5,
    0x4, 0xce, 0xee, 0xf3, 0x0, 0x0, 0x0, 0x0,
    0x0, 0x0, 0x0,

    /* U+818F "膏" */
    0x0, 0x0, 0x0, 0x76, 0x0, 0x0, 0x0, 0x1c,
    0xcc, 0xcc, 0xde, 0xcc, 0xcc, 0xc2, 0x0, 0x28,
    0x77, 0x77, 0x77, 0x82, 0x0, 0x0, 0x4e, 0x88,
    0x88, 0x88, 0xe5, 0x0, 0x5, 0x56, 0x66, 0x66,
    0x66, 0x65, 0x50, 0xf, 0x66, 0x66, 0x66, 0x66,
    0x66, 0xf0, 0xe, 0xb, 0xa8, 0x88, 0x8a, 0xb0,
    0xf0, 0x0, 0x8, 0x98, 0x88, 0x89, 0x70, 0x0,
    0x0, 0x4b, 0xaa, 0xaa, 0xaa, 0xb5, 0x0, 0x0,
    0x6c, 0x55, 0x55, 0x55, 0xc7, 0x0, 0x0, 0x6c,
    0x44, 0x44, 0x44, 0xc7, 0x0, 0x0, 0x6e, 0xaa,
    0xaa, 0xaa, 0xe7, 0x0, 0x0, 0x6a, 0x0, 0x0,
    0x8a, 0xd4, 0x0, 0x0, 0x0, 0x0, 0x0, 0x0,
    0x0, 0x0,

    /* U+81EA "自" */
    0x0, 0x0, 0xa4, 0x0, 0x0, 0x0, 0x1, 0xf1,
    0x0, 0x0, 0xaf, 0xff, 0xff, 0xff, 0xfc, 0xb6,
    0x11, 0x11, 0x11, 0x5d, 0xb5, 0x0, 0x0, 0x0,
    0x4d, 0xbf, 0xff, 0xff, 0xff, 0xfd, 0xb6, 0x0,
    0x0, 0x0, 0x5d, 0xb5, 0x0, 0x0, 0x0, 0x4d,
    0xbf, 0xee, 0xee, 0xee, 0xfd, 0xb6, 0x11, 0x11,
    0x11, 0x5d, 0xb5, 0x0, 0x0, 0x0, 0x4d, 0xbe,
    0xdd, 0xdd, 0xdd, 0xed, 0xb7, 0x22, 0x22, 0x22,
    0x6d, 0x0, 0x0, 0x0, 0x0, 0x0,

    /* U+81F3 "至" */
    0xe, 0xff, 0xff, 0xff, 0xff, 0xff, 0xd0, 0x0,
    0x0, 0x9b, 0x0, 0x1, 0x0, 0x0, 0x0, 0x7,
    0xd1, 0x0, 0x4e, 0x40, 0x0, 0x0, 0x7d, 0x10,
    0x0, 0x15, 0xe5, 0x0, 0x2, 0xfe, 0xef, 0xfe,
    0xdd, 0xce, 0x40, 0x0, 0x11, 0x0, 0x76, 0x0,
    0x3, 0x20, 0x0, 0x0, 0x0, 0x98, 0x0, 0x0,
    0x0, 0x0, 0xff, 0xff, 0xff, 0xff, 0xff, 0x10,
    0x0, 0x0, 0x0, 0x98, 0x0, 0x0, 0x0, 0x0,
    0x0, 0x0, 0x98, 0x0, 0x0, 0x0, 0x2a, 0xaa,
    0xaa, 0xdd, 0xaa, 0xaa, 0xa2, 0x15, 0x55, 0x55,
    0x55, 0x55, 0x55, 0x51,

    /* U+81F4 "致" */
    0x0, 0x0, 0x0, 0x0, 0x86, 0x0, 0x0, 0x4f,
    0xff, 0xff, 0xf0, 0xc4, 0x0, 0x0, 0x0, 0xa7,
    0x0, 0x0, 0xf1, 0x0, 0x0, 0x3, 0xd0, 0x69,
    0x5, 0xff, 0xff, 0xf4, 0x1d, 0x74, 0x6f, 0x3a,
    0xa0, 0xd, 0x40, 0xe, 0xcb, 0x99, 0xcf, 0xd0,
    0xf, 0x10, 0x0, 0x8, 0x40, 0x99, 0xd2, 0x3d,
    0x0, 0x2, 0x2b, 0x72, 0x31, 0x87, 0x88, 0x0,
    0x1c, 0xcf, 0xec, 0xa0, 0x2e, 0xe3, 0x0, 0x0,
    0xa, 0x60, 0x0, 0xc, 0xc0, 0x0, 0x0, 0xa,
    0x74, 0x70, 0x4f, 0xf3, 0x0, 0x3a, 0xcf, 0xeb,
    0x86, 0xf4, 0x6e, 0x30, 0x37, 0x41, 0x0, 0x8e,
    0x30, 0x6, 0xf3, 0x0, 0x0, 0x0, 0x10, 0x0,
    0x0, 0x10,

    /* U+8200 "舀" */
    0x0, 0x0, 0x1, 0x35, 0x79, 0xc5, 0x8c, 0xde,
    0xed, 0xb9, 0x75, 0x30, 0x16, 0x0, 0xa, 0x10,
    0x1, 0xe0, 0xd, 0x40, 0x9, 0x70, 0x6, 0xb0,
    0x5, 0xd0, 0x4, 0xc0, 0xd, 0x30, 0x0, 0x65,
    0x93, 0x20, 0x18, 0x0, 0x3d, 0xda, 0x61, 0x3e,
    0xee, 0xf6, 0x4c, 0x0, 0x0, 0x0, 0x0, 0xa6,
    0x4d, 0x33, 0x31, 0x13, 0x33, 0xc6, 0x4f, 0xbb,
    0xb5, 0x5b, 0xbb, 0xe6, 0x4c, 0x0, 0x0, 0x0,
    0x0, 0xa6, 0x4f, 0xcc, 0xcc, 0xcc, 0xcc, 0xe6,
    0x4d, 0x33, 0x33, 0x33, 0x33, 0xb6, 0x0, 0x0,
    0x0, 0x0, 0x0, 0x0,

    /* U+826F "良" */
    0x0, 0x0, 0x6, 0x40, 0x0, 0x0, 0x0, 0x13,
    0x33, 0x9b, 0x33, 0x31, 0x0, 0x8, 0xeb, 0xbb,
    0xbb, 0xbe, 0x80, 0x0, 0x89, 0x0, 0x0, 0x0,
    0x88, 0x0, 0x8, 0xfe, 0xee, 0xee, 0xef, 0x80,
    0x0, 0x89, 0x0, 0x0, 0x0, 0x88, 0x0, 0x8,
    0x91, 0x11, 0x11, 0x19, 0x80, 0x0, 0x8f, 0xde,
    0xfd, 0xdd, 0xd7, 0x0, 0x8, 0x90, 0xd, 0x40,
    0x2, 0xc3, 0x0, 0x89, 0x0, 0x3e, 0x27, 0xe6,
    0x0, 0x8, 0x90, 0x0, 0x6f, 0xd1, 0x0, 0x0,
    0x89, 0x48, 0xc0, 0x4e, 0xb4, 0x0, 0xe, 0xfb,
    0x73, 0x0, 0x7, 0xdd, 0x10, 0x30, 0x0, 0x0,
    0x0, 0x0, 0x10,

    /* U+8272 "色" */
    0x0, 0x0, 0x0, 0x0, 0x0, 0x0, 0x0, 0x0,
    0x0, 0x3c, 0x0, 0x0, 0x0, 0x0, 0x0, 0x0,
    0xde, 0xcc, 0xca, 0x0, 0x0, 0x0, 0xb, 0xa3,
    0x33, 0xc7, 0x0, 0x0, 0x1, 0xcb, 0x0, 0x6,
    0xb0, 0x0, 0x0, 0x2e, 0xff, 0xff, 0xff, 0xff,
    0xff, 0x0, 0x6, 0xa6, 0x0, 0x2e, 0x0, 0xf,
    0x0, 0x0, 0xa6, 0x0, 0x2e, 0x0, 0xf, 0x0,
    0x0, 0xac, 0xaa, 0xbf, 0xaa, 0xaf, 0x0, 0x0,
    0xaa, 0x66, 0x66, 0x66, 0x6f, 0x0, 0x0, 0xa6,
    0x0, 0x0, 0x0, 0x0, 0x20, 0x0, 0xa6, 0x0,
    0x0, 0x0, 0x0, 0xa6, 0x0, 0x98, 0x0, 0x0,
    0x0, 0x1, 0xe3, 0x0, 0x2c, 0xff, 0xff, 0xff,
    0xff, 0x90,

    /* U+827E "艾" */
    0x0, 0x0, 0xe2, 0x0, 0x2e, 0x0, 0x0, 0x1,
    0x11, 0xf3, 0x11, 0x3f, 0x11, 0x10, 0x2f, 0xff,
    0xff, 0xff, 0xff, 0xff, 0xf3, 0x0, 0x0, 0xe2,
    0x0, 0x2e, 0x0, 0x0, 0x0, 0x0, 0xb1, 0x0,
    0x1b, 0x0, 0x0, 0x0, 0x9, 0x10, 0x0, 0x1,
    0xc0, 0x0, 0x0, 0x9, 0x80, 0x0, 0x7, 0xb0,
    0x0, 0x0, 0x1, 0xe1, 0x0, 0x1e, 0x30, 0x0,
    0x0, 0x0, 0x7c, 0x0, 0xb9, 0x0, 0x0, 0x0,
    0x0, 0xa, 0xba, 0xb0, 0x0, 0x0, 0x0, 0x0,
    0x5, 0xff, 0x50, 0x0, 0x0, 0x0, 0x27, 0xdd,
    0x55, 0xed, 0x72, 0x0, 0x2e, 0xfa, 0x40, 0x0,
    0x5, 0xaf, 0xe1, 0x2, 0x0, 0x0, 0x0, 0x0,
    0x0, 0x10,

    /* U+827F "艿" */
    0x0, 0x1, 0xf0, 0x0, 0x3d, 0x0, 0x0, 0x3,
    0x34, 0xf3, 0x33, 0x6d, 0x33, 0x30, 0xb, 0xbc,
    0xfb, 0xbb, 0xcf, 0xbb, 0xb0, 0x0, 0x1, 0xf0,
    0x0, 0x3d, 0x0, 0x0, 0x3, 0x66, 0x76, 0x66,
    0x66, 0x0, 0x0, 0x5, 0x99, 0xcd, 0x99, 0xba,
    0x0, 0x0, 0x0, 0x0, 0x98, 0x0, 0x87, 0x0,
    0x0, 0x0, 0x0, 0xb6, 0x0, 0xcf, 0xff, 0xa0,
    0x0, 0x0, 0xf2, 0x0, 0x10, 0x9, 0x90, 0x0,
    0x7, 0xc0, 0x0, 0x0, 0xa, 0x70, 0x0, 0x2f,
    0x30, 0x0, 0x0, 0xd, 0x40, 0x5, 0xe6, 0x0,
    0x0, 0x0, 0x2f, 0x10, 0x4c, 0x40, 0x0, 0x0,
    0xbf, 0xf8, 0x0, 0x0, 0x0, 0x0, 0x0, 0x0,
    0x0, 0x0,

    /* U+828B "芋" */
    0x0, 0x0, 0xe1, 0x0, 0x2e, 0x0, 0x0, 0x1,
    0x11, 0xf3, 0x11, 0x3f, 0x11, 0x10, 0x1d, 0xdd,
    0xfe, 0xdd, 0xef, 0xdd, 0xd2, 0x0, 0x0, 0xe1,
    0x0, 0x2e, 0x0, 0x0, 0x0, 0x45, 0x85, 0x55,
    0x58, 0x55, 0x20, 0x0, 0x9a, 0xaa, 0xcf, 0xaa,
    0xaa, 0x40, 0x0, 0x0, 0x0, 0x4c, 0x0, 0x0,
    0x0, 0x2, 0x22, 0x22, 0x6d, 0x22, 0x22, 0x21,
    0xd, 0xdd, 0xdd, 0xdf, 0xdd, 0xdd, 0xd5, 0x0,
    0x0, 0x0, 0x4c, 0x0, 0x0, 0x0, 0x0, 0x0,
    0x0, 0x4c, 0x0, 0x0, 0x0, 0x0, 0x0, 0x0,
    0x4c, 0x0, 0x0, 0x0, 0x0, 0x0, 0xef, 0xf7,
    0x0, 0x0, 0x0, 0x0, 0x0, 0x0, 0x0, 0x0,
    0x0, 0x0,

    /* U+829C "芜" */
    0x0, 0x0, 0xf1, 0x0, 0x1f, 0x0, 0x0, 0x1b,
    0xbb, 0xfb, 0xbb, 0xbf, 0xbb, 0xb2, 0x3, 0x33,
    0xf4, 0x33, 0x4f, 0x33, 0x30, 0x0, 0x0, 0x70,
    0x0, 0x7, 0x0, 0x0, 0x0, 0xce, 0xee, 0xee,
    0xee, 0xee, 0x20, 0x0, 0x11, 0x11, 0x5b, 0x11,
    0x11, 0x0, 0x0, 0x0, 0x0, 0x69, 0x0, 0x0,
    0x0, 0x1c, 0xcc, 0xcc, 0xee, 0xcc, 0xcc, 0xc1,
    0x2, 0x22, 0x22, 0xed, 0x62, 0x22, 0x20, 0x0,
    0x0, 0x5, 0xca, 0x40, 0x0, 0x0, 0x0, 0x0,
    0x4e, 0x3a, 0x40, 0x0, 0x20, 0x0, 0x29, 0xe4,
    0xa, 0x40, 0x0, 0x93, 0xd, 0xe8, 0x10, 0x6,
    0xee, 0xee, 0xd0, 0x2, 0x0, 0x0, 0x0, 0x0,
    0x0, 0x0,

    /* U+829D "芝" */
    0x0, 0x0, 0xf0, 0x0, 0xf, 0x0, 0x0, 0x2,
    0x22, 0xf3, 0x22, 0x3f, 0x32, 0x20, 0x1d, 0xdd,
    0xfd, 0xdd, 0xdf, 0xdd, 0xd1, 0x0, 0x0, 0xf0,
    0x41, 0xf, 0x0, 0x0, 0x0, 0x0, 0x40, 0x8b,
    0x4, 0x0, 0x0, 0x2, 0xdd, 0xdd, 0xdf, 0xdd,
    0xd7, 0x0, 0x0, 0x22, 0x22, 0x22, 0x28, 0xe2,
    0x0, 0x0, 0x0, 0x0, 0x0, 0x8e, 0x20, 0x0,
    0x0, 0x0, 0x0, 0x1b, 0xc1, 0x0, 0x0, 0x0,
    0x0, 0x7, 0xe7, 0x0, 0x0, 0x0, 0x0, 0x6c,
    0xea, 0x20, 0x0, 0x0, 0x0, 0x8, 0xc3, 0xc7,
    0x10, 0x0, 0x0, 0x22, 0x1d, 0x10, 0x8, 0xef,
    0xff, 0xff, 0xf3, 0x0, 0x0, 0x0, 0x0, 0x11,
    0x0, 0x0,

    /* U+82A5 "芥" */
    0x0, 0x1, 0xf0, 0x0, 0xf, 0x20, 0x0, 0x2,
    0x24, 0xf2, 0x22, 0x2f, 0x42, 0x20, 0x2d, 0xdd,
    0xfd, 0xdd, 0xdf, 0xdd, 0xd2, 0x0, 0x1, 0xf0,
    0x38, 0xf, 0x20, 0x0, 0x0, 0x0, 0x36, 0xee,
    0x52, 0x0, 0x0, 0x0, 0x5, 0xda, 0x12, 0xbc,
    0x50, 0x0, 0x2a, 0xeb, 0x60, 0x0, 0x6, 0xbf,
    0xb3, 0x6, 0x20, 0xe2, 0x0, 0x2f, 0x1, 0x50,
    0x0, 0x0, 0xe2, 0x0, 0x2f, 0x0, 0x0, 0x0,
    0x1, 0xf0, 0x0, 0x2f, 0x0, 0x0, 0x0, 0x9,
    0xb0, 0x0, 0x2f, 0x0, 0x0, 0x0, 0x9e, 0x20,
    0x0, 0x2f, 0x0, 0x0, 0x6, 0xb2, 0x0, 0x0,
    0x2f, 0x0, 0x0, 0x0, 0x0, 0x0, 0x0, 0x0,
    0x0, 0x0,

    /* U+82AC "芬" */
    0x0, 0x0, 0xf1, 0x0, 0x2e, 0x0, 0x0, 0x1d,
    0xdd, 0xfd, 0xdd, 0xdf, 0xdd, 0xd2, 0x2, 0x22,
    0xf3, 0x22, 0x4f, 0x22, 0x20, 0x0, 0x0, 0x53,
    0x0, 0x44, 0x0, 0x0, 0x0, 0x1, 0xe6, 0x0,
    0x4d, 0x10, 0x0, 0x0, 0x1d, 0x90, 0x0, 0x6,
    0xe2, 0x0, 0x6, 0xe8, 0x0, 0x0, 0x0, 0x5f,
    0x70, 0x2c, 0x7f, 0xff, 0xff, 0xff, 0xd3, 0xc3,
    0x0, 0x0, 0xc, 0x40, 0x3, 0xc0, 0x0, 0x0,
    0x0, 0x2f, 0x0, 0x4, 0xb0, 0x0, 0x0, 0x0,
    0xb8, 0x0, 0x6, 0xa0, 0x0, 0x0, 0x3c, 0xb0,
    0x0, 0xa, 0x70, 0x0, 0x9, 0xe6, 0x0, 0xd,
    0xfe, 0x20, 0x0, 0x0, 0x0, 0x0, 0x0, 0x0,
    0x0, 0x0,

    /* U+82B1 "花" */
    0x0, 0x0, 0xc3, 0x0, 0x6b, 0x0, 0x0, 0x3,
    0x33, 0xd5, 0x33, 0x8c, 0x33, 0x30, 0x2d, 0xdd,
    0xfd, 0xdd, 0xef, 0xdd, 0xd1, 0x0, 0x0, 0xc3,
    0x0, 0x6b, 0x0, 0x0, 0x0, 0x0, 0x81, 0x9,
    0x21, 0x0, 0x0, 0x0, 0x7, 0xc0, 0xe, 0x20,
    0x4, 0x10, 0x0, 0x3f, 0x30, 0xe, 0x21, 0xae,
    0x30, 0x2, 0xef, 0x10, 0xe, 0x9e, 0x80, 0x0,
    0xe, 0x6f, 0x11, 0x7f, 0x91, 0x0, 0x0, 0x1,
    0xf, 0x19, 0x7f, 0x20, 0x0, 0x0, 0x0, 0xf,
    0x10, 0xe, 0x20, 0x0, 0xb3, 0x0, 0xf, 0x10,
    0xe, 0x30, 0x0, 0xe2, 0x0, 0xf, 0x10, 0x9,
    0xff, 0xff, 0xb0,

    /* U+82B9 "芹" */
    0x0, 0x1, 0xf0, 0x0, 0x2f, 0x0, 0x0, 0x1d,
    0xdd, 0xfd, 0xdd, 0xdf, 0xdd, 0xd0, 0x2, 0x23,
    0xf2, 0x22, 0x4f, 0x22, 0x20, 0x0, 0x0, 0x70,
    0x0, 0x28, 0x55, 0x0, 0x0, 0x4c, 0xcd, 0xef,
    0xec, 0xa7, 0x0, 0x0, 0x6c, 0x21, 0x0, 0x0,
    0x0, 0x0, 0x0, 0x6b, 0x0, 0x0, 0x0, 0x0,
    0x0, 0x0, 0x6f, 0xff, 0xff, 0xff, 0xff, 0xf0,
    0x0, 0x89, 0x0, 0x0, 0xe2, 0x0, 0x0, 0x0,
    0xb6, 0x0, 0x0, 0xe2, 0x0, 0x0, 0x1, 0xf2,
    0x0, 0x0, 0xe2, 0x0, 0x0, 0x9, 0xa0, 0x0,
    0x0, 0xe2, 0x0, 0x0, 0x2d, 0x10, 0x0, 0x0,
    0xe2, 0x0, 0x0, 0x0, 0x0, 0x0, 0x0, 0x0,
    0x0, 0x0,

    /* U+82BD "芽" */
    0x0, 0x0, 0xf0, 0x0, 0x1e, 0x0, 0x0, 0x1c,
    0xcc, 0xfc, 0xcc, 0xdf, 0xcc, 0xc1, 0x2, 0x22,
    0xf3, 0x22, 0x4f, 0x22, 0x20, 0x0, 0x0, 0x70,
    0x0, 0x7, 0x0, 0x0, 0x7, 0xff, 0xff, 0xff,
    0xff, 0xff, 0x80, 0x0, 0x38, 0x0, 0x0, 0x1f,
    0x0, 0x0, 0x0, 0x79, 0x0, 0x0, 0x1f, 0x0,
    0x0, 0x0, 0xbd, 0xbb, 0xbb, 0xcf, 0xbb, 0xb2,
    0x0, 0x34, 0x44, 0x6f, 0xaf, 0x44, 0x40, 0x0,
    0x0, 0x7, 0xe6, 0x1f, 0x0, 0x0, 0x0, 0x6,
    0xdb, 0x20, 0x1f, 0x0, 0x0, 0x1a, 0xfb, 0x40,
    0x0, 0x1e, 0x0, 0x0, 0x6, 0x20, 0x0, 0x9f,
    0xfa, 0x0, 0x0, 0x0, 0x0, 0x0, 0x0, 0x0,
    0x0, 0x0,

    /* U+82CF "苏" */
    0x0, 0x0, 0xf1, 0x0, 0x1f, 0x0, 0x0, 0x3,
    0x33, 0xf4, 0x33, 0x4f, 0x33, 0x30, 0x1c, 0xcc,
    0xfc, 0xcc, 0xcf, 0xcc, 0xc2, 0x0, 0x0, 0xf1,
    0x50, 0x1f, 0x0, 0x0, 0x0, 0x0, 0x52, 0xe0,
    0x5, 0x0, 0x0, 0x2, 0xee, 0xee, 0xfe, 0xee,
    0xc0, 0x0, 0x0, 0x22, 0x26, 0xc2, 0x26, 0xd0,
    0x0, 0x0, 0x26, 0x8, 0x80, 0x5, 0xc9, 0x0,
    0x0, 0xa7, 0xd, 0x40, 0x5, 0xb9, 0x70, 0x5,
    0xd0, 0x4e, 0x0, 0x6, 0xa2, 0xe0, 0x8, 0x32,
    0xe4, 0x0, 0x8, 0x80, 0x82, 0x0, 0x6e, 0x60,
    0x0, 0xb, 0x60, 0x0, 0x9, 0xc3, 0x0, 0xd,
    0xed, 0x10, 0x0, 0x0, 0x0, 0x0, 0x0, 0x0,
    0x0, 0x0,

    /* U+82D4 "苔" */
    0x0, 0x0, 0xf1, 0x0, 0x1e, 0x0, 0x0, 0x1b,
    0xbb, 0xfb, 0xbb, 0xcf, 0xbb, 0xb2, 0x4, 0x44,
    0xf5, 0x44, 0x5f, 0x44, 0x40, 0x0, 0x0, 0x57,
    0x80, 0x16, 0x0, 0x0, 0x0, 0x0, 0x7e, 0x20,
    0x5d, 0x20, 0x0, 0x0, 0xa, 0xc1, 0x0, 0x4,
    0xe3, 0x0, 0x2, 0xdf, 0xcc, 0xde, 0xed, 0xde,
    0x30, 0x1, 0x54, 0x32, 0x10, 0x0, 0x5, 0x50,
    0x0, 0x5e, 0xee, 0xee, 0xee, 0xe9, 0x0, 0x0,
    0x6a, 0x11, 0x11, 0x11, 0x7a, 0x0, 0x0, 0x6a,
    0x0, 0x0, 0x0, 0x6a, 0x0, 0x0, 0x6e, 0xcc,
    0xcc, 0xcc, 0xda, 0x0, 0x0, 0x6b, 0x33, 0x33,
    0x33, 0x8a, 0x0, 0x0, 0x0, 0x0, 0x0, 0x0,
    0x0, 0x0,

    /* U+82D7 "苗" */
    0x0, 0x2, 0xe0, 0x0, 0x1e, 0x0, 0x0, 0x0,
    0x2, 0xe0, 0x0, 0x2e, 0x0, 0x0, 0x5f, 0xff,
    0xff, 0xff, 0xff, 0xff, 0xf3, 0x0, 0x2, 0xe0,
    0x0, 0x1e, 0x0, 0x0, 0x0, 0x1, 0x80, 0x0,
    0x18, 0x0, 0x0, 0x0, 0xff, 0xff, 0xff, 0xff,
    0xfe, 0x0, 0x0, 0xf0, 0x0, 0xe1, 0x0, 0x2e,
    0x0, 0x0, 0xf0, 0x0, 0xe1, 0x0, 0x2e, 0x0,
    0x0, 0xff, 0xff, 0xff, 0xff, 0xfe, 0x0, 0x0,
    0xf0, 0x0, 0xe1, 0x0, 0x2e, 0x0, 0x0, 0xf0,
    0x0, 0xe1, 0x0, 0x2e, 0x0, 0x0, 0xfb, 0xbb,
    0xfb, 0xbb, 0xbe, 0x0, 0x0, 0xf4, 0x44, 0x44,
    0x44, 0x6e, 0x0,

    /* U+82E5 "若" */
    0x0, 0x0, 0xf0, 0x0, 0x1f, 0x0, 0x0, 0x3,
    0x33, 0xf3, 0x33, 0x4f, 0x33, 0x30, 0x1c, 0xcc,
    0xfc, 0xcc, 0xdf, 0xcc, 0xc2, 0x0, 0x0, 0xf1,
    0x40, 0x1f, 0x0, 0x0, 0x0, 0x0, 0x35, 0xc0,
    0x2, 0x0, 0x0, 0x1f, 0xff, 0xff, 0xff, 0xff,
    0xff, 0xf6, 0x0, 0x0, 0x5c, 0x0, 0x0, 0x0,
    0x0, 0x0, 0x2, 0xe2, 0x0, 0x0, 0x0, 0x0,
    0x0, 0x2d, 0xff, 0xff, 0xff, 0xff, 0x0, 0x5,
    0xea, 0xa0, 0x0, 0x0, 0xf, 0x0, 0x1b, 0x26,
    0xa0, 0x0, 0x0, 0xf, 0x0, 0x0, 0x6, 0xeb,
    0xbb, 0xbb, 0xbf, 0x0, 0x0, 0x6, 0xb3, 0x33,
    0x33, 0x3f, 0x0, 0x0, 0x0, 0x0, 0x0, 0x0,
    0x0, 0x0,

    /* U+82F9 "苹" */
    0x0, 0x0, 0xf0, 0x0, 0xf, 0x0, 0x0, 0x1c,
    0xcc, 0xfc, 0xcc, 0xcf, 0xcc, 0xc2, 0x2, 0x23,
    0xf2, 0x22, 0x3f, 0x22, 0x20, 0x0, 0x0, 0x50,
    0x0, 0x6, 0x0, 0x0, 0xa, 0xff, 0xff, 0xff,
    0xff, 0xff, 0x30, 0x0, 0x54, 0x0, 0xc4, 0x0,
    0x63, 0x0, 0x0, 0x2e, 0x10, 0xc4, 0x2, 0xe1,
    0x0, 0x0, 0x8, 0x90, 0xc4, 0xb, 0x50, 0x0,
    0x5b, 0xbc, 0xbb, 0xfc, 0xbc, 0xbb, 0xb0, 0x14,
    0x44, 0x44, 0xd7, 0x44, 0x44, 0x40, 0x0, 0x0,
    0x0, 0xc4, 0x0, 0x0, 0x0, 0x0, 0x0, 0x0,
    0xc4, 0x0, 0x0, 0x0, 0x0, 0x0, 0x0, 0xc4,
    0x0, 0x0, 0x0,

    /* U+8302 "茂" */
    0x0, 0x0, 0xf0, 0x0, 0x2e, 0x0, 0x0, 0x2b,
    0xbb, 0xfb, 0xbb, 0xcf, 0xbb, 0xb2, 0x4, 0x44,
    0xf4, 0x44, 0x5f, 0x44, 0x40, 0x0, 0x0, 0x90,
    0x39, 0x18, 0x85, 0x0, 0x0, 0x0, 0x0, 0x3d,
    0x0, 0x1c, 0x50, 0x0, 0xfe, 0xee, 0xef, 0xee,
    0xee, 0xe3, 0x0, 0xf1, 0x11, 0x1e, 0x31, 0x28,
    0x10, 0x0, 0xf0, 0x0, 0xb, 0x50, 0x7b, 0x0,
    0x1, 0xe0, 0x0, 0x6, 0xb4, 0xe2, 0x0, 0x4,
    0xc0, 0x0, 0x1, 0xfe, 0x40, 0x0, 0x8, 0x90,
    0x0, 0x1a, 0xfb, 0x0, 0x53, 0xe, 0x30, 0x4a,
    0xe8, 0x1d, 0x91, 0xa4, 0x4a, 0x2, 0xd7, 0x10,
    0x1, 0xaf, 0xc0, 0x0, 0x0, 0x0, 0x0, 0x0,
    0x0, 0x0,

    /* U+8304 "茄" */
    0x0, 0x0, 0xf0, 0x0, 0x1e, 0x0, 0x0, 0x4,
    0x44, 0xf4, 0x44, 0x5e, 0x44, 0x40, 0x1b, 0xbb,
    0xfb, 0xbb, 0xbf, 0xbb, 0xb2, 0x0, 0x19, 0xf0,
    0x0, 0x1e, 0x0, 0x0, 0x0, 0x2d, 0x20, 0x0,
    0x35, 0x33, 0x10, 0x2d, 0xdf, 0xdd, 0x82, 0xfa,
    0xad, 0x80, 0x2, 0x6c, 0x27, 0xa2, 0xd0, 0x8,
    0x80, 0x0, 0x6a, 0x6, 0xa2, 0xd0, 0x8, 0x80,
    0x0, 0x87, 0x6, 0x92, 0xd0, 0x8, 0x80, 0x0,
    0xc4, 0x7, 0x82, 0xd0, 0x8, 0x80, 0x2, 0xe0,
    0x9, 0x72, 0xd0, 0x8, 0x80, 0xa, 0x80, 0xb,
    0x52, 0xfe, 0xef, 0x80, 0x3c, 0x4, 0xde, 0x12,
    0xd0, 0x8, 0x80, 0x0, 0x0, 0x10, 0x0, 0x0,
    0x0, 0x0,

    /* U+8334 "茴" */
    0x0, 0x0, 0xe2, 0x0, 0x6b, 0x0, 0x0, 0x3d,
    0xdd, 0xfd, 0xdd, 0xef, 0xdd, 0xd3, 0x2, 0x22,
    0xf4, 0x22, 0x7c, 0x22, 0x20, 0x0, 0x0, 0x30,
    0x0, 0x12, 0x0, 0x0, 0x5, 0xff, 0xff, 0xff,
    0xff, 0xff, 0x50, 0x5, 0xb0, 0x0, 0x0, 0x0,
    0xc, 0x50, 0x5, 0xb0, 0x7d, 0xdd, 0xd3, 0xc,
    0x50, 0x5, 0xb0, 0x94, 0x0, 0xb4, 0xc, 0x50,
    0x5, 0xb0, 0x94, 0x0, 0xb4, 0xc, 0x50, 0x5,
    0xb0, 0x9e, 0xdd, 0xf4, 0xc, 0x50, 0x5, 0xb0,
    0x0, 0x0, 0x0, 0xc, 0x50, 0x5, 0xc3, 0x33,
    0x33, 0x33, 0x3d, 0x50, 0x5, 0xeb, 0xbb, 0xbb,
    0xbb, 0xbf, 0x50,

    /* U+8336 "茶" */
    0x0, 0x2, 0xe0, 0x0, 0xf, 0x20, 0x0, 0x2,
    0x24, 0xf2, 0x22, 0x2f, 0x42, 0x20, 0x1d, 0xde,
    0xfd, 0xdd, 0xdf, 0xed, 0xd2, 0x0, 0x2, 0xe0,
    0x4a, 0xf, 0x20, 0x0, 0x0, 0x0, 0x24, 0xec,
    0x92, 0x0, 0x0, 0x0, 0x0, 0x9e, 0x30, 0x9d,
    0x30, 0x0, 0x1, 0x8e, 0xa1, 0x4c, 0x4, 0xdb,
    0x40, 0x2e, 0xa5, 0x22, 0x6d, 0x22, 0x28, 0xd4,
    0x0, 0x4d, 0xdd, 0xef, 0xdd, 0xda, 0x0, 0x0,
    0x3, 0x60, 0x4d, 0x7, 0x20, 0x0, 0x0, 0x2d,
    0x50, 0x4d, 0x5, 0xe5, 0x0, 0x4, 0xe6, 0x0,
    0x4d, 0x0, 0x2d, 0x60, 0x1, 0x30, 0xe, 0xf9,
    0x0, 0x1, 0x10, 0x0, 0x0, 0x0, 0x0, 0x0,
    0x0, 0x0,

    /* U+8338 "茸" */
    0x0, 0x0, 0xc4, 0x0, 0xe, 0x20, 0x0, 0x2d,
    0xdd, 0xfe, 0xdd, 0xdf, 0xed, 0xd5, 0x1, 0x11,
    0xc5, 0x11, 0x1f, 0x31, 0x10, 0x0, 0x0, 0x31,
    0x0, 0x3, 0x0, 0x0, 0x9, 0xff, 0xff, 0xff,
    0xff, 0xff, 0xb0, 0x0, 0xa, 0x70, 0x0, 0x0,
    0xe0, 0x0, 0x0, 0xa, 0xfe, 0xee, 0xee, 0xe0,
    0x0, 0x0, 0xa, 0x70, 0x0, 0x0, 0xe0, 0x0,
    0x0, 0xa, 0xed, 0xdd, 0xdd, 0xe0, 0x0, 0x0,
    0xa, 0x70, 0x0, 0x0, 0xe0, 0x0, 0x2, 0x3b,
    0xa5, 0x66, 0x78, 0xf9, 0xa0, 0xd, 0xcb, 0xba,
    0x98, 0x77, 0xe5, 0x40, 0x0, 0x0, 0x0, 0x0,
    0x0, 0xe0, 0x0,

    /* U+8346 "荆" */
    0x0, 0x2d, 0x1, 0xe0, 0x0, 0x0, 0xf1, 0x9a,
    0xf9, 0xaf, 0x93, 0x0, 0xf, 0x18, 0x9e, 0x88,
    0xf8, 0x2c, 0x30, 0xf0, 0x1, 0x90, 0xa, 0x0,
    0xc3, 0xf, 0xa, 0xdd, 0xdd, 0xdd, 0x2c, 0x30,
    0xf0, 0x15, 0xc2, 0x2f, 0x20, 0xc3, 0xf, 0x0,
    0x3c, 0x0, 0xf0, 0xc, 0x30, 0xf0, 0x89, 0xe8,
    0x8f, 0x83, 0xc3, 0xf, 0x8, 0xad, 0x88, 0xf8,
    0x3c, 0x30, 0xf0, 0x6, 0x90, 0xf, 0x0, 0xb3,
    0xf, 0x0, 0xb6, 0x0, 0xf0, 0x0, 0x0, 0xf0,
    0x5e, 0x0, 0xf, 0x0, 0x0, 0x1f, 0xc, 0x30,
    0x0, 0xf0, 0x2, 0xff, 0xa0, 0x0, 0x0, 0x0,
    0x0, 0x0, 0x0,

    /* U+8349 "草" */
    0x0, 0x2, 0xd0, 0x0, 0x2e, 0x0, 0x0, 0x1f,
    0xff, 0xff, 0xff, 0xff, 0xff, 0xf2, 0x0, 0x3,
    0xd0, 0x0, 0x2e, 0x0, 0x0, 0x0, 0x8a, 0xba,
    0xaa, 0xab, 0xa6, 0x0, 0x0, 0xd5, 0x33, 0x33,
    0x33, 0x89, 0x0, 0x0, 0xd5, 0x22, 0x22, 0x22,
    0x89, 0x0, 0x0, 0xdb, 0xaa, 0xaa, 0xaa, 0xc9,
    0x0, 0x0, 0xd7, 0x55, 0x55, 0x55, 0xa9, 0x0,
    0x0, 0x67, 0x77, 0xf8, 0x77, 0x74, 0x0, 0x0,
    0x0, 0x0, 0xe2, 0x0, 0x0, 0x0, 0x8f, 0xff,
    0xff, 0xff, 0xff, 0xff, 0xe0, 0x0, 0x0, 0x0,
    0xe2, 0x0, 0x0, 0x0, 0x0, 0x0, 0x0, 0xe2,
    0x0, 0x0, 0x0,

    /* U+8352 "荒" */
    0x0, 0x0, 0xe3, 0x0, 0xf, 0x10, 0x0, 0x2d,
    0xdd, 0xfe, 0xdd, 0xdf, 0xdd, 0xd4, 0x1, 0x11,
    0xe4, 0x45, 0x1f, 0x21, 0x10, 0x0, 0x0, 0x20,
    0x3e, 0x3, 0x0, 0x0, 0xe, 0xee, 0xee, 0xef,
    0xfe, 0xee, 0xe2, 0x0, 0x2e, 0x0, 0x0, 0x0,
    0x0, 0x0, 0x0, 0x2e, 0x22, 0x22, 0x22, 0x22,
    0x0, 0x0, 0x2c, 0xcc, 0xcc, 0xcc, 0xcc, 0x10,
    0x0, 0x9, 0x20, 0x38, 0x2, 0x80, 0x0, 0x0,
    0xd, 0x30, 0x4c, 0x3, 0xc0, 0x0, 0x0, 0x1f,
    0x10, 0x4c, 0x3, 0xc0, 0x11, 0x1, 0xc9, 0x0,
    0x4c, 0x3, 0xc0, 0x49, 0x1e, 0x90, 0x0, 0x4c,
    0x1, 0xee, 0xe5, 0x0, 0x0, 0x0, 0x0, 0x0,
    0x0, 0x0,

    /* U+8354 "荔" */
    0x0, 0x0, 0xe2, 0x0, 0x1e, 0x0, 0x0, 0x2e,
    0xee, 0xff, 0xee, 0xff, 0xee, 0xe3, 0x0, 0x0,
    0xe2, 0x21, 0x1e, 0x0, 0x0, 0x0, 0x22, 0x22,
    0xc5, 0x22, 0x31, 0x0, 0x0, 0xab, 0xbd, 0xeb,
    0xbb, 0xd9, 0x0, 0x0, 0x1, 0x7d, 0x20, 0x0,
    0x86, 0x0, 0x4, 0xcc, 0x60, 0x0, 0x7c, 0xb1,
    0x0, 0x0, 0xf, 0x0, 0x0, 0xd, 0x20, 0x0,
    0x2e, 0xef, 0xee, 0x8e, 0xef, 0xee, 0x90, 0x0,
    0x4b, 0x8, 0x60, 0x1d, 0x6, 0x90, 0x0, 0x97,
    0xa, 0x50, 0x69, 0x7, 0x80, 0x4, 0xe0, 0xc,
    0x33, 0xe2, 0x8, 0x70, 0x3d, 0x35, 0xcd, 0x3d,
    0x32, 0xce, 0x20, 0x0, 0x0, 0x0, 0x0, 0x0,
    0x10, 0x0,

    /* U+8360 "荠" */
    0x0, 0x0, 0xf0, 0x0, 0xf, 0x0, 0x0, 0x3d,
    0xdd, 0xfd, 0xdd, 0xdf, 0xdd, 0xd3, 0x0, 0x1,
    0xf0, 0x62, 0x1f, 0x0, 0x0, 0x0, 0x0, 0x20,
    0x8a, 0x2, 0x0, 0x0, 0xe, 0xef, 0xee, 0xef,
    0xef, 0xfe, 0xe0, 0x0, 0x3, 0xd4, 0x0, 0x5e,
    0x20, 0x0, 0x0, 0x0, 0x2c, 0xbb, 0xb2, 0x0,
    0x0, 0x3, 0x57, 0xbe, 0xaa, 0xeb, 0x85, 0x30,
    0xb, 0x99, 0xa0, 0x0, 0xa, 0xa9, 0xb0, 0x0,
    0x4, 0xc0, 0x0, 0xa, 0x50, 0x0, 0x0, 0x6,
    0xb0, 0x0, 0xa, 0x50, 0x0, 0x0, 0x1d, 0x60,
    0x0, 0xa, 0x50, 0x0, 0x0, 0xb9, 0x0, 0x0,
    0xa, 0x50, 0x0, 0x0, 0x0, 0x0, 0x0, 0x0,
    0x0, 0x0,

    /* U+8363 "荣" */
    0x0, 0x0, 0xf0, 0x0, 0x3d, 0x0, 0x0, 0x4e,
    0xee, 0xfe, 0xee, 0xff, 0xee, 0xe3, 0x0, 0x0,
    0xf1, 0x0, 0x3d, 0x0, 0x0, 0x0, 0x0, 0x30,
    0x0, 0x3, 0x0, 0x0, 0xe, 0xee, 0xee, 0xee,
    0xee, 0xee, 0xe0, 0xe, 0x10, 0x0, 0xc1, 0x0,
    0x2, 0xe0, 0x7, 0x10, 0x0, 0xe2, 0x0, 0x1,
    0x70, 0x6e, 0xee, 0xef, 0xff, 0xee, 0xee, 0x90,
    0x0, 0x0, 0x1d, 0xfd, 0x60, 0x0, 0x0, 0x0,
    0x3, 0xd4, 0xe3, 0xc9, 0x0, 0x0, 0x0, 0x7e,
    0x40, 0xe1, 0xa, 0xd4, 0x0, 0x4d, 0xa1, 0x0,
    0xe1, 0x0, 0x4d, 0xc3, 0x13, 0x0, 0x0, 0xe1,
    0x0, 0x0, 0x40,

    /* U+836A "荪" */
    0x0, 0x0, 0xe1, 0x0, 0x1e, 0x0, 0x0, 0x2c,
    0xcc, 0xfc, 0xcc, 0xcf, 0xcc, 0xc3, 0x2, 0x22,
    0xf4, 0x22, 0x4f, 0x22, 0x20, 0x0, 0x0, 0x30,
    0x0, 0x5, 0x0, 0x0, 0xe, 0xee, 0xfe, 0x10,
    0xe, 0x10, 0x0, 0x0, 0x3, 0xd4, 0x0, 0xe,
    0x10, 0x0, 0x0, 0xe, 0x30, 0x2d, 0xe, 0x1e,
    0x10, 0x0, 0x2f, 0x9a, 0x6a, 0xe, 0x18, 0x70,
    0x4f, 0xdf, 0x73, 0xb5, 0xe, 0x12, 0xd0, 0x1,
    0xe, 0x11, 0xe0, 0xe, 0x10, 0xd2, 0x0, 0xe,
    0x15, 0x70, 0xe, 0x10, 0x72, 0x0, 0xe, 0x10,
    0x0, 0xe, 0x10, 0x0, 0x7, 0xfd, 0x0, 0xa,
    0xed, 0x0, 0x0, 0x0, 0x0, 0x0, 0x0, 0x10,
    0x0, 0x0,

    /* U+836F "药" */
    0x0, 0x0, 0xf0, 0x0, 0x1e, 0x0, 0x0, 0x1d,
    0xdd, 0xfd, 0xdd, 0xdf, 0xdd, 0xd2, 0x1, 0x11,
    0xf2, 0x11, 0x3f, 0x11, 0x10, 0x0, 0xc, 0x20,
    0x2, 0xd0, 0x0, 0x0, 0x0, 0x79, 0x0, 0x8,
    0x91, 0x11, 0x10, 0x3, 0xd0, 0x37, 0x1e, 0xdd,
    0xde, 0xc0, 0x1e, 0x98, 0xd3, 0xa8, 0x0, 0x4,
    0xb0, 0x8, 0x7e, 0x50, 0x72, 0x90, 0x5, 0xa0,
    0x0, 0xb7, 0x23, 0x0, 0xb5, 0x6, 0x90, 0xc,
    0xfd, 0xb8, 0x0, 0x2e, 0x7, 0x80, 0x3, 0x0,
    0x1, 0x0, 0x1, 0x9, 0x70, 0x17, 0xac, 0xed,
    0x0, 0x0, 0xc, 0x40, 0x7, 0x42, 0x0, 0x0,
    0xd, 0xfc, 0x0,

    /* U+839E "莞" */
    0x0, 0x1, 0xe0, 0x0, 0x1f, 0x0, 0x0, 0x2e,
    0xee, 0xfe, 0xee, 0xef, 0xee, 0xe2, 0x0, 0x1,
    0xe0, 0x81, 0x1f, 0x0, 0x0, 0x0, 0x0, 0x0,
    0x88, 0x1, 0x0, 0x0, 0xe, 0xee, 0xee, 0xee,
    0xee, 0xee, 0xe0, 0xe, 0x10, 0x0, 0x0, 0x0,
    0x2, 0xe0, 0x5, 0x1e, 0xee, 0xee, 0xee, 0xd0,
    0x50, 0x0, 0x0, 0x0, 0x0, 0x0, 0x0, 0x0,
    0x3f, 0xff, 0xff, 0xff, 0xff, 0xff, 0xf2, 0x0,
    0x0, 0x97, 0x1, 0xf0, 0x0, 0x0, 0x0, 0x0,
    0xe3, 0x1, 0xf0, 0x0, 0x20, 0x0, 0x2b, 0xb0,
    0x0, 0xf0, 0x0, 0xa3, 0x3d, 0xe7, 0x0, 0x0,
    0xcf, 0xff, 0xd0, 0x2, 0x0, 0x0, 0x0, 0x0,
    0x0, 0x0,

    /* U+83B2 "莲" */
    0x0, 0x0, 0xf0, 0x0, 0x2e, 0x0, 0x0, 0x6e,
    0xee, 0xfe, 0xee, 0xef, 0xee, 0xe3, 0x0, 0x0,
    0xf0, 0x2, 0x2e, 0x0, 0x0, 0x1b, 0x10, 0x0,
    0x1f, 0x10, 0x0, 0x0, 0x7, 0xd1, 0xde, 0xff,
    0xee, 0xee, 0x70, 0x0, 0x81, 0x1, 0xe2, 0x13,
    0x0, 0x0, 0x12, 0x20, 0xb, 0x93, 0x8b, 0x33,
    0x10, 0x5b, 0xe4, 0x9, 0xbb, 0xde, 0xbb, 0x50,
    0x0, 0xb4, 0x0, 0x0, 0x6a, 0x0, 0x0, 0x0,
    0xb4, 0x9d, 0xdd, 0xef, 0xdd, 0xd2, 0x0, 0xc6,
    0x0, 0x0, 0x6a, 0x0, 0x0, 0xc, 0x9b, 0x81,
    0x0, 0x36, 0x0, 0x0, 0x68, 0x0, 0x6c, 0xed,
    0xdd, 0xef, 0xf3, 0x0, 0x0, 0x0, 0x1, 0x10,
    0x0, 0x0,

    /* U+83B4 "莴" */
    0x0, 0x0, 0xe2, 0x0, 0xe, 0x20, 0x0, 0x1e,
    0xee, 0xff, 0xee, 0xef, 0xfe, 0xe4, 0x0, 0x0,
    0xe2, 0x0, 0xe, 0x20, 0x0, 0x0, 0x1, 0x21,
    0x11, 0x12, 0x10, 0x0, 0x0, 0x2f, 0xcc, 0xcc,
    0xcc, 0xeb, 0x0, 0x0, 0x2c, 0x0, 0x0, 0x0,
    0x9b, 0x0, 0x0, 0x2c, 0xcc, 0xdf, 0xcc, 0xc8,
    0x0, 0x0, 0x0, 0x0, 0x1e, 0x0, 0x0, 0x0,
    0x3, 0xfd, 0xdd, 0xef, 0xdd, 0xde, 0xf0, 0x3,
    0xd0, 0x1, 0xce, 0x60, 0x0, 0xf0, 0x3, 0xd1,
    0x7e, 0x81, 0x9d, 0x40, 0xf0, 0x3, 0xd6, 0x82,
    0x0, 0x4, 0x40, 0xf0, 0x3, 0xd0, 0x0, 0x0,
    0x0, 0xee, 0xa0,

    /* U+83C7 "菇" */
    0x0, 0x0, 0xe2, 0x0, 0x78, 0x0, 0x0, 0x3c,
    0xcc, 0xfd, 0xcc, 0xee, 0xcc, 0xc0, 0x3, 0x33,
    0xf4, 0x33, 0x8a, 0x33, 0x30, 0x0, 0x8, 0x50,
    0x0, 0x29, 0x0, 0x0, 0x0, 0x3b, 0x0, 0x0,
    0xe, 0x20, 0x0, 0x5e, 0xff, 0xed, 0x8b, 0xbf,
    0xcb, 0xb0, 0x0, 0xd2, 0x3b, 0x23, 0x3f, 0x43,
    0x30, 0x2, 0xc0, 0x68, 0x0, 0xe, 0x20, 0x0,
    0x8, 0x80, 0xc3, 0xa, 0xaf, 0xba, 0x50, 0x5,
    0xeb, 0xc0, 0x1e, 0x44, 0x4a, 0x80, 0x0, 0x3f,
    0xe4, 0x1d, 0x0, 0x8, 0x80, 0x5, 0xe7, 0x4e,
    0x2f, 0xbb, 0xbd, 0x80, 0x1d, 0x50, 0x1, 0x1e,
    0x33, 0x39, 0x80, 0x0, 0x0, 0x0, 0x1, 0x0,
    0x0, 0x0,

    /* U+83CC "菌" */
    0x0, 0x0, 0xf1, 0x0, 0x2e, 0x0, 0x0, 0x2f,
    0xff, 0xff, 0xff, 0xff, 0xff, 0xf3, 0x0, 0x0,
    0xf1, 0x0, 0x2e, 0x0, 0x0, 0x0, 0x11, 0x21,
    0x11, 0x12, 0x11, 0x0, 0x5, 0xfd, 0xdd, 0xdd,
    0xdd, 0xdf, 0x60, 0x5, 0xb1, 0x45, 0x68, 0xb8,
    0xa, 0x60, 0x5, 0xb0, 0x54, 0xc5, 0x0, 0xa,
    0x60, 0x5, 0xbc, 0xdd, 0xfd, 0xdd, 0x6a, 0x60,
    0x5, 0xb0, 0x9, 0xfc, 0x70, 0xa, 0x60, 0x5,
    0xb1, 0xb7, 0xb3, 0x79, 0xa, 0x60, 0x5, 0xba,
    0x40, 0xb3, 0x5, 0x4a, 0x60, 0x5, 0xb2, 0x22,
    0x32, 0x22, 0x2b, 0x60, 0x5, 0xfd, 0xdd, 0xdd,
    0xdd, 0xdf, 0x60,

    /* U+83DC "菜" */
    0x0, 0x0, 0xe2, 0x0, 0x2e, 0x0, 0x0, 0x2f,
    0xff, 0xff, 0xff, 0xff, 0xff, 0xf3, 0x0, 0x0,
    0xe2, 0x0, 0x2e, 0x0, 0x0, 0x0, 0x12, 0x54,
    0x56, 0x8a, 0xcc, 0x0, 0x8, 0xdc, 0xba, 0xa8,
    0x65, 0x23, 0x0, 0x0, 0xa2, 0x3, 0xd0, 0x0,
    0x2e, 0x20, 0x0, 0x6c, 0x0, 0xa2, 0x0, 0xc5,
    0x0, 0x0, 0x3, 0x0, 0xd4, 0x0, 0x50, 0x0,
    0x3e, 0xee, 0xee, 0xff, 0xee, 0xee, 0xe4, 0x0,
    0x0, 0x5e, 0xec, 0xb1, 0x0, 0x0, 0x0, 0x19,
    0xd2, 0xd4, 0x7e, 0x70, 0x0, 0x29, 0xf9, 0x0,
    0xd4, 0x2, 0xbf, 0x92, 0x19, 0x20, 0x0, 0xd4,
    0x0, 0x2, 0x70,

    /* U+83E0 "菠" */
    0x0, 0x0, 0xf0, 0x0, 0x5c, 0x0, 0x0, 0x2e,
    0xee, 0xfe, 0xee, 0xff, 0xee, 0xe3, 0x0, 0x0,
    0xf0, 0x0, 0x5c, 0x0, 0x0, 0x6, 0xa1, 0x10,
    0x0, 0xc4, 0x0, 0x0, 0x0, 0x6c, 0xd, 0xcc,
    0xfd, 0xcc, 0xc1, 0x1, 0x0, 0xf, 0x11, 0xc5,
    0x13, 0xe0, 0x3e, 0x60, 0xf, 0x0, 0xc4, 0x2,
    0x60, 0x2, 0xc3, 0xf, 0xfe, 0xee, 0xef, 0x40,
    0x0, 0x0, 0x1d, 0x79, 0x0, 0x4e, 0x0, 0x0,
    0x56, 0x3b, 0xc, 0x61, 0xe4, 0x0, 0x0, 0xe2,
    0x87, 0x1, 0xde, 0x70, 0x0, 0x9, 0x90, 0xe2,
    0x3a, 0xeb, 0xe7, 0x10, 0xc, 0x16, 0x9a, 0xd7,
    0x0, 0x39, 0xe2, 0x0, 0x0, 0x0, 0x0, 0x0,
    0x0, 0x0,

    /* U+83F2 "菲" */
    0x0, 0x0, 0xe2, 0x0, 0x5b, 0x0, 0x0, 0x3f,
    0xff, 0xff, 0xff, 0xff, 0xff, 0xf3, 0x0, 0x0,
    0xe2, 0x0, 0x5b, 0x0, 0x0, 0x0, 0x0, 0x14,
    0x0, 0x50, 0x0, 0x0, 0x3, 0x33, 0x5f, 0x1,
    0xf3, 0x33, 0x30, 0xb, 0xbb, 0xcf, 0x1, 0xfb,
    0xbb, 0xa0, 0x0, 0x0, 0x2f, 0x1, 0xf0, 0x0,
    0x0, 0xa, 0xff, 0xff, 0x1, 0xff, 0xff, 0x90,
    0x0, 0x0, 0x2f, 0x1, 0xf0, 0x0, 0x0, 0x1,
    0x11, 0x3f, 0x1, 0xf2, 0x22, 0x20, 0x5e, 0xee,
    0xef, 0x1, 0xfd, 0xdd, 0xd3, 0x0, 0x0, 0x2f,
    0x1, 0xf0, 0x0, 0x0, 0x0, 0x0, 0x2f, 0x1,
    0xf0, 0x0, 0x0, 0x0, 0x0, 0x0, 0x0, 0x0,
    0x0, 0x0,

    /* U+8403 "萃" */
    0x0, 0x0, 0xc4, 0x0, 0xe, 0x10, 0x0, 0x1d,
    0xdd, 0xfe, 0xdd, 0xdf, 0xdd, 0xd2, 0x1, 0x11,
    0xc5, 0x43, 0x1f, 0x31, 0x10, 0x0, 0x0, 0x20,
    0x7b, 0x3, 0x0, 0x0, 0x3, 0xff, 0xff, 0xff,
    0xff, 0xff, 0xb0, 0x0, 0x0, 0x84, 0x0, 0x8,
    0x40, 0x0, 0x0, 0x3, 0xf7, 0x0, 0x4f, 0x40,
    0x0, 0x0, 0x5e, 0x39, 0x88, 0xd4, 0xca, 0x10,
    0x0, 0x92, 0x0, 0x4c, 0x0, 0x7, 0x20, 0x2d,
    0xdd, 0xdd, 0xef, 0xdd, 0xdd, 0xd3, 0x1, 0x11,
    0x11, 0x6c, 0x11, 0x11, 0x10, 0x0, 0x0, 0x0,
    0x5b, 0x0, 0x0, 0x0, 0x0, 0x0, 0x0, 0x5b,
    0x0, 0x0, 0x0,

    /* U+841D "萝" */
    0x0, 0xe, 0x10, 0x0, 0xf2, 0x0, 0xe, 0xee,
    0xfe, 0xee, 0xef, 0xee, 0xe2, 0x0, 0xe, 0x20,
    0x1, 0xf3, 0x0, 0x2, 0xaa, 0xaa, 0xaa, 0xaa,
    0xaa, 0x60, 0x3c, 0x33, 0xd3, 0x3d, 0x33, 0x69,
    0x3, 0xc0, 0xd, 0x0, 0xd0, 0x4, 0x90, 0x2e,
    0xee, 0xfe, 0xee, 0xee, 0xe8, 0x0, 0x0, 0x3e,
    0x40, 0x0, 0x0, 0x0, 0x0, 0x7f, 0xee, 0xee,
    0xef, 0xc0, 0x2, 0xe8, 0x63, 0x0, 0x2, 0xd3,
    0x0, 0x0, 0x3, 0xd8, 0x7, 0xd4, 0x0, 0x0,
    0x0, 0x5, 0xff, 0x91, 0x0, 0x0, 0x5b, 0xde,
    0xa5, 0x0, 0x0, 0x0, 0x1, 0x41, 0x0, 0x0,
    0x0, 0x0, 0x0,

    /* U+8471 "葱" */
    0x0, 0x0, 0xf0, 0x0, 0x1e, 0x0, 0x0, 0x1e,
    0xee, 0xfe, 0xee, 0xff, 0xee, 0xe3, 0x0, 0x1,
    0xc0, 0x0, 0x1c, 0x0, 0x0, 0x0, 0xb, 0xea,
    0xaa, 0xaa, 0xab, 0x20, 0x0, 0x9b, 0x29, 0xa2,
    0xc7, 0x2e, 0x20, 0xc, 0xb8, 0xcf, 0x52, 0xe0,
    0xf, 0x0, 0x3, 0x2, 0xe8, 0xcf, 0xc2, 0x1f,
    0x0, 0x0, 0x3e, 0x50, 0x8b, 0x88, 0x6c, 0x0,
    0x0, 0x54, 0x1, 0xb0, 0xb, 0xc4, 0x0, 0x0,
    0x50, 0xa0, 0x99, 0x0, 0x24, 0x0, 0x2, 0xe0,
    0xf0, 0xb, 0x42, 0x2e, 0x20, 0xb, 0x60, 0xf1,
    0x0, 0x9, 0x56, 0xc0, 0x29, 0x0, 0xaf, 0xff,
    0xfe, 0x10, 0x80,

    /* U+8482 "蒂" */
    0x0, 0x1, 0xe0, 0x0, 0x1f, 0x0, 0x0, 0x3e,
    0xee, 0xfe, 0xee, 0xef, 0xee, 0xe2, 0x0, 0x1,
    0xe0, 0x60, 0x1f, 0x0, 0x0, 0x0, 0x0, 0x0,
    0xc5, 0x0, 0x0, 0x0, 0x9, 0xee, 0xee, 0xee,
    0xef, 0xee, 0x90, 0x0, 0x2, 0xd0, 0x0, 0x1f,
    0x20, 0x0, 0xb, 0xcc, 0xfc, 0xcc, 0xde, 0xcc,
    0xb0, 0xe, 0x20, 0x0, 0xd3, 0x0, 0x2, 0xe0,
    0x3, 0x8e, 0xee, 0xff, 0xee, 0xf8, 0x30, 0x0,
    0x88, 0x0, 0xd3, 0x0, 0x98, 0x0, 0x0, 0x88,
    0x0, 0xd3, 0x0, 0x98, 0x0, 0x0, 0x88, 0x0,
    0xd3, 0x2b, 0xe6, 0x0, 0x0, 0x11, 0x0, 0xd3,
    0x1, 0x10, 0x0,

    /* U+8499 "蒙" */
    0x0, 0x0, 0x0, 0x0, 0x0, 0x0, 0x0, 0x0,
    0x2, 0xd0, 0x0, 0x3c, 0x0, 0x0, 0x3e, 0xee,
    0xfe, 0xee, 0xef, 0xee, 0xe3, 0x0, 0x1, 0x90,
    0x0, 0x28, 0x0, 0x0, 0xd, 0xdd, 0xdd, 0xdd,
    0xdd, 0xdd, 0xb0, 0xe, 0x15, 0x66, 0x66, 0x66,
    0x43, 0xc0, 0x4, 0x5, 0x55, 0x55, 0x55, 0x31,
    0x30, 0x3, 0xcc, 0xce, 0xec, 0xcc, 0xcc, 0x20,
    0x0, 0x5, 0xbe, 0x70, 0x1, 0x80, 0x0, 0xa,
    0xb6, 0x29, 0xe7, 0x9e, 0x70, 0x0, 0x0, 0x39,
    0xb4, 0x8f, 0xb9, 0x0, 0x0, 0x9, 0x93, 0x4b,
    0x8d, 0x3c, 0x90, 0x0, 0x1, 0x6c, 0x91, 0xe,
    0x20, 0xbd, 0x40, 0xa, 0x71, 0xc, 0xe9, 0x0,
    0x6, 0x60,

    /* U+849C "蒜" */
    0x0, 0x2, 0xe0, 0x0, 0x88, 0x0, 0x0, 0x1d,
    0xdd, 0xfd, 0xdd, 0xee, 0xdd, 0xd2, 0x2, 0x24,
    0xe2, 0x22, 0x99, 0x22, 0x20, 0x0, 0x0, 0x30,
    0x0, 0x21, 0x0, 0x0, 0xb, 0xff, 0xff, 0x1c,
    0xff, 0xff, 0x40, 0x0, 0x0, 0x0, 0x0, 0x0,
    0x0, 0x0, 0x16, 0x66, 0x66, 0x35, 0x55, 0x55,
    0x51, 0x28, 0x8e, 0xa8, 0x59, 0x9e, 0xb9, 0x93,
    0x5, 0x3c, 0x48, 0x4, 0x2c, 0x38, 0x10, 0xb,
    0x2c, 0x3b, 0x5b, 0x2c, 0x38, 0xa0, 0x1c, 0xc,
    0x35, 0x8c, 0xc, 0x31, 0xf3, 0x44, 0xc, 0x30,
    0x44, 0xc, 0x30, 0x73, 0x0, 0xce, 0x10, 0x0,
    0xde, 0x20, 0x0, 0x0, 0x0, 0x0, 0x0, 0x0,
    0x0, 0x0,

    /* U+84B8 "蒸" */
    0x0, 0x0, 0xf0, 0x0, 0xf, 0x0, 0x0, 0x1f,
    0xff, 0xff, 0xff, 0xff, 0xff, 0xf1, 0x0, 0x0,
    0xf0, 0x0, 0xf, 0x0, 0x0, 0x0, 0x1b, 0xbb,
    0xbb, 0xbb, 0x30, 0x0, 0x0, 0x2, 0x22, 0x26,
    0xe8, 0x0, 0x0, 0xa, 0xdd, 0xe8, 0x8f, 0x30,
    0x8a, 0x0, 0x0, 0x2, 0xe2, 0x8b, 0xdc, 0x80,
    0x0, 0x0, 0x5e, 0x41, 0x97, 0x3d, 0xa4, 0x0,
    0x1c, 0xb2, 0xa, 0xa3, 0x0, 0x5c, 0xd0, 0x2,
    0x1e, 0xee, 0xee, 0xee, 0xd0, 0x0, 0x0, 0x61,
    0x13, 0x1, 0x50, 0x36, 0x0, 0x5, 0xd0, 0x3d,
    0x0, 0xe2, 0xc, 0x80, 0xc, 0x20, 0xc, 0x0,
    0x64, 0x1, 0xb1, 0x0, 0x0, 0x0, 0x0, 0x0,
    0x0, 0x0,

    /* U+84C9 "蓉" */
    0x0, 0x3, 0xd0, 0x0, 0x1e, 0x0, 0x0, 0x1e,
    0xee, 0xfe, 0xee, 0xef, 0xee, 0xe2, 0x0, 0x3,
    0xc0, 0x92, 0x1d, 0x0, 0x0, 0x2, 0x33, 0x33,
    0xb9, 0x33, 0x33, 0x20, 0xe, 0xba, 0xaa, 0xaa,
    0xaa, 0xab, 0xd0, 0xe, 0x12, 0xc1, 0x21, 0x2c,
    0x33, 0xd0, 0x3, 0x7d, 0x31, 0xdb, 0x2, 0xd9,
    0x30, 0x2, 0x81, 0x3d, 0x6a, 0xb2, 0x7, 0x10,
    0x0, 0x19, 0xe3, 0x0, 0x6e, 0x92, 0x0, 0x19,
    0xef, 0xdd, 0xdd, 0xde, 0xff, 0xb2, 0x17, 0x1f,
    0x0, 0x0, 0x1, 0xf1, 0x60, 0x0, 0xf, 0x0,
    0x0, 0x2, 0xf0, 0x0, 0x0, 0xf, 0xdd, 0xdd,
    0xde, 0xf0, 0x0,

    /* U+852C "蔬" */
    0x0, 0x3, 0xd0, 0x0, 0x5b, 0x0, 0x0, 0x2f,
    0xff, 0xff, 0xff, 0xff, 0xff, 0xf0, 0x0, 0x3,
    0xd0, 0x0, 0x5b, 0x0, 0x0, 0x8, 0x88, 0x84,
    0x0, 0x59, 0x0, 0x0, 0x6, 0x66, 0xf8, 0xee,
    0xef, 0xee, 0xe1, 0x0, 0xa, 0x70, 0x8, 0x90,
    0x86, 0x0, 0xa, 0xe, 0x0, 0x8d, 0x44, 0x5f,
    0x40, 0xd, 0xe, 0x95, 0xaa, 0x99, 0x87, 0xb0,
    0xd, 0xe, 0x10, 0x46, 0x58, 0x28, 0x0, 0xd,
    0xe, 0x0, 0x67, 0x58, 0x3a, 0x0, 0xd, 0xf,
    0x77, 0x86, 0x58, 0x3a, 0x10, 0x4f, 0xfc, 0x85,
    0xe2, 0x58, 0x3a, 0x46, 0x13, 0x0, 0xe, 0x60,
    0x24, 0x1e, 0xd3, 0x0, 0x0, 0x0, 0x0, 0x0,
    0x0, 0x0,

    /* U+8584 "薄" */
    0x0, 0x0, 0xf1, 0x0, 0xf, 0x0, 0x0, 0x2e,
    0xee, 0xfe, 0xee, 0xef, 0xee, 0xe3, 0x1, 0x0,
    0xc0, 0x0, 0x3d, 0x48, 0x10, 0x6, 0xe7, 0x59,
    0x99, 0xeb, 0x9d, 0xc3, 0x0, 0x29, 0x14, 0x44,
    0xc7, 0x44, 0x30, 0x3, 0x0, 0x2f, 0x99, 0xeb,
    0x9c, 0x90, 0x2b, 0xb2, 0x2f, 0x99, 0xeb, 0x9c,
    0x90, 0x0, 0x52, 0x2e, 0x55, 0xc8, 0x5a, 0x90,
    0x0, 0x1, 0x2e, 0x33, 0xb7, 0x79, 0x90, 0x0,
    0x69, 0x9d, 0xaa, 0xbb, 0xec, 0xc3, 0x0, 0xe2,
    0x26, 0xd4, 0x33, 0xd4, 0x31, 0x9, 0x90, 0x0,
    0x7c, 0x0, 0xc2, 0x0, 0xb, 0x10, 0x0, 0x2,
    0x2d, 0xd0, 0x0, 0x0, 0x0, 0x0, 0x0, 0x0,
    0x0, 0x0,

    /* U+85AF "薯" */
    0x0, 0x0, 0xd4, 0x0, 0x3f, 0x0, 0x0, 0x2d,
    0xdd, 0xfd, 0xdd, 0xdf, 0xdd, 0xd2, 0x0, 0x0,
    0x62, 0x0, 0x17, 0x0, 0x0, 0x0, 0xfb, 0xbf,
    0xbb, 0xfb, 0xbe, 0x40, 0x0, 0xf7, 0x7e, 0x77,
    0xe7, 0x7d, 0x40, 0x0, 0x45, 0x56, 0xf5, 0x55,
    0x4a, 0x30, 0x0, 0x7b, 0xbc, 0xfb, 0xbd, 0xda,
    0x0, 0x16, 0x66, 0x67, 0xf7, 0xaf, 0xa6, 0x61,
    0x15, 0x56, 0x9e, 0xf9, 0x65, 0x55, 0x51, 0x27,
    0xbe, 0xea, 0xaa, 0xaa, 0xaf, 0x0, 0x26, 0x25,
    0xd9, 0x99, 0x99, 0x9f, 0x0, 0x0, 0x5, 0xa0,
    0x0, 0x0, 0xf, 0x0, 0x0, 0x5, 0xeb, 0xbb,
    0xbb, 0xbf, 0x0, 0x0, 0x0, 0x0, 0x0, 0x0,
    0x0, 0x0,

    /* U+85CF "藏" */
    0x0, 0x0, 0xf1, 0x0, 0x4a, 0x0, 0x0, 0x2e,
    0xee, 0xfe, 0xee, 0xef, 0xee, 0xe2, 0x0, 0x0,
    0xf1, 0x0, 0x4c, 0x19, 0x10, 0x1, 0x3, 0x52,
    0x22, 0x4f, 0x58, 0xa0, 0xc, 0xf, 0xcc, 0xcc,
    0xcf, 0xcc, 0xc3, 0xc, 0xe, 0x39, 0x99, 0x7f,
    0x44, 0x40, 0xe, 0xdf, 0x58, 0xa4, 0x2d, 0x5a,
    0x60, 0x5, 0xe, 0x5d, 0xcb, 0xbb, 0x7f, 0x10,
    0x8e, 0xee, 0x57, 0x0, 0xc9, 0xeb, 0x0, 0xc,
    0xd, 0x5d, 0xdb, 0x95, 0xf3, 0x0, 0xc, 0x2b,
    0x5a, 0xb7, 0x3a, 0xf1, 0x22, 0x1c, 0x68, 0x5a,
    0x66, 0xdd, 0xb9, 0x57, 0x65, 0x92, 0x11, 0x5,
    0xc1, 0x1d, 0xe2,

    /* U+85D5 "藕" */
    0x0, 0x0, 0xe2, 0x0, 0x1e, 0x0, 0x0, 0x5f,
    0xff, 0xff, 0xff, 0xff, 0xff, 0xf6, 0x0, 0x0,
    0xd2, 0x0, 0x1d, 0x0, 0x0, 0x1, 0x2c, 0x11,
    0x5b, 0xbb, 0xbb, 0x20, 0x1e, 0xef, 0xee, 0x88,
    0xd, 0xb, 0x30, 0x1, 0x2f, 0x11, 0x7d, 0xbf,
    0xbe, 0x30, 0xa, 0xcf, 0xc9, 0x78, 0xd, 0xb,
    0x30, 0x14, 0x5f, 0x44, 0x5b, 0xbf, 0xbb, 0x20,
    0x29, 0xcf, 0xa9, 0x89, 0x9f, 0x99, 0x90, 0x0,
    0xdf, 0xc0, 0xe3, 0x3d, 0x54, 0xf0, 0x9, 0x9e,
    0x5b, 0xe2, 0x5e, 0xc5, 0xf0, 0x4c, 0x1e, 0x1,
    0xe4, 0x64, 0x27, 0xf0, 0x0, 0x1e, 0x0, 0xe0,
    0x0, 0x2b, 0xd0, 0x0, 0x0, 0x0, 0x0, 0x0,
    0x0, 0x0,

    /* U+85E4 "藤" */
    0x0, 0x0, 0xc4, 0x0, 0xf, 0x0, 0x0, 0x2e,
    0xee, 0xfe, 0xee, 0xef, 0xee, 0xe3, 0x0, 0x0,
    0xa4, 0x0, 0x1d, 0x0, 0x0, 0x5, 0xdd, 0xd0,
    0x76, 0x68, 0x1c, 0x0, 0x6, 0x80, 0xe1, 0x59,
    0xb8, 0x89, 0x40, 0x6, 0x80, 0xe2, 0xaa, 0xfa,
    0xaa, 0xa0, 0x6, 0xed, 0xf3, 0x48, 0xb4, 0x44,
    0x41, 0x6, 0x70, 0xe4, 0x9e, 0x67, 0xab, 0x61,
    0x6, 0xed, 0xf7, 0xd3, 0x3b, 0xb, 0xa2, 0x8,
    0x50, 0xe4, 0x4c, 0x3c, 0x3b, 0x41, 0xa, 0x30,
    0xe0, 0xb, 0xdf, 0xf4, 0x0, 0xe, 0x0, 0xe3,
    0xd9, 0x4b, 0x3c, 0x60, 0x49, 0xd, 0xd0, 0x23,
    0xd9, 0x0, 0x10, 0x0, 0x0, 0x0, 0x0, 0x0,
    0x0, 0x0,

    /* U+8611 "蘑" */
    0x0, 0x0, 0xf1, 0x0, 0x1f, 0x0, 0x0, 0x3d,
    0xdd, 0xfd, 0xdd, 0xdf, 0xdd, 0xd3, 0x0, 0x0,
    0x80, 0x79, 0x8, 0x0, 0x0, 0x5, 0xec, 0xcc,
    0xcd, 0xcc, 0xcc, 0xc1, 0x5, 0xa0, 0x9, 0x0,
    0x2, 0x70, 0x0, 0x5, 0xa9, 0xcf, 0xb6, 0xae,
    0xfa, 0x80, 0x5, 0xa0, 0xae, 0xb2, 0x4c, 0xc9,
    0x0, 0x6, 0xab, 0x3c, 0x15, 0xa3, 0x93, 0xb1,
    0x6, 0x87, 0x79, 0x77, 0x77, 0x97, 0x70, 0x8,
    0x64, 0x4e, 0x74, 0x44, 0x44, 0x40, 0xb, 0x41,
    0xcf, 0xcc, 0xcc, 0xcf, 0x20, 0xe, 0x5e, 0x9b,
    0x0, 0x0, 0xd, 0x20, 0x4a, 0x1, 0x3f, 0xcc,
    0xcc, 0xcf, 0x20, 0x0, 0x0, 0x0, 0x0, 0x0,
    0x0, 0x0,

    /* U+8638 "蘸" */
    0x0, 0x0, 0xf0, 0x0, 0x2d, 0x0, 0x0, 0x2d,
    0xdd, 0xfd, 0xdd, 0xef, 0xdd, 0xd1, 0x0, 0x0,
    0xb0, 0x0, 0x3a, 0x10, 0x0, 0xd, 0xdd, 0xdd,
    0xc2, 0xc2, 0xd0, 0x0, 0x0, 0xa, 0xb0, 0xa,
    0xed, 0xfd, 0xd1, 0x9, 0xce, 0xec, 0xaf, 0xa3,
    0xe3, 0x20, 0xc, 0x28, 0xb2, 0xa6, 0xb7, 0xf7,
    0x50, 0xc, 0xa3, 0xab, 0xa6, 0xdb, 0xfb, 0x80,
    0xc, 0x30, 0x2, 0xa6, 0x80, 0xe0, 0x0, 0xd,
    0xcc, 0xcc, 0xa6, 0xed, 0xfd, 0xd3, 0xc, 0x0,
    0x2, 0xa4, 0x52, 0x42, 0x30, 0xd, 0xdd, 0xdd,
    0xa9, 0x4a, 0x93, 0xc0, 0xc, 0x0, 0x2, 0xbc,
    0x9, 0x34, 0x82, 0x0, 0x0, 0x0, 0x0, 0x0,
    0x0, 0x0,

    /* U+864E "虎" */
    0x0, 0x0, 0x0, 0xc3, 0x0, 0x0, 0x0, 0x0,
    0x0, 0x0, 0xce, 0xee, 0xee, 0x10, 0x0, 0x0,
    0x0, 0xc3, 0x0, 0x0, 0x0, 0x2, 0xff, 0xff,
    0xff, 0xff, 0xff, 0xe0, 0x3, 0xd0, 0x0, 0xc2,
    0x12, 0x37, 0xb0, 0x3, 0xd5, 0xbc, 0xfc, 0xa9,
    0x62, 0x40, 0x3, 0xd0, 0x0, 0xb7, 0x55, 0x56,
    0xd0, 0x3, 0xd0, 0x0, 0x27, 0x88, 0x87, 0x20,
    0x4, 0xc0, 0xd, 0xdd, 0xd5, 0x0, 0x0, 0x6,
    0xa0, 0xf, 0x11, 0x97, 0x0, 0x0, 0x9, 0x70,
    0x2e, 0x0, 0x87, 0x0, 0x60, 0xd, 0x31, 0xb8,
    0x0, 0x87, 0x0, 0xd1, 0x3d, 0x3e, 0x80, 0x0,
    0x4f, 0xff, 0xb0, 0x0, 0x1, 0x0, 0x0, 0x0,
    0x0, 0x0,

    /* U+866B "虫" */
    0x0, 0x0, 0x0, 0xd5, 0x0, 0x0, 0x0, 0x0,
    0x0, 0x0, 0xd5, 0x0, 0x0, 0x0, 0x0, 0x44,
    0x44, 0xe8, 0x44, 0x44, 0x0, 0x2, 0xfc, 0xcc,
    0xfd, 0xcc, 0xcf, 0x10, 0x2, 0xe0, 0x0, 0xd5,
    0x0, 0xf, 0x10, 0x2, 0xe0, 0x0, 0xd5, 0x0,
    0xf, 0x10, 0x2, 0xe1, 0x11, 0xd5, 0x11, 0x1f,
    0x10, 0x2, 0xff, 0xff, 0xff, 0xff, 0xff, 0x10,
    0x0, 0x0, 0x0, 0xd5, 0x0, 0x0, 0x0, 0x0,
    0x0, 0x0, 0xd5, 0x2, 0xe3, 0x0, 0x0, 0x0,
    0x0, 0xd5, 0x0, 0x7e, 0x10, 0x2a, 0xbb, 0xcd,
    0xff, 0xff, 0xee, 0xb0, 0x17, 0x65, 0x43, 0x21,
    0x0, 0x1, 0xe3, 0x0, 0x0, 0x0, 0x0, 0x0,
    0x0, 0x10,

    /* U+867E "虾" */
    0x0, 0xf, 0x0, 0x0, 0x0, 0x0, 0x0, 0x0,
    0xf, 0x0, 0xcc, 0xcc, 0xcc, 0xc7, 0x2, 0x2f,
    0x22, 0x33, 0x5f, 0x33, 0x32, 0xe, 0xbf, 0xbf,
    0x0, 0x1e, 0x0, 0x0, 0xe, 0xd, 0xe, 0x0,
    0x1f, 0x20, 0x0, 0xe, 0xd, 0xe, 0x0, 0x1f,
    0xe6, 0x0, 0xe, 0xd, 0xe, 0x0, 0x1e, 0x2d,
    0x90, 0xe, 0xef, 0xee, 0x0, 0x1e, 0x0, 0xa2,
    0x8, 0xf, 0x2, 0x0, 0x1e, 0x0, 0x0, 0x0,
    0xf, 0x1d, 0x0, 0x1e, 0x0, 0x0, 0x0, 0xf,
    0x5d, 0x30, 0x1e, 0x0, 0x0, 0x6e, 0xec, 0xaa,
    0x70, 0x1e, 0x0, 0x0, 0x11, 0x0, 0x1, 0x20,
    0x1e, 0x0, 0x0,

    /* U+868C "蚌" */
    0x0, 0xe, 0x0, 0x0, 0xe, 0x20, 0x0, 0x0,
    0xf, 0x0, 0x0, 0xe, 0x20, 0x0, 0x3, 0x3f,
    0x33, 0x34, 0x4e, 0x54, 0x40, 0xf, 0xaf, 0xaf,
    0x8b, 0xbf, 0xcb, 0xb0, 0xd, 0xd, 0xd, 0x0,
    0xe, 0x20, 0x0, 0xd, 0xd, 0xd, 0x4c, 0xcf,
    0xcc, 0x80, 0xe, 0x2d, 0x2e, 0x13, 0x3e, 0x43,
    0x20, 0xf, 0xdf, 0xdd, 0x0, 0xe, 0x20, 0x0,
    0x7, 0xf, 0x0, 0x33, 0x3e, 0x43, 0x30, 0x0,
    0xf, 0xc, 0xcc, 0xcf, 0xdc, 0xc2, 0x0, 0xf,
    0x5d, 0x30, 0xe, 0x20, 0x0, 0x4e, 0xdb, 0x88,
    0x80, 0xe, 0x20, 0x0, 0x0, 0x0, 0x0, 0x20,
    0xe, 0x20, 0x0,

    /* U+8695 "蚕" */
    0x2, 0xee, 0xef, 0xfe, 0xee, 0xee, 0x30, 0x0,
    0x0, 0x8, 0x90, 0x0, 0x0, 0x0, 0x3e, 0xee,
    0xef, 0xee, 0xee, 0xee, 0xe3, 0x1, 0x11, 0xc9,
    0x11, 0xba, 0x11, 0x10, 0x0, 0xa, 0xb0, 0x54,
    0x1c, 0x90, 0x0, 0x3, 0xdc, 0x22, 0xa8, 0x23,
    0xdd, 0x50, 0x3e, 0xae, 0xcc, 0xed, 0xcc, 0xf8,
    0xc2, 0x0, 0x5b, 0x0, 0x97, 0x0, 0xe3, 0x0,
    0x0, 0x4e, 0xee, 0xff, 0xee, 0xe3, 0x0, 0x0,
    0x0, 0x0, 0x97, 0x3, 0xb1, 0x0, 0x3, 0x45,
    0x56, 0xcc, 0x89, 0xee, 0x20, 0xa, 0xba, 0x99,
    0x87, 0x65, 0x46, 0xc0, 0x0, 0x0, 0x0, 0x0,
    0x0, 0x0, 0x0,

    /* U+869D "蚝" */
    0x0, 0x1e, 0x0, 0x0, 0x0, 0x59, 0x0, 0x0,
    0x1e, 0x0, 0x4, 0x9e, 0xb5, 0x0, 0x3, 0x4e,
    0x32, 0x8a, 0x7d, 0x0, 0x0, 0xf, 0xaf, 0xbd,
    0x0, 0x1e, 0x0, 0x0, 0xe, 0xc, 0x1d, 0x1,
    0x5f, 0xbe, 0x90, 0xe, 0xc, 0x1d, 0x5e, 0xbf,
    0x41, 0x0, 0xe, 0xc, 0x1d, 0x0, 0x1e, 0x0,
    0x0, 0xf, 0xef, 0xeb, 0x0, 0x3e, 0x7a, 0xd3,
    0x8, 0x1e, 0x21, 0x7e, 0xef, 0x74, 0x10, 0x0,
    0x1e, 0x5a, 0x21, 0x1e, 0x0, 0x0, 0x0, 0x3f,
    0x9f, 0x0, 0x1e, 0x0, 0x92, 0x4f, 0xd9, 0x6b,
    0x50, 0x1e, 0x0, 0xc2, 0x0, 0x0, 0x1, 0x0,
    0xd, 0xff, 0xc0,

    /* U+86CB "蛋" */
    0x0, 0x0, 0x0, 0x0, 0x0, 0x0, 0x0, 0x9,
    0xcc, 0xcc, 0xfd, 0xcc, 0xce, 0xc0, 0x0, 0x9,
    0x20, 0xd3, 0x0, 0xb, 0x50, 0x0, 0x3f, 0x30,
    0xdd, 0xcc, 0xa6, 0x0, 0x1, 0xd7, 0xd7, 0xe4,
    0x0, 0x0, 0x0, 0x3d, 0x80, 0x17, 0xce, 0xef,
    0xff, 0xf3, 0x76, 0x0, 0x0, 0xa3, 0x0, 0x0,
    0x0, 0x0, 0xdc, 0xcc, 0xfd, 0xcc, 0xdd, 0x0,
    0x0, 0xe1, 0x0, 0xc3, 0x0, 0x2e, 0x0, 0x0,
    0xed, 0xdd, 0xfd, 0xdd, 0xde, 0x0, 0x0, 0x0,
    0x0, 0xc3, 0x7, 0xa0, 0x0, 0x26, 0x66, 0x77,
    0xea, 0x89, 0xfd, 0x30, 0x39, 0x98, 0x77, 0x65,
    0x54, 0x35, 0xe2, 0x0, 0x0, 0x0, 0x0, 0x0,
    0x0, 0x0,

    /* U+8700 "蜀" */
    0x2, 0xfe, 0xef, 0xee, 0xfe, 0xee, 0xc0, 0x2d,
    0x0, 0xf0, 0xe, 0x10, 0x4c, 0x2, 0xfa, 0xaf,
    0xaa, 0xfa, 0xac, 0xc0, 0x2, 0x9c, 0x22, 0x22,
    0x22, 0x21, 0x0, 0x7f, 0xfe, 0xee, 0xee, 0xef,
    0xd0, 0xac, 0x10, 0x1b, 0x0, 0x0, 0x3d, 0x3,
    0x7e, 0xcc, 0xfc, 0xce, 0x4, 0xc0, 0x7, 0xa0,
    0x2c, 0x1, 0xf0, 0x4b, 0x0, 0x7e, 0xbc, 0xfb,
    0xcd, 0x6, 0xa0, 0x2, 0x30, 0x2c, 0xa, 0x50,
    0x79, 0x0, 0xab, 0xbd, 0xfd, 0xce, 0x2b, 0x60,
    0x4, 0x32, 0x10, 0x0, 0xcd, 0xe1, 0x0, 0x0,
    0x0, 0x0, 0x0, 0x0, 0x0,

    /* U+8702 "蜂" */
    0x0, 0x0, 0x0, 0x0, 0x10, 0x0, 0x0, 0x0,
    0x2d, 0x0, 0x0, 0xd2, 0x0, 0x0, 0x0, 0x2d,
    0x0, 0x6, 0xfc, 0xcc, 0x20, 0x3, 0x4d, 0x21,
    0x2f, 0x73, 0x6d, 0x0, 0xf, 0xbe, 0xbc, 0xd5,
    0xd4, 0xd3, 0x0, 0xc, 0x1b, 0xb, 0x10, 0x7f,
    0x90, 0x0, 0xc, 0x1b, 0xb, 0x3a, 0xc6, 0xbc,
    0x61, 0xc, 0x1b, 0xe, 0xa4, 0xf, 0x14, 0xa3,
    0xf, 0xef, 0xeb, 0x6c, 0xcf, 0xcc, 0x70, 0x7,
    0x2c, 0x1, 0x15, 0x5f, 0x55, 0x10, 0x0, 0x2c,
    0x48, 0x15, 0x5f, 0x55, 0x20, 0x0, 0x5e, 0x9c,
    0xcc, 0xcf, 0xcc, 0xc3, 0x5f, 0xc9, 0x5b, 0x11,
    0x1f, 0x11, 0x10, 0x0, 0x0, 0x1, 0x0, 0xf,
    0x0, 0x0,

    /* U+871C "蜜" */
    0x0, 0x0, 0xb, 0x30, 0x0, 0x0, 0xc, 0xdd,
    0xdd, 0xff, 0xdd, 0xdd, 0xc0, 0xe0, 0x0, 0x8a,
    0x10, 0x82, 0x1f, 0x5, 0x73, 0xe0, 0x48, 0xb7,
    0x83, 0x50, 0x2d, 0xe, 0x29, 0xb3, 0x25, 0xc5,
    0x2, 0x78, 0xff, 0xd9, 0x9c, 0x61, 0x60, 0x99,
    0x51, 0x2a, 0x53, 0x20, 0x0, 0x0, 0x8d, 0xdd,
    0xfe, 0xdd, 0xda, 0x0, 0xa, 0x50, 0xc, 0x40,
    0x4, 0xc0, 0x0, 0xac, 0xbb, 0xec, 0xbb, 0xcc,
    0x0, 0x1, 0x11, 0x1c, 0x51, 0x5c, 0x30, 0x4,
    0x55, 0x66, 0xda, 0x88, 0xde, 0x30, 0x69, 0x88,
    0x77, 0x65, 0x54, 0x5b, 0x0,

    /* U+878D "融" */
    0x0, 0x0, 0x0, 0x0, 0x0, 0xe0, 0x0, 0x1e,
    0xee, 0xee, 0xe7, 0x0, 0xe0, 0x0, 0x2, 0x66,
    0x66, 0x40, 0x0, 0xe0, 0x0, 0x7, 0x85, 0x58,
    0xc0, 0xfe, 0xfe, 0xf0, 0x7, 0x62, 0x25, 0xc0,
    0xd0, 0xc0, 0xd0, 0x4, 0xaa, 0xaa, 0x80, 0xd0,
    0xc0, 0xd0, 0xa, 0xaa, 0xaa, 0xb3, 0xd0, 0xc0,
    0xd0, 0xb, 0x53, 0x18, 0xa5, 0xfd, 0xfd, 0xf0,
    0xb, 0x1a, 0x83, 0xa5, 0x11, 0xe2, 0x10, 0xb,
    0x9c, 0xe9, 0xa5, 0x0, 0xe3, 0x80, 0xb, 0x5,
    0x70, 0xa5, 0x0, 0xe0, 0xc0, 0xb, 0x5, 0x70,
    0xa5, 0x47, 0xfd, 0xe4, 0xb, 0x5, 0x7b, 0xe4,
    0xe9, 0x51, 0x48, 0x0, 0x0, 0x0, 0x0, 0x0,
    0x0, 0x0,

    /* U+87BA "螺" */
    0x0, 0x57, 0x0, 0x0, 0x0, 0x0, 0x0, 0x0,
    0x57, 0x3, 0xe9, 0x9f, 0x9a, 0xe0, 0x0, 0x57,
    0x3, 0xd0, 0xe, 0x1, 0xe0, 0xe, 0xcc, 0xe3,
    0xfb, 0xbf, 0xbb, 0xe0, 0xc, 0x45, 0xc3, 0xe6,
    0x6f, 0x66, 0xe0, 0xc, 0x45, 0xc1, 0x69, 0xf8,
    0x87, 0x50, 0xc, 0x45, 0xc0, 0x6e, 0x86, 0xd5,
    0x0, 0xf, 0xff, 0xe0, 0x8a, 0xfc, 0x27, 0x0,
    0x7, 0x57, 0x30, 0x6e, 0x95, 0x6b, 0xb0, 0x0,
    0x57, 0xd6, 0xca, 0x9e, 0x85, 0xb5, 0x1, 0x8b,
    0xe4, 0x49, 0xd, 0x2b, 0x20, 0x5e, 0xb8, 0x8a,
    0xe2, 0xd, 0x24, 0xc0, 0x0, 0x0, 0x7, 0x35,
    0xdd, 0x0, 0x61, 0x0, 0x0, 0x0, 0x0, 0x0,
    0x0, 0x0,

    /* U+8840 "血" */
    0x0, 0x0, 0x0, 0xa2, 0x0, 0x0, 0x0, 0x0,
    0x0, 0x3, 0xf0, 0x0, 0x0, 0x0, 0x0, 0x0,
    0x9, 0x80, 0x0, 0x0, 0x0, 0x0, 0xff, 0xff,
    0xff, 0xff, 0xff, 0x20, 0x0, 0xf0, 0xf, 0x0,
    0xf0, 0xe, 0x20, 0x0, 0xf0, 0xf, 0x0, 0xf0,
    0xe, 0x20, 0x0, 0xf0, 0xf, 0x0, 0xf0, 0xe,
    0x20, 0x0, 0xf0, 0xf, 0x0, 0xf0, 0xe, 0x20,
    0x0, 0xf0, 0xf, 0x0, 0xf0, 0xe, 0x20, 0x0,
    0xf0, 0xf, 0x0, 0xf0, 0xe, 0x20, 0x0, 0xf0,
    0xf, 0x0, 0xf0, 0xe, 0x20, 0x4b, 0xfa, 0xaf,
    0xaa, 0xfb, 0xaf, 0xb4, 0x25, 0x55, 0x55, 0x55,
    0x55, 0x55, 0x52,

    /* U+884C "行" */
    0x0, 0x6, 0x70, 0x0, 0x0, 0x0, 0x0, 0x0,
    0x5e, 0x20, 0xdf, 0xff, 0xff, 0xf1, 0x6, 0xe3,
    0x0, 0x0, 0x0, 0x0, 0x0, 0x1d, 0x20, 0x91,
    0x0, 0x0, 0x0, 0x0, 0x0, 0x8, 0xb0, 0x11,
    0x11, 0x11, 0x10, 0x0, 0x5f, 0x18, 0xff, 0xff,
    0xff, 0xf5, 0x5, 0xfe, 0x0, 0x0, 0x0, 0xb5,
    0x0, 0x3f, 0x5e, 0x0, 0x0, 0x0, 0xb5, 0x0,
    0x1, 0x1e, 0x0, 0x0, 0x0, 0xb5, 0x0, 0x0,
    0x1e, 0x0, 0x0, 0x0, 0xb5, 0x0, 0x0, 0x1e,
    0x0, 0x0, 0x0, 0xb5, 0x0, 0x0, 0x1e, 0x0,
    0x0, 0x0, 0xb5, 0x0, 0x0, 0x1e, 0x0, 0x1,
    0xff, 0xe2, 0x0, 0x0, 0x0, 0x0, 0x0, 0x0,
    0x0, 0x0,

    /* U+8868 "表" */
    0x0, 0x0, 0x0, 0x2e, 0x0, 0x0, 0x0, 0x1,
    0xbb, 0xbb, 0xcf, 0xbb, 0xbb, 0xb0, 0x0, 0x22,
    0x22, 0x4f, 0x22, 0x22, 0x20, 0x0, 0x13, 0x33,
    0x4f, 0x33, 0x33, 0x10, 0x0, 0x4a, 0xaa, 0xbf,
    0xaa, 0xaa, 0x40, 0x0, 0x11, 0x11, 0x3f, 0x11,
    0x11, 0x10, 0x8, 0xdd, 0xdd, 0xff, 0xed, 0xdd,
    0xd6, 0x0, 0x0, 0x1c, 0x96, 0xa0, 0x1, 0x60,
    0x0, 0x7, 0xf6, 0x0, 0xe3, 0x4e, 0x70, 0x8,
    0xec, 0xe0, 0x0, 0x4e, 0xd3, 0x0, 0x4, 0x22,
    0xe0, 0x0, 0x17, 0xe3, 0x0, 0x0, 0x3, 0xe6,
    0xae, 0x50, 0x6f, 0x93, 0x0, 0x7, 0xfa, 0x50,
    0x0, 0x1, 0x97, 0x0, 0x1, 0x0, 0x0, 0x0,
    0x0, 0x0,

    /* U+888B "袋" */
    0x0, 0x0, 0x0, 0x0, 0x0, 0x0, 0x0, 0x0,
    0x3, 0xb0, 0xe, 0x12, 0xb3, 0x0, 0x0, 0x1d,
    0x40, 0xc, 0x40, 0x3b, 0x10, 0x1, 0xcc, 0x26,
    0x8d, 0xdc, 0xee, 0xd4, 0x2d, 0xbc, 0x38, 0x65,
    0xf5, 0x0, 0x0, 0x16, 0x3c, 0x0, 0x0, 0x7d,
    0x20, 0x64, 0x0, 0x3c, 0x0, 0xb2, 0x7, 0xfb,
    0xe3, 0x0, 0x14, 0x0, 0x78, 0x0, 0x15, 0x40,
    0x1e, 0xee, 0xee, 0xee, 0xee, 0xee, 0xe6, 0x0,
    0x0, 0x4d, 0x7b, 0x60, 0x8, 0x40, 0x1, 0x6c,
    0xe2, 0x2, 0xe7, 0xd9, 0x10, 0x1d, 0x95, 0xd0,
    0x1, 0x4f, 0x90, 0x0, 0x0, 0x4, 0xea, 0xdc,
    0x2, 0xbe, 0x93, 0x0, 0x6, 0x84, 0x0, 0x0,
    0x2, 0x81,

    /* U+88C5 "装" */
    0x0, 0x2, 0xd0, 0x0, 0x4c, 0x0, 0x0, 0x9,
    0x92, 0xd0, 0x0, 0x4c, 0x0, 0x0, 0x0, 0xa5,
    0xd8, 0xee, 0xff, 0xee, 0xe1, 0x0, 0x3, 0xd0,
    0x0, 0x4c, 0x0, 0x0, 0x2, 0xae, 0xd0, 0x0,
    0x4c, 0x0, 0x0, 0x2d, 0x62, 0xd1, 0xaa, 0xce,
    0xaa, 0x80, 0x0, 0x1, 0x70, 0x97, 0x44, 0x44,
    0x30, 0x1, 0x11, 0x11, 0x9b, 0x11, 0x11, 0x10,
    0xc, 0xcc, 0xce, 0xff, 0xcc, 0xcc, 0xc5, 0x0,
    0x1, 0x8c, 0x2a, 0x70, 0x3c, 0x30, 0x6, 0xbe,
    0xc0, 0x1, 0xdb, 0xb3, 0x0, 0x7, 0x34, 0xb1,
    0x48, 0x2c, 0xc4, 0x0, 0x0, 0xb, 0xfc, 0x95,
    0x0, 0x6d, 0xe3, 0x0, 0x3, 0x0, 0x0, 0x0,
    0x0, 0x20,

    /* U+88D5 "裕" */
    0x0, 0x33, 0x0, 0x0, 0x10, 0x11, 0x0, 0x0,
    0x4e, 0x10, 0x8, 0x90, 0x6c, 0x0, 0x1, 0x18,
    0x30, 0x2e, 0x10, 0xb, 0x70, 0x3e, 0xee, 0xf7,
    0xc6, 0xe, 0x11, 0xe1, 0x0, 0x2, 0xe2, 0x70,
    0x7f, 0x60, 0x30, 0x0, 0xb, 0x72, 0x1, 0xe4,
    0xe1, 0x0, 0x0, 0x8f, 0x4c, 0x1c, 0x70, 0x6c,
    0x0, 0x7, 0xef, 0xf3, 0xca, 0x0, 0x9, 0xc1,
    0x5e, 0x3e, 0x5f, 0xdf, 0xff, 0xff, 0xc4, 0x2,
    0x1e, 0x3, 0x5a, 0x0, 0xa, 0x50, 0x0, 0x1e,
    0x0, 0x5a, 0x0, 0xa, 0x50, 0x0, 0x1e, 0x0,
    0x5b, 0x33, 0x3b, 0x50, 0x0, 0x1e, 0x0, 0x5e,
    0xcc, 0xce, 0x50, 0x0, 0x0, 0x0, 0x0, 0x0,
    0x0, 0x0,

    /* U+88F9 "裹" */
    0x0, 0x0, 0x0, 0x75, 0x0, 0x0, 0x0, 0xd,
    0xdd, 0xdd, 0xef, 0xdd, 0xdd, 0xd0, 0x0, 0x47,
    0x77, 0x77, 0x77, 0x74, 0x0, 0x0, 0xa8, 0x33,
    0xaa, 0x33, 0x8a, 0x0, 0x0, 0xab, 0x99, 0xdc,
    0x99, 0xca, 0x0, 0x0, 0x79, 0x88, 0xcc, 0x88,
    0x97, 0x0, 0xc, 0xcc, 0xcc, 0xee, 0xcc, 0xcc,
    0xc0, 0x0, 0x5, 0xaa, 0xaa, 0x8b, 0x82, 0x0,
    0x1c, 0xc7, 0x23, 0xca, 0x0, 0x4a, 0xb0, 0x0,
    0x5, 0xbc, 0x4b, 0x63, 0xc5, 0x10, 0x2b, 0xeb,
    0xd0, 0x0, 0xbf, 0x40, 0x0, 0x3, 0x4, 0xd7,
    0xb5, 0x6, 0xda, 0x51, 0x0, 0x7, 0xb6, 0x20,
    0x0, 0x4, 0x91,

    /* U+897F "西" */
    0x2f, 0xff, 0xff, 0xff, 0xff, 0xff, 0xf2, 0x0,
    0x0, 0xf, 0x0, 0xf0, 0x0, 0x0, 0x0, 0x0,
    0xf, 0x0, 0xf0, 0x0, 0x0, 0x6, 0xee, 0xef,
    0xee, 0xfe, 0xee, 0x70, 0x6, 0xa0, 0x2e, 0x1,
    0xf0, 0x8, 0x80, 0x6, 0x90, 0x4b, 0x0, 0xf0,
    0x8, 0x80, 0x6, 0x90, 0xc4, 0x0, 0xf1, 0x8,
    0x80, 0x6, 0xbd, 0x80, 0x0, 0xbf, 0xff, 0x80,
    0x6, 0x93, 0x0, 0x0, 0x0, 0x8, 0x80, 0x6,
    0x90, 0x0, 0x0, 0x0, 0x8, 0x80, 0x6, 0xff,
    0xff, 0xff, 0xff, 0xff, 0x80, 0x6, 0xa0, 0x0,
    0x0, 0x0, 0x8, 0x80, 0x0, 0x0, 0x0, 0x0,
    0x0, 0x0, 0x0,

    /* U+8981 "要" */
    0xc, 0xcc, 0xdf, 0xcc, 0xfc, 0xcc, 0xc0, 0x0,
    0x0, 0x3c, 0x0, 0xf1, 0x0, 0x0, 0x5, 0xfe,
    0xef, 0xee, 0xfe, 0xef, 0x60, 0x5, 0xa0, 0x3c,
    0x0, 0xf1, 0x9, 0x60, 0x5, 0xc5, 0x8d, 0x55,
    0xf6, 0x5c, 0x60, 0x2, 0x88, 0x8d, 0xa8, 0x88,
    0x88, 0x30, 0x0, 0x0, 0x2f, 0x10, 0x0, 0x0,
    0x0, 0x1f, 0xff, 0xff, 0xff, 0xff, 0xff, 0xf6,
    0x0, 0x6, 0xc0, 0x0, 0x1e, 0x30, 0x0, 0x0,
    0x2e, 0xd8, 0x54, 0xd7, 0x0, 0x0, 0x0, 0x0,
    0x3b, 0xff, 0xf9, 0x50, 0x0, 0xa, 0xce, 0xd9,
    0x40, 0x16, 0xbf, 0x70, 0x2, 0x20, 0x0, 0x0,
    0x0, 0x1, 0x10,

    /* U+89C4 "规" */
    0x0, 0xf, 0x0, 0x0, 0x0, 0x0, 0x0, 0x0,
    0xf, 0x0, 0x1f, 0xee, 0xef, 0xe0, 0x3, 0x4f,
    0x33, 0x1e, 0x0, 0x3, 0xe0, 0xc, 0xcf, 0xca,
    0x1e, 0xa, 0x3, 0xe0, 0x0, 0xf, 0x0, 0x1e,
    0xe, 0x13, 0xe0, 0x0, 0x1f, 0x0, 0x1e, 0xe,
    0x13, 0xe0, 0x5f, 0xff, 0xff, 0x2e, 0xe, 0x3,
    0xe0, 0x0, 0x2e, 0x0, 0x1e, 0xf, 0x3, 0xe0,
    0x0, 0x5f, 0x80, 0x6, 0x3f, 0x81, 0x60, 0x0,
    0x97, 0xc6, 0x0, 0xad, 0x90, 0x0, 0x0, 0xe2,
    0x2d, 0x4, 0xe7, 0x90, 0x2a, 0x9, 0xa0, 0x0,
    0x4e, 0x37, 0x90, 0x49, 0x2d, 0x10, 0x6, 0xd3,
    0x4, 0xed, 0xe4, 0x0, 0x0, 0x0, 0x0, 0x0,
    0x0, 0x0,

    /* U+89D2 "角" */
    0x0, 0x0, 0x79, 0x0, 0x0, 0x0, 0x0, 0x0,
    0x2f, 0xee, 0xee, 0xf1, 0x0, 0x0, 0xd, 0x70,
    0x0, 0x8a, 0x0, 0x0, 0xb, 0xe5, 0x55, 0x7f,
    0x65, 0x61, 0xc, 0xde, 0x99, 0xaf, 0x99, 0x9e,
    0x40, 0x25, 0xb0, 0x2, 0xe0, 0x0, 0xd4, 0x0,
    0x5f, 0xee, 0xff, 0xee, 0xef, 0x40, 0x5, 0xb0,
    0x2, 0xe0, 0x0, 0xd4, 0x0, 0x6a, 0x0, 0x2e,
    0x0, 0xd, 0x40, 0x8, 0xff, 0xff, 0xff, 0xff,
    0xf4, 0x0, 0xc4, 0x0, 0x2e, 0x0, 0xd, 0x40,
    0x4e, 0x0, 0x2, 0xe0, 0x0, 0xd3, 0xc, 0x40,
    0x0, 0x2e, 0xe, 0xfd, 0x10, 0x0, 0x0, 0x0,
    0x0, 0x0, 0x0,

    /* U+89E3 "解" */
    0x0, 0x37, 0x0, 0x0, 0x0, 0x0, 0x0, 0x0,
    0x9e, 0xba, 0x7, 0x9f, 0xa9, 0xf1, 0x1, 0xe2,
    0x4b, 0x0, 0x2e, 0x0, 0xf0, 0xa, 0xa3, 0x98,
    0x10, 0xa9, 0x1, 0xe0, 0x3f, 0xa7, 0xd9, 0x9a,
    0xe1, 0x9d, 0x90, 0x7, 0x71, 0xb4, 0x97, 0x50,
    0x51, 0x0, 0x6, 0xc9, 0xea, 0x90, 0xe0, 0xf0,
    0x0, 0x6, 0x94, 0xc7, 0x96, 0xfe, 0xfe, 0xe1,
    0x7, 0x83, 0xc6, 0x9b, 0x10, 0xf0, 0x0, 0x8,
    0xb9, 0xeb, 0x99, 0xbb, 0xfb, 0xb5, 0xa, 0x31,
    0xb4, 0x92, 0x33, 0xf3, 0x31, 0xd, 0x1, 0xb4,
    0x90, 0x0, 0xf0, 0x0, 0x39, 0x0, 0x6e, 0x60,
    0x0, 0xf0, 0x0, 0x0, 0x0, 0x0, 0x0, 0x0,
    0x0, 0x0,

    /* U+8BA1 "计" */
    0x0, 0x72, 0x0, 0x0, 0x1f, 0x0, 0x0, 0x0,
    0x5e, 0x30, 0x0, 0x1f, 0x0, 0x0, 0x0, 0x6,
    0xc0, 0x0, 0x1f, 0x0, 0x0, 0x0, 0x0, 0x0,
    0x0, 0x1f, 0x0, 0x0, 0x16, 0x67, 0x1, 0x11,
    0x3f, 0x11, 0x10, 0x2a, 0xaf, 0x1a, 0xff, 0xff,
    0xff, 0xf8, 0x0, 0xf, 0x10, 0x0, 0x1f, 0x0,
    0x0, 0x0, 0xf, 0x10, 0x0, 0x1f, 0x0, 0x0,
    0x0, 0xf, 0x10, 0x0, 0x1f, 0x0, 0x0, 0x0,
    0xf, 0x15, 0x0, 0x1f, 0x0, 0x0, 0x0, 0xf,
    0xcb, 0x0, 0x1f, 0x0, 0x0, 0x0, 0x6f, 0x70,
    0x0, 0x1f, 0x0, 0x0, 0x0, 0x33, 0x0, 0x0,
    0x1f, 0x0, 0x0,

    /* U+8BA4 "认" */
    0x0, 0x61, 0x0, 0x0, 0x4c, 0x0, 0x0, 0x0,
    0x8d, 0x10, 0x0, 0x4c, 0x0, 0x0, 0x0, 0x9,
    0xa0, 0x0, 0x4c, 0x0, 0x0, 0x0, 0x0, 0x10,
    0x0, 0x4b, 0x0, 0x0, 0x2, 0x23, 0x0, 0x0,
    0x5b, 0x0, 0x0, 0x4d, 0xdf, 0x0, 0x0, 0x7d,
    0x0, 0x0, 0x0, 0xf, 0x0, 0x0, 0x9f, 0x0,
    0x0, 0x0, 0xf, 0x0, 0x0, 0xcf, 0x40, 0x0,
    0x0, 0xf, 0x0, 0x0, 0xf7, 0x90, 0x0, 0x0,
    0xf, 0x4, 0x5, 0xc0, 0xe1, 0x0, 0x0, 0xf,
    0xbb, 0xd, 0x50, 0x99, 0x0, 0x0, 0x5f, 0x70,
    0x9c, 0x0, 0x1e, 0x50, 0x0, 0x53, 0x7, 0xd1,
    0x0, 0x3, 0xe4, 0x0, 0x0, 0x0, 0x10, 0x0,
    0x0, 0x10,

    /* U+8BB0 "记" */
    0x0, 0x50, 0x0, 0x0, 0x0, 0x0, 0x0, 0x0,
    0xbb, 0x0, 0xcf, 0xff, 0xff, 0x60, 0x0, 0xb,
    0xa0, 0x11, 0x11, 0x1a, 0x70, 0x0, 0x0, 0x10,
    0x0, 0x0, 0x9, 0x70, 0x15, 0x56, 0x0, 0x0,
    0x0, 0x9, 0x70, 0x3c, 0xcf, 0x0, 0x1, 0x0,
    0x9, 0x70, 0x0, 0xf, 0x0, 0x8f, 0xff, 0xff,
    0x70, 0x0, 0xf, 0x0, 0x88, 0x0, 0x6, 0x50,
    0x0, 0xf, 0x0, 0x88, 0x0, 0x0, 0x0, 0x0,
    0xf, 0x0, 0x88, 0x0, 0x0, 0x10, 0x0, 0xf,
    0x7c, 0x88, 0x0, 0x0, 0x96, 0x0, 0x3f, 0xb1,
    0x89, 0x0, 0x0, 0xd4, 0x0, 0x57, 0x0, 0x3e,
    0xff, 0xff, 0xc0,

    /* U+8BBE "设" */
    0x0, 0x10, 0x0, 0x0, 0x0, 0x0, 0x0, 0x2,
    0xe4, 0x0, 0x3f, 0xff, 0xf4, 0x0, 0x0, 0x3e,
    0x30, 0x3c, 0x0, 0xc4, 0x0, 0x0, 0x2, 0x0,
    0x69, 0x0, 0xc4, 0x0, 0x36, 0x73, 0x3, 0xe3,
    0x0, 0xba, 0x81, 0x38, 0xc8, 0x1b, 0x40, 0x0,
    0x14, 0x40, 0x0, 0x88, 0x8, 0xcc, 0xcc, 0xcd,
    0x40, 0x0, 0x88, 0x2, 0xe4, 0x33, 0x3f, 0x20,
    0x0, 0x88, 0x0, 0x7a, 0x0, 0x99, 0x0, 0x0,
    0x88, 0x32, 0xc, 0x87, 0xd0, 0x0, 0x0, 0x8d,
    0xe3, 0x2, 0xff, 0x30, 0x0, 0x0, 0xea, 0x13,
    0x9e, 0x89, 0xf9, 0x30, 0x0, 0x50, 0xc, 0x81,
    0x0, 0x28, 0xc1,

    /* U+8BE6 "详" */
    0x0, 0x30, 0x0, 0x27, 0x0, 0x4, 0x70, 0x1,
    0xd7, 0x0, 0xe, 0x30, 0xc, 0x60, 0x0, 0x1d,
    0x50, 0x17, 0x71, 0x5d, 0x10, 0x0, 0x1, 0x2,
    0xee, 0xef, 0xee, 0xe3, 0x15, 0x55, 0x0, 0x0,
    0xf, 0x10, 0x0, 0x2c, 0xcf, 0x0, 0x0, 0xf,
    0x20, 0x0, 0x0, 0xf, 0x0, 0xbe, 0xef, 0xfe,
    0xc0, 0x0, 0xf, 0x0, 0x0, 0xf, 0x10, 0x0,
    0x0, 0xf, 0x0, 0x0, 0xf, 0x20, 0x0, 0x0,
    0xf, 0x9, 0xff, 0xff, 0xff, 0xf8, 0x0, 0xf,
    0xa7, 0x0, 0xf, 0x10, 0x0, 0x0, 0x5f, 0x70,
    0x0, 0xf, 0x10, 0x0, 0x0, 0x53, 0x0, 0x0,
    0xf, 0x10, 0x0,

    /* U+8BF7 "请" */
    0x4, 0x30, 0x0, 0x0, 0xd3, 0x0, 0x0, 0x4e,
    0x31, 0xdd, 0xdf, 0xdd, 0xd7, 0x0, 0x4c, 0x0,
    0x11, 0xd4, 0x11, 0x0, 0x0, 0x0, 0x8b, 0xbf,
    0xcb, 0xb1, 0x36, 0x73, 0x24, 0x44, 0xe6, 0x44,
    0x45, 0x8c, 0x74, 0x77, 0x77, 0x77, 0x77, 0x0,
    0x87, 0x3, 0xdd, 0xdd, 0xdd, 0x10, 0x8, 0x70,
    0x4b, 0x0, 0x0, 0xe1, 0x0, 0x87, 0x4, 0xeb,
    0xbb, 0xbf, 0x10, 0x8, 0x72, 0x4b, 0x0, 0x0,
    0xe1, 0x0, 0x8d, 0xd4, 0xfc, 0xcc, 0xcf, 0x10,
    0xd, 0xb1, 0x4b, 0x0, 0x0, 0xe1, 0x0, 0x70,
    0x4, 0xb0, 0xb, 0xdc, 0x0,

    /* U+8BFA "诺" */
    0x2, 0x20, 0x0, 0x3d, 0x0, 0xb5, 0x0, 0x6,
    0xd1, 0x0, 0x3d, 0x0, 0xb5, 0x0, 0x0, 0x7c,
    0x3e, 0xef, 0xee, 0xfe, 0xe1, 0x0, 0x4, 0x0,
    0x3d, 0x0, 0xb5, 0x0, 0x25, 0x62, 0x0, 0x6,
    0xc0, 0x20, 0x0, 0x36, 0xc7, 0x8c, 0xce, 0xfc,
    0xcc, 0xc1, 0x0, 0x97, 0x12, 0x4f, 0x42, 0x22,
    0x20, 0x0, 0x97, 0x0, 0xb9, 0x0, 0x0, 0x0,
    0x0, 0x97, 0xa, 0xff, 0xff, 0xff, 0x90, 0x0,
    0x97, 0x8e, 0xc6, 0x0, 0x6, 0x90, 0x0, 0x9a,
    0xc1, 0x96, 0x0, 0x6, 0x90, 0x0, 0xce, 0x50,
    0x98, 0x33, 0x38, 0x90, 0x1, 0x91, 0x0, 0x9d,
    0xcc, 0xcd, 0x90, 0x0, 0x0, 0x0, 0x0, 0x0,
    0x0, 0x0,

    /* U+8C03 "调" */
    0x0, 0x10, 0x0, 0x0, 0x0, 0x0, 0x0, 0x4e,
    0x40, 0x9f, 0xff, 0xff, 0xff, 0x0, 0x3d, 0x19,
    0x50, 0x66, 0x0, 0xf0, 0x0, 0x0, 0x95, 0xce,
    0xed, 0x1f, 0x49, 0x94, 0x9, 0x50, 0x67, 0x0,
    0xf3, 0x7b, 0x80, 0x96, 0x9c, 0xc9, 0x4f, 0x0,
    0x88, 0x9, 0x53, 0x33, 0x31, 0xf0, 0x8, 0x80,
    0xa4, 0xaa, 0xa8, 0xf, 0x0, 0x88, 0xb, 0x3d,
    0x22, 0xd0, 0xf0, 0x8, 0x81, 0xd1, 0xd0, 0xd,
    0xf, 0x0, 0x8d, 0xed, 0xe, 0xcc, 0xb0, 0xf0,
    0xd, 0xb9, 0x80, 0x60, 0x0, 0xf, 0x0, 0x60,
    0xc1, 0x0, 0x0, 0xbe, 0xb0, 0x0, 0x0, 0x0,
    0x0, 0x0, 0x0,

    /* U+8C31 "谱" */
    0x1, 0x0, 0x0, 0x81, 0x0, 0x92, 0x0, 0x8,
    0xc0, 0x0, 0x59, 0x4, 0xb0, 0x0, 0x0, 0xaa,
    0x4e, 0xef, 0xef, 0xee, 0x90, 0x0, 0x3, 0x18,
    0xd, 0xd, 0x25, 0x40, 0x26, 0x72, 0x9, 0x5d,
    0xd, 0x3d, 0x10, 0x49, 0xc7, 0x46, 0x5e, 0x5e,
    0x77, 0x50, 0x0, 0x87, 0x78, 0x88, 0x88, 0x88,
    0x81, 0x0, 0x87, 0x3, 0xaa, 0xaa, 0xaa, 0x0,
    0x0, 0x87, 0x6, 0xa3, 0x33, 0x3f, 0x0, 0x0,
    0x87, 0x26, 0xec, 0xcc, 0xcf, 0x0, 0x0, 0x8d,
    0xe6, 0x90, 0x0, 0xf, 0x0, 0x0, 0xeb, 0x16,
    0xdb, 0xbb, 0xbf, 0x0, 0x0, 0x60, 0x6, 0x91,
    0x11, 0x1f, 0x0, 0x0, 0x0, 0x0, 0x0, 0x0,
    0x0, 0x0,

    /* U+8C37 "谷" */
    0x0, 0x0, 0x62, 0x0, 0x46, 0x0, 0x0, 0x0,
    0x7, 0xd1, 0x0, 0x1c, 0xa0, 0x0, 0x0, 0x9d,
    0x10, 0x22, 0x0, 0xad, 0x10, 0xb, 0xb1, 0x0,
    0xcb, 0x0, 0x9, 0xb0, 0x0, 0x0, 0xb, 0xbd,
    0x70, 0x0, 0x0, 0x0, 0x2, 0xcb, 0x1, 0xda,
    0x10, 0x0, 0x0, 0x7f, 0x80, 0x0, 0x1b, 0xe6,
    0x0, 0x4e, 0xde, 0xbb, 0xbb, 0xbb, 0xfe, 0xe3,
    0x15, 0x1f, 0x33, 0x33, 0x34, 0xf1, 0x60, 0x0,
    0x1f, 0x0, 0x0, 0x0, 0xf1, 0x0, 0x0, 0x1f,
    0x0, 0x0, 0x0, 0xf1, 0x0, 0x0, 0x1f, 0x22,
    0x22, 0x23, 0xf1, 0x0, 0x0, 0x1f, 0xcc, 0xcc,
    0xcc, 0xf1, 0x0, 0x0, 0x0, 0x0, 0x0, 0x0,
    0x0, 0x0,

    /* U+8C46 "豆" */
    0xe, 0xff, 0xff, 0xff, 0xff, 0xff, 0xd0, 0x0,
    0x0, 0x0, 0x0, 0x0, 0x0, 0x0, 0x0, 0x7c,
    0xcc, 0xcc, 0xcc, 0xc5, 0x0, 0x0, 0xa9, 0x33,
    0x33, 0x33, 0xc6, 0x0, 0x0, 0xa7, 0x0, 0x0,
    0x0, 0xb6, 0x0, 0x0, 0xa7, 0x0, 0x0, 0x0,
    0xb6, 0x0, 0x0, 0xaf, 0xff, 0xff, 0xff, 0xf6,
    0x0, 0x0, 0x4, 0x50, 0x0, 0x6, 0x30, 0x0,
    0x0, 0x3, 0xd0, 0x0, 0xe, 0x30, 0x0, 0x0,
    0x0, 0xe4, 0x0, 0x6b, 0x0, 0x0, 0x2, 0x22,
    0x74, 0x22, 0xd5, 0x22, 0x20, 0x2d, 0xdd, 0xdd,
    0xdd, 0xdd, 0xdd, 0xd2,

    /* U+8C47 "豇" */
    0x1f, 0xff, 0xff, 0xc3, 0x77, 0x77, 0x73, 0x0,
    0x0, 0x0, 0x3, 0x58, 0xe5, 0x52, 0x7, 0xbb,
    0xbb, 0x50, 0x4, 0xe0, 0x0, 0xa, 0x62, 0x29,
    0x70, 0x4, 0xe0, 0x0, 0xa, 0x40, 0x8, 0x70,
    0x4, 0xe0, 0x0, 0xa, 0xcb, 0xbd, 0x70, 0x4,
    0xe0, 0x0, 0x2, 0x52, 0x27, 0x10, 0x4, 0xe0,
    0x0, 0x3, 0xb0, 0x3d, 0x0, 0x4, 0xe0, 0x0,
    0x0, 0xe0, 0x78, 0x0, 0x4, 0xe0, 0x0, 0x0,
    0x71, 0xc8, 0x80, 0x4, 0xe0, 0x0, 0x2c, 0xef,
    0xda, 0x78, 0x9b, 0xf9, 0x98, 0x15, 0x20, 0x0,
    0x5, 0x66, 0x66, 0x65,

    /* U+8C49 "豉" */
    0x0, 0x0, 0x0, 0x0, 0xe, 0x20, 0x0, 0x4f,
    0xff, 0xff, 0x30, 0xe, 0x20, 0x0, 0x0, 0x0,
    0x0, 0x9b, 0xbf, 0xbb, 0xb1, 0xd, 0xee, 0xec,
    0x22, 0x2e, 0x42, 0x20, 0xe, 0x0, 0x1e, 0x0,
    0xe, 0x20, 0x0, 0xe, 0x0, 0x1e, 0x7b, 0xbf,
    0xcb, 0x80, 0xf, 0xee, 0xee, 0x5f, 0x77, 0x7a,
    0x80, 0x3, 0x20, 0x62, 0xc, 0x40, 0xc, 0x20,
    0x6, 0x80, 0xc2, 0x4, 0xd0, 0x69, 0x0, 0x2,
    0xb0, 0xd0, 0x0, 0x9b, 0xd0, 0x0, 0x1, 0x69,
    0xee, 0x20, 0x7f, 0xb0, 0x0, 0x6e, 0xb7, 0x41,
    0x5d, 0xb1, 0xad, 0x50, 0x0, 0x0, 0x2, 0xb4,
    0x0, 0x4, 0xb2,

    /* U+8C4C "豌" */
    0x0, 0x0, 0x0, 0x0, 0xc, 0x10, 0x0, 0x1e,
    0xee, 0xeb, 0x88, 0x8d, 0xc8, 0x82, 0x0, 0x0,
    0x1, 0xe6, 0x66, 0x66, 0xc5, 0x7, 0xbb, 0xb5,
    0xe5, 0x0, 0x0, 0xa5, 0xb, 0x52, 0x96, 0x4d,
    0x86, 0xcc, 0xc1, 0xb, 0x30, 0x86, 0x89, 0xaa,
    0xc0, 0xb2, 0xb, 0xdc, 0xe6, 0xc1, 0x88, 0xc0,
    0xb2, 0x1, 0x11, 0x25, 0xc6, 0xb5, 0xc0, 0xb2,
    0x6, 0x70, 0xd4, 0x4d, 0xe2, 0xc0, 0xb2, 0x3,
    0xb1, 0xd0, 0x6, 0x92, 0xca, 0xb0, 0x0, 0x95,
    0xa5, 0xd, 0x22, 0xc0, 0x3, 0x29, 0xce, 0xb8,
    0xa8, 0x1, 0xc0, 0x1b, 0x5, 0x10, 0x7, 0xa0,
    0x0, 0xdc, 0xd6, 0x0, 0x0, 0x0, 0x0, 0x0,
    0x0, 0x0,

    /* U+8D21 "贡" */
    0xd, 0xff, 0xff, 0xff, 0xff, 0xfa, 0x0, 0x0,
    0x0, 0x2e, 0x0, 0x0, 0x0, 0x11, 0x11, 0x14,
    0xf1, 0x11, 0x11, 0xd, 0xee, 0xee, 0xee, 0xee,
    0xee, 0xe8, 0x0, 0x0, 0x0, 0x0, 0x0, 0x0,
    0x0, 0x2f, 0xee, 0xee, 0xee, 0xfe, 0x0, 0x2,
    0xe0, 0x0, 0x50, 0x3, 0xe0, 0x0, 0x2e, 0x0,
    0x2f, 0x0, 0x3e, 0x0, 0x2, 0xe0, 0x4, 0xe0,
    0x3, 0xe0, 0x0, 0x1a, 0x1, 0xc8, 0x84, 0x29,
    0x0, 0x0, 0x38, 0xe8, 0x6, 0xce, 0x81, 0x7,
    0xed, 0x71, 0x0, 0x0, 0x29, 0xf4, 0x11, 0x0,
    0x0, 0x0, 0x0, 0x1, 0x0,

    /* U+8D24 "贤" */
    0x0, 0xc, 0x30, 0x0, 0x0, 0x0, 0x3, 0xc0,
    0xc3, 0xcf, 0xef, 0xef, 0xb0, 0x3b, 0xc, 0x30,
    0xc4, 0x2, 0xe2, 0x3, 0xb0, 0xc3, 0x2, 0xe7,
    0xd4, 0x0, 0x3b, 0xc, 0x30, 0x2b, 0xfc, 0x30,
    0x2, 0x80, 0x82, 0xbb, 0x50, 0x7e, 0xd6, 0x0,
    0x33, 0x33, 0x33, 0x33, 0x33, 0x10, 0x1f, 0xbb,
    0xbb, 0xbb, 0xcd, 0x0, 0x1, 0xd0, 0x4, 0xa0,
    0x4, 0xd0, 0x0, 0x1d, 0x0, 0x6b, 0x0, 0x4d,
    0x0, 0x1, 0xd0, 0xc, 0x76, 0x14, 0xd0, 0x0,
    0x1, 0x6d, 0x81, 0x8e, 0xc5, 0x0, 0x4c, 0xe9,
    0x20, 0x0, 0x4, 0xbd, 0x0, 0x20, 0x0, 0x0,
    0x0, 0x0, 0x10,

    /* U+8D27 "货" */
    0x0, 0x0, 0x0, 0x0, 0x0, 0x0, 0x0, 0x0,
    0x0, 0xa8, 0x5, 0xb0, 0x1, 0x60, 0x0, 0x1b,
    0xb0, 0x5, 0xc6, 0xbe, 0x80, 0x5, 0xee, 0x73,
    0x9d, 0xe8, 0x40, 0x0, 0xa, 0x3a, 0x71, 0x46,
    0xb0, 0x0, 0x68, 0x0, 0xa, 0x70, 0x2, 0xfc,
    0xcc, 0xe5, 0x0, 0x5, 0x30, 0x0, 0x12, 0x33,
    0x10, 0x0, 0x2f, 0xff, 0xff, 0xff, 0xfd, 0x0,
    0x0, 0x2e, 0x0, 0x26, 0x0, 0x3e, 0x0, 0x0,
    0x2e, 0x0, 0x3e, 0x0, 0x3e, 0x0, 0x0, 0x2e,
    0x0, 0x5d, 0x0, 0x3e, 0x0, 0x0, 0x17, 0x3,
    0xe6, 0xa6, 0x26, 0x0, 0x0, 0x26, 0xbe, 0x50,
    0x38, 0xeb, 0x40, 0x9, 0xd9, 0x40, 0x0, 0x0,
    0x5, 0xc4, 0x0, 0x0, 0x0, 0x0, 0x0, 0x0,
    0x0,

    /* U+8D35 "贵" */
    0x0, 0x0, 0x0, 0xd4, 0x0, 0x0, 0x0, 0x0,
    0x9c, 0xcc, 0xfd, 0xcc, 0xc4, 0x0, 0x0, 0xc4,
    0x0, 0xd4, 0x0, 0xb5, 0x0, 0x0, 0x9c, 0xcc,
    0xfd, 0xcc, 0xc4, 0x0, 0x15, 0x55, 0x55, 0xe7,
    0x55, 0x55, 0x51, 0x29, 0x99, 0x99, 0x99, 0x99,
    0x99, 0x92, 0x0, 0x7d, 0xdd, 0xdd, 0xdd, 0xd1,
    0x0, 0x0, 0x88, 0x0, 0x61, 0x0, 0xf2, 0x0,
    0x0, 0x88, 0x0, 0xe2, 0x0, 0xf2, 0x0, 0x0,
    0x88, 0x1, 0xf0, 0x0, 0xf2, 0x0, 0x0, 0x33,
    0x2c, 0x89, 0x94, 0x60, 0x0, 0x0, 0x49, 0xe6,
    0x0, 0x5b, 0xe9, 0x20, 0x9, 0xa5, 0x0, 0x0,
    0x0, 0x28, 0x60,

    /* U+8D38 "贸" */
    0x1, 0x36, 0x94, 0x0, 0x0, 0x0, 0x1, 0xf8,
    0x63, 0x19, 0x9f, 0xaa, 0xb0, 0x1e, 0x5, 0x60,
    0x0, 0xe0, 0x1a, 0x1, 0xe0, 0x4f, 0x20, 0x6a,
    0x3, 0x80, 0x4f, 0xeb, 0xa9, 0x5d, 0x35, 0xa6,
    0x3, 0x61, 0x0, 0x2a, 0x10, 0x77, 0x0, 0x5,
    0xee, 0xee, 0xee, 0xee, 0xc0, 0x0, 0x6a, 0x0,
    0x26, 0x0, 0x3e, 0x0, 0x6, 0xa0, 0x4, 0xc0,
    0x3, 0xe0, 0x0, 0x6a, 0x0, 0x7a, 0x0, 0x3e,
    0x0, 0x3, 0x50, 0x5e, 0x5d, 0x84, 0x60, 0x0,
    0x37, 0xdc, 0x30, 0x17, 0xdc, 0x50, 0x9b, 0x72,
    0x0, 0x0, 0x0, 0x4a, 0x0,

    /* U+8D3A "贺" */
    0x0, 0xb, 0x40, 0x0, 0x0, 0x0, 0x0, 0xde,
    0xff, 0xef, 0x1f, 0xee, 0xf8, 0x0, 0x1f, 0x0,
    0xf0, 0xf0, 0x7, 0x80, 0x8, 0xa0, 0x1e, 0xf,
    0x0, 0x78, 0x8, 0xe2, 0x79, 0xc0, 0xfc, 0xce,
    0x82, 0xa1, 0x5, 0x51, 0x3, 0x33, 0x31, 0x0,
    0x2f, 0xff, 0xff, 0xff, 0xf2, 0x0, 0x2, 0xe0,
    0x3, 0x40, 0xe, 0x30, 0x0, 0x2e, 0x0, 0x89,
    0x0, 0xe3, 0x0, 0x2, 0xe0, 0xb, 0x70, 0xe,
    0x30, 0x0, 0x18, 0x7, 0xe6, 0x94, 0x71, 0x0,
    0x1, 0x6d, 0xb1, 0x5, 0xcd, 0x60, 0x7, 0xd9,
    0x30, 0x0, 0x0, 0x3b, 0x50, 0x0, 0x0, 0x0,
    0x0, 0x0, 0x0,

    /* U+8D64 "赤" */
    0x0, 0x0, 0x0, 0x97, 0x0, 0x0, 0x0, 0x0,
    0x0, 0x0, 0x97, 0x0, 0x0, 0x0, 0x0, 0xaf,
    0xff, 0xff, 0xff, 0xfb, 0x0, 0x0, 0x0, 0x0,
    0x97, 0x0, 0x0, 0x0, 0x1, 0x11, 0x11, 0x97,
    0x11, 0x11, 0x10, 0xf, 0xff, 0xff, 0xff, 0xff,
    0xff, 0xd0, 0x0, 0x0, 0xf, 0x10, 0xe2, 0x0,
    0x0, 0x0, 0x88, 0xf, 0x0, 0xe2, 0x78, 0x0,
    0x1, 0xe2, 0x2e, 0x0, 0xe2, 0xe, 0x30, 0xc,
    0x80, 0x7b, 0x0, 0xe2, 0x5, 0xc0, 0x29, 0x1,
    0xe5, 0x0, 0xe2, 0x0, 0xb1, 0x0, 0x1c, 0xa0,
    0x0, 0xe2, 0x0, 0x0, 0x0, 0x7a, 0x0, 0x9f,
    0xd0, 0x0, 0x0, 0x0, 0x0, 0x0, 0x0, 0x0,
    0x0, 0x0,

    /* U+8D77 "起" */
    0x0, 0xe, 0x10, 0x0, 0x0, 0x0, 0x0, 0x0,
    0xe, 0x10, 0x9, 0xff, 0xff, 0x70, 0x4f, 0xff,
    0xff, 0x50, 0x0, 0x8, 0x70, 0x0, 0xe, 0x10,
    0x0, 0x0, 0x8, 0x70, 0x24, 0x4f, 0x54, 0x30,
    0x0, 0x8, 0x70, 0x7b, 0xbd, 0xcb, 0x86, 0xff,
    0xff, 0x70, 0x2, 0x6, 0x40, 0x6, 0x90, 0x2,
    0x20, 0xc, 0x36, 0x73, 0x36, 0x90, 0x0, 0x0,
    0xc, 0x36, 0xcb, 0x96, 0x90, 0x0, 0x72, 0xe,
    0x66, 0x40, 0x6, 0xa0, 0x0, 0xd2, 0xf, 0xd7,
    0x40, 0x2, 0xdf, 0xff, 0xb0, 0x4c, 0x6f, 0x82,
    0x0, 0x0, 0x0, 0x0, 0xa7, 0x4, 0xae, 0xff,
    0xff, 0xff, 0xf2, 0x31, 0x0, 0x0, 0x0, 0x0,
    0x0, 0x0,

    /* U+8D8A "越" */
    0x0, 0xe, 0x10, 0x0, 0x5, 0xa8, 0x20, 0x1,
    0x1e, 0x21, 0x0, 0x4, 0xa4, 0xc0, 0xe, 0xef,
    0xee, 0x55, 0x58, 0xc5, 0x82, 0x0, 0xe, 0x10,
    0xf, 0x9a, 0xe9, 0x94, 0x24, 0x4e, 0x54, 0x2f,
    0x2, 0xc0, 0x50, 0x5a, 0xac, 0xca, 0x4f, 0x0,
    0xe0, 0xd0, 0x2, 0x17, 0x50, 0xf, 0x0, 0xe7,
    0x70, 0x9, 0x47, 0x73, 0x1f, 0x3, 0xce, 0x10,
    0xa, 0x47, 0xdb, 0x6f, 0xd6, 0xb9, 0x22, 0xb,
    0x97, 0x50, 0x79, 0x17, 0xdc, 0x56, 0xe, 0xdb,
    0x50, 0x0, 0x9c, 0x1a, 0xe1, 0x2c, 0x3f, 0xa3,
    0x10, 0x40, 0x0, 0x0, 0x96, 0x1, 0x9d, 0xff,
    0xff, 0xff, 0xf5, 0x10, 0x0, 0x0, 0x0, 0x0,
    0x0, 0x0,

    /* U+8DB3 "足" */
    0x0, 0xdf, 0xff, 0xff, 0xff, 0xfe, 0x0, 0x0,
    0xd3, 0x0, 0x0, 0x0, 0x2e, 0x0, 0x0, 0xd3,
    0x0, 0x0, 0x0, 0x2e, 0x0, 0x0, 0xd7, 0x55,
    0x55, 0x55, 0x6e, 0x0, 0x0, 0x9b, 0xbb, 0xde,
    0xbb, 0xba, 0x0, 0x0, 0x2, 0x0, 0x79, 0x0,
    0x0, 0x0, 0x0, 0x1f, 0x0, 0x7a, 0x0, 0x0,
    0x0, 0x0, 0x5d, 0x0, 0x7f, 0xff, 0xff, 0x50,
    0x0, 0x9f, 0x20, 0x79, 0x0, 0x0, 0x0, 0x1,
    0xf8, 0xd1, 0x79, 0x0, 0x0, 0x0, 0xa, 0xa0,
    0x7e, 0xca, 0x10, 0x0, 0x0, 0x4d, 0x0, 0x2,
    0x9d, 0xef, 0xff, 0xf4, 0x0, 0x0, 0x0, 0x0,
    0x0, 0x0, 0x0,

    /* U+8E44 "蹄" */
    0x0, 0x0, 0x0, 0x0, 0x26, 0x0, 0x0, 0xe,
    0xee, 0xf2, 0xab, 0xcf, 0xbb, 0xa0, 0xe, 0x0,
    0xd2, 0x2a, 0x43, 0x69, 0x20, 0xe, 0x0, 0xd2,
    0x7, 0x60, 0x95, 0x0, 0xd, 0xef, 0xe3, 0xcd,
    0xdc, 0xfc, 0xc1, 0x0, 0x1e, 0x1, 0xd1, 0x15,
    0x11, 0xd2, 0xa, 0x1e, 0x1, 0x70, 0x2e, 0x1,
    0x81, 0xe, 0x1f, 0xe4, 0x7f, 0xef, 0xef, 0x70,
    0xe, 0x1e, 0x0, 0x76, 0x1e, 0x7, 0x70, 0xe,
    0x1e, 0x0, 0x76, 0x1e, 0x7, 0x70, 0xe, 0x2f,
    0xa7, 0x76, 0x1e, 0x18, 0x70, 0x6f, 0xd9, 0x51,
    0x54, 0x1e, 0x5b, 0x20, 0x22, 0x0, 0x0, 0x0,
    0x1e, 0x0, 0x0,

    /* U+8EAB "身" */
    0x0, 0x0, 0x0, 0x63, 0x0, 0x0, 0x0, 0x0,
    0x2, 0x23, 0xf4, 0x23, 0x20, 0x0, 0x0, 0xf,
    0xcc, 0xcc, 0xcd, 0xc0, 0x0, 0x0, 0xf, 0x0,
    0x0, 0x4, 0xc0, 0x0, 0x0, 0xf, 0xcc, 0xcc,
    0xcd, 0xc0, 0x0, 0x0, 0xf, 0x0, 0x0, 0x4,
    0xc1, 0x70, 0x0, 0xf, 0xdd, 0xdd, 0xdd, 0xcc,
    0x70, 0x0, 0xf, 0x0, 0x0, 0x4, 0xf9, 0x0,
    0xd, 0xff, 0xff, 0xff, 0xff, 0xc0, 0x0, 0x0,
    0x0, 0x0, 0x7, 0xe9, 0xc0, 0x0, 0x0, 0x0,
    0x6, 0xd9, 0x14, 0xc0, 0x0, 0x0, 0x39, 0xea,
    0x20, 0x4, 0xb0, 0x0, 0x2e, 0xd7, 0x10, 0xe,
    0xff, 0x70, 0x0, 0x1, 0x0, 0x0, 0x0, 0x0,
    0x0, 0x0,

    /* U+8F66 "车" */
    0x0, 0x0, 0x0, 0x0, 0x0, 0x0, 0x0, 0x0,
    0x0, 0xc, 0x50, 0x0, 0x0, 0x0, 0x0, 0x0,
    0x3f, 0x10, 0x0, 0x0, 0x0, 0xe, 0xff, 0xff,
    0xff, 0xff, 0xff, 0xe0, 0x1, 0x13, 0xf2, 0x12,
    0x11, 0x11, 0x10, 0x0, 0xb, 0x70, 0xe, 0x30,
    0x0, 0x0, 0x0, 0x5d, 0x0, 0xe, 0x30, 0x0,
    0x0, 0x0, 0xdf, 0xee, 0xef, 0xfe, 0xee, 0x0,
    0x0, 0x21, 0x11, 0x1e, 0x41, 0x11, 0x0, 0x0,
    0x0, 0x0, 0xe, 0x30, 0x0, 0x0, 0x1c, 0xcc,
    0xcc, 0xcf, 0xdc, 0xcc, 0xc2, 0x3, 0x33, 0x33,
    0x3e, 0x63, 0x33, 0x30, 0x0, 0x0, 0x0, 0xe,
    0x30, 0x0, 0x0, 0x0, 0x0, 0x0, 0xe, 0x30,
    0x0, 0x0,

    /* U+8F69 "轩" */
    0x0, 0x3a, 0x0, 0x0, 0x0, 0x0, 0x0, 0x1,
    0x7b, 0x11, 0x9, 0xff, 0xff, 0xf7, 0x1f, 0xff,
    0xff, 0x92, 0x35, 0xf3, 0x31, 0x0, 0xe2, 0x10,
    0x0, 0x2, 0xe0, 0x0, 0x3, 0xd3, 0xe0, 0x0,
    0x2, 0xe0, 0x0, 0x8, 0x73, 0xe0, 0x3, 0x35,
    0xf3, 0x32, 0xe, 0xff, 0xff, 0x8c, 0xde, 0xfd,
    0xda, 0x1, 0x3, 0xe0, 0x0, 0x2, 0xe0, 0x0,
    0x0, 0x3, 0xe4, 0x40, 0x2, 0xe0, 0x0, 0x19,
    0xce, 0xfa, 0x50, 0x2, 0xe0, 0x0, 0x7, 0x44,
    0xe0, 0x0, 0x2, 0xe0, 0x0, 0x0, 0x3, 0xe0,
    0x0, 0x2, 0xe0, 0x0, 0x0, 0x3, 0xe0, 0x0,
    0x2, 0xe0, 0x0, 0x0, 0x0, 0x0, 0x0, 0x0,
    0x0, 0x0,

    /* U+8F6C "转" */
    0x0, 0x18, 0x0, 0x0, 0x6, 0x40, 0x0, 0x0,
    0x5c, 0x0, 0x0, 0xc, 0x50, 0x0, 0x4f, 0xff,
    0xfd, 0x7f, 0xff, 0xff, 0xf0, 0x0, 0xd2, 0x0,
    0x0, 0x5c, 0x0, 0x0, 0x2, 0xc8, 0x70, 0x44,
    0xba, 0x44, 0x42, 0x8, 0x68, 0x70, 0xbb, 0xfb,
    0xbb, 0xb5, 0xf, 0xbe, 0xda, 0x4, 0xe0, 0x0,
    0x0, 0x3, 0x19, 0x81, 0x9, 0xff, 0xff, 0xb0,
    0x0, 0x8, 0x83, 0x10, 0x10, 0x2e, 0x30, 0x28,
    0xbe, 0xeb, 0x21, 0x50, 0xc7, 0x0, 0x27, 0x4a,
    0x70, 0x2, 0xce, 0xb0, 0x0, 0x0, 0x8, 0x70,
    0x0, 0x7, 0xe4, 0x0, 0x0, 0x8, 0x70, 0x0,
    0x0, 0x4c, 0x0, 0x0, 0x0, 0x0, 0x0, 0x0,
    0x0, 0x0,

    /* U+8F6F "软" */
    0x0, 0xa, 0x40, 0x0, 0x89, 0x0, 0x0, 0x5,
    0x5f, 0x65, 0x40, 0xb7, 0x0, 0x0, 0xa, 0xde,
    0xaa, 0x90, 0xfe, 0xdd, 0xd7, 0x0, 0xa6, 0x0,
    0x5, 0xe2, 0x22, 0xa6, 0x0, 0xe2, 0xd0, 0xc,
    0x82, 0x50, 0xc2, 0x7, 0x91, 0xd0, 0x4e, 0x14,
    0xb0, 0xd0, 0xd, 0xff, 0xff, 0x90, 0x5, 0xb0,
    0x0, 0x1, 0x1, 0xd0, 0x0, 0x7, 0xe0, 0x0,
    0x0, 0x1, 0xd2, 0x40, 0xc, 0xf2, 0x0, 0x19,
    0xbe, 0xfd, 0xa0, 0x3f, 0x78, 0x0, 0x8, 0x54,
    0xd0, 0x0, 0xd7, 0x1e, 0x20, 0x0, 0x1, 0xd0,
    0x1b, 0xc0, 0x7, 0xc1, 0x0, 0x1, 0xd0, 0x7b,
    0x0, 0x0, 0x96, 0x0, 0x0, 0x0, 0x0, 0x0,
    0x0, 0x0,

    /* U+8F7B "轻" */
    0x0, 0x37, 0x0, 0x0, 0x0, 0x0, 0x0, 0x0,
    0x89, 0x0, 0x7f, 0xff, 0xff, 0x50, 0x4f, 0xff,
    0xfe, 0x0, 0x0, 0x5d, 0x0, 0x0, 0xe0, 0x0,
    0x0, 0x4, 0xe3, 0x0, 0x4, 0xb8, 0x60, 0x0,
    0x7f, 0xb1, 0x0, 0x9, 0x59, 0x60, 0x5d, 0xc2,
    0x7e, 0x80, 0xf, 0xce, 0xea, 0xa5, 0x0, 0x1,
    0x90, 0x3, 0x2a, 0x82, 0x4a, 0xaa, 0xaa, 0x60,
    0x0, 0x9, 0x73, 0x25, 0x5f, 0x65, 0x30, 0x28,
    0xbe, 0xeb, 0x0, 0xe, 0x20, 0x0, 0x27, 0x4a,
    0x60, 0x0, 0xe, 0x20, 0x0, 0x0, 0x9, 0x61,
    0x66, 0x6f, 0x76, 0x61, 0x0, 0x9, 0x63, 0xff,
    0xff, 0xff, 0xf3,

    /* U+8F85 "辅" */
    0x0, 0x4a, 0x0, 0x0, 0xc, 0x4b, 0x30, 0x3,
    0x9a, 0x32, 0x0, 0xc, 0x42, 0xb0, 0x2d, 0xfd,
    0xdb, 0xbe, 0xef, 0xee, 0xe5, 0x0, 0xe0, 0x0,
    0x0, 0xc, 0x40, 0x0, 0x5, 0xa5, 0x90, 0x2e,
    0xef, 0xee, 0xf1, 0xa, 0x46, 0xa0, 0x3c, 0xb,
    0x30, 0xd2, 0xf, 0xac, 0xe9, 0x3c, 0x1b, 0x41,
    0xd2, 0x6, 0x6a, 0xc5, 0x3f, 0xcf, 0xdc, 0xf2,
    0x0, 0x6, 0xa2, 0x3c, 0xb, 0x30, 0xd2, 0x17,
    0xad, 0xfa, 0x3f, 0xef, 0xee, 0xf2, 0x18, 0x57,
    0xa0, 0x3c, 0xb, 0x30, 0xd2, 0x0, 0x6, 0xa0,
    0x3c, 0xb, 0x30, 0xd2, 0x0, 0x5, 0x90, 0x3c,
    0xa, 0x3d, 0xd0,

    /* U+8F9B "辛" */
    0x0, 0x0, 0x0, 0x84, 0x0, 0x0, 0x0, 0x0,
    0x0, 0x0, 0x6c, 0x0, 0x0, 0x0, 0x1, 0xff,
    0xff, 0xff, 0xff, 0xff, 0x80, 0x0, 0x2, 0xb0,
    0x0, 0x5, 0x80, 0x0, 0x0, 0x0, 0xd4, 0x0,
    0xc, 0x50, 0x0, 0x16, 0x66, 0xba, 0x66, 0x7f,
    0x66, 0x61, 0x29, 0x99, 0x99, 0xce, 0x99, 0x99,
    0x92, 0x0, 0x0, 0x0, 0x6a, 0x0, 0x0, 0x0,
    0x0, 0x0, 0x0, 0x7b, 0x0, 0x0, 0x0, 0x8,
    0xff, 0xff, 0xff, 0xff, 0xff, 0x90, 0x0, 0x0,
    0x0, 0x6a, 0x0, 0x0, 0x0, 0x0, 0x0, 0x0,
    0x6a, 0x0, 0x0, 0x0, 0x0, 0x0, 0x0, 0x6a,
    0x0, 0x0, 0x0,

    /* U+8FA3 "辣" */
    0x0, 0x0, 0x0, 0x0, 0x0, 0x0, 0x0, 0x0,
    0x3b, 0x0, 0x0, 0xe, 0x10, 0x0, 0x0, 0xc,
    0x30, 0x12, 0x2f, 0x32, 0x20, 0x2e, 0xee, 0xee,
    0xbd, 0xdf, 0xdd, 0xd2, 0x6, 0x50, 0x47, 0x0,
    0xe, 0x10, 0x0, 0x2, 0xc0, 0xb4, 0x7d, 0xdf,
    0xdd, 0xc0, 0x2, 0x93, 0xd2, 0x86, 0xe, 0x10,
    0xf0, 0x4c, 0xcf, 0xcc, 0xa6, 0xe, 0x10, 0xf0,
    0x0, 0xf, 0x0, 0x6c, 0xcf, 0xdb, 0xc0, 0xe,
    0xef, 0xed, 0x0, 0xbf, 0xd0, 0x0, 0x0, 0x1e,
    0x0, 0x6, 0xbe, 0x7a, 0x0, 0x0, 0x5a, 0x0,
    0x6d, 0x1e, 0x1a, 0x80, 0x1, 0xd3, 0x8, 0xd1,
    0xe, 0x10, 0xc5, 0x8, 0x60, 0x1, 0x0, 0xe,
    0x10, 0x0,

    /* U+8FB0 "辰" */
    0x0, 0xff, 0xff, 0xff, 0xff, 0xff, 0xe0, 0x0,
    0xf1, 0x0, 0x0, 0x0, 0x0, 0x0, 0x0, 0xf0,
    0xbc, 0xcc, 0xcc, 0xcc, 0x0, 0x0, 0xf0, 0x33,
    0x33, 0x33, 0x33, 0x0, 0x0, 0xf0, 0x0, 0x0,
    0x0, 0x0, 0x0, 0x1, 0xff, 0xff, 0xff, 0xff,
    0xff, 0xf4, 0x2, 0xf0, 0x88, 0x9, 0x60, 0x4,
    0x40, 0x3, 0xd0, 0x88, 0x3, 0xe0, 0x7e, 0x30,
    0x6, 0xb0, 0x88, 0x0, 0x9e, 0xb1, 0x0, 0x9,
    0x80, 0x88, 0x0, 0x2c, 0x90, 0x0, 0xe, 0x30,
    0x9c, 0xbe, 0x51, 0xbd, 0x61, 0x4c, 0x0, 0xda,
    0x50, 0x0, 0x4, 0xb1, 0x0, 0x0, 0x0, 0x0,
    0x0, 0x0, 0x0,

    /* U+8FB9 "边" */
    0xb, 0x30, 0x0, 0xa, 0x70, 0x0, 0x0, 0x6,
    0xd0, 0x0, 0xb, 0x60, 0x0, 0x0, 0x0, 0xa9,
    0x0, 0xc, 0x60, 0x1, 0x0, 0x0, 0x14, 0x7f,
    0xff, 0xff, 0xff, 0x90, 0x0, 0x0, 0x0, 0xe,
    0x20, 0x8, 0x80, 0xaf, 0xf4, 0x0, 0x1f, 0x0,
    0x9, 0x80, 0x0, 0xc4, 0x0, 0x5c, 0x0, 0xa,
    0x70, 0x0, 0xc4, 0x0, 0xb7, 0x0, 0xb, 0x50,
    0x0, 0xc4, 0x4, 0xe0, 0x0, 0xd, 0x40, 0x0,
    0xc4, 0x4e, 0x40, 0x23, 0x5f, 0x10, 0x3, 0xe7,
    0x64, 0x0, 0x6c, 0xc6, 0x0, 0x4e, 0x6c, 0xa3,
    0x0, 0x0, 0x2, 0x31, 0x96, 0x0, 0x7d, 0xff,
    0xff, 0xff, 0xf1, 0x0, 0x0, 0x0, 0x0, 0x10,
    0x0, 0x0,

    /* U+8FBE "达" */
    0x4, 0x50, 0x0, 0x0, 0xb5, 0x0, 0x0, 0x2,
    0xf1, 0x0, 0x0, 0xb5, 0x0, 0x0, 0x0, 0x8a,
    0x0, 0x0, 0xc4, 0x0, 0x0, 0x0, 0x17, 0x4f,
    0xff, 0xff, 0xff, 0xf5, 0x0, 0x0, 0x0, 0x0,
    0xf1, 0x0, 0x0, 0x1c, 0xca, 0x0, 0x3, 0xfa,
    0x0, 0x0, 0x4, 0x5e, 0x0, 0x8, 0xac, 0x90,
    0x0, 0x0, 0x2e, 0x0, 0x1e, 0x31, 0xd7, 0x0,
    0x0, 0x2e, 0x0, 0xb9, 0x0, 0x2f, 0x50, 0x0,
    0x2e, 0x1c, 0xb0, 0x0, 0x5, 0xf1, 0x0, 0xaf,
    0x35, 0x0, 0x0, 0x0, 0x30, 0xb, 0x92, 0xc8,
    0x31, 0x1, 0x12, 0x32, 0x1b, 0x0, 0x7, 0xce,
    0xfe, 0xed, 0xd4, 0x0, 0x0, 0x0, 0x0, 0x0,
    0x0, 0x0,

    /* U+8FC1 "迁" */
    0x1, 0x0, 0x0, 0x0, 0x0, 0x48, 0x0, 0x8,
    0xb0, 0x17, 0x8b, 0xde, 0xb7, 0x10, 0x0, 0x9a,
    0x7, 0x63, 0xd3, 0x0, 0x0, 0x0, 0x6, 0x0,
    0x0, 0xc3, 0x0, 0x0, 0x0, 0x0, 0x0, 0x0,
    0xc3, 0x0, 0x0, 0x1, 0x10, 0x7b, 0xbb, 0xfc,
    0xbb, 0xb3, 0x1e, 0xee, 0x34, 0x44, 0xd7, 0x44,
    0x41, 0x0, 0x2e, 0x0, 0x0, 0xc3, 0x0, 0x0,
    0x0, 0x2e, 0x0, 0x0, 0xc3, 0x0, 0x0, 0x0,
    0x2e, 0x0, 0x0, 0xc3, 0x0, 0x0, 0x0, 0x8f,
    0x10, 0x0, 0xc3, 0x0, 0x0, 0x9, 0xa3, 0xc6,
    0x10, 0x30, 0x1, 0x31, 0xb, 0x0, 0x18, 0xce,
    0xee, 0xee, 0xd3, 0x0, 0x0, 0x0, 0x0, 0x0,
    0x0, 0x0,

    /* U+8FC5 "迅" */
    0x1, 0x0, 0x0, 0x0, 0x0, 0x0, 0x0, 0x9,
    0xb0, 0x1f, 0xff, 0xff, 0xff, 0x0, 0x0, 0xba,
    0x0, 0x9, 0x0, 0xf, 0x0, 0x0, 0x7, 0x0,
    0xf, 0x10, 0xf, 0x0, 0x0, 0x0, 0x0, 0xf,
    0x10, 0xf, 0x0, 0x2, 0x22, 0x25, 0x5f, 0x65,
    0x2f, 0x0, 0x2d, 0xde, 0x4a, 0xaf, 0xaa, 0x3f,
    0x0, 0x0, 0x1e, 0x0, 0xf, 0x10, 0xe, 0x10,
    0x0, 0x1e, 0x0, 0xf, 0x10, 0xc, 0x34, 0x0,
    0x1e, 0x0, 0xf, 0x10, 0x9, 0x7a, 0x0, 0x2f,
    0x10, 0xf, 0x10, 0x2, 0xe6, 0x4, 0xe9, 0xd5,
    0x12, 0x0, 0x0, 0x1, 0xd, 0x40, 0x19, 0xef,
    0xee, 0xff, 0xf8, 0x0, 0x0, 0x0, 0x0, 0x11,
    0x0, 0x0,

    /* U+8FC7 "过" */
    0x2, 0x30, 0x0, 0x0, 0x0, 0xe2, 0x0, 0x4,
    0xe2, 0x0, 0x0, 0x0, 0xe2, 0x0, 0x0, 0x6c,
    0x0, 0x0, 0x0, 0xe3, 0x0, 0x0, 0x7, 0x5f,
    0xff, 0xff, 0xff, 0xf1, 0x0, 0x0, 0x0, 0x0,
    0x0, 0xe2, 0x0, 0xb, 0xba, 0x6, 0xb0, 0x0,
    0xe2, 0x0, 0x4, 0x5e, 0x0, 0xb8, 0x0, 0xe2,
    0x0, 0x0, 0x2e, 0x0, 0x2d, 0x0, 0xe2, 0x0,
    0x0, 0x2e, 0x0, 0x0, 0x0, 0xe2, 0x0, 0x0,
    0x2e, 0x0, 0x1, 0x22, 0xf2, 0x0, 0x0, 0x8f,
    0x20, 0x4, 0xee, 0xa0, 0x0, 0xb, 0xb5, 0xd8,
    0x53, 0x33, 0x34, 0x52, 0xa, 0x0, 0x7, 0xbc,
    0xdc, 0xcc, 0xb2,

    /* U+8FD0 "运" */
    0x0, 0x0, 0x0, 0x0, 0x0, 0x0, 0x0, 0x8,
    0xb1, 0x3, 0xff, 0xff, 0xff, 0xc0, 0x0, 0x8e,
    0x20, 0x0, 0x0, 0x0, 0x0, 0x0, 0x3, 0x0,
    0x0, 0x0, 0x0, 0x0, 0x0, 0x0, 0x3c, 0xcc,
    0xcc, 0xcc, 0xca, 0x2f, 0xfb, 0x13, 0x39, 0xc3,
    0x43, 0x33, 0x0, 0x5c, 0x0, 0xe, 0x40, 0xb5,
    0x0, 0x0, 0x4c, 0x0, 0x6c, 0x0, 0x3e, 0x0,
    0x0, 0x4c, 0x1, 0xe3, 0x12, 0x3c, 0x80, 0x0,
    0x4c, 0x8, 0xff, 0xfd, 0xca, 0xf2, 0x0, 0x6d,
    0x11, 0x20, 0x0, 0x0, 0x62, 0x7, 0xd8, 0xd6,
    0x20, 0x0, 0x0, 0x13, 0x1d, 0x20, 0x19, 0xef,
    0xff, 0xff, 0xfb, 0x0, 0x0, 0x0, 0x0, 0x0,
    0x0, 0x0,

    /* U+8FD4 "返" */
    0x1, 0x0, 0x0, 0x0, 0x2, 0x47, 0x10, 0xd,
    0x60, 0xc, 0xde, 0xfd, 0xb9, 0x40, 0x2, 0xe4,
    0xf, 0x10, 0x0, 0x0, 0x0, 0x0, 0x20, 0xf,
    0x44, 0x44, 0x44, 0x0, 0x0, 0x0, 0xf, 0xaa,
    0xaa, 0xaf, 0x20, 0x6c, 0xc3, 0x1f, 0x2, 0x0,
    0x5c, 0x0, 0x23, 0xd4, 0x2d, 0x2e, 0x61, 0xe3,
    0x0, 0x0, 0xc4, 0x5b, 0x1, 0xde, 0x90, 0x0,
    0x0, 0xc4, 0x97, 0x1, 0xce, 0xb0, 0x0, 0x0,
    0xc6, 0xf2, 0x7e, 0x80, 0xac, 0x10, 0x2, 0xe7,
    0x52, 0xa2, 0x0, 0x8, 0x20, 0x3e, 0x6c, 0x94,
    0x21, 0x11, 0x23, 0x41, 0x75, 0x0, 0x6b, 0xde,
    0xee, 0xdd, 0xc0, 0x0, 0x0, 0x0, 0x0, 0x0,
    0x0, 0x0,

    /* U+8FDB "进" */
    0x5, 0x80, 0x0, 0xf, 0x0, 0xe2, 0x0, 0x1,
    0xe4, 0x0, 0xf, 0x0, 0xe2, 0x0, 0x0, 0x4d,
    0x1, 0x1f, 0x11, 0xf3, 0x0, 0x0, 0x5, 0xf,
    0xff, 0xff, 0xff, 0xe0, 0x0, 0x0, 0x0, 0xf,
    0x0, 0xe2, 0x0, 0xc, 0xca, 0x0, 0xf, 0x0,
    0xe2, 0x0, 0x1, 0x3e, 0x5e, 0xff, 0xee, 0xff,
    0xe3, 0x0, 0x2e, 0x1, 0x5c, 0x11, 0xf3, 0x10,
    0x0, 0x2e, 0x0, 0x97, 0x0, 0xe2, 0x0, 0x0,
    0x2e, 0x3, 0xe1, 0x0, 0xe2, 0x0, 0x0, 0x8f,
    0x27, 0x30, 0x0, 0x91, 0x0, 0xa, 0xb4, 0xd6,
    0x20, 0x0, 0x12, 0x32, 0x1c, 0x0, 0x18, 0xce,
    0xfe, 0xee, 0xd3, 0x0, 0x0, 0x0, 0x0, 0x0,
    0x0, 0x0,

    /* U+8FDC "远" */
    0x0, 0x0, 0x0, 0x0, 0x0, 0x0, 0x0, 0x9,
    0x90, 0x4, 0xff, 0xff, 0xff, 0xc0, 0x0, 0x9d,
    0x0, 0x0, 0x0, 0x0, 0x0, 0x0, 0x3, 0x0,
    0x0, 0x0, 0x0, 0x0, 0x0, 0x0, 0x7c, 0xcc,
    0xcc, 0xcc, 0xc7, 0x2f, 0xfb, 0x11, 0x1e, 0x43,
    0xe1, 0x11, 0x0, 0x5c, 0x0, 0xf, 0x12, 0xe0,
    0x0, 0x0, 0x4c, 0x0, 0x2e, 0x2, 0xe0, 0x0,
    0x0, 0x4c, 0x0, 0xa8, 0x2, 0xe0, 0x38, 0x0,
    0x4c, 0x1a, 0xd1, 0x1, 0xe4, 0x89, 0x0, 0x6d,
    0x89, 0x10, 0x0, 0x8a, 0xa2, 0x6, 0xd7, 0xd6,
    0x10, 0x0, 0x0, 0x2, 0x1d, 0x10, 0x19, 0xef,
    0xee, 0xff, 0xfb, 0x0, 0x0, 0x0, 0x0, 0x0,
    0x0, 0x0,

    /* U+9002 "适" */
    0x0, 0x0, 0x0, 0x0, 0x0, 0x25, 0x0, 0x1c,
    0x20, 0x27, 0x9a, 0xce, 0xda, 0x10, 0x6, 0xd1,
    0x16, 0x53, 0xf2, 0x0, 0x0, 0x0, 0x73, 0x11,
    0x11, 0xf3, 0x11, 0x10, 0x0, 0x0, 0xdd, 0xdd,
    0xfd, 0xdd, 0xd0, 0x6a, 0xa2, 0x0, 0x0, 0xe2,
    0x0, 0x0, 0x24, 0xd4, 0x9, 0x99, 0xfa, 0x99,
    0x10, 0x0, 0xc4, 0xe, 0x44, 0x44, 0x4f, 0x20,
    0x0, 0xc4, 0xe, 0x10, 0x0, 0xe, 0x20, 0x0,
    0xc4, 0xe, 0x77, 0x77, 0x7f, 0x20, 0x1, 0xd7,
    0x6, 0x66, 0x66, 0x66, 0x0, 0x2d, 0x79, 0xb4,
    0x20, 0x1, 0x12, 0x40, 0x66, 0x0, 0x3a, 0xce,
    0xed, 0xdc, 0xb0, 0x0, 0x0, 0x0, 0x0, 0x0,
    0x0, 0x0,

    /* U+9009 "选" */
    0x3, 0x10, 0x0, 0x34, 0x2e, 0x0, 0x0, 0x7,
    0xe1, 0x0, 0xa6, 0x2e, 0x0, 0x0, 0x0, 0x9d,
    0x1, 0xfe, 0xef, 0xee, 0xe2, 0x0, 0x5, 0xa,
    0x90, 0x2e, 0x0, 0x0, 0x0, 0x0, 0x4, 0x10,
    0x2e, 0x0, 0x0, 0x2, 0x22, 0xb, 0xbb, 0xbf,
    0xbb, 0xb3, 0xd, 0xdb, 0x4, 0x4b, 0x95, 0xf4,
    0x41, 0x0, 0x4b, 0x0, 0xd, 0x41, 0xe0, 0x0,
    0x0, 0x4b, 0x0, 0x5e, 0x1, 0xe0, 0x25, 0x0,
    0x4b, 0x7, 0xe4, 0x0, 0xf3, 0x79, 0x0, 0x4d,
    0x3a, 0x20, 0x0, 0x8b, 0xa3, 0x4, 0xe9, 0xd6,
    0x10, 0x0, 0x0, 0x1, 0xd, 0x40, 0x2a, 0xef,
    0xee, 0xff, 0xf7, 0x0, 0x0, 0x0, 0x0, 0x11,
    0x0, 0x0,

    /* U+900F "透" */
    0x2, 0x0, 0x0, 0x1, 0x23, 0x58, 0x30, 0x9,
    0xb0, 0xb, 0xcb, 0xcc, 0x76, 0x20, 0x0, 0xb9,
    0x0, 0x0, 0x69, 0x0, 0x0, 0x0, 0x18, 0x8d,
    0xdd, 0xff, 0xdd, 0xd4, 0x0, 0x0, 0x0, 0x1c,
    0xbc, 0xb1, 0x0, 0x2, 0x22, 0x7, 0xd4, 0x69,
    0x4d, 0x60, 0xd, 0xdb, 0x99, 0xba, 0xbb, 0xb3,
    0xa3, 0x0, 0x4b, 0x0, 0x6c, 0x97, 0xf2, 0x20,
    0x0, 0x4b, 0x0, 0xe, 0x12, 0xba, 0xe0, 0x0,
    0x4b, 0x1, 0xb9, 0x0, 0x1, 0xc0, 0x0, 0x4d,
    0x5e, 0x80, 0x2, 0xbd, 0x60, 0x4, 0xe9, 0xd6,
    0x0, 0x0, 0x0, 0x11, 0xd, 0x40, 0x2a, 0xef,
    0xee, 0xff, 0xf5, 0x0, 0x0, 0x0, 0x0, 0x11,
    0x0, 0x0,

    /* U+9014 "途" */
    0x0, 0x0, 0x0, 0x0, 0xa2, 0x0, 0x0, 0x6,
    0xd3, 0x0, 0xa, 0xcb, 0x10, 0x0, 0x0, 0x4e,
    0x10, 0xaa, 0x6, 0xd4, 0x0, 0x0, 0x1, 0x5d,
    0xa3, 0x33, 0x7e, 0xc3, 0x0, 0x0, 0x72, 0x9b,
    0xfc, 0xb3, 0x60, 0x1d, 0xda, 0x0, 0x0, 0xd3,
    0x0, 0x0, 0x2, 0x5c, 0x6e, 0xee, 0xfe, 0xee,
    0xe1, 0x0, 0x4c, 0x0, 0x40, 0xd3, 0x32, 0x0,
    0x0, 0x4c, 0x9, 0x70, 0xd3, 0x3d, 0x10, 0x0,
    0x4c, 0x5c, 0x0, 0xd3, 0x6, 0xb0, 0x0, 0x7d,
    0x41, 0x3b, 0xf1, 0x0, 0x40, 0x8, 0xc6, 0xd5,
    0x12, 0x10, 0x0, 0x11, 0x1d, 0x10, 0x2a, 0xef,
    0xee, 0xff, 0xf3, 0x0, 0x0, 0x0, 0x0, 0x10,
    0x0, 0x0,

    /* U+901A "通" */
    0x0, 0x0, 0x0, 0x0, 0x0, 0x0, 0x0, 0x8,
    0x70, 0x6, 0xdd, 0xdd, 0xdf, 0x90, 0x1, 0xc9,
    0x0, 0xa, 0x73, 0xa8, 0x0, 0x0, 0x9, 0x12,
    0x44, 0xaf, 0xc4, 0x30, 0x0, 0x0, 0x8, 0xc9,
    0xae, 0x99, 0xd0, 0x15, 0x54, 0x8, 0x70, 0x2d,
    0x0, 0xc0, 0x1b, 0xcc, 0x8, 0xec, 0xdf, 0xcc,
    0xd0, 0x0, 0x3c, 0x8, 0x70, 0x2d, 0x0, 0xc0,
    0x0, 0x3c, 0x8, 0xed, 0xdf, 0xdd, 0xd0, 0x0,
    0x3c, 0x8, 0x70, 0x2d, 0x0, 0xc0, 0x0, 0x7e,
    0x8, 0x70, 0x1c, 0x3d, 0xa0, 0x7, 0xc6, 0xc4,
    0x0, 0x0, 0x0, 0x0, 0x1d, 0x10, 0x2a, 0xee,
    0xdd, 0xef, 0xf5, 0x0, 0x0, 0x0, 0x0, 0x10,
    0x0, 0x0,

    /* U+901F "速" */
    0x0, 0x0, 0x0, 0x0, 0xc3, 0x0, 0x0, 0x9,
    0xa0, 0x1, 0x11, 0xd4, 0x11, 0x10, 0x0, 0xc7,
    0x7d, 0xdd, 0xfd, 0xdd, 0xd2, 0x0, 0x1b, 0x0,
    0x0, 0xc4, 0x0, 0x0, 0x0, 0x0, 0xe, 0xdd,
    0xfd, 0xdd, 0xe0, 0x1b, 0xba, 0xe, 0x10, 0xc3,
    0x1, 0xe0, 0x0, 0x1e, 0xe, 0xdd, 0xfd, 0xdd,
    0xe0, 0x0, 0x1e, 0x0, 0x9, 0xfe, 0x40, 0x0,
    0x0, 0x1e, 0x0, 0x7b, 0xc5, 0xc8, 0x0, 0x0,
    0x1e, 0x1a, 0xc1, 0xc3, 0xa, 0xa0, 0x0, 0x4f,
    0x59, 0x0, 0xc3, 0x0, 0x50, 0x6, 0xd7, 0xc5,
    0x0, 0x41, 0x0, 0x11, 0xd, 0x10, 0x2a, 0xee,
    0xee, 0xff, 0xf3, 0x0, 0x0, 0x0, 0x0, 0x10,
    0x0, 0x0,

    /* U+9020 "造" */
    0x1, 0x10, 0x0, 0x64, 0x4c, 0x0, 0x0, 0x0,
    0x7d, 0x10, 0xd, 0x24, 0xc0, 0x0, 0x0, 0x0,
    0x9c, 0x5, 0xfe, 0xef, 0xee, 0xe1, 0x0, 0x0,
    0x71, 0xe4, 0x4, 0xc0, 0x0, 0x0, 0x0, 0x0,
    0x6, 0x11, 0x4d, 0x11, 0x10, 0x0, 0x22, 0x23,
    0xdd, 0xdd, 0xdd, 0xdd, 0x90, 0x1d, 0xdb, 0x0,
    0x0, 0x0, 0x0, 0x0, 0x0, 0x4, 0xb0, 0x2f,
    0xee, 0xee, 0xf3, 0x0, 0x0, 0x4b, 0x2, 0xd0,
    0x0, 0xd, 0x30, 0x0, 0x4, 0xb0, 0x2d, 0x11,
    0x11, 0xe3, 0x0, 0x0, 0x5c, 0x1, 0xbb, 0xbb,
    0xbb, 0x20, 0x0, 0x4e, 0xac, 0x30, 0x0, 0x0,
    0x1, 0x30, 0xd, 0x30, 0x3b, 0xfe, 0xee, 0xef,
    0xfc, 0x0, 0x0, 0x0, 0x0, 0x1, 0x10, 0x0,
    0x0,

    /* U+902E "逮" */
    0x9, 0x0, 0x0, 0x1, 0xe0, 0x0, 0x0, 0xa,
    0xa0, 0x2c, 0xcd, 0xfc, 0xcb, 0x0, 0x1, 0xe4,
    0x0, 0x1, 0xe0, 0x1e, 0x0, 0x0, 0x10, 0xcc,
    0xcd, 0xfc, 0xcf, 0xc1, 0x0, 0x0, 0x0, 0x1,
    0xe0, 0x1e, 0x0, 0x9f, 0xf3, 0x3c, 0xcd, 0xfc,
    0xcc, 0x0, 0x0, 0xc3, 0x29, 0x1, 0xe0, 0xa,
    0x10, 0x0, 0xc3, 0x8, 0x92, 0xf5, 0xb7, 0x0,
    0x0, 0xc3, 0x0, 0x8d, 0xfb, 0xc0, 0x0, 0x0,
    0xc3, 0x5c, 0xa3, 0xe0, 0x7d, 0x30, 0x1, 0xd4,
    0x73, 0x14, 0xe0, 0x3, 0x70, 0x2d, 0x5c, 0x71,
    0x3a, 0x60, 0x0, 0x11, 0x96, 0x0, 0x8e, 0xff,
    0xff, 0xff, 0xf3, 0x0, 0x0, 0x0, 0x1, 0x10,
    0x0, 0x0,

    /* U+9053 "道" */
    0x0, 0x0, 0x0, 0x64, 0x0, 0x55, 0x0, 0x9,
    0xa0, 0x0, 0x2d, 0x0, 0xd2, 0x0, 0x0, 0xb9,
    0x4e, 0xee, 0xee, 0xfe, 0xe3, 0x0, 0x16, 0x0,
    0x0, 0xc3, 0x0, 0x0, 0x0, 0x0, 0x2, 0xdc,
    0xfc, 0xcd, 0x10, 0xc, 0xca, 0x3, 0xd0, 0x0,
    0xe, 0x10, 0x3, 0x5e, 0x3, 0xfb, 0xbb, 0xbf,
    0x10, 0x0, 0x2e, 0x3, 0xd0, 0x0, 0xe, 0x10,
    0x0, 0x2e, 0x3, 0xfb, 0xbb, 0xbf, 0x10, 0x0,
    0x2e, 0x3, 0xd1, 0x11, 0x1e, 0x10, 0x0, 0x4f,
    0x2, 0xcc, 0xcc, 0xcc, 0x10, 0x6, 0xd7, 0xc4,
    0x0, 0x0, 0x0, 0x1, 0xd, 0x10, 0x2a, 0xee,
    0xee, 0xef, 0xf4, 0x0, 0x0, 0x0, 0x0, 0x10,
    0x0, 0x0,

    /* U+90A6 "邦" */
    0x0, 0x4, 0xc0, 0x0, 0x0, 0x0, 0x0, 0x0,
    0x4, 0xc0, 0x0, 0xcf, 0xff, 0xf3, 0x1f, 0xff,
    0xff, 0xf5, 0xc4, 0x3, 0xe0, 0x0, 0x4, 0xc0,
    0x0, 0xc4, 0xa, 0x60, 0x0, 0x4, 0xc0, 0x0,
    0xc4, 0x2d, 0x0, 0xc, 0xff, 0xff, 0xf0, 0xc4,
    0x97, 0x0, 0x0, 0x4, 0xb0, 0x0, 0xc4, 0x2d,
    0x30, 0x0, 0x6, 0xb0, 0x0, 0xc4, 0x3, 0xd0,
    0x2f, 0xff, 0xff, 0xfa, 0xc4, 0x0, 0xc2, 0x0,
    0xe, 0x40, 0x0, 0xc4, 0x0, 0xe2, 0x0, 0x6d,
    0x0, 0x0, 0xc4, 0xdf, 0xa0, 0x4, 0xf4, 0x0,
    0x0, 0xc4, 0x0, 0x0, 0xb, 0x60, 0x0, 0x0,
    0xc4, 0x0, 0x0, 0x0, 0x0, 0x0, 0x0, 0x0,
    0x0, 0x0,

    /* U+90AF "邯" */
    0x5, 0xa0, 0x0, 0xf0, 0x0, 0x0, 0x0, 0x5,
    0xa0, 0x0, 0xf0, 0x4f, 0xff, 0xf3, 0x6, 0xb2,
    0x22, 0xf2, 0x4c, 0x2, 0xe0, 0x6f, 0xfe, 0xee,
    0xfe, 0x5c, 0x9, 0x70, 0x5, 0xa0, 0x0, 0xf0,
    0x4c, 0x1e, 0x0, 0x5, 0xa0, 0x0, 0xf0, 0x4c,
    0x78, 0x0, 0x5, 0xc4, 0x44, 0xf0, 0x4c, 0x3d,
    0x20, 0x5, 0xeb, 0xbb, 0xf0, 0x4c, 0x4, 0xc0,
    0x5, 0xa0, 0x0, 0xf0, 0x4c, 0x0, 0xd2, 0x5,
    0xa0, 0x0, 0xf0, 0x4c, 0x0, 0xd3, 0x5, 0xb3,
    0x33, 0xf0, 0x4d, 0xab, 0xe0, 0x5, 0xfc, 0xcc,
    0xf0, 0x4c, 0x55, 0x10, 0x5, 0xa0, 0x0, 0xf0,
    0x4c, 0x0, 0x0,

    /* U+90B9 "邹" */
    0x0, 0xa, 0x0, 0x0, 0x0, 0x0, 0x0, 0x0,
    0x6d, 0x33, 0x30, 0x4f, 0xff, 0xf3, 0x0, 0xdc,
    0xbd, 0xd0, 0x4c, 0x1, 0xf1, 0x7, 0xb0, 0xc,
    0x40, 0x4c, 0x8, 0x80, 0x4e, 0x10, 0x5b, 0x0,
    0x4c, 0xd, 0x10, 0xc, 0xff, 0xff, 0xf6, 0x4c,
    0x3c, 0x0, 0x0, 0x0, 0x0, 0xa6, 0x4c, 0xa,
    0x70, 0x0, 0x0, 0x0, 0xa6, 0x4c, 0x1, 0xe0,
    0x5, 0xff, 0xff, 0xf6, 0x4c, 0x0, 0xd3, 0x0,
    0x0, 0x0, 0xa6, 0x4c, 0x1, 0xe2, 0x0, 0x0,
    0x0, 0xa6, 0x4c, 0xaf, 0xa0, 0xb, 0xff, 0xff,
    0xf6, 0x4c, 0x0, 0x0, 0x0, 0x0, 0x0, 0xa6,
    0x4c, 0x0, 0x0,

    /* U+90D1 "郑" */
    0x0, 0x70, 0x0, 0x71, 0x0, 0x0, 0x0, 0x0,
    0x89, 0x3, 0xe0, 0x3f, 0xff, 0xf4, 0x1, 0x2a,
    0x1b, 0x71, 0x3d, 0x1, 0xf1, 0xb, 0xee, 0xfe,
    0xeb, 0x3d, 0x7, 0x90, 0x0, 0x0, 0xe2, 0x0,
    0x3d, 0xc, 0x20, 0x0, 0x0, 0xe1, 0x0, 0x3d,
    0x3c, 0x0, 0x13, 0x33, 0xf4, 0x33, 0x3d, 0xc,
    0x40, 0x3c, 0xcc, 0xfc, 0xcc, 0x5d, 0x2, 0xe0,
    0x0, 0x6, 0xe1, 0x0, 0x3d, 0x0, 0xd3, 0x0,
    0xd, 0x9d, 0x20, 0x3d, 0x0, 0xd3, 0x0, 0x8b,
    0x4, 0xe2, 0x3d, 0x6e, 0xd0, 0x7, 0xe1, 0x0,
    0x6a, 0x3d, 0x2, 0x0, 0x2c, 0x20, 0x0, 0x0,
    0x3d, 0x0, 0x0,

    /* U+90E8 "部" */
    0x0, 0x4, 0x70, 0x0, 0x0, 0x0, 0x0, 0x0,
    0x1, 0xf0, 0x0, 0x3f, 0xff, 0xf1, 0xd, 0xff,
    0xff, 0xfb, 0x3b, 0x2, 0xe0, 0x0, 0xb1, 0x1,
    0xd0, 0x3b, 0x8, 0x70, 0x0, 0x87, 0x6, 0xa0,
    0x3b, 0xe, 0x10, 0x1, 0x5a, 0x1c, 0x51, 0x3b,
    0x4b, 0x0, 0x3d, 0xdd, 0xdd, 0xdd, 0x4b, 0x1d,
    0x30, 0x0, 0x0, 0x0, 0x0, 0x3b, 0x4, 0xc0,
    0x7, 0xff, 0xff, 0xf6, 0x3b, 0x0, 0xe1, 0x7,
    0x80, 0x0, 0xa6, 0x3b, 0x0, 0xf0, 0x7, 0x80,
    0x0, 0xa6, 0x3b, 0x9d, 0x80, 0x7, 0xed, 0xdd,
    0xf6, 0x3b, 0x0, 0x0, 0x6, 0x82, 0x22, 0xb6,
    0x3b, 0x0, 0x0,

    /* U+90EB "郫" */
    0x0, 0x1, 0xc0, 0x0, 0x0, 0x0, 0x0, 0x4,
    0x59, 0xd5, 0x55, 0x1f, 0xff, 0xf2, 0xe, 0x98,
    0xf8, 0x8f, 0x1e, 0x2, 0xe0, 0xe, 0x10, 0xf0,
    0xf, 0x1e, 0x7, 0x80, 0xe, 0xdd, 0xfd, 0xdf,
    0x1e, 0xd, 0x20, 0xe, 0x10, 0xe0, 0xf, 0x1e,
    0x3c, 0x0, 0xe, 0xee, 0xfe, 0xef, 0x1e, 0xb,
    0x50, 0x0, 0x2d, 0x36, 0x30, 0x1e, 0x2, 0xd0,
    0x8, 0xd3, 0xb, 0x50, 0x1e, 0x0, 0xd1, 0x4e,
    0xcc, 0xcf, 0xdc, 0x6e, 0x0, 0xe2, 0x2, 0x22,
    0x2b, 0x62, 0x2e, 0x7e, 0xc0, 0x0, 0x0, 0xb,
    0x50, 0x1e, 0x11, 0x0, 0x0, 0x0, 0xb, 0x50,
    0x1e, 0x0, 0x0,

    /* U+90F8 "郸" */
    0x1, 0x60, 0x0, 0x71, 0x0, 0x0, 0x0, 0x0,
    0xc4, 0x3, 0xd0, 0xf, 0xff, 0xd0, 0x0, 0x38,
    0xb, 0x50, 0xe, 0x6, 0xa0, 0xc, 0xee, 0xef,
    0xea, 0xe, 0xc, 0x30, 0xe, 0x1, 0xe0, 0x2c,
    0xe, 0x2c, 0x0, 0xe, 0xdd, 0xfd, 0xdc, 0xe,
    0x69, 0x0, 0xe, 0x1, 0xe0, 0x2c, 0xe, 0xc,
    0x30, 0xe, 0xab, 0xfa, 0xbc, 0xe, 0x5, 0xa0,
    0x2, 0x34, 0xe3, 0x32, 0xe, 0x1, 0xd0, 0x37,
    0x78, 0xf7, 0x77, 0x1e, 0x2, 0xd0, 0x48, 0x88,
    0xf8, 0x88, 0x2e, 0xbf, 0x70, 0x0, 0x1, 0xe0,
    0x0, 0xe, 0x11, 0x0, 0x0, 0x1, 0xe0, 0x0,
    0xe, 0x0, 0x0, 0x0, 0x0, 0x0, 0x0, 0x0,
    0x0, 0x0,

    /* U+90FD "都" */
    0x0, 0xa, 0x50, 0x3, 0x0, 0x0, 0x0, 0x0,
    0xa, 0x50, 0x5b, 0xdf, 0xff, 0xf3, 0xb, 0xff,
    0xff, 0xf3, 0xd3, 0x2, 0xe0, 0x0, 0xa, 0x58,
    0x90, 0xd3, 0xa, 0x70, 0x39, 0x9d, 0xcf, 0xa7,
    0xd3, 0x2e, 0x0, 0x25, 0x59, 0xf6, 0x54, 0xd3,
    0x98, 0x0, 0x0, 0x5e, 0x30, 0x0, 0xd3, 0x3d,
    0x30, 0x1a, 0xfd, 0xdd, 0xf2, 0xd3, 0x4, 0xd0,
    0x59, 0xf0, 0x0, 0xd2, 0xd3, 0x0, 0xd2, 0x0,
    0xfd, 0xdd, 0xf2, 0xd3, 0x0, 0xd3, 0x0, 0xf0,
    0x0, 0xd2, 0xd4, 0xbd, 0xb0, 0x0, 0xfe, 0xee,
    0xf2, 0xd3, 0x10, 0x0, 0x0, 0xf0, 0x0, 0xd2,
    0xd3, 0x0, 0x0, 0x0, 0x0, 0x0, 0x0, 0x10,
    0x0, 0x0,

    /* U+914C "酌" */
    0x0, 0x0, 0x0, 0x0, 0x24, 0x0, 0x0, 0x2a,
    0xcc, 0xfa, 0x70, 0x87, 0x0, 0x0, 0x0, 0x65,
    0xc0, 0x0, 0xe9, 0x77, 0x70, 0x9, 0xcc, 0xfa,
    0x45, 0xd8, 0x88, 0xf0, 0xd, 0x78, 0xb8, 0x8e,
    0x30, 0x0, 0xf0, 0xd, 0x45, 0x96, 0x96, 0x20,
    0x0, 0xf0, 0xd, 0x63, 0x96, 0x70, 0xd4, 0x0,
    0xf0, 0xd, 0xa0, 0x8c, 0x70, 0x2e, 0x20, 0xe0,
    0xd, 0x0, 0x6, 0x70, 0x6, 0xa1, 0xe0, 0xe,
    0xcc, 0xcd, 0x70, 0x0, 0x2, 0xd0, 0xd, 0x0,
    0x6, 0x70, 0x0, 0x4, 0xb0, 0xe, 0xdd, 0xde,
    0x70, 0x0, 0x8, 0x90, 0xd, 0x0, 0x6, 0x70,
    0xc, 0xfe, 0x30,

    /* U+914D "配" */
    0x1, 0x11, 0x11, 0x10, 0x0, 0x0, 0x0, 0x2d,
    0xde, 0xed, 0xd4, 0xff, 0xff, 0xf0, 0x0, 0x39,
    0x92, 0x0, 0x0, 0x0, 0xf0, 0x9, 0xbd, 0xeb,
    0x70, 0x0, 0x0, 0xf0, 0xd, 0x4a, 0xb5, 0xc0,
    0x0, 0x0, 0xf0, 0xd, 0x8, 0x92, 0xc2, 0xbb,
    0xbb, 0xf0, 0xd, 0x36, 0x92, 0xc3, 0xe4, 0x44,
    0xf0, 0xd, 0xa1, 0x6a, 0xc3, 0xd0, 0x0, 0x30,
    0xd, 0x0, 0x2, 0xc3, 0xd0, 0x0, 0x0, 0xd,
    0xcc, 0xcd, 0xc3, 0xd0, 0x0, 0x20, 0xd, 0x0,
    0x2, 0xc3, 0xd0, 0x0, 0x78, 0xd, 0xdd, 0xde,
    0xc3, 0xd0, 0x0, 0xa6, 0xd, 0x0, 0x2, 0xc0,
    0xdf, 0xff, 0xd1, 0x1, 0x0, 0x0, 0x0, 0x0,
    0x0, 0x0,

    /* U+9152 "酒" */
    0x4, 0x10, 0x0, 0x0, 0x0, 0x0, 0x0, 0x8,
    0xe5, 0xef, 0xff, 0xff, 0xff, 0xf4, 0x0, 0x35,
    0x0, 0xe, 0xd, 0x20, 0x0, 0x0, 0x0, 0x2,
    0x2e, 0x2d, 0x42, 0x20, 0x28, 0x0, 0x6e, 0xcf,
    0xcf, 0xcc, 0xf0, 0x1a, 0xe3, 0x68, 0xd, 0xd,
    0x0, 0xf0, 0x0, 0x40, 0x68, 0x3b, 0xd, 0x0,
    0xf0, 0x0, 0x0, 0x6b, 0xc3, 0x8, 0xdd, 0xf0,
    0x0, 0x3a, 0x69, 0x20, 0x0, 0x0, 0xf0, 0x0,
    0xb6, 0x6f, 0xee, 0xee, 0xee, 0xf0, 0x4, 0xd0,
    0x68, 0x0, 0x0, 0x0, 0xf0, 0xd, 0x60, 0x6e,
    0xbb, 0xbb, 0xbb, 0xf0, 0x19, 0x0, 0x6a, 0x33,
    0x33, 0x33, 0xf0, 0x0, 0x0, 0x0, 0x0, 0x0,
    0x0, 0x0,

    /* U+9165 "酥" */
    0x0, 0x0, 0x0, 0x0, 0x0, 0x3, 0x60, 0x4a,
    0xeb, 0xea, 0x41, 0x5a, 0xed, 0x70, 0x0, 0x93,
    0xc0, 0x7, 0x88, 0xc0, 0x0, 0x1a, 0xeb, 0xea,
    0x20, 0x3, 0xc0, 0x0, 0x1c, 0x96, 0xbb, 0x30,
    0x4, 0xc0, 0x0, 0x1b, 0x63, 0x99, 0x3d, 0xff,
    0xff, 0xf6, 0x1b, 0x91, 0x99, 0x30, 0xe, 0xf8,
    0x0, 0x1d, 0x90, 0x9d, 0x30, 0x6b, 0xcd, 0x0,
    0x1b, 0x0, 0x9, 0x30, 0xd4, 0xc8, 0x70, 0x1f,
    0xcc, 0xce, 0x39, 0x83, 0xc1, 0xe1, 0x1b, 0x0,
    0x9, 0x5d, 0x3, 0xc0, 0x76, 0x1f, 0xdd, 0xdf,
    0x30, 0x3, 0xc0, 0x0, 0x1b, 0x0, 0x9, 0x30,
    0x3, 0xc0, 0x0, 0x0, 0x0, 0x0, 0x0, 0x0,
    0x0, 0x0,

    /* U+9171 "酱" */
    0x0, 0x0, 0x0, 0x0, 0x0, 0x0, 0x0, 0x2,
    0x0, 0xd2, 0x0, 0xc3, 0x0, 0x0, 0x5, 0xb0,
    0xd2, 0xb, 0xfd, 0xdd, 0xd3, 0x0, 0x82, 0xd5,
    0xd8, 0x40, 0x6, 0xd0, 0x0, 0x4b, 0xf3, 0x40,
    0x89, 0x8e, 0x20, 0xd, 0xb3, 0xd4, 0x47, 0xae,
    0x81, 0x0, 0x2, 0x0, 0x83, 0x96, 0x30, 0x0,
    0x0, 0x1d, 0xdd, 0xdd, 0xdd, 0xdd, 0xdd, 0xd4,
    0x1, 0x44, 0x4f, 0x44, 0xe4, 0x44, 0x10, 0x4,
    0xd8, 0x9e, 0x88, 0xe8, 0x8d, 0x50, 0x4, 0xb7,
    0xc4, 0x0, 0xd9, 0x9e, 0x50, 0x4, 0xc8, 0x55,
    0x55, 0x55, 0x5c, 0x50, 0x4, 0xd6, 0x66, 0x66,
    0x66, 0x6d, 0x50, 0x4, 0xea, 0xaa, 0xaa, 0xaa,
    0xae, 0x50,

    /* U+9178 "酸" */
    0x0, 0x0, 0x0, 0x0, 0x6, 0x0, 0x0, 0x3a,
    0xeb, 0xea, 0x30, 0x7b, 0x58, 0x0, 0x0, 0x92,
    0xb0, 0x3, 0xe3, 0x3e, 0x40, 0x1a, 0xeb, 0xea,
    0x2f, 0xec, 0xba, 0xe0, 0x2c, 0x96, 0xbb, 0x21,
    0x73, 0x48, 0x20, 0x2a, 0x62, 0x99, 0x26, 0xc0,
    0xa, 0x80, 0x2a, 0x90, 0x99, 0x7d, 0x4a, 0x0,
    0xc3, 0x2d, 0x90, 0x9d, 0x21, 0xcc, 0x88, 0x50,
    0x2a, 0x0, 0x9, 0x29, 0xe4, 0x4c, 0x60, 0x2e,
    0xcc, 0xce, 0x6b, 0xa7, 0x5d, 0x0, 0x2a, 0x0,
    0x9, 0x20, 0x1e, 0xe2, 0x0, 0x2f, 0xdd, 0xdf,
    0x22, 0xac, 0xcb, 0x30, 0x2a, 0x0, 0x9, 0x9d,
    0x60, 0x6, 0xd3, 0x0, 0x0, 0x0, 0x0, 0x0,
    0x0, 0x0,

    /* U+917F "酿" */
    0x0, 0x0, 0x0, 0x0, 0x27, 0x0, 0x0, 0x39,
    0xdb, 0xd9, 0x20, 0x1e, 0x10, 0x0, 0x0, 0xa4,
    0x90, 0x4f, 0xff, 0xff, 0x70, 0x7, 0xda, 0xc6,
    0x4b, 0x0, 0x7, 0x70, 0x1c, 0x97, 0x9b, 0x4f,
    0xee, 0xef, 0x70, 0x1b, 0x84, 0x7a, 0x4b, 0x0,
    0x7, 0x70, 0x1b, 0x93, 0x7a, 0x4b, 0x0, 0x8,
    0x70, 0x1b, 0xa0, 0xac, 0x4f, 0xef, 0xee, 0x60,
    0x1c, 0x20, 0xa, 0x4b, 0xd, 0x22, 0x90, 0x1f,
    0xdd, 0xdc, 0x4b, 0x6, 0xcd, 0x30, 0x1b, 0x0,
    0xa, 0x4b, 0x0, 0xd7, 0x0, 0x1f, 0xdd, 0xdc,
    0x4d, 0xad, 0x2e, 0x91, 0x1b, 0x0, 0xa, 0x7b,
    0x50, 0x2, 0xc2, 0x0, 0x0, 0x0, 0x0, 0x0,
    0x0, 0x0,

    /* U+918B "醋" */
    0x0, 0x0, 0x0, 0x3, 0xc0, 0xe, 0x0, 0x39,
    0xed, 0xa7, 0x3, 0xc0, 0xe, 0x0, 0x0, 0xa8,
    0x30, 0x7f, 0xfe, 0xef, 0xe1, 0x8, 0xdc, 0x96,
    0x3, 0xc0, 0xe, 0x0, 0xd, 0xbb, 0x6c, 0x3,
    0xc0, 0xe, 0x0, 0xb, 0x88, 0xc, 0xbf, 0xff,
    0xff, 0xf7, 0xb, 0x88, 0xc, 0x0, 0x0, 0x0,
    0x0, 0xd, 0x73, 0x9c, 0xe, 0xee, 0xee, 0x90,
    0xc, 0x22, 0x2c, 0xe, 0x0, 0x4, 0x90, 0xe,
    0x99, 0x9c, 0xe, 0xdd, 0xde, 0x90, 0xb, 0x0,
    0xc, 0xe, 0x0, 0x4, 0x90, 0xe, 0xaa, 0xac,
    0xe, 0x22, 0x26, 0x90, 0xc, 0x44, 0x4c, 0xe,
    0xbb, 0xbc, 0x90, 0x0, 0x0, 0x0, 0x1, 0x0,
    0x0, 0x0,

    /* U+9192 "醒" */
    0x0, 0x0, 0x0, 0x0, 0x0, 0x0, 0x0, 0x29,
    0xca, 0xe9, 0x6e, 0xdd, 0xdd, 0xe0, 0x0, 0x83,
    0xc0, 0xe, 0x0, 0x1, 0xe0, 0x8, 0xc9, 0xe8,
    0x3e, 0xcc, 0xcc, 0xe0, 0x1d, 0xa8, 0xca, 0x7e,
    0x0, 0x1, 0xe0, 0x1c, 0x63, 0xa7, 0x7c, 0xdd,
    0xed, 0xc0, 0x1c, 0x81, 0xa7, 0x76, 0x82, 0xc0,
    0x0, 0x1d, 0xa0, 0x9d, 0x7d, 0xee, 0xfd, 0xd4,
    0x1c, 0x22, 0x28, 0xc7, 0x2, 0xc0, 0x0, 0x1e,
    0x99, 0x9c, 0x75, 0xcd, 0xfc, 0xb0, 0x1c, 0x0,
    0x7, 0x70, 0x13, 0xc1, 0x0, 0x1f, 0xcc, 0xce,
    0x70, 0x2, 0xc0, 0x0, 0x1c, 0x33, 0x38, 0x7e,
    0xee, 0xee, 0xea,

    /* U+91AA "醪" */
    0x39, 0xed, 0xa7, 0xdc, 0xf2, 0xdc, 0xe0, 0x0,
    0xa9, 0x20, 0x89, 0xd0, 0xb6, 0xe0, 0x8, 0xdc,
    0x93, 0x4, 0xe0, 0x9, 0xe0, 0xc, 0xcc, 0x98,
    0xaa, 0xe2, 0xc9, 0xe0, 0xa, 0x89, 0x57, 0x40,
    0x92, 0x30, 0xd0, 0xa, 0x89, 0x57, 0x0, 0x4e,
    0x80, 0x0, 0xc, 0x74, 0xc7, 0x3a, 0x94, 0x8c,
    0x61, 0xc, 0x0, 0x58, 0x83, 0x9a, 0x22, 0x72,
    0xf, 0xdd, 0xe7, 0x1a, 0x46, 0xc2, 0x10, 0xa,
    0x0, 0x57, 0x18, 0xb6, 0x1b, 0x70, 0xf, 0xdd,
    0xe7, 0x3, 0x28, 0xd5, 0x0, 0xa, 0x0, 0x57,
    0x9c, 0x94, 0x0, 0x0, 0x0, 0x0, 0x0, 0x0,
    0x0, 0x0, 0x0,

    /* U+91CA "释" */
    0x1, 0x35, 0x87, 0x0, 0x0, 0x0, 0x0, 0x4e,
    0xcf, 0x73, 0x7f, 0xff, 0xff, 0xd0, 0x6, 0xf,
    0x8, 0x9, 0x60, 0xc, 0x30, 0xa, 0x3f, 0x49,
    0x0, 0xc6, 0xc5, 0x0, 0x2, 0x3f, 0x31, 0x0,
    0x9f, 0xc1, 0x0, 0x4e, 0xef, 0xec, 0x9e, 0x81,
    0x7e, 0xa3, 0x0, 0x5f, 0x50, 0x40, 0xd, 0x10,
    0x50, 0x0, 0xcf, 0xc4, 0x5b, 0xbf, 0xbb, 0x60,
    0x6, 0x9f, 0x2b, 0x14, 0x4f, 0x54, 0x20, 0x1e,
    0x1f, 0x0, 0x0, 0xe, 0x20, 0x0, 0x57, 0xf,
    0x0, 0xff, 0xff, 0xff, 0xf3, 0x0, 0xf, 0x0,
    0x0, 0xe, 0x20, 0x0, 0x0, 0xf, 0x0, 0x0,
    0xe, 0x20, 0x0,

    /* U+91CC "里" */
    0x0, 0xec, 0xcc, 0xfd, 0xcc, 0xcf, 0x0, 0xe,
    0x20, 0xc, 0x40, 0x1, 0xf0, 0x0, 0xec, 0xbb,
    0xec, 0xbb, 0xcf, 0x0, 0xe, 0x42, 0x2c, 0x62,
    0x24, 0xf0, 0x0, 0xe2, 0x0, 0xc4, 0x0, 0x1f,
    0x0, 0xe, 0xff, 0xff, 0xff, 0xff, 0xf0, 0x0,
    0x0, 0x0, 0xc4, 0x0, 0x0, 0x0, 0x0, 0x0,
    0xd, 0x50, 0x0, 0x0, 0x8, 0xff, 0xff, 0xff,
    0xff, 0xff, 0x30, 0x0, 0x0, 0xd, 0x50, 0x0,
    0x0, 0x0, 0x0, 0x0, 0xd5, 0x0, 0x0, 0x8,
    0xff, 0xff, 0xff, 0xff, 0xff, 0xff,

    /* U+91CD "重" */
    0x0, 0x0, 0x1, 0x23, 0x56, 0x85, 0x0, 0x4d,
    0xdc, 0xcf, 0xa8, 0x75, 0x20, 0x35, 0x55, 0x55,
    0xf7, 0x55, 0x55, 0x53, 0x77, 0x77, 0x7f, 0x87,
    0x77, 0x76, 0x0, 0xbc, 0xcc, 0xfc, 0xcc, 0xcb,
    0x0, 0xe, 0x10, 0xe, 0x20, 0x2, 0xe0, 0x0,
    0xeb, 0xbb, 0xfb, 0xbb, 0xbe, 0x0, 0xe, 0x10,
    0xe, 0x20, 0x2, 0xe0, 0x0, 0xbc, 0xcc, 0xfc,
    0xcc, 0xcb, 0x0, 0x0, 0x0, 0xe, 0x20, 0x0,
    0x0, 0x7, 0xdd, 0xdd, 0xfd, 0xdd, 0xdd, 0x0,
    0x0, 0x0, 0xe, 0x20, 0x0, 0x0, 0x8d, 0xdd,
    0xdd, 0xdd, 0xdd, 0xdd, 0xc0,

    /* U+91CE "野" */
    0x0, 0x0, 0x0, 0x0, 0x0, 0x0, 0x0, 0xf,
    0xee, 0xfe, 0xf7, 0xff, 0xff, 0xf2, 0xe, 0x3,
    0xb0, 0xe0, 0x10, 0xb, 0x80, 0xf, 0xdd, 0xfd,
    0xf0, 0x7d, 0xba, 0x0, 0xe, 0x3, 0xb0, 0xe0,
    0x4, 0xe6, 0x0, 0xe, 0x14, 0xb1, 0xe2, 0x66,
    0x8f, 0x72, 0xc, 0xcd, 0xfc, 0xc4, 0xbb, 0xfb,
    0xe5, 0x0, 0x4, 0xc0, 0x0, 0x2, 0xe0, 0xe0,
    0xf, 0xff, 0xff, 0xf0, 0x2, 0xe2, 0x70, 0x0,
    0x4, 0xc0, 0x0, 0x2, 0xe0, 0x0, 0x0, 0x4,
    0xc2, 0x54, 0x2, 0xe0, 0x0, 0x4a, 0xce, 0xfc,
    0xa5, 0x2, 0xe0, 0x0, 0x26, 0x31, 0x0, 0x3,
    0xff, 0x90, 0x0, 0x0, 0x0, 0x0, 0x0, 0x0,
    0x0, 0x0,

    /* U+91CF "量" */
    0x0, 0x8d, 0xaa, 0xaa, 0xaa, 0xd8, 0x0, 0x0,
    0x8c, 0x88, 0x88, 0x88, 0xc8, 0x0, 0x0, 0x8d,
    0xaa, 0xaa, 0xaa, 0xd8, 0x0, 0x6, 0x66, 0x66,
    0x66, 0x66, 0x66, 0x62, 0x7, 0x77, 0x77, 0x77,
    0x77, 0x77, 0x73, 0x0, 0xab, 0xaa, 0xcc, 0xaa,
    0xac, 0x0, 0x0, 0xc9, 0x77, 0xbb, 0x77, 0x8e,
    0x0, 0x0, 0xc5, 0x33, 0xa9, 0x33, 0x4e, 0x0,
    0x0, 0x8a, 0xaa, 0xdd, 0xaa, 0xa9, 0x0, 0x1,
    0x99, 0x99, 0xcc, 0x99, 0x99, 0x20, 0x0, 0x33,
    0x33, 0xa9, 0x33, 0x33, 0x0, 0x2f, 0xff, 0xff,
    0xff, 0xff, 0xff, 0xf6,

    /* U+91D1 "金" */
    0x0, 0x0, 0x0, 0x55, 0x0, 0x0, 0x0, 0x0,
    0x0, 0x4, 0xfb, 0x0, 0x0, 0x0, 0x0, 0x0,
    0x6e, 0x49, 0xc2, 0x0, 0x0, 0x0, 0x2b, 0xd2,
    0x0, 0x6e, 0x70, 0x0, 0x3a, 0xfe, 0x77, 0x77,
    0x79, 0xde, 0x81, 0x38, 0x17, 0x88, 0xea, 0x88,
    0x33, 0x80, 0x0, 0x0, 0x0, 0xd4, 0x0, 0x0,
    0x0, 0x9, 0xee, 0xee, 0xfe, 0xee, 0xee, 0x30,
    0x0, 0x36, 0x11, 0xd5, 0x12, 0x71, 0x0, 0x0,
    0x1e, 0x10, 0xd4, 0x8, 0x90, 0x0, 0x0, 0x7,
    0x90, 0xd4, 0x2d, 0x10, 0x0, 0x27, 0x78, 0x87,
    0xea, 0x89, 0x77, 0x60, 0x4f, 0xff, 0xff, 0xff,
    0xff, 0xff, 0xd0,

    /* U+946B "鑫" */
    0x0, 0x0, 0x1, 0x96, 0x0, 0x0, 0x0, 0x0,
    0x3, 0x8d, 0x7b, 0xb6, 0x20, 0x0, 0x1a, 0xed,
    0xfa, 0xaa, 0xdc, 0xee, 0x50, 0x5, 0x20, 0x22,
    0xf4, 0x21, 0x3, 0x0, 0x0, 0x7b, 0xca, 0xfb,
    0xbd, 0x90, 0x0, 0x5, 0x8a, 0xe8, 0xf8, 0xac,
    0x88, 0x0, 0x3, 0x4d, 0x74, 0x44, 0x4c, 0x64,
    0x0, 0x4, 0xb6, 0xa7, 0x4, 0xb7, 0xa6, 0x10,
    0x4a, 0xab, 0x98, 0x6a, 0x9b, 0x8a, 0x70, 0x19,
    0x9e, 0x99, 0x38, 0x8f, 0x88, 0x50, 0x6, 0x2d,
    0x37, 0x9, 0x2e, 0x29, 0x10, 0x3, 0x4d, 0x99,
    0x8, 0x2d, 0x29, 0x0, 0x5d, 0xed, 0xa8, 0x9f,
    0xff, 0xff, 0xf0, 0x11, 0x0, 0x0, 0x0, 0x0,
    0x0, 0x0,

    /* U+9488 "针" */
    0x0, 0x0, 0x0, 0x0, 0x0, 0x0, 0x0, 0x0,
    0x95, 0x0, 0x0, 0xe, 0x20, 0x0, 0x1, 0xe1,
    0x0, 0x0, 0xe, 0x20, 0x0, 0xa, 0xff, 0xfc,
    0x0, 0xe, 0x20, 0x0, 0x5d, 0x0, 0x0, 0x0,
    0xe, 0x20, 0x0, 0x17, 0xaa, 0xa6, 0x11, 0x1f,
    0x31, 0x10, 0x2, 0x5f, 0x46, 0xff, 0xff, 0xff,
    0xf2, 0x0, 0xf, 0x0, 0x0, 0xe, 0x20, 0x0,
    0x2e, 0xef, 0xec, 0x0, 0xe, 0x20, 0x0, 0x0,
    0x1f, 0x0, 0x0, 0xe, 0x20, 0x0, 0x0, 0xf,
    0x0, 0x0, 0xe, 0x20, 0x0, 0x0, 0xf, 0x29,
    0x0, 0xe, 0x20, 0x0, 0x0, 0x4f, 0xd5, 0x0,
    0xe, 0x20, 0x0, 0x0, 0x67, 0x0, 0x0, 0xe,
    0x20, 0x0,

    /* U+949F "钟" */
    0x0, 0x84, 0x0, 0x0, 0xe, 0x10, 0x0, 0x1,
    0xe1, 0x0, 0x0, 0xe, 0x10, 0x0, 0x9, 0xfe,
    0xec, 0x0, 0xe, 0x10, 0x0, 0x3d, 0x0, 0x0,
    0x6c, 0xcf, 0xcc, 0xc2, 0x7, 0xee, 0xe7, 0x87,
    0xe, 0x20, 0xd2, 0x0, 0x2f, 0x10, 0x86, 0xe,
    0x10, 0xd2, 0x0, 0x1e, 0x0, 0x86, 0xe, 0x10,
    0xd2, 0x1a, 0xbf, 0xa9, 0x88, 0x3f, 0x53, 0xe2,
    0x5, 0x6f, 0x55, 0x8e, 0xcf, 0xcc, 0xf2, 0x0,
    0x1e, 0x0, 0x54, 0xe, 0x10, 0x71, 0x0, 0x1e,
    0x6, 0x0, 0xe, 0x10, 0x0, 0x0, 0x4f, 0xd7,
    0x0, 0xe, 0x10, 0x0, 0x0, 0x87, 0x0, 0x0,
    0xe, 0x10, 0x0,

    /* U+94A0 "钠" */
    0x0, 0x74, 0x0, 0x0, 0xc, 0x20, 0x0, 0x1e,
    0x20, 0x0, 0x0, 0xc2, 0x0, 0x9, 0xff, 0xfb,
    0x0, 0xc, 0x20, 0x3, 0xd0, 0x0, 0x9, 0xaa,
    0xfb, 0xab, 0x9, 0xee, 0xe6, 0xe2, 0x1f, 0x21,
    0xf0, 0x2, 0xf1, 0xe, 0x11, 0xf0, 0xf, 0x0,
    0x1e, 0x0, 0xe1, 0x5f, 0x70, 0xf1, 0xef, 0xfe,
    0x9e, 0x1a, 0x8e, 0x1f, 0x0, 0x2e, 0x0, 0xe3,
    0xf1, 0x98, 0xf0, 0x1, 0xe0, 0xe, 0xc8, 0x2,
    0xbf, 0x0, 0x1e, 0x15, 0xe2, 0x0, 0x0, 0xf0,
    0x4, 0xfd, 0x5e, 0x10, 0x0, 0xf, 0x0, 0x78,
    0x0, 0xe1, 0x0, 0xcf, 0xb0, 0x0, 0x0, 0x0,
    0x0, 0x0, 0x0,

    /* U+94A2 "钢" */
    0x0, 0x63, 0x0, 0x0, 0x0, 0x0, 0x0, 0x0,
    0xe2, 0x0, 0xef, 0xff, 0xff, 0xf1, 0x8, 0xff,
    0xfa, 0xe1, 0x0, 0x32, 0xd1, 0x3d, 0x0, 0x0,
    0xe4, 0x40, 0xa4, 0xd1, 0x6, 0xee, 0xe6, 0xe3,
    0xd0, 0xe0, 0xd1, 0x0, 0x2f, 0x10, 0xe1, 0x8b,
    0xb0, 0xd1, 0x0, 0x1e, 0x0, 0xe1, 0x1f, 0x50,
    0xd1, 0xe, 0xff, 0xec, 0xe1, 0xf, 0x80, 0xd1,
    0x0, 0x2e, 0x0, 0xe1, 0x69, 0xe0, 0xd1, 0x0,
    0x1e, 0x0, 0xe1, 0xd1, 0x96, 0xd1, 0x0, 0x1e,
    0x3, 0xe9, 0x80, 0x24, 0xd1, 0x0, 0x2f, 0xe7,
    0xe4, 0x0, 0x0, 0xd1, 0x0, 0x69, 0x10, 0xe1,
    0x0, 0x7e, 0xd0, 0x0, 0x0, 0x0, 0x0, 0x0,
    0x0, 0x0,

    /* U+94B5 "钵" */
    0x0, 0xb2, 0x0, 0x0, 0xe, 0x10, 0x0, 0x2,
    0xe1, 0x10, 0x0, 0xe, 0x10, 0x0, 0x9, 0xff,
    0xfb, 0x0, 0xe, 0x10, 0x0, 0x3e, 0x0, 0x0,
    0xcc, 0xdf, 0xec, 0xc4, 0x19, 0xdd, 0xd5, 0x0,
    0xbf, 0xe0, 0x0, 0x0, 0x2e, 0x10, 0x1, 0xce,
    0xa4, 0x0, 0x0, 0x1e, 0x0, 0x6, 0x7e, 0x5a,
    0x0, 0x2f, 0xff, 0xfb, 0xc, 0x1e, 0x1d, 0x10,
    0x0, 0x1e, 0x0, 0x5a, 0xe, 0x17, 0x90, 0x0,
    0x1e, 0x1, 0xd2, 0xe, 0x11, 0xe3, 0x0, 0x1e,
    0x29, 0x8b, 0xff, 0xfe, 0x56, 0x0, 0x3f, 0xd4,
    0x0, 0xe, 0x10, 0x0, 0x0, 0x86, 0x0, 0x0,
    0xe, 0x10, 0x0, 0x0, 0x0, 0x0, 0x0, 0x0,
    0x0, 0x0,

    /* U+94DB "铛" */
    0x0, 0x0, 0x0, 0x0, 0x0, 0x0, 0x0, 0x0,
    0xa5, 0x0, 0x0, 0xf, 0x0, 0x0, 0x1, 0xe1,
    0x0, 0x83, 0xf, 0x0, 0xc0, 0x9, 0xff, 0xfb,
    0x69, 0xf, 0x4, 0xb0, 0x3e, 0x0, 0x0, 0x1e,
    0xf, 0x9, 0x60, 0x7, 0xaa, 0xa5, 0x9, 0xf,
    0xa, 0x10, 0x1, 0x5f, 0x42, 0x78, 0x8f, 0x88,
    0x80, 0x0, 0x1e, 0x0, 0x57, 0x77, 0x77, 0xf0,
    0x1d, 0xef, 0xda, 0x0, 0x0, 0x0, 0xf0, 0x0,
    0x1e, 0x0, 0x8e, 0xee, 0xee, 0xf0, 0x0, 0x1e,
    0x0, 0x0, 0x0, 0x0, 0xf0, 0x0, 0x1e, 0x45,
    0x0, 0x0, 0x0, 0xf0, 0x0, 0x4f, 0xd4, 0xcf,
    0xff, 0xff, 0xf0, 0x0, 0x77, 0x0, 0x0, 0x0,
    0x0, 0xf0, 0x0, 0x0, 0x0, 0x0, 0x0, 0x0,
    0x0,

    /* U+94DC "铜" */
    0x0, 0x34, 0x0, 0x0, 0x0, 0x0, 0x0, 0x0,
    0xc6, 0x11, 0xcf, 0xff, 0xff, 0xf4, 0x6, 0xeb,
    0xba, 0xc1, 0x0, 0x0, 0xa4, 0x2f, 0x20, 0x0,
    0xc1, 0xde, 0xe6, 0xa4, 0x6, 0xaa, 0xa7, 0xc1,
    0x0, 0x0, 0xa4, 0x0, 0x3e, 0x11, 0xc1, 0x8b,
    0xb1, 0xa4, 0x0, 0x1e, 0x0, 0xc1, 0xb2, 0xa2,
    0xa4, 0xf, 0xff, 0xfb, 0xc1, 0xb0, 0x92, 0xa4,
    0x2, 0x3e, 0x21, 0xc1, 0xb0, 0x92, 0xa4, 0x0,
    0x1e, 0x0, 0xc1, 0xbd, 0xd1, 0xa4, 0x0, 0x1e,
    0x36, 0xc1, 0x70, 0x0, 0xa4, 0x0, 0x4f, 0xd4,
    0xc1, 0x0, 0x0, 0xa4, 0x0, 0x76, 0x0, 0xc1,
    0x0, 0x7f, 0xc1,

    /* U+94F6 "银" */
    0x0, 0x43, 0x0, 0x0, 0x0, 0x0, 0x0, 0x0,
    0xd4, 0x0, 0x6f, 0xee, 0xef, 0x80, 0x6, 0xff,
    0xfc, 0x6a, 0x0, 0x6, 0x80, 0x2e, 0x10, 0x0,
    0x6d, 0x88, 0x8b, 0x80, 0x6, 0xee, 0xe8, 0x6b,
    0x22, 0x28, 0x80, 0x0, 0x2f, 0x10, 0x6b, 0x11,
    0x17, 0x80, 0x0, 0x1e, 0x0, 0x6f, 0xef, 0xee,
    0x70, 0xe, 0xff, 0xed, 0x6a, 0xd, 0x0, 0x60,
    0x0, 0x2e, 0x0, 0x6a, 0x9, 0x6a, 0xb0, 0x0,
    0x1e, 0x0, 0x6a, 0x3, 0xf7, 0x0, 0x0, 0x1e,
    0x29, 0x6a, 0x0, 0xa8, 0x0, 0x0, 0x3f, 0xd6,
    0x7d, 0xae, 0x3d, 0x91, 0x0, 0x57, 0x0, 0xaa,
    0x51, 0x1, 0xa2, 0x0, 0x0, 0x0, 0x0, 0x0,
    0x0, 0x0,

    /* U+94FA "铺" */
    0x0, 0x74, 0x0, 0x0, 0xf, 0x1b, 0x10, 0x0,
    0xe5, 0x42, 0x0, 0xf, 0x4, 0xb0, 0x9, 0xcb,
    0xb7, 0xee, 0xef, 0xee, 0xe2, 0x3d, 0x0, 0x0,
    0x0, 0xf, 0x0, 0x0, 0x6, 0xdd, 0xd4, 0x8e,
    0xef, 0xee, 0xf0, 0x0, 0x2e, 0x10, 0x95, 0xe,
    0x0, 0xf0, 0x0, 0x1e, 0x0, 0x96, 0x1e, 0x11,
    0xf0, 0x9, 0xaf, 0x96, 0x9d, 0xcf, 0xcc, 0xf0,
    0x4, 0x5e, 0x43, 0x95, 0xe, 0x0, 0xf0, 0x0,
    0x1e, 0x0, 0x9f, 0xef, 0xee, 0xf0, 0x0, 0x1e,
    0x47, 0x95, 0xe, 0x0, 0xf0, 0x0, 0x5f, 0xb2,
    0x95, 0xe, 0x0, 0xf0, 0x0, 0x76, 0x0, 0x95,
    0xe, 0x1e, 0xb0,

    /* U+9505 "锅" */
    0x0, 0x22, 0x0, 0x0, 0x0, 0x0, 0x0, 0x0,
    0xc5, 0x0, 0x4f, 0xdd, 0xdd, 0xe0, 0x6, 0xff,
    0xfb, 0x4a, 0x0, 0x1, 0xe0, 0x2e, 0x10, 0x0,
    0x4c, 0x66, 0x67, 0xe0, 0x6, 0xee, 0xe6, 0x3,
    0x3e, 0x43, 0x30, 0x0, 0x3e, 0x10, 0x33, 0x3e,
    0x43, 0x30, 0x0, 0x2d, 0x0, 0xec, 0xbf, 0xbb,
    0xd2, 0xe, 0xff, 0xe7, 0xe1, 0x1f, 0x0, 0x72,
    0x0, 0x3d, 0x0, 0xe1, 0x6d, 0xc0, 0x72, 0x0,
    0x2d, 0x0, 0xe2, 0xe2, 0x7b, 0x72, 0x0, 0x2d,
    0x14, 0xea, 0x60, 0x9, 0x92, 0x0, 0x4f, 0xe5,
    0xe1, 0x0, 0x0, 0x72, 0x0, 0x78, 0x0, 0xe1,
    0x0, 0x8d, 0xd1, 0x0, 0x0, 0x0, 0x0, 0x0,
    0x0, 0x0,

    /* U+9508 "锈" */
    0x0, 0x64, 0x0, 0x1, 0x24, 0x69, 0x50, 0x0,
    0xe2, 0x0, 0x6c, 0xbe, 0x85, 0x10, 0x8, 0xff,
    0xfa, 0x0, 0xc, 0x20, 0x0, 0x2d, 0x0, 0x0,
    0xbb, 0xef, 0xfb, 0xb4, 0x7, 0xee, 0xe6, 0x3,
    0xdd, 0xa8, 0x0, 0x0, 0x2e, 0x10, 0x5e, 0x2c,
    0x2b, 0x90, 0x0, 0x1e, 0x1, 0xb2, 0x9, 0x10,
    0x93, 0xc, 0xdf, 0xc9, 0x6d, 0xdd, 0xd5, 0x0,
    0x3, 0x4e, 0x32, 0x16, 0xb2, 0xc3, 0x0, 0x0,
    0x1e, 0x0, 0x7, 0x80, 0xde, 0xf2, 0x0, 0x1e,
    0x35, 0xb, 0x40, 0x0, 0xd1, 0x0, 0x5f, 0xc3,
    0x6c, 0x0, 0x0, 0xe0, 0x0, 0x55, 0x3, 0xc1,
    0x0, 0xdd, 0x90, 0x0, 0x0, 0x0, 0x0, 0x0,
    0x0, 0x0,

    /* U+9519 "错" */
    0x0, 0x84, 0x0, 0x5, 0xb0, 0x3c, 0x0, 0x0,
    0xe3, 0x11, 0x5, 0xb0, 0x3c, 0x0, 0x8, 0xfe,
    0xea, 0xbf, 0xfe, 0xff, 0xe6, 0x3e, 0x10, 0x0,
    0x5, 0xb0, 0x3c, 0x0, 0x8, 0xaa, 0xa5, 0x5,
    0xb0, 0x3c, 0x0, 0x2, 0x7f, 0x65, 0xff, 0xff,
    0xff, 0xfa, 0x0, 0x1e, 0x0, 0x0, 0x0, 0x0,
    0x0, 0xc, 0xcf, 0xc9, 0x3f, 0xee, 0xee, 0x70,
    0x2, 0x3e, 0x22, 0x3c, 0x0, 0x3, 0x70, 0x0,
    0x1e, 0x0, 0x3f, 0xdd, 0xde, 0x70, 0x0, 0x1e,
    0x36, 0x3c, 0x0, 0x3, 0x70, 0x0, 0x3f, 0xe5,
    0x3c, 0x22, 0x25, 0x70, 0x0, 0x77, 0x0, 0x3e,
    0xbb, 0xbc, 0x70, 0x0, 0x0, 0x0, 0x0, 0x0,
    0x0, 0x0,

    /* U+9526 "锦" */
    0x0, 0xb1, 0x0, 0x0, 0x5c, 0x0, 0x0, 0x3,
    0xf6, 0x64, 0x6a, 0xdd, 0xaa, 0x90, 0xc, 0xba,
    0xa8, 0xa7, 0x22, 0x24, 0xe0, 0x4c, 0x0, 0x0,
    0xac, 0xaa, 0xaa, 0xe0, 0x6, 0xab, 0xa4, 0xa7,
    0x22, 0x23, 0xe0, 0x1, 0x4e, 0x41, 0xaa, 0x66,
    0x67, 0xe0, 0x0, 0x1e, 0x0, 0x46, 0x6f, 0x76,
    0x50, 0x1a, 0xbf, 0xa7, 0x23, 0x3f, 0x43, 0x30,
    0x6, 0x6f, 0x64, 0xec, 0xcf, 0xcc, 0xf3, 0x0,
    0x1e, 0x0, 0xe1, 0xe, 0x10, 0xc3, 0x0, 0x1e,
    0x67, 0xe1, 0xe, 0x10, 0xc3, 0x0, 0x5f, 0xa1,
    0xe1, 0xe, 0x2e, 0xe2, 0x0, 0x74, 0x0, 0x70,
    0xe, 0x10, 0x0,

    /* U+952E "键" */
    0x0, 0x0, 0x0, 0x0, 0x0, 0x0, 0x0, 0x2,
    0xb0, 0x0, 0x0, 0xa, 0x20, 0x0, 0x8, 0xa4,
    0x5f, 0xf9, 0xce, 0xcc, 0x80, 0xe, 0xbb, 0x50,
    0xb1, 0xa, 0x21, 0xa0, 0x99, 0x0, 0x2, 0xc8,
    0xdf, 0xdd, 0xf6, 0x4b, 0xaa, 0x49, 0x50, 0xa,
    0x21, 0xa0, 0x3, 0xe4, 0x4f, 0xed, 0xcf, 0xdc,
    0xa0, 0x0, 0xe0, 0x0, 0x69, 0xa, 0x20, 0x0,
    0x6d, 0xfd, 0x85, 0x8c, 0xdf, 0xdd, 0x60, 0x1,
    0xe1, 0x1d, 0xc4, 0xa, 0x20, 0x0, 0x0, 0xe0,
    0x9, 0xfa, 0xdf, 0xdd, 0xa0, 0x0, 0xe4, 0x77,
    0xe2, 0xa, 0x20, 0x0, 0x1, 0xfc, 0x4e, 0x7e,
    0x67, 0x10, 0x0, 0x5, 0x80, 0xd5, 0x2, 0xad,
    0xee, 0xd2, 0x0, 0x0, 0x10, 0x0, 0x0, 0x0,
    0x0,

    /* U+957F "长" */
    0x0, 0x5c, 0x0, 0x0, 0x3, 0x70, 0x0, 0x5,
    0xc0, 0x0, 0x3, 0xe6, 0x0, 0x0, 0x5c, 0x0,
    0x6, 0xf6, 0x0, 0x0, 0x5, 0xc0, 0x3b, 0xe3,
    0x0, 0x0, 0x0, 0x5c, 0xd, 0x91, 0x0, 0x0,
    0x1, 0x16, 0xc1, 0x11, 0x11, 0x11, 0x10, 0xff,
    0xff, 0xff, 0xff, 0xff, 0xff, 0x60, 0x5, 0xc0,
    0xc, 0x50, 0x0, 0x0, 0x0, 0x5c, 0x0, 0x4e,
    0x0, 0x0, 0x0, 0x5, 0xc0, 0x0, 0xab, 0x0,
    0x0, 0x0, 0x5c, 0x0, 0x0, 0xcc, 0x10, 0x0,
    0x5, 0xd8, 0xcf, 0x20, 0x9f, 0x92, 0x0, 0xad,
    0x84, 0x0, 0x0, 0x3b, 0x40, 0x1, 0x0, 0x0,
    0x0, 0x0, 0x0,

    /* U+95E8 "门" */
    0x15, 0x0, 0x0, 0x0, 0x0, 0x0, 0x1d, 0x53,
    0xff, 0xff, 0xff, 0xf8, 0x2, 0xe2, 0x0, 0x0,
    0x0, 0x98, 0xe2, 0x10, 0x0, 0x0, 0x0, 0x98,
    0xe2, 0x0, 0x0, 0x0, 0x0, 0x98, 0xe2, 0x0,
    0x0, 0x0, 0x0, 0x98, 0xe2, 0x0, 0x0, 0x0,
    0x0, 0x98, 0xe2, 0x0, 0x0, 0x0, 0x0, 0x98,
    0xe2, 0x0, 0x0, 0x0, 0x0, 0x98, 0xe2, 0x0,
    0x0, 0x0, 0x0, 0x98, 0xe2, 0x0, 0x0, 0x0,
    0x0, 0x98, 0xe2, 0x0, 0x0, 0x0, 0x0, 0x97,
    0xe2, 0x0, 0x0, 0x1, 0xff, 0xe4, 0x0, 0x0,
    0x0, 0x0, 0x0, 0x0,

    /* U+95ED "闭" */
    0x34, 0x0, 0x0, 0x0, 0x0, 0x0, 0x3e, 0x35,
    0xff, 0xff, 0xff, 0xf7, 0x4, 0xa0, 0x0, 0x0,
    0x0, 0x97, 0xa1, 0x0, 0x0, 0x2d, 0x0, 0x97,
    0xe1, 0x0, 0x0, 0x3e, 0x0, 0x97, 0xe1, 0xaf,
    0xff, 0xff, 0xfd, 0x97, 0xe1, 0x0, 0x3, 0xfe,
    0x0, 0x97, 0xe1, 0x0, 0x2e, 0x7e, 0x0, 0x97,
    0xe1, 0x4, 0xe5, 0x2e, 0x0, 0x97, 0xe2, 0x9e,
    0x40, 0x2e, 0x0, 0x97, 0xe2, 0x71, 0x0, 0x3e,
    0x0, 0x97, 0xe1, 0x0, 0x4f, 0xe9, 0x0, 0x97,
    0xe1, 0x0, 0x0, 0x0, 0xd, 0xe3,

    /* U+95F4 "间" */
    0x33, 0x0, 0x0, 0x0, 0x0, 0x0, 0x2e, 0x35,
    0xff, 0xff, 0xff, 0xf7, 0x4, 0x70, 0x0, 0x0,
    0x0, 0x97, 0xa1, 0x0, 0x0, 0x0, 0x0, 0x97,
    0xe2, 0xc, 0xee, 0xee, 0x30, 0x97, 0xe2, 0xe,
    0x10, 0xc, 0x30, 0x97, 0xe2, 0xe, 0x10, 0xc,
    0x30, 0x97, 0xe2, 0xe, 0xee, 0xef, 0x30, 0x97,
    0xe2, 0xe, 0x10, 0xc, 0x30, 0x97, 0xe2, 0xe,
    0x10, 0xc, 0x30, 0x97, 0xe2, 0xb, 0xdd, 0xdd,
    0x30, 0x97, 0xe2, 0x0, 0x0, 0x0, 0x0, 0x97,
    0xe2, 0x0, 0x0, 0x0, 0x1e, 0xe4, 0x0, 0x0,
    0x0, 0x0, 0x0, 0x0,

    /* U+95F7 "闷" */
    0x14, 0x0, 0x0, 0x0, 0x0, 0x0, 0xc, 0x53,
    0xff, 0xff, 0xff, 0xf8, 0x11, 0xd1, 0x2, 0x0,
    0x0, 0x88, 0xe1, 0x0, 0xd, 0x20, 0x0, 0x88,
    0xe1, 0x0, 0x46, 0x90, 0x20, 0x88, 0xe1, 0x73,
    0xe0, 0xe0, 0xd1, 0x88, 0xe1, 0xb1, 0xe0, 0x40,
    0x86, 0x88, 0xe1, 0xd0, 0xe0, 0x1, 0x4a, 0x88,
    0xe5, 0xa0, 0xe0, 0x9, 0x4d, 0x88, 0xe4, 0x30,
    0xe0, 0xb, 0x23, 0x88, 0xe1, 0x0, 0xbd, 0xdc,
    0x0, 0x88, 0xe1, 0x0, 0x0, 0x0, 0x0, 0x88,
    0xe1, 0x0, 0x0, 0x0, 0x9e, 0xe4, 0x0, 0x0,
    0x0, 0x0, 0x0, 0x0,

    /* U+95FD "闽" */
    0x34, 0x0, 0x0, 0x0, 0x0, 0x0, 0x2e, 0x36,
    0xff, 0xff, 0xff, 0xf7, 0x5, 0xa0, 0x5, 0x0,
    0x0, 0x97, 0xa1, 0x0, 0xe, 0x10, 0x0, 0x97,
    0xe2, 0x9c, 0xcf, 0xcc, 0xc1, 0x97, 0xe2, 0xc5,
    0x2f, 0x42, 0xe1, 0x97, 0xe2, 0xc3, 0xe, 0x10,
    0xe1, 0x97, 0xe2, 0xce, 0xdf, 0xed, 0xf1, 0x97,
    0xe2, 0x11, 0x1f, 0x23, 0x50, 0x97, 0xe2, 0x0,
    0xf, 0x47, 0xe0, 0x97, 0xe5, 0xce, 0xfe, 0xca,
    0xc8, 0x97, 0xe3, 0x42, 0x0, 0x0, 0x12, 0x97,
    0xe2, 0x0, 0x0, 0x0, 0x1f, 0xe4,

    /* U+9614 "阔" */
    0x17, 0x0, 0x0, 0x0, 0x0, 0x0, 0xa, 0xa0,
    0xdf, 0xff, 0xff, 0xff, 0x0, 0xa1, 0x0, 0x0,
    0x0, 0x1f, 0xd1, 0x83, 0x0, 0x24, 0x76, 0x1f,
    0xe1, 0x3d, 0x6b, 0xbe, 0x63, 0x1f, 0xe1, 0x1,
    0x0, 0x2d, 0x0, 0x1f, 0xe3, 0xa2, 0x8d, 0xef,
    0xdd, 0x4f, 0xe1, 0x28, 0x0, 0x2d, 0x0, 0x1f,
    0xe1, 0x1, 0x3e, 0xcd, 0xca, 0x1f, 0xe1, 0xc,
    0x69, 0x0, 0x2b, 0x1f, 0xe1, 0x97, 0x4d, 0xaa,
    0xbb, 0x1f, 0xe2, 0xa0, 0x27, 0x22, 0x21, 0x1e,
    0xe1, 0x0, 0x0, 0x0, 0x1e, 0xea, 0x0, 0x0,
    0x0, 0x0, 0x0, 0x0,

    /* U+9632 "防" */
    0x0, 0x0, 0x0, 0x5, 0x30, 0x0, 0xe, 0xff,
    0xf3, 0x0, 0x7a, 0x0, 0x0, 0xe1, 0x1e, 0x76,
    0x68, 0xd6, 0x66, 0xe, 0x16, 0x99, 0x9e, 0xb9,
    0x99, 0x91, 0xe1, 0xc3, 0x0, 0xc3, 0x0, 0x0,
    0xe, 0x1d, 0x30, 0xd, 0x31, 0x11, 0x0, 0xe1,
    0x2d, 0x0, 0xfe, 0xee, 0xf6, 0xe, 0x10, 0xc2,
    0x1e, 0x0, 0xa, 0x60, 0xe1, 0xd, 0x35, 0xb0,
    0x0, 0xb5, 0xe, 0x4f, 0xc0, 0xa6, 0x0, 0xc,
    0x40, 0xe1, 0x0, 0x3e, 0x0, 0x0, 0xe3, 0xe,
    0x10, 0x3e, 0x50, 0x0, 0x2f, 0x0, 0xe1, 0xb,
    0x40, 0x6, 0xff, 0x90, 0x0, 0x0, 0x0, 0x0,
    0x0, 0x0, 0x0,

    /* U+9633 "阳" */
    0x0, 0x0, 0x0, 0x0, 0x0, 0x0, 0xef, 0xff,
    0x39, 0xff, 0xff, 0xf8, 0xe1, 0x3d, 0x9, 0x60,
    0x0, 0x88, 0xe1, 0xa5, 0x9, 0x60, 0x0, 0x88,
    0xe2, 0xc0, 0x9, 0x60, 0x0, 0x88, 0xe1, 0xb4,
    0x9, 0x60, 0x0, 0x98, 0xe1, 0x1e, 0x9, 0xfe,
    0xee, 0xf8, 0xe1, 0xc, 0x39, 0x60, 0x0, 0x88,
    0xe2, 0x2e, 0x29, 0x60, 0x0, 0x88, 0xe6, 0xc8,
    0x9, 0x60, 0x0, 0x88, 0xe1, 0x0, 0x9, 0x60,
    0x0, 0x98, 0xe1, 0x0, 0x9, 0xff, 0xff, 0xf8,
    0xe1, 0x0, 0x9, 0x60, 0x0, 0x88, 0x10, 0x0,
    0x0, 0x0, 0x0, 0x0,

    /* U+963F "阿" */
    0x0, 0x0, 0x0, 0x0, 0x0, 0x0, 0xd, 0xff,
    0xed, 0xff, 0xff, 0xff, 0xf4, 0xd1, 0x59, 0x0,
    0x0, 0x0, 0xe1, 0xd, 0x1a, 0x30, 0x0, 0x0,
    0xe, 0x10, 0xd2, 0xd0, 0x2f, 0xee, 0xc0, 0xe1,
    0xd, 0x1b, 0x43, 0xb0, 0x1d, 0xe, 0x10, 0xd1,
    0x2c, 0x3b, 0x1, 0xd0, 0xe1, 0xd, 0x10, 0xe3,
    0xb0, 0x1d, 0xe, 0x10, 0xd1, 0x2f, 0x3e, 0xbb,
    0xd0, 0xe1, 0xd, 0x5c, 0x63, 0xc3, 0x33, 0xe,
    0x10, 0xd1, 0x0, 0x3, 0x0, 0x0, 0xe1, 0xd,
    0x10, 0x0, 0x0, 0x0, 0xe, 0x10, 0xd1, 0x0,
    0x0, 0x4, 0xee, 0xc0, 0x0, 0x0, 0x0, 0x0,
    0x0, 0x0, 0x0,

    /* U+9645 "际" */
    0x0, 0x0, 0x0, 0x0, 0x0, 0x0, 0xe, 0xff,
    0xf4, 0xce, 0xee, 0xee, 0x30, 0xe1, 0x1e, 0x1,
    0x11, 0x11, 0x10, 0xe, 0x16, 0x80, 0x0, 0x0,
    0x0, 0x0, 0xe1, 0xb2, 0x5, 0x55, 0x55, 0x55,
    0x1e, 0x18, 0x71, 0xaa, 0xdd, 0xaa, 0xa3, 0xe1,
    0xe, 0x0, 0x7, 0x90, 0x0, 0xe, 0x10, 0xc3,
    0x63, 0x79, 0x37, 0x0, 0xe1, 0xd, 0x3d, 0x27,
    0x90, 0xf2, 0xe, 0x2e, 0xb3, 0xd0, 0x79, 0x9,
    0xa0, 0xe1, 0x0, 0xa7, 0x7, 0x90, 0x4f, 0x1e,
    0x10, 0x6, 0x11, 0x89, 0x0, 0x82, 0xe1, 0x0,
    0x1, 0xfe, 0x50, 0x0, 0x0,

    /* U+9648 "陈" */
    0x0, 0x0, 0x0, 0xa, 0x0, 0x0, 0xe, 0xff,
    0xe0, 0x4, 0xd0, 0x0, 0x0, 0xe1, 0x4b, 0xce,
    0xff, 0xee, 0xee, 0x6e, 0x18, 0x50, 0xd, 0x40,
    0x0, 0x0, 0xe1, 0xc0, 0x3, 0xd1, 0xe0, 0x0,
    0xe, 0x19, 0x50, 0x97, 0x1e, 0x0, 0x0, 0xe1,
    0x3c, 0x2f, 0xdd, 0xfd, 0xdc, 0xe, 0x10, 0xe1,
    0x52, 0x4f, 0x22, 0x20, 0xe1, 0x3e, 0x3, 0x21,
    0xe0, 0x50, 0xe, 0x2d, 0x70, 0xd5, 0x1e, 0x8,
    0x80, 0xe1, 0x0, 0x7c, 0x1, 0xe0, 0x1e, 0x2e,
    0x10, 0x2e, 0x20, 0x2e, 0x0, 0x77, 0xe1, 0x0,
    0x10, 0x9e, 0x90, 0x0, 0x0,

    /* U+964D "降" */
    0x0, 0x0, 0x0, 0x7, 0x0, 0x0, 0xe, 0xff,
    0xf0, 0xa, 0xfc, 0xcb, 0x20, 0xe0, 0x69, 0xa,
    0xf2, 0x15, 0xe1, 0xe, 0xc, 0x29, 0x85, 0xc6,
    0xe4, 0x0, 0xe3, 0xc0, 0x0, 0x2c, 0xfa, 0x10,
    0xe, 0xb, 0x46, 0xbe, 0x72, 0x9f, 0xb2, 0xe0,
    0x2c, 0x64, 0x0, 0xf0, 0x15, 0xe, 0x0, 0xe3,
    0xee, 0xef, 0xee, 0xb0, 0xe2, 0x4f, 0x7, 0x0,
    0xf0, 0x0, 0xe, 0x5c, 0x53, 0xc0, 0xf, 0x0,
    0x0, 0xe0, 0x0, 0x7f, 0xee, 0xff, 0xee, 0x3e,
    0x0, 0x0, 0x0, 0xf, 0x0, 0x0, 0xe0, 0x0,
    0x0, 0x0, 0xf0, 0x0, 0x0,

    /* U+9655 "陕" */
    0x0, 0x0, 0x0, 0x2, 0xe0, 0x0, 0xf, 0xff,
    0xe0, 0x0, 0x2e, 0x0, 0x0, 0xf0, 0x79, 0x1d,
    0xde, 0xfd, 0xdd, 0xf, 0xd, 0x20, 0x43, 0x4f,
    0x13, 0x30, 0xf5, 0xa0, 0x7, 0x82, 0xe0, 0x96,
    0xf, 0x1d, 0x20, 0x2d, 0x2e, 0xe, 0x10, 0xf0,
    0x5a, 0x0, 0x83, 0xd2, 0x70, 0xf, 0x0, 0xe9,
    0xff, 0xff, 0xff, 0xf5, 0xf2, 0x5d, 0x0, 0xa,
    0xf6, 0x0, 0xf, 0x7b, 0x40, 0x2, 0xf4, 0xd0,
    0x0, 0xf0, 0x0, 0x0, 0xc8, 0x9, 0xa0, 0xf,
    0x0, 0x3, 0xda, 0x0, 0xd, 0xa1, 0xf0, 0x2,
    0xe6, 0x0, 0x0, 0x1a, 0x40, 0x0, 0x0, 0x0,
    0x0, 0x0, 0x0,

    /* U+9675 "陵" */
    0x0, 0x0, 0x0, 0x2, 0xe0, 0x0, 0xe, 0xff,
    0xe0, 0x11, 0x3e, 0x11, 0x10, 0xe0, 0x6a, 0xc,
    0xcd, 0xfc, 0xca, 0xe, 0xc, 0x40, 0x0, 0x2e,
    0x0, 0x0, 0xe2, 0xd0, 0x8d, 0xdd, 0xfd, 0xdd,
    0x7e, 0x1c, 0x20, 0x9, 0x40, 0x96, 0x0, 0xe0,
    0x5a, 0x5e, 0x88, 0x21, 0x9d, 0x4e, 0x1, 0xd8,
    0x46, 0xf7, 0x67, 0x33, 0xe0, 0x3d, 0x5, 0xf6,
    0x69, 0xf2, 0xe, 0x6e, 0x69, 0xdb, 0x60, 0xc7,
    0x0, 0xe0, 0x0, 0x10, 0xd, 0xe9, 0x0, 0xe,
    0x0, 0x0, 0x4b, 0xda, 0xd6, 0x10, 0xe0, 0x1,
    0xea, 0x50, 0x2, 0x8d, 0x60, 0x0, 0x0, 0x0,
    0x0, 0x0, 0x0,

    /* U+9677 "陷" */
    0x0, 0x0, 0x0, 0x16, 0x0, 0x0, 0xef, 0xfe,
    0x0, 0x89, 0x0, 0x10, 0xe1, 0x4b, 0x1, 0xfe,
    0xee, 0xf4, 0xe1, 0xa4, 0xb, 0x70, 0x4, 0xd0,
    0xe2, 0xd0, 0x9b, 0x0, 0xd, 0x40, 0xe1, 0xc5,
    0x91, 0x59, 0x15, 0x0, 0xe1, 0x3b, 0x4d, 0x93,
    0xae, 0xea, 0xe1, 0xe, 0x78, 0x0, 0x0, 0x5b,
    0xe1, 0x1e, 0x79, 0x22, 0x12, 0x6b, 0xe5, 0xe7,
    0x7e, 0xca, 0x7c, 0xdb, 0xe1, 0x0, 0x78, 0x0,
    0x0, 0x5b, 0xe1, 0x0, 0x7e, 0xcc, 0xcc, 0xdb,
    0xe1, 0x0, 0x79, 0x22, 0x22, 0x6a,

    /* U+96C5 "雅" */
    0x0, 0x0, 0x0, 0x0, 0x81, 0x40, 0x0, 0x2f,
    0xff, 0xff, 0x44, 0xb1, 0xd0, 0x0, 0x4, 0x30,
    0xb3, 0xa, 0x73, 0xb4, 0x30, 0xa, 0x40, 0xb3,
    0x2f, 0xcc, 0xfc, 0xc0, 0xc, 0x20, 0xb3, 0xbf,
    0x0, 0xe0, 0x0, 0xf, 0x22, 0xc7, 0xdf, 0x22,
    0xf2, 0x10, 0x2e, 0xdf, 0xfe, 0x6f, 0xcc, 0xfc,
    0x90, 0x0, 0xd, 0xd3, 0xf, 0x0, 0xe0, 0x0,
    0x0, 0x89, 0xb3, 0xf, 0xbb, 0xfb, 0x90, 0x3,
    0xe1, 0xb3, 0xf, 0x33, 0xf3, 0x20, 0x2e, 0x40,
    0xb3, 0xf, 0x0, 0xe0, 0x0, 0x77, 0x0, 0xb3,
    0xf, 0xaa, 0xfa, 0xa1, 0x0, 0x8f, 0xd1, 0xf,
    0x55, 0x55, 0x50,

    /* U+96D5 "雕" */
    0x0, 0x0, 0x0, 0x0, 0x24, 0x40, 0x0, 0xd,
    0xee, 0xee, 0xf0, 0x76, 0xb2, 0x0, 0xd, 0x4,
    0x80, 0xe0, 0xc5, 0x87, 0x30, 0xd, 0x5d, 0xe8,
    0xe2, 0xfc, 0xec, 0xc0, 0xd, 0x5, 0x80, 0xe9,
    0xe0, 0xb3, 0x0, 0xd, 0x6d, 0xe9, 0xed, 0xf4,
    0xc7, 0x40, 0xd, 0x0, 0x0, 0xe1, 0xfa, 0xeb,
    0x90, 0xd, 0x6d, 0xca, 0xe0, 0xe0, 0xb3, 0x0,
    0xd, 0x64, 0xa, 0xe0, 0xf5, 0xd7, 0x40, 0xe,
    0x66, 0x2a, 0xe0, 0xfa, 0xeb, 0x90, 0x1c, 0x6c,
    0xa6, 0xe0, 0xe0, 0xb3, 0x0, 0x49, 0x21, 0x0,
    0xe0, 0xf9, 0xea, 0x91, 0x64, 0x0, 0x5f, 0xb0,
    0xf6, 0x66, 0x61,

    /* U+96E8 "雨" */
    0x9f, 0xff, 0xff, 0xff, 0xff, 0xff, 0xe0, 0x0,
    0x0, 0xe, 0x20, 0x0, 0x0, 0x0, 0x0, 0x0,
    0xe2, 0x0, 0x0, 0x0, 0xdf, 0xff, 0xff, 0xff,
    0xff, 0xf6, 0xd, 0x30, 0x0, 0xe2, 0x0, 0x9,
    0x60, 0xd3, 0xc6, 0xe, 0x3d, 0x80, 0x96, 0xd,
    0x30, 0x96, 0xe2, 0x8, 0x99, 0x60, 0xd3, 0x30,
    0xe, 0x33, 0x0, 0x96, 0xd, 0x4c, 0x80, 0xe4,
    0xca, 0x19, 0x60, 0xd3, 0x8, 0x5e, 0x20, 0x77,
    0x96, 0xd, 0x30, 0x0, 0xe2, 0x0, 0x9, 0x60,
    0xd3, 0x0, 0xe, 0x20, 0xae, 0xe3, 0x0, 0x0,
    0x0, 0x0, 0x0, 0x0, 0x0,

    /* U+96EA "雪" */
    0x28, 0x88, 0x8e, 0xa8, 0x88, 0x70, 0x22, 0x22,
    0x2d, 0x52, 0x22, 0x21, 0xfb, 0xbb, 0xbf, 0xcb,
    0xbb, 0xcb, 0xf2, 0x66, 0x3c, 0x46, 0x66, 0x5b,
    0xd2, 0x55, 0x2c, 0x45, 0x55, 0x4a, 0x7, 0xcc,
    0x6c, 0x4c, 0xcc, 0x60, 0x0, 0x11, 0x15, 0x21,
    0x11, 0x0, 0x9, 0xcc, 0xcc, 0xcc, 0xce, 0x70,
    0x0, 0x11, 0x11, 0x11, 0x18, 0x70, 0x5, 0xcc,
    0xcc, 0xcc, 0xcd, 0x70, 0x0, 0x11, 0x11, 0x11,
    0x18, 0x70, 0xc, 0xdd, 0xdd, 0xdd, 0xde, 0x70,

    /* U+96F6 "零" */
    0x2, 0x77, 0x77, 0xe9, 0x77, 0x76, 0x0, 0xb,
    0xbb, 0xbb, 0xfc, 0xbb, 0xbb, 0x80, 0xf, 0x14,
    0x42, 0xc4, 0x44, 0x44, 0xb0, 0xa, 0x26, 0x63,
    0xc4, 0x66, 0x63, 0x80, 0x0, 0x6b, 0xb6, 0x32,
    0xbb, 0xb5, 0x0, 0x0, 0x0, 0x7, 0xec, 0x20,
    0x0, 0x0, 0x0, 0x49, 0xd8, 0x75, 0xbc, 0x84,
    0x0, 0x3e, 0xa5, 0x0, 0x77, 0x1, 0x6b, 0xd1,
    0x0, 0x8d, 0xdd, 0xdd, 0xdd, 0xf5, 0x0, 0x0,
    0x0, 0x52, 0x0, 0x5c, 0x50, 0x0, 0x0, 0x0,
    0x6b, 0xdd, 0xb1, 0x0, 0x0, 0x0, 0x0, 0x0,
    0x16, 0xda, 0x0, 0x0, 0x0, 0x0, 0x0, 0x0,
    0x1, 0x0, 0x0,

    /* U+9700 "需" */
    0x1, 0x88, 0x88, 0xcb, 0x88, 0x88, 0x0, 0xb,
    0xcc, 0xcc, 0xed, 0xcc, 0xcc, 0xb0, 0xf, 0x13,
    0x32, 0x87, 0x33, 0x31, 0xf0, 0xd, 0x27, 0x75,
    0x87, 0x67, 0x72, 0xd0, 0x0, 0x6b, 0xb8, 0x87,
    0x9b, 0xb7, 0x0, 0x0, 0x0, 0x0, 0x22, 0x0,
    0x0, 0x0, 0x1d, 0xdd, 0xdd, 0xfe, 0xdd, 0xdd,
    0xd1, 0x0, 0x22, 0x22, 0xd5, 0x22, 0x22, 0x0,
    0x0, 0xfb, 0xbf, 0xbb, 0xfc, 0xbe, 0x50, 0x0,
    0xf0, 0xf, 0x0, 0xd2, 0xa, 0x50, 0x0, 0xf0,
    0xf, 0x0, 0xd2, 0xa, 0x50, 0x0, 0xf0, 0xf,
    0x0, 0xd2, 0xce, 0x30, 0x0, 0x10, 0x0, 0x0,
    0x0, 0x0, 0x0,

    /* U+9716 "霖" */
    0x2, 0x77, 0x77, 0xe9, 0x77, 0x76, 0x0, 0xb,
    0xbb, 0xbb, 0xfc, 0xbb, 0xbb, 0xb0, 0xf, 0x24,
    0x42, 0xc4, 0x44, 0x40, 0xf0, 0xb, 0x26, 0x63,
    0xc4, 0x66, 0x60, 0xb0, 0x0, 0x7a, 0xa6, 0xc4,
    0xaa, 0xa4, 0x0, 0x0, 0xe, 0x10, 0x10, 0xe,
    0x10, 0x0, 0x3a, 0xaf, 0xba, 0x7a, 0xaf, 0xba,
    0xa0, 0x13, 0x8f, 0x53, 0x23, 0xcf, 0xd3, 0x30,
    0x0, 0xdf, 0xd3, 0x4, 0xbe, 0xb5, 0x0, 0xa,
    0x8e, 0x3c, 0x2d, 0x2e, 0x2d, 0x40, 0x5b, 0xe,
    0x10, 0xc4, 0xe, 0x12, 0xd1, 0x0, 0xe, 0x10,
    0x0, 0xe, 0x10, 0x0,

    /* U+9732 "露" */
    0x2, 0x77, 0x77, 0xe9, 0x77, 0x77, 0x0, 0xc,
    0xbb, 0xbb, 0xfc, 0xbb, 0xbb, 0xc0, 0xe, 0x29,
    0x97, 0xc4, 0x99, 0x92, 0xe0, 0x9, 0x12, 0x22,
    0xc4, 0x22, 0x21, 0x90, 0x0, 0x37, 0x75, 0x82,
    0xa9, 0x71, 0x0, 0x7, 0xdb, 0xbd, 0x32, 0xeb,
    0xbb, 0x30, 0x8, 0x90, 0xb, 0x7c, 0xc1, 0x6c,
    0x0, 0x6, 0xcd, 0xdc, 0x50, 0x5f, 0xe1, 0x0,
    0x6, 0x47, 0x94, 0x5a, 0xc5, 0x7d, 0xa3, 0x9,
    0x67, 0xb8, 0x5a, 0xbb, 0xbf, 0x50, 0x9, 0x67,
    0x82, 0x28, 0x30, 0xf, 0x20, 0x2d, 0xdd, 0xcb,
    0x78, 0xcb, 0xbf, 0x20, 0x0, 0x0, 0x0, 0x0,
    0x0, 0x0, 0x0,

    /* U+9752 "青" */
    0x0, 0x0, 0x0, 0xc4, 0x0, 0x0, 0x0, 0x6d,
    0xdd, 0xdf, 0xed, 0xdd, 0xd2, 0x0, 0x0, 0x0,
    0xc4, 0x0, 0x0, 0x0, 0xd, 0xdd, 0xdf, 0xdd,
    0xdd, 0x70, 0x0, 0x0, 0x0, 0xc4, 0x0, 0x0,
    0x5, 0xdd, 0xdd, 0xdd, 0xdd, 0xdd, 0xdc, 0x0,
    0x16, 0x66, 0x66, 0x66, 0x61, 0x0, 0x3, 0xe5,
    0x55, 0x55, 0x5d, 0x50, 0x0, 0x3f, 0xcc, 0xcc,
    0xcc, 0xe5, 0x0, 0x3, 0xd0, 0x0, 0x0, 0xb,
    0x50, 0x0, 0x3f, 0xcc, 0xcc, 0xcc, 0xf5, 0x0,
    0x3, 0xd0, 0x0, 0x0, 0xb, 0x50, 0x0, 0x3d,
    0x0, 0x0, 0xcd, 0xd2, 0x0,

    /* U+9759 "静" */
    0x0, 0x0, 0x0, 0x0, 0x0, 0x0, 0x0, 0x0,
    0xb, 0x40, 0x0, 0x86, 0x0, 0x0, 0x1a, 0xae,
    0xca, 0x61, 0xfa, 0x96, 0x0, 0x3, 0x3c, 0x63,
    0x29, 0xa5, 0xb9, 0x0, 0xa, 0xcf, 0xdc, 0x9e,
    0x12, 0xe1, 0x0, 0x0, 0xb, 0x40, 0x1e, 0xff,
    0xff, 0xa0, 0x5c, 0xcc, 0xcc, 0x90, 0x1e, 0x25,
    0xa0, 0x3, 0x77, 0x77, 0x47, 0x7f, 0x8a, 0xd3,
    0x8, 0x94, 0x4d, 0x55, 0x5f, 0x68, 0xc2, 0x8,
    0xec, 0xcf, 0x22, 0x2e, 0x36, 0xa0, 0x8, 0x60,
    0xc, 0x2a, 0xcf, 0xcd, 0xa0, 0x8, 0xdc, 0xcf,
    0x20, 0xe, 0x11, 0x20, 0x8, 0x60, 0xc, 0x20,
    0xe, 0x10, 0x0, 0x8, 0x61, 0xdd, 0x17, 0xed,
    0x0, 0x0, 0x0, 0x0, 0x0, 0x0, 0x0, 0x0,
    0x0,

    /* U+975E "非" */
    0x0, 0x0, 0x0, 0x0, 0x0, 0x0, 0x0, 0x0,
    0x0, 0xf, 0x10, 0xf0, 0x0, 0x0, 0x0, 0x0,
    0xf, 0x10, 0xf0, 0x0, 0x0, 0xb, 0xdd, 0xdf,
    0x10, 0xfd, 0xdd, 0xd0, 0x2, 0x33, 0x3f, 0x10,
    0xf3, 0x33, 0x30, 0x0, 0x0, 0xf, 0x10, 0xf0,
    0x0, 0x0, 0x2, 0x44, 0x4f, 0x10, 0xf4, 0x44,
    0x20, 0x7, 0xcc, 0xcf, 0x10, 0xfc, 0xcc, 0x80,
    0x0, 0x0, 0xf, 0x10, 0xf0, 0x0, 0x0, 0x1,
    0x11, 0x1f, 0x10, 0xf2, 0x11, 0x10, 0x2f, 0xff,
    0xff, 0x10, 0xff, 0xff, 0xf3, 0x0, 0x0, 0xf,
    0x10, 0xf0, 0x0, 0x0, 0x0, 0x0, 0xf, 0x10,
    0xf0, 0x0, 0x0, 0x0, 0x0, 0xf, 0x10, 0xf0,
    0x0, 0x0,

    /* U+9762 "面" */
    0x3f, 0xff, 0xff, 0xff, 0xff, 0xff, 0xf3, 0x0,
    0x0, 0x0, 0xd5, 0x0, 0x0, 0x0, 0x0, 0x11,
    0x12, 0xf1, 0x11, 0x11, 0x0, 0x8, 0xfe, 0xff,
    0xee, 0xff, 0xef, 0x80, 0x8, 0x70, 0x87, 0x0,
    0x96, 0x8, 0x80, 0x8, 0x70, 0x8d, 0xcc, 0xe6,
    0x8, 0x80, 0x8, 0x70, 0x88, 0x11, 0xa6, 0x8,
    0x80, 0x8, 0x70, 0x87, 0x0, 0x96, 0x8, 0x80,
    0x8, 0x70, 0x8e, 0xdd, 0xf6, 0x8, 0x80, 0x8,
    0x70, 0x87, 0x0, 0x96, 0x8, 0x80, 0x8, 0xc9,
    0xdc, 0x99, 0xdc, 0x9d, 0x80, 0x8, 0xa6, 0x66,
    0x66, 0x66, 0x6b, 0x80,

    /* U+9875 "页" */
    0xf, 0xff, 0xff, 0xff, 0xff, 0xff, 0xf1, 0x0,
    0x0, 0x0, 0xd4, 0x0, 0x0, 0x0, 0x0, 0x11,
    0x14, 0xe1, 0x11, 0x11, 0x0, 0x0, 0x9e, 0xee,
    0xee, 0xee, 0xec, 0x0, 0x0, 0x97, 0x0, 0x22,
    0x0, 0x5c, 0x0, 0x0, 0x97, 0x0, 0x89, 0x0,
    0x5c, 0x0, 0x0, 0x97, 0x0, 0x89, 0x0, 0x5c,
    0x0, 0x0, 0x97, 0x0, 0x89, 0x0, 0x5c, 0x0,
    0x0, 0x97, 0x0, 0xb6, 0x0, 0x5c, 0x0, 0x0,
    0x43, 0x7, 0xe2, 0xd7, 0x24, 0x0, 0x0, 0x4,
    0xbd, 0x20, 0x1a, 0xe6, 0x0, 0xa, 0xec, 0x50,
    0x0, 0x0, 0x3c, 0xb0, 0x3, 0x10, 0x0, 0x0,
    0x0, 0x0, 0x20,

    /* U+9879 "项" */
    0x11, 0x11, 0x1e, 0xff, 0xff, 0xff, 0xf2, 0x6b,
    0xfc, 0xa0, 0x0, 0xe4, 0x0, 0x0, 0x0, 0xd3,
    0x6, 0xff, 0xff, 0xff, 0x30, 0x0, 0xd3, 0x6,
    0x90, 0x21, 0xd, 0x30, 0x0, 0xd3, 0x6, 0x90,
    0x97, 0xd, 0x30, 0x0, 0xd3, 0x6, 0x90, 0x97,
    0xd, 0x30, 0x0, 0xd3, 0x16, 0x90, 0x97, 0xd,
    0x30, 0x2, 0xed, 0xe6, 0x90, 0xa6, 0xd, 0x30,
    0xae, 0x94, 0x4, 0x60, 0xe2, 0x8, 0x20, 0x20,
    0x0, 0x0, 0xa, 0xa4, 0xd3, 0x0, 0x0, 0x0,
    0x6, 0xd9, 0x0, 0x4e, 0x70, 0x0, 0x0, 0x5a,
    0x30, 0x0, 0x1, 0xa0,

    /* U+987A "顺" */
    0xc, 0x13, 0xe, 0x4e, 0xef, 0xfe, 0xe6, 0xd,
    0x1d, 0xe, 0x0, 0xe, 0x10, 0x0, 0xd, 0x1d,
    0xe, 0x9, 0xbe, 0xaa, 0x90, 0xd, 0x1d, 0xe,
    0xe, 0x44, 0x45, 0xe0, 0xd, 0x1d, 0xe, 0xe,
    0x9, 0x11, 0xe0, 0xd, 0x1d, 0xe, 0xe, 0xd,
    0x21, 0xe0, 0xd, 0x1d, 0xe, 0xe, 0xd, 0x21,
    0xe0, 0xe, 0xd, 0xe, 0xe, 0xd, 0x21, 0xe0,
    0xe, 0xd, 0xe, 0xd, 0xf, 0x1, 0xc0, 0xd,
    0xd, 0xe, 0x0, 0x5e, 0xd3, 0x0, 0x4b, 0x1,
    0xe, 0x2, 0xe4, 0x4e, 0x50, 0x86, 0x0, 0xe,
    0x5e, 0x60, 0x3, 0xe3, 0x0, 0x0, 0x0, 0x12,
    0x0, 0x0, 0x20,

    /* U+9884 "预" */
    0x0, 0x0, 0x0, 0x0, 0x0, 0x0, 0x0, 0x1f,
    0xff, 0xff, 0x4e, 0xee, 0xfe, 0xea, 0x0, 0x0,
    0xc7, 0x0, 0x6, 0xa0, 0x0, 0x6, 0xcc, 0x70,
    0xa, 0xef, 0xfe, 0xe2, 0x0, 0x5e, 0x50, 0xb,
    0x50, 0x0, 0xd2, 0x26, 0x69, 0xf7, 0x4b, 0x44,
    0x90, 0xd2, 0x38, 0x9f, 0x8d, 0x8b, 0x45, 0xa0,
    0xd2, 0x0, 0x1e, 0xe, 0x1b, 0x45, 0xa0, 0xd2,
    0x0, 0x1e, 0x15, 0xb, 0x46, 0xa0, 0xd2, 0x0,
    0x1e, 0x0, 0x8, 0x39, 0x70, 0x91, 0x0, 0x1e,
    0x0, 0x0, 0x3e, 0x6b, 0x0, 0x0, 0x1e, 0x0,
    0x7, 0xe4, 0x8, 0xd1, 0xb, 0xfa, 0x0, 0xaa,
    0x20, 0x0, 0x87, 0x0, 0x0, 0x0, 0x0, 0x0,
    0x0, 0x0,

    /* U+9886 "领" */
    0x0, 0x5, 0x50, 0x0, 0x0, 0x0, 0x0, 0x0,
    0xd, 0x80, 0xd, 0xef, 0xfe, 0xe4, 0x0, 0x7a,
    0xc7, 0x0, 0x7, 0x80, 0x0, 0x3, 0xe3, 0x1d,
    0x67, 0xcf, 0xdc, 0xb0, 0x3e, 0x4d, 0x32, 0xa9,
    0x61, 0x21, 0xe0, 0x4, 0x2, 0xb0, 0x9, 0x64,
    0x91, 0xe0, 0x1, 0x33, 0x33, 0x9, 0x64, 0x91,
    0xe0, 0x7, 0xbb, 0xbf, 0x39, 0x65, 0x81, 0xe0,
    0x0, 0x0, 0x6a, 0x9, 0x67, 0x61, 0xe0, 0x1,
    0x72, 0xe1, 0x7, 0x5a, 0x41, 0xb0, 0x0, 0x9f,
    0x50, 0x0, 0x2d, 0x88, 0x0, 0x0, 0x8, 0xb0,
    0x4, 0xd4, 0x9, 0xb0, 0x0, 0x0, 0x71, 0x7a,
    0x30, 0x0, 0x83,

    /* U+9897 "颗" */
    0xe, 0xcf, 0xdd, 0xdd, 0xee, 0xfe, 0xe5, 0xe,
    0xd, 0x11, 0xd0, 0x5, 0xa0, 0x0, 0xe, 0xcf,
    0xcc, 0xd7, 0xdf, 0xed, 0xc0, 0xe, 0xd, 0x11,
    0xd9, 0x70, 0x1, 0xe0, 0xe, 0xdf, 0xdd, 0xd9,
    0x71, 0xb1, 0xe0, 0x0, 0xd, 0x10, 0x9, 0x71,
    0xc1, 0xe0, 0x8e, 0xef, 0xee, 0xa9, 0x71, 0xc1,
    0xe0, 0x0, 0x6f, 0xb1, 0x9, 0x71, 0xb1, 0xe0,
    0x3, 0xde, 0x6d, 0x27, 0x65, 0x91, 0xb0, 0x3e,
    0x4d, 0x14, 0x80, 0xc, 0x67, 0x0, 0x56, 0xd,
    0x10, 0x0, 0xa6, 0x8, 0xb0, 0x0, 0xd, 0x10,
    0x2a, 0x30, 0x0, 0x64, 0x0, 0x0, 0x0, 0x0,
    0x0, 0x0, 0x0,

    /* U+989C "颜" */
    0x0, 0x8, 0x40, 0x0, 0x0, 0x0, 0x0, 0x2,
    0x27, 0xa2, 0x2b, 0xdd, 0xfd, 0xd4, 0xb, 0xdb,
    0xbd, 0xb0, 0x4, 0x90, 0x0, 0x0, 0xc3, 0xd,
    0x14, 0x8c, 0xa8, 0x70, 0x8, 0xdc, 0xce, 0xa7,
    0x62, 0x41, 0xe0, 0xc, 0x52, 0x39, 0x47, 0x53,
    0xa0, 0xe0, 0xc, 0x36, 0xd8, 0x7, 0x53, 0x90,
    0xe0, 0xc, 0x99, 0x25, 0x37, 0x53, 0x90, 0xe0,
    0xc, 0x21, 0xab, 0x7, 0x55, 0x70, 0xe0, 0xd,
    0x9e, 0x62, 0x67, 0x58, 0x50, 0xe0, 0xe, 0x20,
    0x3d, 0x50, 0x1d, 0x45, 0x0, 0x2c, 0x3a, 0xd3,
    0x1, 0xb7, 0x1b, 0x80, 0x58, 0x95, 0x0, 0x8c,
    0x50, 0x0, 0xa5, 0x0, 0x0, 0x0, 0x0, 0x0,
    0x0, 0x0,

    /* U+98CE "风" */
    0x0, 0xff, 0xff, 0xff, 0xff, 0xf7, 0x0, 0x0,
    0xf1, 0x0, 0x0, 0x0, 0x97, 0x0, 0x0, 0xf1,
    0x30, 0x0, 0xc1, 0x97, 0x0, 0x0, 0xf2, 0xd6,
    0x4, 0xc0, 0x87, 0x0, 0x0, 0xf1, 0x2e, 0x3b,
    0x50, 0x87, 0x0, 0x0, 0xf0, 0x4, 0xed, 0x0,
    0x87, 0x0, 0x1, 0xf0, 0x0, 0xec, 0x0, 0x87,
    0x0, 0x3, 0xd0, 0x9, 0xbc, 0x80, 0x78, 0x0,
    0x6, 0xa0, 0x6e, 0x12, 0xf4, 0x69, 0x0, 0xa,
    0x77, 0xe2, 0x0, 0x6d, 0x4b, 0x53, 0x1f, 0x12,
    0x20, 0x0, 0x2, 0x1e, 0x84, 0x69, 0x0, 0x0,
    0x0, 0x0, 0x9, 0xe1, 0x0, 0x0, 0x0, 0x0,
    0x0, 0x0, 0x0,

    /* U+98DF "食" */
    0x0, 0x0, 0x0, 0x48, 0x0, 0x0, 0x0, 0x0,
    0x0, 0x4, 0xee, 0x40, 0x0, 0x0, 0x0, 0x0,
    0x7e, 0x72, 0xd8, 0x0, 0x0, 0x0, 0x5d, 0xb1,
    0xa7, 0x9, 0xe8, 0x10, 0x3d, 0xdf, 0xee, 0xee,
    0xee, 0xfa, 0xf6, 0x3, 0xf, 0x0, 0x0, 0x0,
    0xf1, 0x0, 0x0, 0xf, 0xdd, 0xdd, 0xdd, 0xf1,
    0x0, 0x0, 0xf, 0x0, 0x0, 0x0, 0xf1, 0x0,
    0x0, 0xf, 0xdd, 0xdd, 0xdd, 0xf5, 0x0, 0x0,
    0xf, 0x0, 0x67, 0x1, 0xbb, 0x10, 0x0, 0xf,
    0x0, 0x18, 0xef, 0x60, 0x0, 0x0, 0x1f, 0x58,
    0xb6, 0x1a, 0xd4, 0x0, 0x0, 0x5e, 0xa7, 0x30,
    0x0, 0x4d, 0x20, 0x0, 0x0, 0x0, 0x0, 0x0,
    0x0, 0x0,

    /* U+9910 "餐" */
    0x0, 0x5, 0xb0, 0x0, 0x0, 0x0, 0x0, 0x0,
    0x5, 0xeb, 0xb5, 0xbb, 0xbe, 0x80, 0x0, 0xae,
    0xdb, 0x61, 0xb4, 0x3d, 0x10, 0xa, 0x91, 0x2d,
    0x20, 0x2e, 0xf5, 0x0, 0x3, 0x3e, 0xd3, 0x7b,
    0xb8, 0x5d, 0x60, 0x6, 0xc9, 0x3a, 0xb8, 0xb3,
    0x1, 0x30, 0x4, 0x49, 0xe6, 0x68, 0x3b, 0xc6,
    0x10, 0xc, 0xed, 0xca, 0xab, 0xaa, 0xf9, 0xe4,
    0x1, 0x9, 0xb8, 0x88, 0x88, 0xf0, 0x0, 0x0,
    0x9, 0x93, 0x33, 0x33, 0xf0, 0x0, 0x0, 0x9,
    0xc9, 0x9e, 0xb9, 0xbb, 0x10, 0x0, 0x9, 0x70,
    0x28, 0xbb, 0xd4, 0x0, 0x0, 0xe, 0xec, 0xa3,
    0x2, 0x9d, 0x30, 0x0, 0x2, 0x0, 0x0, 0x0,
    0x1, 0x0,

    /* U+9968 "饨" */
    0x2, 0xc0, 0x0, 0x0, 0x1e, 0x0, 0x0, 0x5,
    0xa0, 0x0, 0x11, 0x3f, 0x11, 0x10, 0x9, 0xec,
    0xc9, 0xee, 0xef, 0xee, 0xe4, 0xe, 0x43, 0xe4,
    0x0, 0x1e, 0x0, 0x0, 0x5c, 0x3, 0xd1, 0xa0,
    0x1e, 0x7, 0x30, 0xb4, 0x93, 0x31, 0xe0, 0x1e,
    0xa, 0x50, 0x0, 0xd2, 0x1, 0xe0, 0x1e, 0xa,
    0x50, 0x0, 0xd2, 0x1, 0xe0, 0x1e, 0xa, 0x50,
    0x0, 0xd2, 0x1, 0xff, 0xff, 0xff, 0x50, 0x0,
    0xd2, 0x10, 0x0, 0x2e, 0xa, 0x40, 0x0, 0xd7,
    0xe2, 0x0, 0x1e, 0x0, 0x72, 0x1, 0xfc, 0x20,
    0x0, 0x1f, 0x0, 0xf6, 0x5, 0x80, 0x0, 0x0,
    0xc, 0xff, 0xe2,

    /* U+996D "饭" */
    0x2, 0xb0, 0x0, 0x0, 0x1, 0x48, 0x40, 0x6,
    0xa0, 0x0, 0xcc, 0xee, 0xc8, 0x30, 0xa, 0xec,
    0xc4, 0xf2, 0x0, 0x0, 0x0, 0xe, 0x32, 0xe2,
    0xf0, 0x0, 0x0, 0x0, 0x5c, 0x14, 0xb0, 0xfd,
    0xdd, 0xdd, 0x50, 0xa4, 0xe2, 0x11, 0xf9, 0x72,
    0x2c, 0x40, 0x0, 0xe1, 0x1, 0xe4, 0xb0, 0x1f,
    0x0, 0x0, 0xe1, 0x3, 0xd0, 0xe1, 0x7a, 0x0,
    0x0, 0xe1, 0x5, 0xb0, 0x7a, 0xe3, 0x0, 0x0,
    0xe1, 0x48, 0x80, 0x1f, 0xa0, 0x0, 0x0, 0xec,
    0x7d, 0x30, 0x9e, 0xe2, 0x0, 0x4, 0xf5, 0x4e,
    0x3c, 0xb1, 0x7e, 0x40, 0x4, 0x30, 0x65, 0x87,
    0x0, 0x5, 0xb0,

    /* U+996E "饮" */
    0x0, 0x94, 0x0, 0x1, 0xd0, 0x0, 0x0, 0x0,
    0xe2, 0x0, 0x4, 0xc0, 0x0, 0x0, 0x2, 0xfc,
    0xcc, 0x38, 0xfd, 0xdd, 0xe5, 0x7, 0xa3, 0x3f,
    0x1e, 0x41, 0x11, 0xd3, 0xe, 0x31, 0x5a, 0x6c,
    0xa, 0x21, 0xe0, 0x3b, 0x3c, 0x11, 0x64, 0xd,
    0x31, 0x40, 0x0, 0x3c, 0x0, 0x0, 0xe, 0x40,
    0x0, 0x0, 0x3c, 0x0, 0x0, 0x1f, 0x80, 0x0,
    0x0, 0x3c, 0x0, 0x0, 0x6d, 0xd0, 0x0, 0x0,
    0x3c, 0x3, 0x0, 0xd5, 0xb5, 0x0, 0x0, 0x3d,
    0xc9, 0x8, 0xc0, 0x3e, 0x10, 0x0, 0xae, 0x40,
    0x8d, 0x10, 0x8, 0xd2, 0x0, 0x61, 0x4, 0xb1,
    0x0, 0x0, 0x78,

    /* U+997A "饺" */
    0x0, 0x0, 0x0, 0x0, 0x0, 0x0, 0x0, 0x0,
    0x94, 0x0, 0x0, 0x3b, 0x0, 0x0, 0x0, 0xd2,
    0x0, 0x0, 0xc, 0x30, 0x0, 0x1, 0xfc, 0xcb,
    0xef, 0xff, 0xff, 0xf8, 0x6, 0xb3, 0x7a, 0x2,
    0x50, 0x26, 0x0, 0xc, 0x51, 0xb3, 0xd, 0x50,
    0xb, 0x60, 0x1c, 0x4c, 0x20, 0xb8, 0x0, 0x1,
    0xd4, 0x0, 0x4c, 0x3, 0x9c, 0x20, 0x1e, 0x38,
    0x0, 0x4c, 0x0, 0x6, 0xa0, 0x7a, 0x0, 0x0,
    0x4c, 0x0, 0x0, 0xd5, 0xe2, 0x0, 0x0, 0x4c,
    0x2, 0x0, 0x4f, 0x80, 0x0, 0x0, 0x4e, 0xd5,
    0x1, 0xbc, 0xe3, 0x0, 0x0, 0x9e, 0x30, 0x6e,
    0x70, 0x6e, 0x92, 0x0, 0x71, 0x5, 0xa2, 0x0,
    0x1, 0x95,

    /* U+997C "饼" */
    0x2, 0xa0, 0x0, 0x84, 0x0, 0x1c, 0x0, 0x5,
    0xa0, 0x0, 0x4d, 0x0, 0x7b, 0x0, 0x9, 0xec,
    0xc2, 0xb, 0x20, 0xe3, 0x0, 0xd, 0x32, 0xda,
    0xff, 0xff, 0xff, 0xd0, 0x3d, 0x2, 0xb0, 0xe,
    0x10, 0xe1, 0x0, 0x96, 0xc3, 0x20, 0xe, 0x10,
    0xe1, 0x0, 0x0, 0xd2, 0x0, 0xe, 0x10, 0xe1,
    0x0, 0x0, 0xd2, 0xf, 0xff, 0xff, 0xff, 0xf2,
    0x0, 0xd2, 0x0, 0x1f, 0x0, 0xe1, 0x0, 0x0,
    0xd2, 0x10, 0x3c, 0x0, 0xe1, 0x0, 0x0, 0xd8,
    0xb0, 0x97, 0x0, 0xe1, 0x0, 0x0, 0xfa, 0x4,
    0xd0, 0x0, 0xe1, 0x0, 0x2, 0x80, 0xc, 0x20,
    0x0, 0xe1, 0x0, 0x0, 0x0, 0x0, 0x0, 0x0,
    0x0, 0x0,

    /* U+9984 "馄" */
    0x1, 0x50, 0x0, 0x0, 0x0, 0x0, 0x0, 0x4,
    0xb0, 0x1, 0xfd, 0xdd, 0xdf, 0x20, 0x8, 0xb7,
    0x73, 0xe0, 0x0, 0xd, 0x20, 0xd, 0x77, 0xf2,
    0xfd, 0xdd, 0xdf, 0x20, 0x3c, 0x6, 0xa1, 0xe0,
    0x0, 0xd, 0x20, 0xa5, 0x24, 0x11, 0xfe, 0xee,
    0xef, 0x20, 0x0, 0xd2, 0x0, 0xa0, 0x9, 0x10,
    0x0, 0x0, 0xd2, 0x0, 0xf0, 0xd, 0x23, 0x50,
    0x0, 0xd2, 0x0, 0xfe, 0xee, 0xcc, 0x40, 0x0,
    0xd2, 0x0, 0xf0, 0xd, 0x50, 0x0, 0x0, 0xd4,
    0xc2, 0xf0, 0xd, 0x20, 0x50, 0x0, 0xef, 0x70,
    0xf5, 0x9e, 0x20, 0xe0, 0x2, 0xd2, 0x6, 0xea,
    0x5a, 0xee, 0xa0, 0x0, 0x0, 0x0, 0x0, 0x0,
    0x0, 0x0,

    /* U+9985 "馅" */
    0x3, 0xb0, 0x0, 0x3, 0xc0, 0x0, 0x0, 0x5b,
    0x0, 0x0, 0x9c, 0x66, 0x61, 0x9, 0xec, 0xc4,
    0x1e, 0x99, 0xaf, 0x40, 0xd5, 0x3e, 0x1a, 0x80,
    0x8, 0xb0, 0x3e, 0x4, 0xb6, 0xd0, 0x2, 0xe2,
    0x9, 0x8c, 0x32, 0x72, 0x67, 0x14, 0x0, 0x11,
    0xd2, 0x2, 0xca, 0x2b, 0xee, 0xa0, 0xd, 0x20,
    0x5b, 0x0, 0x0, 0x7c, 0x0, 0xd2, 0x5, 0xb0,
    0x0, 0x7, 0xc0, 0xd, 0x20, 0x5f, 0xda, 0x7d,
    0xec, 0x0, 0xd6, 0xb5, 0xb0, 0x0, 0x7, 0xc0,
    0x2f, 0xb1, 0x5e, 0xcc, 0xcc, 0xdc, 0x4, 0x70,
    0x5, 0xb2, 0x22, 0x28, 0xc0, 0x0, 0x0, 0x0,
    0x0, 0x0, 0x0,

    /* U+998D "馍" */
    0x2, 0xb0, 0x0, 0xb, 0x40, 0xb4, 0x0, 0x5,
    0xa0, 0x3, 0xef, 0xee, 0xfe, 0xe0, 0x9, 0xec,
    0xc4, 0xb, 0x40, 0xb4, 0x0, 0xd, 0x32, 0xf1,
    0x9b, 0xaa, 0xba, 0x40, 0x3c, 0x5, 0xa0, 0xe3,
    0x22, 0x29, 0x70, 0x96, 0xb4, 0x20, 0xec, 0xcc,
    0xce, 0x70, 0x0, 0xd2, 0x0, 0xe1, 0x0, 0x8,
    0x70, 0x0, 0xd2, 0x0, 0xdc, 0xcc, 0xcd, 0x70,
    0x0, 0xd2, 0x0, 0x0, 0x69, 0x0, 0x0, 0x0,
    0xd2, 0x15, 0xee, 0xff, 0xee, 0xe0, 0x0, 0xd9,
    0xd0, 0x1, 0xec, 0x60, 0x0, 0x0, 0xfc, 0x10,
    0x2c, 0x81, 0xd7, 0x0, 0x2, 0xa0, 0x8, 0xd6,
    0x0, 0x1a, 0xd0, 0x0, 0x0, 0x0, 0x0, 0x0,
    0x0, 0x0,

    /* U+9992 "馒" */
    0x0, 0x30, 0x0, 0x0, 0x0, 0x0, 0x0, 0x4,
    0xb0, 0x0, 0xeb, 0xaa, 0xae, 0x30, 0x7, 0xec,
    0xc7, 0xe8, 0x88, 0x8d, 0x30, 0xc, 0x41, 0xc6,
    0xe7, 0x77, 0x7d, 0x30, 0x2d, 0x1, 0xe0, 0x45,
    0x55, 0x55, 0x10, 0x96, 0xa3, 0x43, 0xcc, 0xdb,
    0xeb, 0xd0, 0x0, 0xd2, 0x3, 0x57, 0x81, 0xc1,
    0xe0, 0x0, 0xd2, 0x1, 0x88, 0x88, 0x88, 0x70,
    0x0, 0xd2, 0x0, 0xcc, 0xcc, 0xcd, 0x40, 0x0,
    0xd2, 0x40, 0x7b, 0x0, 0x5d, 0x10, 0x0, 0xda,
    0xd1, 0x8, 0xc9, 0xd2, 0x0, 0x1, 0xfa, 0x1,
    0x5a, 0xee, 0xb5, 0x10, 0x1, 0x60, 0x2d, 0xa5,
    0x0, 0x4a, 0xc1,

    /* U+9996 "首" */
    0x0, 0x7, 0x80, 0x0, 0x6, 0x90, 0x0, 0x0,
    0x1, 0xe3, 0x0, 0x1e, 0x30, 0x0, 0x1f, 0xff,
    0xff, 0xff, 0xff, 0xff, 0xf6, 0x0, 0x0, 0x0,
    0xc7, 0x0, 0x0, 0x0, 0x0, 0x7c, 0xcc, 0xfd,
    0xcc, 0xc8, 0x0, 0x0, 0xa8, 0x22, 0x22, 0x22,
    0x8a, 0x0, 0x0, 0xa6, 0x0, 0x0, 0x0, 0x7a,
    0x0, 0x0, 0xae, 0xdd, 0xdd, 0xdd, 0xea, 0x0,
    0x0, 0xa6, 0x0, 0x0, 0x0, 0x7a, 0x0, 0x0,
    0xae, 0xdd, 0xdd, 0xdd, 0xea, 0x0, 0x0, 0xa6,
    0x0, 0x0, 0x0, 0x7a, 0x0, 0x0, 0xae, 0xdd,
    0xdd, 0xdd, 0xea, 0x0, 0x0, 0xa7, 0x11, 0x11,
    0x11, 0x8a, 0x0,

    /* U+9999 "香" */
    0x0, 0x0, 0x0, 0x24, 0x68, 0xb3, 0x0, 0x0,
    0xce, 0xee, 0xfc, 0x96, 0x40, 0x0, 0x0, 0x10,
    0x0, 0xc5, 0x0, 0x0, 0x0, 0x5c, 0xcc, 0xcc,
    0xfd, 0xcc, 0xcc, 0xc0, 0x13, 0x33, 0x6e, 0xec,
    0xd3, 0x33, 0x30, 0x0, 0x4, 0xe4, 0xc5, 0x9d,
    0x20, 0x0, 0x0, 0x8e, 0x40, 0xc4, 0x7, 0xf8,
    0x10, 0x4e, 0xc5, 0x33, 0x33, 0x33, 0x6e, 0xf1,
    0x15, 0x2f, 0xaa, 0xaa, 0xaa, 0xe5, 0x30, 0x0,
    0x2e, 0x11, 0x11, 0x11, 0xc5, 0x0, 0x0, 0x2f,
    0xaa, 0xaa, 0xaa, 0xe5, 0x0, 0x0, 0x2e, 0x0,
    0x0, 0x0, 0xb5, 0x0, 0x0, 0x2f, 0xdd, 0xdd,
    0xdd, 0xf5, 0x0, 0x0, 0x0, 0x0, 0x0, 0x0,
    0x0, 0x0,

    /* U+99A8 "馨" */
    0x0, 0x3, 0xc0, 0x0, 0x6d, 0xbe, 0x0, 0xa,
    0xab, 0xea, 0xa1, 0x84, 0xe, 0x0, 0x5, 0x9a,
    0xd9, 0x89, 0x80, 0x9, 0xa2, 0x1, 0x88, 0x88,
    0x74, 0xcb, 0xbe, 0x50, 0x3, 0xb3, 0xb2, 0xe0,
    0x8b, 0x89, 0x0, 0x5, 0xda, 0xba, 0xa6, 0xaa,
    0x8c, 0x60, 0x1d, 0x36, 0x88, 0x9d, 0xbb, 0xc3,
    0x60, 0x15, 0x3, 0x44, 0x79, 0x10, 0x0, 0x0,
    0xa, 0xcc, 0xcf, 0xee, 0xfc, 0xcc, 0xa0, 0x0,
    0x38, 0xd9, 0x79, 0x8e, 0x94, 0x0, 0x2d, 0xae,
    0x86, 0x66, 0x66, 0xca, 0xd3, 0x0, 0xc, 0xa9,
    0x99, 0x99, 0xd2, 0x0, 0x0, 0xc, 0xb9, 0x99,
    0x99, 0xd2, 0x0, 0x0, 0x0, 0x0, 0x0, 0x0,
    0x0, 0x0,

    /* U+9A6C "马" */
    0x0, 0x0, 0x0, 0x0, 0x0, 0x0, 0x0, 0x2f,
    0xff, 0xff, 0xff, 0xfe, 0x0, 0x0, 0x1, 0x0,
    0x0, 0x3, 0xd0, 0x0, 0x0, 0xf0, 0x0, 0x0,
    0x5b, 0x0, 0x0, 0x1e, 0x0, 0x0, 0x7, 0xa0,
    0x0, 0x3, 0xd0, 0x0, 0x0, 0x98, 0x0, 0x0,
    0x5f, 0xbb, 0xbb, 0xbe, 0xdb, 0x80, 0x1, 0x44,
    0x44, 0x44, 0x44, 0x9a, 0x0, 0x0, 0x0, 0x0,
    0x0, 0x8, 0x83, 0xff, 0xff, 0xff, 0xff, 0xe0,
    0xa6, 0x0, 0x0, 0x0, 0x0, 0x0, 0xd, 0x30,
    0x0, 0x0, 0x0, 0x0, 0x2, 0xf0, 0x0, 0x0,
    0x0, 0x0, 0xdf, 0xf7, 0x0, 0x0, 0x0, 0x0,
    0x0, 0x0, 0x0,

    /* U+9AA4 "骤" */
    0x1, 0x12, 0x0, 0x0, 0x0, 0x0, 0x0, 0x6d,
    0xde, 0x69, 0xd9, 0xe6, 0xdd, 0xd0, 0x1, 0x8,
    0x53, 0xda, 0xe2, 0x65, 0x80, 0xa, 0x3a, 0x43,
    0xd8, 0xd0, 0xae, 0x20, 0xc, 0x2b, 0x23, 0xa3,
    0xe2, 0x9e, 0x50, 0xd, 0xc, 0x1b, 0xca, 0xe8,
    0x91, 0xa0, 0xf, 0x4e, 0x40, 0x0, 0x64, 0x67,
    0x0, 0x1b, 0xbb, 0xf4, 0xcb, 0xcc, 0x63, 0x0,
    0x0, 0x1, 0xf1, 0x1a, 0x79, 0x1b, 0x50, 0x48,
    0xc8, 0xf5, 0xc4, 0x6f, 0xc4, 0x0, 0x65, 0x14,
    0xe0, 0x1b, 0xcb, 0xc4, 0x0, 0x0, 0x7, 0xb4,
    0xd5, 0x68, 0x1b, 0xb0, 0x1, 0xde, 0x42, 0x10,
    0x68, 0x0, 0x10,

    /* U+9AA8 "骨" */
    0x0, 0xfd, 0xdd, 0xdd, 0xde, 0x0, 0x0, 0xfa,
    0xaa, 0x90, 0x2e, 0x0, 0x0, 0xf1, 0x12, 0xe0,
    0x2e, 0x0, 0x78, 0xf8, 0x89, 0xf8, 0x9f, 0x87,
    0xe7, 0x66, 0x66, 0x66, 0x66, 0x7e, 0xe3, 0xed,
    0xdd, 0xdd, 0xdf, 0x2e, 0x2, 0xd0, 0x0, 0x0,
    0xe, 0x10, 0x2, 0xfc, 0xcc, 0xcc, 0xcf, 0x10,
    0x2, 0xd0, 0x0, 0x0, 0xe, 0x10, 0x2, 0xfd,
    0xdd, 0xdd, 0xdf, 0x10, 0x2, 0xd0, 0x0, 0x0,
    0xe, 0x10, 0x2, 0xd0, 0x0, 0xb, 0xdc, 0x0,

    /* U+9C7C "鱼" */
    0x0, 0x0, 0x0, 0x0, 0x0, 0x0, 0x0, 0x0,
    0x0, 0x8a, 0x0, 0x0, 0x0, 0x0, 0x0, 0x3,
    0xfe, 0xdd, 0xd8, 0x0, 0x0, 0x0, 0x1e, 0x61,
    0x12, 0xe5, 0x0, 0x0, 0x2, 0xda, 0x22, 0x29,
    0xb2, 0x21, 0x0, 0xe, 0xed, 0xcc, 0xee, 0xcc,
    0xde, 0x0, 0x1, 0xa5, 0x0, 0x78, 0x0, 0x2e,
    0x0, 0x0, 0xa7, 0x33, 0x9a, 0x33, 0x5e, 0x0,
    0x0, 0xac, 0xaa, 0xdd, 0xaa, 0xbe, 0x0, 0x0,
    0xa5, 0x0, 0x78, 0x0, 0x2e, 0x0, 0x0, 0xad,
    0xbb, 0xde, 0xbb, 0xce, 0x0, 0x0, 0x23, 0x33,
    0x33, 0x33, 0x32, 0x0, 0x1b, 0xbb, 0xbb, 0xbb,
    0xbb, 0xbb, 0xb1, 0x4, 0x44, 0x44, 0x44, 0x44,
    0x44, 0x40,

    /* U+9C7F "鱿" */
    0x0, 0x94, 0x0, 0x0, 0xf, 0x24, 0x0, 0x0,
    0xfc, 0xca, 0x0, 0xf, 0x1e, 0x20, 0x6, 0x91,
    0x88, 0x0, 0xf, 0x7, 0x90, 0x1e, 0x43, 0xd3,
    0x10, 0x1f, 0x1, 0x10, 0x4f, 0xbe, 0xbd, 0x9f,
    0xff, 0xff, 0xf5, 0xd, 0xc, 0x9, 0x40, 0x2d,
    0x20, 0x0, 0xd, 0xcf, 0xce, 0x40, 0x3c, 0xd0,
    0x0, 0xd, 0xc, 0x9, 0x40, 0x6a, 0xd0, 0x0,
    0xd, 0xc, 0x9, 0x40, 0xa6, 0xd0, 0x0, 0xc,
    0xde, 0xde, 0x40, 0xe2, 0xd0, 0x0, 0x0, 0x0,
    0x0, 0x6, 0xb0, 0xd0, 0x72, 0x28, 0xac, 0xde,
    0x8e, 0x40, 0xd0, 0xb2, 0x27, 0x53, 0x10, 0x8a,
    0x0, 0xde, 0xd0, 0x0, 0x0, 0x0, 0x0, 0x0,
    0x0, 0x0,

    /* U+9C8D "鲍" */
    0x0, 0x44, 0x0, 0x0, 0x70, 0x0, 0x0, 0x0,
    0xc9, 0x63, 0x5, 0xa0, 0x0, 0x0, 0x4, 0xd7,
    0xc7, 0xc, 0xff, 0xff, 0xf0, 0xd, 0x63, 0xd2,
    0x7b, 0x0, 0x0, 0xe0, 0x3f, 0xae, 0xae, 0x9e,
    0xdd, 0xb0, 0xe0, 0xc, 0xb, 0xd, 0xe, 0x0,
    0xe0, 0xe0, 0xc, 0xce, 0xcf, 0xe, 0x0, 0xe0,
    0xe0, 0xc, 0xb, 0xd, 0xe, 0x77, 0xe0, 0xe0,
    0xc, 0xb, 0xd, 0xe, 0x99, 0x82, 0xc0, 0xc,
    0xcf, 0xcf, 0xe, 0x0, 0xcd, 0x60, 0x0, 0x11,
    0x11, 0xe, 0x0, 0x0, 0x21, 0x27, 0x9a, 0xcd,
    0x4e, 0x0, 0x0, 0x77, 0x27, 0x53, 0x10, 0x9,
    0xee, 0xee, 0xe2,

    /* U+9C9C "鲜" */
    0x0, 0x95, 0x0, 0x2, 0x60, 0x3, 0x70, 0x0,
    0xec, 0xcb, 0x0, 0xd0, 0xa, 0x50, 0x6, 0xa1,
    0x6b, 0x0, 0x51, 0x1d, 0x0, 0x1e, 0x42, 0xd5,
    0x1d, 0xef, 0xfe, 0xe4, 0x4f, 0xae, 0xad, 0x60,
    0x3, 0xc0, 0x0, 0xd, 0xc, 0x9, 0x61, 0x25,
    0xc2, 0x20, 0xd, 0xcf, 0xce, 0x67, 0xbc, 0xeb,
    0xb0, 0xd, 0xc, 0x9, 0x60, 0x3, 0xc0, 0x0,
    0xd, 0xc, 0x9, 0x60, 0x4, 0xc0, 0x0, 0xc,
    0xde, 0xde, 0x7e, 0xee, 0xfe, 0xe8, 0x0, 0x0,
    0x0, 0x10, 0x3, 0xc0, 0x0, 0x3a, 0xbd, 0xdd,
    0x80, 0x3, 0xc0, 0x0, 0x14, 0x20, 0x0, 0x0,
    0x3, 0xc0, 0x0,

    /* U+9CA2 "鲢" */
    0x0, 0x60, 0x0, 0x0, 0x2, 0x40, 0x0, 0x4,
    0xc5, 0x1a, 0x40, 0x18, 0x71, 0x10, 0x9, 0x9d,
    0x43, 0xc7, 0xdf, 0xdd, 0xd0, 0x1d, 0x3d, 0x20,
    0x60, 0x2b, 0x70, 0x0, 0x3e, 0xcc, 0xb0, 0x0,
    0x84, 0xe0, 0x0, 0xb, 0x55, 0xac, 0xf2, 0xfc,
    0xfc, 0x90, 0xd, 0xdd, 0xb0, 0xe1, 0x20, 0xe0,
    0x0, 0xb, 0x65, 0xa0, 0xe1, 0x22, 0xe2, 0x20,
    0xb, 0x55, 0xa0, 0xe8, 0xee, 0xfe, 0xe0, 0xc,
    0xed, 0xb0, 0xe0, 0x0, 0xe0, 0x0, 0x0, 0x2,
    0x51, 0xf2, 0x0, 0xe0, 0x0, 0x3b, 0xee, 0xac,
    0x6c, 0x50, 0x0, 0x0, 0x37, 0x20, 0x38, 0x1,
    0xaf, 0xef, 0xf2, 0x0, 0x0, 0x0, 0x0, 0x0,
    0x0, 0x0,

    /* U+9E21 "鸡" */
    0x0, 0x0, 0x0, 0x0, 0x55, 0x0, 0x0, 0x0,
    0x0, 0x0, 0x44, 0xe7, 0x44, 0x0, 0x6f, 0xff,
    0xf6, 0xe9, 0x88, 0x8f, 0x0, 0x0, 0x0, 0xa4,
    0xe1, 0x92, 0xf, 0x0, 0xd, 0x20, 0xd0, 0xe1,
    0x2b, 0x1e, 0x0, 0x5, 0xc2, 0xc0, 0xe1, 0x6,
    0x9b, 0x0, 0x0, 0xad, 0x70, 0xe1, 0x3, 0x41,
    0x0, 0x0, 0x2f, 0x30, 0xed, 0xdd, 0xdd, 0xe0,
    0x0, 0x7e, 0xb0, 0x0, 0x0, 0x1, 0xf0, 0x2,
    0xe2, 0xd5, 0xcc, 0xcc, 0xc4, 0xf0, 0x1d, 0x50,
    0x10, 0x22, 0x22, 0x24, 0xd0, 0x57, 0x0, 0x0,
    0x0, 0x0, 0x6, 0xb0, 0x0, 0x0, 0x0, 0x0,
    0x6, 0xde, 0x60,

    /* U+9E2D "鸭" */
    0x0, 0x0, 0x0, 0x0, 0x3, 0x40, 0x0, 0x9,
    0x99, 0x99, 0x41, 0x2a, 0x72, 0x20, 0xe, 0x5f,
    0x59, 0x87, 0xdc, 0xcc, 0xa0, 0xd, 0xe, 0x6,
    0x87, 0x77, 0x13, 0xa0, 0xe, 0x8f, 0x8b, 0x87,
    0x72, 0xc4, 0x90, 0xe, 0x6f, 0x6a, 0x87, 0x70,
    0x26, 0x70, 0xd, 0xe, 0x6, 0x87, 0x70, 0x9a,
    0x20, 0xe, 0x7f, 0x7a, 0x87, 0xb8, 0x88, 0x81,
    0xe, 0x5f, 0x59, 0x72, 0x55, 0x55, 0xd1, 0x1,
    0xe, 0x0, 0xd, 0xdd, 0xd6, 0xd1, 0x0, 0xe,
    0x0, 0x0, 0x0, 0x0, 0xe0, 0x0, 0xe, 0x0,
    0x0, 0x0, 0x0, 0xe0, 0x0, 0xe, 0x0, 0x0,
    0x0, 0xbd, 0x90, 0x0, 0x0, 0x0, 0x0, 0x0,
    0x0, 0x0,

    /* U+9E3F "鸿" */
    0x4, 0x10, 0x0, 0x0, 0x8, 0x40, 0x0, 0x6,
    0xd1, 0x0, 0x1, 0x7f, 0x87, 0x40, 0x0, 0x68,
    0xff, 0xf6, 0xd6, 0x59, 0x80, 0x0, 0x0, 0x1d,
    0x3, 0xb9, 0x65, 0x70, 0x17, 0x0, 0x1d, 0x3,
    0xb0, 0x87, 0x60, 0x8, 0xc1, 0x1d, 0x3, 0xb0,
    0x8d, 0x30, 0x0, 0x40, 0x1d, 0x3, 0xb0, 0x33,
    0x0, 0x0, 0x0, 0x1d, 0x25, 0xfd, 0xdd, 0xd2,
    0x0, 0x94, 0x5f, 0xc2, 0x0, 0x0, 0xc2, 0x0,
    0xe7, 0xb3, 0xb, 0xcc, 0xc9, 0xc1, 0x5, 0xa0,
    0x0, 0x2, 0x22, 0x21, 0xd0, 0xc, 0x40, 0x0,
    0x0, 0x0, 0x0, 0xe0, 0xa, 0x0, 0x0, 0x0,
    0x0, 0xcd, 0x90, 0x0, 0x0, 0x0, 0x0, 0x0,
    0x0, 0x0,

    /* U+9E4C "鹌" */
    0x0, 0x5, 0x20, 0x0, 0x4, 0x40, 0x0, 0x0,
    0xd, 0x20, 0x0, 0x4d, 0x74, 0x40, 0x3e, 0xff,
    0xff, 0xe3, 0xe9, 0x99, 0xd0, 0x0, 0xc4, 0x2c,
    0x32, 0xc6, 0x40, 0xd0, 0x9, 0x95, 0x81, 0xd3,
    0xc0, 0xb3, 0xc0, 0x5f, 0xde, 0xed, 0xb2, 0xc0,
    0x47, 0x90, 0x9, 0x46, 0x91, 0xd2, 0xc0, 0x46,
    0x10, 0x9, 0xbc, 0xda, 0xd2, 0xff, 0xff, 0xf3,
    0x9, 0x78, 0xa4, 0xd0, 0x0, 0x0, 0x92, 0x9,
    0xab, 0xc8, 0x67, 0xbb, 0xbb, 0xe1, 0x2, 0x15,
    0x80, 0x12, 0x33, 0x33, 0xd0, 0x0, 0x6, 0xcb,
    0xe1, 0x0, 0x0, 0xd0, 0x0, 0xc, 0xa4, 0x0,
    0x0, 0xcd, 0x80, 0x0, 0x0, 0x0, 0x0, 0x0,
    0x0, 0x0,

    /* U+9E4F "鹏" */
    0x0, 0x0, 0x0, 0x0, 0x3, 0x20, 0x0, 0xd,
    0xde, 0x5e, 0xe6, 0x2c, 0x42, 0x10, 0xc, 0xc,
    0x57, 0x66, 0xeb, 0xbd, 0x80, 0xc, 0xc, 0x57,
    0x66, 0xe7, 0x36, 0x70, 0xd, 0xef, 0x5f, 0xf6,
    0xe0, 0xb8, 0x60, 0xc, 0xc, 0x57, 0x66, 0xe0,
    0x5b, 0x40, 0xc, 0xc, 0x57, 0x66, 0xe0, 0x55,
    0x0, 0xd, 0xde, 0x5e, 0xe6, 0xed, 0xdd, 0xd0,
    0xc, 0xc, 0x57, 0x66, 0x0, 0x0, 0xf0, 0xc,
    0xc, 0x65, 0x69, 0xbb, 0xb7, 0xf0, 0xb, 0xc,
    0x74, 0x67, 0x22, 0x23, 0xe0, 0x39, 0xc, 0xa2,
    0x66, 0x0, 0x4, 0xc0, 0x65, 0xab, 0xc5, 0xd5,
    0x0, 0xce, 0x60, 0x0, 0x0, 0x0, 0x0, 0x0,
    0x0, 0x0,

    /* U+9E51 "鹑" */
    0x0, 0x8, 0x10, 0x0, 0x5, 0x40, 0x0, 0x15,
    0x5c, 0xa5, 0x52, 0x5c, 0x86, 0x30, 0x17, 0x77,
    0x77, 0x77, 0xc8, 0x8b, 0x90, 0x7, 0xcc, 0xcc,
    0x57, 0x89, 0x36, 0x80, 0xa, 0x40, 0x7, 0x77,
    0x81, 0xa8, 0x70, 0xa, 0xdc, 0xce, 0x77, 0x81,
    0x6c, 0x40, 0x5, 0x66, 0x66, 0x27, 0x80, 0x54,
    0x0, 0x4, 0x55, 0xac, 0x17, 0xed, 0xdd, 0xe1,
    0x0, 0x9, 0x80, 0x0, 0x0, 0x0, 0xd1, 0x3a,
    0xbf, 0xdc, 0x7c, 0xcc, 0xc7, 0xe1, 0x13, 0x1b,
    0x40, 0x0, 0x0, 0x0, 0xf0, 0x0, 0xb, 0x40,
    0x0, 0x0, 0x2, 0xe0, 0x1, 0xde, 0x20, 0x0,
    0x0, 0xce, 0x80, 0x0, 0x0, 0x0, 0x0, 0x0,
    0x0, 0x0,

    /* U+9E7F "鹿" */
    0x0, 0x0, 0x0, 0x39, 0x0, 0x0, 0x0, 0x2,
    0x99, 0x99, 0x9f, 0x99, 0x99, 0x91, 0x4, 0xd6,
    0x6f, 0x66, 0xe8, 0x66, 0x61, 0x4, 0xc0, 0xf,
    0x0, 0xd3, 0x0, 0x0, 0x4, 0xfd, 0xdf, 0xdd,
    0xfe, 0xdd, 0xe0, 0x4, 0xc0, 0xf, 0x0, 0xd3,
    0x1, 0xe0, 0x4, 0xe9, 0x9f, 0x99, 0xea, 0x99,
    0xe0, 0x4, 0xc5, 0x84, 0x44, 0x95, 0x44, 0x40,
    0x6, 0x92, 0xd0, 0x0, 0xe2, 0x17, 0x60, 0x8,
    0x72, 0xfe, 0xe9, 0xec, 0xd8, 0x20, 0xb, 0x42,
    0xd0, 0x0, 0xe4, 0x0, 0x20, 0x1f, 0x2, 0xd0,
    0x33, 0xe2, 0x0, 0x85, 0x5a, 0x9, 0xfd, 0xb6,
    0xae, 0xee, 0xd1, 0x0, 0x1, 0x0, 0x0, 0x0,
    0x0, 0x0,

    /* U+9EA6 "麦" */
    0x0, 0x0, 0x0, 0xc4, 0x0, 0x0, 0x0, 0xb,
    0xee, 0xee, 0xfe, 0xee, 0xee, 0x60, 0x0, 0x0,
    0x0, 0xc4, 0x0, 0x0, 0x0, 0x0, 0xdd, 0xdd,
    0xfe, 0xdd, 0xd9, 0x0, 0x0, 0x0, 0x0, 0xc4,
    0x0, 0x0, 0x0, 0x49, 0x99, 0x99, 0xeb, 0x99,
    0x99, 0x90, 0x24, 0x44, 0xad, 0x54, 0x44, 0x44,
    0x40, 0x0, 0x8, 0xfe, 0xcc, 0xcc, 0xb0, 0x0,
    0x5, 0xdc, 0xd1, 0x11, 0x2d, 0x70, 0x0, 0x1b,
    0x40, 0x9c, 0x23, 0xd8, 0x0, 0x0, 0x0, 0x0,
    0xa, 0xff, 0x60, 0x0, 0x0, 0x2, 0x69, 0xec,
    0x68, 0xec, 0x85, 0x30, 0x3c, 0x96, 0x10, 0x0,
    0x3, 0x7b, 0xc0,

    /* U+9EBB "麻" */
    0x0, 0x0, 0x0, 0x28, 0x0, 0x0, 0x0, 0x0,
    0x11, 0x11, 0x1f, 0x31, 0x11, 0x10, 0x8, 0xff,
    0xff, 0xff, 0xff, 0xff, 0xf4, 0x8, 0x80, 0xe,
    0x0, 0x0, 0xf0, 0x0, 0x8, 0x80, 0xf, 0x0,
    0x0, 0xf0, 0x0, 0x8, 0x9e, 0xef, 0xe8, 0xee,
    0xfe, 0xe3, 0x8, 0x70, 0x6f, 0x50, 0x6, 0xf7,
    0x0, 0x9, 0x70, 0xcf, 0xc4, 0xc, 0xfc, 0x0,
    0xa, 0x54, 0xaf, 0x28, 0x77, 0xf8, 0x60, 0xc,
    0x4d, 0x2f, 0x2, 0xd0, 0xf1, 0xe1, 0xf, 0x77,
    0xf, 0xb, 0x40, 0xf0, 0x75, 0x4c, 0x0, 0xf,
    0x0, 0x0, 0xf0, 0x0, 0x56, 0x0, 0xf, 0x0,
    0x0, 0xf0, 0x0,

    /* U+9EC4 "黄" */
    0x0, 0x0, 0xf1, 0x0, 0x4d, 0x0, 0x0, 0x5,
    0xcc, 0xfc, 0xcc, 0xdf, 0xcc, 0x40, 0x1, 0x33,
    0xf4, 0x33, 0x6d, 0x33, 0x10, 0x24, 0x44, 0xf6,
    0x44, 0x7d, 0x44, 0x41, 0x5b, 0xbb, 0xbb, 0xfc,
    0xbb, 0xbb, 0xb3, 0x0, 0x0, 0x0, 0xe3, 0x0,
    0x0, 0x0, 0x0, 0xec, 0xcc, 0xfc, 0xcc, 0xcd,
    0x0, 0x0, 0xe1, 0x0, 0xe2, 0x0, 0x3d, 0x0,
    0x0, 0xec, 0xbb, 0xfc, 0xbb, 0xcd, 0x0, 0x0,
    0xe7, 0x66, 0xf7, 0x66, 0x8d, 0x0, 0x0, 0x56,
    0x96, 0x66, 0x79, 0x65, 0x0, 0x0, 0x5c, 0xd3,
    0x0, 0x4b, 0xd7, 0x10, 0x1d, 0xa4, 0x0, 0x0,
    0x0, 0x28, 0xb0,

    /* U+9ED1 "黑" */
    0x0, 0xe9, 0x88, 0xdc, 0x88, 0x9e, 0x0, 0x0,
    0xe1, 0xc0, 0xa7, 0xc, 0x2e, 0x0, 0x0, 0xe1,
    0x84, 0xa7, 0x67, 0x2e, 0x0, 0x0, 0xe2, 0x33,
    0xa8, 0x82, 0x3e, 0x0, 0x0, 0xcd, 0xdd, 0xfe,
    0xdd, 0xdb, 0x0, 0x0, 0x0, 0x0, 0xa8, 0x0,
    0x0, 0x0, 0x0, 0xdd, 0xdd, 0xfe, 0xdd, 0xdd,
    0x0, 0x0, 0x0, 0x0, 0xa7, 0x0, 0x0, 0x0,
    0x3f, 0xff, 0xff, 0xff, 0xff, 0xff, 0xf3, 0x0,
    0x51, 0x1, 0x0, 0x20, 0x15, 0x0, 0x3, 0xe0,
    0x3c, 0x2, 0xf0, 0xc, 0x60, 0xd, 0x60, 0x1e,
    0x0, 0xc5, 0x2, 0xf1, 0x2, 0x0, 0x1, 0x0,
    0x10, 0x0, 0x10,

    /* U+9F50 "齐" */
    0x0, 0x0, 0x0, 0x53, 0x0, 0x0, 0x0, 0x1,
    0x11, 0x11, 0x7c, 0x11, 0x11, 0x10, 0x1d, 0xde,
    0xed, 0xdd, 0xdf, 0xed, 0xd1, 0x0, 0x2, 0xd3,
    0x0, 0x4e, 0x20, 0x0, 0x0, 0x0, 0x2d, 0x78,
    0xe3, 0x0, 0x0, 0x0, 0x0, 0x39, 0xff, 0xa4,
    0x0, 0x0, 0x29, 0xce, 0xb6, 0x10, 0x6a, 0xed,
    0xb2, 0x5, 0x34, 0xa0, 0x0, 0xb, 0x31, 0x30,
    0x0, 0x4, 0xc0, 0x0, 0xd, 0x40, 0x0, 0x0,
    0x5, 0xb0, 0x0, 0xd, 0x40, 0x0, 0x0, 0x9,
    0x80, 0x0, 0xd, 0x40, 0x0, 0x0, 0x5f, 0x20,
    0x0, 0xd, 0x40, 0x0, 0x1, 0xc4, 0x0, 0x0,
    0xd, 0x40, 0x0,

    /* U+9F99 "龙" */
    0x0, 0x0, 0x0, 0x0, 0x0, 0x0, 0x0, 0x0,
    0x0, 0xf, 0x10, 0x63, 0x0, 0x0, 0x0, 0x0,
    0xf, 0x0, 0x3e, 0x50, 0x0, 0x0, 0x0, 0x1f,
    0x0, 0x2, 0xd2, 0x0, 0x36, 0x66, 0x8f, 0x66,
    0x66, 0x76, 0x60, 0x49, 0x99, 0xbe, 0x9f, 0xa9,
    0x99, 0x90, 0x0, 0x0, 0x7a, 0xd, 0x30, 0x7,
    0x0, 0x0, 0x0, 0xa7, 0xd, 0x30, 0x7b, 0x0,
    0x0, 0x0, 0xe3, 0xd, 0x33, 0xe1, 0x0, 0x0,
    0x4, 0xd0, 0xd, 0x5e, 0x40, 0x0, 0x0, 0xc,
    0x70, 0xd, 0xf6, 0x0, 0x0, 0x0, 0x8d, 0x0,
    0x5f, 0x60, 0x0, 0x51, 0x9, 0xf2, 0x2b, 0xde,
    0x40, 0x0, 0xd2, 0x6d, 0x20, 0x38, 0x8, 0xff,
    0xff, 0xc0, 0x0, 0x0, 0x0, 0x0, 0x0, 0x0,
    0x0,

    /* U+FF08 "（" */
    0x0, 0x1c, 0x10, 0xa, 0x80, 0x4, 0xd0, 0x0,
    0xb5, 0x0, 0xf, 0x0, 0x2, 0xd0, 0x0, 0x3c,
    0x0, 0x3, 0xc0, 0x0, 0x1f, 0x0, 0x0, 0xd3,
    0x0, 0x6, 0xa0, 0x0, 0xd, 0x40, 0x0, 0x3e,
    0x10, 0x0, 0x20,

    /* U+FF09 "）" */
    0x1c, 0x10, 0x0, 0x8a, 0x0, 0x0, 0xd4, 0x0,
    0x5, 0xb0, 0x0, 0xf, 0x0, 0x0, 0xd2, 0x0,
    0xc, 0x30, 0x0, 0xc3, 0x0, 0xf, 0x10, 0x3,
    0xd0, 0x0, 0xa6, 0x0, 0x4d, 0x0, 0x1e, 0x30,
    0x0, 0x20, 0x0,

    /* U+FF0C "，" */
    0x1, 0x6, 0xf8, 0x4d, 0xb0, 0x68, 0x5d, 0x16,
    0x10,

    /* U+FF1A "：" */
    0x7d, 0x2a, 0xf4, 0x2, 0x0, 0x0, 0x0, 0x0,
    0x0, 0x0, 0x9, 0xf3, 0x9f, 0x30, 0x0,

    /* U+FF1B "；" */
    0x7, 0xd2, 0xa, 0xf4, 0x0, 0x20, 0x0, 0x0,
    0x0, 0x0, 0x0, 0x0, 0x3, 0xd3, 0x6, 0xf8,
    0x0, 0x78, 0x0, 0xc2, 0xc, 0x50, 0x1, 0x0,

    /* U+FF5E "～" */
    0x0, 0x1, 0x20, 0x0, 0x0, 0x0, 0x0, 0x1,
    0xbf, 0xfe, 0x60, 0x0, 0x0, 0x30, 0xc, 0xb1,
    0x4, 0xe7, 0x0, 0x3, 0xf2, 0x2b, 0x0, 0x0,
    0x2e, 0xb6, 0x7f, 0x70, 0x0, 0x0, 0x0, 0x1,
    0x8c, 0xa4, 0x0
};


/*---------------------
 *  GLYPH DESCRIPTION
 *--------------------*/

static const lv_font_fmt_txt_glyph_dsc_t glyph_dsc[] = {
    {.bitmap_index = 0, .adv_w = 0, .box_w = 0, .box_h = 0, .ofs_x = 0, .ofs_y = 0} /* id = 0 reserved */,
    {.bitmap_index = 0, .adv_w = 50, .box_w = 0, .box_h = 0, .ofs_x = 0, .ofs_y = 0},
    {.bitmap_index = 0, .adv_w = 72, .box_w = 3, .box_h = 11, .ofs_x = 1, .ofs_y = 0},
    {.bitmap_index = 17, .adv_w = 106, .box_w = 5, .box_h = 5, .ofs_x = 1, .ofs_y = 6},
    {.bitmap_index = 30, .adv_w = 124, .box_w = 8, .box_h = 11, .ofs_x = 0, .ofs_y = 0},
    {.bitmap_index = 74, .adv_w = 124, .box_w = 7, .box_h = 14, .ofs_x = 0, .ofs_y = -2},
    {.bitmap_index = 123, .adv_w = 206, .box_w = 13, .box_h = 11, .ofs_x = 0, .ofs_y = 0},
    {.bitmap_index = 195, .adv_w = 152, .box_w = 10, .box_h = 11, .ofs_x = 0, .ofs_y = 0},
    {.bitmap_index = 250, .adv_w = 62, .box_w = 2, .box_h = 5, .ofs_x = 1, .ofs_y = 6},
    {.bitmap_index = 255, .adv_w = 76, .box_w = 4, .box_h = 15, .ofs_x = 1, .ofs_y = -3},
    {.bitmap_index = 285, .adv_w = 76, .box_w = 4, .box_h = 15, .ofs_x = 0, .ofs_y = -3},
    {.bitmap_index = 315, .adv_w = 105, .box_w = 6, .box_h = 5, .ofs_x = 0, .ofs_y = 6},
    {.bitmap_index = 330, .adv_w = 124, .box_w = 8, .box_h = 8, .ofs_x = 0, .ofs_y = 2},
    {.bitmap_index = 362, .adv_w = 62, .box_w = 4, .box_h = 5, .ofs_x = 0, .ofs_y = -3},
    {.bitmap_index = 372, .adv_w = 78, .box_w = 5, .box_h = 2, .ofs_x = 0, .ofs_y = 3},
    {.bitmap_index = 377, .adv_w = 62, .box_w = 2, .box_h = 2, .ofs_x = 1, .ofs_y = 0},
    {.bitmap_index = 379, .adv_w = 88, .box_w = 6, .box_h = 14, .ofs_x = 0, .ofs_y = -3},
    {.bitmap_index = 421, .adv_w = 124, .box_w = 8, .box_h = 11, .ofs_x = 0, .ofs_y = 0},
    {.bitmap_index = 465, .adv_w = 124, .box_w = 6, .box_h = 11, .ofs_x = 1, .ofs_y = 0},
    {.bitmap_index = 498, .adv_w = 124, .box_w = 8, .box_h = 11, .ofs_x = 0, .ofs_y = 0},
    {.bitmap_index = 542, .adv_w = 124, .box_w = 7, .box_h = 11, .ofs_x = 0, .ofs_y = 0},
    {.bitmap_index = 581, .adv_w = 124, .box_w = 8, .box_h = 11, .ofs_x = 0, .ofs_y = 0},
    {.bitmap_index = 625, .adv_w = 124, .box_w = 8, .box_h = 11, .ofs_x = 0, .ofs_y = 0},
    {.bitmap_index = 669, .adv_w = 124, .box_w = 8, .box_h = 11, .ofs_x = 0, .ofs_y = 0},
    {.bitmap_index = 713, .adv_w = 124, .box_w = 8, .box_h = 11, .ofs_x = 0, .ofs_y = 0},
    {.bitmap_index = 757, .adv_w = 124, .box_w = 8, .box_h = 11, .ofs_x = 0, .ofs_y = 0},
    {.bitmap_index = 801, .adv_w = 124, .box_w = 8, .box_h = 11, .ofs_x = 0, .ofs_y = 0},
    {.bitmap_index = 845, .adv_w = 62, .box_w = 2, .box_h = 8, .ofs_x = 1, .ofs_y = 0},
    {.bitmap_index = 853, .adv_w = 62, .box_w = 4, .box_h = 11, .ofs_x = 0, .ofs_y = -3},
    {.bitmap_index = 875, .adv_w = 124, .box_w = 8, .box_h = 7, .ofs_x = 0, .ofs_y = 2},
    {.bitmap_index = 903, .adv_w = 124, .box_w = 8, .box_h = 4, .ofs_x = 0, .ofs_y = 4},
    {.bitmap_index = 919, .adv_w = 124, .box_w = 8, .box_h = 7, .ofs_x = 0, .ofs_y = 2},
    {.bitmap_index = 947, .adv_w = 106, .box_w = 6, .box_h = 11, .ofs_x = 0, .ofs_y = 0},
    {.bitmap_index = 980, .adv_w = 212, .box_w = 13, .box_h = 13, .ofs_x = 0, .ofs_y = -2},
    {.bitmap_index = 1065, .adv_w = 136, .box_w = 9, .box_h = 11, .ofs_x = 0, .ofs_y = 0},
    {.bitmap_index = 1115, .adv_w = 147, .box_w = 8, .box_h = 11, .ofs_x = 1, .ofs_y = 0},
    {.bitmap_index = 1159, .adv_w = 143, .box_w = 9, .box_h = 11, .ofs_x = 0, .ofs_y = 0},
    {.bitmap_index = 1209, .adv_w = 154, .box_w = 8, .box_h = 11, .ofs_x = 1, .ofs_y = 0},
    {.bitmap_index = 1253, .adv_w = 132, .box_w = 7, .box_h = 11, .ofs_x = 1, .ofs_y = 0},
    {.bitmap_index = 1292, .adv_w = 124, .box_w = 7, .box_h = 11, .ofs_x = 1, .ofs_y = 0},
    {.bitmap_index = 1331, .adv_w = 154, .box_w = 9, .box_h = 11, .ofs_x = 0, .ofs_y = 0},
    {.bitmap_index = 1381, .adv_w = 163, .box_w = 8, .box_h = 11, .ofs_x = 1, .ofs_y = 0},
    {.bitmap_index = 1425, .adv_w = 66, .box_w = 2, .box_h = 11, .ofs_x = 1, .ofs_y = 0},
    {.bitmap_index = 1436, .adv_w = 120, .box_w = 7, .box_h = 11, .ofs_x = 0, .ofs_y = 0},
    {.bitmap_index = 1475, .adv_w = 145, .box_w = 8, .box_h = 11, .ofs_x = 1, .ofs_y = 0},
    {.bitmap_index = 1519, .adv_w = 122, .box_w = 7, .box_h = 11, .ofs_x = 1, .ofs_y = 0},
    {.bitmap_index = 1558, .adv_w = 182, .box_w = 9, .box_h = 11, .ofs_x = 1, .ofs_y = 0},
    {.bitmap_index = 1608, .adv_w = 162, .box_w = 8, .box_h = 11, .ofs_x = 1, .ofs_y = 0},
    {.bitmap_index = 1652, .adv_w = 166, .box_w = 10, .box_h = 11, .ofs_x = 0, .ofs_y = 0},
    {.bitmap_index = 1707, .adv_w = 142, .box_w = 8, .box_h = 11, .ofs_x = 1, .ofs_y = 0},
    {.bitmap_index = 1751, .adv_w = 166, .box_w = 10, .box_h = 14, .ofs_x = 0, .ofs_y = -3},
    {.bitmap_index = 1821, .adv_w = 142, .box_w = 8, .box_h = 11, .ofs_x = 1, .ofs_y = 0},
    {.bitmap_index = 1865, .adv_w = 134, .box_w = 8, .box_h = 11, .ofs_x = 0, .ofs_y = 0},
    {.bitmap_index = 1909, .adv_w = 134, .box_w = 8, .box_h = 11, .ofs_x = 0, .ofs_y = 0},
    {.bitmap_index = 1953, .adv_w = 162, .box_w = 8, .box_h = 11, .ofs_x = 1, .ofs_y = 0},
    {.bitmap_index = 1997, .adv_w = 129, .box_w = 9, .box_h = 11, .ofs_x = 0, .ofs_y = 0},
    {.bitmap_index = 2047, .adv_w = 197, .box_w = 12, .box_h = 11, .ofs_x = 0, .ofs_y = 0},
    {.bitmap_index = 2113, .adv_w = 128, .box_w = 8, .box_h = 11, .ofs_x = 0, .ofs_y = 0},
    {.bitmap_index = 2157, .adv_w = 119, .box_w = 9, .box_h = 11, .ofs_x = -1, .ofs_y = 0},
    {.bitmap_index = 2207, .adv_w = 135, .box_w = 8, .box_h = 11, .ofs_x = 0, .ofs_y = 0},
    {.bitmap_index = 2251, .adv_w = 76, .box_w = 4, .box_h = 14, .ofs_x = 1, .ofs_y = -3},
    {.bitmap_index = 2279, .adv_w = 88, .box_w = 6, .box_h = 14, .ofs_x = 0, .ofs_y = -3},
    {.bitmap_index = 2321, .adv_w = 76, .box_w = 4, .box_h = 14, .ofs_x = 0, .ofs_y = -3},
    {.bitmap_index = 2349, .adv_w = 124, .box_w = 7, .box_h = 6, .ofs_x = 0, .ofs_y = 5},
    {.bitmap_index = 2370, .adv_w = 125, .box_w = 8, .box_h = 1, .ofs_x = 0, .ofs_y = -2},
    {.bitmap_index = 2374, .adv_w = 136, .box_w = 4, .box_h = 4, .ofs_x = 2, .ofs_y = 9},
    {.bitmap_index = 2382, .adv_w = 126, .box_w = 7, .box_h = 8, .ofs_x = 0, .ofs_y = 0},
    {.bitmap_index = 2410, .adv_w = 138, .box_w = 7, .box_h = 11, .ofs_x = 1, .ofs_y = 0},
    {.bitmap_index = 2449, .adv_w = 114, .box_w = 7, .box_h = 8, .ofs_x = 0, .ofs_y = 0},
    {.bitmap_index = 2477, .adv_w = 139, .box_w = 8, .box_h = 11, .ofs_x = 0, .ofs_y = 0},
    {.bitmap_index = 2521, .adv_w = 124, .box_w = 8, .box_h = 8, .ofs_x = 0, .ofs_y = 0},
    {.bitmap_index = 2553, .adv_w = 73, .box_w = 5, .box_h = 11, .ofs_x = 0, .ofs_y = 0},
    {.bitmap_index = 2581, .adv_w = 126, .box_w = 8, .box_h = 11, .ofs_x = 0, .ofs_y = -3},
    {.bitmap_index = 2625, .adv_w = 136, .box_w = 7, .box_h = 11, .ofs_x = 1, .ofs_y = 0},
    {.bitmap_index = 2664, .adv_w = 62, .box_w = 2, .box_h = 11, .ofs_x = 1, .ofs_y = 0},
    {.bitmap_index = 2675, .adv_w = 62, .box_w = 4, .box_h = 14, .ofs_x = -1, .ofs_y = -3},
    {.bitmap_index = 2703, .adv_w = 124, .box_w = 7, .box_h = 11, .ofs_x = 1, .ofs_y = 0},
    {.bitmap_index = 2742, .adv_w = 64, .box_w = 3, .box_h = 11, .ofs_x = 1, .ofs_y = 0},
    {.bitmap_index = 2759, .adv_w = 207, .box_w = 11, .box_h = 8, .ofs_x = 1, .ofs_y = 0},
    {.bitmap_index = 2803, .adv_w = 137, .box_w = 7, .box_h = 8, .ofs_x = 1, .ofs_y = 0},
    {.bitmap_index = 2831, .adv_w = 136, .box_w = 8, .box_h = 8, .ofs_x = 0, .ofs_y = 0},
    {.bitmap_index = 2863, .adv_w = 139, .box_w = 7, .box_h = 11, .ofs_x = 1, .ofs_y = -3},
    {.bitmap_index = 2902, .adv_w = 139, .box_w = 8, .box_h = 11, .ofs_x = 0, .ofs_y = -3},
    {.bitmap_index = 2946, .adv_w = 87, .box_w = 5, .box_h = 9, .ofs_x = 1, .ofs_y = 0},
    {.bitmap_index = 2969, .adv_w = 105, .box_w = 7, .box_h = 8, .ofs_x = 0, .ofs_y = 0},
    {.bitmap_index = 2997, .adv_w = 84, .box_w = 6, .box_h = 10, .ofs_x = 0, .ofs_y = 0},
    {.bitmap_index = 3027, .adv_w = 136, .box_w = 7, .box_h = 8, .ofs_x = 1, .ofs_y = 0},
    {.bitmap_index = 3055, .adv_w = 117, .box_w = 8, .box_h = 8, .ofs_x = 0, .ofs_y = 0},
    {.bitmap_index = 3087, .adv_w = 180, .box_w = 11, .box_h = 8, .ofs_x = 0, .ofs_y = 0},
    {.bitmap_index = 3131, .adv_w = 112, .box_w = 7, .box_h = 8, .ofs_x = 0, .ofs_y = 0},
    {.bitmap_index = 3159, .adv_w = 117, .box_w = 8, .box_h = 11, .ofs_x = 0, .ofs_y = -3},
    {.bitmap_index = 3203, .adv_w = 106, .box_w = 7, .box_h = 8, .ofs_x = 0, .ofs_y = 0},
    {.bitmap_index = 3231, .adv_w = 76, .box_w = 5, .box_h = 14, .ofs_x = 0, .ofs_y = -3},
    {.bitmap_index = 3266, .adv_w = 60, .box_w = 2, .box_h = 16, .ofs_x = 1, .ofs_y = -4},
    {.bitmap_index = 3282, .adv_w = 76, .box_w = 5, .box_h = 14, .ofs_x = 0, .ofs_y = -3},
    {.bitmap_index = 3317, .adv_w = 124, .box_w = 8, .box_h = 2, .ofs_x = 0, .ofs_y = 4},
    {.bitmap_index = 3325, .adv_w = 83, .box_w = 5, .box_h = 4, .ofs_x = 0, .ofs_y = 7},
    {.bitmap_index = 3335, .adv_w = 224, .box_w = 4, .box_h = 4, .ofs_x = 5, .ofs_y = 4},
    {.bitmap_index = 3343, .adv_w = 224, .box_w = 10, .box_h = 11, .ofs_x = 2, .ofs_y = 0},
    {.bitmap_index = 3398, .adv_w = 200, .box_w = 12, .box_h = 1, .ofs_x = 0, .ofs_y = 4},
    {.bitmap_index = 3404, .adv_w = 224, .box_w = 14, .box_h = 12, .ofs_x = 0, .ofs_y = -1},
    {.bitmap_index = 3488, .adv_w = 224, .box_w = 14, .box_h = 13, .ofs_x = 0, .ofs_y = -1},
    {.bitmap_index = 3579, .adv_w = 224, .box_w = 14, .box_h = 13, .ofs_x = 0, .ofs_y = -1},
    {.bitmap_index = 3670, .adv_w = 224, .box_w = 14, .box_h = 13, .ofs_x = 0, .ofs_y = -1},
    {.bitmap_index = 3761, .adv_w = 224, .box_w = 14, .box_h = 13, .ofs_x = 0, .ofs_y = -1},
    {.bitmap_index = 3852, .adv_w = 224, .box_w = 5, .box_h = 5, .ofs_x = 0, .ofs_y = -1},
    {.bitmap_index = 3865, .adv_w = 224, .box_w = 5, .box_h = 5, .ofs_x = 0, .ofs_y = -1},
    {.bitmap_index = 3878, .adv_w = 224, .box_w = 14, .box_h = 3, .ofs_x = 0, .ofs_y = 4},
    {.bitmap_index = 3899, .adv_w = 224, .box_w = 14, .box_h = 13, .ofs_x = 0, .ofs_y = -2},
    {.bitmap_index = 3990, .adv_w = 224, .box_w = 14, .box_h = 13, .ofs_x = 0, .ofs_y = -1},
    {.bitmap_index = 4081, .adv_w = 224, .box_w = 14, .box_h = 13, .ofs_x = 0, .ofs_y = -2},
    {.bitmap_index = 4172, .adv_w = 224, .box_w = 14, .box_h = 12, .ofs_x = 0, .ofs_y = -1},
    {.bitmap_index = 4256, .adv_w = 224, .box_w = 14, .box_h = 13, .ofs_x = 0, .ofs_y = -1},
    {.bitmap_index = 4347, .adv_w = 224, .box_w = 14, .box_h = 12, .ofs_x = 0, .ofs_y = -1},
    {.bitmap_index = 4431, .adv_w = 224, .box_w = 14, .box_h = 12, .ofs_x = 0, .ofs_y = -1},
    {.bitmap_index = 4515, .adv_w = 224, .box_w = 13, .box_h = 14, .ofs_x = 0, .ofs_y = -2},
    {.bitmap_index = 4606, .adv_w = 224, .box_w = 13, .box_h = 14, .ofs_x = 0, .ofs_y = -2},
    {.bitmap_index = 4697, .adv_w = 224, .box_w = 14, .box_h = 13, .ofs_x = 0, .ofs_y = -1},
    {.bitmap_index = 4788, .adv_w = 224, .box_w = 14, .box_h = 13, .ofs_x = 0, .ofs_y = -1},
    {.bitmap_index = 4879, .adv_w = 224, .box_w = 13, .box_h = 13, .ofs_x = 1, .ofs_y = -1},
    {.bitmap_index = 4964, .adv_w = 224, .box_w = 14, .box_h = 13, .ofs_x = 0, .ofs_y = -1},
    {.bitmap_index = 5055, .adv_w = 224, .box_w = 13, .box_h = 12, .ofs_x = 0, .ofs_y = -1},
    {.bitmap_index = 5133, .adv_w = 224, .box_w = 14, .box_h = 13, .ofs_x = 0, .ofs_y = -1},
    {.bitmap_index = 5224, .adv_w = 224, .box_w = 12, .box_h = 13, .ofs_x = 1, .ofs_y = -1},
    {.bitmap_index = 5302, .adv_w = 224, .box_w = 14, .box_h = 13, .ofs_x = 0, .ofs_y = -1},
    {.bitmap_index = 5393, .adv_w = 224, .box_w = 12, .box_h = 13, .ofs_x = 1, .ofs_y = -1},
    {.bitmap_index = 5471, .adv_w = 224, .box_w = 14, .box_h = 14, .ofs_x = 0, .ofs_y = -2},
    {.bitmap_index = 5569, .adv_w = 224, .box_w = 13, .box_h = 14, .ofs_x = 0, .ofs_y = -2},
    {.bitmap_index = 5660, .adv_w = 224, .box_w = 14, .box_h = 13, .ofs_x = 0, .ofs_y = -1},
    {.bitmap_index = 5751, .adv_w = 224, .box_w = 14, .box_h = 14, .ofs_x = 0, .ofs_y = -2},
    {.bitmap_index = 5849, .adv_w = 224, .box_w = 14, .box_h = 14, .ofs_x = 0, .ofs_y = -2},
    {.bitmap_index = 5947, .adv_w = 224, .box_w = 14, .box_h = 14, .ofs_x = 0, .ofs_y = -2},
    {.bitmap_index = 6045, .adv_w = 224, .box_w = 14, .box_h = 14, .ofs_x = 0, .ofs_y = -2},
    {.bitmap_index = 6143, .adv_w = 224, .box_w = 12, .box_h = 14, .ofs_x = 1, .ofs_y = -2},
    {.bitmap_index = 6227, .adv_w = 224, .box_w = 14, .box_h = 14, .ofs_x = 0, .ofs_y = -2},
    {.bitmap_index = 6325, .adv_w = 224, .box_w = 12, .box_h = 13, .ofs_x = 1, .ofs_y = -2},
    {.bitmap_index = 6403, .adv_w = 224, .box_w = 14, .box_h = 10, .ofs_x = 0, .ofs_y = 0},
    {.bitmap_index = 6473, .adv_w = 224, .box_w = 14, .box_h = 13, .ofs_x = 0, .ofs_y = -2},
    {.bitmap_index = 6564, .adv_w = 224, .box_w = 14, .box_h = 12, .ofs_x = 0, .ofs_y = -1},
    {.bitmap_index = 6648, .adv_w = 224, .box_w = 14, .box_h = 12, .ofs_x = 0, .ofs_y = -1},
    {.bitmap_index = 6732, .adv_w = 224, .box_w = 14, .box_h = 12, .ofs_x = 0, .ofs_y = -1},
    {.bitmap_index = 6816, .adv_w = 224, .box_w = 14, .box_h = 14, .ofs_x = 0, .ofs_y = -1},
    {.bitmap_index = 6914, .adv_w = 224, .box_w = 13, .box_h = 14, .ofs_x = 0, .ofs_y = -2},
    {.bitmap_index = 7005, .adv_w = 224, .box_w = 14, .box_h = 14, .ofs_x = 0, .ofs_y = -2},
    {.bitmap_index = 7103, .adv_w = 224, .box_w = 14, .box_h = 14, .ofs_x = 0, .ofs_y = -2},
    {.bitmap_index = 7201, .adv_w = 224, .box_w = 14, .box_h = 13, .ofs_x = 0, .ofs_y = -1},
    {.bitmap_index = 7292, .adv_w = 224, .box_w = 14, .box_h = 13, .ofs_x = 0, .ofs_y = -1},
    {.bitmap_index = 7383, .adv_w = 224, .box_w = 14, .box_h = 15, .ofs_x = 0, .ofs_y = -2},
    {.bitmap_index = 7488, .adv_w = 224, .box_w = 14, .box_h = 13, .ofs_x = 0, .ofs_y = -1},
    {.bitmap_index = 7579, .adv_w = 224, .box_w = 14, .box_h = 14, .ofs_x = 0, .ofs_y = -2},
    {.bitmap_index = 7677, .adv_w = 224, .box_w = 14, .box_h = 13, .ofs_x = 0, .ofs_y = -1},
    {.bitmap_index = 7768, .adv_w = 224, .box_w = 13, .box_h = 14, .ofs_x = 1, .ofs_y = -2},
    {.bitmap_index = 7859, .adv_w = 224, .box_w = 14, .box_h = 13, .ofs_x = 0, .ofs_y = -1},
    {.bitmap_index = 7950, .adv_w = 224, .box_w = 14, .box_h = 14, .ofs_x = 0, .ofs_y = -2},
    {.bitmap_index = 8048, .adv_w = 224, .box_w = 14, .box_h = 14, .ofs_x = 0, .ofs_y = -1},
    {.bitmap_index = 8146, .adv_w = 224, .box_w = 14, .box_h = 14, .ofs_x = 0, .ofs_y = -2},
    {.bitmap_index = 8244, .adv_w = 224, .box_w = 14, .box_h = 14, .ofs_x = 0, .ofs_y = -2},
    {.bitmap_index = 8342, .adv_w = 224, .box_w = 14, .box_h = 14, .ofs_x = 0, .ofs_y = -2},
    {.bitmap_index = 8440, .adv_w = 224, .box_w = 14, .box_h = 13, .ofs_x = 0, .ofs_y = -1},
    {.bitmap_index = 8531, .adv_w = 224, .box_w = 14, .box_h = 13, .ofs_x = 0, .ofs_y = -1},
    {.bitmap_index = 8622, .adv_w = 224, .box_w = 14, .box_h = 13, .ofs_x = 0, .ofs_y = -1},
    {.bitmap_index = 8713, .adv_w = 224, .box_w = 14, .box_h = 13, .ofs_x = 0, .ofs_y = -1},
    {.bitmap_index = 8804, .adv_w = 224, .box_w = 14, .box_h = 14, .ofs_x = 0, .ofs_y = -2},
    {.bitmap_index = 8902, .adv_w = 224, .box_w = 14, .box_h = 15, .ofs_x = 0, .ofs_y = -2},
    {.bitmap_index = 9007, .adv_w = 224, .box_w = 14, .box_h = 13, .ofs_x = 0, .ofs_y = -1},
    {.bitmap_index = 9098, .adv_w = 224, .box_w = 14, .box_h = 13, .ofs_x = 0, .ofs_y = -1},
    {.bitmap_index = 9189, .adv_w = 224, .box_w = 14, .box_h = 13, .ofs_x = 0, .ofs_y = -1},
    {.bitmap_index = 9280, .adv_w = 224, .box_w = 13, .box_h = 14, .ofs_x = 0, .ofs_y = -2},
    {.bitmap_index = 9371, .adv_w = 224, .box_w = 14, .box_h = 15, .ofs_x = 0, .ofs_y = -2},
    {.bitmap_index = 9476, .adv_w = 224, .box_w = 14, .box_h = 14, .ofs_x = 0, .ofs_y = -2},
    {.bitmap_index = 9574, .adv_w = 224, .box_w = 14, .box_h = 13, .ofs_x = 0, .ofs_y = -1},
    {.bitmap_index = 9665, .adv_w = 224, .box_w = 13, .box_h = 14, .ofs_x = 0, .ofs_y = -2},
    {.bitmap_index = 9756, .adv_w = 224, .box_w = 14, .box_h = 13, .ofs_x = 0, .ofs_y = -1},
    {.bitmap_index = 9847, .adv_w = 224, .box_w = 14, .box_h = 15, .ofs_x = 0, .ofs_y = -2},
    {.bitmap_index = 9952, .adv_w = 224, .box_w = 14, .box_h = 14, .ofs_x = 0, .ofs_y = -2},
    {.bitmap_index = 10050, .adv_w = 224, .box_w = 14, .box_h = 15, .ofs_x = 0, .ofs_y = -2},
    {.bitmap_index = 10155, .adv_w = 224, .box_w = 14, .box_h = 14, .ofs_x = 0, .ofs_y = -2},
    {.bitmap_index = 10253, .adv_w = 224, .box_w = 14, .box_h = 13, .ofs_x = 0, .ofs_y = -2},
    {.bitmap_index = 10344, .adv_w = 224, .box_w = 14, .box_h = 15, .ofs_x = 0, .ofs_y = -2},
    {.bitmap_index = 10449, .adv_w = 224, .box_w = 14, .box_h = 14, .ofs_x = 0, .ofs_y = -2},
    {.bitmap_index = 10547, .adv_w = 224, .box_w = 14, .box_h = 14, .ofs_x = 0, .ofs_y = -2},
    {.bitmap_index = 10645, .adv_w = 224, .box_w = 13, .box_h = 14, .ofs_x = 1, .ofs_y = -2},
    {.bitmap_index = 10736, .adv_w = 224, .box_w = 14, .box_h = 14, .ofs_x = 0, .ofs_y = -2},
    {.bitmap_index = 10834, .adv_w = 224, .box_w = 14, .box_h = 13, .ofs_x = 0, .ofs_y = -1},
    {.bitmap_index = 10925, .adv_w = 224, .box_w = 14, .box_h = 13, .ofs_x = 0, .ofs_y = -2},
    {.bitmap_index = 11016, .adv_w = 224, .box_w = 14, .box_h = 14, .ofs_x = 0, .ofs_y = -2},
    {.bitmap_index = 11114, .adv_w = 224, .box_w = 14, .box_h = 13, .ofs_x = 0, .ofs_y = -1},
    {.bitmap_index = 11205, .adv_w = 224, .box_w = 14, .box_h = 13, .ofs_x = 0, .ofs_y = -1},
    {.bitmap_index = 11296, .adv_w = 224, .box_w = 14, .box_h = 14, .ofs_x = 0, .ofs_y = -2},
    {.bitmap_index = 11394, .adv_w = 224, .box_w = 14, .box_h = 14, .ofs_x = 0, .ofs_y = -2},
    {.bitmap_index = 11492, .adv_w = 224, .box_w = 14, .box_h = 13, .ofs_x = 0, .ofs_y = -2},
    {.bitmap_index = 11583, .adv_w = 224, .box_w = 14, .box_h = 15, .ofs_x = 0, .ofs_y = -2},
    {.bitmap_index = 11688, .adv_w = 224, .box_w = 14, .box_h = 14, .ofs_x = 0, .ofs_y = -2},
    {.bitmap_index = 11786, .adv_w = 224, .box_w = 12, .box_h = 13, .ofs_x = 1, .ofs_y = -1},
    {.bitmap_index = 11864, .adv_w = 224, .box_w = 14, .box_h = 13, .ofs_x = 0, .ofs_y = -2},
    {.bitmap_index = 11955, .adv_w = 224, .box_w = 12, .box_h = 13, .ofs_x = 1, .ofs_y = -2},
    {.bitmap_index = 12033, .adv_w = 224, .box_w = 14, .box_h = 14, .ofs_x = 0, .ofs_y = -2},
    {.bitmap_index = 12131, .adv_w = 224, .box_w = 14, .box_h = 14, .ofs_x = 0, .ofs_y = -2},
    {.bitmap_index = 12229, .adv_w = 224, .box_w = 14, .box_h = 13, .ofs_x = 0, .ofs_y = -1},
    {.bitmap_index = 12320, .adv_w = 224, .box_w = 14, .box_h = 13, .ofs_x = 0, .ofs_y = -1},
    {.bitmap_index = 12411, .adv_w = 224, .box_w = 14, .box_h = 14, .ofs_x = 0, .ofs_y = -2},
    {.bitmap_index = 12509, .adv_w = 224, .box_w = 14, .box_h = 14, .ofs_x = 0, .ofs_y = -2},
    {.bitmap_index = 12607, .adv_w = 224, .box_w = 14, .box_h = 14, .ofs_x = 0, .ofs_y = -2},
    {.bitmap_index = 12705, .adv_w = 224, .box_w = 14, .box_h = 13, .ofs_x = 0, .ofs_y = -1},
    {.bitmap_index = 12796, .adv_w = 224, .box_w = 14, .box_h = 14, .ofs_x = 0, .ofs_y = -2},
    {.bitmap_index = 12894, .adv_w = 224, .box_w = 14, .box_h = 15, .ofs_x = 0, .ofs_y = -2},
    {.bitmap_index = 12999, .adv_w = 224, .box_w = 14, .box_h = 13, .ofs_x = 0, .ofs_y = -2},
    {.bitmap_index = 13090, .adv_w = 224, .box_w = 14, .box_h = 13, .ofs_x = 0, .ofs_y = -2},
    {.bitmap_index = 13181, .adv_w = 224, .box_w = 14, .box_h = 13, .ofs_x = 0, .ofs_y = -2},
    {.bitmap_index = 13272, .adv_w = 224, .box_w = 12, .box_h = 12, .ofs_x = 1, .ofs_y = -1},
    {.bitmap_index = 13344, .adv_w = 224, .box_w = 12, .box_h = 13, .ofs_x = 1, .ofs_y = -1},
    {.bitmap_index = 13422, .adv_w = 224, .box_w = 13, .box_h = 13, .ofs_x = 0, .ofs_y = -2},
    {.bitmap_index = 13507, .adv_w = 224, .box_w = 14, .box_h = 14, .ofs_x = 0, .ofs_y = -2},
    {.bitmap_index = 13605, .adv_w = 224, .box_w = 14, .box_h = 13, .ofs_x = 0, .ofs_y = -2},
    {.bitmap_index = 13696, .adv_w = 224, .box_w = 14, .box_h = 14, .ofs_x = 0, .ofs_y = -2},
    {.bitmap_index = 13794, .adv_w = 224, .box_w = 13, .box_h = 14, .ofs_x = 0, .ofs_y = -2},
    {.bitmap_index = 13885, .adv_w = 224, .box_w = 13, .box_h = 14, .ofs_x = 0, .ofs_y = -2},
    {.bitmap_index = 13976, .adv_w = 224, .box_w = 13, .box_h = 13, .ofs_x = 0, .ofs_y = -1},
    {.bitmap_index = 14061, .adv_w = 224, .box_w = 13, .box_h = 15, .ofs_x = 0, .ofs_y = -2},
    {.bitmap_index = 14159, .adv_w = 224, .box_w = 14, .box_h = 15, .ofs_x = 0, .ofs_y = -2},
    {.bitmap_index = 14264, .adv_w = 224, .box_w = 13, .box_h = 13, .ofs_x = 0, .ofs_y = -1},
    {.bitmap_index = 14349, .adv_w = 224, .box_w = 14, .box_h = 15, .ofs_x = 0, .ofs_y = -2},
    {.bitmap_index = 14454, .adv_w = 224, .box_w = 14, .box_h = 14, .ofs_x = 0, .ofs_y = -2},
    {.bitmap_index = 14552, .adv_w = 224, .box_w = 13, .box_h = 14, .ofs_x = 0, .ofs_y = -2},
    {.bitmap_index = 14643, .adv_w = 224, .box_w = 14, .box_h = 14, .ofs_x = 0, .ofs_y = -2},
    {.bitmap_index = 14741, .adv_w = 224, .box_w = 14, .box_h = 14, .ofs_x = 0, .ofs_y = -2},
    {.bitmap_index = 14839, .adv_w = 224, .box_w = 13, .box_h = 14, .ofs_x = 0, .ofs_y = -2},
    {.bitmap_index = 14930, .adv_w = 224, .box_w = 13, .box_h = 14, .ofs_x = 0, .ofs_y = -2},
    {.bitmap_index = 15021, .adv_w = 224, .box_w = 13, .box_h = 14, .ofs_x = 0, .ofs_y = -2},
    {.bitmap_index = 15112, .adv_w = 224, .box_w = 14, .box_h = 13, .ofs_x = 0, .ofs_y = -1},
    {.bitmap_index = 15203, .adv_w = 224, .box_w = 14, .box_h = 14, .ofs_x = 0, .ofs_y = -1},
    {.bitmap_index = 15301, .adv_w = 224, .box_w = 14, .box_h = 14, .ofs_x = 0, .ofs_y = -1},
    {.bitmap_index = 15399, .adv_w = 224, .box_w = 13, .box_h = 12, .ofs_x = 1, .ofs_y = -1},
    {.bitmap_index = 15477, .adv_w = 224, .box_w = 14, .box_h = 13, .ofs_x = 0, .ofs_y = -1},
    {.bitmap_index = 15568, .adv_w = 224, .box_w = 14, .box_h = 13, .ofs_x = 0, .ofs_y = -1},
    {.bitmap_index = 15659, .adv_w = 224, .box_w = 14, .box_h = 14, .ofs_x = 0, .ofs_y = -2},
    {.bitmap_index = 15757, .adv_w = 224, .box_w = 14, .box_h = 13, .ofs_x = 0, .ofs_y = -1},
    {.bitmap_index = 15848, .adv_w = 224, .box_w = 14, .box_h = 14, .ofs_x = 0, .ofs_y = -1},
    {.bitmap_index = 15946, .adv_w = 224, .box_w = 14, .box_h = 13, .ofs_x = 0, .ofs_y = -1},
    {.bitmap_index = 16037, .adv_w = 224, .box_w = 13, .box_h = 14, .ofs_x = 1, .ofs_y = -2},
    {.bitmap_index = 16128, .adv_w = 224, .box_w = 14, .box_h = 14, .ofs_x = 0, .ofs_y = -1},
    {.bitmap_index = 16226, .adv_w = 224, .box_w = 8, .box_h = 13, .ofs_x = 5, .ofs_y = -1},
    {.bitmap_index = 16278, .adv_w = 224, .box_w = 14, .box_h = 13, .ofs_x = 0, .ofs_y = -1},
    {.bitmap_index = 16369, .adv_w = 224, .box_w = 13, .box_h = 14, .ofs_x = 1, .ofs_y = -2},
    {.bitmap_index = 16460, .adv_w = 224, .box_w = 13, .box_h = 12, .ofs_x = 1, .ofs_y = -1},
    {.bitmap_index = 16538, .adv_w = 224, .box_w = 14, .box_h = 13, .ofs_x = 0, .ofs_y = -1},
    {.bitmap_index = 16629, .adv_w = 224, .box_w = 14, .box_h = 13, .ofs_x = 0, .ofs_y = -1},
    {.bitmap_index = 16720, .adv_w = 224, .box_w = 14, .box_h = 13, .ofs_x = 0, .ofs_y = -2},
    {.bitmap_index = 16811, .adv_w = 224, .box_w = 14, .box_h = 12, .ofs_x = 0, .ofs_y = -1},
    {.bitmap_index = 16895, .adv_w = 224, .box_w = 14, .box_h = 12, .ofs_x = 0, .ofs_y = -1},
    {.bitmap_index = 16979, .adv_w = 224, .box_w = 14, .box_h = 13, .ofs_x = 0, .ofs_y = -2},
    {.bitmap_index = 17070, .adv_w = 224, .box_w = 14, .box_h = 12, .ofs_x = 0, .ofs_y = -1},
    {.bitmap_index = 17154, .adv_w = 224, .box_w = 14, .box_h = 13, .ofs_x = 0, .ofs_y = -2},
    {.bitmap_index = 17245, .adv_w = 224, .box_w = 14, .box_h = 13, .ofs_x = 0, .ofs_y = -1},
    {.bitmap_index = 17336, .adv_w = 224, .box_w = 14, .box_h = 12, .ofs_x = 0, .ofs_y = -1},
    {.bitmap_index = 17420, .adv_w = 224, .box_w = 14, .box_h = 15, .ofs_x = 0, .ofs_y = -2},
    {.bitmap_index = 17525, .adv_w = 224, .box_w = 14, .box_h = 13, .ofs_x = 0, .ofs_y = -2},
    {.bitmap_index = 17616, .adv_w = 224, .box_w = 14, .box_h = 13, .ofs_x = 0, .ofs_y = -1},
    {.bitmap_index = 17707, .adv_w = 224, .box_w = 14, .box_h = 12, .ofs_x = 0, .ofs_y = -1},
    {.bitmap_index = 17791, .adv_w = 224, .box_w = 14, .box_h = 15, .ofs_x = 0, .ofs_y = -2},
    {.bitmap_index = 17896, .adv_w = 224, .box_w = 14, .box_h = 13, .ofs_x = 0, .ofs_y = -2},
    {.bitmap_index = 17987, .adv_w = 224, .box_w = 14, .box_h = 14, .ofs_x = 0, .ofs_y = -2},
    {.bitmap_index = 18085, .adv_w = 224, .box_w = 14, .box_h = 13, .ofs_x = 0, .ofs_y = -1},
    {.bitmap_index = 18176, .adv_w = 224, .box_w = 12, .box_h = 13, .ofs_x = 1, .ofs_y = -2},
    {.bitmap_index = 18254, .adv_w = 224, .box_w = 13, .box_h = 14, .ofs_x = 1, .ofs_y = -2},
    {.bitmap_index = 18345, .adv_w = 224, .box_w = 14, .box_h = 13, .ofs_x = 0, .ofs_y = -2},
    {.bitmap_index = 18436, .adv_w = 224, .box_w = 13, .box_h = 13, .ofs_x = 0, .ofs_y = -2},
    {.bitmap_index = 18521, .adv_w = 224, .box_w = 12, .box_h = 14, .ofs_x = 1, .ofs_y = -2},
    {.bitmap_index = 18605, .adv_w = 224, .box_w = 14, .box_h = 14, .ofs_x = 0, .ofs_y = -2},
    {.bitmap_index = 18703, .adv_w = 224, .box_w = 13, .box_h = 13, .ofs_x = 1, .ofs_y = -1},
    {.bitmap_index = 18788, .adv_w = 224, .box_w = 14, .box_h = 14, .ofs_x = 0, .ofs_y = -2},
    {.bitmap_index = 18886, .adv_w = 224, .box_w = 14, .box_h = 14, .ofs_x = 0, .ofs_y = -2},
    {.bitmap_index = 18984, .adv_w = 224, .box_w = 13, .box_h = 13, .ofs_x = 0, .ofs_y = -1},
    {.bitmap_index = 19069, .adv_w = 224, .box_w = 12, .box_h = 12, .ofs_x = 1, .ofs_y = -1},
    {.bitmap_index = 19141, .adv_w = 224, .box_w = 12, .box_h = 13, .ofs_x = 0, .ofs_y = -1},
    {.bitmap_index = 19219, .adv_w = 224, .box_w = 14, .box_h = 14, .ofs_x = 0, .ofs_y = -2},
    {.bitmap_index = 19317, .adv_w = 224, .box_w = 12, .box_h = 13, .ofs_x = 1, .ofs_y = -1},
    {.bitmap_index = 19395, .adv_w = 224, .box_w = 14, .box_h = 14, .ofs_x = 0, .ofs_y = -2},
    {.bitmap_index = 19493, .adv_w = 224, .box_w = 13, .box_h = 13, .ofs_x = 0, .ofs_y = -1},
    {.bitmap_index = 19578, .adv_w = 224, .box_w = 14, .box_h = 13, .ofs_x = 0, .ofs_y = -2},
    {.bitmap_index = 19669, .adv_w = 224, .box_w = 13, .box_h = 14, .ofs_x = 1, .ofs_y = -2},
    {.bitmap_index = 19760, .adv_w = 224, .box_w = 13, .box_h = 12, .ofs_x = 1, .ofs_y = -1},
    {.bitmap_index = 19838, .adv_w = 224, .box_w = 13, .box_h = 13, .ofs_x = 1, .ofs_y = -2},
    {.bitmap_index = 19923, .adv_w = 224, .box_w = 13, .box_h = 13, .ofs_x = 1, .ofs_y = -1},
    {.bitmap_index = 20008, .adv_w = 224, .box_w = 13, .box_h = 13, .ofs_x = 0, .ofs_y = -1},
    {.bitmap_index = 20093, .adv_w = 224, .box_w = 13, .box_h = 13, .ofs_x = 1, .ofs_y = -1},
    {.bitmap_index = 20178, .adv_w = 224, .box_w = 12, .box_h = 14, .ofs_x = 1, .ofs_y = -2},
    {.bitmap_index = 20262, .adv_w = 224, .box_w = 14, .box_h = 14, .ofs_x = 0, .ofs_y = -2},
    {.bitmap_index = 20360, .adv_w = 224, .box_w = 13, .box_h = 13, .ofs_x = 1, .ofs_y = -1},
    {.bitmap_index = 20445, .adv_w = 224, .box_w = 13, .box_h = 13, .ofs_x = 0, .ofs_y = -2},
    {.bitmap_index = 20530, .adv_w = 224, .box_w = 13, .box_h = 13, .ofs_x = 1, .ofs_y = -1},
    {.bitmap_index = 20615, .adv_w = 224, .box_w = 13, .box_h = 13, .ofs_x = 1, .ofs_y = -2},
    {.bitmap_index = 20700, .adv_w = 224, .box_w = 13, .box_h = 14, .ofs_x = 1, .ofs_y = -2},
    {.bitmap_index = 20791, .adv_w = 224, .box_w = 13, .box_h = 13, .ofs_x = 0, .ofs_y = -1},
    {.bitmap_index = 20876, .adv_w = 224, .box_w = 14, .box_h = 13, .ofs_x = 0, .ofs_y = -1},
    {.bitmap_index = 20967, .adv_w = 224, .box_w = 13, .box_h = 13, .ofs_x = 1, .ofs_y = -1},
    {.bitmap_index = 21052, .adv_w = 224, .box_w = 13, .box_h = 14, .ofs_x = 1, .ofs_y = -2},
    {.bitmap_index = 21143, .adv_w = 224, .box_w = 13, .box_h = 14, .ofs_x = 1, .ofs_y = -2},
    {.bitmap_index = 21234, .adv_w = 224, .box_w = 14, .box_h = 14, .ofs_x = 0, .ofs_y = -2},
    {.bitmap_index = 21332, .adv_w = 224, .box_w = 13, .box_h = 13, .ofs_x = 1, .ofs_y = -2},
    {.bitmap_index = 21417, .adv_w = 224, .box_w = 13, .box_h = 14, .ofs_x = 1, .ofs_y = -2},
    {.bitmap_index = 21508, .adv_w = 224, .box_w = 14, .box_h = 14, .ofs_x = 0, .ofs_y = -2},
    {.bitmap_index = 21606, .adv_w = 224, .box_w = 14, .box_h = 13, .ofs_x = 0, .ofs_y = -2},
    {.bitmap_index = 21697, .adv_w = 224, .box_w = 13, .box_h = 12, .ofs_x = 1, .ofs_y = -1},
    {.bitmap_index = 21775, .adv_w = 224, .box_w = 13, .box_h = 12, .ofs_x = 0, .ofs_y = -1},
    {.bitmap_index = 21853, .adv_w = 224, .box_w = 12, .box_h = 12, .ofs_x = 1, .ofs_y = -1},
    {.bitmap_index = 21925, .adv_w = 224, .box_w = 13, .box_h = 12, .ofs_x = 1, .ofs_y = -1},
    {.bitmap_index = 22003, .adv_w = 224, .box_w = 13, .box_h = 12, .ofs_x = 0, .ofs_y = -1},
    {.bitmap_index = 22081, .adv_w = 224, .box_w = 13, .box_h = 12, .ofs_x = 1, .ofs_y = -1},
    {.bitmap_index = 22159, .adv_w = 224, .box_w = 13, .box_h = 12, .ofs_x = 1, .ofs_y = -1},
    {.bitmap_index = 22237, .adv_w = 224, .box_w = 13, .box_h = 12, .ofs_x = 0, .ofs_y = -1},
    {.bitmap_index = 22315, .adv_w = 224, .box_w = 12, .box_h = 12, .ofs_x = 1, .ofs_y = -1},
    {.bitmap_index = 22387, .adv_w = 224, .box_w = 14, .box_h = 13, .ofs_x = 0, .ofs_y = -1},
    {.bitmap_index = 22478, .adv_w = 224, .box_w = 14, .box_h = 13, .ofs_x = 0, .ofs_y = -1},
    {.bitmap_index = 22569, .adv_w = 224, .box_w = 14, .box_h = 13, .ofs_x = 0, .ofs_y = -1},
    {.bitmap_index = 22660, .adv_w = 224, .box_w = 14, .box_h = 13, .ofs_x = 0, .ofs_y = -1},
    {.bitmap_index = 22751, .adv_w = 224, .box_w = 14, .box_h = 13, .ofs_x = 0, .ofs_y = -1},
    {.bitmap_index = 22842, .adv_w = 224, .box_w = 14, .box_h = 14, .ofs_x = 0, .ofs_y = -2},
    {.bitmap_index = 22940, .adv_w = 224, .box_w = 13, .box_h = 15, .ofs_x = 0, .ofs_y = -2},
    {.bitmap_index = 23038, .adv_w = 224, .box_w = 14, .box_h = 14, .ofs_x = 0, .ofs_y = -2},
    {.bitmap_index = 23136, .adv_w = 224, .box_w = 14, .box_h = 14, .ofs_x = 0, .ofs_y = -2},
    {.bitmap_index = 23234, .adv_w = 224, .box_w = 14, .box_h = 13, .ofs_x = 0, .ofs_y = -1},
    {.bitmap_index = 23325, .adv_w = 224, .box_w = 14, .box_h = 13, .ofs_x = 0, .ofs_y = -1},
    {.bitmap_index = 23416, .adv_w = 224, .box_w = 14, .box_h = 13, .ofs_x = 0, .ofs_y = -1},
    {.bitmap_index = 23507, .adv_w = 224, .box_w = 14, .box_h = 14, .ofs_x = 0, .ofs_y = -2},
    {.bitmap_index = 23605, .adv_w = 224, .box_w = 14, .box_h = 14, .ofs_x = 0, .ofs_y = -1},
    {.bitmap_index = 23703, .adv_w = 224, .box_w = 14, .box_h = 13, .ofs_x = 0, .ofs_y = -1},
    {.bitmap_index = 23794, .adv_w = 224, .box_w = 14, .box_h = 13, .ofs_x = 0, .ofs_y = -1},
    {.bitmap_index = 23885, .adv_w = 224, .box_w = 14, .box_h = 13, .ofs_x = 0, .ofs_y = -1},
    {.bitmap_index = 23976, .adv_w = 224, .box_w = 13, .box_h = 14, .ofs_x = 0, .ofs_y = -1},
    {.bitmap_index = 24067, .adv_w = 224, .box_w = 14, .box_h = 14, .ofs_x = 0, .ofs_y = -2},
    {.bitmap_index = 24165, .adv_w = 224, .box_w = 14, .box_h = 14, .ofs_x = 0, .ofs_y = -2},
    {.bitmap_index = 24263, .adv_w = 224, .box_w = 14, .box_h = 15, .ofs_x = 0, .ofs_y = -2},
    {.bitmap_index = 24368, .adv_w = 224, .box_w = 14, .box_h = 13, .ofs_x = 0, .ofs_y = -1},
    {.bitmap_index = 24459, .adv_w = 224, .box_w = 14, .box_h = 14, .ofs_x = 0, .ofs_y = -1},
    {.bitmap_index = 24557, .adv_w = 224, .box_w = 13, .box_h = 13, .ofs_x = 1, .ofs_y = -1},
    {.bitmap_index = 24642, .adv_w = 224, .box_w = 14, .box_h = 13, .ofs_x = 0, .ofs_y = -1},
    {.bitmap_index = 24733, .adv_w = 224, .box_w = 14, .box_h = 13, .ofs_x = 0, .ofs_y = -2},
    {.bitmap_index = 24824, .adv_w = 224, .box_w = 14, .box_h = 14, .ofs_x = 0, .ofs_y = -2},
    {.bitmap_index = 24922, .adv_w = 224, .box_w = 14, .box_h = 13, .ofs_x = 0, .ofs_y = -1},
    {.bitmap_index = 25013, .adv_w = 224, .box_w = 14, .box_h = 14, .ofs_x = 0, .ofs_y = -2},
    {.bitmap_index = 25111, .adv_w = 224, .box_w = 14, .box_h = 14, .ofs_x = 0, .ofs_y = -2},
    {.bitmap_index = 25209, .adv_w = 224, .box_w = 14, .box_h = 14, .ofs_x = 0, .ofs_y = -2},
    {.bitmap_index = 25307, .adv_w = 224, .box_w = 14, .box_h = 14, .ofs_x = 0, .ofs_y = -2},
    {.bitmap_index = 25405, .adv_w = 224, .box_w = 14, .box_h = 14, .ofs_x = 0, .ofs_y = -2},
    {.bitmap_index = 25503, .adv_w = 224, .box_w = 14, .box_h = 14, .ofs_x = 0, .ofs_y = -2},
    {.bitmap_index = 25601, .adv_w = 224, .box_w = 14, .box_h = 15, .ofs_x = 0, .ofs_y = -2},
    {.bitmap_index = 25706, .adv_w = 224, .box_w = 14, .box_h = 15, .ofs_x = 0, .ofs_y = -2},
    {.bitmap_index = 25811, .adv_w = 224, .box_w = 14, .box_h = 15, .ofs_x = 0, .ofs_y = -2},
    {.bitmap_index = 25916, .adv_w = 224, .box_w = 14, .box_h = 15, .ofs_x = 0, .ofs_y = -2},
    {.bitmap_index = 26021, .adv_w = 224, .box_w = 14, .box_h = 14, .ofs_x = 0, .ofs_y = -2},
    {.bitmap_index = 26119, .adv_w = 224, .box_w = 14, .box_h = 15, .ofs_x = 0, .ofs_y = -2},
    {.bitmap_index = 26224, .adv_w = 224, .box_w = 14, .box_h = 14, .ofs_x = 0, .ofs_y = -2},
    {.bitmap_index = 26322, .adv_w = 224, .box_w = 14, .box_h = 15, .ofs_x = 0, .ofs_y = -2},
    {.bitmap_index = 26427, .adv_w = 224, .box_w = 14, .box_h = 13, .ofs_x = 0, .ofs_y = -1},
    {.bitmap_index = 26518, .adv_w = 224, .box_w = 14, .box_h = 14, .ofs_x = 0, .ofs_y = -2},
    {.bitmap_index = 26616, .adv_w = 224, .box_w = 14, .box_h = 14, .ofs_x = 0, .ofs_y = -1},
    {.bitmap_index = 26714, .adv_w = 224, .box_w = 14, .box_h = 13, .ofs_x = 0, .ofs_y = -2},
    {.bitmap_index = 26805, .adv_w = 224, .box_w = 13, .box_h = 14, .ofs_x = 0, .ofs_y = -2},
    {.bitmap_index = 26896, .adv_w = 224, .box_w = 14, .box_h = 14, .ofs_x = 0, .ofs_y = -2},
    {.bitmap_index = 26994, .adv_w = 224, .box_w = 13, .box_h = 15, .ofs_x = 0, .ofs_y = -2},
    {.bitmap_index = 27092, .adv_w = 224, .box_w = 14, .box_h = 14, .ofs_x = 0, .ofs_y = -2},
    {.bitmap_index = 27190, .adv_w = 224, .box_w = 14, .box_h = 14, .ofs_x = 0, .ofs_y = -2},
    {.bitmap_index = 27288, .adv_w = 224, .box_w = 14, .box_h = 13, .ofs_x = 0, .ofs_y = -1},
    {.bitmap_index = 27379, .adv_w = 224, .box_w = 12, .box_h = 13, .ofs_x = 1, .ofs_y = -1},
    {.bitmap_index = 27457, .adv_w = 224, .box_w = 14, .box_h = 14, .ofs_x = 0, .ofs_y = -2},
    {.bitmap_index = 27555, .adv_w = 224, .box_w = 14, .box_h = 13, .ofs_x = 0, .ofs_y = -1},
    {.bitmap_index = 27646, .adv_w = 224, .box_w = 13, .box_h = 13, .ofs_x = 0, .ofs_y = -1},
    {.bitmap_index = 27731, .adv_w = 224, .box_w = 13, .box_h = 13, .ofs_x = 1, .ofs_y = -1},
    {.bitmap_index = 27816, .adv_w = 224, .box_w = 14, .box_h = 15, .ofs_x = 0, .ofs_y = -2},
    {.bitmap_index = 27921, .adv_w = 224, .box_w = 12, .box_h = 14, .ofs_x = 1, .ofs_y = -2},
    {.bitmap_index = 28005, .adv_w = 224, .box_w = 14, .box_h = 14, .ofs_x = 0, .ofs_y = -1},
    {.bitmap_index = 28103, .adv_w = 224, .box_w = 12, .box_h = 13, .ofs_x = 1, .ofs_y = -1},
    {.bitmap_index = 28181, .adv_w = 224, .box_w = 14, .box_h = 15, .ofs_x = 0, .ofs_y = -2},
    {.bitmap_index = 28286, .adv_w = 224, .box_w = 14, .box_h = 14, .ofs_x = 0, .ofs_y = -2},
    {.bitmap_index = 28384, .adv_w = 224, .box_w = 14, .box_h = 15, .ofs_x = 0, .ofs_y = -2},
    {.bitmap_index = 28489, .adv_w = 224, .box_w = 13, .box_h = 15, .ofs_x = 0, .ofs_y = -2},
    {.bitmap_index = 28587, .adv_w = 224, .box_w = 12, .box_h = 14, .ofs_x = 1, .ofs_y = -2},
    {.bitmap_index = 28671, .adv_w = 224, .box_w = 14, .box_h = 15, .ofs_x = 0, .ofs_y = -2},
    {.bitmap_index = 28776, .adv_w = 224, .box_w = 14, .box_h = 14, .ofs_x = 0, .ofs_y = -2},
    {.bitmap_index = 28874, .adv_w = 224, .box_w = 14, .box_h = 15, .ofs_x = 0, .ofs_y = -2},
    {.bitmap_index = 28979, .adv_w = 224, .box_w = 14, .box_h = 13, .ofs_x = 0, .ofs_y = -1},
    {.bitmap_index = 29070, .adv_w = 224, .box_w = 13, .box_h = 14, .ofs_x = 0, .ofs_y = -2},
    {.bitmap_index = 29161, .adv_w = 224, .box_w = 14, .box_h = 14, .ofs_x = 0, .ofs_y = -2},
    {.bitmap_index = 29259, .adv_w = 224, .box_w = 14, .box_h = 14, .ofs_x = 0, .ofs_y = -2},
    {.bitmap_index = 29357, .adv_w = 224, .box_w = 14, .box_h = 13, .ofs_x = 0, .ofs_y = -1},
    {.bitmap_index = 29448, .adv_w = 224, .box_w = 14, .box_h = 13, .ofs_x = 0, .ofs_y = -2},
    {.bitmap_index = 29539, .adv_w = 224, .box_w = 14, .box_h = 13, .ofs_x = 0, .ofs_y = -2},
    {.bitmap_index = 29630, .adv_w = 224, .box_w = 14, .box_h = 13, .ofs_x = 0, .ofs_y = -2},
    {.bitmap_index = 29721, .adv_w = 224, .box_w = 14, .box_h = 12, .ofs_x = 0, .ofs_y = -1},
    {.bitmap_index = 29805, .adv_w = 224, .box_w = 12, .box_h = 13, .ofs_x = 1, .ofs_y = -1},
    {.bitmap_index = 29883, .adv_w = 224, .box_w = 12, .box_h = 14, .ofs_x = 1, .ofs_y = -2},
    {.bitmap_index = 29967, .adv_w = 224, .box_w = 13, .box_h = 15, .ofs_x = 1, .ofs_y = -2},
    {.bitmap_index = 30065, .adv_w = 224, .box_w = 13, .box_h = 14, .ofs_x = 1, .ofs_y = -1},
    {.bitmap_index = 30156, .adv_w = 224, .box_w = 14, .box_h = 14, .ofs_x = 0, .ofs_y = -2},
    {.bitmap_index = 30254, .adv_w = 224, .box_w = 13, .box_h = 14, .ofs_x = 0, .ofs_y = -2},
    {.bitmap_index = 30345, .adv_w = 224, .box_w = 13, .box_h = 15, .ofs_x = 0, .ofs_y = -2},
    {.bitmap_index = 30443, .adv_w = 224, .box_w = 14, .box_h = 12, .ofs_x = 0, .ofs_y = -1},
    {.bitmap_index = 30527, .adv_w = 224, .box_w = 14, .box_h = 13, .ofs_x = 0, .ofs_y = -1},
    {.bitmap_index = 30618, .adv_w = 224, .box_w = 14, .box_h = 13, .ofs_x = 0, .ofs_y = -2},
    {.bitmap_index = 30709, .adv_w = 224, .box_w = 13, .box_h = 12, .ofs_x = 1, .ofs_y = -1},
    {.bitmap_index = 30787, .adv_w = 224, .box_w = 13, .box_h = 12, .ofs_x = 1, .ofs_y = -1},
    {.bitmap_index = 30865, .adv_w = 224, .box_w = 14, .box_h = 13, .ofs_x = 0, .ofs_y = -1},
    {.bitmap_index = 30956, .adv_w = 224, .box_w = 14, .box_h = 13, .ofs_x = 0, .ofs_y = -1},
    {.bitmap_index = 31047, .adv_w = 224, .box_w = 13, .box_h = 14, .ofs_x = 1, .ofs_y = -2},
    {.bitmap_index = 31138, .adv_w = 224, .box_w = 14, .box_h = 13, .ofs_x = 0, .ofs_y = -1},
    {.bitmap_index = 31229, .adv_w = 224, .box_w = 12, .box_h = 13, .ofs_x = 1, .ofs_y = -1},
    {.bitmap_index = 31307, .adv_w = 224, .box_w = 14, .box_h = 12, .ofs_x = 0, .ofs_y = -1},
    {.bitmap_index = 31391, .adv_w = 224, .box_w = 14, .box_h = 13, .ofs_x = 0, .ofs_y = -1},
    {.bitmap_index = 31482, .adv_w = 224, .box_w = 14, .box_h = 13, .ofs_x = 0, .ofs_y = -1},
    {.bitmap_index = 31573, .adv_w = 224, .box_w = 14, .box_h = 14, .ofs_x = 0, .ofs_y = -2},
    {.bitmap_index = 31671, .adv_w = 224, .box_w = 14, .box_h = 14, .ofs_x = 0, .ofs_y = -2},
    {.bitmap_index = 31769, .adv_w = 224, .box_w = 14, .box_h = 14, .ofs_x = 0, .ofs_y = -2},
    {.bitmap_index = 31867, .adv_w = 224, .box_w = 14, .box_h = 14, .ofs_x = 0, .ofs_y = -2},
    {.bitmap_index = 31965, .adv_w = 224, .box_w = 14, .box_h = 13, .ofs_x = 0, .ofs_y = -1},
    {.bitmap_index = 32056, .adv_w = 224, .box_w = 14, .box_h = 14, .ofs_x = 0, .ofs_y = -2},
    {.bitmap_index = 32154, .adv_w = 224, .box_w = 14, .box_h = 13, .ofs_x = 0, .ofs_y = -1},
    {.bitmap_index = 32245, .adv_w = 224, .box_w = 14, .box_h = 14, .ofs_x = 0, .ofs_y = -2},
    {.bitmap_index = 32343, .adv_w = 224, .box_w = 14, .box_h = 14, .ofs_x = 0, .ofs_y = -2},
    {.bitmap_index = 32441, .adv_w = 224, .box_w = 14, .box_h = 14, .ofs_x = 0, .ofs_y = -2},
    {.bitmap_index = 32539, .adv_w = 224, .box_w = 14, .box_h = 13, .ofs_x = 0, .ofs_y = -2},
    {.bitmap_index = 32630, .adv_w = 224, .box_w = 14, .box_h = 13, .ofs_x = 0, .ofs_y = -1},
    {.bitmap_index = 32721, .adv_w = 224, .box_w = 13, .box_h = 14, .ofs_x = 1, .ofs_y = -2},
    {.bitmap_index = 32812, .adv_w = 224, .box_w = 14, .box_h = 14, .ofs_x = 0, .ofs_y = -2},
    {.bitmap_index = 32910, .adv_w = 224, .box_w = 14, .box_h = 14, .ofs_x = 0, .ofs_y = -2},
    {.bitmap_index = 33008, .adv_w = 224, .box_w = 14, .box_h = 14, .ofs_x = 0, .ofs_y = -2},
    {.bitmap_index = 33106, .adv_w = 224, .box_w = 14, .box_h = 13, .ofs_x = 0, .ofs_y = -1},
    {.bitmap_index = 33197, .adv_w = 224, .box_w = 14, .box_h = 14, .ofs_x = 0, .ofs_y = -2},
    {.bitmap_index = 33295, .adv_w = 224, .box_w = 14, .box_h = 14, .ofs_x = 0, .ofs_y = -2},
    {.bitmap_index = 33393, .adv_w = 224, .box_w = 14, .box_h = 13, .ofs_x = 0, .ofs_y = -1},
    {.bitmap_index = 33484, .adv_w = 224, .box_w = 14, .box_h = 14, .ofs_x = 0, .ofs_y = -2},
    {.bitmap_index = 33582, .adv_w = 224, .box_w = 14, .box_h = 14, .ofs_x = 0, .ofs_y = -1},
    {.bitmap_index = 33680, .adv_w = 224, .box_w = 14, .box_h = 14, .ofs_x = 0, .ofs_y = -2},
    {.bitmap_index = 33778, .adv_w = 224, .box_w = 14, .box_h = 13, .ofs_x = 0, .ofs_y = -1},
    {.bitmap_index = 33869, .adv_w = 224, .box_w = 14, .box_h = 13, .ofs_x = 0, .ofs_y = -1},
    {.bitmap_index = 33960, .adv_w = 224, .box_w = 14, .box_h = 14, .ofs_x = 0, .ofs_y = -2},
    {.bitmap_index = 34058, .adv_w = 224, .box_w = 14, .box_h = 13, .ofs_x = 0, .ofs_y = -1},
    {.bitmap_index = 34149, .adv_w = 224, .box_w = 14, .box_h = 13, .ofs_x = 0, .ofs_y = -1},
    {.bitmap_index = 34240, .adv_w = 224, .box_w = 14, .box_h = 12, .ofs_x = 0, .ofs_y = -1},
    {.bitmap_index = 34324, .adv_w = 224, .box_w = 14, .box_h = 14, .ofs_x = 0, .ofs_y = -1},
    {.bitmap_index = 34422, .adv_w = 224, .box_w = 14, .box_h = 13, .ofs_x = 0, .ofs_y = -1},
    {.bitmap_index = 34513, .adv_w = 224, .box_w = 13, .box_h = 13, .ofs_x = 0, .ofs_y = -1},
    {.bitmap_index = 34598, .adv_w = 224, .box_w = 14, .box_h = 14, .ofs_x = 0, .ofs_y = -1},
    {.bitmap_index = 34696, .adv_w = 224, .box_w = 14, .box_h = 13, .ofs_x = 0, .ofs_y = -1},
    {.bitmap_index = 34787, .adv_w = 224, .box_w = 14, .box_h = 14, .ofs_x = 0, .ofs_y = -2},
    {.bitmap_index = 34885, .adv_w = 224, .box_w = 13, .box_h = 13, .ofs_x = 0, .ofs_y = -1},
    {.bitmap_index = 34970, .adv_w = 224, .box_w = 14, .box_h = 14, .ofs_x = 0, .ofs_y = -2},
    {.bitmap_index = 35068, .adv_w = 224, .box_w = 14, .box_h = 13, .ofs_x = 0, .ofs_y = -1},
    {.bitmap_index = 35159, .adv_w = 224, .box_w = 13, .box_h = 14, .ofs_x = 0, .ofs_y = -2},
    {.bitmap_index = 35250, .adv_w = 224, .box_w = 14, .box_h = 14, .ofs_x = 0, .ofs_y = -2},
    {.bitmap_index = 35348, .adv_w = 224, .box_w = 14, .box_h = 14, .ofs_x = 0, .ofs_y = -2},
    {.bitmap_index = 35446, .adv_w = 224, .box_w = 14, .box_h = 13, .ofs_x = 0, .ofs_y = -1},
    {.bitmap_index = 35537, .adv_w = 224, .box_w = 13, .box_h = 13, .ofs_x = 0, .ofs_y = -1},
    {.bitmap_index = 35622, .adv_w = 224, .box_w = 14, .box_h = 14, .ofs_x = 0, .ofs_y = -2},
    {.bitmap_index = 35720, .adv_w = 224, .box_w = 14, .box_h = 13, .ofs_x = 0, .ofs_y = -1},
    {.bitmap_index = 35811, .adv_w = 224, .box_w = 14, .box_h = 14, .ofs_x = 0, .ofs_y = -2},
    {.bitmap_index = 35909, .adv_w = 224, .box_w = 14, .box_h = 13, .ofs_x = 0, .ofs_y = -1},
    {.bitmap_index = 36000, .adv_w = 224, .box_w = 14, .box_h = 14, .ofs_x = 0, .ofs_y = -2},
    {.bitmap_index = 36098, .adv_w = 224, .box_w = 14, .box_h = 13, .ofs_x = 0, .ofs_y = -1},
    {.bitmap_index = 36189, .adv_w = 224, .box_w = 14, .box_h = 13, .ofs_x = 0, .ofs_y = -1},
    {.bitmap_index = 36280, .adv_w = 224, .box_w = 14, .box_h = 13, .ofs_x = 0, .ofs_y = -1},
    {.bitmap_index = 36371, .adv_w = 224, .box_w = 14, .box_h = 14, .ofs_x = 0, .ofs_y = -1},
    {.bitmap_index = 36469, .adv_w = 224, .box_w = 14, .box_h = 14, .ofs_x = 0, .ofs_y = -1},
    {.bitmap_index = 36567, .adv_w = 224, .box_w = 14, .box_h = 13, .ofs_x = 0, .ofs_y = -1},
    {.bitmap_index = 36658, .adv_w = 224, .box_w = 14, .box_h = 15, .ofs_x = 0, .ofs_y = -2},
    {.bitmap_index = 36763, .adv_w = 224, .box_w = 14, .box_h = 14, .ofs_x = 0, .ofs_y = -2},
    {.bitmap_index = 36861, .adv_w = 224, .box_w = 14, .box_h = 13, .ofs_x = 0, .ofs_y = -1},
    {.bitmap_index = 36952, .adv_w = 224, .box_w = 14, .box_h = 15, .ofs_x = 0, .ofs_y = -2},
    {.bitmap_index = 37057, .adv_w = 224, .box_w = 14, .box_h = 13, .ofs_x = 0, .ofs_y = -1},
    {.bitmap_index = 37148, .adv_w = 224, .box_w = 14, .box_h = 14, .ofs_x = 0, .ofs_y = -2},
    {.bitmap_index = 37246, .adv_w = 224, .box_w = 14, .box_h = 14, .ofs_x = 0, .ofs_y = -1},
    {.bitmap_index = 37344, .adv_w = 224, .box_w = 14, .box_h = 14, .ofs_x = 0, .ofs_y = -2},
    {.bitmap_index = 37442, .adv_w = 224, .box_w = 14, .box_h = 15, .ofs_x = 0, .ofs_y = -2},
    {.bitmap_index = 37547, .adv_w = 224, .box_w = 14, .box_h = 14, .ofs_x = 0, .ofs_y = -2},
    {.bitmap_index = 37645, .adv_w = 224, .box_w = 14, .box_h = 13, .ofs_x = 0, .ofs_y = -1},
    {.bitmap_index = 37736, .adv_w = 224, .box_w = 14, .box_h = 14, .ofs_x = 0, .ofs_y = -2},
    {.bitmap_index = 37834, .adv_w = 224, .box_w = 14, .box_h = 13, .ofs_x = 0, .ofs_y = -1},
    {.bitmap_index = 37925, .adv_w = 224, .box_w = 14, .box_h = 13, .ofs_x = 0, .ofs_y = -1},
    {.bitmap_index = 38016, .adv_w = 224, .box_w = 14, .box_h = 14, .ofs_x = 0, .ofs_y = -2},
    {.bitmap_index = 38114, .adv_w = 224, .box_w = 14, .box_h = 15, .ofs_x = 0, .ofs_y = -2},
    {.bitmap_index = 38219, .adv_w = 224, .box_w = 14, .box_h = 14, .ofs_x = 0, .ofs_y = -1},
    {.bitmap_index = 38317, .adv_w = 224, .box_w = 14, .box_h = 14, .ofs_x = 0, .ofs_y = -2},
    {.bitmap_index = 38415, .adv_w = 224, .box_w = 14, .box_h = 13, .ofs_x = 0, .ofs_y = -1},
    {.bitmap_index = 38506, .adv_w = 224, .box_w = 14, .box_h = 15, .ofs_x = 0, .ofs_y = -2},
    {.bitmap_index = 38611, .adv_w = 224, .box_w = 14, .box_h = 14, .ofs_x = 0, .ofs_y = -2},
    {.bitmap_index = 38709, .adv_w = 224, .box_w = 14, .box_h = 15, .ofs_x = 0, .ofs_y = -2},
    {.bitmap_index = 38814, .adv_w = 224, .box_w = 14, .box_h = 14, .ofs_x = 0, .ofs_y = -1},
    {.bitmap_index = 38912, .adv_w = 224, .box_w = 14, .box_h = 13, .ofs_x = 0, .ofs_y = -1},
    {.bitmap_index = 39003, .adv_w = 224, .box_w = 14, .box_h = 14, .ofs_x = 0, .ofs_y = -1},
    {.bitmap_index = 39101, .adv_w = 224, .box_w = 14, .box_h = 14, .ofs_x = 0, .ofs_y = -2},
    {.bitmap_index = 39199, .adv_w = 224, .box_w = 14, .box_h = 15, .ofs_x = 0, .ofs_y = -2},
    {.bitmap_index = 39304, .adv_w = 224, .box_w = 14, .box_h = 13, .ofs_x = 0, .ofs_y = -1},
    {.bitmap_index = 39395, .adv_w = 224, .box_w = 14, .box_h = 13, .ofs_x = 0, .ofs_y = -1},
    {.bitmap_index = 39486, .adv_w = 224, .box_w = 14, .box_h = 14, .ofs_x = 0, .ofs_y = -2},
    {.bitmap_index = 39584, .adv_w = 224, .box_w = 14, .box_h = 14, .ofs_x = 0, .ofs_y = -2},
    {.bitmap_index = 39682, .adv_w = 224, .box_w = 14, .box_h = 14, .ofs_x = 0, .ofs_y = -1},
    {.bitmap_index = 39780, .adv_w = 224, .box_w = 13, .box_h = 14, .ofs_x = 1, .ofs_y = -2},
    {.bitmap_index = 39871, .adv_w = 224, .box_w = 14, .box_h = 14, .ofs_x = 0, .ofs_y = -2},
    {.bitmap_index = 39969, .adv_w = 224, .box_w = 14, .box_h = 13, .ofs_x = 0, .ofs_y = -1},
    {.bitmap_index = 40060, .adv_w = 224, .box_w = 14, .box_h = 14, .ofs_x = 0, .ofs_y = -2},
    {.bitmap_index = 40158, .adv_w = 224, .box_w = 14, .box_h = 14, .ofs_x = 0, .ofs_y = -2},
    {.bitmap_index = 40256, .adv_w = 224, .box_w = 14, .box_h = 14, .ofs_x = 0, .ofs_y = -2},
    {.bitmap_index = 40354, .adv_w = 224, .box_w = 10, .box_h = 13, .ofs_x = 2, .ofs_y = -2},
    {.bitmap_index = 40419, .adv_w = 224, .box_w = 14, .box_h = 12, .ofs_x = 0, .ofs_y = -1},
    {.bitmap_index = 40503, .adv_w = 224, .box_w = 14, .box_h = 14, .ofs_x = 0, .ofs_y = -2},
    {.bitmap_index = 40601, .adv_w = 224, .box_w = 13, .box_h = 14, .ofs_x = 1, .ofs_y = -2},
    {.bitmap_index = 40692, .adv_w = 224, .box_w = 13, .box_h = 12, .ofs_x = 1, .ofs_y = -1},
    {.bitmap_index = 40770, .adv_w = 224, .box_w = 12, .box_h = 13, .ofs_x = 1, .ofs_y = -2},
    {.bitmap_index = 40848, .adv_w = 224, .box_w = 13, .box_h = 13, .ofs_x = 1, .ofs_y = -2},
    {.bitmap_index = 40933, .adv_w = 224, .box_w = 13, .box_h = 13, .ofs_x = 0, .ofs_y = -2},
    {.bitmap_index = 41018, .adv_w = 224, .box_w = 13, .box_h = 13, .ofs_x = 1, .ofs_y = -1},
    {.bitmap_index = 41103, .adv_w = 224, .box_w = 13, .box_h = 12, .ofs_x = 0, .ofs_y = -1},
    {.bitmap_index = 41181, .adv_w = 224, .box_w = 14, .box_h = 14, .ofs_x = 0, .ofs_y = -2},
    {.bitmap_index = 41279, .adv_w = 224, .box_w = 14, .box_h = 14, .ofs_x = 0, .ofs_y = -2},
    {.bitmap_index = 41377, .adv_w = 224, .box_w = 14, .box_h = 13, .ofs_x = 0, .ofs_y = -2},
    {.bitmap_index = 41468, .adv_w = 224, .box_w = 14, .box_h = 14, .ofs_x = 0, .ofs_y = -2},
    {.bitmap_index = 41566, .adv_w = 224, .box_w = 14, .box_h = 13, .ofs_x = 0, .ofs_y = -2},
    {.bitmap_index = 41657, .adv_w = 224, .box_w = 14, .box_h = 12, .ofs_x = 0, .ofs_y = -1},
    {.bitmap_index = 41741, .adv_w = 224, .box_w = 14, .box_h = 13, .ofs_x = 0, .ofs_y = -1},
    {.bitmap_index = 41832, .adv_w = 224, .box_w = 14, .box_h = 14, .ofs_x = 0, .ofs_y = -2},
    {.bitmap_index = 41930, .adv_w = 224, .box_w = 14, .box_h = 14, .ofs_x = 0, .ofs_y = -2},
    {.bitmap_index = 42028, .adv_w = 224, .box_w = 14, .box_h = 13, .ofs_x = 0, .ofs_y = -1},
    {.bitmap_index = 42119, .adv_w = 224, .box_w = 14, .box_h = 13, .ofs_x = 0, .ofs_y = -1},
    {.bitmap_index = 42210, .adv_w = 224, .box_w = 14, .box_h = 13, .ofs_x = 0, .ofs_y = -1},
    {.bitmap_index = 42301, .adv_w = 224, .box_w = 14, .box_h = 13, .ofs_x = 0, .ofs_y = -1},
    {.bitmap_index = 42392, .adv_w = 224, .box_w = 14, .box_h = 14, .ofs_x = 0, .ofs_y = -2},
    {.bitmap_index = 42490, .adv_w = 224, .box_w = 14, .box_h = 14, .ofs_x = 0, .ofs_y = -2},
    {.bitmap_index = 42588, .adv_w = 224, .box_w = 14, .box_h = 14, .ofs_x = 0, .ofs_y = -2},
    {.bitmap_index = 42686, .adv_w = 224, .box_w = 14, .box_h = 14, .ofs_x = 0, .ofs_y = -2},
    {.bitmap_index = 42784, .adv_w = 224, .box_w = 14, .box_h = 13, .ofs_x = 0, .ofs_y = -1},
    {.bitmap_index = 42875, .adv_w = 224, .box_w = 14, .box_h = 14, .ofs_x = 0, .ofs_y = -2},
    {.bitmap_index = 42973, .adv_w = 224, .box_w = 14, .box_h = 15, .ofs_x = 0, .ofs_y = -2},
    {.bitmap_index = 43078, .adv_w = 224, .box_w = 14, .box_h = 13, .ofs_x = 0, .ofs_y = -1},
    {.bitmap_index = 43169, .adv_w = 224, .box_w = 14, .box_h = 13, .ofs_x = 0, .ofs_y = -1},
    {.bitmap_index = 43260, .adv_w = 224, .box_w = 14, .box_h = 14, .ofs_x = 0, .ofs_y = -2},
    {.bitmap_index = 43358, .adv_w = 224, .box_w = 14, .box_h = 14, .ofs_x = 0, .ofs_y = -2},
    {.bitmap_index = 43456, .adv_w = 224, .box_w = 14, .box_h = 13, .ofs_x = 0, .ofs_y = -1},
    {.bitmap_index = 43547, .adv_w = 224, .box_w = 14, .box_h = 12, .ofs_x = 0, .ofs_y = -1},
    {.bitmap_index = 43631, .adv_w = 224, .box_w = 14, .box_h = 13, .ofs_x = 0, .ofs_y = -1},
    {.bitmap_index = 43722, .adv_w = 224, .box_w = 14, .box_h = 14, .ofs_x = 0, .ofs_y = -1},
    {.bitmap_index = 43820, .adv_w = 224, .box_w = 14, .box_h = 14, .ofs_x = 0, .ofs_y = -2},
    {.bitmap_index = 43918, .adv_w = 224, .box_w = 14, .box_h = 13, .ofs_x = 0, .ofs_y = -1},
    {.bitmap_index = 44009, .adv_w = 224, .box_w = 14, .box_h = 15, .ofs_x = 0, .ofs_y = -2},
    {.bitmap_index = 44114, .adv_w = 224, .box_w = 14, .box_h = 15, .ofs_x = 0, .ofs_y = -2},
    {.bitmap_index = 44219, .adv_w = 224, .box_w = 14, .box_h = 14, .ofs_x = 0, .ofs_y = -2},
    {.bitmap_index = 44317, .adv_w = 224, .box_w = 14, .box_h = 15, .ofs_x = 0, .ofs_y = -2},
    {.bitmap_index = 44422, .adv_w = 224, .box_w = 14, .box_h = 12, .ofs_x = 0, .ofs_y = -1},
    {.bitmap_index = 44506, .adv_w = 224, .box_w = 14, .box_h = 14, .ofs_x = 0, .ofs_y = -2},
    {.bitmap_index = 44604, .adv_w = 224, .box_w = 14, .box_h = 15, .ofs_x = 0, .ofs_y = -2},
    {.bitmap_index = 44709, .adv_w = 224, .box_w = 14, .box_h = 13, .ofs_x = 0, .ofs_y = -1},
    {.bitmap_index = 44800, .adv_w = 224, .box_w = 14, .box_h = 13, .ofs_x = 0, .ofs_y = -1},
    {.bitmap_index = 44891, .adv_w = 224, .box_w = 13, .box_h = 14, .ofs_x = 0, .ofs_y = -2},
    {.bitmap_index = 44982, .adv_w = 224, .box_w = 14, .box_h = 14, .ofs_x = 0, .ofs_y = -2},
    {.bitmap_index = 45080, .adv_w = 224, .box_w = 14, .box_h = 13, .ofs_x = 0, .ofs_y = -1},
    {.bitmap_index = 45171, .adv_w = 224, .box_w = 14, .box_h = 15, .ofs_x = 0, .ofs_y = -2},
    {.bitmap_index = 45276, .adv_w = 224, .box_w = 14, .box_h = 14, .ofs_x = 0, .ofs_y = -1},
    {.bitmap_index = 45374, .adv_w = 224, .box_w = 14, .box_h = 14, .ofs_x = 0, .ofs_y = -2},
    {.bitmap_index = 45472, .adv_w = 224, .box_w = 14, .box_h = 14, .ofs_x = 0, .ofs_y = -2},
    {.bitmap_index = 45570, .adv_w = 224, .box_w = 14, .box_h = 15, .ofs_x = 0, .ofs_y = -2},
    {.bitmap_index = 45675, .adv_w = 224, .box_w = 14, .box_h = 14, .ofs_x = 0, .ofs_y = -1},
    {.bitmap_index = 45773, .adv_w = 224, .box_w = 14, .box_h = 14, .ofs_x = 0, .ofs_y = -2},
    {.bitmap_index = 45871, .adv_w = 224, .box_w = 14, .box_h = 14, .ofs_x = 0, .ofs_y = -2},
    {.bitmap_index = 45969, .adv_w = 224, .box_w = 14, .box_h = 14, .ofs_x = 0, .ofs_y = -2},
    {.bitmap_index = 46067, .adv_w = 224, .box_w = 13, .box_h = 14, .ofs_x = 1, .ofs_y = -2},
    {.bitmap_index = 46158, .adv_w = 224, .box_w = 14, .box_h = 13, .ofs_x = 0, .ofs_y = -1},
    {.bitmap_index = 46249, .adv_w = 224, .box_w = 14, .box_h = 12, .ofs_x = 0, .ofs_y = -1},
    {.bitmap_index = 46333, .adv_w = 224, .box_w = 14, .box_h = 14, .ofs_x = 0, .ofs_y = -2},
    {.bitmap_index = 46431, .adv_w = 224, .box_w = 14, .box_h = 13, .ofs_x = 0, .ofs_y = -1},
    {.bitmap_index = 46522, .adv_w = 224, .box_w = 14, .box_h = 14, .ofs_x = 0, .ofs_y = -2},
    {.bitmap_index = 46620, .adv_w = 224, .box_w = 14, .box_h = 15, .ofs_x = 0, .ofs_y = -2},
    {.bitmap_index = 46725, .adv_w = 224, .box_w = 14, .box_h = 14, .ofs_x = 0, .ofs_y = -2},
    {.bitmap_index = 46823, .adv_w = 224, .box_w = 14, .box_h = 13, .ofs_x = 0, .ofs_y = -2},
    {.bitmap_index = 46914, .adv_w = 224, .box_w = 14, .box_h = 14, .ofs_x = 0, .ofs_y = -2},
    {.bitmap_index = 47012, .adv_w = 224, .box_w = 13, .box_h = 14, .ofs_x = 1, .ofs_y = -2},
    {.bitmap_index = 47103, .adv_w = 224, .box_w = 13, .box_h = 13, .ofs_x = 1, .ofs_y = -1},
    {.bitmap_index = 47188, .adv_w = 224, .box_w = 13, .box_h = 13, .ofs_x = 1, .ofs_y = -1},
    {.bitmap_index = 47273, .adv_w = 224, .box_w = 12, .box_h = 13, .ofs_x = 1, .ofs_y = -2},
    {.bitmap_index = 47351, .adv_w = 224, .box_w = 14, .box_h = 13, .ofs_x = 0, .ofs_y = -1},
    {.bitmap_index = 47442, .adv_w = 224, .box_w = 14, .box_h = 14, .ofs_x = 0, .ofs_y = -2},
    {.bitmap_index = 47540, .adv_w = 224, .box_w = 14, .box_h = 13, .ofs_x = 0, .ofs_y = -1},
    {.bitmap_index = 47631, .adv_w = 224, .box_w = 14, .box_h = 14, .ofs_x = 0, .ofs_y = -2},
    {.bitmap_index = 47729, .adv_w = 224, .box_w = 14, .box_h = 13, .ofs_x = 0, .ofs_y = -1},
    {.bitmap_index = 47820, .adv_w = 224, .box_w = 14, .box_h = 14, .ofs_x = 0, .ofs_y = -2},
    {.bitmap_index = 47918, .adv_w = 224, .box_w = 14, .box_h = 13, .ofs_x = 0, .ofs_y = -1},
    {.bitmap_index = 48009, .adv_w = 224, .box_w = 14, .box_h = 13, .ofs_x = 0, .ofs_y = -1},
    {.bitmap_index = 48100, .adv_w = 224, .box_w = 14, .box_h = 13, .ofs_x = 0, .ofs_y = -1},
    {.bitmap_index = 48191, .adv_w = 224, .box_w = 14, .box_h = 14, .ofs_x = 0, .ofs_y = -2},
    {.bitmap_index = 48289, .adv_w = 224, .box_w = 14, .box_h = 13, .ofs_x = 0, .ofs_y = -1},
    {.bitmap_index = 48380, .adv_w = 224, .box_w = 14, .box_h = 14, .ofs_x = 0, .ofs_y = -2},
    {.bitmap_index = 48478, .adv_w = 224, .box_w = 14, .box_h = 13, .ofs_x = 0, .ofs_y = -1},
    {.bitmap_index = 48569, .adv_w = 224, .box_w = 14, .box_h = 13, .ofs_x = 0, .ofs_y = -1},
    {.bitmap_index = 48660, .adv_w = 224, .box_w = 14, .box_h = 14, .ofs_x = 0, .ofs_y = -2},
    {.bitmap_index = 48758, .adv_w = 224, .box_w = 14, .box_h = 14, .ofs_x = 0, .ofs_y = -2},
    {.bitmap_index = 48856, .adv_w = 224, .box_w = 14, .box_h = 13, .ofs_x = 0, .ofs_y = -1},
    {.bitmap_index = 48947, .adv_w = 224, .box_w = 14, .box_h = 14, .ofs_x = 0, .ofs_y = -2},
    {.bitmap_index = 49045, .adv_w = 224, .box_w = 14, .box_h = 14, .ofs_x = 0, .ofs_y = -2},
    {.bitmap_index = 49143, .adv_w = 224, .box_w = 13, .box_h = 14, .ofs_x = 0, .ofs_y = -2},
    {.bitmap_index = 49234, .adv_w = 224, .box_w = 14, .box_h = 14, .ofs_x = 0, .ofs_y = -2},
    {.bitmap_index = 49332, .adv_w = 224, .box_w = 14, .box_h = 14, .ofs_x = 0, .ofs_y = -2},
    {.bitmap_index = 49430, .adv_w = 224, .box_w = 14, .box_h = 14, .ofs_x = 0, .ofs_y = -2},
    {.bitmap_index = 49528, .adv_w = 224, .box_w = 14, .box_h = 15, .ofs_x = 0, .ofs_y = -2},
    {.bitmap_index = 49633, .adv_w = 224, .box_w = 14, .box_h = 14, .ofs_x = 0, .ofs_y = -2},
    {.bitmap_index = 49731, .adv_w = 224, .box_w = 13, .box_h = 14, .ofs_x = 0, .ofs_y = -2},
    {.bitmap_index = 49822, .adv_w = 224, .box_w = 14, .box_h = 14, .ofs_x = 0, .ofs_y = -2},
    {.bitmap_index = 49920, .adv_w = 224, .box_w = 14, .box_h = 13, .ofs_x = 0, .ofs_y = -1},
    {.bitmap_index = 50011, .adv_w = 224, .box_w = 14, .box_h = 13, .ofs_x = 0, .ofs_y = -1},
    {.bitmap_index = 50102, .adv_w = 224, .box_w = 14, .box_h = 14, .ofs_x = 0, .ofs_y = -2},
    {.bitmap_index = 50200, .adv_w = 224, .box_w = 14, .box_h = 14, .ofs_x = 0, .ofs_y = -2},
    {.bitmap_index = 50298, .adv_w = 224, .box_w = 14, .box_h = 13, .ofs_x = 0, .ofs_y = -1},
    {.bitmap_index = 50389, .adv_w = 224, .box_w = 14, .box_h = 13, .ofs_x = 0, .ofs_y = -1},
    {.bitmap_index = 50480, .adv_w = 224, .box_w = 14, .box_h = 14, .ofs_x = 0, .ofs_y = -2},
    {.bitmap_index = 50578, .adv_w = 224, .box_w = 14, .box_h = 13, .ofs_x = 0, .ofs_y = -1},
    {.bitmap_index = 50669, .adv_w = 224, .box_w = 14, .box_h = 14, .ofs_x = 0, .ofs_y = -2},
    {.bitmap_index = 50767, .adv_w = 224, .box_w = 14, .box_h = 14, .ofs_x = 0, .ofs_y = -2},
    {.bitmap_index = 50865, .adv_w = 224, .box_w = 14, .box_h = 15, .ofs_x = 0, .ofs_y = -2},
    {.bitmap_index = 50970, .adv_w = 224, .box_w = 14, .box_h = 14, .ofs_x = 0, .ofs_y = -2},
    {.bitmap_index = 51068, .adv_w = 224, .box_w = 14, .box_h = 13, .ofs_x = 0, .ofs_y = -1},
    {.bitmap_index = 51159, .adv_w = 224, .box_w = 14, .box_h = 14, .ofs_x = 0, .ofs_y = -2},
    {.bitmap_index = 51257, .adv_w = 224, .box_w = 14, .box_h = 13, .ofs_x = 0, .ofs_y = -1},
    {.bitmap_index = 51348, .adv_w = 224, .box_w = 14, .box_h = 14, .ofs_x = 0, .ofs_y = -2},
    {.bitmap_index = 51446, .adv_w = 224, .box_w = 13, .box_h = 14, .ofs_x = 0, .ofs_y = -2},
    {.bitmap_index = 51537, .adv_w = 224, .box_w = 14, .box_h = 14, .ofs_x = 0, .ofs_y = -2},
    {.bitmap_index = 51635, .adv_w = 224, .box_w = 14, .box_h = 14, .ofs_x = 0, .ofs_y = -2},
    {.bitmap_index = 51733, .adv_w = 224, .box_w = 13, .box_h = 14, .ofs_x = 0, .ofs_y = -2},
    {.bitmap_index = 51824, .adv_w = 224, .box_w = 14, .box_h = 14, .ofs_x = 0, .ofs_y = -2},
    {.bitmap_index = 51922, .adv_w = 224, .box_w = 14, .box_h = 14, .ofs_x = 0, .ofs_y = -2},
    {.bitmap_index = 52020, .adv_w = 224, .box_w = 14, .box_h = 13, .ofs_x = 0, .ofs_y = -1},
    {.bitmap_index = 52111, .adv_w = 224, .box_w = 14, .box_h = 14, .ofs_x = 0, .ofs_y = -2},
    {.bitmap_index = 52209, .adv_w = 224, .box_w = 14, .box_h = 13, .ofs_x = 0, .ofs_y = -1},
    {.bitmap_index = 52300, .adv_w = 224, .box_w = 14, .box_h = 13, .ofs_x = 0, .ofs_y = -1},
    {.bitmap_index = 52391, .adv_w = 224, .box_w = 14, .box_h = 14, .ofs_x = 0, .ofs_y = -2},
    {.bitmap_index = 52489, .adv_w = 224, .box_w = 14, .box_h = 14, .ofs_x = 0, .ofs_y = -2},
    {.bitmap_index = 52587, .adv_w = 224, .box_w = 14, .box_h = 14, .ofs_x = 0, .ofs_y = -2},
    {.bitmap_index = 52685, .adv_w = 224, .box_w = 14, .box_h = 13, .ofs_x = 0, .ofs_y = -1},
    {.bitmap_index = 52776, .adv_w = 224, .box_w = 14, .box_h = 14, .ofs_x = 0, .ofs_y = -2},
    {.bitmap_index = 52874, .adv_w = 224, .box_w = 14, .box_h = 13, .ofs_x = 0, .ofs_y = -1},
    {.bitmap_index = 52965, .adv_w = 224, .box_w = 14, .box_h = 14, .ofs_x = 0, .ofs_y = -2},
    {.bitmap_index = 53063, .adv_w = 224, .box_w = 14, .box_h = 14, .ofs_x = 0, .ofs_y = -2},
    {.bitmap_index = 53161, .adv_w = 224, .box_w = 14, .box_h = 13, .ofs_x = 0, .ofs_y = -1},
    {.bitmap_index = 53252, .adv_w = 224, .box_w = 13, .box_h = 14, .ofs_x = 0, .ofs_y = -2},
    {.bitmap_index = 53343, .adv_w = 224, .box_w = 14, .box_h = 13, .ofs_x = 0, .ofs_y = -1},
    {.bitmap_index = 53434, .adv_w = 224, .box_w = 14, .box_h = 14, .ofs_x = 0, .ofs_y = -2},
    {.bitmap_index = 53532, .adv_w = 224, .box_w = 14, .box_h = 14, .ofs_x = 0, .ofs_y = -2},
    {.bitmap_index = 53630, .adv_w = 224, .box_w = 14, .box_h = 14, .ofs_x = 0, .ofs_y = -2},
    {.bitmap_index = 53728, .adv_w = 224, .box_w = 14, .box_h = 14, .ofs_x = 0, .ofs_y = -2},
    {.bitmap_index = 53826, .adv_w = 224, .box_w = 14, .box_h = 13, .ofs_x = 0, .ofs_y = -1},
    {.bitmap_index = 53917, .adv_w = 224, .box_w = 14, .box_h = 14, .ofs_x = 0, .ofs_y = -2},
    {.bitmap_index = 54015, .adv_w = 224, .box_w = 14, .box_h = 14, .ofs_x = 0, .ofs_y = -2},
    {.bitmap_index = 54113, .adv_w = 224, .box_w = 14, .box_h = 14, .ofs_x = 0, .ofs_y = -2},
    {.bitmap_index = 54211, .adv_w = 224, .box_w = 14, .box_h = 13, .ofs_x = 0, .ofs_y = -1},
    {.bitmap_index = 54302, .adv_w = 224, .box_w = 14, .box_h = 14, .ofs_x = 0, .ofs_y = -2},
    {.bitmap_index = 54400, .adv_w = 224, .box_w = 14, .box_h = 14, .ofs_x = 0, .ofs_y = -2},
    {.bitmap_index = 54498, .adv_w = 224, .box_w = 14, .box_h = 14, .ofs_x = 0, .ofs_y = -2},
    {.bitmap_index = 54596, .adv_w = 224, .box_w = 14, .box_h = 14, .ofs_x = 0, .ofs_y = -1},
    {.bitmap_index = 54694, .adv_w = 224, .box_w = 14, .box_h = 13, .ofs_x = 0, .ofs_y = -1},
    {.bitmap_index = 54785, .adv_w = 224, .box_w = 14, .box_h = 15, .ofs_x = 0, .ofs_y = -2},
    {.bitmap_index = 54890, .adv_w = 224, .box_w = 14, .box_h = 14, .ofs_x = 0, .ofs_y = -1},
    {.bitmap_index = 54988, .adv_w = 224, .box_w = 14, .box_h = 14, .ofs_x = 0, .ofs_y = -1},
    {.bitmap_index = 55086, .adv_w = 224, .box_w = 14, .box_h = 14, .ofs_x = 0, .ofs_y = -2},
    {.bitmap_index = 55184, .adv_w = 224, .box_w = 14, .box_h = 15, .ofs_x = 0, .ofs_y = -2},
    {.bitmap_index = 55289, .adv_w = 224, .box_w = 13, .box_h = 14, .ofs_x = 0, .ofs_y = -2},
    {.bitmap_index = 55380, .adv_w = 224, .box_w = 14, .box_h = 15, .ofs_x = 0, .ofs_y = -2},
    {.bitmap_index = 55485, .adv_w = 224, .box_w = 13, .box_h = 13, .ofs_x = 0, .ofs_y = -1},
    {.bitmap_index = 55570, .adv_w = 224, .box_w = 14, .box_h = 15, .ofs_x = 0, .ofs_y = -2},
    {.bitmap_index = 55675, .adv_w = 224, .box_w = 14, .box_h = 15, .ofs_x = 0, .ofs_y = -2},
    {.bitmap_index = 55780, .adv_w = 224, .box_w = 14, .box_h = 14, .ofs_x = 0, .ofs_y = -2},
    {.bitmap_index = 55878, .adv_w = 224, .box_w = 14, .box_h = 15, .ofs_x = 0, .ofs_y = -2},
    {.bitmap_index = 55983, .adv_w = 224, .box_w = 13, .box_h = 15, .ofs_x = 0, .ofs_y = -2},
    {.bitmap_index = 56081, .adv_w = 224, .box_w = 14, .box_h = 14, .ofs_x = 0, .ofs_y = -2},
    {.bitmap_index = 56179, .adv_w = 224, .box_w = 14, .box_h = 14, .ofs_x = 0, .ofs_y = -2},
    {.bitmap_index = 56277, .adv_w = 224, .box_w = 14, .box_h = 14, .ofs_x = 0, .ofs_y = -2},
    {.bitmap_index = 56375, .adv_w = 224, .box_w = 14, .box_h = 14, .ofs_x = 0, .ofs_y = -1},
    {.bitmap_index = 56473, .adv_w = 224, .box_w = 14, .box_h = 14, .ofs_x = 0, .ofs_y = -2},
    {.bitmap_index = 56571, .adv_w = 224, .box_w = 14, .box_h = 14, .ofs_x = 0, .ofs_y = -2},
    {.bitmap_index = 56669, .adv_w = 224, .box_w = 14, .box_h = 14, .ofs_x = -1, .ofs_y = -2},
    {.bitmap_index = 56767, .adv_w = 224, .box_w = 14, .box_h = 14, .ofs_x = 0, .ofs_y = -2},
    {.bitmap_index = 56865, .adv_w = 224, .box_w = 14, .box_h = 14, .ofs_x = 0, .ofs_y = -1},
    {.bitmap_index = 56963, .adv_w = 224, .box_w = 14, .box_h = 15, .ofs_x = 0, .ofs_y = -2},
    {.bitmap_index = 57068, .adv_w = 224, .box_w = 14, .box_h = 15, .ofs_x = 0, .ofs_y = -2},
    {.bitmap_index = 57173, .adv_w = 224, .box_w = 14, .box_h = 14, .ofs_x = 0, .ofs_y = -2},
    {.bitmap_index = 57271, .adv_w = 224, .box_w = 14, .box_h = 14, .ofs_x = 0, .ofs_y = -2},
    {.bitmap_index = 57369, .adv_w = 224, .box_w = 14, .box_h = 14, .ofs_x = 0, .ofs_y = -2},
    {.bitmap_index = 57467, .adv_w = 224, .box_w = 14, .box_h = 13, .ofs_x = 0, .ofs_y = -1},
    {.bitmap_index = 57558, .adv_w = 224, .box_w = 14, .box_h = 14, .ofs_x = 0, .ofs_y = -2},
    {.bitmap_index = 57656, .adv_w = 224, .box_w = 13, .box_h = 14, .ofs_x = 0, .ofs_y = -2},
    {.bitmap_index = 57747, .adv_w = 224, .box_w = 14, .box_h = 14, .ofs_x = 0, .ofs_y = -2},
    {.bitmap_index = 57845, .adv_w = 224, .box_w = 14, .box_h = 15, .ofs_x = 0, .ofs_y = -2},
    {.bitmap_index = 57950, .adv_w = 224, .box_w = 14, .box_h = 13, .ofs_x = 0, .ofs_y = -1},
    {.bitmap_index = 58041, .adv_w = 224, .box_w = 14, .box_h = 15, .ofs_x = 0, .ofs_y = -2},
    {.bitmap_index = 58146, .adv_w = 224, .box_w = 14, .box_h = 15, .ofs_x = 0, .ofs_y = -2},
    {.bitmap_index = 58251, .adv_w = 224, .box_w = 14, .box_h = 14, .ofs_x = 0, .ofs_y = -2},
    {.bitmap_index = 58349, .adv_w = 224, .box_w = 14, .box_h = 14, .ofs_x = 0, .ofs_y = -1},
    {.bitmap_index = 58447, .adv_w = 224, .box_w = 14, .box_h = 14, .ofs_x = 0, .ofs_y = -2},
    {.bitmap_index = 58545, .adv_w = 224, .box_w = 14, .box_h = 14, .ofs_x = 0, .ofs_y = -2},
    {.bitmap_index = 58643, .adv_w = 224, .box_w = 14, .box_h = 13, .ofs_x = 0, .ofs_y = -1},
    {.bitmap_index = 58734, .adv_w = 224, .box_w = 14, .box_h = 14, .ofs_x = 0, .ofs_y = -2},
    {.bitmap_index = 58832, .adv_w = 224, .box_w = 14, .box_h = 12, .ofs_x = 0, .ofs_y = -1},
    {.bitmap_index = 58916, .adv_w = 224, .box_w = 14, .box_h = 13, .ofs_x = 0, .ofs_y = -1},
    {.bitmap_index = 59007, .adv_w = 224, .box_w = 14, .box_h = 13, .ofs_x = 0, .ofs_y = -2},
    {.bitmap_index = 59098, .adv_w = 224, .box_w = 14, .box_h = 13, .ofs_x = 0, .ofs_y = -1},
    {.bitmap_index = 59189, .adv_w = 224, .box_w = 14, .box_h = 13, .ofs_x = 0, .ofs_y = -1},
    {.bitmap_index = 59280, .adv_w = 224, .box_w = 14, .box_h = 12, .ofs_x = 0, .ofs_y = -1},
    {.bitmap_index = 59364, .adv_w = 224, .box_w = 14, .box_h = 13, .ofs_x = 0, .ofs_y = -2},
    {.bitmap_index = 59455, .adv_w = 224, .box_w = 13, .box_h = 12, .ofs_x = 0, .ofs_y = -1},
    {.bitmap_index = 59533, .adv_w = 224, .box_w = 14, .box_h = 14, .ofs_x = 0, .ofs_y = -2},
    {.bitmap_index = 59631, .adv_w = 224, .box_w = 14, .box_h = 14, .ofs_x = 0, .ofs_y = -2},
    {.bitmap_index = 59729, .adv_w = 224, .box_w = 14, .box_h = 14, .ofs_x = 0, .ofs_y = -2},
    {.bitmap_index = 59827, .adv_w = 224, .box_w = 14, .box_h = 13, .ofs_x = 0, .ofs_y = -1},
    {.bitmap_index = 59918, .adv_w = 224, .box_w = 14, .box_h = 13, .ofs_x = 0, .ofs_y = -1},
    {.bitmap_index = 60009, .adv_w = 224, .box_w = 14, .box_h = 13, .ofs_x = 0, .ofs_y = -1},
    {.bitmap_index = 60100, .adv_w = 224, .box_w = 13, .box_h = 13, .ofs_x = 0, .ofs_y = -2},
    {.bitmap_index = 60185, .adv_w = 224, .box_w = 12, .box_h = 14, .ofs_x = 1, .ofs_y = -2},
    {.bitmap_index = 60269, .adv_w = 224, .box_w = 13, .box_h = 13, .ofs_x = 1, .ofs_y = -1},
    {.bitmap_index = 60354, .adv_w = 224, .box_w = 14, .box_h = 13, .ofs_x = 0, .ofs_y = -2},
    {.bitmap_index = 60445, .adv_w = 224, .box_w = 14, .box_h = 14, .ofs_x = 0, .ofs_y = -2},
    {.bitmap_index = 60543, .adv_w = 224, .box_w = 14, .box_h = 14, .ofs_x = 0, .ofs_y = -2},
    {.bitmap_index = 60641, .adv_w = 224, .box_w = 14, .box_h = 13, .ofs_x = 0, .ofs_y = -1},
    {.bitmap_index = 60732, .adv_w = 224, .box_w = 12, .box_h = 14, .ofs_x = 1, .ofs_y = -2},
    {.bitmap_index = 60816, .adv_w = 224, .box_w = 14, .box_h = 12, .ofs_x = 0, .ofs_y = -1},
    {.bitmap_index = 60900, .adv_w = 224, .box_w = 13, .box_h = 15, .ofs_x = 1, .ofs_y = -2},
    {.bitmap_index = 60998, .adv_w = 224, .box_w = 13, .box_h = 13, .ofs_x = 0, .ofs_y = -1},
    {.bitmap_index = 61083, .adv_w = 224, .box_w = 14, .box_h = 13, .ofs_x = 0, .ofs_y = -1},
    {.bitmap_index = 61174, .adv_w = 224, .box_w = 14, .box_h = 13, .ofs_x = 0, .ofs_y = -1},
    {.bitmap_index = 61265, .adv_w = 224, .box_w = 14, .box_h = 13, .ofs_x = 0, .ofs_y = -1},
    {.bitmap_index = 61356, .adv_w = 224, .box_w = 14, .box_h = 14, .ofs_x = 0, .ofs_y = -1},
    {.bitmap_index = 61454, .adv_w = 224, .box_w = 14, .box_h = 13, .ofs_x = 0, .ofs_y = -1},
    {.bitmap_index = 61545, .adv_w = 224, .box_w = 14, .box_h = 13, .ofs_x = 0, .ofs_y = -1},
    {.bitmap_index = 61636, .adv_w = 224, .box_w = 14, .box_h = 13, .ofs_x = 0, .ofs_y = -1},
    {.bitmap_index = 61727, .adv_w = 224, .box_w = 14, .box_h = 14, .ofs_x = 0, .ofs_y = -1},
    {.bitmap_index = 61825, .adv_w = 224, .box_w = 14, .box_h = 14, .ofs_x = 0, .ofs_y = -1},
    {.bitmap_index = 61923, .adv_w = 224, .box_w = 14, .box_h = 13, .ofs_x = 0, .ofs_y = -1},
    {.bitmap_index = 62014, .adv_w = 224, .box_w = 14, .box_h = 13, .ofs_x = 0, .ofs_y = -1},
    {.bitmap_index = 62105, .adv_w = 224, .box_w = 14, .box_h = 14, .ofs_x = 0, .ofs_y = -2},
    {.bitmap_index = 62203, .adv_w = 224, .box_w = 13, .box_h = 13, .ofs_x = 1, .ofs_y = -2},
    {.bitmap_index = 62288, .adv_w = 224, .box_w = 14, .box_h = 14, .ofs_x = 0, .ofs_y = -2},
    {.bitmap_index = 62386, .adv_w = 224, .box_w = 14, .box_h = 14, .ofs_x = 0, .ofs_y = -2},
    {.bitmap_index = 62484, .adv_w = 224, .box_w = 14, .box_h = 14, .ofs_x = 0, .ofs_y = -2},
    {.bitmap_index = 62582, .adv_w = 224, .box_w = 14, .box_h = 13, .ofs_x = 0, .ofs_y = -1},
    {.bitmap_index = 62673, .adv_w = 224, .box_w = 14, .box_h = 14, .ofs_x = 0, .ofs_y = -2},
    {.bitmap_index = 62771, .adv_w = 224, .box_w = 14, .box_h = 13, .ofs_x = 0, .ofs_y = -1},
    {.bitmap_index = 62862, .adv_w = 224, .box_w = 14, .box_h = 13, .ofs_x = 0, .ofs_y = -2},
    {.bitmap_index = 62953, .adv_w = 224, .box_w = 14, .box_h = 14, .ofs_x = 0, .ofs_y = -2},
    {.bitmap_index = 63051, .adv_w = 224, .box_w = 14, .box_h = 13, .ofs_x = 0, .ofs_y = -1},
    {.bitmap_index = 63142, .adv_w = 224, .box_w = 14, .box_h = 14, .ofs_x = 0, .ofs_y = -2},
    {.bitmap_index = 63240, .adv_w = 224, .box_w = 14, .box_h = 14, .ofs_x = 0, .ofs_y = -2},
    {.bitmap_index = 63338, .adv_w = 224, .box_w = 14, .box_h = 14, .ofs_x = 0, .ofs_y = -2},
    {.bitmap_index = 63436, .adv_w = 224, .box_w = 14, .box_h = 13, .ofs_x = 0, .ofs_y = -1},
    {.bitmap_index = 63527, .adv_w = 224, .box_w = 14, .box_h = 14, .ofs_x = 0, .ofs_y = -2},
    {.bitmap_index = 63625, .adv_w = 224, .box_w = 14, .box_h = 13, .ofs_x = 0, .ofs_y = -1},
    {.bitmap_index = 63716, .adv_w = 224, .box_w = 14, .box_h = 13, .ofs_x = 0, .ofs_y = -1},
    {.bitmap_index = 63807, .adv_w = 224, .box_w = 14, .box_h = 14, .ofs_x = 0, .ofs_y = -2},
    {.bitmap_index = 63905, .adv_w = 224, .box_w = 14, .box_h = 13, .ofs_x = 0, .ofs_y = -2},
    {.bitmap_index = 63996, .adv_w = 224, .box_w = 14, .box_h = 14, .ofs_x = 0, .ofs_y = -2},
    {.bitmap_index = 64094, .adv_w = 224, .box_w = 14, .box_h = 15, .ofs_x = 0, .ofs_y = -2},
    {.bitmap_index = 64199, .adv_w = 224, .box_w = 14, .box_h = 15, .ofs_x = 0, .ofs_y = -2},
    {.bitmap_index = 64304, .adv_w = 224, .box_w = 14, .box_h = 14, .ofs_x = 0, .ofs_y = -2},
    {.bitmap_index = 64402, .adv_w = 224, .box_w = 14, .box_h = 13, .ofs_x = 0, .ofs_y = -1},
    {.bitmap_index = 64493, .adv_w = 224, .box_w = 14, .box_h = 13, .ofs_x = 0, .ofs_y = -1},
    {.bitmap_index = 64584, .adv_w = 224, .box_w = 14, .box_h = 13, .ofs_x = 0, .ofs_y = -1},
    {.bitmap_index = 64675, .adv_w = 224, .box_w = 14, .box_h = 14, .ofs_x = 0, .ofs_y = -2},
    {.bitmap_index = 64773, .adv_w = 224, .box_w = 14, .box_h = 13, .ofs_x = 0, .ofs_y = -1},
    {.bitmap_index = 64864, .adv_w = 224, .box_w = 14, .box_h = 13, .ofs_x = 0, .ofs_y = -1},
    {.bitmap_index = 64955, .adv_w = 224, .box_w = 13, .box_h = 13, .ofs_x = 0, .ofs_y = -1},
    {.bitmap_index = 65040, .adv_w = 224, .box_w = 12, .box_h = 14, .ofs_x = 1, .ofs_y = -1},
    {.bitmap_index = 65124, .adv_w = 224, .box_w = 14, .box_h = 13, .ofs_x = 0, .ofs_y = -1},
    {.bitmap_index = 65215, .adv_w = 224, .box_w = 14, .box_h = 13, .ofs_x = 0, .ofs_y = -1},
    {.bitmap_index = 65306, .adv_w = 224, .box_w = 14, .box_h = 15, .ofs_x = 0, .ofs_y = -2},
    {.bitmap_index = 65411, .adv_w = 224, .box_w = 14, .box_h = 15, .ofs_x = 0, .ofs_y = -2},
    {.bitmap_index = 65516, .adv_w = 224, .box_w = 14, .box_h = 15, .ofs_x = 0, .ofs_y = -2},
    {.bitmap_index = 65621, .adv_w = 224, .box_w = 14, .box_h = 15, .ofs_x = 0, .ofs_y = -2},
    {.bitmap_index = 65726, .adv_w = 224, .box_w = 14, .box_h = 14, .ofs_x = 0, .ofs_y = -1},
    {.bitmap_index = 65824, .adv_w = 224, .box_w = 14, .box_h = 14, .ofs_x = 0, .ofs_y = -2},
    {.bitmap_index = 65922, .adv_w = 224, .box_w = 14, .box_h = 14, .ofs_x = 0, .ofs_y = -2},
    {.bitmap_index = 66020, .adv_w = 224, .box_w = 14, .box_h = 13, .ofs_x = 0, .ofs_y = -1},
    {.bitmap_index = 66111, .adv_w = 224, .box_w = 14, .box_h = 14, .ofs_x = 0, .ofs_y = -2},
    {.bitmap_index = 66209, .adv_w = 224, .box_w = 14, .box_h = 14, .ofs_x = 0, .ofs_y = -2},
    {.bitmap_index = 66307, .adv_w = 224, .box_w = 14, .box_h = 14, .ofs_x = 0, .ofs_y = -2},
    {.bitmap_index = 66405, .adv_w = 224, .box_w = 14, .box_h = 14, .ofs_x = 0, .ofs_y = -1},
    {.bitmap_index = 66503, .adv_w = 224, .box_w = 14, .box_h = 13, .ofs_x = 0, .ofs_y = -1},
    {.bitmap_index = 66594, .adv_w = 224, .box_w = 14, .box_h = 13, .ofs_x = 0, .ofs_y = -1},
    {.bitmap_index = 66685, .adv_w = 224, .box_w = 14, .box_h = 14, .ofs_x = 0, .ofs_y = -2},
    {.bitmap_index = 66783, .adv_w = 224, .box_w = 14, .box_h = 15, .ofs_x = 0, .ofs_y = -2},
    {.bitmap_index = 66888, .adv_w = 224, .box_w = 14, .box_h = 15, .ofs_x = 0, .ofs_y = -2},
    {.bitmap_index = 66993, .adv_w = 224, .box_w = 13, .box_h = 14, .ofs_x = 0, .ofs_y = -2},
    {.bitmap_index = 67084, .adv_w = 224, .box_w = 14, .box_h = 13, .ofs_x = 0, .ofs_y = -1},
    {.bitmap_index = 67175, .adv_w = 224, .box_w = 14, .box_h = 14, .ofs_x = 0, .ofs_y = -2},
    {.bitmap_index = 67273, .adv_w = 224, .box_w = 14, .box_h = 15, .ofs_x = 0, .ofs_y = -2},
    {.bitmap_index = 67378, .adv_w = 224, .box_w = 14, .box_h = 15, .ofs_x = 0, .ofs_y = -2},
    {.bitmap_index = 67483, .adv_w = 224, .box_w = 14, .box_h = 14, .ofs_x = 0, .ofs_y = -1},
    {.bitmap_index = 67581, .adv_w = 224, .box_w = 14, .box_h = 14, .ofs_x = 0, .ofs_y = -1},
    {.bitmap_index = 67679, .adv_w = 224, .box_w = 14, .box_h = 15, .ofs_x = 0, .ofs_y = -2},
    {.bitmap_index = 67784, .adv_w = 224, .box_w = 14, .box_h = 14, .ofs_x = 0, .ofs_y = -2},
    {.bitmap_index = 67882, .adv_w = 224, .box_w = 14, .box_h = 14, .ofs_x = 0, .ofs_y = -2},
    {.bitmap_index = 67980, .adv_w = 224, .box_w = 14, .box_h = 14, .ofs_x = 0, .ofs_y = -2},
    {.bitmap_index = 68078, .adv_w = 224, .box_w = 14, .box_h = 13, .ofs_x = 0, .ofs_y = -1},
    {.bitmap_index = 68169, .adv_w = 224, .box_w = 14, .box_h = 13, .ofs_x = 0, .ofs_y = -1},
    {.bitmap_index = 68260, .adv_w = 224, .box_w = 14, .box_h = 14, .ofs_x = 0, .ofs_y = -2},
    {.bitmap_index = 68358, .adv_w = 224, .box_w = 14, .box_h = 14, .ofs_x = 0, .ofs_y = -2},
    {.bitmap_index = 68456, .adv_w = 224, .box_w = 14, .box_h = 13, .ofs_x = 0, .ofs_y = -1},
    {.bitmap_index = 68547, .adv_w = 224, .box_w = 14, .box_h = 14, .ofs_x = 0, .ofs_y = -1},
    {.bitmap_index = 68645, .adv_w = 224, .box_w = 14, .box_h = 13, .ofs_x = 0, .ofs_y = -1},
    {.bitmap_index = 68736, .adv_w = 224, .box_w = 14, .box_h = 13, .ofs_x = 0, .ofs_y = -1},
    {.bitmap_index = 68827, .adv_w = 224, .box_w = 14, .box_h = 13, .ofs_x = 0, .ofs_y = -1},
    {.bitmap_index = 68918, .adv_w = 224, .box_w = 13, .box_h = 14, .ofs_x = 0, .ofs_y = -2},
    {.bitmap_index = 69009, .adv_w = 224, .box_w = 14, .box_h = 13, .ofs_x = 0, .ofs_y = -1},
    {.bitmap_index = 69100, .adv_w = 224, .box_w = 14, .box_h = 14, .ofs_x = 0, .ofs_y = -2},
    {.bitmap_index = 69198, .adv_w = 224, .box_w = 14, .box_h = 14, .ofs_x = 0, .ofs_y = -2},
    {.bitmap_index = 69296, .adv_w = 224, .box_w = 14, .box_h = 14, .ofs_x = 0, .ofs_y = -2},
    {.bitmap_index = 69394, .adv_w = 224, .box_w = 14, .box_h = 14, .ofs_x = 0, .ofs_y = -1},
    {.bitmap_index = 69492, .adv_w = 224, .box_w = 14, .box_h = 13, .ofs_x = 0, .ofs_y = -1},
    {.bitmap_index = 69583, .adv_w = 224, .box_w = 14, .box_h = 13, .ofs_x = 0, .ofs_y = -1},
    {.bitmap_index = 69674, .adv_w = 224, .box_w = 14, .box_h = 14, .ofs_x = 0, .ofs_y = -2},
    {.bitmap_index = 69772, .adv_w = 224, .box_w = 14, .box_h = 14, .ofs_x = 0, .ofs_y = -2},
    {.bitmap_index = 69870, .adv_w = 224, .box_w = 14, .box_h = 14, .ofs_x = 0, .ofs_y = -2},
    {.bitmap_index = 69968, .adv_w = 224, .box_w = 14, .box_h = 14, .ofs_x = 0, .ofs_y = -2},
    {.bitmap_index = 70066, .adv_w = 224, .box_w = 14, .box_h = 13, .ofs_x = 0, .ofs_y = -1},
    {.bitmap_index = 70157, .adv_w = 224, .box_w = 12, .box_h = 12, .ofs_x = 1, .ofs_y = -1},
    {.bitmap_index = 70229, .adv_w = 224, .box_w = 12, .box_h = 13, .ofs_x = 1, .ofs_y = -2},
    {.bitmap_index = 70307, .adv_w = 224, .box_w = 14, .box_h = 12, .ofs_x = 0, .ofs_y = -1},
    {.bitmap_index = 70391, .adv_w = 224, .box_w = 14, .box_h = 13, .ofs_x = 0, .ofs_y = -1},
    {.bitmap_index = 70482, .adv_w = 224, .box_w = 14, .box_h = 14, .ofs_x = 0, .ofs_y = -2},
    {.bitmap_index = 70580, .adv_w = 224, .box_w = 14, .box_h = 14, .ofs_x = 0, .ofs_y = -2},
    {.bitmap_index = 70678, .adv_w = 224, .box_w = 14, .box_h = 12, .ofs_x = 0, .ofs_y = -1},
    {.bitmap_index = 70762, .adv_w = 224, .box_w = 14, .box_h = 13, .ofs_x = 0, .ofs_y = -1},
    {.bitmap_index = 70853, .adv_w = 224, .box_w = 14, .box_h = 13, .ofs_x = 0, .ofs_y = -1},
    {.bitmap_index = 70944, .adv_w = 224, .box_w = 14, .box_h = 14, .ofs_x = 0, .ofs_y = -2},
    {.bitmap_index = 71042, .adv_w = 224, .box_w = 14, .box_h = 14, .ofs_x = 0, .ofs_y = -2},
    {.bitmap_index = 71140, .adv_w = 224, .box_w = 13, .box_h = 12, .ofs_x = 0, .ofs_y = -1},
    {.bitmap_index = 71218, .adv_w = 224, .box_w = 14, .box_h = 14, .ofs_x = 0, .ofs_y = -2},
    {.bitmap_index = 71316, .adv_w = 224, .box_w = 14, .box_h = 12, .ofs_x = 0, .ofs_y = -1},
    {.bitmap_index = 71400, .adv_w = 224, .box_w = 14, .box_h = 14, .ofs_x = 0, .ofs_y = -2},
    {.bitmap_index = 71498, .adv_w = 224, .box_w = 12, .box_h = 14, .ofs_x = 1, .ofs_y = -2},
    {.bitmap_index = 71582, .adv_w = 224, .box_w = 14, .box_h = 14, .ofs_x = 0, .ofs_y = -2},
    {.bitmap_index = 71680, .adv_w = 224, .box_w = 14, .box_h = 14, .ofs_x = 0, .ofs_y = -2},
    {.bitmap_index = 71778, .adv_w = 224, .box_w = 14, .box_h = 13, .ofs_x = 0, .ofs_y = -2},
    {.bitmap_index = 71869, .adv_w = 224, .box_w = 14, .box_h = 14, .ofs_x = 0, .ofs_y = -2},
    {.bitmap_index = 71967, .adv_w = 224, .box_w = 14, .box_h = 13, .ofs_x = 0, .ofs_y = -2},
    {.bitmap_index = 72058, .adv_w = 224, .box_w = 14, .box_h = 14, .ofs_x = 0, .ofs_y = -2},
    {.bitmap_index = 72156, .adv_w = 224, .box_w = 14, .box_h = 14, .ofs_x = 0, .ofs_y = -2},
    {.bitmap_index = 72254, .adv_w = 224, .box_w = 14, .box_h = 14, .ofs_x = 0, .ofs_y = -2},
    {.bitmap_index = 72352, .adv_w = 224, .box_w = 13, .box_h = 13, .ofs_x = 1, .ofs_y = -1},
    {.bitmap_index = 72437, .adv_w = 224, .box_w = 14, .box_h = 14, .ofs_x = 0, .ofs_y = -2},
    {.bitmap_index = 72535, .adv_w = 224, .box_w = 14, .box_h = 14, .ofs_x = 0, .ofs_y = -2},
    {.bitmap_index = 72633, .adv_w = 224, .box_w = 14, .box_h = 13, .ofs_x = 0, .ofs_y = -2},
    {.bitmap_index = 72724, .adv_w = 224, .box_w = 14, .box_h = 14, .ofs_x = 0, .ofs_y = -2},
    {.bitmap_index = 72822, .adv_w = 224, .box_w = 14, .box_h = 13, .ofs_x = 0, .ofs_y = -1},
    {.bitmap_index = 72913, .adv_w = 224, .box_w = 14, .box_h = 14, .ofs_x = 0, .ofs_y = -2},
    {.bitmap_index = 73011, .adv_w = 224, .box_w = 14, .box_h = 14, .ofs_x = 0, .ofs_y = -2},
    {.bitmap_index = 73109, .adv_w = 224, .box_w = 14, .box_h = 13, .ofs_x = 0, .ofs_y = -1},
    {.bitmap_index = 73200, .adv_w = 224, .box_w = 14, .box_h = 14, .ofs_x = 0, .ofs_y = -2},
    {.bitmap_index = 73298, .adv_w = 224, .box_w = 14, .box_h = 14, .ofs_x = 0, .ofs_y = -2},
    {.bitmap_index = 73396, .adv_w = 224, .box_w = 14, .box_h = 15, .ofs_x = 0, .ofs_y = -2},
    {.bitmap_index = 73501, .adv_w = 224, .box_w = 14, .box_h = 14, .ofs_x = 0, .ofs_y = -2},
    {.bitmap_index = 73599, .adv_w = 224, .box_w = 14, .box_h = 14, .ofs_x = 0, .ofs_y = -2},
    {.bitmap_index = 73697, .adv_w = 224, .box_w = 14, .box_h = 14, .ofs_x = 0, .ofs_y = -2},
    {.bitmap_index = 73795, .adv_w = 224, .box_w = 14, .box_h = 14, .ofs_x = 0, .ofs_y = -2},
    {.bitmap_index = 73893, .adv_w = 224, .box_w = 14, .box_h = 13, .ofs_x = 0, .ofs_y = -2},
    {.bitmap_index = 73984, .adv_w = 224, .box_w = 14, .box_h = 14, .ofs_x = 0, .ofs_y = -2},
    {.bitmap_index = 74082, .adv_w = 224, .box_w = 10, .box_h = 14, .ofs_x = 2, .ofs_y = -2},
    {.bitmap_index = 74152, .adv_w = 224, .box_w = 14, .box_h = 12, .ofs_x = 0, .ofs_y = -1},
    {.bitmap_index = 74236, .adv_w = 224, .box_w = 14, .box_h = 14, .ofs_x = 0, .ofs_y = -2},
    {.bitmap_index = 74334, .adv_w = 224, .box_w = 12, .box_h = 14, .ofs_x = 1, .ofs_y = -2},
    {.bitmap_index = 74418, .adv_w = 224, .box_w = 13, .box_h = 14, .ofs_x = 1, .ofs_y = -2},
    {.bitmap_index = 74509, .adv_w = 224, .box_w = 14, .box_h = 14, .ofs_x = 0, .ofs_y = -1},
    {.bitmap_index = 74607, .adv_w = 224, .box_w = 14, .box_h = 14, .ofs_x = 0, .ofs_y = -2},
    {.bitmap_index = 74705, .adv_w = 224, .box_w = 14, .box_h = 14, .ofs_x = 0, .ofs_y = -2},
    {.bitmap_index = 74803, .adv_w = 224, .box_w = 14, .box_h = 14, .ofs_x = 0, .ofs_y = -2},
    {.bitmap_index = 74901, .adv_w = 224, .box_w = 14, .box_h = 14, .ofs_x = 0, .ofs_y = -2},
    {.bitmap_index = 74999, .adv_w = 224, .box_w = 14, .box_h = 14, .ofs_x = 0, .ofs_y = -2},
    {.bitmap_index = 75097, .adv_w = 224, .box_w = 14, .box_h = 14, .ofs_x = 0, .ofs_y = -2},
    {.bitmap_index = 75195, .adv_w = 224, .box_w = 14, .box_h = 14, .ofs_x = 0, .ofs_y = -2},
    {.bitmap_index = 75293, .adv_w = 224, .box_w = 14, .box_h = 13, .ofs_x = 0, .ofs_y = -1},
    {.bitmap_index = 75384, .adv_w = 224, .box_w = 14, .box_h = 14, .ofs_x = 0, .ofs_y = -2},
    {.bitmap_index = 75482, .adv_w = 224, .box_w = 14, .box_h = 14, .ofs_x = 0, .ofs_y = -2},
    {.bitmap_index = 75580, .adv_w = 224, .box_w = 14, .box_h = 14, .ofs_x = 0, .ofs_y = -2},
    {.bitmap_index = 75678, .adv_w = 224, .box_w = 14, .box_h = 14, .ofs_x = 0, .ofs_y = -2},
    {.bitmap_index = 75776, .adv_w = 224, .box_w = 14, .box_h = 13, .ofs_x = 0, .ofs_y = -1},
    {.bitmap_index = 75867, .adv_w = 224, .box_w = 14, .box_h = 14, .ofs_x = 0, .ofs_y = -2},
    {.bitmap_index = 75965, .adv_w = 224, .box_w = 14, .box_h = 13, .ofs_x = 0, .ofs_y = -1},
    {.bitmap_index = 76056, .adv_w = 224, .box_w = 14, .box_h = 14, .ofs_x = 0, .ofs_y = -2},
    {.bitmap_index = 76154, .adv_w = 224, .box_w = 14, .box_h = 14, .ofs_x = 0, .ofs_y = -2},
    {.bitmap_index = 76252, .adv_w = 224, .box_w = 14, .box_h = 13, .ofs_x = 0, .ofs_y = -1},
    {.bitmap_index = 76343, .adv_w = 224, .box_w = 14, .box_h = 14, .ofs_x = 0, .ofs_y = -2},
    {.bitmap_index = 76441, .adv_w = 224, .box_w = 14, .box_h = 13, .ofs_x = 0, .ofs_y = -1},
    {.bitmap_index = 76532, .adv_w = 224, .box_w = 13, .box_h = 14, .ofs_x = 0, .ofs_y = -2},
    {.bitmap_index = 76623, .adv_w = 224, .box_w = 14, .box_h = 13, .ofs_x = 0, .ofs_y = -1},
    {.bitmap_index = 76714, .adv_w = 224, .box_w = 14, .box_h = 14, .ofs_x = 0, .ofs_y = -2},
    {.bitmap_index = 76812, .adv_w = 224, .box_w = 14, .box_h = 14, .ofs_x = 0, .ofs_y = -2},
    {.bitmap_index = 76910, .adv_w = 224, .box_w = 14, .box_h = 14, .ofs_x = 0, .ofs_y = -2},
    {.bitmap_index = 77008, .adv_w = 224, .box_w = 14, .box_h = 13, .ofs_x = 0, .ofs_y = -1},
    {.bitmap_index = 77099, .adv_w = 224, .box_w = 14, .box_h = 14, .ofs_x = 0, .ofs_y = -2},
    {.bitmap_index = 77197, .adv_w = 224, .box_w = 14, .box_h = 13, .ofs_x = 0, .ofs_y = -1},
    {.bitmap_index = 77288, .adv_w = 224, .box_w = 14, .box_h = 14, .ofs_x = 0, .ofs_y = -2},
    {.bitmap_index = 77386, .adv_w = 224, .box_w = 14, .box_h = 14, .ofs_x = 0, .ofs_y = -2},
    {.bitmap_index = 77484, .adv_w = 224, .box_w = 14, .box_h = 13, .ofs_x = 0, .ofs_y = -1},
    {.bitmap_index = 77575, .adv_w = 224, .box_w = 14, .box_h = 14, .ofs_x = 0, .ofs_y = -2},
    {.bitmap_index = 77673, .adv_w = 224, .box_w = 14, .box_h = 13, .ofs_x = 0, .ofs_y = -1},
    {.bitmap_index = 77764, .adv_w = 224, .box_w = 14, .box_h = 13, .ofs_x = 0, .ofs_y = -1},
    {.bitmap_index = 77855, .adv_w = 224, .box_w = 14, .box_h = 14, .ofs_x = 0, .ofs_y = -2},
    {.bitmap_index = 77953, .adv_w = 224, .box_w = 14, .box_h = 14, .ofs_x = 0, .ofs_y = -2},
    {.bitmap_index = 78051, .adv_w = 224, .box_w = 14, .box_h = 13, .ofs_x = 0, .ofs_y = -1},
    {.bitmap_index = 78142, .adv_w = 224, .box_w = 13, .box_h = 14, .ofs_x = 1, .ofs_y = -2},
    {.bitmap_index = 78233, .adv_w = 224, .box_w = 14, .box_h = 13, .ofs_x = 0, .ofs_y = -1},
    {.bitmap_index = 78324, .adv_w = 224, .box_w = 14, .box_h = 13, .ofs_x = 0, .ofs_y = -1},
    {.bitmap_index = 78415, .adv_w = 224, .box_w = 14, .box_h = 14, .ofs_x = 0, .ofs_y = -1},
    {.bitmap_index = 78513, .adv_w = 224, .box_w = 14, .box_h = 14, .ofs_x = 0, .ofs_y = -2},
    {.bitmap_index = 78611, .adv_w = 224, .box_w = 14, .box_h = 14, .ofs_x = 0, .ofs_y = -2},
    {.bitmap_index = 78709, .adv_w = 224, .box_w = 14, .box_h = 13, .ofs_x = 0, .ofs_y = -1},
    {.bitmap_index = 78800, .adv_w = 224, .box_w = 14, .box_h = 14, .ofs_x = 0, .ofs_y = -2},
    {.bitmap_index = 78898, .adv_w = 224, .box_w = 14, .box_h = 14, .ofs_x = 0, .ofs_y = -2},
    {.bitmap_index = 78996, .adv_w = 224, .box_w = 14, .box_h = 14, .ofs_x = 0, .ofs_y = -2},
    {.bitmap_index = 79094, .adv_w = 224, .box_w = 14, .box_h = 13, .ofs_x = 0, .ofs_y = -1},
    {.bitmap_index = 79185, .adv_w = 224, .box_w = 14, .box_h = 14, .ofs_x = 0, .ofs_y = -2},
    {.bitmap_index = 79283, .adv_w = 224, .box_w = 14, .box_h = 14, .ofs_x = 0, .ofs_y = -2},
    {.bitmap_index = 79381, .adv_w = 224, .box_w = 14, .box_h = 14, .ofs_x = 0, .ofs_y = -2},
    {.bitmap_index = 79479, .adv_w = 224, .box_w = 14, .box_h = 14, .ofs_x = 0, .ofs_y = -2},
    {.bitmap_index = 79577, .adv_w = 224, .box_w = 14, .box_h = 14, .ofs_x = 0, .ofs_y = -2},
    {.bitmap_index = 79675, .adv_w = 224, .box_w = 14, .box_h = 14, .ofs_x = 0, .ofs_y = -2},
    {.bitmap_index = 79773, .adv_w = 224, .box_w = 14, .box_h = 13, .ofs_x = 0, .ofs_y = -1},
    {.bitmap_index = 79864, .adv_w = 224, .box_w = 14, .box_h = 13, .ofs_x = 0, .ofs_y = -1},
    {.bitmap_index = 79955, .adv_w = 224, .box_w = 14, .box_h = 13, .ofs_x = 0, .ofs_y = -2},
    {.bitmap_index = 80046, .adv_w = 224, .box_w = 14, .box_h = 13, .ofs_x = 0, .ofs_y = -1},
    {.bitmap_index = 80137, .adv_w = 224, .box_w = 14, .box_h = 14, .ofs_x = 0, .ofs_y = -2},
    {.bitmap_index = 80235, .adv_w = 224, .box_w = 13, .box_h = 13, .ofs_x = 0, .ofs_y = -2},
    {.bitmap_index = 80320, .adv_w = 224, .box_w = 14, .box_h = 14, .ofs_x = 0, .ofs_y = -1},
    {.bitmap_index = 80418, .adv_w = 224, .box_w = 13, .box_h = 13, .ofs_x = 1, .ofs_y = -1},
    {.bitmap_index = 80503, .adv_w = 224, .box_w = 14, .box_h = 14, .ofs_x = 0, .ofs_y = -2},
    {.bitmap_index = 80601, .adv_w = 224, .box_w = 14, .box_h = 14, .ofs_x = 0, .ofs_y = -2},
    {.bitmap_index = 80699, .adv_w = 224, .box_w = 14, .box_h = 13, .ofs_x = 0, .ofs_y = -1},
    {.bitmap_index = 80790, .adv_w = 224, .box_w = 14, .box_h = 14, .ofs_x = 0, .ofs_y = -2},
    {.bitmap_index = 80888, .adv_w = 224, .box_w = 14, .box_h = 14, .ofs_x = 0, .ofs_y = -2},
    {.bitmap_index = 80986, .adv_w = 224, .box_w = 14, .box_h = 14, .ofs_x = 0, .ofs_y = -1},
    {.bitmap_index = 81084, .adv_w = 224, .box_w = 14, .box_h = 14, .ofs_x = 0, .ofs_y = -2},
    {.bitmap_index = 81182, .adv_w = 224, .box_w = 14, .box_h = 14, .ofs_x = 0, .ofs_y = -2},
    {.bitmap_index = 81280, .adv_w = 224, .box_w = 14, .box_h = 13, .ofs_x = 0, .ofs_y = -1},
    {.bitmap_index = 81371, .adv_w = 224, .box_w = 14, .box_h = 13, .ofs_x = 0, .ofs_y = -2},
    {.bitmap_index = 81462, .adv_w = 224, .box_w = 14, .box_h = 13, .ofs_x = 0, .ofs_y = -2},
    {.bitmap_index = 81553, .adv_w = 224, .box_w = 14, .box_h = 14, .ofs_x = 0, .ofs_y = -2},
    {.bitmap_index = 81651, .adv_w = 224, .box_w = 13, .box_h = 14, .ofs_x = 0, .ofs_y = -2},
    {.bitmap_index = 81742, .adv_w = 224, .box_w = 14, .box_h = 14, .ofs_x = 0, .ofs_y = -2},
    {.bitmap_index = 81840, .adv_w = 224, .box_w = 14, .box_h = 13, .ofs_x = 0, .ofs_y = -1},
    {.bitmap_index = 81931, .adv_w = 224, .box_w = 14, .box_h = 14, .ofs_x = 0, .ofs_y = -2},
    {.bitmap_index = 82029, .adv_w = 224, .box_w = 14, .box_h = 13, .ofs_x = 0, .ofs_y = -1},
    {.bitmap_index = 82120, .adv_w = 224, .box_w = 14, .box_h = 13, .ofs_x = 0, .ofs_y = -1},
    {.bitmap_index = 82211, .adv_w = 224, .box_w = 14, .box_h = 13, .ofs_x = 0, .ofs_y = -1},
    {.bitmap_index = 82302, .adv_w = 224, .box_w = 13, .box_h = 13, .ofs_x = 0, .ofs_y = -1},
    {.bitmap_index = 82387, .adv_w = 224, .box_w = 14, .box_h = 14, .ofs_x = 0, .ofs_y = -2},
    {.bitmap_index = 82485, .adv_w = 224, .box_w = 13, .box_h = 14, .ofs_x = 0, .ofs_y = -2},
    {.bitmap_index = 82576, .adv_w = 224, .box_w = 14, .box_h = 14, .ofs_x = 0, .ofs_y = -2},
    {.bitmap_index = 82674, .adv_w = 224, .box_w = 14, .box_h = 14, .ofs_x = 0, .ofs_y = -2},
    {.bitmap_index = 82772, .adv_w = 224, .box_w = 14, .box_h = 12, .ofs_x = 0, .ofs_y = -1},
    {.bitmap_index = 82856, .adv_w = 224, .box_w = 14, .box_h = 12, .ofs_x = 0, .ofs_y = -1},
    {.bitmap_index = 82940, .adv_w = 224, .box_w = 14, .box_h = 13, .ofs_x = 0, .ofs_y = -1},
    {.bitmap_index = 83031, .adv_w = 224, .box_w = 14, .box_h = 14, .ofs_x = 0, .ofs_y = -2},
    {.bitmap_index = 83129, .adv_w = 224, .box_w = 13, .box_h = 13, .ofs_x = 1, .ofs_y = -2},
    {.bitmap_index = 83214, .adv_w = 224, .box_w = 13, .box_h = 14, .ofs_x = 1, .ofs_y = -2},
    {.bitmap_index = 83305, .adv_w = 224, .box_w = 14, .box_h = 15, .ofs_x = 0, .ofs_y = -2},
    {.bitmap_index = 83410, .adv_w = 224, .box_w = 14, .box_h = 13, .ofs_x = 0, .ofs_y = -1},
    {.bitmap_index = 83501, .adv_w = 224, .box_w = 13, .box_h = 13, .ofs_x = 1, .ofs_y = -1},
    {.bitmap_index = 83586, .adv_w = 224, .box_w = 13, .box_h = 14, .ofs_x = 0, .ofs_y = -2},
    {.bitmap_index = 83677, .adv_w = 224, .box_w = 14, .box_h = 14, .ofs_x = 0, .ofs_y = -2},
    {.bitmap_index = 83775, .adv_w = 224, .box_w = 14, .box_h = 14, .ofs_x = 0, .ofs_y = -2},
    {.bitmap_index = 83873, .adv_w = 224, .box_w = 14, .box_h = 14, .ofs_x = 0, .ofs_y = -2},
    {.bitmap_index = 83971, .adv_w = 224, .box_w = 14, .box_h = 13, .ofs_x = 0, .ofs_y = -2},
    {.bitmap_index = 84062, .adv_w = 224, .box_w = 14, .box_h = 13, .ofs_x = 0, .ofs_y = -1},
    {.bitmap_index = 84153, .adv_w = 224, .box_w = 14, .box_h = 14, .ofs_x = 0, .ofs_y = -2},
    {.bitmap_index = 84251, .adv_w = 224, .box_w = 14, .box_h = 14, .ofs_x = 0, .ofs_y = -1},
    {.bitmap_index = 84349, .adv_w = 224, .box_w = 14, .box_h = 14, .ofs_x = 0, .ofs_y = -2},
    {.bitmap_index = 84447, .adv_w = 224, .box_w = 14, .box_h = 14, .ofs_x = 0, .ofs_y = -2},
    {.bitmap_index = 84545, .adv_w = 224, .box_w = 14, .box_h = 14, .ofs_x = 0, .ofs_y = -2},
    {.bitmap_index = 84643, .adv_w = 224, .box_w = 14, .box_h = 13, .ofs_x = 0, .ofs_y = -1},
    {.bitmap_index = 84734, .adv_w = 224, .box_w = 14, .box_h = 13, .ofs_x = 0, .ofs_y = -1},
    {.bitmap_index = 84825, .adv_w = 224, .box_w = 14, .box_h = 13, .ofs_x = 0, .ofs_y = -1},
    {.bitmap_index = 84916, .adv_w = 224, .box_w = 14, .box_h = 14, .ofs_x = 0, .ofs_y = -1},
    {.bitmap_index = 85014, .adv_w = 224, .box_w = 14, .box_h = 13, .ofs_x = 0, .ofs_y = -2},
    {.bitmap_index = 85105, .adv_w = 224, .box_w = 14, .box_h = 14, .ofs_x = 0, .ofs_y = -2},
    {.bitmap_index = 85203, .adv_w = 224, .box_w = 14, .box_h = 14, .ofs_x = 0, .ofs_y = -2},
    {.bitmap_index = 85301, .adv_w = 224, .box_w = 14, .box_h = 14, .ofs_x = 0, .ofs_y = -2},
    {.bitmap_index = 85399, .adv_w = 224, .box_w = 14, .box_h = 14, .ofs_x = 0, .ofs_y = -2},
    {.bitmap_index = 85497, .adv_w = 224, .box_w = 14, .box_h = 13, .ofs_x = 0, .ofs_y = -1},
    {.bitmap_index = 85588, .adv_w = 224, .box_w = 14, .box_h = 14, .ofs_x = 0, .ofs_y = -2},
    {.bitmap_index = 85686, .adv_w = 224, .box_w = 14, .box_h = 14, .ofs_x = 0, .ofs_y = -2},
    {.bitmap_index = 85784, .adv_w = 224, .box_w = 14, .box_h = 14, .ofs_x = 0, .ofs_y = -2},
    {.bitmap_index = 85882, .adv_w = 224, .box_w = 14, .box_h = 14, .ofs_x = 0, .ofs_y = -2},
    {.bitmap_index = 85980, .adv_w = 224, .box_w = 14, .box_h = 14, .ofs_x = 0, .ofs_y = -2},
    {.bitmap_index = 86078, .adv_w = 224, .box_w = 14, .box_h = 14, .ofs_x = 0, .ofs_y = -2},
    {.bitmap_index = 86176, .adv_w = 224, .box_w = 14, .box_h = 14, .ofs_x = 0, .ofs_y = -2},
    {.bitmap_index = 86274, .adv_w = 224, .box_w = 14, .box_h = 14, .ofs_x = 0, .ofs_y = -2},
    {.bitmap_index = 86372, .adv_w = 224, .box_w = 14, .box_h = 14, .ofs_x = 0, .ofs_y = -2},
    {.bitmap_index = 86470, .adv_w = 224, .box_w = 14, .box_h = 14, .ofs_x = 0, .ofs_y = -2},
    {.bitmap_index = 86568, .adv_w = 224, .box_w = 15, .box_h = 14, .ofs_x = 0, .ofs_y = -2},
    {.bitmap_index = 86673, .adv_w = 224, .box_w = 14, .box_h = 14, .ofs_x = 0, .ofs_y = -2},
    {.bitmap_index = 86771, .adv_w = 224, .box_w = 14, .box_h = 14, .ofs_x = 0, .ofs_y = -2},
    {.bitmap_index = 86869, .adv_w = 224, .box_w = 14, .box_h = 14, .ofs_x = 0, .ofs_y = -2},
    {.bitmap_index = 86967, .adv_w = 224, .box_w = 14, .box_h = 13, .ofs_x = 0, .ofs_y = -1},
    {.bitmap_index = 87058, .adv_w = 224, .box_w = 14, .box_h = 13, .ofs_x = 0, .ofs_y = -1},
    {.bitmap_index = 87149, .adv_w = 224, .box_w = 14, .box_h = 13, .ofs_x = 0, .ofs_y = -1},
    {.bitmap_index = 87240, .adv_w = 224, .box_w = 14, .box_h = 13, .ofs_x = 0, .ofs_y = -1},
    {.bitmap_index = 87331, .adv_w = 224, .box_w = 14, .box_h = 13, .ofs_x = 0, .ofs_y = -1},
    {.bitmap_index = 87422, .adv_w = 224, .box_w = 14, .box_h = 14, .ofs_x = 0, .ofs_y = -2},
    {.bitmap_index = 87520, .adv_w = 224, .box_w = 14, .box_h = 14, .ofs_x = 0, .ofs_y = -2},
    {.bitmap_index = 87618, .adv_w = 224, .box_w = 14, .box_h = 13, .ofs_x = 0, .ofs_y = -1},
    {.bitmap_index = 87709, .adv_w = 224, .box_w = 14, .box_h = 14, .ofs_x = 0, .ofs_y = -2},
    {.bitmap_index = 87807, .adv_w = 224, .box_w = 14, .box_h = 14, .ofs_x = 0, .ofs_y = -2},
    {.bitmap_index = 87905, .adv_w = 224, .box_w = 14, .box_h = 14, .ofs_x = 0, .ofs_y = -2},
    {.bitmap_index = 88003, .adv_w = 224, .box_w = 14, .box_h = 14, .ofs_x = 0, .ofs_y = -1},
    {.bitmap_index = 88101, .adv_w = 224, .box_w = 14, .box_h = 14, .ofs_x = 0, .ofs_y = -2},
    {.bitmap_index = 88199, .adv_w = 224, .box_w = 14, .box_h = 14, .ofs_x = 0, .ofs_y = -2},
    {.bitmap_index = 88297, .adv_w = 224, .box_w = 14, .box_h = 14, .ofs_x = 0, .ofs_y = -2},
    {.bitmap_index = 88395, .adv_w = 224, .box_w = 14, .box_h = 13, .ofs_x = 0, .ofs_y = -1},
    {.bitmap_index = 88486, .adv_w = 224, .box_w = 14, .box_h = 13, .ofs_x = 0, .ofs_y = -2},
    {.bitmap_index = 88577, .adv_w = 224, .box_w = 14, .box_h = 13, .ofs_x = 0, .ofs_y = -1},
    {.bitmap_index = 88668, .adv_w = 224, .box_w = 13, .box_h = 12, .ofs_x = 0, .ofs_y = -1},
    {.bitmap_index = 88746, .adv_w = 224, .box_w = 13, .box_h = 13, .ofs_x = 0, .ofs_y = -1},
    {.bitmap_index = 88831, .adv_w = 224, .box_w = 14, .box_h = 14, .ofs_x = 0, .ofs_y = -2},
    {.bitmap_index = 88929, .adv_w = 224, .box_w = 14, .box_h = 12, .ofs_x = 0, .ofs_y = -1},
    {.bitmap_index = 89013, .adv_w = 224, .box_w = 14, .box_h = 13, .ofs_x = 0, .ofs_y = -1},
    {.bitmap_index = 89104, .adv_w = 224, .box_w = 14, .box_h = 14, .ofs_x = 0, .ofs_y = -2},
    {.bitmap_index = 89202, .adv_w = 224, .box_w = 14, .box_h = 14, .ofs_x = 0, .ofs_y = -1},
    {.bitmap_index = 89300, .adv_w = 224, .box_w = 14, .box_h = 13, .ofs_x = 0, .ofs_y = -1},
    {.bitmap_index = 89391, .adv_w = 224, .box_w = 13, .box_h = 14, .ofs_x = 0, .ofs_y = -2},
    {.bitmap_index = 89482, .adv_w = 224, .box_w = 14, .box_h = 14, .ofs_x = 0, .ofs_y = -2},
    {.bitmap_index = 89580, .adv_w = 224, .box_w = 14, .box_h = 14, .ofs_x = 0, .ofs_y = -2},
    {.bitmap_index = 89678, .adv_w = 224, .box_w = 14, .box_h = 15, .ofs_x = 0, .ofs_y = -2},
    {.bitmap_index = 89783, .adv_w = 224, .box_w = 14, .box_h = 13, .ofs_x = 0, .ofs_y = -1},
    {.bitmap_index = 89874, .adv_w = 224, .box_w = 14, .box_h = 14, .ofs_x = 0, .ofs_y = -2},
    {.bitmap_index = 89972, .adv_w = 224, .box_w = 14, .box_h = 13, .ofs_x = 0, .ofs_y = -1},
    {.bitmap_index = 90063, .adv_w = 224, .box_w = 14, .box_h = 14, .ofs_x = 0, .ofs_y = -2},
    {.bitmap_index = 90161, .adv_w = 224, .box_w = 14, .box_h = 14, .ofs_x = 0, .ofs_y = -2},
    {.bitmap_index = 90259, .adv_w = 224, .box_w = 14, .box_h = 14, .ofs_x = 0, .ofs_y = -2},
    {.bitmap_index = 90357, .adv_w = 224, .box_w = 14, .box_h = 13, .ofs_x = 0, .ofs_y = -1},
    {.bitmap_index = 90448, .adv_w = 224, .box_w = 14, .box_h = 15, .ofs_x = 0, .ofs_y = -2},
    {.bitmap_index = 90553, .adv_w = 224, .box_w = 13, .box_h = 14, .ofs_x = 1, .ofs_y = -2},
    {.bitmap_index = 90644, .adv_w = 224, .box_w = 12, .box_h = 14, .ofs_x = 1, .ofs_y = -2},
    {.bitmap_index = 90728, .adv_w = 224, .box_w = 12, .box_h = 13, .ofs_x = 1, .ofs_y = -1},
    {.bitmap_index = 90806, .adv_w = 224, .box_w = 12, .box_h = 14, .ofs_x = 1, .ofs_y = -2},
    {.bitmap_index = 90890, .adv_w = 224, .box_w = 12, .box_h = 14, .ofs_x = 1, .ofs_y = -2},
    {.bitmap_index = 90974, .adv_w = 224, .box_w = 12, .box_h = 13, .ofs_x = 1, .ofs_y = -1},
    {.bitmap_index = 91052, .adv_w = 224, .box_w = 12, .box_h = 14, .ofs_x = 1, .ofs_y = -2},
    {.bitmap_index = 91136, .adv_w = 224, .box_w = 13, .box_h = 14, .ofs_x = 1, .ofs_y = -2},
    {.bitmap_index = 91227, .adv_w = 224, .box_w = 12, .box_h = 14, .ofs_x = 1, .ofs_y = -2},
    {.bitmap_index = 91311, .adv_w = 224, .box_w = 13, .box_h = 14, .ofs_x = 1, .ofs_y = -2},
    {.bitmap_index = 91402, .adv_w = 224, .box_w = 13, .box_h = 13, .ofs_x = 1, .ofs_y = -1},
    {.bitmap_index = 91487, .adv_w = 224, .box_w = 13, .box_h = 13, .ofs_x = 1, .ofs_y = -1},
    {.bitmap_index = 91572, .adv_w = 224, .box_w = 13, .box_h = 13, .ofs_x = 1, .ofs_y = -1},
    {.bitmap_index = 91657, .adv_w = 224, .box_w = 13, .box_h = 14, .ofs_x = 1, .ofs_y = -2},
    {.bitmap_index = 91748, .adv_w = 224, .box_w = 13, .box_h = 14, .ofs_x = 1, .ofs_y = -2},
    {.bitmap_index = 91839, .adv_w = 224, .box_w = 12, .box_h = 13, .ofs_x = 1, .ofs_y = -1},
    {.bitmap_index = 91917, .adv_w = 224, .box_w = 14, .box_h = 13, .ofs_x = 0, .ofs_y = -1},
    {.bitmap_index = 92008, .adv_w = 224, .box_w = 14, .box_h = 13, .ofs_x = 0, .ofs_y = -1},
    {.bitmap_index = 92099, .adv_w = 224, .box_w = 13, .box_h = 13, .ofs_x = 0, .ofs_y = -2},
    {.bitmap_index = 92184, .adv_w = 224, .box_w = 12, .box_h = 12, .ofs_x = 1, .ofs_y = -1},
    {.bitmap_index = 92256, .adv_w = 224, .box_w = 14, .box_h = 13, .ofs_x = 0, .ofs_y = -2},
    {.bitmap_index = 92347, .adv_w = 224, .box_w = 14, .box_h = 13, .ofs_x = 0, .ofs_y = -2},
    {.bitmap_index = 92438, .adv_w = 224, .box_w = 14, .box_h = 12, .ofs_x = 0, .ofs_y = -1},
    {.bitmap_index = 92522, .adv_w = 224, .box_w = 14, .box_h = 13, .ofs_x = 0, .ofs_y = -2},
    {.bitmap_index = 92613, .adv_w = 224, .box_w = 13, .box_h = 13, .ofs_x = 0, .ofs_y = -1},
    {.bitmap_index = 92698, .adv_w = 224, .box_w = 14, .box_h = 15, .ofs_x = 0, .ofs_y = -2},
    {.bitmap_index = 92803, .adv_w = 224, .box_w = 14, .box_h = 14, .ofs_x = 0, .ofs_y = -1},
    {.bitmap_index = 92901, .adv_w = 224, .box_w = 14, .box_h = 12, .ofs_x = 0, .ofs_y = -1},
    {.bitmap_index = 92985, .adv_w = 224, .box_w = 14, .box_h = 13, .ofs_x = 0, .ofs_y = -2},
    {.bitmap_index = 93076, .adv_w = 224, .box_w = 14, .box_h = 12, .ofs_x = 0, .ofs_y = -1},
    {.bitmap_index = 93160, .adv_w = 224, .box_w = 14, .box_h = 13, .ofs_x = 0, .ofs_y = -2},
    {.bitmap_index = 93251, .adv_w = 224, .box_w = 14, .box_h = 14, .ofs_x = 0, .ofs_y = -2},
    {.bitmap_index = 93349, .adv_w = 224, .box_w = 14, .box_h = 13, .ofs_x = 0, .ofs_y = -1},
    {.bitmap_index = 93440, .adv_w = 224, .box_w = 14, .box_h = 13, .ofs_x = 0, .ofs_y = -2},
    {.bitmap_index = 93531, .adv_w = 224, .box_w = 14, .box_h = 14, .ofs_x = 0, .ofs_y = -2},
    {.bitmap_index = 93629, .adv_w = 224, .box_w = 14, .box_h = 13, .ofs_x = 0, .ofs_y = -2},
    {.bitmap_index = 93720, .adv_w = 224, .box_w = 14, .box_h = 14, .ofs_x = 0, .ofs_y = -2},
    {.bitmap_index = 93818, .adv_w = 224, .box_w = 14, .box_h = 14, .ofs_x = 0, .ofs_y = -2},
    {.bitmap_index = 93916, .adv_w = 224, .box_w = 14, .box_h = 13, .ofs_x = 0, .ofs_y = -1},
    {.bitmap_index = 94007, .adv_w = 224, .box_w = 14, .box_h = 13, .ofs_x = 0, .ofs_y = -1},
    {.bitmap_index = 94098, .adv_w = 224, .box_w = 14, .box_h = 13, .ofs_x = 0, .ofs_y = -1},
    {.bitmap_index = 94189, .adv_w = 224, .box_w = 14, .box_h = 14, .ofs_x = 0, .ofs_y = -1},
    {.bitmap_index = 94287, .adv_w = 224, .box_w = 14, .box_h = 14, .ofs_x = 0, .ofs_y = -2},
    {.bitmap_index = 94385, .adv_w = 224, .box_w = 14, .box_h = 14, .ofs_x = 0, .ofs_y = -2},
    {.bitmap_index = 94483, .adv_w = 224, .box_w = 13, .box_h = 14, .ofs_x = 0, .ofs_y = -2},
    {.bitmap_index = 94574, .adv_w = 224, .box_w = 14, .box_h = 14, .ofs_x = 0, .ofs_y = -2},
    {.bitmap_index = 94672, .adv_w = 224, .box_w = 14, .box_h = 13, .ofs_x = 0, .ofs_y = -1},
    {.bitmap_index = 94763, .adv_w = 224, .box_w = 14, .box_h = 13, .ofs_x = 0, .ofs_y = -1},
    {.bitmap_index = 94854, .adv_w = 224, .box_w = 14, .box_h = 14, .ofs_x = 0, .ofs_y = -2},
    {.bitmap_index = 94952, .adv_w = 224, .box_w = 14, .box_h = 14, .ofs_x = 0, .ofs_y = -2},
    {.bitmap_index = 95050, .adv_w = 224, .box_w = 13, .box_h = 14, .ofs_x = 0, .ofs_y = -2},
    {.bitmap_index = 95141, .adv_w = 224, .box_w = 14, .box_h = 13, .ofs_x = 0, .ofs_y = -1},
    {.bitmap_index = 95232, .adv_w = 224, .box_w = 12, .box_h = 12, .ofs_x = 1, .ofs_y = -1},
    {.bitmap_index = 95304, .adv_w = 224, .box_w = 14, .box_h = 14, .ofs_x = 0, .ofs_y = -1},
    {.bitmap_index = 95402, .adv_w = 224, .box_w = 14, .box_h = 14, .ofs_x = 0, .ofs_y = -2},
    {.bitmap_index = 95500, .adv_w = 224, .box_w = 14, .box_h = 13, .ofs_x = 0, .ofs_y = -1},
    {.bitmap_index = 95591, .adv_w = 224, .box_w = 14, .box_h = 13, .ofs_x = 0, .ofs_y = -1},
    {.bitmap_index = 95682, .adv_w = 224, .box_w = 14, .box_h = 14, .ofs_x = 0, .ofs_y = -2},
    {.bitmap_index = 95780, .adv_w = 224, .box_w = 14, .box_h = 13, .ofs_x = 0, .ofs_y = -1},
    {.bitmap_index = 95871, .adv_w = 224, .box_w = 14, .box_h = 14, .ofs_x = 0, .ofs_y = -2},
    {.bitmap_index = 95969, .adv_w = 224, .box_w = 14, .box_h = 14, .ofs_x = 0, .ofs_y = -2},
    {.bitmap_index = 96067, .adv_w = 224, .box_w = 14, .box_h = 14, .ofs_x = 0, .ofs_y = -2},
    {.bitmap_index = 96165, .adv_w = 224, .box_w = 14, .box_h = 14, .ofs_x = 0, .ofs_y = -2},
    {.bitmap_index = 96263, .adv_w = 224, .box_w = 14, .box_h = 14, .ofs_x = 0, .ofs_y = -2},
    {.bitmap_index = 96361, .adv_w = 224, .box_w = 14, .box_h = 14, .ofs_x = 0, .ofs_y = -2},
    {.bitmap_index = 96459, .adv_w = 224, .box_w = 14, .box_h = 13, .ofs_x = 0, .ofs_y = -1},
    {.bitmap_index = 96550, .adv_w = 224, .box_w = 14, .box_h = 13, .ofs_x = 0, .ofs_y = -1},
    {.bitmap_index = 96641, .adv_w = 224, .box_w = 14, .box_h = 13, .ofs_x = 0, .ofs_y = -1},
    {.bitmap_index = 96732, .adv_w = 224, .box_w = 14, .box_h = 13, .ofs_x = 0, .ofs_y = -2},
    {.bitmap_index = 96823, .adv_w = 224, .box_w = 14, .box_h = 13, .ofs_x = 0, .ofs_y = -1},
    {.bitmap_index = 96914, .adv_w = 224, .box_w = 14, .box_h = 15, .ofs_x = 0, .ofs_y = -2},
    {.bitmap_index = 97019, .adv_w = 224, .box_w = 5, .box_h = 14, .ofs_x = 9, .ofs_y = -2},
    {.bitmap_index = 97054, .adv_w = 224, .box_w = 5, .box_h = 14, .ofs_x = 0, .ofs_y = -2},
    {.bitmap_index = 97089, .adv_w = 224, .box_w = 3, .box_h = 6, .ofs_x = 2, .ofs_y = -2},
    {.bitmap_index = 97098, .adv_w = 224, .box_w = 3, .box_h = 10, .ofs_x = 2, .ofs_y = -1},
    {.bitmap_index = 97113, .adv_w = 224, .box_w = 4, .box_h = 12, .ofs_x = 1, .ofs_y = -3},
    {.bitmap_index = 97137, .adv_w = 224, .box_w = 14, .box_h = 5, .ofs_x = 0, .ofs_y = 3}
};

/*---------------------
 *  CHARACTER MAPPING
 *--------------------*/

static const uint16_t unicode_list_1[] = {
    0x0, 0x7, 0x27, 0x1f64, 0x2053, 0x23b0, 0x23b1, 0x23b2,
    0x23b3, 0x2f51, 0x2f52, 0x4d50, 0x4d51, 0x4d53, 0x4d57, 0x4d59,
    0x4d5a, 0x4d5b, 0x4d5d, 0x4d5e, 0x4d63, 0x4d66, 0x4d6a, 0x4d6c,
    0x4d6d, 0x4d74, 0x4d7a, 0x4d7d, 0x4d80, 0x4d82, 0x4d88, 0x4d8a,
    0x4d8b, 0x4d9b, 0x4d9c, 0x4da0, 0x4dad, 0x4db1, 0x4dc3, 0x4dd6,
    0x4ddc, 0x4dde, 0x4de1, 0x4de4, 0x4dea, 0x4df4, 0x4df7, 0x4dfc,
    0x4dfe, 0x4e0a, 0x4e0f, 0x4e10, 0x4e11, 0x4e1a, 0x4e23, 0x4e35,
    0x4e4b, 0x4e4d, 0x4e61, 0x4e67, 0x4e6f, 0x4e70, 0x4e76, 0x4e96,
    0x4e9d, 0x4ea3, 0x4ea9, 0x4eab, 0x4eac, 0x4ec3, 0x4ecf, 0x4edb,
    0x4eeb, 0x4eed, 0x4f2d, 0x4f62, 0x4f69, 0x4faa, 0x4fd5, 0x5002,
    0x508f, 0x5093, 0x5095, 0x5098, 0x5099, 0x509b, 0x50b5, 0x50b8,
    0x50bb, 0x50bc, 0x50c0, 0x50c1, 0x50c3, 0x50c4, 0x50c7, 0x50c8,
    0x50cb, 0x50d5, 0x50dd, 0x50e2, 0x50ec, 0x50fc, 0x5100, 0x5102,
    0x5107, 0x510b, 0x5110, 0x5116, 0x5119, 0x511f, 0x5130, 0x5134,
    0x5140, 0x5149, 0x514a, 0x5150, 0x5156, 0x5157, 0x516d, 0x5179,
    0x517b, 0x5180, 0x5186, 0x518b, 0x5191, 0x519d, 0x51ba, 0x51eb,
    0x51f0, 0x51f8, 0x5202, 0x524a, 0x5250, 0x5255, 0x5266, 0x5267,
    0x528a, 0x5291, 0x5293, 0x5297, 0x529a, 0x529e, 0x52a5, 0x52a7,
    0x52aa, 0x52ac, 0x52b1, 0x52b4, 0x52c3, 0x52c4, 0x52c7, 0x52d5,
    0x52db, 0x52e8, 0x52ef, 0x52f6, 0x52f8, 0x530b, 0x530f, 0x5312,
    0x5319, 0x531b, 0x531c, 0x5321, 0x5326, 0x5327, 0x5328, 0x5333,
    0x5334, 0x533a, 0x533f, 0x5340, 0x5343, 0x5346, 0x5354, 0x5358,
    0x5359, 0x535c, 0x535d, 0x535e, 0x5361, 0x537b, 0x537c, 0x5384,
    0x5389, 0x5398, 0x53b2, 0x53c3, 0x53dc, 0x53e5, 0x53e6, 0x5408,
    0x540e, 0x5411, 0x541d, 0x5435, 0x5474, 0x547e, 0x5496, 0x54b4,
    0x54b5, 0x54d0, 0x54ec, 0x5501, 0x5538, 0x5559, 0x55b8, 0x562b,
    0x562e, 0x5630, 0x5632, 0x563d, 0x564a, 0x564d, 0x5656, 0x5658,
    0x566f, 0x5673, 0x5678, 0x5680, 0x5683, 0x568a, 0x5697, 0x56a7,
    0x56ab, 0x56ba, 0x56db, 0x56ea, 0x571e, 0x5730, 0x574a, 0x5752,
    0x5771, 0x57ee, 0x5843, 0x5854, 0x5857, 0x585d, 0x5866, 0x586a,
    0x5877, 0x5879, 0x587a, 0x587b, 0x587e, 0x587f, 0x5884, 0x5889,
    0x5897, 0x5898, 0x58b5, 0x58c6, 0x58cd, 0x58d8, 0x591b, 0x592a,
    0x592c, 0x593c, 0x5953, 0x5996, 0x5a39, 0x5aa0, 0x5aa7, 0x5aa8,
    0x5ad1, 0x5ad9, 0x5adc, 0x5adf, 0x5ae8, 0x5aea, 0x5aec, 0x5aed,
    0x5aee, 0x5af2, 0x5afb, 0x5b04, 0x5b05, 0x5b06, 0x5b09, 0x5b0d,
    0x5b0f, 0x5b1c, 0x5b38, 0x5b49, 0x5b4f, 0x5b51, 0x5b56, 0x5b5f,
    0x5b64, 0x5b66, 0x5b8e, 0x5b92, 0x5b95, 0x5b9f, 0x5bc1, 0x5beb,
    0x5bfd, 0x5c40, 0x5c57, 0x5d2d, 0x5d2e, 0x5d35, 0x5d36, 0x5d37,
    0x5d42, 0x5d44, 0x5d52, 0x5d53, 0x5d58, 0x5d76, 0x5d88, 0x5dc2,
    0x5dc3, 0x5dc4, 0x5dc6, 0x5dcf, 0x5dd4, 0x5dd6, 0x5de4, 0x5de5,
    0x5df6, 0x5df7, 0x5e07, 0x5e4a, 0x5e50, 0x5e68, 0x5e70, 0x5e89,
    0x5eb2, 0x5eb9, 0x5ed0, 0x5ed5, 0x5ee7, 0x5ef1, 0x5efe, 0x5f07,
    0x5f0d, 0x5f13, 0x5f15, 0x5f3b, 0x5f51, 0x5fa2, 0x5fb9, 0x5fbf,
    0x6015, 0x6030, 0x605f, 0x6098, 0x60b2, 0x60b7, 0x6160, 0x6166,
    0x618f, 0x619b, 0x61a3, 0x61a8, 0x61b3, 0x61bc, 0x61bf, 0x61d0,
    0x61da, 0x61e3, 0x61e6, 0x620d, 0x6216, 0x6219, 0x621c, 0x621d,
    0x6233, 0x624e, 0x6252, 0x6259, 0x6261, 0x626a, 0x6274, 0x62ae,
    0x62b2, 0x62be, 0x62e2, 0x62f5, 0x62f7, 0x6319, 0x6320, 0x6355,
    0x6363, 0x6396, 0x639a, 0x63b9, 0x63d7, 0x63e2, 0x6410, 0x641d,
    0x6486, 0x648e, 0x64b3, 0x64c0, 0x64c4, 0x64dc, 0x64e0, 0x64e9,
    0x64fd, 0x64ff, 0x6500, 0x6509, 0x651f, 0x6530, 0x6535, 0x6539,
    0x653d, 0x6546, 0x654a, 0x655c, 0x655e, 0x6563, 0x6565, 0x656f,
    0x6575, 0x65be, 0x65bf, 0x65d2, 0x6644, 0x6650, 0x6659, 0x666d,
    0x666f, 0x6678, 0x667a, 0x667b, 0x667c, 0x668a, 0x6692, 0x669f,
    0x66b1, 0x66b5, 0x66b8, 0x66bd, 0x66bf, 0x66ce, 0x66cf, 0x66d1,
    0x66e7, 0x66ec, 0x66f3, 0x66fa, 0x66fb, 0x672c, 0x6730, 0x674f,
    0x6757, 0x6761, 0x6767, 0x6789, 0x678c, 0x6792, 0x67b3, 0x67c6,
    0x67d5, 0x67f8, 0x6822, 0x685d, 0x6862, 0x6880, 0x688f, 0x6892,
    0x69fc, 0x6a71, 0x6a73, 0x6a77, 0x6ab2, 0x6ab3, 0x6ab5, 0x6ab6,
    0x6adb, 0x6ae6, 0x6b05, 0x6b1d, 0x6b1f, 0x6b24, 0x6b2b, 0x6b5f,
    0x6b61, 0x6b64, 0x6b78, 0x6b84, 0x6b88, 0x6b91, 0x6b96, 0x6b97,
    0x6b99, 0x6baf, 0x6bb4, 0x6bcd, 0x6bd8, 0x6be9, 0x6bf1, 0x6bf5,
    0x6bf7, 0x6bfb, 0x6c03, 0x6c08, 0x6c09, 0x6c0b, 0x6c0e, 0x6c0f,
    0x6c19, 0x6c23, 0x6c25, 0x6c2b, 0x6c31, 0x6c32, 0x6c35, 0x6c40,
    0x6c4d, 0x6c5b, 0x6c67, 0x6c75, 0x6c8b, 0x6c91, 0x6c96, 0x6c97,
    0x6ca3, 0x6ca4, 0x6ca9, 0x6cb6, 0x6cbe, 0x6cc7, 0x6cc8, 0x6cf6,
    0x6d02, 0x6d10, 0x6d1b, 0x6d28, 0x6d3e, 0x6d41, 0x6d43, 0x6d47,
    0x6d4b, 0x6d55, 0x6d5d, 0x6d67, 0x6d73, 0x6d79, 0x6d7f, 0x6da6,
    0x6da8, 0x6dab, 0x6dce, 0x6dcf, 0x6de0, 0x6dfa, 0x6e11, 0x6e21,
    0x6e2a, 0x6e31, 0x6e34, 0x6e52, 0x6e7f, 0x6e83, 0x6fbb, 0x6fcc,
    0x6fd9, 0x6fe2, 0x6fe6, 0x7008, 0x7009, 0x700c, 0x702f, 0x7034,
    0x7037, 0x703b, 0x703d, 0x7066, 0x7067, 0x7076, 0x707f, 0x7086,
    0x709e, 0x70b7, 0x70be, 0x70c2, 0x70c8, 0x70ef, 0x70fc, 0x7125,
    0x7156, 0x717a, 0x7181, 0x718d, 0x7197, 0x7198, 0x719c, 0x71ab,
    0x71b7, 0x71b9, 0x71c9, 0x7206, 0x723e, 0x724c, 0x727a, 0x7284,
    0x72d9, 0x72db, 0x7300, 0x731d, 0x7330, 0x7356, 0x7385, 0x7386,
    0x73ae, 0x742c, 0x7433, 0x7468, 0x746c, 0x746f, 0x7478, 0x7481,
    0x7485, 0x749c, 0x74ba, 0x7576, 0x75cb, 0x75cd, 0x75ce, 0x75d4,
    0x75d7, 0x75fe, 0x7615, 0x761a, 0x7620, 0x7621, 0x7622, 0x7626,
    0x7628, 0x762b, 0x7644, 0x765b, 0x766f, 0x7670, 0x7690, 0x76cf,
    0x773d, 0x774f, 0x7751, 0x7752, 0x7764, 0x77be, 0x77de, 0x77e7,
    0x77f7, 0x7801, 0x7804, 0x7838, 0x788e, 0x78a6, 0x78b5, 0x78b8,
    0x78df, 0x790b, 0x790d, 0x791b, 0x7921, 0x7922, 0x7928, 0x7940,
    0x7950, 0x795b, 0x7970, 0x79ed, 0x7a1b, 0x7a49, 0x7a5b, 0x7a8c,
    0x7a99, 0x7a9b, 0x7ac7, 0x7b01, 0x7b23, 0x7bc3, 0x7bcb, 0x7bcd,
    0x7bd9, 0x7be2, 0x7be7, 0x7bf2, 0x7bf5, 0x7bfe, 0x7c0e, 0x7c1a,
    0x7c1d, 0x7c25, 0x7c26, 0x7c29, 0x7c2c, 0x7c2f, 0x7c30, 0x7c3f,
    0x7c70, 0x7c7b, 0x7df2, 0x7df4, 0x7df6, 0x7df7, 0x7dfa, 0x7dff,
    0x7e0f, 0x7e14, 0x7e16, 0x7e1d, 0x7e1f, 0x7e23, 0x7e29, 0x7e2c,
    0x7e37, 0x7e3d, 0x7e4f, 0x7e50, 0x7e63, 0x7e68, 0x7e79, 0x7ea0,
    0x7ea1, 0x7ea7, 0x7ebe, 0x7ede, 0x7f09, 0x7f15, 0x7f30, 0x7f4b,
    0x7f51, 0x7f53, 0x7f55, 0x7f83, 0x7fa4, 0x7faa, 0x7fd3, 0x7fd9,
    0x7fdb, 0x7fea, 0x7fed, 0x7ff0, 0x7ff5, 0x7ffb, 0x8004, 0x800a,
    0x800e, 0x801c, 0x8027, 0x802a, 0x8031, 0x8048, 0x8052, 0x8056,
    0x8066, 0x809a, 0x809c, 0x80a0, 0x80b5, 0x80b9, 0x80c9, 0x80ce,
    0x80cf, 0x80df, 0x813a, 0x8143, 0x8144, 0x8150, 0x81bf, 0x81c2,
    0x81ce, 0x81cf, 0x81db, 0x81ec, 0x81ed, 0x81f5, 0x81fc, 0x8201,
    0x8209, 0x820d, 0x821f, 0x8224, 0x8227, 0x8235, 0x8249, 0x8252,
    0x8254, 0x8284, 0x8286, 0x8288, 0x8296, 0x8299, 0x82a2, 0x82a4,
    0x82b0, 0x82b3, 0x82ba, 0x82bf, 0x82ee, 0x8302, 0x8304, 0x8317,
    0x831c, 0x832c, 0x8330, 0x8342, 0x8353, 0x836d, 0x83c1, 0x83d2,
    0x83e9, 0x83ec, 0x8408, 0x8419, 0x847c, 0x84d4, 0x84ff, 0x851f,
    0x8525, 0x8534, 0x8561, 0x8588, 0x859e, 0x85bb, 0x85ce, 0x85dc,
    0x85e5, 0x85ed, 0x861b, 0x8650, 0x8652, 0x866c, 0x86dd, 0x870a,
    0x8790, 0x879c, 0x87b8, 0x87db, 0x8815, 0x8825, 0x8849, 0x88cf,
    0x88d1, 0x8914, 0x8922, 0x8933, 0x8af1, 0x8af4, 0x8b00, 0x8b0e,
    0x8b36, 0x8b47, 0x8b4a, 0x8b53, 0x8b81, 0x8b87, 0x8b96, 0x8b97,
    0x8b99, 0x8b9c, 0x8c71, 0x8c74, 0x8c77, 0x8c85, 0x8c88, 0x8c8a,
    0x8cb4, 0x8cc7, 0x8cda, 0x8d03, 0x8d94, 0x8dfb, 0x8eb6, 0x8eb9,
    0x8ebc, 0x8ebf, 0x8ecb, 0x8ed5, 0x8eeb, 0x8ef3, 0x8f00, 0x8f09,
    0x8f0e, 0x8f11, 0x8f15, 0x8f17, 0x8f20, 0x8f24, 0x8f2b, 0x8f2c,
    0x8f52, 0x8f59, 0x8f5f, 0x8f64, 0x8f6a, 0x8f6f, 0x8f70, 0x8f7e,
    0x8fa3, 0x8ff6, 0x8fff, 0x9009, 0x9021, 0x9038, 0x903b, 0x9048,
    0x904d, 0x909c, 0x909d, 0x90a2, 0x90b5, 0x90c1, 0x90c8, 0x90cf,
    0x90db, 0x90e2, 0x90fa, 0x911a, 0x911c, 0x911d, 0x911e, 0x911f,
    0x9121, 0x93bb, 0x93d8, 0x93ef, 0x93f0, 0x93f2, 0x9405, 0x942b,
    0x942c, 0x9446, 0x944a, 0x9455, 0x9458, 0x9469, 0x9476, 0x947e,
    0x94cf, 0x9538, 0x953d, 0x9544, 0x9547, 0x954d, 0x9564, 0x9582,
    0x9583, 0x958f, 0x9595, 0x9598, 0x959d, 0x95a5, 0x95c5, 0x95c7,
    0x9615, 0x9625, 0x9638, 0x963a, 0x9646, 0x9650, 0x9666, 0x9682,
    0x96a2, 0x96a9, 0x96ae, 0x96b2, 0x97c5, 0x97c9, 0x97ca, 0x97d4,
    0x97d6, 0x97e7, 0x97ec, 0x981e, 0x982f, 0x9860, 0x98b8, 0x98bd,
    0x98be, 0x98ca, 0x98cc, 0x98d4, 0x98d5, 0x98dd, 0x98e2, 0x98e6,
    0x98e9, 0x98f8, 0x99bc, 0x99f4, 0x99f8, 0x9bcc, 0x9bcf, 0x9bdd,
    0x9bec, 0x9bf2, 0x9d71, 0x9d7d, 0x9d8f, 0x9d9c, 0x9d9f, 0x9da1,
    0x9dcf, 0x9df6, 0x9e0b, 0x9e14, 0x9e21, 0x9ea0, 0x9ee9, 0xfe58,
    0xfe59, 0xfe5c, 0xfe6a, 0xfe6b, 0xfeae
};

/*Collect the unicode lists and glyph_id offsets*/
static const lv_font_fmt_txt_cmap_t cmaps[] =
{
    {
        .range_start = 32, .range_length = 95, .glyph_id_start = 1,
        .unicode_list = NULL, .glyph_id_ofs_list = NULL, .list_length = 0, .type = LV_FONT_FMT_TXT_CMAP_FORMAT0_TINY
    },
    {
        .range_start = 176, .range_length = 65199, .glyph_id_start = 96,
        .unicode_list = unicode_list_1, .glyph_id_ofs_list = NULL, .list_length = 1013, .type = LV_FONT_FMT_TXT_CMAP_SPARSE_TINY
    }
};

/*-----------------
 *    KERNING
 *----------------*/


/*Map glyph_ids to kern left classes*/
static const uint8_t kern_left_class_mapping[] =
{
    0, 0, 0, 1, 0, 0, 0, 0,
    1, 2, 0, 0, 0, 3, 4, 3,
    5, 0, 0, 0, 0, 0, 0, 0,
    0, 0, 0, 6, 6, 0, 0, 0,
    0, 0, 7, 8, 9, 10, 11, 12,
    13, 0, 0, 14, 15, 16, 0, 0,
    10, 17, 10, 18, 19, 20, 21, 22,
    23, 24, 25, 26, 2, 27, 0, 0,
    0, 0, 28, 29, 30, 0, 31, 32,
    33, 34, 0, 0, 35, 36, 34, 34,
    29, 29, 37, 38, 39, 40, 37, 41,
    42, 43, 44, 45, 2, 0, 0, 0,
    0, 0, 0, 4, 0, 0, 0, 0,
    0, 0, 0, 0, 0, 0, 0, 0,
    0, 0, 0, 0, 0, 0, 0, 0,
    0, 0, 0, 0, 0, 0, 0, 0,
    0, 0, 0, 0, 0, 0, 0, 0,
    0, 0, 0, 0, 0, 0, 0, 0,
    0, 0, 0, 0, 0, 0, 0, 0,
    0, 0, 0, 0, 0, 0, 0, 0,
    0, 0, 0, 0, 0, 0, 0, 0,
    0, 0, 0, 0, 0, 0, 0, 0,
    0, 0, 0, 0, 0, 0, 0, 0,
    0, 0, 0, 0, 0, 0, 0, 0,
    0, 0, 0, 0, 0, 0, 0, 0,
    0, 0, 0, 0, 0, 0, 0, 0,
    0, 0, 0, 0, 0, 0, 0, 0,
    0, 0, 0, 0, 0, 0, 0, 0,
    0, 0, 0, 0, 0, 0, 0, 0,
    0, 0, 0, 0, 0, 0, 0, 0,
    0, 0, 0, 0, 0, 0, 0, 0,
    0, 0, 0, 0, 0, 0, 0, 0,
    0, 0, 0, 0, 0, 0, 0, 0,
    0, 0, 0, 0, 0, 0, 0, 0,
    0, 0, 0, 0, 0, 0, 0, 0,
    0, 0, 0, 0, 0, 0, 0, 0,
    0, 0, 0, 0, 0, 0, 0, 0,
    0, 0, 0, 0, 0, 0, 0, 0,
    0, 0, 0, 0, 0, 0, 0, 0,
    0, 0, 0, 0, 0, 0, 0, 0,
    0, 0, 0, 0, 0, 0, 0, 0,
    0, 0, 0, 0, 0, 0, 0, 0,
    0, 0, 0, 0, 0, 0, 0, 0,
    0, 0, 0, 0, 0, 0, 0, 0,
    0, 0, 0, 0, 0, 0, 0, 0,
    0, 0, 0, 0, 0, 0, 0, 0,
    0, 0, 0, 0, 0, 0, 0, 0,
    0, 0, 0, 0, 0, 0, 0, 0,
    0, 0, 0, 0, 0, 0, 0, 0,
    0, 0, 0, 0, 0, 0, 0, 0,
    0, 0, 0, 0, 0, 0, 0, 0,
    0, 0, 0, 0, 0, 0, 0, 0,
    0, 0, 0, 0, 0, 0, 0, 0,
    0, 0, 0, 0, 0, 0, 0, 0,
    0, 0, 0, 0, 0, 0, 0, 0,
    0, 0, 0, 0, 0, 0, 0, 0,
    0, 0, 0, 0, 0, 0, 0, 0,
    0, 0, 0, 0, 0, 0, 0, 0,
    0, 0, 0, 0, 0, 0, 0, 0,
    0, 0, 0, 0, 0, 0, 0, 0,
    0, 0, 0, 0, 0, 0, 0, 0,
    0, 0, 0, 0, 0, 0, 0, 0,
    0, 0, 0, 0, 0, 0, 0, 0,
    0, 0, 0, 0, 0, 0, 0, 0,
    0, 0, 0, 0, 0, 0, 0, 0,
    0, 0, 0, 0, 0, 0, 0, 0,
    0, 0, 0, 0, 0, 0, 0, 0,
    0, 0, 0, 0, 0, 0, 0, 0,
    0, 0, 0, 0, 0, 0, 0, 0,
    0, 0, 0, 0, 0, 0, 0, 0,
    0, 0, 0, 0, 0, 0, 0, 0,
    0, 0, 0, 0, 0, 0, 0, 0,
    0, 0, 0, 0, 0, 0, 0, 0,
    0, 0, 0, 0, 0, 0, 0, 0,
    0, 0, 0, 0, 0, 0, 0, 0,
    0, 0, 0, 0, 0, 0, 0, 0,
    0, 0, 0, 0, 0, 0, 0, 0,
    0, 0, 0, 0, 0, 0, 0, 0,
    0, 0, 0, 0, 0, 0, 0, 0,
    0, 0, 0, 0, 0, 0, 0, 0,
    0, 0, 0, 0, 0, 0, 0, 0,
    0, 0, 0, 0, 0, 0, 0, 0,
    0, 0, 0, 0, 0, 0, 0, 0,
    0, 0, 0, 0, 0, 0, 0, 0,
    0, 0, 0, 0, 0, 0, 0, 0,
    0, 0, 0, 0, 0, 0, 0, 0,
    0, 0, 0, 0, 0, 0, 0, 0,
    0, 0, 0, 0, 0, 0, 0, 0,
    0, 0, 0, 0, 0, 0, 0, 0,
    0, 0, 0, 0, 0, 0, 0, 0,
    0, 0, 0, 0, 0, 0, 0, 0,
    0, 0, 0, 0, 0, 0, 0, 0,
    0, 0, 0, 0, 0, 0, 0, 0,
    0, 0, 0, 0, 0, 0, 0, 0,
    0, 0, 0, 0, 0, 0, 0, 0,
    0, 0, 0, 0, 0, 0, 0, 0,
    0, 0, 0, 0, 0, 0, 0, 0,
    0, 0, 0, 0, 0, 0, 0, 0,
    0, 0, 0, 0, 0, 0, 0, 0,
    0, 0, 0, 0, 0, 0, 0, 0,
    0, 0, 0, 0, 0, 0, 0, 0,
    0, 0, 0, 0, 0, 0, 0, 0,
    0, 0, 0, 0, 0, 0, 0, 0,
    0, 0, 0, 0, 0, 0, 0, 0,
    0, 0, 0, 0, 0, 0, 0, 0,
    0, 0, 0, 0, 0, 0, 0, 0,
    0, 0, 0, 0, 0, 0, 0, 0,
    0, 0, 0, 0, 0, 0, 0, 0,
    0, 0, 0, 0, 0, 0, 0, 0,
    0, 0, 0, 0, 0, 0, 0, 0,
    0, 0, 0, 0, 0, 0, 0, 0,
    0, 0, 0, 0, 0, 0, 0, 0,
    0, 0, 0, 0, 0, 0, 0, 0,
    0, 0, 0, 0, 0, 0, 0, 0,
    0, 0, 0, 0, 0, 0, 0, 0,
    0, 0, 0, 0, 0, 0, 0, 0,
    0, 0, 0, 0, 0, 0, 0, 0,
    0, 0, 0, 0, 0, 0, 0, 0,
    0, 0, 0, 0, 0, 0, 0, 0,
    0, 0, 0, 0, 0, 0, 0, 0,
    0, 0, 0, 0, 0, 0, 0, 0,
    0, 0, 0, 0, 0, 0, 0, 0,
    0, 0, 0, 0, 0, 0, 0, 0,
    0, 0, 0, 0, 0, 0, 0, 0,
    0, 0, 0, 0, 0, 0, 0, 0,
    0, 0, 0, 0, 0, 0, 0, 0,
    0, 0, 0, 0, 0, 0, 0, 0,
    0, 0, 0, 0, 0, 0, 0, 0,
    0, 0, 0, 0, 0, 0, 0, 0,
    0, 0, 0, 0, 0, 0, 0, 0,
    0, 0, 0, 0, 0, 0, 0, 0,
    0, 0, 0, 0, 0, 0, 0, 0,
    0, 0, 0, 0, 0, 0, 0, 0,
    0, 0, 0, 0, 0, 0, 0, 0,
    0, 0, 0, 0, 0, 0, 0, 0,
    0, 0, 0, 0, 0, 0, 0, 0,
    0, 0, 0, 0, 0, 0, 0, 0,
    0, 0, 0, 0, 0, 0, 0, 0,
    0, 0, 0, 0, 0
};

/*Map glyph_ids to kern right classes*/
static const uint8_t kern_right_class_mapping[] =
{
    0, 0, 1, 2, 0, 0, 0, 0,
    2, 0, 3, 4, 0, 5, 6, 7,
    8, 0, 0, 0, 0, 0, 0, 0,
    0, 0, 0, 9, 10, 0, 0, 0,
    11, 0, 12, 0, 13, 0, 0, 0,
    13, 0, 0, 14, 0, 0, 0, 0,
    13, 0, 13, 0, 15, 16, 17, 18,
    19, 20, 21, 22, 0, 23, 3, 0,
    0, 0, 24, 0, 25, 25, 25, 26,
    27, 0, 28, 29, 0, 0, 30, 30,
    25, 30, 25, 30, 31, 32, 33, 34,
    35, 36, 37, 38, 0, 0, 3, 0,
    0, 0, 0, 6, 0, 0, 0, 0,
    0, 0, 0, 0, 0, 0, 0, 0,
    0, 0, 0, 0, 0, 0, 0, 0,
    0, 0, 0, 0, 0, 0, 0, 0,
    0, 0, 0, 0, 0, 0, 0, 0,
    0, 0, 0, 0, 0, 0, 0, 0,
    0, 0, 0, 0, 0, 0, 0, 0,
    0, 0, 0, 0, 0, 0, 0, 0,
    0, 0, 0, 0, 0, 0, 0, 0,
    0, 0, 0, 0, 0, 0, 0, 0,
    0, 0, 0, 0, 0, 0, 0, 0,
    0, 0, 0, 0, 0, 0, 0, 0,
    0, 0, 0, 0, 0, 0, 0, 0,
    0, 0, 0, 0, 0, 0, 0, 0,
    0, 0, 0, 0, 0, 0, 0, 0,
    0, 0, 0, 0, 0, 0, 0, 0,
    0, 0, 0, 0, 0, 0, 0, 0,
    0, 0, 0, 0, 0, 0, 0, 0,
    0, 0, 0, 0, 0, 0, 0, 0,
    0, 0, 0, 0, 0, 0, 0, 0,
    0, 0, 0, 0, 0, 0, 0, 0,
    0, 0, 0, 0, 0, 0, 0, 0,
    0, 0, 0, 0, 0, 0, 0, 0,
    0, 0, 0, 0, 0, 0, 0, 0,
    0, 0, 0, 0, 0, 0, 0, 0,
    0, 0, 0, 0, 0, 0, 0, 0,
    0, 0, 0, 0, 0, 0, 0, 0,
    0, 0, 0, 0, 0, 0, 0, 0,
    0, 0, 0, 0, 0, 0, 0, 0,
    0, 0, 0, 0, 0, 0, 0, 0,
    0, 0, 0, 0, 0, 0, 0, 0,
    0, 0, 0, 0, 0, 0, 0, 0,
    0, 0, 0, 0, 0, 0, 0, 0,
    0, 0, 0, 0, 0, 0, 0, 0,
    0, 0, 0, 0, 0, 0, 0, 0,
    0, 0, 0, 0, 0, 0, 0, 0,
    0, 0, 0, 0, 0, 0, 0, 0,
    0, 0, 0, 0, 0, 0, 0, 0,
    0, 0, 0, 0, 0, 0, 0, 0,
    0, 0, 0, 0, 0, 0, 0, 0,
    0, 0, 0, 0, 0, 0, 0, 0,
    0, 0, 0, 0, 0, 0, 0, 0,
    0, 0, 0, 0, 0, 0, 0, 0,
    0, 0, 0, 0, 0, 0, 0, 0,
    0, 0, 0, 0, 0, 0, 0, 0,
    0, 0, 0, 0, 0, 0, 0, 0,
    0, 0, 0, 0, 0, 0, 0, 0,
    0, 0, 0, 0, 0, 0, 0, 0,
    0, 0, 0, 0, 0, 0, 0, 0,
    0, 0, 0, 0, 0, 0, 0, 0,
    0, 0, 0, 0, 0, 0, 0, 0,
    0, 0, 0, 0, 0, 0, 0, 0,
    0, 0, 0, 0, 0, 0, 0, 0,
    0, 0, 0, 0, 0, 0, 0, 0,
    0, 0, 0, 0, 0, 0, 0, 0,
    0, 0, 0, 0, 0, 0, 0, 0,
    0, 0, 0, 0, 0, 0, 0, 0,
    0, 0, 0, 0, 0, 0, 0, 0,
    0, 0, 0, 0, 0, 0, 0, 0,
    0, 0, 0, 0, 0, 0, 0, 0,
    0, 0, 0, 0, 0, 0, 0, 0,
    0, 0, 0, 0, 0, 0, 0, 0,
    0, 0, 0, 0, 0, 0, 0, 0,
    0, 0, 0, 0, 0, 0, 0, 0,
    0, 0, 0, 0, 0, 0, 0, 0,
    0, 0, 0, 0, 0, 0, 0, 0,
    0, 0, 0, 0, 0, 0, 0, 0,
    0, 0, 0, 0, 0, 0, 0, 0,
    0, 0, 0, 0, 0, 0, 0, 0,
    0, 0, 0, 0, 0, 0, 0, 0,
    0, 0, 0, 0, 0, 0, 0, 0,
    0, 0, 0, 0, 0, 0, 0, 0,
    0, 0, 0, 0, 0, 0, 0, 0,
    0, 0, 0, 0, 0, 0, 0, 0,
    0, 0, 0, 0, 0, 0, 0, 0,
    0, 0, 0, 0, 0, 0, 0, 0,
    0, 0, 0, 0, 0, 0, 0, 0,
    0, 0, 0, 0, 0, 0, 0, 0,
    0, 0, 0, 0, 0, 0, 0, 0,
    0, 0, 0, 0, 0, 0, 0, 0,
    0, 0, 0, 0, 0, 0, 0, 0,
    0, 0, 0, 0, 0, 0, 0, 0,
    0, 0, 0, 0, 0, 0, 0, 0,
    0, 0, 0, 0, 0, 0, 0, 0,
    0, 0, 0, 0, 0, 0, 0, 0,
    0, 0, 0, 0, 0, 0, 0, 0,
    0, 0, 0, 0, 0, 0, 0, 0,
    0, 0, 0, 0, 0, 0, 0, 0,
    0, 0, 0, 0, 0, 0, 0, 0,
    0, 0, 0, 0, 0, 0, 0, 0,
    0, 0, 0, 0, 0, 0, 0, 0,
    0, 0, 0, 0, 0, 0, 0, 0,
    0, 0, 0, 0, 0, 0, 0, 0,
    0, 0, 0, 0, 0, 0, 0, 0,
    0, 0, 0, 0, 0, 0, 0, 0,
    0, 0, 0, 0, 0, 0, 0, 0,
    0, 0, 0, 0, 0, 0, 0, 0,
    0, 0, 0, 0, 0, 0, 0, 0,
    0, 0, 0, 0, 0, 0, 0, 0,
    0, 0, 0, 0, 0, 0, 0, 0,
    0, 0, 0, 0, 0, 0, 0, 0,
    0, 0, 0, 0, 0, 0, 0, 0,
    0, 0, 0, 0, 0, 0, 0, 0,
    0, 0, 0, 0, 0, 0, 0, 0,
    0, 0, 0, 0, 0, 0, 0, 0,
    0, 0, 0, 0, 0, 0, 0, 0,
    0, 0, 0, 0, 0, 0, 0, 0,
    0, 0, 0, 0, 0, 0, 0, 0,
    0, 0, 0, 0, 0, 0, 0, 0,
    0, 0, 0, 0, 0, 0, 0, 0,
    0, 0, 0, 0, 0, 0, 0, 0,
    0, 0, 0, 0, 0, 0, 0, 0,
    0, 0, 0, 0, 0, 0, 0, 0,
    0, 0, 0, 0, 0, 0, 0, 0,
    0, 0, 0, 0, 0, 0, 0, 0,
    0, 0, 0, 0, 0, 0, 0, 0,
    0, 0, 0, 0, 0, 0, 0, 0,
    0, 0, 0, 0, 0, 0, 0, 0,
    0, 0, 0, 0, 0, 0, 0, 0,
    0, 0, 0, 0, 0, 0, 0, 0,
    0, 0, 0, 0, 0, 0, 0, 0,
    0, 0, 0, 0, 0, 0, 0, 0,
    0, 0, 0, 0, 0, 0, 0, 0,
    0, 0, 0, 0, 0, 0, 0, 0,
    0, 0, 0, 0, 0, 0, 0, 0,
    0, 0, 0, 0, 0, 0, 0, 0,
    0, 0, 0, 0, 0
};

/*Kern values between classes*/
static const int8_t kern_class_values[] =
{
    0, 0, 0, 0, -29, 0, -29, 0,
    0, 0, 0, -14, 0, -24, -3, 0,
    0, 0, 0, -3, 0, 0, 0, 0,
    -8, 0, 0, 0, 0, 0, -6, 0,
    0, 0, 0, 0, 0, 0, 0, 0,
    0, 0, 0, 0, 0, 0, 0, 0,
    0, 0, 0, -6, 0, 0, 0, 0,
    0, 0, 0, 0, 0, 0, 0, 0,
    0, 0, 19, 0, 0, 0, 0, 0,
    0, 0, 0, 0, 0, -24, 0, -35,
    0, 0, 0, 0, 0, 0, 0, 0,
    0, 0, 0, -25, -6, -17, -9, 0,
    -24, 0, 0, 0, -4, 0, 0, 0,
    6, 0, 0, -12, 0, -9, -6, 0,
    -6, 0, 0, 0, 0, 0, 0, 0,
    0, 0, 0, 0, 0, 0, 0, -6,
    -5, -12, 0, -5, -3, -7, -17, -6,
    0, 0, 0, 0, 0, 0, 0, 0,
    0, -7, 0, -2, 0, -4, 0, 0,
    0, 0, 0, 0, 0, 0, 0, 0,
    0, 0, 0, -11, -3, -21, 0, 0,
    0, 0, 0, 0, 0, 0, 0, -6,
    -9, 0, -3, 6, 6, 0, 0, 2,
    -6, 0, 0, 0, 0, 0, 0, 0,
    0, -13, 0, 0, 0, 0, 0, 0,
    0, 0, 0, 0, 0, 0, 0, 0,
    0, 0, -7, 0, 0, 0, 0, 0,
    0, 0, 0, 0, 0, 0, 0, 0,
    0, 0, 0, 0, 0, -14, 0, -24,
    0, 0, 0, 0, 0, 0, -7, -2,
    -3, 0, 0, -14, -4, -4, 0, 0,
    -4, -2, -11, 5, 0, -3, 0, 0,
    0, 0, 5, -4, -2, -2, -2, -2,
    -2, 0, 0, 0, 0, -8, 0, 0,
    0, 0, 0, 0, 0, 0, 0, -4,
    -4, -6, 0, -2, -2, -2, -4, -2,
    0, 0, 0, 0, 0, 0, 0, 0,
    0, -3, 0, -4, -3, -3, -4, 0,
    0, 0, 0, 0, 0, -7, 0, 0,
    0, 0, 0, 0, -8, -3, -6, -5,
    -4, -2, -2, -2, -2, -3, 0, 0,
    0, 0, -6, 0, 0, 0, 0, -7,
    -3, -4, -3, 0, -4, 0, 0, 0,
    0, -9, 0, 0, 0, -5, 0, 0,
    0, -3, 0, -11, 0, -6, 0, -3,
    -2, -5, -6, -6, 0, 0, 0, 0,
    0, 0, 0, 0, 0, 0, 0, 0,
    0, -4, 0, -2, 0, 0, 0, 0,
    0, 0, 0, 0, 0, 0, 0, 0,
    0, 0, 0, 0, 0, 0, 0, 0,
    0, 0, 0, 0, -3, 0, 0, 0,
    0, 0, 0, -6, 0, -3, 0, -8,
    -3, 0, 0, 0, 0, 0, -19, 0,
    -19, -18, 0, 0, 0, -10, -3, -35,
    -6, 0, 0, 0, 0, -6, 0, -8,
    0, -9, -4, 0, -6, 0, 0, -6,
    -6, -3, -4, -6, -5, -7, -5, -8,
    0, 0, 0, -7, 0, 0, 0, 0,
    0, 0, 0, -2, 0, 0, 0, -6,
    0, -4, -2, 0, 0, 0, 0, 0,
    0, 0, 0, 0, 0, 0, 0, 0,
    0, 0, 0, 0, 0, 0, 0, 0,
    0, 0, -6, 0, -6, 0, 0, 0,
    0, 0, 0, -11, 0, 0, 0, 0,
    0, 0, 0, 0, 0, 0, 0, 0,
    0, 0, 0, 0, 0, 0, 0, 0,
    0, 0, 0, 0, 0, -6, 0, -11,
    0, -8, 0, 0, 0, 0, -2, -3,
    -6, 0, -3, -5, -4, -4, -3, 0,
    -5, 0, 0, 0, -2, 0, 0, 0,
    -3, 0, 0, -9, -4, -6, -5, -5,
    -6, -4, 0, -22, 0, -39, 0, -14,
    0, 0, 0, 0, -9, 0, -7, 0,
    -6, -31, -8, -20, -15, 0, -19, 0,
    -21, 0, -4, -4, -2, 0, 0, 0,
    0, -6, -3, -10, -9, 0, -10, 0,
    0, 0, 0, 0, -29, -9, -29, -20,
    0, 0, 0, -13, 0, -37, -3, -7,
    0, 0, 0, -6, -3, -21, 0, -11,
    -7, 0, -8, 0, 0, 0, -3, 0,
    0, 0, 0, -4, 0, -6, 0, 0,
    0, -3, 0, -8, 0, 0, 0, 0,
    0, -2, 0, -5, -4, -4, 0, 1,
    1, -2, -1, -3, 0, -2, -3, 0,
    -2, 0, 0, 0, 0, 0, 0, 0,
    0, -2, 0, -2, 0, 0, 0, -5,
    0, 3, 0, 0, 0, 0, 0, 0,
    0, -4, -4, -6, 0, 0, 0, 0,
    -4, 0, 0, 0, 0, 0, 0, 0,
    0, 0, 0, -6, 0, 0, 0, 0,
    0, -1, 0, 0, 0, 0, -27, -19,
    -27, -23, -6, -6, 0, -11, -6, -32,
    -11, 0, 0, 0, 0, -6, -4, -14,
    0, -19, -17, -5, -19, 0, 0, -12,
    -15, -5, -12, -9, -9, -11, -9, -19,
    0, 0, 0, 0, -5, 0, -5, -9,
    0, 0, 0, -5, 0, -12, -3, 0,
    0, -2, 0, -3, -4, 0, 0, -2,
    0, 0, -3, 0, 0, 0, -2, 0,
    0, 0, 0, -2, 0, 0, 0, 0,
    0, 0, -17, -5, -17, -13, 0, 0,
    0, -4, -3, -19, -3, 0, -3, 2,
    0, 0, 0, -5, 0, -6, -4, 0,
    -6, 0, 0, -6, -4, 0, -8, -3,
    -3, -4, -3, -7, 0, 0, 0, 0,
    -9, -3, -9, -8, 0, 0, 0, 0,
    -2, -17, -2, 0, 0, 0, 0, 0,
    0, -2, 0, -5, 0, 0, -4, 0,
    0, 0, 0, 0, 0, 0, 0, 0,
    0, -3, 0, -3, 0, -3, 0, -7,
    0, 0, 0, 0, 0, 0, -5, -1,
    -4, -6, -3, 0, 0, 0, 0, 0,
    0, -3, -2, -5, 0, 0, 0, 0,
    0, -5, -3, -5, -4, -3, -5, -4,
    0, 0, 0, 0, -23, -17, -23, -17,
    -7, -7, -2, -4, -4, -26, -4, -4,
    -3, 0, 0, 0, 0, -7, 0, -17,
    -11, 0, -16, 0, 0, -11, -11, -8,
    -9, -4, -6, -9, -4, -12, 0, 0,
    0, 0, 0, -9, 0, 0, 0, 0,
    0, -2, -6, -9, -8, 0, -3, -2,
    -2, 0, -4, -5, 0, -5, -6, -6,
    -4, 0, 0, 0, 0, -4, -6, -5,
    -5, -6, -5, 0, 0, 0, 0, 0,
    0, 0, 0, 0, 0, 0, 0, 0,
    0, 0, 0, -22, -8, -14, -8, 0,
    -19, 0, 0, 0, 0, 0, 8, 0,
    18, 0, 0, 0, 0, -6, -3, 0,
    3, 0, 0, 0, 0, -14, 0, 0,
    0, 0, 0, 0, -4, 0, 0, 0,
    0, -6, 0, -5, -2, 0, -6, 0,
    0, 0, 0, 0, 0, 0, 0, 0,
    0, -4, 0, 0, 0, 0, 0, 0,
    0, -8, 0, -7, -3, 1, -3, 0,
    0, 0, -4, 0, 0, 0, 0, -15,
    0, -5, 0, -2, -12, 0, -7, -4,
    0, -1, 0, 0, 0, 0, -1, -5,
    0, -2, -2, -5, -2, -2, 0, 0,
    0, 0, 0, -6, 0, 0, 0, 0,
    0, 0, 0, 0, 0, -6, 0, -4,
    0, 0, -6, 0, 0, -3, -6, 0,
    -3, 0, 0, 0, 0, -3, 0, 1,
    1, 1, 1, 0, 0, 0, 0, -9,
    0, 2, 0, 0, 0, 0, -2, 0,
    0, -6, -6, -6, 0, -5, -3, 0,
    -7, 0, -6, -4, 0, -1, -3, 0,
    0, 0, 0, -3, 0, 1, 1, -2,
    1, 0, 3, 9, 12, 0, -13, -4,
    -13, -4, 0, 0, 6, 0, 0, 0,
    0, 11, 0, 16, 11, 8, 14, 0,
    15, -6, -3, 0, -4, 0, -3, 0,
    -2, 0, 0, 3, 0, -2, 0, -4,
    0, 0, 3, -9, 0, 0, 0, 11,
    0, 0, -10, 0, 0, 0, 0, -7,
    0, 0, 0, 0, -4, 0, 0, -4,
    -4, 0, 0, 0, 9, 0, 0, 0,
    0, -2, -2, 0, 3, -4, 0, 0,
    0, -9, 0, 0, 0, 0, 0, 0,
    -2, 0, 0, 0, 0, -6, 0, -3,
    0, 0, -5, 0, 0, 0, 0, 0,
    0, 0, 0, 0, 0, 0, 0, 0,
    0, 0, 0, 0, 0, 0, 0, -6,
    3, -11, 3, 0, 3, 3, -4, 0,
    0, 0, 0, -9, 0, 0, 0, 0,
    -3, 0, 0, -3, -5, 0, -3, 0,
    -3, 0, 0, -6, -4, 0, 0, -2,
    0, -2, 0, 0, 0, 0, 0, 0,
    0, 0, 0, 0, 0, 0, 0, 0,
    0, 0, 0, 0, 0, 0, 0, 0,
    0, 0, 0, 0, 0, 0, 1, 0,
    0, 0, 0, 0, 0, 0, 0, 0,
    0, 0, 0, -7, 0, 0, 0, 0,
    0, 0, 0, 0, 0, 0, 0, -6,
    0, -4, 0, 0, -8, 0, 0, 0,
    0, 0, 0, 0, 0, 0, 0, 0,
    0, 0, 0, 0, 0, 0, 0, 0,
    0, 0, -14, -6, -14, -9, 6, 6,
    0, -4, 0, -14, 0, 0, 0, 0,
    0, 0, 0, -3, 3, -6, -3, 0,
    -3, 0, 0, 0, -2, 0, 0, 6,
    4, 0, 6, -2, 0, 0, 0, -13,
    0, 2, 0, 0, 0, 0, -3, 0,
    0, 0, 0, -6, 0, -3, 0, 0,
    -6, 0, 0, 0, 0, 0, 0, 0,
    0, 0, 0, -6, 0, 0, 0, 0,
    0, 0, 0, 0, 0, 0, 1, -7,
    1, 2, 3, 3, -7, 0, 0, 0,
    0, -4, 0, 0, 0, 0, -2, 0,
    0, -6, -4, 0, -3, 0, 0, 0,
    -3, -6, 0, 0, 0, -5, 0, 0,
    0, 0, 0, -4, -9, -2, -9, -6,
    0, 0, 0, -3, 0, -11, 0, -6,
    0, -3, 0, 0, -4, -3, 0, -6,
    -2, 0, 0, 0, -3, 0, 0, 0,
    0, 0, 0, 0, 0, -6, 0, 0,
    0, -4, -10, 0, -10, -2, 0, 0,
    0, -2, 0, -8, 0, -6, 0, -3,
    0, -4, -6, 0, 0, -3, -2, 0,
    0, 0, -3, 0, 0, 0, 0, 0,
    0, 0, 0, -5, -4, 0, 0, -6,
    1, -4, -2, 0, 0, 1, 0, 0,
    -3, 0, -2, -9, 0, -4, 0, -3,
    -9, 0, 0, -3, -5, 0, 0, 0,
    0, 0, 0, -6, 0, 0, 0, 0,
    -1, 0, 0, 0, 0, 0, -9, 0,
    -9, -4, 0, 0, 0, 0, 0, -11,
    0, -6, 0, -2, 0, -2, -2, 0,
    0, -6, -2, 0, 0, 0, -3, 0,
    0, 0, 0, 0, 0, -4, 0, -6,
    0, 0, 0, 0, 0, -5, 0, 0,
    0, 0, 0, 0, 0, 0, 0, -7,
    0, 0, 0, 0, -8, 0, 0, -6,
    -3, 0, -2, 0, 0, 0, 0, 0,
    -3, -2, 0, 0, -2, 0
};


/*Collect the kern class' data in one place*/
static const lv_font_fmt_txt_kern_classes_t kern_classes =
{
    .class_pair_values   = kern_class_values,
    .left_class_mapping  = kern_left_class_mapping,
    .right_class_mapping = kern_right_class_mapping,
    .left_class_cnt      = 45,
    .right_class_cnt     = 38,
};

/*--------------------
 *  ALL CUSTOM DATA
 *--------------------*/

#if LVGL_VERSION_MAJOR == 8
/*Store all the custom data of the font*/
static  lv_font_fmt_txt_glyph_cache_t cache;
#endif

#if LVGL_VERSION_MAJOR >= 8
static const lv_font_fmt_txt_dsc_t font_dsc = {
#else
static lv_font_fmt_txt_dsc_t font_dsc = {
#endif
    .glyph_bitmap = glyph_bitmap,
    .glyph_dsc = glyph_dsc,
    .cmaps = cmaps,
    .kern_dsc = &kern_classes,
    .kern_scale = 16,
    .cmap_num = 2,
    .bpp = 4,
    .kern_classes = 1,
    .bitmap_format = 0,
#if LVGL_VERSION_MAJOR == 8
    .cache = &cache
#endif
};



/*-----------------
 *  PUBLIC FONT
 *----------------*/

/*Initialize a public general font descriptor*/
#if LVGL_VERSION_MAJOR >= 8
const lv_font_t cook_font_14 = {
#else
lv_font_t cook_font_14 = {
#endif
    .get_glyph_dsc = lv_font_get_glyph_dsc_fmt_txt,    /*Function pointer to get glyph's data*/
    .get_glyph_bitmap = lv_font_get_bitmap_fmt_txt,    /*Function pointer to get glyph's bitmap*/
    .line_height = 17,          /*The maximum line height required by the font*/
    .base_line = 4,             /*Baseline measured from the bottom of the line*/
#if !(LVGL_VERSION_MAJOR == 6 && LVGL_VERSION_MINOR == 0)
    .subpx = LV_FONT_SUBPX_NONE,
#endif
#if LV_VERSION_CHECK(7, 4, 0) || LVGL_VERSION_MAJOR >= 8
    .underline_position = -2,
    .underline_thickness = 1,
#endif
    .dsc = &font_dsc,          /*The custom font data. Will be accessed by `get_glyph_bitmap/dsc` */
#if LV_VERSION_CHECK(8, 2, 0) || LVGL_VERSION_MAJOR >= 9
    .fallback = NULL,
#endif
    .user_data = NULL,
};



#endif /*#if COOK_FONT_14*/

