// 自动生成，勿手改。源: windmill/scene。LV_COLOR_FORMAT_ARGB8888(字节序 B,G,R,A)。
#include "lvgl.h"

static const uint8_t windmill_sea_data[] = {
  0x00,0x00,0x00,0x00,0x00,0x00,0x00,0x00,0x00,0x00,0x00,0x00,
  0x00,0x00,0x00,0x00,0x00,0x00,0x00,0x00,0x00,0x00,0x00,0x00,
  0x00,0x00,0x00,0x00,0x00,0x00,0x00,0x00,0x00,0x00,0x00,0x00,
  0x00,0x00,0x00,0x00,0x00,0x00,0x00,0x00,0x00,0x00,0x00,0x00,
  0x00,0x00,0x00,0x00,0x00,0x00,0x00,0x00,0x00,0x00,0x00,0x00,
  0x00,0x00,0x00,0x00,0x00,0x00,0x00,0x00,0x00,0x00,0x00,0x00,
  0x00,0x00,0x00,0x00,0x00,0x00,0x00,0x00,0x00,0x00,0x00,0x00,
  0x00,0x00,0x00,0x00,0x00,0x00,0x00,0x00,0x00,0x00,0x00,0x00,
  0x00,0x00,0x00,0x00,0x00,0x00,0x00,0x00,0x00,0x00,0x00,0x00,
  0x00,0x00,0x00,0x00,0x00,0x00,0x00,0x00,0x00,0x00,0x00,0x00,
  0x00,0x00,0x00,0x00,0x00,0x00,0x00,0x00,0x00,0x00,0x00,0x00,
  0x00,0x00,0x00,0x00,0x00,0x00,0x00,0x00,0x00,0x00,0x00,0x00,
  0x00,0x00,0x00,0x00,0x00,0x00,0x00,0x00,0x00,0x00,0x00,0x00,
  0x00,0x00,0x00,0x00,0x00,0x00,0x00,0x00,0x00,0x00,0x00,0x00,
  0x00,0x00,0x00,0x00,0x00,0x00,0x00,0x00,0x00,0x00,0x00,0x00,
  0x00,0x00,0x00,0x00,0x00,0x00,0x00,0x00,0x00,0x00,0x00,0x00,
  0x00,0x00,0x00,0x00,0x00,0x00,0x00,0x00,0x00,0x00,0x00,0x00,
  0x00,0x00,0x00,0x00,0x00,0x00,0x00,0x00,0x00,0x00,0x00,0x00,
  0x00,0x00,0x00,0x00,0x00,0x00,0x00,0x00,0x00,0x00,0x00,0x00,
  0x00,0x00,0x00,0x00,0x00,0x00,0x00,0x00,0x00,0x00,0x00,0x00,
  0x00,0x00,0x00,0x00,0x00,0x00,0x00,0x00,0x00,0x00,0x00,0x00,
  0x00,0x00,0x00,0x00,0x00,0x00,0x00,0x00,0x00,0x00,0x00,0x00,
  0x00,0x00,0x00,0x00,0x00,0x00,0x00,0x00,0x00,0x00,0x00,0x00,
  0x00,0x00,0x00,0x00,0x00,0x00,0x00,0x00,0x00,0x00,0x00,0x00,
  0x00,0x00,0x00,0x00,0x00,0x00,0x00,0x00,0x00,0x00,0x00,0x00,
  0x00,0x00,0x00,0x00,0x00,0x00,0x00,0x00,0x00,0x00,0x00,0x00,
  0x00,0x00,0x00,0x00,0x00,0x00,0x00,0x00,0x00,0x00,0x00,0x00,
  0x00,0x00,0x00,0x00,0x00,0x00,0x00,0x00,0x00,0x00,0x00,0x00,
  0x00,0x00,0x00,0x00,0x00,0x00,0x00,0x00,0x00,0x00,0x00,0x00,
  0x00,0x00,0x00,0x00,0x00,0x00,0x00,0x00,0x00,0x00,0x00,0x00,
  0x00,0x00,0x00,0x00,0x00,0x00,0x00,0x00,0x00,0x00,0x00,0x00,
  0x00,0x00,0x00,0x00,0x00,0x00,0x00,0x00,0x00,0x00,0x00,0x00,
  0x00,0x00,0x00,0x00,0x00,0x00,0x00,0x00,0x00,0x00,0x00,0x00,
  0x00,0x00,0x00,0x00,0x00,0x00,0x00,0x00,0x00,0x00,0x00,0x00,
  0x00,0x00,0x00,0x00,0x00,0x00,0x00,0x00,0x00,0x00,0x00,0x00,
  0x00,0x00,0x00,0x00,0x00,0x00,0x00,0x00,0x00,0x00,0x00,0x00,
  0x00,0x00,0x00,0x00,0x00,0x00,0x00,0x00,0x00,0x00,0x00,0x00,
  0x00,0x00,0x00,0x00,0x00,0x00,0x00,0x00,0x00,0x00,0x00,0x00,
  0x00,0x00,0x00,0x00,0x00,0x00,0x00,0x00,0x00,0x00,0x00,0x00,
  0x00,0x00,0x00,0x00,0x00,0x00,0x00,0x00,0x00,0x00,0x00,0x00,
  0x00,0x00,0x00,0x00,0x00,0x00,0x00,0x00,0x00,0x00,0x00,0x00,
  0x00,0x00,0x00,0x00,0x00,0x00,0x00,0x00,0x00,0x00,0x00,0x00,
  0x00,0x00,0x00,0x00,0x00,0x00,0x00,0x00,0x00,0x00,0x00,0x00,
  0x00,0x00,0x00,0x00,0x00,0x00,0x00,0x00,0x00,0x00,0x00,0x00,
  0x00,0x00,0x00,0x00,0x00,0x00,0x00,0x00,0x00,0x00,0x00,0x00,
  0x00,0x00,0x00,0x00,0x00,0x00,0x00,0x00,0x00,0x00,0x00,0x00,
  0x00,0x00,0x00,0x00,0x00,0x00,0x00,0x00,0x00,0x00,0x00,0x00,
  0x00,0x00,0x00,0x00,0x00,0x00,0x00,0x00,0x00,0x00,0x00,0x00,
  0x00,0x00,0x00,0x00,0x00,0x00,0x00,0x00,0x00,0x00,0x00,0x00,
  0x00,0x00,0x00,0x00,0x00,0x00,0x00,0x00,0x00,0x00,0x00,0x00,
  0x00,0x00,0x00,0x00,0x00,0x00,0x00,0x00,0x00,0x00,0x00,0x00,
  0x00,0x00,0x00,0x00,0x00,0x00,0x00,0x00,0x00,0x00,0x00,0x00,
  0x00,0x00,0x00,0x00,0x00,0x00,0x00,0x00,0x00,0x00,0x00,0x00,
  0x00,0x00,0x00,0x00,0x00,0x00,0x00,0x00,0x00,0x00,0x00,0x00,
  0x00,0x00,0x00,0x00,0x00,0x00,0x00,0x00,0x00,0x00,0x00,0x00,
  0x00,0x00,0x00,0x00,0x00,0x00,0x00,0x00,0x00,0x00,0x00,0x00,
  0x00,0x00,0x00,0x00,0x00,0x00,0x00,0x00,0x00,0x00,0x00,0x00,
  0x00,0x00,0x00,0x00,0x00,0x00,0x00,0x00,0x00,0x00,0x00,0x00,
  0x00,0x00,0x00,0x00,0x00,0x00,0x00,0x00,0x00,0x00,0x00,0x00,
  0x00,0x00,0x00,0x00,0x00,0x00,0x00,0x00,0x00,0x00,0x00,0x00,
  0x00,0x00,0x00,0x00,0x00,0x00,0x00,0x00,0x00,0x00,0x00,0x00,
  0x00,0x00,0x00,0x00,0x00,0x00,0x00,0x00,0x00,0x00,0x00,0x00,
  0x00,0x00,0x00,0x00,0x00,0x00,0x00,0x00,0x00,0x00,0x00,0x00,
  0x00,0x00,0x00,0x00,0x00,0x00,0x00,0x00,0x00,0x00,0x00,0x00,
  0x00,0x00,0x00,0x00,0x00,0x00,0x00,0x00,0x00,0x00,0x00,0x00,
  0x00,0x00,0x00,0x00,0x00,0x00,0x00,0x00,0x00,0x00,0x00,0x00,
  0x00,0x00,0x00,0x00,0x00,0x00,0x00,0x00,0x00,0x00,0x00,0x00,
  0x00,0x00,0x00,0x00,0x00,0x00,0x00,0x00,0x00,0x00,0x00,0x00,
  0x00,0x00,0x00,0x00,0x00,0x00,0x00,0x00,0x00,0x00,0x00,0x00,
  0x00,0x00,0x00,0x00,0x00,0x00,0x00,0x00,0x00,0x00,0x00,0x00,
  0x00,0x00,0x00,0x00,0x00,0x00,0x00,0x00,0x00,0x00,0x00,0x00,
  0x00,0x00,0x00,0x00,0x00,0x00,0x00,0x00,0x00,0x00,0x00,0x00,
  0x00,0x00,0x00,0x00,0x00,0x00,0x00,0x00,0x00,0x00,0x00,0x00,
  0x00,0x00,0x00,0x00,0x00,0x00,0x00,0x00,0x00,0x00,0x00,0x00,
  0x00,0x00,0x00,0x00,0x00,0x00,0x00,0x00,0x00,0x00,0x00,0x00,
  0x00,0x00,0x00,0x00,0x00,0x00,0x00,0x00,0x00,0x00,0x00,0x00,
  0x00,0x00,0x00,0x00,0x00,0x00,0x00,0x00,0x00,0x00,0x00,0x00,
  0x00,0x00,0x00,0x00,0x00,0x00,0x00,0x00,0x00,0x00,0x00,0x00,
  0x00,0x00,0x00,0x00,0x00,0x00,0x00,0x00,0x00,0x00,0x00,0x00,
  0x00,0x00,0x00,0x00,0x00,0x00,0x00,0x00,0x00,0x00,0x00,0x00,
  0x00,0x00,0x00,0x00,0x00,0x00,0x00,0x00,0x00,0x00,0x00,0x00,
  0x00,0x00,0x00,0x00,0x00,0x00,0x00,0x00,0x00,0x00,0x00,0x00,
  0x00,0x00,0x00,0x00,0x00,0x00,0x00,0x00,0x00,0x00,0x00,0x00,
  0x00,0x00,0x00,0x00,0x00,0x00,0x00,0x00,0x00,0x00,0x00,0x00,
  0x00,0x00,0x00,0x00,0x00,0x00,0x00,0x00,0x00,0x00,0x00,0x00,
  0x00,0x00,0x00,0x00,0x00,0x00,0x00,0x00,0x00,0x00,0x00,0x00,
  0x00,0x00,0x00,0x00,0x00,0x00,0x00,0x00,0x00,0x00,0x00,0x00,
  0x00,0x00,0x00,0x00,0x00,0x00,0x00,0x00,0x00,0x00,0x00,0x00,
  0x00,0x00,0x00,0x00,0x00,0x00,0x00,0x00,0x00,0x00,0x00,0x00,
  0x00,0x00,0x00,0x00,0x00,0x00,0x00,0x00,0x00,0x00,0x00,0x00,
  0x00,0x00,0x00,0x00,0x00,0x00,0x00,0x00,0x00,0x00,0x00,0x00,
  0x00,0x00,0x00,0x00,0x00,0x00,0x00,0x00,0x00,0x00,0x00,0x00,
  0x00,0x00,0x00,0x00,0x00,0x00,0x00,0x00,0x00,0x00,0x00,0x00,
  0x00,0x00,0x00,0x00,0x00,0x00,0x00,0x00,0x00,0x00,0x00,0x00,
  0x00,0x00,0x00,0x00,0x00,0x00,0x00,0x00,0x00,0x00,0x00,0x00,
  0x00,0x00,0x00,0x00,0x00,0x00,0x00,0x00,0x00,0x00,0x00,0x00,
  0x00,0x00,0x00,0x00,0x00,0x00,0x00,0x00,0x00,0x00,0x00,0x00,
  0x00,0x00,0x00,0x00,0x00,0x00,0x00,0x00,0x00,0x00,0x00,0x00,
  0x00,0x00,0x00,0x00,0x00,0x00,0x00,0x00,0x00,0x00,0x00,0x00,
  0x00,0x00,0x00,0x00,0x00,0x00,0x00,0x00,0x00,0x00,0x00,0x00,
  0x00,0x00,0x00,0x00,0x00,0x00,0x00,0x00,0x00,0x00,0x00,0x00,
  0x00,0x00,0x00,0x00,0x00,0x00,0x00,0x00,0x00,0x00,0x00,0x00,
  0x00,0x00,0x00,0x00,0x00,0x00,0x00,0x00,0x00,0x00,0x00,0x00,
  0x00,0x00,0x00,0x00,0x00,0x00,0x00,0x00,0x00,0x00,0x00,0x00,
  0x00,0x00,0x00,0x00,0x00,0x00,0x00,0x00,0x00,0x00,0x00,0x00,
  0x00,0x00,0x00,0x00,0x00,0x00,0x00,0x00,0x00,0x00,0x00,0x00,
  0x00,0x00,0x00,0x00,0x00,0x00,0x00,0x00,0x00,0x00,0x00,0x00,
  0x00,0x00,0x00,0x00,0x00,0x00,0x00,0x00,0x00,0x00,0x00,0x00,
  0x00,0x00,0x00,0x00,0x00,0x00,0x00,0x00,0x00,0x00,0x00,0x00,
  0x00,0x00,0x00,0x00,0x00,0x00,0x00,0x00,0x00,0x00,0x00,0x00,
  0x00,0x00,0x00,0x00,0x00,0x00,0x00,0x00,0x00,0x00,0x00,0x00,
  0x00,0x00,0x00,0x00,0x00,0x00,0x00,0x00,0x00,0x00,0x00,0x00,
  0x00,0x00,0x00,0x00,0x00,0x00,0x00,0x00,0x00,0x00,0x00,0x00,
  0x00,0x00,0x00,0x00,0x00,0x00,0x00,0x00,0x00,0x00,0x00,0x00,
  0x00,0x00,0x00,0x00,0x00,0x00,0x00,0x00,0x00,0x00,0x00,0x00,
  0x00,0x00,0x00,0x00,0x00,0x00,0x00,0x00,0x00,0x00,0x00,0x00,
  0x00,0x00,0x00,0x00,0x00,0x00,0x00,0x00,0x00,0x00,0x00,0x00,
  0x00,0x00,0x00,0x00,0x00,0x00,0x00,0x00,0x00,0x00,0x00,0x00,
  0x00,0x00,0x00,0x00,0x00,0x00,0x00,0x00,0x00,0x00,0x00,0x00,
  0x00,0x00,0x00,0x00,0x00,0x00,0x00,0x00,0x00,0x00,0x00,0x00,
  0x00,0x00,0x00,0x00,0x00,0x00,0x00,0x00,0x00,0x00,0x00,0x00,
  0x00,0x00,0x00,0x00,0x00,0x00,0x00,0x00,0x00,0x00,0x00,0x00,
  0x00,0x00,0x00,0x00,0x00,0x00,0x00,0x00,0x00,0x00,0x00,0x00,
  0x00,0x00,0x00,0x00,0x00,0x00,0x00,0x00,0x00,0x00,0x00,0x00,
  0x00,0x00,0x00,0x00,0x00,0x00,0x00,0x00,0x00,0x00,0x00,0x00,
  0x00,0x00,0x00,0x00,0x00,0x00,0x00,0x00,0x00,0x00,0x00,0x00,
  0x00,0x00,0x00,0x00,0x00,0x00,0x00,0x00,0x00,0x00,0x00,0x00,
  0x00,0x00,0x00,0x00,0x00,0x00,0x00,0x00,0x00,0x00,0x00,0x00,
  0x00,0x00,0x00,0x00,0x00,0x00,0x00,0x00,0x00,0x00,0x00,0x00,
  0x00,0x00,0x00,0x00,0x00,0x00,0x00,0x00,0x00,0x00,0x00,0x00,
  0x00,0x00,0x00,0x00,0x00,0x00,0x00,0x00,0x00,0x00,0x00,0x00,
  0x00,0x00,0x00,0x00,0x00,0x00,0x00,0x00,0x00,0x00,0x00,0x00,
  0x00,0x00,0x00,0x00,0x00,0x00,0x00,0x00,0x00,0x00,0x00,0x00,
  0x00,0x00,0x00,0x00,0x00,0x00,0x00,0x00,0x00,0x00,0x00,0x00,
  0x00,0x00,0x00,0x00,0x00,0x00,0x00,0x00,0x00,0x00,0x00,0x00,
  0x00,0x00,0x00,0x00,0x00,0x00,0x00,0x00,0x00,0x00,0x00,0x00,
  0x00,0x7F,0xFF,0x02,0x55,0x55,0xFF,0x03,0x00,0x00,0x01,0x00,
  0x00,0x00,0x00,0x00,0x00,0x00,0x00,0x00,0x00,0x00,0x00,0x00,
  0x00,0x00,0x00,0x00,0x00,0x00,0x00,0x00,0x00,0x00,0x00,0x00,
  0x00,0x00,0x00,0x00,0x00,0x00,0x00,0x00,0x00,0x00,0x00,0x00,
  0x00,0x00,0x00,0x00,0x00,0x00,0x00,0x00,0x00,0x00,0x00,0x00,
  0x00,0x00,0x00,0x00,0x00,0x00,0x00,0x00,0x00,0x00,0x00,0x00,
  0x00,0x00,0x00,0x00,0x00,0x00,0x00,0x00,0x00,0x00,0x00,0x00,
  0x00,0x00,0x00,0x00,0x00,0x00,0x00,0x00,0x00,0x00,0x00,0x00,
  0x00,0x00,0x00,0x00,0x00,0x00,0x00,0x00,0x00,0x00,0x00,0x00,
  0x00,0x00,0x00,0x00,0x00,0x00,0x00,0x00,0x00,0x00,0x00,0x00,
  0x00,0x00,0x00,0x00,0x00,0x00,0x00,0x00,0x00,0x00,0x00,0x00,
  0x00,0x00,0x00,0x00,0x00,0x00,0x00,0x00,0x00,0x00,0x00,0x00,
  0x00,0x00,0x00,0x00,0x00,0x00,0x00,0x00,0x00,0x00,0x00,0x00,
  0x00,0x00,0x00,0x00,0x00,0x00,0x00,0x00,0x00,0x00,0x00,0x00,
  0x00,0x00,0x00,0x00,0x00,0x00,0x00,0x00,0x00,0x00,0x00,0x00,
  0x00,0x00,0x00,0x00,0x00,0x00,0x00,0x00,0x00,0x00,0x00,0x00,
  0x00,0x00,0x00,0x00,0x00,0x00,0x00,0x00,0x00,0x00,0x00,0x00,
  0x00,0x00,0x00,0x00,0x00,0x00,0x00,0x00,0x00,0x00,0x00,0x00,
  0x00,0x00,0x00,0x00,0x00,0x00,0x00,0x00,0x00,0x00,0x00,0x00,
  0x00,0x00,0x00,0x00,0x00,0x00,0x00,0x00,0x00,0x00,0x00,0x00,
  0x00,0x00,0x00,0x00,0x00,0x00,0x00,0x00,0x00,0x00,0x00,0x00,
  0x00,0x00,0x00,0x00,0x00,0x00,0x00,0x00,0x00,0x00,0x00,0x00,
  0x00,0x00,0x00,0x00,0x00,0x00,0x00,0x00,0x00,0x00,0x00,0x00,
  0x00,0x00,0x00,0x00,0x00,0x00,0x00,0x00,0x00,0x00,0x00,0x00,
  0x00,0x00,0x00,0x00,0x00,0x00,0x00,0x00,0x00,0x00,0x00,0x00,
  0x00,0x00,0x00,0x00,0x00,0x00,0x00,0x00,0x00,0x00,0x00,0x00,
  0x00,0x00,0x00,0x00,0x00,0x00,0x00,0x00,0x00,0x00,0x00,0x00,
  0x00,0x00,0x00,0x00,0x00,0x00,0x00,0x00,0x00,0x00,0x00,0x00,
  0x00,0x00,0x00,0x00,0x00,0x00,0x00,0x00,0x00,0x00,0x00,0x00,
  0x00,0x00,0x00,0x00,0x00,0x00,0x00,0x00,0x00,0x00,0x00,0x00,
  0x00,0x00,0x00,0x00,0x00,0x00,0x00,0x00,0x00,0x00,0x00,0x00,
  0x00,0x00,0x00,0x00,0x00,0x00,0x00,0x00,0x00,0x00,0x00,0x00,
  0x00,0x00,0x00,0x00,0x00,0x00,0x00,0x00,0x00,0x00,0x00,0x00,
  0x00,0x00,0x00,0x00,0x00,0x00,0x00,0x00,0x00,0x00,0x00,0x00,
  0x00,0x00,0x00,0x00,0x00,0x00,0x00,0x00,0x00,0x00,0x00,0x00,
  0x00,0x00,0x00,0x00,0x00,0x00,0x00,0x00,0x00,0x00,0x00,0x00,
  0x00,0x00,0x00,0x00,0x00,0x00,0x00,0x00,0x00,0x00,0x00,0x00,
  0x00,0x00,0x00,0x00,0x00,0x00,0x00,0x00,0x00,0x00,0x00,0x00,
  0x00,0x00,0x00,0x00,0x00,0x00,0x00,0x00,0x00,0x00,0x00,0x00,
  0x00,0x00,0x00,0x00,0x00,0x00,0x00,0x00,0x00,0x00,0x00,0x00,
  0x00,0x00,0x00,0x00,0x00,0x00,0x00,0x00,0x00,0x00,0x00,0x00,
  0x00,0x00,0x00,0x00,0x00,0x00,0x00,0x00,0x00,0x00,0x00,0x00,
  0x00,0x00,0x00,0x00,0x00,0x00,0x00,0x00,0x00,0x00,0x00,0x00,
  0x00,0x00,0x00,0x00,0x00,0x00,0x00,0x00,0x00,0x00,0x00,0x00,
  0x00,0x00,0x00,0x00,0x00,0x00,0x00,0x00,0x00,0x00,0x00,0x00,
  0x00,0x00,0x00,0x00,0x00,0x00,0x00,0x00,0x00,0x00,0x00,0x00,
  0x00,0x00,0x00,0x00,0x00,0x00,0x00,0x00,0x00,0x00,0x00,0x00,
  0x00,0x00,0x00,0x00,0x00,0x00,0x00,0x00,0x00,0x00,0x00,0x00,
  0x00,0x00,0x00,0x00,0x00,0x00,0x00,0x00,0x00,0x00,0x00,0x00,
  0x00,0x00,0x00,0x00,0x00,0x00,0x00,0x00,0x00,0x00,0x00,0x00,
  0x00,0x00,0x00,0x00,0x00,0x00,0x00,0x00,0x00,0x00,0x00,0x00,
  0x00,0x00,0x00,0x00,0x00,0x00,0x00,0x00,0x00,0x00,0x00,0x00,
  0x00,0x00,0x00,0x00,0x00,0x00,0x00,0x00,0x00,0x00,0x00,0x00,
  0x00,0x00,0x00,0x00,0x00,0x00,0x00,0x00,0x00,0x00,0x00,0x00,
  0x00,0x00,0x00,0x00,0x00,0x00,0x00,0x00,0x00,0x00,0x00,0x00,
  0x00,0x00,0x00,0x00,0x00,0x00,0x00,0x00,0x00,0x00,0x00,0x00,
  0x00,0x00,0x00,0x00,0x00,0x00,0x00,0x00,0x00,0x00,0x00,0x00,
  0x00,0x00,0x00,0x00,0x00,0x00,0x00,0x00,0x00,0x00,0x00,0x00,
  0x00,0x00,0x00,0x00,0x00,0x00,0x00,0x00,0x00,0x00,0x00,0x00,
  0x00,0x00,0x00,0x00,0x00,0x00,0x00,0x00,0x00,0x00,0x00,0x00,
  0x00,0x00,0x00,0x00,0x00,0x00,0x00,0x00,0x00,0x00,0x00,0x00,
  0x00,0x00,0x00,0x00,0x00,0x00,0x00,0x00,0x00,0x00,0x00,0x00,
  0x00,0x00,0x00,0x00,0x00,0x00,0x00,0x00,0x00,0x00,0x00,0x00,
  0x00,0x00,0x00,0x00,0x00,0x00,0x00,0x00,0x00,0x00,0x00,0x00,
  0x00,0x00,0x00,0x00,0x00,0x00,0x00,0x00,0x00,0x00,0x00,0x00,
  0x00,0x00,0x00,0x00,0x00,0x00,0x00,0x00,0x00,0x00,0x00,0x00,
  0x00,0x00,0x00,0x00,0x00,0x00,0x00,0x00,0x00,0x00,0x00,0x00,
  0x00,0x00,0x00,0x00,0x00,0x00,0x00,0x00,0x00,0x00,0x00,0x00,
  0x00,0x00,0x00,0x00,0x00,0x00,0x00,0x00,0x00,0x00,0x00,0x00,
  0x00,0x00,0x00,0x00,0x00,0x00,0x00,0x00,0x00,0x00,0x00,0x00,
  0x00,0x00,0x00,0x00,0x00,0x00,0x00,0x00,0x00,0x00,0x00,0x00,
  0x00,0x00,0x00,0x00,0x00,0x00,0x00,0x00,0x00,0x00,0x00,0x00,
  0x00,0x00,0x00,0x00,0x00,0x00,0x00,0x00,0x00,0x00,0x00,0x00,
  0x00,0x00,0x00,0x00,0x00,0x00,0x00,0x00,0x00,0x00,0x00,0x00,
  0x00,0x00,0x00,0x00,0x00,0x00,0x00,0x00,0x00,0x00,0x00,0x00,
  0x00,0x00,0x00,0x00,0x00,0x00,0x00,0x00,0x00,0x00,0x00,0x00,
  0x00,0x00,0x00,0x00,0x00,0x00,0x00,0x00,0x00,0x00,0x00,0x00,
  0x00,0x00,0x00,0x00,0x00,0x00,0x00,0x00,0x00,0x00,0x00,0x00,
  0x00,0x00,0x00,0x00,0x00,0x00,0x00,0x00,0x00,0x00,0x00,0x00,
  0x00,0x00,0x00,0x00,0x00,0x00,0x00,0x00,0x7F,0x7F,0x00,0x04,
  0x00,0x00,0x00,0x00,0x00,0x00,0x00,0x00,0xFF,0x66,0x00,0x0A,
  0xC6,0x63,0x00,0x12,0xFF,0x8B,0x00,0x0B,0xFF,0x66,0x00,0x05,
  0xFF,0x66,0x00,0x05,0xFF,0x7F,0x00,0x02,0x00,0x00,0x00,0x00,
  0x00,0x00,0x00,0x00,0x00,0x00,0x00,0x00,0x00,0x00,0x00,0x00,
  0x00,0x00,0x00,0x00,0x00,0x00,0x00,0x00,0x00,0x00,0x00,0x00,
  0x00,0x00,0x00,0x00,0x00,0x00,0x00,0x00,0x00,0x00,0x00,0x00,
  0x00,0x00,0x00,0x00,0x00,0x00,0x00,0x00,0x00,0x00,0x00,0x00,
  0x00,0x00,0x00,0x00,0x00,0x00,0x00,0x00,0x00,0x00,0x00,0x00,
  0x00,0x00,0x00,0x00,0x00,0x00,0x00,0x00,0x00,0x00,0x00,0x00,
  0x00,0x00,0x00,0x00,0x00,0x00,0x00,0x00,0x00,0x00,0x00,0x00,
  0x00,0x00,0x00,0x00,0x00,0x00,0x00,0x00,0x00,0x00,0x00,0x00,
  0x00,0x00,0x00,0x00,0x00,0x00,0x00,0x00,0x00,0x00,0x00,0x00,
  0x00,0x00,0x00,0x00,0x00,0x00,0x00,0x00,0x00,0x00,0x00,0x00,
  0x00,0x00,0x00,0x00,0x00,0x00,0x00,0x00,0x00,0x00,0x00,0x00,
  0x00,0x00,0x00,0x00,0x00,0x00,0x00,0x00,0x00,0x00,0x00,0x00,
  0x00,0x00,0x00,0x00,0x00,0x00,0x00,0x00,0x00,0x00,0x00,0x00,
  0x00,0x00,0x00,0x00,0x00,0x00,0x00,0x00,0x00,0x00,0x00,0x00,
  0x00,0x00,0x00,0x00,0x00,0x00,0x00,0x00,0x00,0x00,0x00,0x00,
  0x00,0x00,0x00,0x00,0x00,0x00,0x00,0x00,0x00,0x00,0x00,0x00,
  0x00,0x00,0x00,0x00,0x00,0x00,0x00,0x00,0x00,0x00,0x00,0x00,
  0x00,0x00,0x00,0x00,0x00,0x00,0x00,0x00,0x00,0x00,0x00,0x00,
  0x00,0x00,0x00,0x00,0x00,0x00,0x00,0x00,0x00,0x00,0x00,0x00,
  0x00,0x00,0x00,0x00,0x00,0x00,0x00,0x00,0x00,0x00,0x00,0x00,
  0x00,0x00,0x00,0x00,0x00,0x00,0x00,0x00,0x00,0x00,0x00,0x00,
  0x00,0x00,0x00,0x00,0x00,0x00,0x00,0x00,0x00,0x00,0x00,0x00,
  0x00,0x00,0x00,0x00,0x00,0x00,0x00,0x00,0x00,0x00,0x00,0x00,
  0x00,0x00,0x00,0x00,0x00,0x00,0x00,0x00,0x00,0x00,0x00,0x00,
  0x00,0x00,0x00,0x00,0x00,0x00,0x00,0x00,0x00,0x00,0x00,0x00,
  0x00,0x00,0x00,0x00,0x00,0x00,0x00,0x00,0x00,0x00,0x00,0x00,
  0x00,0x00,0x00,0x00,0x00,0x00,0x00,0x00,0x00,0x00,0x00,0x00,
  0x00,0x00,0x00,0x00,0x00,0x00,0x00,0x00,0x00,0x00,0x00,0x00,
  0x00,0x00,0x00,0x00,0x00,0x00,0x00,0x00,0x00,0x00,0x00,0x00,
  0x00,0x00,0x00,0x00,0x00,0x00,0x00,0x00,0x00,0x00,0x00,0x00,
  0x00,0x00,0x00,0x00,0x00,0x00,0x00,0x00,0x00,0x00,0x00,0x00,
  0x00,0x00,0x00,0x00,0x00,0x00,0x00,0x00,0x00,0x00,0x00,0x00,
  0x00,0x00,0x00,0x00,0x00,0x00,0x00,0x00,0x00,0x00,0x00,0x00,
  0x00,0x00,0x00,0x00,0x00,0x00,0x00,0x00,0x00,0x00,0x00,0x00,
  0x00,0x00,0x00,0x00,0x00,0x00,0x00,0x00,0x00,0x00,0x00,0x00,
  0x00,0x00,0x00,0x00,0x00,0x00,0x00,0x00,0x00,0x00,0x00,0x00,
  0x00,0x00,0x00,0x00,0x00,0x00,0x00,0x00,0x00,0x00,0x00,0x00,
  0x00,0x00,0x00,0x00,0x00,0x00,0x00,0x00,0x00,0x00,0x00,0x00,
  0x00,0x00,0x00,0x00,0x00,0x00,0x00,0x00,0x00,0x00,0x00,0x00,
  0x00,0x00,0x00,0x00,0x00,0x00,0x00,0x00,0x00,0x00,0x00,0x00,
  0x00,0x00,0x00,0x00,0x00,0x00,0x00,0x00,0x00,0x00,0x00,0x00,
  0x00,0x00,0x00,0x00,0x00,0x00,0x00,0x00,0x00,0x00,0x00,0x00,
  0x00,0x00,0x00,0x00,0x00,0x00,0x00,0x00,0x00,0x00,0x00,0x00,
  0x00,0x00,0x00,0x00,0x00,0x00,0x00,0x00,0x00,0x00,0x00,0x00,
  0x00,0x00,0x00,0x00,0x00,0x00,0x00,0x00,0x00,0x00,0x00,0x00,
  0x00,0x00,0x00,0x00,0x00,0x00,0x00,0x00,0x00,0x00,0x00,0x00,
  0x00,0x00,0x00,0x00,0x00,0x00,0x00,0x00,0x00,0x00,0x00,0x00,
  0x00,0x00,0x00,0x00,0x00,0x00,0x00,0x00,0x00,0x00,0x00,0x00,
  0x00,0x00,0x00,0x00,0x00,0x00,0x00,0x00,0x00,0x00,0x00,0x00,
  0x00,0x00,0x00,0x00,0x00,0x00,0x00,0x00,0x00,0x00,0x00,0x00,
  0x00,0x00,0x00,0x00,0x00,0x00,0x00,0x00,0x00,0x00,0x00,0x00,
  0x00,0x00,0x00,0x00,0x00,0x00,0x00,0x00,0x00,0x00,0x00,0x00,
  0x00,0x00,0x00,0x00,0x00,0x00,0x00,0x00,0x00,0x00,0x00,0x00,
  0x00,0x00,0x00,0x00,0x00,0x00,0x00,0x00,0x00,0x00,0x00,0x00,
  0x00,0x00,0x00,0x00,0x00,0x00,0x00,0x00,0x00,0x00,0x00,0x00,
  0x00,0x00,0x00,0x00,0x00,0x00,0x00,0x00,0x00,0x00,0x00,0x00,
  0x00,0x00,0x00,0x00,0x00,0x00,0x00,0x00,0x00,0x00,0x00,0x00,
  0x00,0x00,0x00,0x00,0x00,0x00,0x00,0x00,0x00,0x00,0x00,0x00,
  0x00,0x00,0x00,0x00,0x00,0x00,0x00,0x00,0x00,0x00,0x00,0x00,
  0x00,0x00,0x00,0x00,0x00,0x00,0x00,0x00,0x00,0x00,0x00,0x00,
  0x00,0x00,0x00,0x00,0x00,0x00,0x00,0x00,0x00,0x00,0x00,0x00,
  0x00,0x00,0x00,0x00,0x00,0x00,0x00,0x00,0x00,0x00,0x00,0x00,
  0x00,0x00,0x00,0x00,0x00,0x00,0x00,0x00,0x00,0x00,0x00,0x00,
  0x00,0x00,0x00,0x00,0x00,0x00,0x00,0x00,0x00,0x00,0x00,0x00,
  0x00,0x00,0x00,0x00,0x00,0x00,0x00,0x00,0x00,0x00,0x00,0x00,
  0x00,0x00,0x00,0x00,0x00,0x00,0x00,0x00,0x00,0x00,0x00,0x00,
  0x00,0x00,0x00,0x00,0x00,0x00,0x00,0x00,0x00,0x00,0x00,0x00,
  0x00,0x00,0x00,0x00,0x00,0x00,0x00,0x00,0x00,0x00,0x00,0x00,
  0x00,0x00,0x00,0x00,0x00,0x00,0x00,0x00,0x00,0x00,0x00,0x00,
  0x00,0x00,0x00,0x00,0x00,0x00,0x00,0x00,0x00,0x00,0x00,0x00,
  0x00,0x00,0x00,0x00,0x00,0x00,0x00,0x00,0x00,0x00,0x00,0x00,
  0x00,0x00,0x00,0x00,0x00,0x00,0x00,0x00,0x00,0x00,0x00,0x00,
  0x00,0x00,0x00,0x00,0x00,0x00,0x00,0x00,0x00,0x00,0x00,0x00,
  0x00,0x00,0x00,0x00,0x00,0x00,0x00,0x00,0x00,0x00,0x00,0x00,
  0x00,0x00,0x00,0x00,0x00,0x00,0x00,0x00,0x00,0x00,0x00,0x00,
  0x00,0x00,0x00,0x00,0x00,0x00,0x00,0x00,0x00,0x00,0x00,0x00,
  0x00,0x00,0x00,0x01,0x00,0x00,0xFF,0x01,0xB4,0x5A,0x0F,0x11,
  0x77,0x57,0x93,0x5A,0x78,0x60,0xBB,0x79,0x79,0x41,0x4A,0x56,
  0x96,0x39,0x05,0x2C,0x91,0x3E,0x0A,0x31,0x97,0x3C,0x06,0x2A,
  0xA5,0x3E,0x06,0x25,0xCE,0x55,0x00,0x15,0xFF,0xFF,0x00,0x02,
  0x00,0x00,0x00,0x00,0x00,0x00,0x00,0x00,0x00,0x00,0x00,0x00,
  0x00,0x00,0x00,0x00,0x00,0x00,0x00,0x00,0x00,0x00,0x00,0x00,
  0x00,0x00,0x00,0x00,0x00,0x00,0x00,0x00,0x00,0x00,0x00,0x00,
  0x00,0x00,0x00,0x00,0x00,0x00,0x00,0x00,0x00,0x00,0x00,0x00,
  0x00,0x00,0x00,0x00,0x00,0x00,0x00,0x00,0x00,0x00,0x00,0x00,
  0x00,0x00,0x00,0x00,0x00,0x00,0x00,0x00,0x00,0x00,0x00,0x00,
  0x00,0x00,0x00,0x00,0x00,0x00,0x00,0x00,0x00,0x00,0x00,0x00,
  0x00,0x00,0x00,0x00,0x00,0x00,0x00,0x00,0x00,0x00,0x00,0x00,
  0x00,0x00,0x00,0x00,0x00,0x00,0x00,0x00,0x00,0x00,0x00,0x00,
  0x00,0x00,0x00,0x00,0x00,0x00,0x00,0x00,0x00,0x00,0x00,0x00,
  0x00,0x00,0x00,0x00,0x00,0x00,0x00,0x00,0x00,0x00,0x00,0x00,
  0x00,0x00,0x00,0x00,0xFF,0x00,0x00,0x01,0xFF,0x00,0x00,0x01,
  0xFF,0x00,0x00,0x01,0xFF,0x00,0x00,0x01,0xFF,0x00,0x00,0x01,
  0xFF,0x00,0x00,0x01,0xFF,0x00,0x00,0x01,0xFF,0x00,0x00,0x01,
  0xFF,0x00,0x00,0x01,0xFF,0x00,0x00,0x01,0xFF,0x00,0x00,0x01,
  0xFF,0x00,0x00,0x01,0x00,0x00,0x00,0x00,0x00,0x00,0x00,0x00,
  0x00,0x00,0x00,0x00,0x00,0x00,0x00,0x00,0x00,0x00,0x00,0x00,
  0x00,0x00,0x00,0x00,0x00,0x00,0x00,0x00,0x00,0x00,0x00,0x00,
  0x00,0x00,0x00,0x00,0x00,0x00,0x00,0x00,0x00,0x00,0x00,0x00,
  0x00,0x00,0x00,0x00,0x00,0x00,0x00,0x00,0x00,0x00,0x00,0x00,
  0x00,0x00,0x00,0x00,0x00,0x00,0x00,0x00,0x00,0x00,0x00,0x00,
  0x00,0x00,0x00,0x00,0x00,0x00,0x00,0x00,0x00,0x00,0x00,0x00,
  0x00,0x00,0x00,0x00,0x00,0x00,0x00,0x00,0x00,0x00,0x00,0x00,
  0x00,0x00,0x00,0x00,0x00,0x00,0x00,0x00,0x00,0x00,0x00,0x00,
  0x00,0x00,0x00,0x00,0x00,0x00,0x00,0x00,0x00,0x00,0x00,0x00,
  0x00,0x00,0x00,0x00,0x00,0x00,0x00,0x00,0x00,0x00,0x00,0x00,
  0x00,0x00,0x00,0x00,0x00,0x00,0x00,0x00,0x00,0x00,0x00,0x00,
  0x00,0x00,0x00,0x00,0x00,0x00,0x00,0x00,0x00,0x00,0x00,0x00,
  0x00,0x00,0x00,0x00,0x00,0x00,0x00,0x00,0x00,0x00,0x00,0x00,
  0x00,0x00,0x00,0x00,0x00,0x00,0x00,0x00,0x00,0x00,0x00,0x00,
  0x00,0x00,0x00,0x00,0x00,0x00,0x00,0x00,0x00,0x00,0x00,0x00,
  0x00,0x00,0x00,0x00,0x00,0x00,0x00,0x00,0x00,0x00,0x00,0x00,
  0x00,0x00,0x00,0x00,0x00,0x00,0x00,0x00,0x00,0x00,0x00,0x00,
  0x00,0x00,0x00,0x00,0x00,0x00,0x00,0x00,0x00,0x00,0x00,0x00,
  0x00,0x00,0x00,0x00,0x00,0x00,0x00,0x00,0x00,0x00,0x00,0x00,
  0x00,0x00,0x00,0x00,0x00,0x00,0x00,0x00,0x00,0x00,0x00,0x00,
  0x00,0x00,0x00,0x00,0x00,0x00,0x00,0x00,0x00,0x00,0x00,0x00,
  0x00,0x00,0x00,0x00,0x00,0x00,0x00,0x00,0x00,0x00,0x00,0x00,
  0x00,0x00,0x00,0x00,0x00,0x00,0x00,0x00,0x00,0x00,0x00,0x00,
  0x00,0x00,0x00,0x00,0x00,0x00,0x00,0x00,0x00,0x00,0x00,0x00,
  0x00,0x00,0x00,0x00,0x00,0x00,0x00,0x00,0x00,0x00,0x00,0x00,
  0x00,0x00,0x00,0x00,0x00,0x00,0x00,0x00,0x00,0x00,0x00,0x00,
  0x00,0x00,0x00,0x00,0x00,0x00,0x00,0x00,0x00,0x00,0x00,0x00,
  0x00,0x00,0x00,0x00,0x00,0x00,0x00,0x00,0x00,0x00,0x00,0x00,
  0x00,0x00,0x00,0x00,0x00,0x00,0x00,0x00,0x00,0x00,0x00,0x00,
  0x00,0x00,0x00,0x00,0x00,0x00,0x00,0x00,0x00,0x00,0x00,0x00,
  0x00,0x00,0x00,0x00,0x00,0x00,0x00,0x00,0x00,0x00,0x00,0x00,
  0x00,0x00,0x00,0x00,0x00,0x00,0x00,0x00,0x00,0x00,0x00,0x00,
  0x00,0x00,0x00,0x00,0x00,0x00,0x00,0x00,0x00,0x00,0x00,0x00,
  0x00,0x00,0x00,0x00,0x00,0x00,0x00,0x00,0x00,0x00,0x00,0x00,
  0x00,0x00,0x00,0x00,0x00,0x00,0x00,0x00,0x00,0x00,0x00,0x00,
  0x00,0x00,0x00,0x00,0x00,0x00,0x00,0x00,0x00,0x00,0x00,0x00,
  0x00,0x00,0x00,0x00,0x00,0x00,0x00,0x00,0x00,0x00,0x00,0x00,
  0x00,0x00,0x00,0x00,0x00,0x00,0x00,0x00,0x00,0x00,0x00,0x00,
  0x00,0x00,0x00,0x00,0x00,0x00,0x00,0x00,0x00,0x00,0x00,0x00,
  0x00,0x00,0x00,0x00,0x00,0x00,0x00,0x00,0x00,0x00,0x00,0x00,
  0x00,0x00,0x00,0x00,0x00,0x00,0x00,0x00,0x00,0x00,0x00,0x00,
  0x00,0x00,0x00,0x00,0x00,0x00,0x00,0x00,0x00,0x00,0x00,0x00,
  0x00,0x00,0x00,0x00,0x00,0x00,0x00,0x00,0x00,0x00,0x00,0x00,
  0x00,0x00,0x00,0x00,0x00,0x00,0x00,0x00,0x00,0x00,0x00,0x00,
  0x00,0x00,0x00,0x00,0x00,0x00,0x00,0x00,0x00,0x00,0x00,0x00,
  0x00,0x00,0x00,0x00,0x00,0x00,0x00,0x00,0x00,0x00,0x00,0x00,
  0x00,0x00,0x00,0x00,0x00,0x00,0x00,0x00,0x00,0x00,0x00,0x00,
  0x00,0x00,0x00,0x00,0x00,0x00,0x00,0x00,0x00,0x00,0x00,0x00,
  0x00,0x00,0x00,0x00,0x00,0x00,0x00,0x00,0x00,0x00,0x00,0x00,
  0x00,0x00,0x00,0x00,0x00,0x00,0x00,0x00,0x00,0x00,0x00,0x00,
  0x00,0x00,0x00,0x00,0x00,0x00,0x00,0x00,0x00,0x00,0x00,0x00,
  0x00,0x00,0x00,0x00,0x00,0x00,0x00,0x00,0x00,0x00,0x00,0x00,
  0x00,0x00,0x00,0x00,0x00,0x00,0x00,0x00,0x00,0x00,0x00,0x00,
  0x00,0x00,0x00,0x00,0x00,0x00,0x00,0x00,0x00,0x00,0x00,0x00,
  0x00,0x00,0x00,0x00,0x00,0x00,0x00,0x00,0x00,0x00,0x00,0x00,
  0x00,0x00,0x00,0x00,0x00,0x00,0x00,0x00,0x00,0x00,0x00,0x00,
  0x00,0x00,0x00,0x00,0x00,0x00,0x00,0x00,0x00,0x00,0x00,0x00,
  0x00,0x00,0x00,0x00,0x00,0x00,0x00,0x00,0x00,0x00,0x00,0x00,
  0x00,0x00,0x00,0x00,0x00,0x00,0x00,0x00,0x00,0x00,0x00,0x00,
  0x00,0x00,0x00,0x00,0x00,0x00,0x00,0x00,0x00,0x00,0x00,0x00,
  0x01,0x00,0x00,0x00,0x00,0x00,0x01,0x00,0xA2,0x2E,0x00,0x16,
  0x69,0x5B,0xAD,0xDD,0x77,0x74,0xFC,0xFF,0x6F,0x4C,0x8B,0x75,
  0x93,0x2D,0x00,0x2D,0x81,0x36,0x0C,0x3D,0x7F,0x2F,0x00,0x40,
  0x7F,0x31,0x00,0x3E,0x8C,0x3E,0x05,0x31,0xB3,0x4B,0x00,0x1B,
  0xFF,0x66,0x00,0x05,0x00,0x00,0x00,0x00,0x00,0x00,0x00,0x00,
  0x00,0x00,0x00,0x00,0x00,0x00,0x00,0x00,0x00,0x00,0x00,0x00,
  0x00,0x00,0x00,0x00,0x00,0x00,0x00,0x00,0x00,0x00,0x00,0x00,
  0x00,0x00,0x00,0x00,0x00,0x00,0x00,0x00,0x00,0x00,0x00,0x00,
  0x00,0x00,0x00,0x00,0x00,0x00,0x00,0x00,0x00,0x00,0x00,0x00,
  0x00,0x00,0x00,0x00,0x00,0x00,0x00,0x00,0x00,0x00,0x00,0x00,
  0x00,0x00,0x00,0x00,0x00,0x00,0x00,0x00,0x00,0x00,0x00,0x00,
  0x00,0x00,0x00,0x00,0x00,0x00,0x00,0x00,0x00,0x00,0x00,0x00,
  0x00,0x00,0x00,0x00,0x00,0x00,0x00,0x00,0x00,0x00,0x00,0x00,
  0x00,0x00,0x00,0x00,0x00,0x00,0x00,0x00,0x00,0x00,0x00,0x00,
  0x00,0x00,0x00,0x00,0x00,0x00,0x00,0x00,0x00,0x00,0x00,0x00,
  0x00,0x00,0x00,0x00,0x00,0x00,0x00,0x00,0x00,0x00,0x00,0x00,
  0x00,0x00,0x00,0x00,0x00,0x00,0x00,0x00,0x00,0x00,0x00,0x00,
  0x00,0x00,0x00,0x00,0x00,0x00,0x00,0x00,0x00,0x00,0x00,0x00,
  0x00,0x00,0x00,0x00,0x00,0x00,0x00,0x00,0x00,0x00,0x00,0x00,
  0x00,0x00,0x00,0x00,0x00,0x00,0x00,0x00,0x00,0x00,0x00,0x00,
  0x00,0x00,0x00,0x00,0x00,0x00,0x00,0x00,0x00,0x00,0x00,0x00,
  0x00,0x00,0x00,0x00,0x00,0x00,0x00,0x00,0x00,0x00,0x00,0x00,
  0x00,0x00,0x00,0x00,0x00,0x00,0x00,0x00,0x00,0x00,0x00,0x00,
  0x00,0x00,0x00,0x00,0x00,0x00,0x00,0x00,0x00,0x00,0x00,0x00,
  0x00,0x00,0x00,0x00,0x00,0x00,0x00,0x00,0x00,0x00,0x00,0x00,
  0x00,0x00,0x00,0x00,0x00,0x00,0x00,0x00,0x00,0x00,0x00,0x00,
  0x00,0x00,0x00,0x00,0x00,0x00,0x00,0x00,0x00,0x00,0x00,0x00,
  0x00,0x00,0x00,0x00,0x00,0x00,0x00,0x00,0x00,0x00,0x00,0x00,
  0x00,0x00,0x00,0x00,0x00,0x00,0x00,0x00,0x00,0x00,0x00,0x00,
  0x00,0x00,0x00,0x00,0x00,0x00,0x00,0x00,0x00,0x00,0x00,0x00,
  0x00,0x00,0x00,0x00,0x00,0x00,0x00,0x00,0x00,0x00,0x00,0x00,
  0x00,0x00,0x00,0x00,0x00,0x00,0x00,0x00,0x00,0x00,0x00,0x00,
  0x00,0x00,0x00,0x00,0x00,0x00,0x00,0x00,0x00,0x00,0x00,0x00,
  0x00,0x00,0x00,0x00,0x00,0x00,0x00,0x00,0x00,0x00,0x00,0x00,
  0x00,0x00,0x00,0x00,0x00,0x00,0x00,0x00,0x00,0x00,0x00,0x00,
  0x00,0x00,0x00,0x00,0x00,0x00,0x00,0x00,0x00,0x00,0x00,0x00,
  0x00,0x00,0x00,0x00,0x00,0x00,0x00,0x00,0x00,0x00,0x00,0x00,
  0x00,0x00,0x00,0x00,0x00,0x00,0x00,0x00,0x00,0x00,0x00,0x00,
  0x00,0x00,0x00,0x00,0x00,0x00,0x00,0x00,0x00,0x00,0x00,0x00,
  0x00,0x00,0x00,0x00,0x00,0x00,0x00,0x00,0x00,0x00,0x00,0x00,
  0x00,0x00,0x00,0x00,0x00,0x00,0x00,0x00,0x00,0x00,0x00,0x00,
  0x00,0x00,0x00,0x00,0x00,0x00,0x00,0x00,0x00,0x00,0x00,0x00,
  0x00,0x00,0x00,0x00,0x00,0x00,0x00,0x00,0x00,0x00,0x00,0x00,
  0x00,0x00,0x00,0x00,0x00,0x00,0x00,0x00,0x00,0x00,0x00,0x00,
  0x00,0x00,0x00,0x00,0x00,0x00,0x00,0x00,0x00,0x00,0x00,0x00,
  0x00,0x00,0x00,0x00,0x00,0x00,0x00,0x00,0x00,0x00,0x00,0x00,
  0x00,0x00,0x00,0x00,0x00,0x00,0x00,0x00,0x00,0x00,0x00,0x00,
  0x00,0x00,0x00,0x00,0x00,0x00,0x00,0x00,0x00,0x00,0x00,0x00,
  0x00,0x00,0x00,0x00,0x00,0x00,0x00,0x00,0x00,0x00,0x00,0x00,
  0x00,0x00,0x00,0x00,0x00,0x00,0x00,0x00,0x00,0x00,0x00,0x00,
  0x00,0x00,0x00,0x00,0x00,0x00,0x00,0x00,0x00,0x00,0x00,0x00,
  0x00,0x00,0x00,0x00,0x00,0x00,0x00,0x00,0x00,0x00,0x00,0x00,
  0x00,0x00,0x00,0x00,0x00,0x00,0x00,0x00,0x00,0x00,0x00,0x00,
  0x00,0x00,0x00,0x00,0x00,0x00,0x00,0x00,0x00,0x00,0x00,0x00,
  0x00,0x00,0x00,0x00,0x00,0x00,0x00,0x00,0x00,0x00,0x00,0x00,
  0x00,0x00,0x00,0x00,0x00,0x00,0x00,0x00,0x00,0x00,0x00,0x00,
  0x00,0x00,0x00,0x00,0x00,0x00,0x00,0x00,0x00,0x00,0x00,0x00,
  0x00,0x00,0x00,0x00,0x00,0x00,0x00,0x00,0x00,0x00,0x00,0x00,
  0x00,0x00,0x00,0x00,0x00,0x00,0x00,0x00,0x00,0x00,0x00,0x00,
  0x00,0x00,0x00,0x00,0x00,0x00,0x00,0x00,0x00,0x00,0x00,0x00,
  0x00,0x00,0x00,0x00,0x00,0x00,0x00,0x00,0x00,0x00,0x00,0x00,
  0x00,0x00,0x00,0x00,0x00,0x00,0x00,0x00,0x00,0x00,0x00,0x00,
  0x00,0x00,0x00,0x00,0x00,0x00,0x00,0x00,0x00,0x00,0x00,0x00,
  0x00,0x00,0x00,0x00,0x00,0x00,0x00,0x00,0x00,0x00,0x00,0x00,
  0x00,0x00,0x00,0x00,0x00,0x00,0x00,0x00,0x00,0x00,0x00,0x00,
  0x00,0x00,0x00,0x00,0x00,0x00,0x00,0x00,0x00,0x00,0x00,0x00,
  0x00,0x00,0x00,0x00,0x00,0x00,0x00,0x00,0x00,0x00,0x00,0x00,
  0x00,0x00,0x00,0x00,0x00,0x00,0x00,0x00,0x00,0x00,0x00,0x00,
  0x00,0x00,0x00,0x00,0x00,0x00,0x00,0x00,0x00,0x00,0x00,0x00,
  0x00,0x00,0x00,0x00,0x00,0x00,0x00,0x00,0x00,0x00,0x00,0x00,
  0x00,0x00,0x00,0x00,0x00,0x00,0x00,0x00,0x00,0x00,0x00,0x00,
  0x00,0x00,0x00,0x00,0x00,0x00,0x00,0x00,0x00,0x00,0x00,0x00,
  0x00,0x00,0x00,0x00,0x00,0x00,0x00,0x00,0x00,0x00,0x00,0x00,
  0x00,0x00,0x00,0x00,0x00,0x00,0x00,0x00,0x00,0x00,0x00,0x00,
  0x00,0x00,0x00,0x00,0x00,0x00,0x00,0x00,0x00,0x00,0x00,0x00,
  0x00,0x00,0x00,0x00,0x00,0x00,0x00,0x00,0x00,0x00,0x00,0x00,
  0x00,0x00,0x00,0x00,0x00,0x00,0x00,0x00,0x00,0x00,0x00,0x00,
  0x00,0x00,0x00,0x00,0x00,0x00,0x00,0x00,0x00,0x00,0x00,0x00,
  0x00,0x00,0x00,0x00,0x00,0x00,0x00,0x00,0x00,0x00,0x00,0x00,
  0x00,0x00,0x00,0x00,0x00,0x00,0x00,0x00,0x00,0x00,0x00,0x01,
  0x1F,0x00,0x00,0x08,0x1F,0x00,0x9F,0x08,0x67,0x15,0x05,0x2F,
  0x66,0x56,0x9C,0xDF,0x71,0x6D,0xED,0xFB,0x65,0x51,0xA3,0x67,
  0xA5,0x33,0x26,0x14,0xA0,0x5E,0x4B,0x1B,0x81,0x2D,0x04,0x3D,
  0x78,0x28,0x03,0x4C,0x7F,0x2F,0x00,0x40,0x7F,0x2E,0x04,0x3C,
  0x9F,0x39,0x06,0x28,0xD7,0x4E,0x00,0x0D,0x01,0x00,0x00,0x00,
  0x00,0x00,0x00,0x00,0x00,0x00,0x00,0x00,0x00,0x00,0x00,0x00,
  0x00,0x00,0x00,0x00,0x00,0x00,0x00,0x00,0x00,0x00,0x00,0x00,
  0x00,0x00,0x00,0x00,0x00,0x00,0x00,0x00,0x00,0x00,0x00,0x00,
  0x00,0x00,0x00,0x00,0x00,0x00,0x00,0x00,0x00,0x00,0x00,0x00,
  0x00,0x00,0x00,0x00,0x00,0x00,0x00,0x00,0x00,0x00,0x00,0x00,
  0x00,0x00,0x00,0x00,0x00,0x00,0x00,0x00,0x00,0x00,0x00,0x00,
  0x00,0x00,0x00,0x00,0x00,0x00,0x00,0x00,0x00,0x00,0x00,0x00,
  0x00,0x00,0x00,0x00,0x00,0x00,0x00,0x00,0x00,0x00,0x00,0x00,
  0x00,0x00,0x00,0x00,0x00,0x00,0x00,0x00,0x00,0x00,0x00,0x00,
  0x00,0x00,0x00,0x00,0xFF,0x7F,0x00,0x02,0xFF,0xAA,0x00,0x03,
  0xFF,0xFF,0x7F,0x02,0xB2,0x4C,0x19,0x0A,0xCC,0x4C,0x19,0x0A,
  0xB2,0x66,0x19,0x0A,0xB0,0x4E,0x27,0x0D,0x9F,0x5F,0x1F,0x08,
  0x9F,0x5F,0x1F,0x08,0x9F,0x5F,0x1F,0x08,0x9F,0x5F,0x1F,0x08,
  0x8D,0x55,0x38,0x09,0x9F,0x5F,0x3F,0x08,0xA5,0x5A,0x1E,0x11,
  0x87,0x4B,0x1E,0x11,0xBF,0x7F,0x3F,0x04,0x7F,0x3F,0x00,0x04,
  0x00,0x00,0x00,0x00,0x00,0x00,0x00,0x00,0x00,0x00,0x00,0x00,
  0x00,0x00,0x00,0x00,0x00,0x00,0x00,0x00,0x00,0x00,0x00,0x00,
  0x00,0x00,0x00,0x00,0x00,0x00,0x00,0x00,0x00,0x00,0x00,0x00,
  0x00,0x00,0x00,0x00,0x00,0x00,0x00,0x00,0x00,0x00,0x00,0x00,
  0x00,0x00,0x00,0x00,0x00,0x00,0x00,0x00,0x00,0x00,0x00,0x00,
  0x00,0x00,0x00,0x00,0x00,0x00,0x00,0x00,0x00,0x00,0x00,0x00,
  0x00,0x00,0x00,0x00,0x00,0x00,0x00,0x00,0x00,0x00,0x00,0x00,
  0x00,0x00,0x00,0x00,0x00,0x00,0x00,0x00,0x00,0x00,0x00,0x00,
  0x00,0x00,0x00,0x00,0x00,0x00,0x00,0x00,0x00,0x00,0x00,0x00,
  0x00,0x00,0x00,0x00,0x00,0x00,0x00,0x00,0x00,0x00,0x00,0x00,
  0x00,0x00,0x00,0x00,0x00,0x00,0x00,0x00,0x00,0x00,0x00,0x00,
  0x00,0x00,0x00,0x00,0x00,0x00,0x00,0x00,0x00,0x00,0x00,0x00,
  0x00,0x00,0x00,0x00,0x00,0x00,0x00,0x00,0x00,0x00,0x00,0x00,
  0x00,0x00,0x00,0x00,0x00,0x00,0x00,0x00,0x00,0x00,0x00,0x00,
  0x00,0x00,0x00,0x00,0x00,0x00,0x00,0x00,0x00,0x00,0x00,0x00,
  0x00,0x00,0x00,0x00,0x00,0x00,0x00,0x00,0x00,0x00,0x00,0x00,
  0x00,0x00,0x00,0x00,0x00,0x00,0x00,0x00,0x00,0x00,0x00,0x00,
  0x00,0x00,0x00,0x00,0x00,0x00,0x00,0x00,0x00,0x00,0x00,0x00,
  0x00,0x00,0x00,0x00,0x00,0x00,0x00,0x00,0x00,0x00,0x00,0x00,
  0x00,0x00,0x00,0x00,0x00,0x00,0x00,0x00,0x00,0x00,0x00,0x00,
  0x00,0x00,0x00,0x00,0x00,0x00,0x00,0x00,0x00,0x00,0x00,0x00,
  0x00,0x00,0x00,0x00,0x00,0x00,0x00,0x00,0x00,0x00,0x00,0x00,
  0x00,0x00,0x00,0x00,0x00,0x00,0x00,0x00,0x00,0x00,0x00,0x00,
  0x00,0x00,0x00,0x00,0x00,0x00,0x00,0x00,0x00,0x00,0x00,0x00,
  0x00,0x00,0x00,0x00,0x00,0x00,0x00,0x00,0x00,0x00,0x00,0x00,
  0x00,0x00,0x00,0x00,0x00,0x00,0x00,0x00,0x00,0x00,0x00,0x00,
  0x00,0x00,0x00,0x00,0x00,0x00,0x00,0x00,0x00,0x00,0x00,0x00,
  0x00,0x00,0x00,0x00,0x00,0x00,0x00,0x00,0x00,0x00,0x00,0x00,
  0x00,0x00,0x00,0x00,0x00,0x00,0x00,0x00,0x00,0x00,0x00,0x00,
  0x00,0x00,0x00,0x00,0x00,0x00,0x00,0x00,0x00,0x00,0x00,0x00,
  0x00,0x00,0x00,0x00,0x00,0x00,0x00,0x00,0x00,0x00,0x00,0x00,
  0x00,0x00,0x00,0x00,0x00,0x00,0x00,0x00,0x00,0x00,0x00,0x00,
  0x00,0x00,0x00,0x00,0x00,0x00,0x00,0x00,0x00,0x00,0x00,0x00,
  0x00,0x00,0x00,0x00,0x00,0x00,0x00,0x00,0x00,0x00,0x00,0x00,
  0x00,0x00,0x00,0x00,0x00,0x00,0x00,0x00,0x00,0x00,0x00,0x00,
  0x00,0x00,0x00,0x00,0x00,0x00,0x00,0x00,0x00,0x00,0x00,0x00,
  0x00,0x00,0x00,0x00,0x00,0x00,0x00,0x00,0x00,0x00,0x00,0x00,
  0x00,0x00,0x00,0x00,0x00,0x00,0x00,0x00,0x00,0x00,0x00,0x00,
  0x00,0x00,0x00,0x00,0x00,0x00,0x00,0x00,0x00,0x00,0x00,0x00,
  0x00,0x00,0x00,0x00,0x00,0x00,0x00,0x00,0x00,0x00,0x00,0x00,
  0x00,0x00,0x00,0x00,0x00,0x00,0x00,0x00,0x00,0x00,0x00,0x00,
  0x00,0x00,0x00,0x00,0x00,0x00,0x00,0x00,0x00,0x00,0x00,0x00,
  0x00,0x00,0x00,0x00,0x00,0x00,0x00,0x00,0x00,0x00,0x00,0x00,
  0x00,0x00,0x00,0x00,0x00,0x00,0x00,0x00,0x00,0x00,0x00,0x00,
  0x00,0x00,0x00,0x00,0x00,0x00,0x00,0x00,0x00,0x00,0x00,0x00,
  0x00,0x00,0x00,0x00,0x00,0x00,0x00,0x00,0x00,0x00,0x00,0x00,
  0x00,0x00,0x00,0x00,0x00,0x00,0x00,0x00,0x00,0x00,0x00,0x00,
  0x00,0x00,0x00,0x00,0x00,0x00,0x00,0x00,0x00,0x00,0x00,0x00,
  0x00,0x00,0x00,0x00,0x00,0x00,0x00,0x00,0x00,0x00,0x00,0x00,
  0x00,0x00,0x00,0x00,0x00,0x00,0x00,0x00,0x00,0x00,0x00,0x00,
  0x00,0x00,0x00,0x00,0x00,0x00,0x00,0x00,0x00,0x00,0x00,0x00,
  0x00,0x00,0x00,0x00,0x00,0x00,0x00,0x00,0x00,0x00,0x00,0x00,
  0x00,0x00,0x00,0x00,0x00,0x00,0x00,0x00,0x00,0x00,0x00,0x00,
  0x00,0x00,0x00,0x00,0x00,0x00,0x00,0x00,0x00,0x00,0x00,0x00,
  0x00,0x00,0x00,0x00,0x00,0x00,0x00,0x00,0x00,0x00,0x00,0x00,
  0x00,0x00,0x00,0x00,0x00,0x00,0x00,0x00,0x00,0x00,0x00,0x00,
  0x00,0x00,0x00,0x00,0x00,0x00,0x00,0x00,0x00,0x00,0x00,0x00,
  0x00,0x00,0x00,0x00,0x00,0x00,0x00,0x00,0x00,0x00,0x00,0x00,
  0x00,0x00,0x00,0x00,0x00,0x00,0x00,0x00,0x00,0x00,0x00,0x00,
  0x00,0x00,0x00,0x01,0xFF,0xFF,0xFF,0x02,0x01,0x01,0x02,0x00,
  0x5D,0x4E,0x8C,0xBD,0x6E,0x64,0xBF,0xE6,0x71,0x66,0xB8,0xE9,
  0x6C,0x66,0xC9,0xFC,0x68,0x68,0xD7,0xFF,0x6B,0x65,0xC8,0xEE,
  0x6B,0x63,0xC8,0xE4,0x63,0x59,0xBE,0xD8,0x67,0x2E,0x20,0x74,
  0x71,0x29,0x04,0x6E,0x73,0x2A,0x07,0x61,0x71,0x27,0x02,0x61,
  0x7A,0x2D,0x03,0x49,0xA5,0x37,0x00,0x25,0xFF,0x3F,0x00,0x04,
  0x00,0x00,0x00,0x00,0x00,0x00,0x00,0x00,0x00,0x00,0x00,0x00,
  0x00,0x00,0x00,0x00,0x00,0x00,0x00,0x00,0x00,0x00,0x00,0x00,
  0x00,0x00,0x00,0x00,0x00,0x00,0x00,0x00,0x00,0x00,0x00,0x00,
  0x00,0x00,0x00,0x00,0x00,0x00,0x00,0x00,0x00,0x00,0x00,0x00,
  0x00,0x00,0x00,0x00,0x00,0x00,0x00,0x00,0x00,0x00,0x00,0x00,
  0x00,0x00,0x00,0x00,0x00,0x00,0x00,0x00,0x00,0x00,0x00,0x00,
  0x00,0x00,0x00,0x00,0x00,0x00,0x00,0x00,0x00,0x00,0x00,0x00,
  0x00,0x00,0x00,0x00,0xFF,0x00,0x00,0x01,0xBF,0x7F,0x00,0x04,
  0xBF,0x7F,0x3F,0x04,0xBF,0x7F,0x3F,0x04,0xBF,0x3F,0x3F,0x04,
  0xBF,0x7F,0x00,0x04,0x00,0x00,0x00,0x00,0x00,0x00,0x00,0x00,
  0x00,0x00,0x00,0x10,0x9E,0x52,0x11,0xE4,0xDA,0x78,0x21,0xE7,
  0xD0,0x75,0x29,0xE7,0xCF,0x77,0x2D,0xE9,0xCE,0x77,0x2E,0xE6,
  0xCE,0x77,0x30,0xE6,0xCD,0x77,0x30,0xE6,0xCD,0x76,0x2E,0xE6,
  0xCC,0x74,0x2C,0xE6,0xCB,0x74,0x2C,0xE4,0xDD,0x7E,0x2B,0xEC,
  0xA2,0x56,0x15,0xC6,0x00,0x00,0x00,0x00,0x00,0x00,0x00,0x00,
  0xFF,0xFF,0x00,0x01,0xFF,0xFF,0x00,0x01,0x01,0x01,0x00,0x00,
  0x02,0x01,0x00,0x00,0x7F,0x7F,0x00,0x02,0x00,0x00,0x00,0x00,
  0x00,0x00,0x00,0x00,0x00,0x00,0x00,0x00,0x00,0x00,0x00,0x00,
  0x00,0x00,0x00,0x00,0x00,0x00,0x00,0x00,0x00,0x00,0x00,0x00,
  0x00,0x00,0x00,0x00,0x00,0x00,0x00,0x00,0x00,0x00,0x00,0x00,
  0x00,0x00,0x00,0x00,0x00,0x00,0x00,0x00,0x00,0x00,0x00,0x00,
  0x00,0x00,0x00,0x00,0x00,0x00,0x00,0x00,0x00,0x00,0x00,0x00,
  0x00,0x00,0x00,0x00,0x00,0x00,0x00,0x00,0x00,0x00,0x00,0x00,
  0x00,0x00,0x00,0x00,0x00,0x00,0x00,0x00,0x00,0x00,0x00,0x00,
  0x00,0x00,0x00,0x00,0x00,0x00,0x00,0x00,0x00,0x00,0x00,0x00,
  0x00,0x00,0x00,0x00,0x00,0x00,0x00,0x00,0x00,0x00,0x00,0x00,
  0x00,0x00,0x00,0x00,0x00,0x00,0x00,0x00,0x00,0x00,0x00,0x00,
  0x00,0x00,0x00,0x00,0x00,0x00,0x00,0x00,0x00,0x00,0x00,0x00,
  0x00,0x00,0x00,0x00,0x00,0x00,0x00,0x00,0x00,0x00,0x00,0x00,
  0x00,0x00,0x00,0x00,0x00,0x00,0x00,0x00,0x00,0x00,0x00,0x00,
  0x00,0x00,0x00,0x00,0x00,0x00,0x00,0x00,0x00,0x00,0x00,0x00,
  0x00,0x00,0x00,0x00,0x00,0x00,0x00,0x00,0x00,0x00,0x00,0x00,
  0x00,0x00,0x00,0x00,0x00,0x00,0x00,0x00,0x00,0x00,0x00,0x00,
  0x00,0x00,0x00,0x00,0x00,0x00,0x00,0x00,0x00,0x00,0x00,0x00,
  0x00,0x00,0x00,0x00,0x00,0x00,0x00,0x00,0x00,0x00,0x00,0x00,
  0x00,0x00,0x00,0x00,0x00,0x00,0x00,0x00,0x00,0x00,0x00,0x00,
  0x00,0x00,0x00,0x00,0x00,0x00,0x00,0x00,0x00,0x00,0x00,0x00,
  0x00,0x00,0x00,0x00,0x00,0x00,0x00,0x00,0x00,0x00,0x00,0x00,
  0x00,0x00,0x00,0x00,0x00,0x00,0x00,0x00,0x00,0x00,0x00,0x00,
  0x00,0x00,0x00,0x00,0x00,0x00,0x00,0x00,0x00,0x00,0x00,0x00,
  0x00,0x00,0x00,0x00,0x00,0x00,0x00,0x00,0x00,0x00,0x00,0x00,
  0x00,0x00,0x00,0x00,0x00,0x00,0x00,0x00,0x00,0x00,0x00,0x00,
  0x00,0x00,0x00,0x00,0x00,0x00,0x00,0x00,0x00,0x00,0x00,0x00,
  0x00,0x00,0x00,0x00,0x00,0x00,0x00,0x00,0x00,0x00,0x00,0x00,
  0x00,0x00,0x00,0x00,0x00,0x00,0x00,0x00,0x00,0x00,0x00,0x00,
  0x00,0x00,0x00,0x00,0x00,0x00,0x00,0x00,0x00,0x00,0x00,0x00,
  0x00,0x00,0x00,0x00,0x00,0x00,0x00,0x00,0x00,0x00,0x00,0x00,
  0x00,0x00,0x00,0x00,0x00,0x00,0x00,0x00,0x00,0x00,0x00,0x00,
  0x00,0x00,0x00,0x00,0x00,0x00,0x00,0x00,0x00,0x00,0x00,0x00,
  0x00,0x00,0x00,0x00,0x00,0x00,0x00,0x00,0x00,0x00,0x00,0x00,
  0x00,0x00,0x00,0x00,0x00,0x00,0x00,0x00,0x00,0x00,0x00,0x00,
  0x00,0x00,0x00,0x00,0x00,0x00,0x00,0x00,0x00,0x00,0x00,0x00,
  0x00,0x00,0x00,0x00,0x00,0x00,0x00,0x00,0x00,0x00,0x00,0x00,
  0x00,0x00,0x00,0x00,0x00,0x00,0x00,0x00,0x00,0x00,0x00,0x00,
  0x00,0x00,0x00,0x00,0x00,0x00,0x00,0x00,0x00,0x00,0x00,0x00,
  0x00,0x00,0x00,0x00,0x00,0x00,0x00,0x00,0x00,0x00,0x00,0x00,
  0x00,0x00,0x00,0x00,0x00,0x00,0x00,0x00,0x00,0x00,0x00,0x00,
  0x00,0x00,0x00,0x00,0x00,0x00,0x00,0x00,0x00,0x00,0x00,0x00,
  0x00,0x00,0x00,0x00,0x00,0x00,0x00,0x00,0x00,0x00,0x00,0x00,
  0x00,0x00,0x00,0x00,0x00,0x00,0x00,0x00,0x00,0x00,0x00,0x00,
  0x00,0x00,0x00,0x00,0x00,0x00,0x00,0x00,0x00,0x00,0x00,0x00,
  0x00,0x00,0x00,0x00,0x00,0x00,0x00,0x00,0x00,0x00,0x00,0x00,
  0x00,0x00,0x00,0x00,0x00,0x00,0x00,0x00,0x00,0x00,0x00,0x00,
  0x00,0x00,0x00,0x00,0x00,0x00,0x00,0x00,0x00,0x00,0x00,0x00,
  0x00,0x00,0x00,0x00,0x00,0x00,0x00,0x00,0x00,0x00,0x00,0x00,
  0x00,0x00,0x00,0x00,0x00,0x00,0x00,0x00,0x00,0x00,0x00,0x00,
  0x00,0x00,0x00,0x00,0x00,0x00,0x00,0x00,0x00,0x00,0x00,0x00,
  0x00,0x00,0x00,0x00,0x00,0x00,0x00,0x00,0x00,0x00,0x00,0x00,
  0x00,0x00,0x00,0x00,0x00,0x00,0x00,0x00,0x00,0x00,0x00,0x00,
  0x00,0x00,0x00,0x00,0x00,0x00,0x00,0x00,0x00,0x00,0x00,0x00,
  0x00,0x00,0x00,0x00,0x00,0x00,0x00,0x00,0x00,0x00,0x00,0x00,
  0x00,0x00,0x00,0x00,0x00,0x00,0x00,0x00,0x00,0x00,0x00,0x00,
  0x00,0x00,0x00,0x00,0x00,0x00,0x00,0x00,0x00,0x00,0x00,0x00,
  0x00,0x00,0x00,0x00,0x00,0x00,0x00,0x00,0x00,0x00,0x00,0x00,
  0xFF,0x71,0x00,0x09,0xBF,0x4C,0x00,0x14,0x38,0x00,0x00,0x09,
  0x8D,0x63,0x55,0xB3,0xEC,0xD7,0xC3,0xFF,0xBF,0xA1,0x96,0xFF,
  0xD7,0xCC,0xCC,0xFF,0xE0,0xDF,0xE6,0xFF,0xE5,0xE4,0xE9,0xFF,
  0xB6,0xAF,0xC2,0xFF,0x94,0x80,0x95,0xFD,0x63,0x22,0x00,0xAC,
  0x68,0x29,0x00,0x8E,0x69,0x25,0x00,0x94,0x6B,0x2A,0x05,0x91,
  0x75,0x2A,0x02,0x59,0xA3,0x3A,0x00,0x27,0xFF,0x5F,0x00,0x08,
  0x00,0x00,0x00,0x00,0x00,0x00,0x00,0x00,0x00,0x00,0x00,0x00,
  0x00,0x00,0x00,0x00,0x00,0x00,0x00,0x00,0x00,0x00,0x00,0x00,
  0x00,0x00,0x00,0x00,0x00,0x00,0x00,0x00,0x00,0x00,0x00,0x00,
  0x00,0x00,0x00,0x00,0x00,0x00,0x00,0x00,0x00,0x00,0x00,0x00,
  0x00,0x00,0x00,0x00,0x00,0x00,0x00,0x00,0x00,0x00,0x00,0x00,
  0x00,0x00,0x00,0x00,0x00,0x00,0x00,0x00,0x00,0x00,0x00,0x00,
  0x00,0x00,0x00,0x00,0xFF,0x00,0x00,0x01,0x00,0x00,0x00,0x01,
  0x00,0x00,0x00,0x01,0x00,0x00,0x00,0x00,0x00,0x00,0x00,0x00,
  0x00,0x00,0x00,0x00,0x00,0x00,0x00,0x00,0x00,0x00,0x00,0x00,
  0x00,0x00,0x00,0x00,0x9B,0x4E,0x0E,0x7B,0xBD,0x64,0x15,0xBB,
  0x9E,0x53,0x15,0xBE,0xC2,0x68,0x1C,0xFF,0xDA,0x78,0x22,0xFF,
  0xD6,0x78,0x2B,0xFF,0xD8,0x7D,0x30,0xFF,0xD9,0x7F,0x30,0xFF,
  0xD9,0x7E,0x33,0xFF,0xD9,0x7E,0x35,0xFF,0xDA,0x7E,0x32,0xFF,
  0xD8,0x79,0x2C,0xFF,0xD7,0x7A,0x2E,0xFF,0xE0,0x7E,0x2C,0xFF,
  0xBB,0x67,0x20,0xF1,0xB8,0x64,0x23,0x90,0x8E,0x48,0x12,0x6D,
  0x00,0x00,0x00,0x00,0x00,0x00,0x00,0x00,0x00,0x00,0x00,0x00,
  0x00,0x00,0x00,0x00,0x00,0x00,0x00,0x00,0x00,0x00,0x00,0x01,
  0x00,0x00,0x00,0x01,0xFF,0x00,0x00,0x01,0xFF,0x00,0x00,0x01,
  0x00,0x00,0x00,0x01,0x00,0x00,0x00,0x00,0x00,0x00,0x00,0x00,
  0x00,0x00,0x00,0x00,0x00,0x00,0x00,0x00,0x00,0x00,0x00,0x00,
  0x00,0x00,0x00,0x00,0x00,0x00,0x00,0x00,0x00,0x00,0x00,0x00,
  0x00,0x00,0x00,0x00,0x00,0x00,0x00,0x00,0x00,0x00,0x00,0x00,
  0x00,0x00,0x00,0x00,0x00,0x00,0x00,0x00,0x00,0x00,0x00,0x00,
  0x00,0x00,0x00,0x00,0x00,0x00,0x00,0x00,0x00,0x00,0x00,0x00,
  0x00,0x00,0x00,0x00,0x00,0x00,0x00,0x00,0x00,0x00,0x00,0x00,
  0x00,0x00,0x00,0x00,0x00,0x00,0x00,0x00,0x00,0x00,0x00,0x00,
  0x00,0x00,0x00,0x00,0x00,0x00,0x00,0x00,0x00,0x00,0x00,0x00,
  0x00,0x00,0x00,0x00,0x00,0x00,0x00,0x00,0x00,0x00,0x00,0x00,
  0x00,0x00,0x00,0x00,0x00,0x00,0x00,0x00,0x00,0x00,0x00,0x00,
  0x00,0x00,0x00,0x00,0x00,0x00,0x00,0x00,0x00,0x00,0x00,0x00,
  0x00,0x00,0x00,0x00,0x00,0x00,0x00,0x00,0x00,0x00,0x00,0x00,
  0x00,0x00,0x00,0x00,0x00,0x00,0x00,0x00,0x00,0x00,0x00,0x00,
  0x00,0x00,0x00,0x00,0x00,0x00,0x00,0x00,0x00,0x00,0x00,0x00,
  0x00,0x00,0x00,0x00,0x00,0x00,0x00,0x00,0x00,0x00,0x00,0x00,
  0x00,0x00,0x00,0x00,0x00,0x00,0x00,0x00,0x00,0x00,0x00,0x00,
  0x00,0x00,0x00,0x00,0x00,0x00,0x00,0x00,0x00,0x00,0x00,0x00,
  0x00,0x00,0x00,0x00,0x00,0x00,0x00,0x00,0x00,0x00,0x00,0x00,
  0x00,0x00,0x00,0x00,0x00,0x00,0x00,0x00,0x00,0x00,0x00,0x00,
  0x00,0x00,0x00,0x00,0x00,0x00,0x00,0x00,0x00,0x00,0x00,0x00,
  0x00,0x00,0x00,0x00,0x00,0x00,0x00,0x00,0x00,0x00,0x00,0x00,
  0x00,0x00,0x00,0x00,0x00,0x00,0x00,0x00,0x00,0x00,0x00,0x00,
  0x00,0x00,0x00,0x00,0x00,0x00,0x00,0x00,0x00,0x00,0x00,0x00,
  0x00,0x00,0x00,0x00,0x00,0x00,0x00,0x00,0x00,0x00,0x00,0x00,
  0x00,0x00,0x00,0x00,0x00,0x00,0x00,0x00,0x00,0x00,0x00,0x00,
  0x00,0x00,0x00,0x00,0x00,0x00,0x00,0x00,0x00,0x00,0x00,0x00,
  0x00,0x00,0x00,0x00,0x00,0x00,0x00,0x00,0x00,0x00,0x00,0x00,
  0x00,0x00,0x00,0x00,0x00,0x00,0x00,0x00,0x00,0x00,0x00,0x00,
  0x00,0x00,0x00,0x00,0x00,0x00,0x00,0x00,0x00,0x00,0x00,0x00,
  0x00,0x00,0x00,0x00,0x00,0x00,0x00,0x00,0x00,0x00,0x00,0x00,
  0x00,0x00,0x00,0x00,0x00,0x00,0x00,0x00,0x00,0x00,0x00,0x00,
  0x00,0x00,0x00,0x00,0x00,0x00,0x00,0x00,0x00,0x00,0x00,0x00,
  0x00,0x00,0x00,0x00,0x00,0x00,0x00,0x00,0x00,0x00,0x00,0x00,
  0x00,0x00,0x00,0x00,0x00,0x00,0x00,0x00,0x00,0x00,0x00,0x00,
  0x00,0x00,0x00,0x00,0x00,0x00,0x00,0x00,0x00,0x00,0x00,0x00,
  0x00,0x00,0x00,0x00,0x00,0x00,0x00,0x00,0x00,0x00,0x00,0x00,
  0x00,0x00,0x00,0x00,0x00,0x00,0x00,0x00,0x00,0x00,0x00,0x00,
  0x00,0x00,0x00,0x00,0x00,0x00,0x00,0x00,0x00,0x00,0x00,0x00,
  0x00,0x00,0x00,0x00,0x00,0x00,0x00,0x00,0x00,0x00,0x00,0x00,
  0x00,0x00,0x00,0x00,0x00,0x00,0x00,0x00,0x00,0x00,0x00,0x00,
  0x00,0x00,0x00,0x00,0x00,0x00,0x00,0x00,0x00,0x00,0x00,0x00,
  0x00,0x00,0x00,0x00,0x00,0x00,0x00,0x00,0x00,0x00,0x00,0x00,
  0x00,0x00,0x00,0x00,0x00,0x00,0x00,0x00,0x00,0x00,0x00,0x00,
  0x00,0x00,0x00,0x00,0x00,0x00,0x00,0x00,0x00,0x00,0x00,0x00,
  0x00,0x00,0x00,0x00,0x00,0x00,0x00,0x00,0x00,0x00,0x00,0x00,
  0x00,0x00,0x00,0x00,0x00,0x00,0x00,0x00,0x00,0x00,0x00,0x00,
  0x00,0x00,0x00,0x00,0x00,0x00,0x00,0x00,0x00,0x00,0x00,0x00,
  0x00,0x00,0x00,0x00,0x00,0x00,0x00,0x00,0x00,0x00,0x00,0x00,
  0x00,0x00,0x00,0x00,0x00,0x00,0x00,0x00,0x00,0x00,0x00,0x00,
  0x00,0x00,0x00,0x00,0x00,0x00,0x00,0x00,0x00,0x00,0x00,0x00,
  0x00,0x00,0x00,0x00,0x00,0x00,0x00,0x00,0x00,0x00,0x00,0x00,
  0x00,0x00,0x00,0x00,0x00,0x00,0x00,0x00,0x00,0x00,0x00,0x00,
  0x00,0x00,0x00,0x00,0x00,0x00,0x00,0x00,0x00,0x00,0x00,0x00,
  0x00,0x00,0x00,0x00,0x00,0x00,0x00,0x00,0x00,0x00,0x00,0x00,
  0x00,0x00,0x00,0x00,0x00,0x00,0x00,0x01,0x01,0x00,0x00,0x00,
  0x90,0x3C,0x1B,0x2E,0x8F,0x57,0x4D,0x69,0x83,0x48,0x4D,0x69,
  0x97,0x64,0x52,0xB9,0xDE,0xC6,0xB3,0xFE,0xAE,0x80,0x73,0xFC,
  0xC1,0xB0,0xAD,0xFF,0xCD,0xD0,0xE0,0xFF,0xD1,0xCC,0xDA,0xFE,
  0xAD,0xA8,0xBB,0xFD,0xA0,0x88,0x86,0xFD,0x72,0x3A,0x21,0xCD,
  0x78,0x46,0x3F,0x94,0x71,0x3A,0x2D,0xA9,0x71,0x29,0x02,0x5C,
  0x9A,0x3D,0x00,0x21,0xE9,0x55,0x00,0x0C,0xFF,0x00,0x00,0x01,
  0x00,0x00,0x00,0x00,0x00,0x00,0x00,0x00,0x00,0x00,0x00,0x00,
  0x00,0x00,0x00,0x00,0x00,0x00,0x00,0x00,0x00,0x00,0x00,0x00,
  0x00,0x00,0x00,0x00,0x00,0x00,0x00,0x00,0x00,0x00,0x00,0x00,
  0x00,0x00,0x00,0x00,0x00,0x00,0x00,0x00,0x00,0x00,0x00,0x00,
  0x00,0x00,0x00,0x00,0x00,0x00,0x00,0x01,0x7F,0x00,0x00,0x02,
  0x7F,0x00,0x00,0x02,0x7F,0x00,0x00,0x02,0x7F,0x00,0x00,0x02,
  0x55,0x55,0x00,0x03,0x00,0x00,0x00,0x00,0x00,0x00,0x00,0x00,
  0x00,0x00,0x00,0x00,0x87,0x3F,0x0F,0x20,0x9A,0x54,0x14,0x8B,
  0x92,0x50,0x18,0x8F,0x8F,0x4F,0x1A,0x90,0x97,0x51,0x17,0x8C,
  0x89,0x47,0x14,0x8B,0xAB,0x5D,0x1A,0xEB,0xE9,0x80,0x25,0xFF,
  0xDD,0x7A,0x25,0xFF,0xD4,0x75,0x24,0xFE,0xCE,0x71,0x22,0xFE,
  0xD0,0x74,0x29,0xFE,0xD2,0x7B,0x30,0xFE,0xD2,0x7A,0x2F,0xFE,
  0xD1,0x7A,0x31,0xFE,0xD3,0x7B,0x33,0xFE,0xD3,0x7A,0x31,0xFE,
  0xD1,0x76,0x2B,0xFE,0xD2,0x77,0x2D,0xFE,0xD1,0x76,0x2C,0xFE,
  0xD5,0x77,0x2C,0xFF,0xE0,0x7E,0x2D,0xFF,0xCA,0x70,0x25,0xFF,
  0xC2,0x6E,0x26,0xD0,0xC2,0x6C,0x22,0xCF,0xBD,0x69,0x23,0xCF,
  0xC3,0x6F,0x25,0xD3,0x96,0x4E,0x12,0x62,0x00,0x00,0x00,0x00,
  0x01,0x01,0x00,0x00,0x00,0x00,0x00,0x00,0x00,0x00,0x00,0x00,
  0x00,0x00,0x00,0x00,0x7F,0x00,0x00,0x02,0x7F,0x7F,0x00,0x02,
  0x00,0x00,0x00,0x01,0x00,0x00,0x00,0x00,0x00,0x00,0x00,0x00,
  0x00,0x00,0x00,0x00,0x00,0x00,0x00,0x00,0x00,0x00,0x00,0x00,
  0x00,0x00,0x00,0x00,0x00,0x00,0x00,0x00,0x00,0x00,0x00,0x00,
  0x00,0x00,0x00,0x00,0x00,0x00,0x00,0x00,0x00,0x00,0x00,0x00,
  0x00,0x00,0x00,0x00,0x00,0x00,0x00,0x00,0x00,0x00,0x00,0x00,
  0x00,0x00,0x00,0x00,0x00,0x00,0x00,0x00,0x00,0x00,0x00,0x00,
  0x00,0x00,0x00,0x00,0x00,0x00,0x00,0x00,0x00,0x00,0x00,0x00,
  0x00,0x00,0x00,0x00,0x00,0x00,0x00,0x00,0x00,0x00,0x00,0x00,
  0x00,0x00,0x00,0x00,0x00,0x00,0x00,0x00,0x00,0x00,0x00,0x00,
  0x00,0x00,0x00,0x00,0x00,0x00,0x00,0x00,0x00,0x00,0x00,0x00,
  0x00,0x00,0x00,0x00,0x00,0x00,0x00,0x00,0x00,0x00,0x00,0x00,
  0x00,0x00,0x00,0x00,0x00,0x00,0x00,0x00,0x00,0x00,0x00,0x00,
  0x00,0x00,0x00,0x00,0x00,0x00,0x00,0x00,0x00,0x00,0x00,0x00,
  0x00,0x00,0x00,0x00,0x00,0x00,0x00,0x00,0x00,0x00,0x00,0x00,
  0x00,0x00,0x00,0x00,0x00,0x00,0x00,0x00,0x00,0x00,0x00,0x00,
  0x00,0x00,0x00,0x00,0x00,0x00,0x00,0x00,0x00,0x00,0x00,0x00,
  0x00,0x00,0x00,0x00,0x00,0x00,0x00,0x00,0x00,0x00,0x00,0x00,
  0x00,0x00,0x00,0x00,0x00,0x00,0x00,0x00,0x00,0x00,0x00,0x00,
  0x00,0x00,0x00,0x00,0x00,0x00,0x00,0x00,0x00,0x00,0x00,0x00,
  0x00,0x00,0x00,0x00,0x00,0x00,0x00,0x00,0x00,0x00,0x00,0x00,
  0x00,0x00,0x00,0x00,0x00,0x00,0x00,0x00,0x00,0x00,0x00,0x00,
  0x00,0x00,0x00,0x00,0x00,0x00,0x00,0x00,0x00,0x00,0x00,0x00,
  0x00,0x00,0x00,0x00,0x00,0x00,0x00,0x00,0x00,0x00,0x00,0x00,
  0x00,0x00,0x00,0x00,0x00,0x00,0x00,0x00,0x00,0x00,0x00,0x00,
  0x00,0x00,0x00,0x00,0x00,0x00,0x00,0x00,0x00,0x00,0x00,0x00,
  0x00,0x00,0x00,0x00,0x00,0x00,0x00,0x00,0x00,0x00,0x00,0x00,
  0x00,0x00,0x00,0x00,0x00,0x00,0x00,0x00,0x00,0x00,0x00,0x00,
  0x00,0x00,0x00,0x00,0x00,0x00,0x00,0x00,0x00,0x00,0x00,0x00,
  0x00,0x00,0x00,0x00,0x00,0x00,0x00,0x00,0x00,0x00,0x00,0x00,
  0x00,0x00,0x00,0x00,0x00,0x00,0x00,0x00,0x00,0x00,0x00,0x00,
  0x00,0x00,0x00,0x00,0x00,0x00,0x00,0x00,0x00,0x00,0x00,0x00,
  0x00,0x00,0x00,0x00,0x00,0x00,0x00,0x00,0x00,0x00,0x00,0x00,
  0x00,0x00,0x00,0x00,0x00,0x00,0x00,0x00,0x00,0x00,0x00,0x00,
  0x00,0x00,0x00,0x00,0x00,0x00,0x00,0x00,0x00,0x00,0x00,0x00,
  0x00,0x00,0x00,0x00,0x00,0x00,0x00,0x00,0x00,0x00,0x00,0x00,
  0x00,0x00,0x00,0x00,0x00,0x00,0x00,0x00,0x00,0x00,0x00,0x00,
  0x00,0x00,0x00,0x00,0x00,0x00,0x00,0x00,0x00,0x00,0x00,0x00,
  0x00,0x00,0x00,0x00,0x00,0x00,0x00,0x00,0x00,0x00,0x00,0x00,
  0x00,0x00,0x00,0x00,0x00,0x00,0x00,0x00,0x00,0x00,0x00,0x00,
  0x00,0x00,0x00,0x00,0x00,0x00,0x00,0x00,0x00,0x00,0x00,0x00,
  0x00,0x00,0x00,0x00,0x00,0x00,0x00,0x00,0x00,0x00,0x00,0x00,
  0x00,0x00,0x00,0x00,0x00,0x00,0x00,0x00,0x00,0x00,0x00,0x00,
  0x00,0x00,0x00,0x00,0x00,0x00,0x00,0x00,0x00,0x00,0x00,0x00,
  0x00,0x00,0x00,0x00,0x00,0x00,0x00,0x00,0x00,0x00,0x00,0x00,
  0x00,0x00,0x00,0x00,0x00,0x00,0x00,0x00,0x00,0x00,0x00,0x00,
  0x00,0x00,0x00,0x00,0x00,0x00,0x00,0x00,0x00,0x00,0x00,0x00,
  0x00,0x00,0x00,0x00,0x00,0x00,0x00,0x00,0x00,0x00,0x00,0x00,
  0x00,0x00,0x00,0x00,0x00,0x00,0x00,0x00,0x00,0x00,0x00,0x00,
  0x00,0x00,0x00,0x00,0x00,0x00,0x00,0x00,0x00,0x00,0x00,0x00,
  0x00,0x00,0x00,0x00,0x00,0x00,0x00,0x00,0x00,0x00,0x00,0x00,
  0x00,0x00,0x00,0x00,0x00,0x00,0x00,0x00,0x00,0x00,0x00,0x00,
  0x00,0x00,0x00,0x00,0x00,0x00,0x00,0x00,0x00,0x00,0x00,0x00,
  0x00,0x00,0x00,0x00,0x00,0x00,0x00,0x00,0x00,0x00,0x00,0x00,
  0x00,0x00,0x00,0x00,0x00,0x00,0x00,0x00,0x00,0x00,0x00,0x00,
  0x00,0x00,0x00,0x01,0x00,0xFF,0xFF,0x01,0xFF,0x00,0x00,0x01,
  0x6E,0x37,0x33,0x8A,0x97,0x6E,0x94,0xFF,0x92,0x6C,0x98,0xFF,
  0x8E,0x69,0x95,0xFF,0x84,0x63,0x97,0xFF,0x85,0x6A,0xA9,0xFF,
  0x7D,0x67,0xA8,0xFF,0x74,0x64,0xAB,0xFF,0x75,0x64,0xAB,0xFF,
  0x7A,0x6A,0xB0,0xFF,0x80,0x6B,0xAF,0xFF,0x86,0x6A,0xA4,0xFF,
  0x8D,0x71,0xB5,0xFF,0x84,0x5F,0x87,0xFF,0x6B,0x13,0x00,0x40,
  0x00,0x00,0x00,0x00,0x00,0x00,0x00,0x02,0xFF,0x7F,0x00,0x02,
  0x00,0x00,0x00,0x00,0xBF,0x7F,0x00,0x04,0xFF,0xFF,0x00,0x01,
  0x00,0x00,0x00,0x00,0x00,0x00,0x00,0x00,0x00,0x00,0x00,0x00,
  0x00,0x00,0x00,0x00,0x00,0x00,0x00,0x00,0x00,0x00,0x00,0x00,
  0x00,0x00,0x00,0x00,0x00,0x00,0x00,0x00,0x00,0x00,0x00,0x00,
  0x00,0x00,0x00,0x00,0x00,0x00,0x00,0x00,0x00,0x00,0x00,0x00,
  0x00,0x00,0x00,0x00,0x00,0x00,0x00,0x00,0x00,0x00,0x00,0x00,
  0x00,0x00,0x00,0x00,0x2D,0x0F,0x00,0x11,0x45,0x17,0x00,0x16,
  0x0E,0x00,0x00,0x12,0x7C,0x3E,0x0E,0x7B,0xE0,0x7B,0x22,0xFF,
  0xD9,0x76,0x25,0xFF,0xD8,0x76,0x25,0xFF,0xD7,0x75,0x24,0xFF,
  0xD7,0x75,0x25,0xFF,0xCE,0x70,0x23,0xFF,0xCC,0x6F,0x24,0xFC,
  0xCD,0x6F,0x25,0xFD,0xCE,0x70,0x25,0xFF,0xCF,0x71,0x25,0xFF,
  0xD1,0x75,0x29,0xFF,0xD3,0x7A,0x2E,0xFF,0xD3,0x7B,0x2F,0xFF,
  0xD3,0x7B,0x2F,0xFF,0xD3,0x7A,0x30,0xFF,0xD2,0x79,0x2E,0xFF,
  0xD3,0x79,0x2E,0xFF,0xD4,0x7A,0x2F,0xFF,0xD2,0x78,0x2D,0xFF,
  0xD0,0x75,0x2C,0xFE,0xD1,0x74,0x2B,0xFB,0xD4,0x77,0x2C,0xFC,
  0xDB,0x7A,0x2C,0xFF,0xDC,0x7B,0x2D,0xFF,0xDA,0x7A,0x2D,0xFF,
  0xEB,0x85,0x30,0xFF,0x97,0x52,0x15,0xB4,0x0E,0x00,0x00,0x12,
  0x39,0x17,0x00,0x16,0x2A,0x00,0x00,0x12,0x38,0x0E,0x00,0x12,
  0x33,0x11,0x00,0x0F,0x00,0x00,0x00,0x00,0x00,0x00,0x00,0x00,
  0x00,0x00,0x00,0x00,0x00,0x00,0x00,0x00,0x00,0x00,0x00,0x00,
  0x00,0x00,0x00,0x00,0x00,0x00,0x00,0x00,0x00,0x00,0x00,0x00,
  0x00,0x00,0x00,0x00,0x00,0x00,0x00,0x00,0x00,0x00,0x00,0x00,
  0x00,0x00,0x00,0x00,0x00,0x00,0x00,0x00,0x00,0x00,0x00,0x00,
  0x00,0x00,0x00,0x00,0x00,0x00,0x00,0x00,0x00,0x00,0x00,0x00,
  0x00,0x00,0x00,0x00,0x00,0x00,0x00,0x00,0x00,0x00,0x00,0x00,
  0x00,0x00,0x00,0x00,0x00,0x00,0x00,0x00,0x00,0x00,0x00,0x00,
  0x00,0x00,0x00,0x00,0x00,0x00,0x00,0x00,0x00,0x00,0x00,0x00,
  0x00,0x00,0x00,0x00,0x00,0x00,0x00,0x00,0x00,0x00,0x00,0x00,
  0x00,0x00,0x00,0x00,0x00,0x00,0x00,0x00,0x00,0x00,0x00,0x00,
  0x00,0x00,0x00,0x00,0x00,0x00,0x00,0x00,0x00,0x00,0x00,0x00,
  0x00,0x00,0x00,0x00,0x00,0x00,0x00,0x00,0x00,0x00,0x00,0x00,
  0x00,0x00,0x00,0x00,0x00,0x00,0x00,0x00,0x00,0x00,0x00,0x00,
  0x00,0x00,0x00,0x00,0x00,0x00,0x00,0x00,0x00,0x00,0x00,0x00,
  0x00,0x00,0x00,0x00,0x00,0x00,0x00,0x00,0x00,0x00,0x00,0x00,
  0x00,0x00,0x00,0x00,0x00,0x00,0x00,0x00,0x00,0x00,0x00,0x00,
  0x00,0x00,0x00,0x00,0x00,0x00,0x00,0x00,0x00,0x00,0x00,0x00,
  0x00,0x00,0x00,0x00,0x00,0x00,0x00,0x00,0x00,0x00,0x00,0x00,
  0x00,0x00,0x00,0x00,0x00,0x00,0x00,0x00,0x00,0x00,0x00,0x00,
  0x00,0x00,0x00,0x00,0x00,0x00,0x00,0x00,0x00,0x00,0x00,0x00,
  0x00,0x00,0x00,0x00,0x00,0x00,0x00,0x00,0x00,0x00,0x00,0x00,
  0x00,0x00,0x00,0x00,0x00,0x00,0x00,0x00,0x00,0x00,0x00,0x00,
  0x00,0x00,0x00,0x00,0x00,0x00,0x00,0x00,0x00,0x00,0x00,0x00,
  0x00,0x00,0x00,0x00,0x00,0x00,0x00,0x00,0x00,0x00,0x00,0x00,
  0x00,0x00,0x00,0x00,0x00,0x00,0x00,0x00,0x00,0x00,0x00,0x00,
  0x00,0x00,0x00,0x00,0x00,0x00,0x00,0x00,0x00,0x00,0x00,0x00,
  0x00,0x00,0x00,0x00,0x00,0x00,0x00,0x00,0x00,0x00,0x00,0x00,
  0x00,0x00,0x00,0x00,0x00,0x00,0x00,0x00,0x00,0x00,0x00,0x00,
  0x00,0x00,0x00,0x00,0x00,0x00,0x00,0x00,0x00,0x00,0x00,0x00,
  0x00,0x00,0x00,0x00,0x00,0x00,0x00,0x00,0x00,0x00,0x00,0x00,
  0x00,0x00,0x00,0x00,0x00,0x00,0x00,0x00,0x00,0x00,0x00,0x00,
  0x00,0x00,0x00,0x00,0x00,0x00,0x00,0x00,0x00,0x00,0x00,0x00,
  0x00,0x00,0x00,0x00,0x00,0x00,0x00,0x00,0x00,0x00,0x00,0x00,
  0x00,0x00,0x00,0x00,0x00,0x00,0x00,0x00,0x00,0x00,0x00,0x00,
  0x00,0x00,0x00,0x00,0x00,0x00,0x00,0x00,0x00,0x00,0x00,0x00,
  0x00,0x00,0x00,0x00,0x00,0x00,0x00,0x00,0x00,0x00,0x00,0x00,
  0x00,0x00,0x00,0x00,0x00,0x00,0x00,0x00,0x00,0x00,0x00,0x00,
  0x00,0x00,0x00,0x00,0x00,0x00,0x00,0x00,0x00,0x00,0x00,0x00,
  0x00,0x00,0x00,0x00,0x00,0x00,0x00,0x00,0x00,0x00,0x00,0x00,
  0x00,0x00,0x00,0x00,0x00,0x00,0x00,0x00,0x00,0x00,0x00,0x00,
  0x00,0x00,0x00,0x00,0x00,0x00,0x00,0x00,0x00,0x00,0x00,0x00,
  0x00,0x00,0x00,0x00,0x00,0x00,0x00,0x00,0x00,0x00,0x00,0x00,
  0x00,0x00,0x00,0x00,0x00,0x00,0x00,0x00,0x00,0x00,0x00,0x00,
  0x00,0x00,0x00,0x00,0x00,0x00,0x00,0x00,0x00,0x00,0x00,0x00,
  0x00,0x00,0x00,0x00,0x00,0x00,0x00,0x00,0x00,0x00,0x00,0x00,
  0x00,0x00,0x00,0x00,0x00,0x00,0x00,0x00,0x00,0x00,0x00,0x00,
  0x00,0x00,0x00,0x00,0x00,0x00,0x00,0x00,0x00,0x00,0x00,0x00,
  0x00,0x00,0x00,0x00,0x00,0x00,0x00,0x00,0x00,0x00,0x00,0x00,
  0x00,0x00,0x00,0x00,0x00,0x00,0x00,0x00,0x00,0x00,0x00,0x00,
  0x00,0x00,0x00,0x00,0x00,0x00,0x00,0x00,0x00,0x00,0x00,0x00,
  0x00,0x00,0x00,0x00,0x00,0x00,0x00,0x00,0x00,0x00,0x00,0x00,
  0x00,0x00,0x00,0x00,0x00,0x00,0x00,0x00,0x00,0x00,0x00,0x00,
  0x00,0x00,0x00,0x00,0x00,0x00,0x00,0x00,0x00,0x00,0x00,0x00,
  0x00,0x00,0x00,0x00,0x00,0x00,0x00,0x00,0x00,0x00,0x00,0x00,
  0x00,0x00,0x00,0x01,0x00,0xFF,0xFF,0x01,0xFF,0xFF,0x00,0x01,
  0x6E,0x2E,0x1E,0x7D,0x8A,0x5F,0x5B,0xFF,0xA6,0x77,0x76,0xFF,
  0xB0,0x8D,0x95,0xFE,0xB0,0x90,0x9F,0xFF,0xAC,0x97,0xB3,0xFF,
  0xAD,0x9A,0xBB,0xFF,0xA9,0x93,0xB4,0xFF,0xA9,0x96,0xB9,0xFF,
  0xA7,0x8D,0xAD,0xFF,0xA2,0x87,0xA5,0xFF,0xA7,0x81,0x8F,0xFF,
  0x96,0x69,0x79,0xFF,0x77,0x4D,0x51,0xEA,0x6A,0x20,0x02,0x6E,
  0xA1,0x43,0x00,0x13,0xFF,0x5C,0x00,0x0B,0xE7,0x5C,0x00,0x0B,
  0xDA,0x6D,0x00,0x07,0xE9,0x7F,0x00,0x0C,0xD4,0x7F,0x00,0x06,
  0xCC,0x66,0x00,0x05,0xD4,0x7F,0x00,0x06,0x00,0x00,0x00,0x01,
  0x00,0x00,0x00,0x00,0x00,0x00,0x00,0x00,0xAA,0x55,0x00,0x03,
  0xBF,0x7F,0x00,0x04,0xFF,0x55,0x00,0x03,0xBF,0x3F,0x00,0x04,
  0xAA,0x55,0x00,0x03,0x33,0x19,0x19,0x0A,0x48,0x1E,0x06,0x2A,
  0x4B,0x22,0x05,0x2C,0x5B,0x2A,0x06,0x2A,0x3D,0x19,0x00,0x32,
  0x73,0x3C,0x10,0x8F,0xC1,0x68,0x18,0xEF,0xC0,0x66,0x18,0xEF,
  0xB7,0x63,0x1A,0xF0,0xBB,0x65,0x1A,0xF7,0xD3,0x73,0x20,0xFB,
  0xD1,0x72,0x22,0xFB,0xCF,0x70,0x24,0xFB,0xCD,0x6F,0x22,0xFB,
  0xCC,0x6E,0x21,0xFB,0xCC,0x6F,0x23,0xFE,0xCF,0x71,0x25,0xFF,
  0xCF,0x71,0x25,0xFF,0xCF,0x71,0x25,0xFF,0xCE,0x70,0x24,0xFF,
  0xD1,0x77,0x2C,0xFF,0xD3,0x7B,0x2F,0xFF,0xD3,0x7A,0x2E,0xFF,
  0xD1,0x76,0x2B,0xFF,0xD3,0x79,0x2E,0xFF,0xD3,0x7A,0x2F,0xFF,
  0xD3,0x7B,0x30,0xFF,0xD4,0x7C,0x31,0xFF,0xD3,0x7A,0x30,0xFF,
  0xD3,0x7A,0x2F,0xFF,0xD2,0x77,0x2D,0xFF,0xD0,0x74,0x2A,0xFF,
  0xD1,0x76,0x2C,0xFD,0xD2,0x77,0x2D,0xFD,0xD1,0x77,0x2D,0xFD,
  0xD4,0x79,0x2D,0xFD,0xBF,0x6D,0x25,0xFA,0xB8,0x66,0x23,0xF1,
  0xBC,0x68,0x24,0xF0,0xBD,0x67,0x22,0xEF,0xC3,0x6A,0x20,0xF1,
  0xB4,0x63,0x1B,0xD5,0x66,0x31,0x09,0x34,0x7B,0x41,0x07,0x23,
  0x7F,0x3F,0x00,0x0C,0xFF,0x55,0x00,0x03,0x7F,0x3F,0x00,0x04,
  0x00,0x00,0x00,0x00,0x00,0x00,0x00,0x00,0x00,0x00,0x00,0x00,
  0x00,0x00,0x00,0x00,0x00,0x00,0x00,0x00,0x00,0x00,0x00,0x00,
  0x00,0x00,0x00,0x00,0x00,0x00,0x00,0x00,0x00,0x00,0x00,0x00,
  0x00,0x00,0x00,0x00,0x00,0x00,0x00,0x00,0x00,0x00,0x00,0x00,
  0x00,0x00,0x00,0x00,0x00,0x00,0x00,0x00,0x00,0x00,0x00,0x00,
  0x00,0x00,0x00,0x00,0x00,0x00,0x00,0x00,0x00,0x00,0x00,0x00,
  0x00,0x00,0x00,0x00,0x00,0x00,0x00,0x00,0x00,0x00,0x00,0x00,
  0x00,0x00,0x00,0x00,0x00,0x00,0x00,0x00,0x00,0x00,0x00,0x00,
  0x00,0x00,0x00,0x00,0x00,0x00,0x00,0x00,0x00,0x00,0x00,0x00,
  0x00,0x00,0x00,0x00,0x00,0x00,0x00,0x00,0x00,0x00,0x00,0x00,
  0x00,0x00,0x00,0x00,0x00,0x00,0x00,0x00,0x00,0x00,0x00,0x00,
  0x00,0x00,0x00,0x00,0x00,0x00,0x00,0x00,0x00,0x00,0x00,0x00,
  0x00,0x00,0x00,0x00,0x00,0x00,0x00,0x00,0x00,0x00,0x00,0x00,
  0x00,0x00,0x00,0x00,0x00,0x00,0x00,0x00,0x00,0x00,0x00,0x00,
  0x00,0x00,0x00,0x00,0x00,0x00,0x00,0x00,0x00,0x00,0x00,0x00,
  0x00,0x00,0x00,0x00,0x00,0x00,0x00,0x00,0x00,0x00,0x00,0x00,
  0x00,0x00,0x00,0x00,0x00,0x00,0x00,0x00,0x00,0x00,0x00,0x00,
  0x00,0x00,0x00,0x00,0x00,0x00,0x00,0x00,0x00,0x00,0x00,0x00,
  0x00,0x00,0x00,0x00,0x00,0x00,0x00,0x00,0x00,0x00,0x00,0x00,
  0x00,0x00,0x00,0x00,0x00,0x00,0x00,0x00,0x00,0x00,0x00,0x00,
  0x00,0x00,0x00,0x00,0x00,0x00,0x00,0x00,0x00,0x00,0x00,0x00,
  0x00,0x00,0x00,0x00,0x00,0x00,0x00,0x00,0x00,0x00,0x00,0x00,
  0x00,0x00,0x00,0x00,0x00,0x00,0x00,0x00,0x00,0x00,0x00,0x00,
  0x00,0x00,0x00,0x00,0x00,0x00,0x00,0x00,0x00,0x00,0x00,0x00,
  0x00,0x00,0x00,0x00,0x00,0x00,0x00,0x00,0x00,0x00,0x00,0x00,
  0x00,0x00,0x00,0x00,0x00,0x00,0x00,0x00,0x00,0x00,0x00,0x00,
  0x00,0x00,0x00,0x00,0x00,0x00,0x00,0x00,0x00,0x00,0x00,0x00,
  0x00,0x00,0x00,0x00,0x00,0x00,0x00,0x00,0x00,0x00,0x00,0x00,
  0x00,0x00,0x00,0x00,0x00,0x00,0x00,0x00,0x00,0x00,0x00,0x00,
  0x00,0x00,0x00,0x00,0x00,0x00,0x00,0x00,0x00,0x00,0x00,0x00,
  0x00,0x00,0x00,0x00,0x00,0x00,0x00,0x00,0x00,0x00,0x00,0x00,
  0x00,0x00,0x00,0x00,0x00,0x00,0x00,0x00,0x00,0x00,0x00,0x00,
  0x00,0x00,0x00,0x00,0x00,0x00,0x00,0x00,0x00,0x00,0x00,0x00,
  0x00,0x00,0x00,0x00,0x00,0x00,0x00,0x00,0x00,0x00,0x00,0x00,
  0x00,0x00,0x00,0x00,0x00,0x00,0x00,0x00,0x00,0x00,0x00,0x00,
  0x00,0x00,0x00,0x00,0x00,0x00,0x00,0x00,0x00,0x00,0x00,0x00,
  0x00,0x00,0x00,0x00,0x00,0x00,0x00,0x00,0x00,0x00,0x00,0x00,
  0x00,0x00,0x00,0x00,0x00,0x00,0x00,0x00,0x00,0x00,0x00,0x00,
  0x00,0x00,0x00,0x00,0x00,0x00,0x00,0x00,0x00,0x00,0x00,0x00,
  0x00,0x00,0x00,0x00,0x00,0x00,0x00,0x00,0x00,0x00,0x00,0x00,
  0x00,0x00,0x00,0x00,0x00,0x00,0x00,0x00,0x00,0x00,0x00,0x00,
  0x00,0x00,0x00,0x00,0x00,0x00,0x00,0x00,0x00,0x00,0x00,0x00,
  0x00,0x00,0x00,0x00,0x00,0x00,0x00,0x00,0x00,0x00,0x00,0x00,
  0x00,0x00,0x00,0x00,0x00,0x00,0x00,0x00,0x00,0x00,0x00,0x00,
  0x00,0x00,0x00,0x00,0x00,0x00,0x00,0x00,0x00,0x00,0x00,0x00,
  0x00,0x00,0x00,0x00,0x00,0x00,0x00,0x00,0x00,0x00,0x00,0x00,
  0x00,0x00,0x00,0x00,0x00,0x00,0x00,0x00,0x00,0x00,0x00,0x00,
  0x00,0x00,0x00,0x00,0x00,0x00,0x00,0x00,0x00,0x00,0x00,0x00,
  0x00,0x00,0x00,0x00,0x00,0x00,0x00,0x00,0x00,0x00,0x00,0x00,
  0x00,0x00,0x00,0x00,0x00,0x00,0x00,0x00,0x00,0x00,0x00,0x00,
  0x00,0x00,0x00,0x00,0x00,0x00,0x00,0x00,0x00,0x00,0x00,0x00,
  0x00,0x00,0x00,0x00,0x00,0x00,0x00,0x00,0x00,0x00,0x00,0x00,
  0x00,0x00,0x00,0x00,0x00,0x00,0x00,0x00,0x00,0x00,0x00,0x00,
  0x00,0x00,0x00,0x00,0x00,0x00,0x00,0x00,0x00,0x00,0x00,0x00,
  0x73,0x17,0x00,0x0B,0x77,0x39,0x00,0x31,0x9C,0x59,0x27,0x8E,
  0xDE,0xC3,0xA7,0xFF,0xE5,0xD1,0xB7,0xFC,0xDA,0xB0,0x86,0xFF,
  0xDC,0xB4,0x8C,0xFF,0xF2,0xF5,0xF0,0xFF,0xF7,0xFF,0xFF,0xFF,
  0xD6,0xCE,0xCE,0xFE,0xCD,0xB7,0xB6,0xFF,0xC2,0xA5,0x85,0xF6,
  0x76,0x34,0x00,0x8E,0x70,0x30,0x00,0x64,0x7F,0x37,0x06,0x4A,
  0x93,0x38,0x00,0x32,0xFF,0x7F,0x00,0x06,0x00,0x00,0x00,0x00,
  0x00,0x00,0x00,0x00,0x00,0x00,0x00,0x00,0x00,0x00,0x00,0x00,
  0x00,0x00,0x00,0x00,0x00,0x00,0x00,0x00,0x00,0x00,0x00,0x00,
  0x00,0x00,0x00,0x01,0xFF,0xFF,0x00,0x01,0x00,0x00,0x00,0x00,
  0x00,0x00,0x00,0x00,0x00,0x00,0x00,0x00,0x00,0x00,0x00,0x00,
  0x00,0x00,0x00,0x00,0x24,0x11,0x04,0x78,0xAF,0x5B,0x10,0xFA,
  0xB7,0x60,0x15,0xFE,0xB5,0x5F,0x18,0xFF,0xB4,0x5F,0x1A,0xFF,
  0xC5,0x69,0x1E,0xFF,0xD3,0x72,0x1E,0xFF,0xD2,0x72,0x1E,0xFF,
  0xD6,0x74,0x20,0xFF,0xD3,0x72,0x20,0xFF,0xCD,0x6F,0x1F,0xFF,
  0xCC,0x6E,0x1E,0xFF,0xCF,0x71,0x24,0xFF,0xCF,0x71,0x25,0xFF,
  0xCD,0x70,0x23,0xFF,0xCE,0x70,0x24,0xFF,0xCF,0x71,0x25,0xFF,
  0xCE,0x71,0x27,0xFF,0xCE,0x71,0x27,0xFF,0xCF,0x71,0x25,0xFF,
  0xD2,0x77,0x2D,0xFF,0xD3,0x7A,0x2F,0xFF,0xD3,0x7A,0x2F,0xFF,
  0xD4,0x7B,0x30,0xFF,0xD4,0x7B,0x32,0xFF,0xD5,0x7C,0x32,0xFF,
  0xD5,0x7B,0x32,0xFF,0xD4,0x7B,0x33,0xFF,0xD4,0x7B,0x32,0xFF,
  0xD3,0x79,0x2E,0xFF,0xD2,0x76,0x2C,0xFF,0xD2,0x77,0x2C,0xFF,
  0xD3,0x78,0x2D,0xFF,0xD4,0x79,0x2E,0xFF,0xD4,0x7B,0x2F,0xFF,
  0xD4,0x7C,0x31,0xFF,0xD8,0x7C,0x30,0xFF,0xDB,0x7D,0x2F,0xFF,
  0xDB,0x7C,0x2D,0xFF,0xDA,0x7A,0x2B,0xFF,0xDA,0x7A,0x2A,0xFF,
  0xD4,0x76,0x28,0xFF,0xC3,0x6A,0x23,0xFD,0xCF,0x73,0x23,0xFE,
  0x92,0x4B,0x10,0xCA,0x00,0x00,0x00,0x00,0x00,0x00,0x00,0x00,
  0x00,0x00,0x00,0x00,0x00,0x00,0x00,0x00,0x00,0x00,0x00,0x00,
  0x00,0x00,0x00,0x00,0x00,0x00,0x00,0x00,0x00,0x00,0x00,0x00,
  0x00,0x00,0x00,0x00,0x00,0x00,0x00,0x00,0x00,0x00,0x00,0x00,
  0x00,0x00,0x00,0x00,0x00,0x00,0x00,0x00,0x00,0x00,0x00,0x00,
  0x00,0x00,0x00,0x00,0x00,0x00,0x00,0x00,0x00,0x00,0x00,0x00,
  0x00,0x00,0x00,0x00,0x00,0x00,0x00,0x00,0x00,0x00,0x00,0x00,
  0x00,0x00,0x00,0x00,0x00,0x00,0x00,0x00,0x00,0x00,0x00,0x00,
  0x00,0x00,0x00,0x00,0x00,0x00,0x00,0x00,0x00,0x00,0x00,0x00,
  0x00,0x00,0x00,0x00,0x00,0x00,0x00,0x00,0x00,0x00,0x00,0x00,
  0x00,0x00,0x00,0x00,0x00,0x00,0x00,0x00,0x00,0x00,0x00,0x00,
  0x00,0x00,0x00,0x00,0x00,0x00,0x00,0x00,0x00,0x00,0x00,0x00,
  0x00,0x00,0x00,0x00,0x00,0x00,0x00,0x00,0x00,0x00,0x00,0x00,
  0x00,0x00,0x00,0x00,0x00,0x00,0x00,0x00,0x00,0x00,0x00,0x00,
  0x00,0x00,0x00,0x00,0x00,0x00,0x00,0x00,0x00,0x00,0x00,0x00,
  0x00,0x00,0x00,0x00,0x00,0x00,0x00,0x00,0x00,0x00,0x00,0x00,
  0x00,0x00,0x00,0x00,0x00,0x00,0x00,0x00,0x00,0x00,0x00,0x00,
  0x00,0x00,0x00,0x00,0x00,0x00,0x00,0x00,0x00,0x00,0x00,0x00,
  0x00,0x00,0x00,0x00,0x00,0x00,0x00,0x00,0x00,0x00,0x00,0x00,
  0x00,0x00,0x00,0x00,0x00,0x00,0x00,0x00,0x00,0x00,0x00,0x00,
  0x00,0x00,0x00,0x00,0x00,0x00,0x00,0x00,0x00,0x00,0x00,0x00,
  0x00,0x00,0x00,0x00,0x00,0x00,0x00,0x00,0x00,0x00,0x00,0x00,
  0x00,0x00,0x00,0x00,0x00,0x00,0x00,0x00,0x00,0x00,0x00,0x00,
  0x00,0x00,0x00,0x00,0x00,0x00,0x00,0x00,0x00,0x00,0x00,0x00,
  0x00,0x00,0x00,0x00,0x00,0x00,0x00,0x00,0x00,0x00,0x00,0x00,
  0x00,0x00,0x00,0x00,0x00,0x00,0x00,0x00,0x00,0x00,0x00,0x00,
  0x00,0x00,0x00,0x00,0x00,0x00,0x00,0x00,0x00,0x00,0x00,0x00,
  0x00,0x00,0x00,0x00,0x00,0x00,0x00,0x00,0x00,0x00,0x00,0x00,
  0x00,0x00,0x00,0x00,0x00,0x00,0x00,0x00,0x00,0x00,0x00,0x00,
  0x00,0x00,0x00,0x00,0x00,0x00,0x00,0x00,0x00,0x00,0x00,0x00,
  0x00,0x00,0x00,0x00,0x00,0x00,0x00,0x00,0x00,0x00,0x00,0x00,
  0x00,0x00,0x00,0x00,0x00,0x00,0x00,0x00,0x00,0x00,0x00,0x00,
  0x00,0x00,0x00,0x00,0x00,0x00,0x00,0x00,0x00,0x00,0x00,0x00,
  0x00,0x00,0x00,0x00,0x00,0x00,0x00,0x00,0x00,0x00,0x00,0x00,
  0x00,0x00,0x00,0x00,0x00,0x00,0x00,0x00,0x00,0x00,0x00,0x00,
  0x00,0x00,0x00,0x00,0x00,0x00,0x00,0x00,0x00,0x00,0x00,0x00,
  0x00,0x00,0x00,0x00,0x00,0x00,0x00,0x00,0x00,0x00,0x00,0x00,
  0x00,0x00,0x00,0x00,0x00,0x00,0x00,0x00,0x00,0x00,0x00,0x00,
  0x00,0x00,0x00,0x00,0x00,0x00,0x00,0x00,0x00,0x00,0x00,0x00,
  0x00,0x00,0x00,0x00,0x00,0x00,0x00,0x00,0x00,0x00,0x00,0x00,
  0x00,0x00,0x00,0x00,0x00,0x00,0x00,0x00,0x00,0x00,0x00,0x00,
  0x00,0x00,0x00,0x00,0x00,0x00,0x00,0x00,0x00,0x00,0x00,0x00,
  0x00,0x00,0x00,0x00,0x00,0x00,0x00,0x00,0x00,0x00,0x00,0x00,
  0x00,0x00,0x00,0x00,0x00,0x00,0x00,0x00,0x00,0x00,0x00,0x00,
  0x00,0x00,0x00,0x00,0x00,0x00,0x00,0x00,0x00,0x00,0x00,0x00,
  0x00,0x00,0x00,0x00,0x00,0x00,0x00,0x00,0x00,0x00,0x00,0x00,
  0x00,0x00,0x00,0x00,0x00,0x00,0x00,0x00,0x00,0x00,0x00,0x00,
  0x00,0x00,0x00,0x00,0x00,0x00,0x00,0x00,0x00,0x00,0x00,0x00,
  0x00,0x00,0x00,0x00,0x00,0x00,0x00,0x00,0x00,0x00,0x00,0x00,
  0x00,0x00,0x00,0x00,0x00,0x00,0x00,0x00,0x00,0x00,0x00,0x00,
  0xFF,0x00,0x00,0x01,0x7F,0x7F,0x00,0x02,0x7F,0x00,0x00,0x02,
  0xFF,0x00,0x00,0x01,0xFF,0x00,0x00,0x01,0x7F,0x00,0x00,0x02,
  0x7F,0x00,0x00,0x02,0x7F,0x00,0x00,0x02,0x7F,0x7F,0x00,0x02,
  0x00,0x00,0x00,0x01,0x00,0x00,0x00,0x00,0x00,0x00,0x00,0x00,
  0x00,0x00,0x00,0x00,0x00,0x00,0x00,0x00,0x00,0x00,0x00,0x00,
  0xFF,0xFF,0xFF,0x01,0x00,0x00,0x01,0x00,0x57,0x36,0x29,0x63,
  0xD6,0xBF,0xB1,0xFF,0xDF,0xD1,0xC9,0xFB,0xC7,0x96,0x73,0xFF,
  0xCE,0x9E,0x78,0xFF,0xEB,0xF3,0xF7,0xFF,0xEA,0xF8,0xFF,0xFF,
  0xCB,0xC9,0xD2,0xFE,0xBD,0xB8,0xC7,0xFF,0xAB,0xA0,0x92,0xF2,
  0x68,0x34,0x06,0x27,0x9F,0x57,0x1F,0x20,0xAA,0x4B,0x09,0x1B,
  0xCC,0x66,0x00,0x14,0xCC,0x66,0x00,0x05,0x7F,0x35,0x09,0x34,
  0x8D,0x48,0x11,0x4A,0xA5,0x5D,0x18,0x4A,0xAC,0x5D,0x18,0x4A,
  0xB5,0x64,0x1E,0x4C,0xAC,0x60,0x1C,0x47,0xAA,0x55,0x00,0x09,
  0x00,0x01,0x00,0x00,0x00,0x00,0x00,0x00,0x99,0x4B,0x0F,0x62,
  0xBA,0x5E,0x16,0x64,0xBD,0x60,0x18,0x52,0xB6,0x5C,0x16,0x5B,
  0xB9,0x60,0x17,0x4D,0x7C,0x3F,0x10,0x9C,0xC5,0x68,0x15,0xFF,
  0xCA,0x6A,0x19,0xFD,0xC7,0x69,0x19,0xFF,0xC8,0x6A,0x1C,0xFF,
  0xC9,0x6B,0x1E,0xFC,0xC8,0x6C,0x1E,0xFE,0xCA,0x6F,0x22,0xFE,
  0xCA,0x6E,0x22,0xFE,0xCA,0x6E,0x20,0xFE,0xCB,0x6E,0x1F,0xFF,
  0xCA,0x6D,0x1D,0xFF,0xCC,0x6F,0x1F,0xFF,0xCC,0x6F,0x22,0xFF,
  0xCC,0x6F,0x21,0xFF,0xCE,0x70,0x23,0xFF,0xCE,0x70,0x23,0xFF,
  0xD4,0x70,0x19,0xFF,0xD3,0x70,0x1C,0xFF,0xCF,0x71,0x23,0xFF,
  0xCE,0x70,0x23,0xFF,0xD3,0x78,0x2C,0xFF,0xD5,0x7C,0x32,0xFF,
  0xD4,0x7A,0x2F,0xFF,0xD3,0x7A,0x2F,0xFF,0xD5,0x7C,0x32,0xFF,
  0xD6,0x7C,0x32,0xFF,0xD4,0x7A,0x31,0xFF,0xD3,0x79,0x2E,0xFF,
  0xD3,0x7A,0x2F,0xFF,0xD3,0x78,0x2D,0xFF,0xD3,0x78,0x2D,0xFF,
  0xD3,0x78,0x2D,0xFF,0xD4,0x79,0x2E,0xFF,0xD4,0x7A,0x2F,0xFF,
  0xD5,0x7B,0x30,0xFF,0xD2,0x78,0x2D,0xFF,0xCF,0x74,0x2A,0xFE,
  0xD0,0x74,0x28,0xFE,0xD0,0x74,0x29,0xFE,0xD1,0x74,0x28,0xFE,
  0xD1,0x75,0x28,0xFE,0xD3,0x76,0x28,0xFE,0xDE,0x7C,0x2B,0xFF,
  0xA8,0x5A,0x1A,0xF3,0xB4,0x5E,0x20,0x56,0x9A,0x51,0x19,0x51,
  0x00,0x00,0x00,0x00,0x00,0x00,0x00,0x00,0x00,0x00,0x00,0x00,
  0x00,0x00,0x00,0x00,0x00,0x00,0x00,0x00,0x00,0x00,0x00,0x00,
  0x00,0x00,0x00,0x00,0x00,0x00,0x00,0x00,0x00,0x00,0x00,0x00,
  0x00,0x00,0x00,0x00,0x00,0x00,0x00,0x00,0x00,0x00,0x00,0x00,
  0x00,0x00,0x00,0x00,0x00,0x00,0x00,0x00,0x00,0x00,0x00,0x00,
  0x00,0x00,0x00,0x00,0x00,0x00,0x00,0x00,0x00,0x00,0x00,0x00,
  0x00,0x00,0x00,0x00,0x00,0x00,0x00,0x00,0x00,0x00,0x00,0x00,
  0x00,0x00,0x00,0x00,0x00,0x00,0x00,0x00,0x00,0x00,0x00,0x00,
  0x00,0x00,0x00,0x00,0x00,0x00,0x00,0x00,0x00,0x00,0x00,0x00,
  0x00,0x00,0x00,0x00,0x00,0x00,0x00,0x00,0x00,0x00,0x00,0x00,
  0x00,0x00,0x00,0x00,0x00,0x00,0x00,0x00,0x00,0x00,0x00,0x00,
  0x00,0x00,0x00,0x00,0x00,0x00,0x00,0x00,0x00,0x00,0x00,0x00,
  0x00,0x00,0x00,0x00,0x00,0x00,0x00,0x00,0x00,0x00,0x00,0x00,
  0x00,0x00,0x00,0x00,0x00,0x00,0x00,0x00,0x00,0x00,0x00,0x00,
  0x00,0x00,0x00,0x00,0x00,0x00,0x00,0x00,0x00,0x00,0x00,0x00,
  0x00,0x00,0x00,0x00,0x00,0x00,0x00,0x00,0x00,0x00,0x00,0x00,
  0x00,0x00,0x00,0x00,0x00,0x00,0x00,0x00,0x00,0x00,0x00,0x00,
  0x00,0x00,0x00,0x00,0x00,0x00,0x00,0x00,0x00,0x00,0x00,0x00,
  0x00,0x00,0x00,0x00,0x00,0x00,0x00,0x00,0x00,0x00,0x00,0x00,
  0x00,0x00,0x00,0x00,0x00,0x00,0x00,0x00,0x00,0x00,0x00,0x00,
  0x00,0x00,0x00,0x00,0x00,0x00,0x00,0x00,0x00,0x00,0x00,0x00,
  0x00,0x00,0x00,0x00,0x00,0x00,0x00,0x00,0x00,0x00,0x00,0x00,
  0x00,0x00,0x00,0x00,0x00,0x00,0x00,0x00,0x00,0x00,0x00,0x00,
  0x00,0x00,0x00,0x00,0x00,0x00,0x00,0x00,0x00,0x00,0x00,0x00,
  0x00,0x00,0x00,0x00,0x00,0x00,0x00,0x00,0x00,0x00,0x00,0x00,
  0x00,0x00,0x00,0x00,0x00,0x00,0x00,0x00,0x00,0x00,0x00,0x00,
  0x00,0x00,0x00,0x00,0x00,0x00,0x00,0x00,0x00,0x00,0x00,0x00,
  0x00,0x00,0x00,0x00,0x00,0x00,0x00,0x00,0x00,0x00,0x00,0x00,
  0x00,0x00,0x00,0x00,0x00,0x00,0x00,0x00,0x00,0x00,0x00,0x00,
  0x00,0x00,0x00,0x00,0x00,0x00,0x00,0x00,0x00,0x00,0x00,0x00,
  0x00,0x00,0x00,0x00,0x00,0x00,0x00,0x00,0x00,0x00,0x00,0x00,
  0x00,0x00,0x00,0x00,0x00,0x00,0x00,0x00,0x00,0x00,0x00,0x00,
  0x00,0x00,0x00,0x00,0x00,0x00,0x00,0x00,0x00,0x00,0x00,0x00,
  0x00,0x00,0x00,0x00,0x00,0x00,0x00,0x00,0x00,0x00,0x00,0x00,
  0x00,0x00,0x00,0x00,0x00,0x00,0x00,0x00,0x00,0x00,0x00,0x00,
  0x00,0x00,0x00,0x00,0x00,0x00,0x00,0x00,0x00,0x00,0x00,0x00,
  0x00,0x00,0x00,0x00,0x00,0x00,0x00,0x00,0x00,0x00,0x00,0x00,
  0x00,0x00,0x00,0x00,0x00,0x00,0x00,0x00,0x00,0x00,0x00,0x00,
  0x00,0x00,0x00,0x00,0x00,0x00,0x00,0x00,0x00,0x00,0x00,0x00,
  0x00,0x00,0x00,0x00,0x00,0x00,0x00,0x00,0x00,0x00,0x00,0x00,
  0x00,0x00,0x00,0x00,0x00,0x00,0x00,0x00,0x00,0x00,0x00,0x00,
  0x00,0x00,0x00,0x00,0x00,0x00,0x00,0x00,0x00,0x00,0x00,0x00,
  0x00,0x00,0x00,0x00,0x00,0x00,0x00,0x00,0x00,0x00,0x00,0x00,
  0x00,0x00,0x00,0x00,0x00,0x00,0x00,0x00,0x00,0x00,0x00,0x00,
  0x00,0x00,0x00,0x00,0x00,0x00,0x00,0x00,0x00,0x00,0x00,0x00,
  0x00,0x00,0x00,0x00,0x00,0x00,0x00,0x00,0x00,0x00,0x00,0x00,
  0x00,0x00,0x00,0x00,0x00,0x00,0x00,0x00,0x00,0x00,0x00,0x00,
  0x00,0x00,0x00,0x00,0x00,0x00,0x00,0x00,0x00,0x00,0x00,0x00,
  0x00,0x00,0x00,0x00,0x00,0x00,0x00,0x00,0x00,0x00,0x00,0x00,
  0x00,0x00,0x00,0x00,0x00,0x00,0x00,0x00,0x00,0x00,0x00,0x00,
  0x00,0x00,0x00,0x00,0x00,0x00,0x00,0x00,0x00,0x00,0x00,0x00,
  0x00,0x00,0x00,0x00,0x00,0x00,0x00,0x00,0x00,0x00,0x00,0x00,
  0x00,0x00,0x00,0x00,0x00,0x00,0x00,0x01,0x00,0x00,0x00,0x00,
  0x00,0x00,0x00,0x00,0x00,0x00,0x00,0x00,0xAA,0x55,0x00,0x03,
  0x9F,0x7F,0x3F,0x08,0xAA,0x55,0x2A,0x06,0x5F,0x46,0x3A,0x7B,
  0xE1,0xD6,0xD1,0xFF,0xE5,0xE2,0xE3,0xFB,0xE4,0xE6,0xEB,0xFF,
  0xE9,0xFA,0xFF,0xFF,0xE5,0xF3,0xFB,0xFF,0xE7,0xF5,0xFC,0xFF,
  0xCF,0xDD,0xEE,0xFE,0xC2,0xD3,0xF5,0xFF,0xA8,0xAB,0xA7,0xFC,
  0x00,0x00,0x00,0x1E,0x00,0x00,0x00,0x00,0x00,0x00,0x00,0x00,
  0x00,0x00,0x00,0x00,0x8B,0x46,0x0B,0xB1,0xCE,0x71,0x17,0xFF,
  0xCA,0x6C,0x1D,0xFF,0xD0,0x70,0x1F,0xFF,0xD1,0x71,0x1F,0xFF,
  0xD7,0x75,0x22,0xFF,0xC8,0x6E,0x20,0xFF,0x72,0x35,0x0A,0x64,
  0x9C,0x5A,0x18,0x1F,0x5A,0x32,0x0F,0x33,0xAA,0x5B,0x14,0xFF,
  0xDE,0x77,0x1F,0xFF,0xCF,0x6F,0x21,0xFF,0xD0,0x70,0x23,0xFF,
  0xCE,0x6F,0x21,0xFF,0xCA,0x6B,0x1E,0xFF,0xC2,0x67,0x1C,0xFE,
  0xC1,0x66,0x1B,0xFF,0xBA,0x64,0x1B,0xFE,0xC1,0x67,0x1E,0xFF,
  0xC3,0x68,0x20,0xFF,0xC6,0x6B,0x22,0xFF,0xCB,0x71,0x29,0xFF,
  0xCC,0x73,0x2C,0xFF,0xCB,0x72,0x2C,0xFF,0xCB,0x71,0x29,0xFF,
  0xC8,0x6C,0x21,0xFF,0xC8,0x6C,0x20,0xFF,0xC8,0x6C,0x1F,0xFF,
  0xC7,0x6C,0x20,0xFF,0xCB,0x6D,0x20,0xFF,0xC5,0x73,0x21,0xFF,
  0x85,0x78,0x87,0xFF,0xA4,0x75,0x66,0xFF,0xD1,0x6F,0x19,0xFF,
  0xCD,0x70,0x26,0xFF,0xD2,0x75,0x2A,0xFF,0xD3,0x78,0x2D,0xFF,
  0xD2,0x77,0x2C,0xFF,0xD3,0x78,0x2D,0xFF,0xD3,0x7A,0x2E,0xFF,
  0xD6,0x7D,0x33,0xFF,0xD4,0x7A,0x2F,0xFF,0xD2,0x78,0x2D,0xFF,
  0xD3,0x79,0x2D,0xFF,0xD3,0x78,0x2D,0xFF,0xD2,0x77,0x2C,0xFF,
  0xD3,0x77,0x2D,0xFF,0xD2,0x76,0x2C,0xFF,0xD2,0x76,0x2B,0xFF,
  0xD3,0x78,0x2D,0xFF,0xD2,0x76,0x2C,0xFF,0xD1,0x75,0x2B,0xFF,
  0xD1,0x75,0x2B,0xFF,0xD0,0x75,0x2A,0xFF,0xD0,0x74,0x29,0xFF,
  0xD1,0x75,0x2A,0xFF,0xD1,0x75,0x28,0xFF,0xD0,0x74,0x28,0xFE,
  0xD3,0x75,0x28,0xFF,0xE0,0x7D,0x2A,0xFF,0xB7,0x63,0x1E,0xFF,
  0x00,0x00,0x00,0x00,0x00,0x00,0x00,0x00,0x00,0x00,0x00,0x00,
  0x00,0x00,0x00,0x00,0x00,0x00,0x00,0x00,0x00,0x00,0x00,0x00,
  0x00,0x00,0x00,0x00,0x00,0x00,0x00,0x00,0x00,0x00,0x00,0x00,
  0x00,0x00,0x00,0x00,0x00,0x00,0x00,0x00,0x00,0x00,0x00,0x00,
  0x00,0x00,0x00,0x00,0x00,0x00,0x00,0x00,0x00,0x00,0x00,0x00,
  0x00,0x00,0x00,0x00,0x00,0x00,0x00,0x00,0x00,0x00,0x00,0x00,
  0x00,0x00,0x00,0x00,0x00,0x00,0x00,0x00,0x00,0x00,0x00,0x00,
  0x00,0x00,0x00,0x00,0x00,0x00,0x00,0x00,0x00,0x00,0x00,0x00,
  0x00,0x00,0x00,0x00,0x00,0x00,0x00,0x00,0x00,0x00,0x00,0x00,
  0x00,0x00,0x00,0x01,0x7F,0x3F,0x00,0x04,0xBF,0x7F,0x00,0x04,
  0xBF,0x7F,0x00,0x04,0xBF,0x7F,0x00,0x04,0xBF,0x7F,0x3F,0x04,
  0xBF,0x7F,0x3F,0x04,0xBF,0x7F,0x3F,0x04,0xBF,0x7F,0x3F,0x04,
  0xBF,0x7F,0x3F,0x04,0xBF,0x7F,0x3F,0x04,0xBF,0x7F,0x3F,0x04,
  0xBF,0x7F,0x3F,0x04,0x00,0x00,0x00,0x00,0x00,0x00,0x00,0x00,
  0x00,0x00,0x00,0x00,0x00,0x00,0x00,0x00,0x00,0x00,0x00,0x00,
  0x00,0x00,0x00,0x00,0x00,0x00,0x00,0x00,0x00,0x00,0x00,0x00,
  0x00,0x00,0x00,0x00,0x00,0x00,0x00,0x00,0x00,0x00,0x00,0x00,
  0x00,0x00,0x00,0x00,0x00,0x00,0x00,0x00,0x00,0x00,0x00,0x00,
  0x00,0x00,0x00,0x00,0x00,0x00,0x00,0x00,0x00,0x00,0x00,0x00,
  0x00,0x00,0x00,0x00,0x00,0x00,0x00,0x00,0x00,0x00,0x00,0x00,
  0x00,0x00,0x00,0x00,0x00,0x00,0x00,0x00,0x00,0x00,0x00,0x00,
  0x00,0x00,0x00,0x00,0x00,0x00,0x00,0x00,0x00,0x00,0x00,0x01,
  0xFF,0xAA,0x55,0x03,0xFF,0xAA,0x55,0x03,0xFF,0xAA,0x55,0x03,
  0xBF,0x7F,0x3F,0x04,0xBF,0x7F,0x3F,0x04,0xBF,0x7F,0x3F,0x04,
  0xBF,0x7F,0x3F,0x04,0xBF,0x7F,0x3F,0x04,0xFF,0xAA,0x55,0x03,
  0xFF,0xFF,0x55,0x03,0xFF,0xAA,0x55,0x03,0x00,0x00,0x00,0x00,
  0x00,0x00,0x00,0x00,0x00,0x00,0x00,0x00,0x00,0x00,0x00,0x00,
  0x00,0x00,0x00,0x00,0x00,0x00,0x00,0x00,0x00,0x00,0x00,0x00,
  0x00,0x00,0x00,0x00,0x00,0x00,0x00,0x00,0x00,0x00,0x00,0x00,
  0x00,0x00,0x00,0x00,0x00,0x00,0x00,0x00,0x00,0x00,0x00,0x00,
  0x00,0x00,0x00,0x00,0x00,0x00,0x00,0x00,0x00,0x00,0x00,0x00,
  0x00,0x00,0x00,0x00,0x00,0x00,0x00,0x00,0x00,0x00,0x00,0x00,
  0x00,0x00,0x00,0x00,0x00,0x00,0x00,0x00,0x00,0x00,0x00,0x00,
  0x00,0x00,0x00,0x00,0x00,0x00,0x00,0x00,0x00,0x00,0x00,0x00,
  0x00,0x00,0x00,0x00,0x00,0x00,0x00,0x00,0x00,0x00,0x00,0x00,
  0x00,0x00,0x00,0x00,0x00,0x00,0x00,0x00,0x00,0x00,0x00,0x00,
  0x00,0x00,0x00,0x00,0x00,0x00,0x00,0x00,0x00,0x00,0x00,0x00,
  0x00,0x00,0x00,0x00,0x00,0x00,0x00,0x00,0x00,0x00,0x00,0x00,
  0x00,0x00,0x00,0x00,0x00,0x00,0x00,0x00,0x00,0x00,0x00,0x00,
  0x00,0x00,0x00,0x00,0x00,0x00,0x00,0x00,0x00,0x00,0x00,0x00,
  0x00,0x00,0x00,0x00,0x00,0x00,0x00,0x00,0x00,0x00,0x00,0x00,
  0x00,0x00,0x00,0x00,0x00,0x00,0x00,0x00,0x00,0x00,0x00,0x00,
  0x00,0x00,0x00,0x00,0x00,0x00,0x00,0x00,0x00,0x00,0x00,0x00,
  0x00,0x00,0x00,0x00,0x00,0x00,0x00,0x00,0x00,0x00,0x00,0x00,
  0x00,0x00,0x00,0x00,0x00,0x00,0x00,0x00,0x00,0x00,0x00,0x00,
  0x00,0x00,0x00,0x00,0x00,0x00,0x00,0x00,0x00,0x00,0x00,0x00,
  0x00,0x00,0x00,0x00,0x00,0x00,0x00,0x00,0x00,0x00,0x00,0x00,
  0x00,0x00,0x00,0x00,0xAA,0x55,0x00,0x03,0xBF,0x7F,0x00,0x04,
  0xBF,0x7F,0x00,0x04,0x99,0x66,0x00,0x05,0xAA,0x55,0x00,0x03,
  0x59,0x19,0x00,0x14,0x66,0x2D,0x0A,0x32,0x5D,0x2A,0x08,0x1E,
  0x58,0x27,0x09,0x1A,0x44,0x13,0x00,0x1A,0x46,0x1A,0x00,0x1D,
  0x4E,0x20,0x06,0x27,0x50,0x1D,0x07,0x23,0x5B,0x2D,0x0A,0x32,
  0x78,0x3C,0x0F,0x11,0x00,0x01,0x00,0x00,0x01,0x01,0x00,0x00,
  0x7F,0x7F,0x00,0x02,0x7F,0x7F,0x00,0x02,0x00,0x00,0x00,0x00,
  0x00,0x00,0x00,0x00,0x00,0x00,0x00,0x00,0x58,0x58,0x44,0x68,
  0xE4,0xDD,0xD2,0xFF,0xE6,0xE1,0xE2,0xFB,0xE9,0xED,0xEE,0xFF,
  0xEC,0xF7,0xFC,0xFF,0xE7,0xF4,0xFB,0xFF,0xE9,0xF6,0xFC,0xFF,
  0xD8,0xE4,0xF2,0xFE,0xC4,0xD2,0xF4,0xFF,0xB0,0xAD,0xB3,0xFD,
  0x7F,0x3D,0x0A,0x8E,0x9C,0x55,0x1B,0x7A,0x96,0x46,0x14,0x4C,
  0x81,0x42,0x13,0x41,0x9C,0x51,0x13,0xC3,0xE4,0x7E,0x1F,0xFF,
  0xD2,0x73,0x1F,0xF9,0xD0,0x70,0x20,0xFC,0xCF,0x70,0x20,0xFC,
  0xCD,0x6F,0x21,0xFC,0xCD,0x6E,0x21,0xFD,0xBE,0x66,0x1C,0xFD,
  0xC1,0x69,0x1D,0xFA,0xBE,0x67,0x1D,0xFB,0xC3,0x69,0x1D,0xFC,
  0xC4,0x68,0x1C,0xFC,0xC8,0x68,0x16,0xFC,0xCA,0x68,0x0F,0xFC,
  0xCA,0x68,0x10,0xFC,0xC9,0x67,0x0F,0xFE,0xCB,0x69,0x0F,0xFF,
  0xCB,0x68,0x0C,0xFF,0xC6,0x66,0x0C,0xFF,0xCB,0x69,0x10,0xFF,
  0xCD,0x6B,0x11,0xFF,0xCD,0x69,0x10,0xFF,0xCF,0x6D,0x14,0xFF,
  0xD1,0x72,0x1C,0xFF,0xD1,0x73,0x1D,0xFF,0xCE,0x6E,0x14,0xFF,
  0xCE,0x6B,0x0E,0xFF,0xCC,0x6B,0x12,0xFF,0xCD,0x6B,0x12,0xFF,
  0xCB,0x6D,0x12,0xFF,0xCF,0x6E,0x14,0xFF,0xD2,0x73,0x10,0xFF,
  0x73,0x78,0x9D,0xFF,0x95,0x72,0x78,0xFF,0xD0,0x6F,0x0B,0xFF,
  0xCB,0x72,0x25,0xFF,0xD3,0x75,0x25,0xFF,0xD3,0x79,0x2E,0xFF,
  0xD2,0x78,0x2D,0xFF,0xD2,0x77,0x2B,0xFF,0xD4,0x7B,0x30,0xFF,
  0xD4,0x7C,0x31,0xFF,0xD3,0x7A,0x2E,0xFF,0xD3,0x7A,0x2F,0xFF,
  0xD3,0x7B,0x2F,0xFF,0xD3,0x7A,0x2F,0xFF,0xD3,0x78,0x2E,0xFF,
  0xCA,0x72,0x26,0xFF,0xCD,0x73,0x29,0xFF,0xD1,0x75,0x2C,0xFF,
  0xCF,0x73,0x2A,0xFF,0xD0,0x74,0x2A,0xFF,0xD0,0x74,0x2A,0xFF,
  0xD0,0x74,0x2A,0xFF,0xD0,0x74,0x2A,0xFF,0xD0,0x74,0x2A,0xFF,
  0xCF,0x74,0x2A,0xFF,0xCD,0x73,0x28,0xFF,0xCD,0x72,0x28,0xFF,
  0xCC,0x70,0x25,0xFF,0xD5,0x76,0x27,0xFC,0xB2,0x60,0x1E,0xFC,
  0x00,0x00,0x00,0x00,0x00,0x00,0x00,0x00,0x00,0x00,0x00,0x00,
  0x00,0x00,0x00,0x00,0x00,0x00,0x00,0x00,0x00,0x00,0x00,0x00,
  0x00,0x00,0x00,0x00,0x00,0x00,0x00,0x00,0x00,0x00,0x00,0x00,
  0x00,0x00,0x00,0x00,0x00,0x00,0x00,0x00,0x00,0x00,0x00,0x00,
  0x00,0x00,0x00,0x00,0x00,0x00,0x00,0x00,0x00,0x00,0x00,0x00,
  0x00,0x00,0x00,0x00,0x00,0x00,0x00,0x00,0x00,0x00,0x00,0x00,
  0x00,0x00,0x00,0x00,0x00,0x00,0x00,0x00,0x00,0x00,0x00,0x00,
  0x00,0x00,0x00,0x00,0x00,0x00,0x00,0x00,0x00,0x00,0x00,0x00,
  0x7F,0x7F,0x00,0x02,0xFF,0x7F,0x00,0x02,0xFF,0x7F,0x00,0x02,
  0x02,0x01,0x00,0x00,0x00,0x00,0x00,0x00,0x00,0x00,0x00,0x00,
  0x00,0x00,0x00,0x00,0x00,0x00,0x00,0x00,0x00,0x00,0x00,0x00,
  0x00,0x00,0x00,0x00,0x00,0x00,0x00,0x00,0x00,0x00,0x00,0x00,
  0x00,0x00,0x00,0x00,0x00,0x00,0x00,0x00,0x00,0x00,0x00,0x00,
  0x00,0x00,0x00,0x00,0xFF,0xFF,0x00,0x01,0x7F,0x7F,0x00,0x02,
  0x7F,0x7F,0x00,0x02,0x7F,0x7F,0x00,0x02,0x7F,0x7F,0x00,0x02,
  0x00,0x00,0x00,0x00,0x00,0x00,0x00,0x00,0x00,0x00,0x00,0x00,
  0x00,0x00,0x00,0x00,0x00,0x00,0x00,0x00,0x00,0x00,0x00,0x00,
  0x00,0x00,0x00,0x00,0x00,0x00,0x00,0x00,0x00,0x00,0x00,0x00,
  0x00,0x00,0x00,0x00,0x00,0x00,0x00,0x00,0x00,0x00,0x00,0x00,
  0x00,0x00,0x00,0x00,0x00,0x00,0x00,0x00,0x00,0x00,0x00,0x00,
  0x00,0x00,0x00,0x00,0x00,0x00,0x00,0x00,0x00,0x00,0x00,0x00,
  0xFF,0x7F,0x00,0x02,0xFF,0x7F,0x00,0x02,0x01,0x01,0x00,0x00,
  0x00,0x00,0x00,0x00,0x00,0x00,0x00,0x00,0x00,0x00,0x00,0x00,
  0x00,0x00,0x00,0x00,0x00,0x00,0x00,0x00,0x00,0x00,0x00,0x00,
  0x00,0x00,0x00,0x00,0x00,0x00,0x00,0x00,0x00,0x00,0x00,0x00,
  0x00,0x00,0x00,0x00,0x00,0x00,0x00,0x00,0x7F,0x7F,0x00,0x02,
  0x7F,0x7F,0x00,0x02,0x7F,0x7F,0x00,0x02,0x00,0x00,0x00,0x01,
  0x00,0x00,0x00,0x00,0x00,0x00,0x00,0x00,0x00,0x00,0x00,0x00,
  0x00,0x00,0x00,0x00,0x00,0x00,0x00,0x00,0x00,0x00,0x00,0x00,
  0x00,0x00,0x00,0x00,0x00,0x00,0x00,0x00,0x00,0x00,0x00,0x00,
  0x00,0x00,0x00,0x00,0x00,0x00,0x00,0x00,0x00,0x00,0x00,0x00,
  0x00,0x00,0x00,0x00,0x00,0x00,0x00,0x00,0x00,0x00,0x00,0x00,
  0x00,0x00,0x00,0x00,0x00,0x00,0x00,0x00,0x00,0x00,0x00,0x00,
  0x00,0x00,0x00,0x00,0x00,0x00,0x00,0x00,0x00,0x00,0x00,0x00,
  0x00,0x00,0x00,0x00,0x00,0x00,0x00,0x00,0x00,0x00,0x00,0x00,
  0x00,0x00,0x00,0x00,0x00,0x00,0x00,0x00,0x00,0x00,0x00,0x00,
  0x00,0x00,0x00,0x00,0x00,0x00,0x00,0x00,0x00,0x00,0x00,0x00,
  0x00,0x00,0x00,0x00,0x00,0x00,0x00,0x00,0x00,0x00,0x00,0x00,
  0x00,0x00,0x00,0x00,0x00,0x00,0x00,0x00,0x00,0x00,0x00,0x00,
  0x00,0x00,0x00,0x00,0x00,0x00,0x00,0x00,0x00,0x00,0x00,0x00,
  0x00,0x00,0x00,0x00,0x00,0x00,0x00,0x00,0x00,0x00,0x00,0x00,
  0x00,0x00,0x00,0x00,0x00,0x00,0x00,0x00,0x00,0x00,0x00,0x00,
  0x00,0x00,0x00,0x00,0x00,0x00,0x00,0x00,0x00,0x00,0x00,0x00,
  0x00,0x00,0x00,0x00,0x00,0x00,0x00,0x00,0x00,0x00,0x00,0x00,
  0x00,0x00,0x00,0x00,0x00,0x00,0x00,0x00,0x00,0x00,0x00,0x00,
  0x00,0x00,0x00,0x00,0x00,0x00,0x00,0x00,0x00,0x00,0x00,0x00,
  0x00,0x00,0x00,0x00,0x00,0x00,0x00,0x00,0x7F,0x7F,0x00,0x02,
  0xAA,0x55,0x00,0x03,0x00,0x00,0x00,0x00,0x00,0x00,0x00,0x00,
  0x00,0x00,0x00,0x00,0x00,0x00,0x00,0x00,0x00,0x00,0x00,0x03,
  0xC1,0x6F,0x1D,0xE0,0xCB,0x70,0x23,0xFF,0xC8,0x6F,0x26,0xF2,
  0xCA,0x72,0x29,0xEE,0xCC,0x73,0x2A,0xEA,0xCC,0x73,0x2A,0xEC,
  0xC9,0x70,0x28,0xF6,0xCC,0x70,0x27,0xF0,0xD5,0x7A,0x27,0xFF,
  0xAD,0x5F,0x19,0x70,0x00,0x00,0x00,0x0A,0x00,0x00,0x00,0x05,
  0x00,0x00,0x00,0x00,0x00,0x00,0x00,0x00,0x9F,0x4F,0x0C,0x63,
  0x9D,0x51,0x17,0x90,0x9D,0x4D,0x0F,0x73,0x9F,0x6B,0x47,0x95,
  0xEA,0xE1,0xDC,0xFF,0xE8,0xE6,0xE7,0xFC,0xED,0xF2,0xF5,0xFF,
  0xF2,0xFA,0xFE,0xFF,0xF0,0xF9,0xFD,0xFF,0xF0,0xF9,0xFD,0xFF,
  0xEA,0xF5,0xF9,0xFF,0xCA,0xD9,0xF4,0xFF,0xC7,0xBB,0xB9,0xFF,
  0xCE,0x6E,0x1C,0xFF,0xDA,0x78,0x27,0xFF,0xCC,0x6F,0x22,0xFF,
  0xCB,0x6F,0x21,0xFF,0xD0,0x72,0x23,0xFA,0xD2,0x74,0x23,0xFF,
  0xCF,0x71,0x21,0xFF,0xCD,0x6F,0x1F,0xFF,0xCB,0x6E,0x1E,0xFF,
  0xCC,0x6F,0x22,0xFF,0xCC,0x6F,0x22,0xFF,0xCE,0x70,0x20,0xFF,
  0xC9,0x6C,0x1E,0xFF,0xC7,0x6A,0x1E,0xFF,0xC4,0x69,0x22,0xFF,
  0xC6,0x66,0x0D,0xFF,0x91,0x6E,0x77,0xFF,0x79,0x6A,0xA8,0xFF,
  0x7C,0x68,0x9E,0xFF,0x7A,0x68,0xA2,0xFF,0x81,0x6A,0x9D,0xFF,
  0x81,0x69,0x9B,0xFF,0x81,0x68,0x98,0xFF,0x82,0x6A,0x9C,0xFF,
  0x81,0x6B,0xA0,0xFF,0x81,0x6D,0xA2,0xFF,0x82,0x6D,0xA6,0xFF,
  0x81,0x6D,0xA5,0xFF,0x82,0x6C,0xA4,0xFF,0x7F,0x6D,0xA2,0xFF,
  0x82,0x63,0x8E,0xFF,0x81,0x5D,0x83,0xFF,0x81,0x5D,0x85,0xFF,
  0x85,0x5E,0x80,0xFF,0x8C,0x62,0x81,0xFF,0x86,0x66,0x8D,0xFF,
  0x65,0x6C,0xBD,0xFF,0x69,0x6E,0xC0,0xFF,0xA2,0x70,0x63,0xFF,
  0xCE,0x6D,0x16,0xFF,0xCE,0x70,0x23,0xFF,0xD3,0x7A,0x30,0xFF,
  0xD1,0x75,0x29,0xFF,0xD0,0x71,0x25,0xFF,0xD0,0x75,0x29,0xFF,
  0xD1,0x77,0x2C,0xFF,0xD3,0x7B,0x2F,0xFF,0xD3,0x7C,0x2F,0xFF,
  0xD4,0x7C,0x31,0xFF,0xD2,0x7B,0x2C,0xFF,0xCA,0x78,0x22,0xFF,
  0xBE,0x75,0x1D,0xFF,0xBE,0x75,0x1A,0xFF,0xBF,0x75,0x19,0xFF,
  0xC0,0x74,0x1D,0xFF,0xCE,0x75,0x2A,0xFF,0xD1,0x75,0x2B,0xFF,
  0xD0,0x75,0x2B,0xFF,0xD1,0x75,0x2B,0xFF,0xD1,0x75,0x2B,0xFF,
  0xCE,0x73,0x29,0xFF,0xCD,0x73,0x29,0xFF,0xCC,0x72,0x28,0xFF,
  0xCD,0x72,0x26,0xFF,0xD9,0x79,0x29,0xFF,0xB3,0x61,0x1F,0xFF,
  0x00,0x00,0x00,0x00,0x00,0x00,0x00,0x00,0x00,0x00,0x00,0x00,
  0x00,0x00,0x00,0x00,0x00,0x00,0x00,0x00,0x00,0x00,0x00,0x00,
  0x00,0x00,0x00,0x00,0x00,0x00,0x00,0x00,0x00,0x00,0x00,0x00,
  0x00,0x00,0x00,0x00,0x00,0x00,0x00,0x00,0x00,0x00,0x00,0x00,
  0x00,0x00,0x00,0x00,0x00,0x00,0x00,0x00,0x00,0x00,0x00,0x00,
  0x00,0x00,0x00,0x00,0x00,0x00,0x00,0x00,0x00,0x00,0x00,0x00,
  0x00,0x00,0x00,0x00,0x00,0x00,0x00,0x00,0xFF,0x00,0x00,0x01,
  0x00,0x00,0x00,0x01,0xFF,0x00,0x00,0x01,0x00,0x00,0x00,0x00,
  0x00,0x00,0x00,0x00,0x00,0x00,0x00,0x00,0x00,0x00,0x00,0x00,
  0x00,0x00,0x00,0x06,0x95,0x4D,0x0E,0x9A,0xD0,0x72,0x1C,0xAA,
  0xC2,0x68,0x19,0xA9,0xCC,0x71,0x1C,0xA8,0xCF,0x87,0x39,0xA8,
  0xCE,0x88,0x3E,0xA8,0xCE,0x88,0x3C,0xA8,0xCC,0x87,0x3B,0xA8,
  0xCE,0x85,0x38,0xA8,0xCF,0x7E,0x32,0xA7,0xD7,0x82,0x33,0xA8,
  0xBD,0x71,0x26,0x9F,0x00,0x00,0x00,0x00,0x00,0x00,0x00,0x00,
  0x00,0x00,0x00,0x00,0x00,0x00,0x00,0x00,0x00,0x00,0x00,0x00,
  0x00,0x00,0x00,0x00,0x00,0x00,0x00,0x00,0x00,0x00,0x00,0x00,
  0x00,0x00,0x00,0x00,0x00,0x00,0x00,0x00,0x00,0x00,0x00,0x00,
  0x00,0x00,0x00,0x00,0x00,0x00,0x00,0x00,0x00,0x00,0x00,0x00,
  0x00,0x00,0x00,0x00,0x00,0x00,0x00,0x00,0x00,0x00,0x00,0x00,
  0x00,0x00,0x00,0x00,0x00,0x00,0x00,0x00,0xFF,0x00,0x00,0x01,
  0xFF,0x00,0x00,0x01,0xFF,0x00,0x00,0x01,0x00,0x00,0x00,0x00,
  0x00,0x00,0x00,0x00,0x00,0x00,0x00,0x00,0x00,0x00,0x00,0x09,
  0x9E,0x59,0x18,0x9C,0xB5,0x69,0x21,0xB1,0xB2,0x67,0x1F,0xAA,
  0xC0,0x77,0x2C,0xA8,0xC5,0x85,0x3C,0xA8,0xC3,0x84,0x39,0xA8,
  0xC3,0x84,0x3B,0xA8,0xC3,0x84,0x39,0xA8,0xC4,0x82,0x3A,0xAA,
  0xD5,0x90,0x40,0xAB,0xAB,0x70,0x29,0x8F,0x00,0x00,0x00,0x00,
  0x00,0x00,0x00,0x00,0x00,0x00,0x00,0x00,0x01,0x01,0x00,0x00,
  0xBF,0x7F,0x3F,0x04,0xFF,0x00,0x00,0x01,0x00,0x00,0x00,0x00,
  0x00,0x00,0x00,0x00,0x00,0x00,0x00,0x00,0x00,0x00,0x00,0x00,
  0x00,0x00,0x00,0x00,0x00,0x00,0x00,0x00,0x00,0x00,0x00,0x00,
  0x00,0x00,0x00,0x00,0x00,0x00,0x00,0x00,0x00,0x00,0x00,0x00,
  0x00,0x00,0x00,0x00,0x00,0x00,0x00,0x00,0x00,0x00,0x00,0x00,
  0x00,0x00,0x00,0x00,0x00,0x00,0x00,0x00,0x00,0x00,0x00,0x00,
  0x00,0x00,0x00,0x00,0x00,0x00,0x00,0x00,0x00,0x00,0x00,0x00,
  0x00,0x00,0x00,0x00,0x00,0x00,0x00,0x00,0x00,0x00,0x00,0x00,
  0x00,0x00,0x00,0x00,0x00,0x00,0x00,0x00,0x00,0x00,0x00,0x00,
  0x00,0x00,0x00,0x00,0x00,0x00,0x00,0x00,0x00,0x00,0x00,0x00,
  0x00,0x00,0x00,0x00,0x00,0x00,0x00,0x00,0x00,0x00,0x00,0x00,
  0x00,0x00,0x00,0x00,0x00,0x00,0x00,0x00,0x00,0x00,0x00,0x00,
  0x00,0x00,0x00,0x00,0x00,0x00,0x00,0x00,0x00,0x00,0x00,0x00,
  0x00,0x00,0x00,0x00,0x00,0x00,0x00,0x00,0x00,0x00,0x00,0x00,
  0x00,0x00,0x00,0x00,0x00,0x00,0x00,0x00,0x00,0x00,0x00,0x00,
  0x00,0x00,0x00,0x00,0x00,0x00,0x00,0x00,0x00,0x00,0x00,0x00,
  0x00,0x00,0x00,0x00,0x00,0x00,0x00,0x00,0x00,0x00,0x00,0x00,
  0x00,0x00,0x00,0x00,0x00,0x00,0x00,0x00,0x00,0x00,0x00,0x00,
  0x00,0x00,0x00,0x00,0x00,0x00,0x00,0x00,0x00,0x00,0x00,0x00,
  0xFF,0x00,0x00,0x01,0x00,0x00,0x00,0x00,0x00,0x00,0x00,0x00,
  0x00,0x00,0x00,0x00,0xA2,0x53,0x11,0x3A,0xB8,0x67,0x19,0x5B,
  0xB5,0x66,0x1C,0x5A,0xC0,0x6B,0x1C,0x5A,0xBC,0x67,0x1D,0x6F,
  0xD5,0x76,0x26,0xFD,0xD8,0x79,0x2B,0xFE,0xD8,0x7B,0x2E,0xFF,
  0xD9,0x7C,0x2F,0xFF,0xDA,0x7D,0x30,0xFF,0xDA,0x7D,0x30,0xFF,
  0xDB,0x7F,0x34,0xFF,0xDB,0x7F,0x32,0xFF,0xDE,0x7F,0x2F,0xFE,
  0xC3,0x6D,0x26,0xF0,0xBF,0x6A,0x22,0xE8,0x9B,0x52,0x15,0xC6,
  0x7B,0x33,0x07,0x23,0x92,0x46,0x19,0x28,0xBD,0x64,0x14,0xFB,
  0xE5,0x7C,0x18,0xFF,0xD9,0x71,0x19,0xFF,0xCB,0x7F,0x3A,0xFF,
  0xE2,0xE2,0xE0,0xFF,0xEB,0xE8,0xE8,0xFF,0xED,0xF3,0xF6,0xFF,
  0xF1,0xFA,0xFE,0xFF,0xF0,0xF8,0xFD,0xFF,0xF2,0xFA,0xFE,0xFF,
  0xE9,0xF3,0xF8,0xFF,0xC9,0xD9,0xF4,0xFF,0xC9,0xBD,0xBE,0xFF,
  0xCA,0x6D,0x1E,0xFC,0xCD,0x6F,0x20,0xFB,0xCD,0x6F,0x1F,0xFD,
  0xCD,0x6F,0x1F,0xFE,0xCD,0x70,0x21,0xFF,0xCD,0x6D,0x20,0xFF,
  0xCD,0x6B,0x1D,0xFF,0xC9,0x68,0x1C,0xFF,0xC9,0x6C,0x20,0xFF,
  0xCC,0x6F,0x22,0xFF,0xCB,0x6E,0x21,0xFF,0xC3,0x67,0x19,0xFF,
  0xC0,0x66,0x18,0xFE,0xC4,0x66,0x19,0xFE,0xCB,0x69,0x10,0xFF,
  0xC6,0x6D,0x1A,0xFF,0x6B,0x67,0xC5,0xFF,0x4D,0x63,0xFF,0xFF,
  0x5E,0x68,0xE9,0xFF,0x5D,0x67,0xE3,0xFF,0x5C,0x66,0xE5,0xFF,
  0x5D,0x69,0xE7,0xFF,0x5E,0x67,0xE5,0xFF,0x5F,0x68,0xE3,0xFF,
  0x5E,0x69,0xE2,0xFF,0x5E,0x66,0xDD,0xFF,0x5E,0x62,0xD8,0xFF,
  0x5D,0x63,0xD6,0xFF,0x5E,0x61,0xD5,0xFF,0x60,0x62,0xD4,0xFF,
  0x63,0x5D,0xCA,0xFF,0x66,0x5C,0xC3,0xFF,0x66,0x5C,0xC3,0xFF,
  0x64,0x5A,0xC6,0xFF,0x65,0x5B,0xC2,0xFF,0x60,0x60,0xCE,0xFF,
  0x41,0x69,0xFE,0xFF,0x3D,0x6B,0xFF,0xFF,0x93,0x6D,0x85,0xFF,
  0xD4,0x72,0x12,0xFF,0xC8,0x6E,0x2A,0xFF,0xCE,0x70,0x25,0xFF,
  0xCF,0x71,0x25,0xFF,0xCF,0x71,0x25,0xFF,0xCE,0x70,0x23,0xFF,
  0xCF,0x74,0x29,0xFF,0xCF,0x7E,0x2D,0xFF,0xCA,0x7D,0x26,0xFF,
  0xC7,0x7C,0x21,0xFF,0xC5,0x7C,0x1B,0xFF,0xBF,0x74,0x10,0xFF,
  0xBD,0x73,0x0E,0xFF,0xBD,0x75,0x0E,0xFF,0xBC,0x77,0x0D,0xFF,
  0xBD,0x77,0x11,0xFF,0xC2,0x77,0x1C,0xFF,0xCF,0x74,0x27,0xFF,
  0xD2,0x75,0x2C,0xFF,0xD1,0x75,0x2B,0xFF,0xD1,0x75,0x2B,0xFF,
  0xD1,0x75,0x2B,0xFF,0xD1,0x75,0x2B,0xFF,0xD0,0x74,0x2A,0xFF,
  0xCF,0x74,0x29,0xFF,0xD8,0x7A,0x2C,0xFF,0xB3,0x62,0x1F,0xFF,
  0x00,0x00,0x00,0x00,0x00,0x00,0x00,0x00,0x00,0x00,0x00,0x00,
  0x00,0x00,0x00,0x00,0x00,0x00,0x00,0x00,0x00,0x00,0x00,0x00,
  0x00,0x00,0x00,0x00,0x00,0x00,0x00,0x00,0x00,0x00,0x00,0x00,
  0x00,0x00,0x00,0x00,0x00,0x00,0x00,0x00,0x00,0x00,0x00,0x00,
  0x00,0x00,0x00,0x00,0x00,0x00,0x00,0x00,0x00,0x00,0x00,0x00,
  0x00,0x00,0x00,0x00,0x00,0x00,0x00,0x00,0x00,0x00,0x00,0x00,
  0x00,0x00,0x00,0x00,0x00,0x00,0x00,0x00,0x00,0x00,0x00,0x00,
  0x00,0x00,0x00,0x00,0x00,0x00,0x00,0x00,0x55,0x55,0x00,0x03,
  0x96,0x56,0x1C,0x2C,0xBB,0x66,0x1C,0x2D,0xCE,0x73,0x24,0x2A,
  0x69,0x3D,0x17,0x4B,0xAD,0x5C,0x18,0xFF,0xEA,0x80,0x24,0xFF,
  0xE0,0x7B,0x23,0xFF,0xE6,0x80,0x27,0xFF,0xEC,0x99,0x43,0xFF,
  0xEB,0x9D,0x48,0xFF,0xEB,0x9D,0x47,0xFF,0xEB,0x9C,0x45,0xFF,
  0xEA,0x97,0x3E,0xFF,0xE8,0x8F,0x39,0xFF,0xF1,0x95,0x3A,0xFF,
  0xD1,0x7F,0x2F,0xFF,0x75,0x47,0x19,0x3D,0x73,0x3F,0x11,0x2C,
  0x82,0x41,0x11,0x2B,0x7F,0x4E,0x18,0x2A,0x71,0x46,0x15,0x24,
  0x99,0x66,0x33,0x05,0xBF,0x7F,0x3F,0x04,0xBF,0x7F,0x3F,0x04,
  0xBF,0x7F,0x3F,0x04,0xBF,0x7F,0x3F,0x04,0xBF,0x7F,0x3F,0x04,
  0xAA,0x55,0x00,0x03,0x00,0x00,0x00,0x00,0x00,0x00,0x00,0x00,
  0x00,0x00,0x00,0x00,0x00,0x00,0x00,0x00,0x00,0x00,0x00,0x00,
  0x00,0x00,0x00,0x00,0x00,0x00,0x00,0x00,0x00,0x00,0x00,0x00,
  0x00,0x00,0x00,0x00,0x00,0x00,0x00,0x00,0x00,0x00,0x00,0x01,
  0xB9,0x5C,0x11,0x2C,0xC2,0x6D,0x1E,0x2A,0x5B,0x33,0x14,0x64,
  0xCC,0x77,0x25,0xFF,0xF5,0x91,0x31,0xFF,0xEE,0x8C,0x31,0xFF,
  0xF1,0x95,0x38,0xFF,0xF3,0xA6,0x49,0xFF,0xF2,0xA6,0x4A,0xFF,
  0xF3,0xA6,0x4B,0xFF,0xF3,0xA6,0x4B,0xFF,0xF0,0xA5,0x4B,0xFF,
  0xFD,0xB0,0x4F,0xFF,0xC6,0x80,0x31,0xF9,0x86,0x43,0x16,0x39,
  0x97,0x4E,0x18,0x2A,0x91,0x48,0x0C,0x2A,0x00,0x00,0x00,0x00,
  0x00,0x00,0x00,0x00,0x00,0x00,0x00,0x00,0xBF,0x7F,0x3F,0x04,
  0xFF,0x7F,0x3F,0x04,0xAA,0x55,0x00,0x03,0x00,0x00,0x00,0x00,
  0x00,0x00,0x00,0x00,0x00,0x00,0x00,0x00,0x00,0x00,0x00,0x00,
  0x00,0x00,0x00,0x00,0x00,0x00,0x00,0x00,0x00,0x00,0x00,0x00,
  0x00,0x00,0x00,0x00,0x00,0x00,0x00,0x00,0x00,0x00,0x00,0x00,
  0x00,0x00,0x00,0x00,0x00,0x00,0x00,0x00,0x00,0x00,0x00,0x00,
  0x00,0x00,0x00,0x00,0x00,0x00,0x00,0x00,0x00,0x00,0x00,0x00,
  0x00,0x00,0x00,0x00,0x00,0x00,0x00,0x00,0x00,0x00,0x00,0x00,
  0x00,0x00,0x00,0x00,0x00,0x00,0x00,0x00,0x00,0x00,0x00,0x00,
  0x00,0x00,0x00,0x00,0x00,0x00,0x00,0x00,0x00,0x00,0x00,0x00,
  0x00,0x00,0x00,0x00,0x00,0x00,0x00,0x00,0x00,0x00,0x00,0x00,
  0x00,0x00,0x00,0x00,0x00,0x00,0x00,0x00,0x00,0x00,0x00,0x00,
  0x00,0x00,0x00,0x00,0x00,0x00,0x00,0x00,0x00,0x00,0x00,0x00,
  0x00,0x00,0x00,0x00,0x00,0x00,0x00,0x00,0x00,0x00,0x00,0x00,
  0x00,0x00,0x00,0x00,0x00,0x00,0x00,0x00,0x00,0x00,0x00,0x00,
  0x00,0x00,0x00,0x00,0x00,0x00,0x00,0x00,0x00,0x00,0x00,0x00,
  0x00,0x00,0x00,0x00,0x00,0x00,0x00,0x00,0x00,0x00,0x00,0x00,
  0x00,0x00,0x00,0x00,0x7F,0x00,0x00,0x02,0xBF,0x7F,0x00,0x04,
  0xBF,0x7F,0x00,0x04,0xBF,0x7F,0x3F,0x04,0xFF,0x7F,0x00,0x02,
  0x00,0x00,0x00,0x00,0x1F,0x00,0x00,0x08,0xA0,0x53,0x11,0x2B,
  0x94,0x56,0x1C,0x3E,0xC2,0x6D,0x20,0xE8,0xEA,0x84,0x26,0xFF,
  0xE1,0x7D,0x28,0xFF,0xE5,0x81,0x29,0xFF,0xE3,0x81,0x2D,0xFF,
  0xD5,0x79,0x2C,0xFF,0xD1,0x77,0x2C,0xFF,0xD1,0x77,0x2C,0xFE,
  0xD2,0x77,0x2D,0xFE,0xD1,0x76,0x2C,0xFE,0xD2,0x78,0x2D,0xFE,
  0xD4,0x7B,0x31,0xFE,0xD4,0x7B,0x31,0xFE,0xD2,0x79,0x2F,0xFF,
  0xD8,0x7C,0x2E,0xFF,0xDE,0x7C,0x2E,0xFF,0xCF,0x71,0x28,0xFF,
  0xC2,0x6D,0x1E,0xFA,0xC7,0x72,0x1F,0xFA,0xCA,0x6F,0x1A,0xFB,
  0xCB,0x6B,0x18,0xFB,0xCB,0x6A,0x17,0xFB,0xC1,0x77,0x39,0xFE,
  0xE4,0xE3,0xE2,0xFF,0xEB,0xE8,0xE8,0xFF,0xEC,0xF2,0xF5,0xFF,
  0xF1,0xFB,0xFF,0xFF,0xF1,0xF9,0xFD,0xFF,0xF0,0xF9,0xFD,0xFF,
  0xE4,0xF2,0xF8,0xFF,0xC4,0xD7,0xF4,0xFF,0xC5,0xB9,0xBB,0xFF,
  0xC2,0x6A,0x13,0xFF,0xC7,0x6B,0x19,0xFF,0xC7,0x6B,0x1B,0xFF,
  0xC7,0x6B,0x1D,0xFF,0xC9,0x67,0x16,0xFF,0xBA,0x74,0x20,0xFF,
  0xAE,0x85,0x2C,0xFF,0xBB,0x77,0x1F,0xFF,0xC6,0x69,0x17,0xFF,
  0xC5,0x69,0x15,0xFF,0xC3,0x69,0x19,0xFF,0xC4,0x67,0x1A,0xFF,
  0xC8,0x66,0x0E,0xFF,0xC5,0x6C,0x17,0xFF,0x9A,0x6C,0x65,0xFF,
  0x7C,0x79,0xBE,0xFF,0x85,0x7D,0xC2,0xFF,0x91,0x85,0xBF,0xFF,
  0x68,0x6A,0xD6,0xFF,0x63,0x69,0xD6,0xFF,0x68,0x6D,0xD1,0xFF,
  0x66,0x6C,0xD2,0xFF,0x66,0x6C,0xD2,0xFF,0x68,0x6C,0xCF,0xFF,
  0x68,0x6B,0xD3,0xFF,0x69,0x66,0xC5,0xFF,0x69,0x61,0xBD,0xFF,
  0x69,0x61,0xBF,0xFF,0x6A,0x61,0xBE,0xFF,0x6B,0x61,0xBC,0xFF,
  0x6D,0x62,0xBB,0xFF,0x6D,0x62,0xBE,0xFF,0x6D,0x65,0xBF,0xFF,
  0x73,0x67,0xB7,0xFF,0x70,0x67,0xC2,0xFF,0x60,0x65,0xDE,0xFF,
  0x8A,0x9A,0xEA,0xFF,0x89,0xA2,0xF6,0xFF,0x67,0x65,0xC8,0xFF,
  0xB9,0x6E,0x3A,0xFF,0xD6,0x74,0x12,0xFF,0xCE,0x70,0x22,0xFF,
  0xCD,0x70,0x25,0xFF,0xCE,0x70,0x24,0xFF,0xCF,0x70,0x24,0xFF,
  0xCB,0x70,0x22,0xFF,0xC2,0x77,0x20,0xFF,0xBE,0x77,0x19,0xFF,
  0xB8,0x77,0x16,0xFF,0xB6,0x77,0x13,0xFF,0xAD,0x82,0x23,0xFF,
  0xAC,0x84,0x26,0xFF,0xB2,0x7E,0x19,0xFF,0xBA,0x77,0x0E,0xFF,
  0xBA,0x77,0x0F,0xFF,0xBA,0x75,0x0F,0xFF,0xC5,0x77,0x20,0xFF,
  0xCF,0x7D,0x2C,0xFF,0xD0,0x7A,0x2B,0xFF,0xD2,0x79,0x2C,0xFF,
  0xD2,0x78,0x2C,0xFF,0xD2,0x76,0x2B,0xFF,0xD1,0x75,0x2B,0xFF,
  0xD1,0x75,0x2C,0xFF,0xD8,0x7B,0x2F,0xFF,0xB3,0x61,0x1E,0xFF,
  0x00,0x00,0x00,0x00,0x00,0x00,0x00,0x00,0x00,0x00,0x00,0x00,
  0x00,0x00,0x00,0x00,0x00,0x00,0x00,0x00,0x00,0x00,0x00,0x00,
  0x00,0x00,0x00,0x00,0x00,0x00,0x00,0x00,0x00,0x00,0x00,0x00,
  0x00,0x00,0x00,0x00,0x00,0x00,0x00,0x00,0x00,0x00,0x00,0x00,
  0x00,0x00,0x00,0x00,0x00,0x00,0x00,0x00,0x00,0x00,0x00,0x01,
  0xAA,0x55,0x00,0x03,0xFF,0xAA,0x55,0x03,0xFF,0xAA,0x55,0x03,
  0xFF,0xFF,0x7F,0x02,0x01,0x01,0x00,0x00,0x55,0x38,0x00,0x09,
  0x38,0x1C,0x00,0x09,0x48,0x24,0x00,0x07,0x9A,0x49,0x14,0x26,
  0xCE,0x75,0x23,0xFF,0xDC,0x7B,0x27,0xFF,0xD8,0x77,0x27,0xFF,
  0xD4,0x76,0x26,0xFE,0xD3,0x73,0x24,0xFB,0xCF,0x71,0x25,0xFB,
  0xD0,0x72,0x23,0xFB,0xD6,0x78,0x26,0xFB,0xDB,0x8E,0x3B,0xFB,
  0xDB,0x90,0x3D,0xFB,0xDB,0x91,0x41,0xFB,0xDC,0x92,0x41,0xFB,
  0xDB,0x8C,0x39,0xFB,0xDA,0x8E,0x3A,0xFB,0xDB,0x8F,0x3B,0xFB,
  0xDC,0x91,0x3F,0xFC,0xD2,0x8C,0x3F,0xFF,0xCF,0x88,0x3C,0xFF,
  0xCF,0x87,0x3B,0xFF,0xD5,0x8F,0x40,0xFF,0xC0,0x7C,0x31,0xFC,
  0x2E,0x00,0x00,0x21,0x00,0x00,0x00,0x00,0x00,0x00,0x00,0x00,
  0x00,0x00,0x00,0x00,0x00,0x00,0x00,0x00,0x00,0x00,0x00,0x00,
  0x00,0x00,0x00,0x00,0x00,0x00,0x00,0x00,0x00,0x00,0x00,0x00,
  0x00,0x00,0x00,0x00,0xFF,0x7F,0x00,0x02,0xFF,0xFF,0x7F,0x02,
  0xFF,0xAA,0x55,0x03,0xFF,0xFF,0x7F,0x02,0x91,0x3C,0x00,0x15,
  0xA3,0x47,0x00,0x19,0x91,0x48,0x00,0x07,0xA1,0x54,0x17,0x6D,
  0xE7,0x86,0x2A,0xFF,0xDD,0x83,0x2F,0xFF,0xDD,0x84,0x33,0xFF,
  0xDF,0x84,0x30,0xFC,0xE0,0x85,0x31,0xFC,0xE2,0x85,0x31,0xFB,
  0xE1,0x8D,0x37,0xFB,0xE1,0x9A,0x44,0xFB,0xE2,0x9A,0x44,0xFB,
  0xE2,0x9A,0x46,0xFB,0xE2,0x9B,0x47,0xFB,0xE3,0x9B,0x48,0xFB,
  0xE2,0x9A,0x47,0xFB,0xDC,0x94,0x3F,0xFE,0xD6,0x8E,0x3D,0xFF,
  0xD2,0x89,0x39,0xFF,0xD5,0x8A,0x36,0xFF,0xB3,0x6D,0x28,0xC8,
  0x92,0x51,0x1A,0x86,0x6E,0x11,0x00,0x1E,0x00,0x00,0x00,0x00,
  0x00,0x00,0x00,0x00,0x00,0x00,0x00,0x00,0xBF,0x7F,0x3F,0x04,
  0xBF,0x7F,0x3F,0x04,0xBF,0x7F,0x3F,0x04,0x00,0x00,0x00,0x01,
  0x00,0x00,0x00,0x00,0x00,0x00,0x00,0x00,0x00,0x00,0x00,0x00,
  0x00,0x00,0x00,0x00,0x00,0x00,0x00,0x00,0x00,0x00,0x00,0x00,
  0x00,0x00,0x00,0x00,0x00,0x00,0x00,0x00,0x00,0x00,0x00,0x00,
  0x00,0x00,0x00,0x00,0x00,0x00,0x00,0x00,0x00,0x00,0x00,0x00,
  0x00,0x00,0x00,0x00,0x00,0x00,0x00,0x00,0x00,0x00,0x00,0x00,
  0x00,0x00,0x00,0x00,0x00,0x00,0x00,0x00,0x00,0x00,0x00,0x00,
  0x00,0x00,0x00,0x00,0x00,0x00,0x00,0x00,0x00,0x00,0x00,0x00,
  0x00,0x00,0x00,0x00,0x00,0x00,0x00,0x00,0x00,0x00,0x00,0x00,
  0x00,0x00,0x00,0x00,0x00,0x00,0x00,0x00,0x00,0x00,0x00,0x00,
  0x00,0x00,0x00,0x00,0x00,0x00,0x00,0x00,0x00,0x00,0x00,0x00,
  0x00,0x00,0x00,0x00,0x00,0x00,0x00,0x00,0x00,0x00,0x00,0x00,
  0x00,0x00,0x00,0x00,0x00,0x00,0x00,0x00,0x00,0x00,0x00,0x00,
  0x00,0x00,0x00,0x00,0x00,0x00,0x00,0x00,0x00,0x00,0x00,0x00,
  0x00,0x00,0x00,0x00,0x00,0x00,0x00,0x00,0x7F,0x00,0x00,0x02,
  0x7F,0x00,0x00,0x02,0x00,0x00,0x00,0x00,0x00,0x00,0x00,0x00,
  0x00,0x00,0x00,0x00,0x00,0x00,0x00,0x00,0x00,0x00,0x00,0x00,
  0xFF,0x91,0x24,0x07,0x4A,0x21,0x09,0x6A,0xBF,0x67,0x1C,0xFF,
  0xD2,0x74,0x25,0xFF,0xCE,0x71,0x26,0xFF,0xD1,0x73,0x27,0xFB,
  0xD4,0x75,0x28,0xFB,0xD4,0x76,0x2A,0xFB,0xD3,0x76,0x2A,0xFB,
  0xD3,0x78,0x2B,0xFF,0xD5,0x79,0x2E,0xFF,0xD4,0x79,0x2E,0xFF,
  0xD2,0x76,0x2C,0xFF,0xD1,0x75,0x2A,0xFF,0xD2,0x77,0x2C,0xFF,
  0xD3,0x79,0x2D,0xFF,0xD2,0x7A,0x2E,0xFF,0xD6,0x7C,0x33,0xFF,
  0xD2,0x7B,0x30,0xFE,0xBF,0x73,0x1E,0xFE,0xB8,0x73,0x1F,0xFD,
  0xB3,0x80,0x21,0xFF,0xB1,0x7B,0x21,0xFF,0xAF,0x66,0x1B,0xFF,
  0xBA,0x64,0x14,0xFF,0xBC,0x62,0x13,0xFF,0xBD,0x71,0x30,0xFF,
  0xE3,0xDD,0xDC,0xFF,0xE7,0xE7,0xE8,0xFF,0xE7,0xE7,0xE9,0xFF,
  0xEA,0xF0,0xF6,0xFF,0xE9,0xF3,0xFA,0xFF,0xF2,0xFA,0xFD,0xFF,
  0xDF,0xE8,0xF2,0xFF,0xBD,0xCC,0xEE,0xFF,0xBF,0xB5,0xB7,0xFF,
  0xB3,0x60,0x0B,0xFF,0xBB,0x64,0x0F,0xFF,0xBC,0x65,0x12,0xFF,
  0xC1,0x68,0x19,0xFF,0xB3,0x6F,0x15,0xFF,0x9A,0x8F,0x28,0xFF,
  0x96,0x9B,0x32,0xFF,0x98,0x94,0x2C,0xFF,0xA5,0x89,0x26,0xFF,
  0xBE,0x6A,0x14,0xFF,0xC7,0x64,0x0F,0xFF,0xC1,0x65,0x0B,0xFF,
  0xB2,0x67,0x31,0xFF,0x81,0x64,0x94,0xFF,0x76,0x88,0xEA,0xFF,
  0xBE,0xB0,0xBB,0xFF,0xD3,0xB2,0x9C,0xFF,0xDA,0xB9,0x98,0xFF,
  0xA9,0x96,0xB5,0xFF,0x68,0x73,0xE4,0xFF,0x4E,0x70,0xFD,0xFF,
  0x50,0x79,0xFF,0xFF,0x4F,0x77,0xFF,0xFF,0x4D,0x76,0xFF,0xFF,
  0x4B,0x75,0xFE,0xFF,0x4F,0x73,0xFA,0xFF,0x50,0x6F,0xF7,0xFF,
  0x54,0x6D,0xF6,0xFF,0x55,0x6C,0xF5,0xFF,0x53,0x6A,0xF4,0xFF,
  0x52,0x69,0xF2,0xFF,0x53,0x69,0xF1,0xFF,0x58,0x6F,0xF3,0xFF,
  0x5A,0x6E,0xED,0xFF,0x62,0x6E,0xEA,0xFF,0x94,0xAC,0xF8,0xFF,
  0xE8,0xF9,0xF9,0xFF,0xE9,0xFA,0xF8,0xFF,0x89,0xA1,0xF9,0xFF,
  0x64,0x6A,0xDB,0xFF,0x95,0x62,0x68,0xFF,0xC4,0x6B,0x1D,0xFF,
  0xCB,0x6D,0x18,0xFF,0xC6,0x6E,0x21,0xFF,0xC9,0x6E,0x1F,0xFF,
  0xC3,0x6C,0x1D,0xFF,0xBF,0x6F,0x21,0xFF,0xBB,0x71,0x18,0xFF,
  0xB2,0x73,0x11,0xFF,0xB0,0x73,0x0C,0xFF,0x8A,0xA2,0x79,0xFF,
  0x7B,0xB3,0x99,0xFF,0x9F,0x89,0x3B,0xFF,0xB1,0x75,0x0A,0xFF,
  0xB1,0x78,0x0F,0xFF,0xBC,0x7A,0x15,0xFF,0xC6,0x81,0x2B,0xFF,
  0xC6,0x82,0x2C,0xFF,0xC8,0x81,0x2B,0xFF,0xCC,0x80,0x2B,0xFF,
  0xCF,0x77,0x2A,0xFF,0xD0,0x73,0x27,0xFF,0xD1,0x74,0x28,0xFF,
  0xD1,0x75,0x2B,0xFF,0xD9,0x7C,0x2C,0xFF,0xB2,0x61,0x1D,0xFF,
  0x00,0x00,0x00,0x00,0x00,0x00,0x00,0x00,0x00,0x00,0x00,0x00,
  0x00,0x00,0x00,0x00,0x00,0x00,0x00,0x00,0x00,0x00,0x00,0x00,
  0x00,0x00,0x00,0x00,0x00,0x00,0x00,0x00,0x00,0x00,0x00,0x00,
  0x00,0x00,0x00,0x00,0x00,0x00,0x00,0x00,0x00,0x00,0x00,0x00,
  0xFF,0xFF,0x00,0x01,0xFF,0xFF,0x00,0x01,0x02,0x01,0x00,0x00,
  0x00,0x00,0x00,0x00,0x00,0x00,0x00,0x00,0x00,0x00,0x00,0x00,
  0x00,0x00,0x00,0x00,0x8C,0x4A,0x14,0x59,0xDA,0x7C,0x21,0xE4,
  0xCE,0x75,0x25,0xE2,0xD4,0x77,0x26,0xE4,0xD8,0x7A,0x27,0xE7,
  0xDE,0x80,0x2B,0xFF,0xDD,0x7E,0x2C,0xFF,0xDB,0x7B,0x2A,0xFF,
  0xDB,0x79,0x27,0xFF,0xD8,0x77,0x26,0xFF,0xD7,0x77,0x27,0xFF,
  0xD5,0x75,0x25,0xFF,0xD7,0x7B,0x29,0xFF,0xDC,0x8E,0x3C,0xFF,
  0xDB,0x8E,0x3C,0xFF,0xDB,0x8F,0x3D,0xFF,0xDB,0x8F,0x3D,0xFF,
  0xDB,0x8F,0x3D,0xFF,0xDB,0x8F,0x3D,0xFF,0xDC,0x91,0x3F,0xFF,
  0xDC,0x91,0x41,0xFF,0xDE,0x93,0x41,0xFE,0xDF,0x94,0x42,0xFF,
  0xDF,0x94,0x43,0xFF,0xE1,0x97,0x45,0xFE,0xDB,0x90,0x3F,0xFF,
  0xAD,0x6A,0x2A,0x9C,0xB4,0x71,0x2F,0x7C,0xBE,0x75,0x2F,0x77,
  0xCB,0x80,0x36,0x59,0xBC,0x79,0x33,0x54,0xCA,0x7F,0x37,0x58,
  0x9D,0x5D,0x26,0x3C,0x00,0x01,0x00,0x00,0x01,0x01,0x01,0x00,
  0x01,0x01,0x00,0x00,0x00,0x00,0x00,0x00,0x00,0x00,0x00,0x00,
  0x00,0x00,0x00,0x00,0x4F,0x22,0x00,0x43,0xD6,0x7C,0x20,0xEE,
  0xE2,0x84,0x29,0xEB,0xDB,0x81,0x2B,0xE4,0xD8,0x7F,0x2D,0xFC,
  0xE4,0x88,0x33,0xFF,0xE2,0x88,0x34,0xFE,0xE2,0x88,0x34,0xFE,
  0xE2,0x88,0x34,0xFF,0xE1,0x88,0x35,0xFF,0xE1,0x86,0x33,0xFF,
  0xE1,0x8B,0x37,0xFF,0xE3,0x9A,0x45,0xFF,0xE2,0x9A,0x44,0xFF,
  0xE2,0x9A,0x44,0xFF,0xE3,0x9B,0x46,0xFF,0xE3,0x9B,0x46,0xFF,
  0xE3,0x9B,0x46,0xFF,0xE4,0x9C,0x46,0xFF,0xE5,0x9D,0x46,0xFE,
  0xE4,0x9C,0x45,0xFF,0xE4,0x9C,0x45,0xFF,0xE9,0x9E,0x45,0xFF,
  0xED,0x9E,0x43,0xFF,0xC8,0x7E,0x32,0xE8,0xCB,0x7E,0x33,0xA3,
  0xDC,0x87,0x35,0xA2,0x81,0x42,0x11,0x68,0x00,0x00,0x00,0x00,
  0x00,0x00,0x00,0x00,0x00,0x00,0x00,0x00,0x01,0x01,0x01,0x00,
  0xAA,0x55,0x00,0x03,0x7F,0x7F,0x00,0x02,0x00,0x00,0x00,0x00,
  0x00,0x00,0x00,0x00,0x00,0x00,0x00,0x00,0x00,0x00,0x00,0x00,
  0x00,0x00,0x00,0x00,0x00,0x00,0x00,0x00,0x00,0x00,0x00,0x00,
  0x00,0x00,0x00,0x00,0x00,0x00,0x00,0x00,0x00,0x00,0x00,0x00,
  0x00,0x00,0x00,0x00,0x00,0x00,0x00,0x00,0x00,0x00,0x00,0x00,
  0x00,0x00,0x00,0x00,0x00,0x00,0x00,0x00,0x00,0x00,0x00,0x00,
  0x00,0x00,0x00,0x00,0x00,0x00,0x00,0x00,0x00,0x00,0x00,0x00,
  0x00,0x00,0x00,0x00,0x00,0x00,0x00,0x00,0x00,0x00,0x00,0x00,
  0x00,0x00,0x00,0x00,0x00,0x00,0x00,0x00,0x00,0x00,0x00,0x00,
  0x00,0x00,0x00,0x00,0x00,0x00,0x00,0x00,0x00,0x00,0x00,0x00,
  0x00,0x00,0x00,0x00,0xAA,0x55,0x00,0x03,0xAA,0x55,0x00,0x03,
  0xAA,0x55,0x00,0x03,0xAA,0x55,0x00,0x03,0xAA,0x55,0x00,0x03,
  0xAA,0x55,0x00,0x03,0xAA,0x55,0x00,0x03,0xAA,0x55,0x00,0x03,
  0xAA,0x55,0x00,0x03,0x01,0x00,0x00,0x00,0x00,0x00,0x00,0x00,
  0x00,0x00,0x00,0x00,0x7C,0x41,0x06,0x27,0xD4,0x6E,0x19,0x5A,
  0xD0,0x6B,0x1F,0x58,0xCA,0x6E,0x25,0x58,0xBE,0x67,0x22,0xB2,
  0xDA,0x7B,0x2A,0xE4,0xCA,0x72,0x29,0xEC,0xCD,0x71,0x27,0xFF,
  0xCF,0x72,0x28,0xFD,0xCE,0x72,0x27,0xFE,0xD1,0x74,0x27,0xFF,
  0xD2,0x75,0x28,0xFF,0xD1,0x74,0x28,0xFF,0xD2,0x75,0x27,0xFF,
  0xD2,0x75,0x28,0xFF,0xD3,0x77,0x2B,0xFF,0xD4,0x7A,0x2F,0xFF,
  0xD4,0x79,0x2F,0xFF,0xD4,0x7A,0x2F,0xFF,0xD5,0x7B,0x31,0xFF,
  0xD5,0x7C,0x31,0xFF,0xD5,0x7D,0x32,0xFF,0xCC,0x79,0x26,0xFF,
  0xC3,0x7A,0x1E,0xFF,0xB1,0x7F,0x19,0xFF,0xAA,0x7C,0x16,0xFF,
  0xA6,0x7A,0x15,0xFE,0xA7,0x7B,0x10,0xFE,0xA8,0x78,0x10,0xFF,
  0xB1,0x62,0x01,0xFF,0xB4,0x58,0x00,0xFF,0xB4,0x65,0x1F,0xFF,
  0xE2,0xDA,0xD7,0xFF,0xE7,0xE5,0xE5,0xFF,0xEA,0xE8,0xE8,0xFF,
  0xE7,0xEA,0xED,0xFF,0xEA,0xF4,0xF8,0xFF,0xFC,0xFF,0xFF,0xFF,
  0xE3,0xEB,0xF0,0xFF,0xBD,0xC4,0xE3,0xFF,0xC2,0xB8,0xB7,0xFF,
  0xB9,0x5D,0x00,0xFF,0xC1,0x64,0x09,0xFF,0xC1,0x65,0x0E,0xFF,
  0xC5,0x64,0x09,0xFF,0xAC,0x84,0x24,0xFF,0x9F,0x93,0x2B,0xFF,
  0x9C,0x95,0x2C,0xFF,0x99,0x96,0x2E,0xFF,0x96,0x9C,0x32,0xFF,
  0xA7,0x82,0x27,0xFF,0xB6,0x6C,0x2F,0xFF,0x94,0x6A,0x71,0xFF,
  0x75,0x70,0xCF,0xFF,0x71,0x6B,0xCF,0xFF,0xAC,0x98,0xB5,0xFF,
  0xDD,0xC3,0xA7,0xFF,0xD1,0xB8,0xB0,0xFF,0xD3,0xBE,0xBA,0xFF,
  0xD8,0xBB,0xAA,0xFF,0xCC,0xB3,0xAD,0xFF,0x7D,0x7C,0xC6,0xFF,
  0x4A,0x66,0xE2,0xFF,0x4A,0x69,0xE3,0xFF,0x4A,0x68,0xE2,0xFF,
  0x4E,0x6D,0xE7,0xFF,0x57,0x6C,0xEB,0xFF,0x58,0x6A,0xE9,0xFF,
  0x5F,0x71,0xE8,0xFF,0x61,0x75,0xEA,0xFF,0x66,0x7D,0xF1,0xFF,
  0x6D,0x80,0xF4,0xFF,0x70,0x89,0xFC,0xFF,0x73,0x8C,0xFD,0xFF,
  0x63,0x79,0xF4,0xFF,0xC6,0xD6,0xF7,0xFF,0xF3,0xFF,0xFD,0xFF,
  0xDA,0xF6,0xFF,0xFF,0xD7,0xF4,0xFF,0xFF,0xE6,0xFA,0xF9,0xFF,
  0xA3,0xBA,0xF5,0xFF,0x61,0x6E,0xE5,0xFF,0x6F,0x60,0xA7,0xFF,
  0x99,0x6C,0x57,0xFF,0xC0,0x69,0x17,0xFF,0xBD,0x6D,0x21,0xFF,
  0xBC,0x6D,0x23,0xFF,0xC4,0x6D,0x16,0xFF,0xAF,0x74,0x2D,0xFF,
  0x99,0x76,0x3D,0xFF,0x90,0x6C,0x50,0xFF,0x68,0x82,0xB9,0xFF,
  0x59,0x89,0xD6,0xFF,0x8F,0x77,0x51,0xFF,0xB5,0x79,0x00,0xFF,
  0xAD,0x76,0x12,0xFF,0xB8,0x7B,0x1C,0xFF,0xC7,0x81,0x2B,0xFF,
  0xC6,0x7F,0x28,0xFF,0xC6,0x80,0x2A,0xFF,0xC7,0x81,0x2B,0xFF,
  0xCA,0x78,0x24,0xFF,0xCF,0x73,0x24,0xFF,0xCF,0x74,0x24,0xFF,
  0xCF,0x74,0x22,0xFF,0xD9,0x7D,0x25,0xFF,0xB4,0x62,0x1C,0xFF,
  0x00,0x00,0x00,0x00,0x00,0x00,0x00,0x00,0x00,0x00,0x00,0x00,
  0x00,0x00,0x00,0x00,0x00,0x00,0x00,0x00,0x00,0x00,0x00,0x00,
  0x00,0x00,0x00,0x01,0xAA,0x55,0x00,0x03,0xAA,0x55,0x00,0x03,
  0xAA,0x55,0x00,0x03,0xAA,0x55,0x00,0x03,0x7F,0x7F,0x00,0x02,
  0x00,0x00,0x00,0x00,0x00,0x00,0x00,0x00,0x00,0x00,0x00,0x1C,
  0x93,0x51,0x17,0xAD,0xD9,0x7F,0x2C,0xB8,0xCA,0x73,0x27,0xB7,
  0xC1,0x6C,0x25,0xBE,0xBF,0x6C,0x26,0xEC,0xE6,0x81,0x2A,0xFF,
  0xE2,0x7E,0x2A,0xFF,0xE2,0x7E,0x2B,0xFF,0xE1,0x7F,0x2B,0xFF,
  0xDB,0x7B,0x2A,0xFF,0xDB,0x7A,0x29,0xFF,0xDB,0x7B,0x2A,0xFF,
  0xD9,0x79,0x28,0xFF,0xD9,0x78,0x27,0xFF,0xD9,0x78,0x27,0xFF,
  0xD8,0x77,0x26,0xFF,0xDA,0x79,0x28,0xFF,0xD9,0x7A,0x28,0xFF,
  0xDB,0x8B,0x3A,0xFF,0xDB,0x90,0x3E,0xFF,0xDB,0x8F,0x3D,0xFF,
  0xDB,0x8F,0x3D,0xFF,0xDB,0x90,0x3D,0xFF,0xDB,0x8F,0x3D,0xFF,
  0xDB,0x8F,0x3C,0xFF,0xDB,0x90,0x3F,0xFF,0xDB,0x91,0x41,0xFF,
  0xDB,0x91,0x41,0xFF,0xDA,0x90,0x3F,0xFF,0xDB,0x8F,0x3D,0xFE,
  0xE7,0x97,0x40,0xFF,0xE9,0x98,0x40,0xFF,0xE9,0x97,0x3C,0xFF,
  0xE7,0x94,0x3A,0xFF,0xE2,0x8E,0x38,0xFF,0xF4,0x9C,0x3F,0xFF,
  0xA8,0x61,0x20,0xEE,0x00,0x00,0x00,0x06,0x00,0x00,0x00,0x00,
  0x00,0x00,0x00,0x00,0xC3,0x6D,0x22,0xAC,0xE2,0x82,0x2A,0xBE,
  0xD3,0x77,0x25,0xB7,0xB7,0x68,0x20,0xDB,0xE1,0x83,0x2A,0xFF,
  0xE2,0x85,0x2F,0xFF,0xE3,0x86,0x2F,0xFF,0xDF,0x85,0x2E,0xFF,
  0xDD,0x84,0x2F,0xFF,0xE1,0x86,0x31,0xFF,0xE1,0x86,0x32,0xFF,
  0xE2,0x86,0x32,0xFF,0xE1,0x88,0x35,0xFF,0xE0,0x87,0x34,0xFF,
  0xE2,0x8B,0x36,0xFF,0xE3,0x9B,0x45,0xFF,0xE3,0x9B,0x46,0xFF,
  0xE3,0x9B,0x45,0xFF,0xE2,0x9A,0x44,0xFF,0xE3,0x9B,0x45,0xFF,
  0xE3,0x9B,0x46,0xFF,0xE3,0x9B,0x46,0xFF,0xE2,0x9A,0x46,0xFF,
  0xE2,0x9A,0x45,0xFF,0xDF,0x98,0x41,0xFF,0xDF,0x98,0x42,0xFD,
  0xDF,0x98,0x41,0xFB,0xE6,0x9C,0x41,0xFF,0xEA,0x9C,0x41,0xFF,
  0xF5,0xA1,0x42,0xFF,0xA9,0x65,0x24,0xE5,0xB0,0x70,0x34,0x6B,
  0xB8,0x78,0x33,0x6C,0x9A,0x61,0x21,0x63,0x00,0x00,0x00,0x08,
  0x00,0x00,0x00,0x00,0x00,0x00,0x00,0x00,0xFF,0xFF,0xFF,0x01,
  0xFF,0xAA,0x55,0x03,0xFF,0xAA,0x55,0x03,0xAA,0x55,0x00,0x03,
  0x00,0x00,0x00,0x00,0x00,0x00,0x00,0x00,0x00,0x00,0x00,0x00,
  0x00,0x00,0x00,0x00,0x00,0x00,0x00,0x00,0x00,0x00,0x00,0x00,
  0x00,0x00,0x00,0x00,0x00,0x00,0x00,0x00,0x00,0x00,0x00,0x00,
  0x00,0x00,0x00,0x00,0x00,0x00,0x00,0x00,0x00,0x00,0x00,0x00,
  0x00,0x00,0x00,0x00,0x00,0x00,0x00,0x00,0x00,0x00,0x00,0x00,
  0x00,0x00,0x00,0x00,0x00,0x00,0x00,0x00,0x00,0x00,0x00,0x00,
  0x00,0x00,0x00,0x00,0x00,0x00,0x00,0x00,0x00,0x00,0x00,0x00,
  0x7F,0x7F,0x00,0x02,0xFF,0xAA,0x00,0x03,0xFF,0x55,0x00,0x03,
  0xFF,0xAA,0x55,0x03,0x00,0x00,0x00,0x00,0x00,0x00,0x00,0x00,
  0x00,0x00,0x00,0x00,0x00,0x00,0x00,0x00,0x00,0x00,0x00,0x00,
  0x00,0x00,0x00,0x00,0x00,0x00,0x00,0x00,0x00,0x00,0x00,0x00,
  0x00,0x00,0x00,0x00,0x00,0x00,0x00,0x00,0x73,0x2E,0x05,0x2C,
  0x50,0x24,0x00,0x23,0x80,0x41,0x0B,0x99,0xE9,0x82,0x28,0xFF,
  0xDC,0x7B,0x2D,0xFF,0xDE,0x7D,0x2C,0xFF,0xDD,0x7B,0x2A,0xFF,
  0xD7,0x78,0x29,0xFF,0xD7,0x78,0x29,0xFF,0xD1,0x75,0x28,0xFF,
  0xD2,0x75,0x28,0xFF,0xD2,0x75,0x28,0xFF,0xD1,0x74,0x27,0xFF,
  0xD2,0x74,0x27,0xFF,0xD2,0x75,0x28,0xFF,0xD2,0x75,0x28,0xFF,
  0xD2,0x75,0x28,0xFF,0xD1,0x74,0x27,0xFF,0xD2,0x75,0x28,0xFF,
  0xD5,0x7A,0x30,0xFF,0xD2,0x78,0x2C,0xFF,0xC5,0x71,0x1C,0xFF,
  0xC2,0x73,0x1B,0xFF,0xBF,0x75,0x1A,0xFF,0xB5,0x6F,0x0D,0xFF,
  0xB2,0x6D,0x09,0xFF,0xAA,0x75,0x0F,0xFF,0xA1,0x87,0x25,0xFF,
  0xA4,0x8A,0x2A,0xFF,0xA3,0x89,0x42,0xFF,0xA1,0x89,0x56,0xFF,
  0xA7,0x83,0x50,0xFF,0xA6,0x76,0x4A,0xFF,0xAD,0x7D,0x61,0xFF,
  0xCD,0xDB,0xE7,0xFF,0xCD,0xD8,0xEB,0xFF,0xCB,0xD6,0xE9,0xFF,
  0xCC,0xDB,0xEF,0xFF,0xC3,0xCD,0xEA,0xFF,0xC2,0xC9,0xE9,0xFF,
  0xBA,0xBF,0xE3,0xFF,0xA7,0xAD,0xDF,0xFF,0xAF,0xA6,0xC5,0xFF,
  0xAA,0x7B,0x64,0xFF,0xB3,0x71,0x38,0xFF,0xB6,0x6E,0x31,0xFF,
  0xA9,0x81,0x6F,0xFF,0xB6,0x6E,0x28,0xFF,0xBB,0x73,0x07,0xFF,
  0xA3,0x91,0x25,0xFF,0x96,0x9C,0x33,0xFF,0x98,0x9B,0x32,0xFF,
  0x98,0x98,0x27,0xFF,0xA7,0x96,0x6A,0xFF,0xB6,0xA0,0xAA,0xFF,
  0xBD,0x9C,0x9A,0xFF,0xC4,0x9B,0x90,0xFF,0xCF,0xB5,0xB0,0xFF,
  0xD7,0xCF,0xCC,0xFF,0xCF,0xA8,0x8D,0xFF,0xC7,0x93,0x6C,0xFF,
  0xD0,0xBE,0xB9,0xFF,0xD6,0xD9,0xDC,0xFF,0xC7,0xBB,0xBB,0xFF,
  0xAC,0xAB,0xBF,0xFF,0xAB,0xAF,0xC3,0xFF,0xAD,0xB2,0xC6,0xFF,
  0xAB,0x9B,0xA6,0xFF,0xB1,0x88,0x83,0xFF,0xB2,0x90,0x8D,0xFF,
  0xB7,0x93,0x8E,0xFF,0xB4,0x8C,0x85,0xFF,0xCF,0xD5,0xE1,0xFF,
  0xE3,0xF4,0xFD,0xFF,0xDA,0xCC,0xC2,0xFF,0xDE,0xC8,0xBA,0xFF,
  0xE7,0xF2,0xFA,0xFF,0xF1,0xF8,0xF8,0xFF,0xE7,0xF0,0xF5,0xFF,
  0xDE,0xCD,0xBD,0xFF,0xDA,0xCE,0xC2,0xFF,0xDF,0xEB,0xF5,0xFF,
  0xE5,0xEF,0xF4,0xFF,0xD5,0xDE,0xDC,0xFF,0xA0,0x68,0x48,0xFF,
  0xAA,0x66,0x33,0xFF,0xC2,0x66,0x16,0xFF,0xC7,0x69,0x0D,0xFF,
  0xC8,0x6D,0x0B,0xFF,0xA3,0x72,0x45,0xFF,0x62,0x65,0xC8,0xFF,
  0x59,0x63,0xE6,0xFF,0x5A,0x6D,0xF2,0xFF,0x5E,0x74,0xF8,0xFF,
  0x57,0x70,0xFC,0xFF,0x5E,0x72,0xE2,0xFF,0x8E,0x73,0x76,0xFF,
  0xB3,0x79,0x29,0xFF,0xBE,0x76,0x08,0xFF,0xBF,0x7A,0x1B,0xFF,
  0xCB,0x7F,0x23,0xFF,0xC9,0x7D,0x23,0xFF,0xC8,0x7E,0x25,0xFF,
  0xC5,0x77,0x1F,0xFF,0xCC,0x77,0x19,0xFF,0xCC,0x77,0x19,0xFF,
  0xC5,0x78,0x1F,0xFF,0xCE,0x7D,0x1E,0xFF,0xB0,0x61,0x19,0xFF,
  0x00,0x00,0x00,0x00,0x00,0x00,0x00,0x00,0x00,0x00,0x00,0x00,
  0x00,0x00,0x00,0x00,0x7F,0x00,0x00,0x02,0x7F,0x00,0x00,0x02,
  0x00,0x00,0x00,0x00,0x00,0x00,0x00,0x00,0x00,0x00,0x00,0x00,
  0x00,0x00,0x00,0x00,0x00,0x00,0x00,0x00,0x00,0x00,0x00,0x04,
  0xB5,0x63,0x16,0xC5,0xC5,0x6E,0x1D,0xCD,0xAA,0x63,0x1F,0xE5,
  0xD6,0x7A,0x29,0xFF,0xEE,0x8A,0x31,0xFF,0xE9,0x86,0x2F,0xFF,
  0xE9,0x85,0x2E,0xFF,0xE3,0x80,0x2C,0xFF,0xD9,0x79,0x2A,0xFD,
  0xDA,0x7B,0x2A,0xFE,0xDA,0x7B,0x2A,0xFD,0xD9,0x7A,0x29,0xFE,
  0xDB,0x7B,0x2A,0xFF,0xDB,0x7B,0x2A,0xFF,0xD8,0x77,0x26,0xFF,
  0xD8,0x77,0x26,0xFF,0xD8,0x77,0x26,0xFF,0xD8,0x77,0x26,0xFF,
  0xDB,0x7A,0x28,0xFF,0xD9,0x7B,0x2B,0xFF,0xD9,0x78,0x28,0xFF,
  0xDC,0x8E,0x3D,0xFF,0xDC,0x93,0x43,0xFF,0xDC,0x92,0x41,0xFF,
  0xDC,0x92,0x42,0xFF,0xDC,0x92,0x41,0xFF,0xDC,0x91,0x40,0xFF,
  0xDC,0x91,0x3F,0xFF,0xDC,0x92,0x41,0xFF,0xDC,0x92,0x43,0xFF,
  0xDC,0x91,0x40,0xFF,0xDB,0x8F,0x3D,0xFF,0xDB,0x8F,0x3D,0xFF,
  0xDB,0x8F,0x3D,0xFC,0xDB,0x90,0x3C,0xFB,0xDB,0x8F,0x3C,0xFB,
  0xDB,0x8F,0x3B,0xFB,0xDC,0x90,0x3B,0xFB,0xDF,0x93,0x3D,0xFB,
  0xD3,0x88,0x37,0xF8,0xD6,0x8C,0x39,0xD6,0xDD,0x8E,0x39,0xD2,
  0xDA,0x82,0x30,0xD1,0xE4,0x84,0x2D,0xFF,0xEB,0x88,0x2F,0xFF,
  0xE9,0x87,0x2F,0xFF,0xE8,0x87,0x2F,0xFF,0xDC,0x7F,0x2C,0xFE,
  0xDB,0x7E,0x2C,0xFE,0xDC,0x83,0x2D,0xFD,0xDE,0x85,0x30,0xFE,
  0xE2,0x86,0x32,0xFF,0xE2,0x86,0x32,0xFF,0xE2,0x86,0x32,0xFF,
  0xE1,0x88,0x34,0xFF,0xE1,0x88,0x35,0xFF,0xE1,0x87,0x33,0xFF,
  0xE2,0x88,0x34,0xFF,0xE0,0x95,0x3F,0xFF,0xE3,0x9C,0x47,0xFF,
  0xE3,0x9B,0x46,0xFF,0xE3,0x9B,0x45,0xFF,0xE3,0x9B,0x46,0xFF,
  0xE3,0x9C,0x48,0xFF,0xE3,0x9C,0x48,0xFF,0xE3,0x9C,0x48,0xFF,
  0xE3,0x9B,0x47,0xFF,0xDF,0x97,0x41,0xFF,0xDF,0x97,0x40,0xFF,
  0xDE,0x96,0x3E,0xFF,0xDC,0x95,0x3D,0xFE,0xDE,0x97,0x3E,0xFB,
  0xDD,0x96,0x3D,0xFB,0xE2,0x98,0x41,0xFF,0xEA,0x9D,0x43,0xFF,
  0xEB,0x9F,0x44,0xFF,0xE1,0x96,0x3B,0xFF,0xA0,0x5E,0x1E,0xBA,
  0x97,0x51,0x1D,0x45,0x7D,0x46,0x14,0x33,0x00,0x00,0x00,0x00,
  0x00,0x00,0x00,0x00,0x00,0x00,0x00,0x00,0x00,0x00,0x00,0x00,
  0x00,0x00,0x00,0x00,0x00,0x00,0x00,0x00,0x00,0x00,0x00,0x00,
  0x00,0x00,0x00,0x00,0x00,0x00,0x00,0x00,0x00,0x00,0x00,0x00,
  0x00,0x00,0x00,0x00,0x00,0x00,0x00,0x00,0x00,0x00,0x00,0x00,
  0x00,0x00,0x00,0x00,0x00,0x00,0x00,0x00,0x00,0x00,0x00,0x00,
  0x00,0x00,0x00,0x00,0x00,0x00,0x00,0x00,0x00,0x00,0x00,0x00,
  0x00,0x00,0x00,0x00,0x00,0x00,0x00,0x00,0x00,0x00,0x00,0x00,
  0x00,0x00,0x00,0x00,0x00,0x00,0x00,0x00,0x00,0x00,0x00,0x00,
  0x00,0x00,0x00,0x00,0x00,0x00,0x00,0x00,0x00,0x00,0x00,0x00,
  0x00,0x00,0x00,0x00,0x9B,0x5F,0x19,0x33,0x9E,0x60,0x21,0x3D,
  0x8F,0x53,0x1B,0x40,0x89,0x50,0x14,0x3F,0x99,0x57,0x1A,0x3A,
  0x9F,0x56,0x16,0x38,0xA3,0x5B,0x16,0x38,0xB2,0x62,0x1A,0x39,
  0x9F,0x56,0x16,0x38,0x9D,0x57,0x16,0xAA,0xC9,0x6E,0x1B,0xFF,
  0xBD,0x66,0x1E,0xFB,0xC6,0x6B,0x23,0xF7,0xD3,0x73,0x26,0xFB,
  0xD1,0x73,0x28,0xFB,0xD1,0x72,0x26,0xFB,0xD1,0x73,0x27,0xFC,
  0xD0,0x71,0x23,0xFD,0xCE,0x70,0x21,0xFE,0xD0,0x73,0x26,0xFF,
  0xD2,0x75,0x29,0xFF,0xD2,0x75,0x28,0xFF,0xD2,0x75,0x29,0xFF,
  0xD2,0x75,0x2A,0xFF,0xD2,0x76,0x29,0xFF,0xD2,0x75,0x27,0xFF,
  0xD1,0x74,0x28,0xFF,0xD3,0x76,0x29,0xFF,0xD3,0x75,0x28,0xFF,
  0xD4,0x79,0x2D,0xFF,0xCC,0x76,0x23,0xFF,0xBB,0x63,0x07,0xFF,
  0xB5,0x6B,0x07,0xFF,0xB5,0x6B,0x06,0xFF,0xB1,0x68,0x08,0xFF,
  0xAE,0x63,0x05,0xFF,0xA8,0x78,0x18,0xFF,0x9F,0x95,0x3D,0xFF,
  0xA1,0x8E,0x33,0xFF,0x9B,0x91,0x84,0xFF,0x97,0x95,0xC8,0xFF,
  0x99,0x93,0xBC,0xFF,0x9B,0x8F,0xB4,0xFF,0xA6,0x8E,0x9C,0xFF,
  0xB3,0xCD,0xEE,0xFF,0xAE,0xCD,0xFA,0xFF,0xAA,0xC9,0xF6,0xFF,
  0xA6,0xCD,0xFC,0xFF,0x92,0x99,0xDD,0xFF,0x89,0x84,0xD5,0xFF,
  0x8D,0x8D,0xDA,0xFF,0x90,0x8E,0xD9,0xFF,0x91,0x8D,0xD8,0xFF,
  0x87,0x9D,0xFA,0xFF,0x97,0x80,0x83,0xFF,0x9B,0x79,0x60,0xFF,
  0x90,0xA0,0xC7,0xFF,0xA9,0x74,0x33,0xFF,0xB9,0x6D,0x03,0xFF,
  0xA4,0x89,0x23,0xFF,0xA1,0x87,0x1F,0xFF,0xA8,0x79,0x18,0xFF,
  0xAC,0x6F,0x07,0xFF,0xB9,0x8C,0x5A,0xFF,0xC6,0xA1,0x9F,0xFF,
  0xC4,0x9C,0x95,0xFF,0xC3,0x98,0x93,0xFF,0xC9,0xB5,0xB7,0xFF,
  0xD6,0xD5,0xD6,0xFF,0xC9,0x86,0x50,0xFF,0xBA,0x5A,0x07,0xFF,
  0xCE,0xA8,0x8A,0xFF,0xDA,0xD8,0xE1,0xFF,0xE3,0xED,0xF5,0xFF,
  0xED,0xFE,0xFF,0xFF,0xEE,0xFB,0xFE,0xFF,0xF4,0xFF,0xFF,0xFF,
  0xD8,0xC9,0xBA,0xFF,0xCD,0x92,0x64,0xFF,0xCE,0x9E,0x79,0xFF,
  0xCE,0x9C,0x77,0xFF,0xCF,0x98,0x72,0xFF,0xE0,0xDF,0xDF,0xFF,
  0xE3,0xFA,0xFF,0xFF,0xCE,0x9E,0x66,0xFF,0xC6,0x89,0x47,0xFF,
  0xEC,0xF1,0xF3,0xFF,0xF2,0xF8,0xF9,0xFF,0xE7,0xE6,0xE7,0xFF,
  0xC1,0x7D,0x3E,0xFF,0xCA,0x93,0x69,0xFF,0xE7,0xED,0xF5,0xFF,
  0xE3,0xEB,0xF4,0xFF,0xD9,0xDA,0xDF,0xFF,0xAE,0x60,0x1D,0xFF,
  0xB7,0x60,0x13,0xFF,0xB7,0x68,0x25,0xFF,0xA1,0x63,0x4A,0xFF,
  0x73,0x5C,0xA1,0xFF,0x53,0x5D,0xE3,0xFF,0x57,0x60,0xEF,0xFF,
  0x56,0x5D,0xE8,0xFF,0x72,0x86,0xE7,0xFF,0x86,0xA1,0xE8,0xFF,
  0x53,0x67,0xF0,0xFF,0x51,0x68,0xF5,0xFF,0x4D,0x69,0xFF,0xFF,
  0x73,0x61,0xAA,0xFF,0xAF,0x6C,0x23,0xFF,0xC2,0x7D,0x12,0xFF,
  0xCA,0x7E,0x1B,0xFF,0xC9,0x7C,0x1E,0xFF,0xC7,0x7A,0x20,0xFF,
  0xC4,0x78,0x16,0xFF,0xAD,0x77,0x37,0xFF,0xAC,0x74,0x38,0xFF,
  0xBC,0x72,0x09,0xFF,0xBF,0x7A,0x11,0xFF,0xA5,0x60,0x0F,0xFF,
  0xBF,0x7F,0x00,0x04,0xFF,0x7F,0x3F,0x04,0xBF,0x7F,0x3F,0x04,
  0x01,0x01,0x00,0x00,0x00,0x00,0x00,0x00,0x00,0x00,0x00,0x00,
  0x3F,0x00,0x00,0x04,0x9B,0x55,0x15,0x48,0xAF,0x63,0x1D,0x4D,
  0xB2,0x63,0x1D,0x4D,0xAC,0x5F,0x1C,0x50,0xA1,0x5A,0x1A,0x68,
  0xDD,0x80,0x24,0xFF,0xEB,0x87,0x27,0xFF,0xE9,0x86,0x2D,0xFF,
  0xE0,0x81,0x2E,0xFC,0xDA,0x7D,0x2C,0xFC,0xDB,0x7F,0x2D,0xFC,
  0xDB,0x7F,0x2D,0xFC,0xDA,0x7E,0x2D,0xFE,0xDC,0x7F,0x2D,0xFF,
  0xDC,0x7F,0x2D,0xFF,0xDC,0x7F,0x2D,0xFF,0xDC,0x7E,0x2C,0xFF,
  0xDA,0x7A,0x28,0xFF,0xD9,0x79,0x28,0xFF,0xD8,0x77,0x26,0xFF,
  0xD8,0x77,0x26,0xFF,0xD8,0x77,0x26,0xFF,0xD8,0x77,0x26,0xFF,
  0xD9,0x78,0x27,0xFF,0xDA,0x7A,0x2A,0xFF,0xDB,0x82,0x31,0xFF,
  0xDC,0x8F,0x3E,0xFF,0xDC,0x93,0x42,0xFF,0xDC,0x92,0x42,0xFF,
  0xDC,0x92,0x41,0xFF,0xDC,0x92,0x40,0xFF,0xDC,0x92,0x3F,0xFF,
  0xDC,0x92,0x40,0xFF,0xDC,0x92,0x41,0xFF,0xDC,0x92,0x41,0xFF,
  0xDC,0x92,0x40,0xFF,0xDC,0x91,0x41,0xFF,0xDC,0x91,0x40,0xFF,
  0xDC,0x91,0x3E,0xFF,0xDC,0x91,0x3E,0xFF,0xDC,0x91,0x3E,0xFF,
  0xDB,0x90,0x3D,0xFF,0xDC,0x92,0x3E,0xFF,0xDB,0x92,0x3F,0xFF,
  0xDF,0x94,0x41,0xFF,0xE6,0x9A,0x41,0xFF,0xE7,0x93,0x3B,0xFF,
  0xEB,0x8D,0x35,0xFF,0xDD,0x85,0x2F,0xFD,0xDB,0x7F,0x2D,0xFC,
  0xDC,0x7E,0x2C,0xFC,0xDA,0x7D,0x2C,0xFD,0xDC,0x7F,0x2D,0xFF,
  0xDC,0x80,0x2D,0xFF,0xDC,0x81,0x2D,0xFF,0xDE,0x84,0x2F,0xFF,
  0xE2,0x86,0x32,0xFF,0xE2,0x86,0x32,0xFF,0xE2,0x86,0x32,0xFF,
  0xE0,0x87,0x33,0xFF,0xE0,0x87,0x33,0xFF,0xE2,0x87,0x34,0xFF,
  0xE2,0x85,0x31,0xFF,0xE0,0x93,0x3D,0xFF,0xE3,0x9C,0x46,0xFF,
  0xE3,0x9A,0x45,0xFF,0xE2,0x9A,0x45,0xFF,0xE2,0x9A,0x45,0xFF,
  0xE3,0x9B,0x47,0xFF,0xE3,0x9C,0x48,0xFF,0xE2,0x9A,0x45,0xFF,
  0xE0,0x98,0x43,0xFF,0xE0,0x98,0x42,0xFF,0xE0,0x98,0x41,0xFF,
  0xDF,0x97,0x3F,0xFF,0xDF,0x97,0x40,0xFF,0xE0,0x98,0x41,0xFF,
  0xE0,0x98,0x42,0xFF,0xDF,0x97,0x42,0xFE,0xE2,0x9A,0x43,0xFB,
  0xE1,0x99,0x43,0xFB,0xE3,0x9B,0x43,0xFB,0xE7,0x9C,0x43,0xFF,
  0xDC,0x96,0x40,0xFF,0xD2,0x8E,0x3B,0xFF,0xA7,0x63,0x24,0x92,
  0xBC,0x70,0x2B,0x4D,0xBC,0x7A,0x28,0x51,0xA1,0x65,0x1E,0x44,
  0x7F,0x55,0x2A,0x06,0xFF,0xFF,0x7F,0x02,0xFF,0xAA,0x55,0x03,
  0xFF,0xAA,0x55,0x03,0xBF,0x7F,0x3F,0x04,0x7F,0x3F,0x00,0x04,
  0x7F,0x00,0x00,0x02,0x00,0x00,0x00,0x00,0x00,0x00,0x00,0x00,
  0x00,0x00,0x00,0x00,0x00,0x00,0x00,0x00,0x00,0x00,0x00,0x00,
  0x00,0x00,0x00,0x00,0x00,0x00,0x00,0x00,0x00,0x00,0x00,0x00,
  0x00,0x00,0x00,0x00,0x00,0x00,0x00,0x00,0xFF,0xFF,0x00,0x01,
  0xFF,0xFF,0x00,0x01,0xFF,0xAA,0x00,0x03,0xFF,0x7F,0x00,0x02,
  0x9F,0x4F,0x15,0x30,0xD5,0x74,0x1D,0x4F,0xC3,0x6B,0x22,0x51,
  0xA8,0x59,0x1A,0x8E,0xCD,0x7D,0x27,0xFF,0xD7,0x86,0x2C,0xFF,
  0xD2,0x83,0x2D,0xFF,0xCF,0x7E,0x2C,0xFF,0xCF,0x7E,0x2C,0xFF,
  0xD2,0x7E,0x2B,0xFF,0xD2,0x76,0x1E,0xFF,0xD3,0x74,0x1F,0xFF,
  0xCF,0x71,0x21,0xFF,0xD3,0x73,0x20,0xFF,0xD4,0x73,0x22,0xFF,
  0xD3,0x73,0x25,0xFF,0xD2,0x73,0x26,0xFF,0xCE,0x72,0x27,0xFF,
  0xCF,0x73,0x27,0xFF,0xD0,0x73,0x29,0xFF,0xD0,0x73,0x27,0xFF,
  0xCD,0x6F,0x21,0xFF,0xCE,0x70,0x1F,0xFF,0xCF,0x70,0x21,0xFF,
  0xD1,0x73,0x26,0xFF,0xCF,0x72,0x22,0xFF,0xCD,0x70,0x20,0xFF,
  0xCF,0x72,0x23,0xFF,0xD0,0x71,0x24,0xFF,0xC8,0x6A,0x1C,0xFF,
  0xC5,0x69,0x19,0xFF,0xC0,0x67,0x14,0xFF,0xBC,0x67,0x11,0xFF,
  0xBE,0x6A,0x12,0xFF,0xBB,0x70,0x15,0xFF,0xB4,0x73,0x13,0xFF,
  0xB4,0x76,0x12,0xFF,0xB0,0x76,0x13,0xFF,0xAD,0x74,0x12,0xFF,
  0xA9,0x71,0x11,0xFF,0xA3,0x8A,0x2B,0xFF,0xA2,0x86,0x27,0xFF,
  0xA5,0x82,0x1D,0xFF,0x9E,0x8D,0x58,0xFF,0x98,0x8F,0x99,0xFF,
  0x9D,0x88,0x88,0xFF,0xA2,0x85,0x7E,0xFF,0xA5,0x8D,0x7F,0xFF,
  0xAB,0xC3,0xD1,0xFF,0xAA,0xC9,0xDE,0xFF,0xA7,0xC4,0xDA,0xFF,
  0xA6,0xC8,0xDB,0xFF,0x9B,0xA8,0xBD,0xFF,0x97,0x95,0xBA,0xFF,
  0x96,0x96,0xC0,0xFF,0x96,0x95,0xC1,0xFF,0x97,0x93,0xBF,0xFF,
  0x8F,0x9B,0xD0,0xFF,0x9C,0x92,0x83,0xFF,0xA1,0x8C,0x57,0xFF,
  0x98,0x93,0x90,0xFF,0xA8,0x6E,0x2A,0xFF,0xAF,0x64,0x05,0xFF,
  0xA7,0x69,0x11,0xFF,0xA7,0x5D,0x0A,0xFF,0xAD,0x55,0x04,0xFF,
  0xAE,0x55,0x00,0xFF,0xB9,0x7F,0x52,0xFF,0xC4,0x9C,0x9B,0xFF,
  0xC3,0x9A,0x94,0xFF,0xC2,0x96,0x8F,0xFF,0xCA,0xB6,0xB8,0xFF,
  0xD5,0xD8,0xDE,0xFF,0xD0,0xC4,0xBB,0xFF,0xCD,0xB8,0xA9,0xFF,
  0xD4,0xC9,0xC8,0xFF,0xD4,0xCF,0xD7,0xFF,0xE0,0xE9,0xF1,0xFF,
  0xEA,0xF6,0xFC,0xFF,0xEE,0xF6,0xFB,0xFF,0xE7,0xF5,0xFC,0xFF,
  0xD5,0xDF,0xE4,0xFF,0xCF,0xC8,0xC4,0xFF,0xCD,0xCB,0xCB,0xFF,
  0xC9,0xC9,0xCA,0xFF,0xCD,0xC2,0xBF,0xFF,0xDC,0xE7,0xEF,0xFF,
  0xDB,0xEA,0xF7,0xFF,0xD6,0xE0,0xE5,0xFF,0xD2,0xDA,0xDC,0xFF,
  0xDD,0xEE,0xF7,0xFF,0xE0,0xF1,0xF9,0xFF,0xDE,0xF0,0xF8,0xFF,
  0xD1,0xCE,0xC7,0xFF,0xD5,0xD3,0xD0,0xFF,0xE3,0xEC,0xF4,0xFF,
  0xE6,0xF0,0xF7,0xFF,0xD8,0xDC,0xE1,0xFF,0xA9,0x62,0x28,0xFF,
  0xA9,0x60,0x23,0xFF,0x8F,0x5D,0x54,0xFF,0x73,0x6E,0xC2,0xFF,
  0x88,0x9C,0xF3,0xFF,0x91,0x9D,0xEB,0xFF,0x8A,0x98,0xEC,0xFF,
  0x87,0x99,0xF3,0xFF,0x94,0xA5,0xED,0xFF,0x98,0xA9,0xEC,0xFF,
  0x89,0x9B,0xF3,0xFF,0x82,0x92,0xEC,0xFF,0x7F,0x8F,0xE9,0xFF,
  0x84,0x9F,0xFF,0xFF,0x93,0x86,0xA9,0xFF,0xAD,0x61,0x03,0xFF,
  0xAC,0x64,0x0D,0xFF,0xB0,0x67,0x11,0xFF,0xB8,0x67,0x0D,0xFF,
  0x93,0x72,0x61,0xFF,0x71,0x7A,0xCA,0xFF,0x79,0x7C,0xC4,0xFF,
  0xA2,0x62,0x23,0xFF,0xAF,0x62,0x05,0xFF,0x8F,0x4E,0x0C,0xFF,
  0x00,0x00,0x00,0x00,0x00,0x00,0x00,0x00,0x00,0x00,0x00,0x00,
  0x00,0x00,0x00,0x00,0x55,0x26,0x00,0x21,0x5F,0x37,0x07,0x20,
  0x54,0x27,0x07,0x61,0xCF,0x75,0x22,0xFF,0xE6,0x86,0x2E,0xFF,
  0xE2,0x82,0x2E,0xFF,0xE4,0x84,0x2E,0xFF,0xE3,0x83,0x2E,0xFF,
  0xDB,0x7D,0x2B,0xFD,0xDA,0x7E,0x2C,0xFC,0xD9,0x7D,0x2D,0xFE,
  0xDB,0x7F,0x2D,0xFF,0xDC,0x7F,0x2D,0xFF,0xDC,0x7F,0x2D,0xFF,
  0xDC,0x7E,0x2C,0xFF,0xDC,0x7E,0x2C,0xFF,0xDA,0x7D,0x2D,0xFF,
  0xDA,0x7D,0x2A,0xFF,0xDB,0x80,0x2D,0xFF,0xDD,0x84,0x31,0xFF,
  0xD9,0x79,0x28,0xFF,0xD9,0x77,0x26,0xFF,0xD9,0x77,0x27,0xFF,
  0xD8,0x77,0x27,0xFF,0xD8,0x77,0x26,0xFF,0xD8,0x77,0x26,0xFF,
  0xD8,0x77,0x25,0xFF,0xD9,0x7A,0x28,0xFF,0xDB,0x8E,0x3C,0xFF,
  0xDB,0x90,0x3E,0xFF,0xDB,0x8F,0x3B,0xFF,0xDB,0x8F,0x3C,0xFF,
  0xDC,0x92,0x3F,0xFF,0xDB,0x90,0x3D,0xFF,0xDB,0x90,0x3D,0xFF,
  0xDC,0x91,0x3F,0xFF,0xDC,0x92,0x41,0xFF,0xDC,0x92,0x40,0xFF,
  0xDC,0x92,0x41,0xFF,0xDC,0x92,0x42,0xFF,0xDC,0x92,0x40,0xFF,
  0xDC,0x91,0x3D,0xFF,0xDC,0x91,0x3E,0xFF,0xDC,0x91,0x3E,0xFF,
  0xDC,0x92,0x3F,0xFF,0xDC,0x92,0x3E,0xFF,0xDC,0x92,0x3E,0xFF,
  0xDB,0x91,0x3F,0xFF,0xDB,0x92,0x3E,0xFD,0xDA,0x8C,0x35,0xFD,
  0xDD,0x88,0x35,0xFD,0xDD,0x86,0x35,0xFF,0xDF,0x88,0x35,0xFF,
  0xDE,0x86,0x33,0xFF,0xDC,0x81,0x2E,0xFF,0xDD,0x81,0x2E,0xFF,
  0xDD,0x81,0x2E,0xFF,0xDC,0x80,0x2D,0xFF,0xDC,0x7F,0x2C,0xFF,
  0xDF,0x85,0x2F,0xFF,0xE1,0x87,0x32,0xFF,0xE3,0x87,0x34,0xFF,
  0xE0,0x84,0x30,0xFF,0xDF,0x83,0x2E,0xFF,0xE2,0x86,0x32,0xFF,
  0xE2,0x8A,0x35,0xFF,0xE2,0x99,0x44,0xFF,0xE2,0x9A,0x44,0xFF,
  0xE2,0x9A,0x44,0xFF,0xE2,0x9A,0x45,0xFF,0xE2,0x9A,0x45,0xFF,
  0xE2,0x9A,0x45,0xFF,0xE3,0x9C,0x48,0xFF,0xE3,0x9B,0x47,0xFF,
  0xE1,0x99,0x43,0xFF,0xE1,0x99,0x43,0xFF,0xE2,0x99,0x43,0xFF,
  0xE2,0x9A,0x44,0xFF,0xE0,0x9A,0x44,0xFF,0xE2,0x9A,0x45,0xFF,
  0xE3,0x9B,0x45,0xFF,0xE0,0x98,0x42,0xFF,0xE1,0x99,0x43,0xFF,
  0xE0,0x98,0x42,0xFF,0xDF,0x98,0x42,0xFF,0xE0,0x98,0x42,0xFD,
  0xE3,0x9A,0x43,0xFD,0xE4,0x9A,0x43,0xFF,0xEA,0x9D,0x44,0xFF,
  0xE8,0x9B,0x44,0xFF,0xF4,0xA8,0x49,0xFF,0xB7,0x76,0x30,0xFF,
  0x00,0x00,0x00,0x1D,0x00,0x00,0x00,0x00,0x00,0x00,0x00,0x00,
  0x00,0x00,0x00,0x00,0x00,0x00,0x00,0x00,0x00,0x00,0x00,0x00,
  0x00,0x01,0x01,0x00,0x7F,0x7F,0x00,0x02,0x00,0x00,0x00,0x00,
  0x00,0x00,0x00,0x00,0x00,0x00,0x00,0x00,0x00,0x00,0x00,0x00,
  0x00,0x00,0x00,0x00,0xFF,0x00,0x00,0x01,0xBF,0x7F,0x3F,0x04,
  0xBF,0x3F,0x00,0x04,0xBF,0x7F,0x00,0x04,0x00,0x00,0x00,0x00,
  0x00,0x00,0x00,0x00,0x00,0x00,0x00,0x00,0x00,0x00,0x00,0x00,
  0xB8,0x62,0x1B,0xA0,0xEB,0x82,0x27,0xFF,0xD7,0x79,0x25,0xFF,
  0xDF,0x7F,0x28,0xFF,0xD8,0x7F,0x2D,0xFF,0xD4,0x7E,0x2D,0xFD,
  0xD6,0x83,0x2E,0xFD,0xD4,0x7E,0x2F,0xFD,0xD0,0x7E,0x2D,0xFD,
  0xD3,0x77,0x28,0xFD,0xD1,0x71,0x1F,0xFD,0xD0,0x6F,0x1F,0xFD,
  0xD0,0x70,0x20,0xFD,0xCF,0x6F,0x20,0xFD,0xCD,0x6F,0x20,0xFF,
  0xCB,0x6E,0x22,0xFE,0xCB,0x6E,0x20,0xFF,0xCF,0x72,0x24,0xFF,
  0xD1,0x75,0x2A,0xFF,0xD1,0x75,0x29,0xFF,0xCC,0x6E,0x1F,0xFF,
  0xCB,0x6E,0x21,0xFF,0xCD,0x70,0x22,0xFF,0xCA,0x6D,0x1E,0xFF,
  0xC5,0x68,0x19,0xFF,0xC7,0x6D,0x18,0xFF,0xC5,0x6A,0x18,0xFF,
  0xC6,0x68,0x1A,0xFF,0xC9,0x6D,0x1C,0xFF,0xC7,0x6C,0x18,0xFF,
  0xBA,0x65,0x0E,0xFF,0xAE,0x66,0x09,0xFF,0xAD,0x69,0x0B,0xFF,
  0xAD,0x5E,0x01,0xFF,0xA5,0x86,0x28,0xFF,0x90,0xBB,0x63,0xFF,
  0x94,0xB8,0x5F,0xFF,0x90,0xBE,0x66,0xFF,0x92,0xBF,0x67,0xFF,
  0x8D,0xBC,0x64,0xFF,0x8C,0xB9,0x60,0xFF,0x8B,0xB8,0x5D,0xFF,
  0x8D,0xB8,0x5D,0xFF,0x8D,0xB9,0x5C,0xFF,0x8B,0xB8,0x5D,0xFF,
  0x8A,0xB7,0x5F,0xFF,0x89,0xB9,0x63,0xFF,0x8C,0xBA,0x68,0xFF,
  0x8F,0xB8,0x66,0xFF,0x98,0xAF,0x55,0xFF,0x99,0xB0,0x57,0xFF,
  0x97,0xB0,0x56,0xFF,0x98,0xB1,0x53,0xFF,0x9B,0xB3,0x57,0xFF,
  0x9C,0xB2,0x5C,0xFF,0x9C,0xAC,0x5C,0xFF,0x9E,0xA5,0x58,0xFF,
  0x9E,0x9E,0x40,0xFF,0x9C,0x9E,0x38,0xFF,0x9C,0x94,0x33,0xFF,
  0x9E,0x8F,0x43,0xFF,0x99,0x7F,0x4C,0xFF,0xA4,0x5C,0x0F,0xFF,
  0xA3,0x4B,0x00,0xFF,0xA4,0x52,0x05,0xFF,0xB2,0x61,0x19,0xFF,
  0xB4,0x5E,0x09,0xFF,0xB9,0x81,0x55,0xFF,0xC2,0x9A,0x96,0xFF,
  0xC2,0x96,0x8D,0xFF,0xC0,0x94,0x8A,0xFF,0xCA,0xB9,0xBC,0xFF,
  0xD7,0xE2,0xEF,0xFF,0xC7,0x91,0x66,0xFF,0xBC,0x5E,0x0B,0xFF,
  0xD3,0xB0,0x93,0xFF,0xDC,0xD8,0xDE,0xFF,0xEA,0xEE,0xEF,0xFF,
  0xF0,0xFB,0xFD,0xFF,0xD5,0xE1,0xEE,0xFF,0xCF,0xE8,0xFC,0xFF,
  0xC7,0xC0,0xB8,0xFF,0xBC,0x81,0x62,0xFF,0xC2,0x8E,0x74,0xFF,
  0xBD,0x8C,0x6E,0xFF,0xB3,0x7D,0x60,0xFF,0xD7,0xDD,0xE2,0xFF,
  0xDE,0xEF,0xFD,0xFF,0xC2,0xA8,0x92,0xFF,0xB0,0x74,0x3F,0xFF,
  0xDB,0xD5,0xCB,0xFF,0xE5,0xF3,0xFD,0xFF,0xD5,0xE1,0xE1,0xFF,
  0xAB,0x77,0x46,0xFF,0xBC,0x82,0x5D,0xFF,0xE5,0xE6,0xE8,0xFF,
  0xEE,0xF4,0xF6,0xFF,0xDB,0xDE,0xDF,0xFF,0xAB,0x63,0x26,0xFF,
  0xB5,0x61,0x1B,0xFF,0xAD,0x52,0x05,0xFF,0xB7,0x9C,0x84,0xFF,
  0xE8,0xFF,0xFC,0xFF,0xD6,0xCA,0xBA,0xFF,0xB0,0x7C,0x49,0xFF,
  0xDA,0xD5,0xC7,0xFF,0xF8,0xFE,0xF9,0xFF,0xF7,0xFD,0xFB,0xFF,
  0xC4,0xA0,0x71,0xFF,0xB9,0x8E,0x55,0xFF,0xF4,0xF7,0xF1,0xFF,
  0xF7,0xFF,0xFB,0xFF,0xC4,0xB0,0x94,0xFF,0x9B,0x4A,0x01,0xFF,
  0xA0,0x58,0x0F,0xFF,0x9E,0x55,0x11,0xFF,0xA4,0x5C,0x0D,0xFF,
  0x81,0x73,0x94,0xFF,0x80,0x80,0xCA,0xFF,0x7F,0x84,0xD7,0xFF,
  0x91,0x6A,0x71,0xFF,0xA8,0x50,0x00,0xFF,0x81,0x40,0x0D,0xFD,
  0xAC,0x5D,0x18,0x7E,0xD8,0x7D,0x28,0x7E,0xC3,0x71,0x27,0x7C,
  0xC5,0x71,0x27,0xC8,0xCA,0x71,0x24,0xFB,0xC7,0x70,0x24,0xFB,
  0xC4,0x6F,0x26,0xFC,0xD9,0x7B,0x29,0xFC,0xDA,0x7C,0x2C,0xFC,
  0xDB,0x7C,0x2C,0xFC,0xDB,0x7E,0x2D,0xFC,0xDD,0x7F,0x2D,0xFC,
  0xDC,0x7F,0x2D,0xFF,0xDC,0x7F,0x2D,0xFF,0xDC,0x7F,0x2D,0xFF,
  0xDC,0x7F,0x2D,0xFF,0xDC,0x7E,0x2C,0xFF,0xDB,0x81,0x2F,0xFF,
  0xD7,0x83,0x2F,0xFF,0xD6,0x84,0x2E,0xFF,0xD5,0x80,0x27,0xFF,
  0xD5,0x79,0x21,0xFF,0xD7,0x7A,0x24,0xFF,0xD8,0x79,0x26,0xFF,
  0xD7,0x77,0x24,0xFF,0xD7,0x78,0x25,0xFF,0xD7,0x77,0x25,0xFF,
  0xD8,0x78,0x26,0xFF,0xD8,0x77,0x26,0xFF,0xD8,0x77,0x26,0xFF,
  0xD8,0x77,0x26,0xFF,0xD9,0x79,0x27,0xFF,0xDB,0x8D,0x3B,0xFF,
  0xDC,0x91,0x3F,0xFF,0xDC,0x8E,0x3C,0xFF,0xDC,0x8F,0x3D,0xFF,
  0xDB,0x90,0x3E,0xFF,0xDB,0x8F,0x3D,0xFF,0xDB,0x8F,0x3D,0xFF,
  0xDC,0x90,0x3F,0xFF,0xDB,0x90,0x3E,0xFF,0xDB,0x8F,0x3D,0xFF,
  0xDB,0x91,0x3E,0xFF,0xDC,0x92,0x41,0xFF,0xDC,0x92,0x3E,0xFF,
  0xDC,0x92,0x3E,0xFF,0xDC,0x91,0x3E,0xFF,0xDC,0x92,0x3E,0xFF,
  0xDC,0x92,0x40,0xFF,0xDC,0x92,0x40,0xFF,0xDC,0x92,0x3E,0xFF,
  0xDC,0x92,0x3E,0xFF,0xDB,0x91,0x3D,0xFF,0xDB,0x8E,0x3B,0xFF,
  0xDB,0x8E,0x3B,0xFF,0xDC,0x8B,0x37,0xFF,0xDD,0x89,0x36,0xFF,
  0xDC,0x87,0x36,0xFF,0xDD,0x87,0x35,0xFF,0xE0,0x88,0x36,0xFF,
  0xDE,0x87,0x34,0xFF,0xDD,0x87,0x34,0xFF,0xDE,0x84,0x2E,0xFF,
  0xDF,0x85,0x2F,0xFF,0xE1,0x87,0x34,0xFF,0xE0,0x85,0x2E,0xFF,
  0xDF,0x83,0x2C,0xFF,0xDF,0x84,0x2C,0xFF,0xDF,0x85,0x2F,0xFF,
  0xDE,0x88,0x32,0xFF,0xE2,0x9A,0x45,0xFF,0xE3,0x9D,0x48,0xFF,
  0xE4,0x9C,0x47,0xFF,0xE3,0x9B,0x46,0xFF,0xE2,0x9B,0x45,0xFF,
  0xE0,0x98,0x42,0xFF,0xE1,0x99,0x43,0xFF,0xE0,0x98,0x42,0xFF,
  0xE0,0x98,0x42,0xFF,0xE1,0x99,0x43,0xFF,0xE0,0x9A,0x44,0xFF,
  0xDE,0x9E,0x46,0xFF,0xE1,0x9C,0x47,0xFF,0xE3,0x9B,0x45,0xFF,
  0xE2,0x9A,0x44,0xFF,0xE1,0x99,0x43,0xFF,0xE1,0x99,0x43,0xFF,
  0xE0,0x98,0x42,0xFF,0xE0,0x98,0x42,0xFF,0xDF,0x98,0x42,0xFF,
  0xDE,0x9A,0x43,0xFF,0xDE,0x9A,0x44,0xFF,0xDF,0x9C,0x44,0xFC,
  0xDD,0x9D,0x45,0xFC,0xE2,0x9F,0x46,0xFC,0xCC,0x89,0x39,0xFD,
  0xA7,0x69,0x27,0xD4,0xB6,0x76,0x2D,0xB7,0xBC,0x7B,0x31,0xA9,
  0xC3,0x82,0x33,0x9E,0xCA,0x86,0x34,0x87,0x6D,0x2F,0x07,0x6B,
  0x31,0x00,0x00,0x24,0x00,0x00,0x00,0x00,0xFF,0x7F,0x3F,0x04,
  0xBF,0x7F,0x3F,0x04,0xFF,0xAA,0x55,0x03,0xFF,0xAA,0x55,0x03,
  0xBF,0x7F,0x3F,0x04,0x00,0x00,0x00,0x00,0x00,0x00,0x00,0x00,
  0x00,0x00,0x00,0x00,0x00,0x00,0x00,0x00,0xC1,0x6E,0x1F,0x91,
  0xE4,0x82,0x2C,0xC8,0xD2,0x77,0x2A,0xC5,0xCA,0x73,0x27,0xC7,
  0xCD,0x72,0x26,0xE7,0xD5,0x76,0x29,0xFC,0xD2,0x74,0x27,0xFB,
  0xD1,0x74,0x28,0xFB,0xCF,0x7B,0x2B,0xFF,0xD0,0x7D,0x2F,0xFF,
  0xD0,0x7A,0x29,0xFF,0xCE,0x76,0x22,0xFF,0xCE,0x76,0x22,0xFF,
  0xCF,0x70,0x1E,0xFF,0xCF,0x6F,0x1F,0xFF,0xCF,0x71,0x22,0xFF,
  0xCF,0x70,0x21,0xFF,0xCF,0x70,0x21,0xFF,0xD0,0x71,0x22,0xFF,
  0xCF,0x70,0x20,0xFF,0xCF,0x70,0x20,0xFF,0xD0,0x72,0x26,0xFF,
  0xD2,0x76,0x2C,0xFF,0xD1,0x74,0x28,0xFF,0xCD,0x6F,0x21,0xFF,
  0xCC,0x6F,0x22,0xFF,0xCD,0x70,0x23,0xFF,0xCC,0x6F,0x22,0xFF,
  0xC6,0x69,0x19,0xFF,0xC5,0x68,0x19,0xFF,0xC5,0x67,0x19,0xFF,
  0xC5,0x68,0x18,0xFF,0xC8,0x6F,0x18,0xFF,0xCA,0x72,0x1A,0xFF,
  0xC0,0x6A,0x0B,0xFF,0xB4,0x67,0x00,0xFF,0xAF,0x69,0x01,0xFF,
  0xAA,0x78,0x12,0xFF,0x9F,0x95,0x2B,0xFF,0x91,0xAC,0x45,0xFF,
  0x90,0xA8,0x42,0xFF,0x90,0xA5,0x3E,0xFF,0x95,0x9D,0x35,0xFF,
  0x91,0xAE,0x4B,0xFF,0x8E,0xBE,0x5E,0xFF,0x90,0xBE,0x63,0xFF,
  0x8E,0xBF,0x65,0xFF,0x8F,0xBD,0x66,0xFF,0x96,0xB1,0x58,0xFF,
  0x95,0xB2,0x5A,0xFF,0x8E,0xB8,0x64,0xFF,0x96,0xAC,0x51,0xFF,
  0x97,0xAA,0x50,0xFF,0x97,0xAA,0x4A,0xFF,0x97,0xA9,0x48,0xFF,
  0x92,0xAE,0x4E,0xFF,0x96,0xA4,0x44,0xFF,0xA9,0x85,0x1F,0xFF,
  0xA7,0x89,0x23,0xFF,0xA6,0x88,0x1F,0xFF,0xA9,0x8B,0x29,0xFF,
  0xB4,0xBB,0x97,0xFF,0xAE,0xBB,0xAD,0xFF,0xA3,0xA0,0x88,0xFF,
  0xA3,0x6B,0x12,0xFF,0xA4,0x65,0x23,0xFF,0x9A,0x6E,0x77,0xFF,
  0x9B,0x71,0x78,0xFF,0xAB,0x62,0x2E,0xFF,0xBE,0x60,0x14,0xFF,
  0xBE,0x5C,0x05,0xFF,0xC2,0x84,0x5A,0xFF,0xC3,0x9F,0x9B,0xFF,
  0xC2,0x96,0x8E,0xFF,0xC1,0x91,0x8A,0xFF,0xCE,0xC1,0xCA,0xFF,
  0xD9,0xE2,0xF8,0xFF,0xD4,0xB2,0xA2,0xFF,0xCB,0x9B,0x71,0xFF,
  0xD4,0xC7,0xBF,0xFF,0xDC,0xDC,0xE8,0xFF,0xF0,0xF5,0xFE,0xFF,
  0xF2,0xFB,0xFF,0xFF,0xD5,0xDF,0xF3,0xFF,0xD2,0xEF,0xFF,0xFF,
  0xC9,0xBA,0xB6,0xFF,0xBB,0x73,0x4D,0xFF,0xBE,0x7D,0x5E,0xFF,
  0xBD,0x74,0x52,0xFF,0xB9,0x78,0x5A,0xFF,0xDB,0xE0,0xEA,0xFF,
  0xE2,0xF2,0xFF,0xFF,0xC7,0xB5,0xA7,0xFF,0xB8,0x89,0x5D,0xFF,
  0xE3,0xE0,0xDF,0xFF,0xEF,0xF6,0xFF,0xFF,0xD7,0xDE,0xE3,0xFF,
  0xAA,0x69,0x2A,0xFF,0xBD,0x77,0x45,0xFF,0xEA,0xE5,0xE8,0xFF,
  0xF2,0xF6,0xFD,0xFF,0xD8,0xE3,0xEF,0xFF,0xAD,0x60,0x27,0xFF,
  0xB7,0x59,0x12,0xFF,0xAC,0x4A,0x02,0xFF,0xBF,0x9E,0x8A,0xFF,
  0xDD,0xF0,0xFF,0xFF,0xD2,0xD8,0xE0,0xFF,0xC7,0xC4,0xB7,0xFF,
  0xDC,0xE7,0xEE,0xFF,0xEF,0xF5,0xFF,0xFF,0xF0,0xF8,0xFF,0xFF,
  0xD9,0xD3,0xD3,0xFF,0xD1,0xCE,0xCB,0xFF,0xEC,0xF0,0xFB,0xFF,
  0xED,0xFB,0xFF,0xFF,0xC6,0xA7,0x8C,0xFF,0x9F,0x4A,0x00,0xFF,
  0xA4,0x57,0x0F,0xFF,0xA2,0x54,0x15,0xFF,0xA4,0x5A,0x13,0xFF,
  0x8A,0x75,0x79,0xFF,0x89,0x7A,0xB7,0xFF,0x8C,0x89,0xBD,0xFF,
  0xA2,0x76,0x5E,0xFF,0xAE,0x66,0x19,0xFF,0x85,0x50,0x1E,0xF9,
  0xBC,0x68,0x1D,0xFF,0xF5,0x90,0x32,0xFF,0xE8,0x87,0x2F,0xFF,
  0xE6,0x84,0x2F,0xFF,0xE0,0x80,0x2E,0xFF,0xDE,0x7E,0x2C,0xFF,
  0xDE,0x7E,0x2C,0xFF,0xD8,0x7B,0x2C,0xFF,0xD7,0x7B,0x2B,0xFF,
  0xD8,0x7B,0x2B,0xFF,0xD7,0x7B,0x2B,0xFF,0xD7,0x7E,0x2B,0xFF,
  0xDA,0x7F,0x2C,0xFF,0xDC,0x80,0x2D,0xFF,0xDA,0x82,0x2D,0xFF,
  0xDA,0x84,0x2E,0xFF,0xD9,0x84,0x2D,0xFF,0xD7,0x88,0x32,0xFF,
  0xD5,0x89,0x33,0xFF,0xD0,0x8B,0x31,0xFF,0xCC,0x8C,0x2C,0xFF,
  0xCA,0x8B,0x2A,0xFF,0xCC,0x88,0x29,0xFF,0xD2,0x78,0x1F,0xFF,
  0xD2,0x74,0x1E,0xFF,0xD4,0x73,0x20,0xFF,0xD4,0x72,0x1E,0xFF,
  0xD4,0x72,0x1D,0xFF,0xDA,0x79,0x26,0xFF,0xD9,0x79,0x27,0xFF,
  0xD8,0x78,0x26,0xFF,0xD7,0x7B,0x25,0xFF,0xD4,0x7F,0x29,0xFF,
  0xD4,0x82,0x2B,0xFF,0xD0,0x91,0x35,0xFF,0xD4,0x8A,0x31,0xFF,
  0xDB,0x8D,0x39,0xFF,0xDB,0x90,0x3E,0xFF,0xDB,0x8F,0x3C,0xFF,
  0xDB,0x8F,0x3D,0xFF,0xDB,0x8F,0x3D,0xFF,0xDB,0x8F,0x3D,0xFF,
  0xDB,0x8F,0x3C,0xFF,0xDB,0x8F,0x3C,0xFF,0xDB,0x90,0x3D,0xFF,
  0xDC,0x91,0x3E,0xFF,0xDC,0x91,0x3D,0xFF,0xDC,0x91,0x3D,0xFF,
  0xDB,0x8E,0x3B,0xFF,0xDB,0x90,0x3B,0xFF,0xDC,0x92,0x40,0xFF,
  0xDC,0x92,0x3F,0xFF,0xDB,0x8F,0x3C,0xFF,0xDB,0x8E,0x3A,0xFF,
  0xDB,0x8E,0x3A,0xFF,0xDB,0x8E,0x3B,0xFF,0xDB,0x8D,0x39,0xFF,
  0xDC,0x87,0x34,0xFF,0xDE,0x88,0x36,0xFF,0xDE,0x89,0x36,0xFF,
  0xDF,0x89,0x36,0xFF,0xE0,0x89,0x36,0xFF,0xE0,0x89,0x37,0xFF,
  0xDF,0x89,0x36,0xFF,0xE0,0x89,0x37,0xFF,0xDF,0x85,0x2F,0xFF,
  0xDE,0x83,0x2B,0xFF,0xDD,0x84,0x2D,0xFF,0xDD,0x84,0x2C,0xFF,
  0xDD,0x86,0x2F,0xFF,0xDE,0x8B,0x36,0xFF,0xE0,0x8C,0x36,0xFF,
  0xE0,0x8D,0x36,0xFF,0xDF,0x89,0x34,0xFF,0xE1,0x8D,0x39,0xFF,
  0xDF,0x99,0x41,0xFF,0xDF,0x97,0x41,0xFF,0xE0,0x97,0x41,0xFF,
  0xE1,0x98,0x43,0xFF,0xDE,0x9B,0x44,0xFF,0xDD,0x9D,0x45,0xFF,
  0xDD,0x9E,0x46,0xFF,0xDE,0x9C,0x44,0xFF,0xE2,0x99,0x43,0xFF,
  0xE1,0x9A,0x44,0xFF,0xE2,0x9A,0x44,0xFF,0xE1,0x9B,0x45,0xFF,
  0xDF,0x9C,0x45,0xFF,0xDE,0x9C,0x45,0xFF,0xDD,0x9F,0x47,0xFF,
  0xDD,0xA0,0x48,0xFF,0xDD,0xA0,0x48,0xFF,0xDD,0xA0,0x48,0xFF,
  0xDD,0xA1,0x49,0xFF,0xDC,0xA0,0x48,0xFF,0xDF,0x9F,0x45,0xFF,
  0xEA,0xA0,0x41,0xFF,0xEB,0x9F,0x42,0xFF,0xEB,0x9E,0x42,0xFF,
  0xEC,0xA1,0x42,0xFF,0xE8,0x9E,0x41,0xFF,0xAC,0x65,0x22,0xFF,
  0x9F,0x5B,0x1C,0xA1,0x7F,0x3F,0x0B,0x2C,0x00,0x00,0x00,0x00,
  0x00,0x00,0x00,0x00,0x00,0x00,0x00,0x00,0x00,0x00,0x00,0x00,
  0x00,0x00,0x00,0x00,0x7F,0x46,0x0E,0x12,0xC8,0x6D,0x1C,0x62,
  0xA7,0x5C,0x16,0x92,0xA3,0x57,0x17,0x83,0xCE,0x74,0x23,0xEC,
  0xED,0x89,0x2F,0xFF,0xE0,0x80,0x2E,0xFF,0xE2,0x7E,0x2A,0xFF,
  0xD7,0x78,0x29,0xFF,0xD0,0x74,0x29,0xFF,0xD1,0x75,0x29,0xFF,
  0xD4,0x76,0x2A,0xFF,0xD0,0x7D,0x23,0xFF,0xCD,0x79,0x20,0xFF,
  0xCC,0x71,0x1B,0xFF,0xCA,0x70,0x1D,0xFF,0xCE,0x70,0x20,0xFF,
  0xCE,0x70,0x21,0xFF,0xD1,0x73,0x27,0xFF,0xD2,0x76,0x2B,0xFF,
  0xD3,0x76,0x29,0xFF,0xD2,0x76,0x2A,0xFF,0xD1,0x73,0x25,0xFF,
  0xCF,0x70,0x1F,0xFF,0xCF,0x70,0x20,0xFF,0xCF,0x70,0x20,0xFF,
  0xCF,0x70,0x21,0xFF,0xCE,0x70,0x21,0xFF,0xCD,0x70,0x24,0xFF,
  0xC5,0x6B,0x19,0xFF,0xC3,0x69,0x15,0xFF,0xC1,0x68,0x14,0xFF,
  0xBF,0x65,0x11,0xFF,0xC0,0x66,0x14,0xFF,0xBF,0x65,0x14,0xFF,
  0xBF,0x66,0x11,0xFF,0xBF,0x68,0x12,0xFF,0xC0,0x67,0x0F,0xFF,
  0xBE,0x7D,0x3D,0xFF,0xB9,0x89,0x58,0xFF,0xBB,0x86,0x54,0xFF,
  0xB9,0x95,0x62,0xFF,0xA7,0xA3,0x77,0xFF,0xA4,0xAE,0x8A,0xFF,
  0xAD,0xA5,0x84,0xFF,0xAE,0xA4,0x82,0xFF,0xB0,0xA0,0x7B,0xFF,
  0xAF,0xB5,0x99,0xFF,0xAA,0xC1,0xA3,0xFF,0xA8,0xAA,0x70,0xFF,
  0xA6,0xA8,0x5F,0xFF,0xA6,0xA9,0x53,0xFF,0xAE,0xA3,0x51,0xFF,
  0xAD,0xA2,0x4F,0xFF,0xAA,0xA3,0x51,0xFF,0xAB,0xA2,0x4E,0xFF,
  0xA4,0xA3,0x5C,0xFF,0xA2,0xA7,0x67,0xFF,0xA1,0xA8,0x66,0xFF,
  0xA0,0xAC,0x69,0xFF,0xA1,0xA5,0x5D,0xFF,0xA7,0x96,0x43,0xFF,
  0xA3,0x9A,0x43,0xFF,0xA5,0x9A,0x3F,0xFF,0xA5,0xA3,0x49,0xFF,
  0xAD,0xC0,0x98,0xFF,0xAC,0xC2,0xA6,0xFF,0xA1,0xB5,0x87,0xFF,
  0x9C,0x92,0x43,0xFF,0xA6,0x93,0x40,0xFF,0x9E,0x9D,0x9A,0xFF,
  0x9B,0x9C,0xB1,0xFF,0xB0,0x93,0x71,0xFF,0xAF,0x92,0x53,0xFF,
  0xB1,0x94,0x4F,0xFF,0xAE,0xA1,0x65,0xFF,0xA9,0xAB,0x7E,0xFF,
  0xA9,0xA8,0x76,0xFF,0xA5,0xA9,0x6C,0xFF,0xA7,0xBA,0x7B,0xFF,
  0xA6,0xC5,0x90,0xFF,0xB2,0xC1,0x90,0xFF,0xC2,0xC0,0x85,0xFF,
  0xBF,0xBE,0x7F,0xFF,0xBE,0xBE,0x80,0xFF,0xBD,0xCB,0x97,0xFF,
  0xB5,0xCF,0xA0,0xFF,0xB5,0xCC,0x9C,0xFF,0xB2,0xCE,0x9E,0xFF,
  0xAA,0xB6,0x7E,0xFF,0xB3,0x84,0x3F,0xFF,0xAD,0x8E,0x52,0xFF,
  0x9F,0xA4,0x63,0xFF,0xA4,0xA7,0x63,0xFF,0xAD,0xC4,0x8A,0xFF,
  0xAD,0xC5,0x91,0xFF,0xAD,0xC8,0x94,0xFF,0xAB,0xC8,0x96,0xFF,
  0xAC,0xC0,0x8B,0xFF,0xB0,0xBF,0x88,0xFF,0xA4,0xBD,0x87,0xFF,
  0x99,0xA2,0x50,0xFF,0x9F,0xA8,0x54,0xFF,0xA4,0xC0,0x81,0xFF,
  0xA7,0xC6,0x8C,0xFF,0x9E,0xC3,0x87,0xFF,0x98,0xA0,0x51,0xFF,
  0x9C,0x9D,0x47,0xFF,0x9A,0x98,0x44,0xFF,0xA5,0xB4,0x71,0xFF,
  0xAE,0xBD,0x99,0xFF,0xAD,0xC9,0xD1,0xFF,0xB2,0xDC,0xF1,0xFF,
  0xB0,0xCA,0xCC,0xFF,0xB3,0xC8,0x9D,0xFF,0xAE,0xCF,0xA2,0xFF,
  0xB2,0xD5,0xAA,0xFF,0xB7,0xD5,0xA9,0xFF,0xB3,0xCD,0x9B,0xFF,
  0xB5,0xD1,0xA1,0xFF,0xAC,0xB8,0x75,0xFF,0x9D,0x9E,0x42,0xFF,
  0x99,0xA2,0x4D,0xFF,0x97,0x9F,0x47,0xFF,0x96,0xA1,0x46,0xFF,
  0x93,0xA9,0x51,0xFF,0x91,0xA9,0x5C,0xFF,0x8D,0xB5,0x67,0xFF,
  0x90,0xAD,0x59,0xFF,0x95,0xB2,0x56,0xFF,0x84,0x8D,0x48,0xFF,
  0xAE,0x61,0x1B,0xFB,0xE3,0x84,0x2E,0xFB,0xD6,0x7A,0x2B,0xFB,
  0xD6,0x7B,0x2C,0xFD,0xDA,0x7D,0x2D,0xFE,0xD8,0x7D,0x2D,0xFE,
  0xD7,0x7D,0x2C,0xFE,0xD8,0x7E,0x2C,0xFF,0xD8,0x7F,0x2C,0xFF,
  0xD8,0x7F,0x2C,0xFF,0xD9,0x7F,0x2C,0xFF,0xDA,0x80,0x2C,0xFF,
  0xDB,0x7F,0x2D,0xFF,0xD9,0x83,0x2D,0xFF,0xD2,0x8C,0x32,0xFF,
  0xD6,0x8B,0x32,0xFF,0xDA,0x8C,0x36,0xFF,0xDA,0x8D,0x38,0xFF,
  0xDB,0x8A,0x33,0xFF,0xD4,0x89,0x31,0xFF,0xCD,0x8D,0x2E,0xFF,
  0xCC,0x8F,0x2F,0xFF,0xCE,0x8B,0x2D,0xFF,0xD5,0x78,0x1E,0xFF,
  0xD5,0x73,0x1C,0xFF,0xCD,0x7E,0x25,0xFF,0xC7,0x8A,0x29,0xFF,
  0xC9,0x86,0x25,0xFF,0xD0,0x82,0x25,0xFF,0xD6,0x7A,0x21,0xFF,
  0xD7,0x7A,0x23,0xFF,0xD2,0x7C,0x21,0xFF,0xD3,0x78,0x20,0xFF,
  0xD1,0x7A,0x22,0xFF,0xC8,0x8B,0x2E,0xFF,0xCD,0x7D,0x23,0xFF,
  0xD5,0x81,0x2B,0xFF,0xDC,0x8F,0x3D,0xFF,0xDC,0x8D,0x3B,0xFF,
  0xDC,0x90,0x3C,0xFF,0xDC,0x91,0x3E,0xFF,0xDC,0x91,0x40,0xFF,
  0xDC,0x92,0x3F,0xFF,0xDC,0x92,0x40,0xFF,0xDB,0x90,0x3E,0xFF,
  0xDB,0x8E,0x3B,0xFF,0xDB,0x8E,0x3C,0xFF,0xDB,0x8E,0x3C,0xFF,
  0xDB,0x8E,0x3A,0xFF,0xDB,0x8E,0x3A,0xFF,0xDB,0x8F,0x3B,0xFF,
  0xDB,0x8F,0x3B,0xFF,0xDB,0x8E,0x3A,0xFF,0xDB,0x8E,0x3A,0xFF,
  0xDB,0x8E,0x3A,0xFF,0xDB,0x8E,0x3A,0xFF,0xDB,0x8E,0x3A,0xFF,
  0xDB,0x8E,0x3A,0xFF,0xDE,0x88,0x36,0xFF,0xE0,0x88,0x35,0xFF,
  0xE0,0x89,0x36,0xFF,0xE0,0x89,0x36,0xFF,0xE0,0x89,0x36,0xFF,
  0xDF,0x89,0x36,0xFF,0xE0,0x89,0x36,0xFF,0xE0,0x8A,0x37,0xFF,
  0xDF,0x89,0x36,0xFF,0xD7,0x89,0x2E,0xFF,0xD3,0x8E,0x31,0xFF,
  0xD5,0x89,0x2C,0xFF,0xD8,0x84,0x29,0xFF,0xDC,0x83,0x2B,0xFF,
  0xDD,0x84,0x2D,0xFF,0xDD,0x83,0x2C,0xFF,0xDF,0x8B,0x37,0xFF,
  0xE0,0x9C,0x45,0xFF,0xE0,0x99,0x43,0xFF,0xE0,0x99,0x43,0xFF,
  0xDD,0x9B,0x43,0xFF,0xDD,0x9C,0x43,0xFF,0xDC,0x9C,0x43,0xFF,
  0xDE,0x9B,0x44,0xFF,0xE2,0x99,0x43,0xFF,0xE1,0x98,0x42,0xFF,
  0xE2,0x99,0x43,0xFF,0xE2,0x9A,0x44,0xFF,0xDE,0x9F,0x47,0xFF,
  0xDD,0xA0,0x48,0xFF,0xDD,0xA1,0x49,0xFF,0xDD,0xA0,0x48,0xFF,
  0xDD,0xA0,0x48,0xFF,0xDD,0xA0,0x48,0xFF,0xDD,0xA0,0x48,0xFF,
  0xDD,0x9E,0x46,0xFF,0xDE,0x9B,0x43,0xFF,0xDD,0x9A,0x42,0xFF,
  0xDC,0x97,0x40,0xFD,0xDC,0x97,0x3F,0xFC,0xDC,0x96,0x3E,0xFC,
  0xDE,0x96,0x3E,0xFB,0xDE,0x96,0x3D,0xFB,0xE3,0x9B,0x42,0xFB,
  0xEE,0xA1,0x43,0xFF,0xB8,0x73,0x28,0xFB,0xA9,0x68,0x27,0xB5,
  0xB7,0x71,0x29,0xAB,0xB0,0x68,0x24,0xAD,0xAD,0x60,0x1E,0xA9,
  0xB5,0x67,0x22,0x76,0xB8,0x63,0x1C,0xC8,0xEB,0x85,0x28,0xFF,
  0xE3,0x7F,0x28,0xFF,0xE6,0x80,0x26,0xFF,0xDB,0x7A,0x26,0xFF,
  0xD7,0x78,0x26,0xFC,0xD8,0x77,0x26,0xFD,0xD8,0x77,0x25,0xFC,
  0xD5,0x76,0x25,0xFE,0xD6,0x77,0x25,0xFF,0xD5,0x78,0x28,0xFF,
  0xE3,0x77,0x13,0xFF,0xA0,0x76,0x62,0xFF,0x94,0x72,0x6C,0xFF,
  0xD9,0x70,0x05,0xFF,0xCD,0x6F,0x1B,0xFF,0xCC,0x6D,0x1B,0xFF,
  0xCD,0x71,0x27,0xFF,0xD0,0x74,0x2B,0xFF,0xD1,0x75,0x2A,0xFF,
  0xD1,0x75,0x29,0xFF,0xD0,0x74,0x29,0xFF,0xCE,0x70,0x22,0xFF,
  0xCE,0x6F,0x21,0xFF,0xCD,0x6F,0x22,0xFF,0xCE,0x70,0x22,0xFF,
  0xCF,0x70,0x23,0xFF,0xCF,0x71,0x26,0xFF,0xD1,0x72,0x25,0xFF,
  0xC0,0x68,0x12,0xFF,0xBC,0x65,0x0E,0xFF,0xBC,0x66,0x0D,0xFF,
  0xBB,0x66,0x0B,0xFF,0xBA,0x63,0x0B,0xFF,0xBA,0x60,0x09,0xFF,
  0xBA,0x60,0x09,0xFF,0xBB,0x60,0x0B,0xFF,0xB6,0x5D,0x02,0xFF,
  0xBF,0x89,0x6B,0xFF,0xC3,0xA1,0xA6,0xFF,0xBE,0x9D,0x9B,0xFF,
  0xC0,0x94,0x8E,0xFF,0xBE,0xB0,0xC5,0xFF,0xBC,0xD2,0xFE,0xFF,
  0xC2,0xD0,0xF7,0xFF,0xC2,0xD2,0xF9,0xFF,0xC4,0xD9,0xFF,0xFF,
  0xC2,0xC3,0xD5,0xFF,0xBF,0x9C,0x7F,0xFF,0xC0,0x75,0x2D,0xFF,
  0xBB,0x80,0x27,0xFF,0xB4,0x9B,0x40,0xFF,0xAC,0xA3,0x4C,0xFF,
  0xAD,0xA2,0x4A,0xFF,0xB0,0xA3,0x4A,0xFF,0xB7,0xA0,0x50,0xFF,
  0xB1,0xA5,0x89,0xFF,0xAE,0xA7,0x96,0xFF,0xAD,0xA6,0x93,0xFF,
  0xA9,0xA9,0x89,0xFF,0xA3,0xAE,0x7A,0xFF,0x9D,0xB8,0x76,0xFF,
  0x9B,0xBC,0x74,0xFF,0x9A,0xBF,0x74,0xFF,0x98,0xC4,0x71,0xFF,
  0x98,0xBA,0x5E,0xFF,0x95,0xB8,0x54,0xFF,0x94,0xBA,0x59,0xFF,
  0x96,0xBE,0x63,0xFF,0x95,0xBD,0x65,0xFF,0x9B,0xBC,0x5B,0xFF,
  0xA2,0xB3,0x5E,0xFF,0xA4,0xB1,0x6D,0xFF,0x9F,0xB4,0x78,0xFF,
  0x9E,0xB6,0x7B,0xFF,0x9A,0xB9,0x6F,0xFF,0x9B,0xB5,0x67,0xFF,
  0x97,0xB7,0x61,0xFF,0x93,0xBA,0x5C,0xFF,0x96,0xB2,0x53,0xFF,
  0x92,0xA4,0x41,0xFF,0xA0,0x91,0x2A,0xFF,0xB1,0x7F,0x0F,0xFF,
  0xB1,0x88,0x18,0xFF,0xAF,0x88,0x16,0xFF,0x9B,0xAE,0x4A,0xFF,
  0x90,0xBF,0x61,0xFF,0x8F,0xBA,0x59,0xFF,0x8B,0xBA,0x56,0xFF,
  0x93,0xAE,0x43,0xFF,0xAF,0x8A,0x19,0xFF,0xA2,0x98,0x33,0xFF,
  0x85,0xC1,0x5F,0xFF,0x8B,0xBD,0x5A,0xFF,0x90,0xB8,0x57,0xFF,
  0x92,0xB1,0x4F,0xFF,0x94,0xAF,0x4D,0xFF,0x91,0xB4,0x55,0xFF,
  0x8F,0xAC,0x4D,0xFF,0x9B,0x92,0x27,0xFF,0x9D,0x94,0x28,0xFF,
  0x91,0xB0,0x52,0xFF,0x8A,0xB7,0x5C,0xFF,0x8A,0xB2,0x52,0xFF,
  0x88,0xB9,0x58,0xFF,0x87,0xBD,0x5C,0xFF,0x88,0xC3,0x66,0xFF,
  0x87,0xC3,0x68,0xFF,0x8B,0xC5,0x6B,0xFF,0x91,0xC1,0x63,0xFF,
  0x9D,0xB0,0x5C,0xFF,0x98,0xBC,0xB8,0xFF,0x91,0xC5,0xD3,0xFF,
  0x8F,0xC0,0xC6,0xFF,0x92,0xAF,0x61,0xFF,0x93,0xB2,0x4C,0xFF,
  0x8C,0xBB,0x5F,0xFF,0x8B,0xBF,0x66,0xFF,0x8B,0xC0,0x68,0xFF,
  0x8B,0xBA,0x62,0xFF,0x97,0xAC,0x4F,0xFF,0x94,0xB2,0x58,0xFF,
  0x8F,0xB4,0x5A,0xFF,0x8F,0xB4,0x57,0xFF,0x8F,0xB3,0x55,0xFF,
  0x90,0xB2,0x54,0xFF,0x96,0xAC,0x4A,0xFF,0x94,0xAC,0x4C,0xFF,
  0x8E,0xB3,0x58,0xFF,0x90,0xBF,0x62,0xFF,0x82,0x93,0x4F,0xFF,
  0xAE,0x60,0x1A,0xFF,0xDE,0x82,0x29,0xFF,0xD2,0x78,0x28,0xFF,
  0xD4,0x79,0x29,0xFF,0xD8,0x7C,0x2A,0xFF,0xD8,0x7C,0x2A,0xFF,
  0xD7,0x7E,0x2A,0xFF,0xD7,0x7E,0x29,0xFF,0xD8,0x7F,0x29,0xFF,
  0xDA,0x80,0x2C,0xFF,0xDB,0x80,0x2D,0xFF,0xDC,0x84,0x2E,0xFF,
  0xDB,0x86,0x2C,0xFF,0xD5,0x89,0x2E,0xFF,0xD1,0x90,0x34,0xFF,
  0xD6,0x8D,0x33,0xFF,0xDC,0x8A,0x34,0xFF,0xDB,0x8B,0x34,0xFF,
  0xDB,0x8B,0x34,0xFF,0xD3,0x8B,0x32,0xFF,0xCC,0x8E,0x2F,0xFF,
  0xCB,0x8F,0x2E,0xFF,0xCD,0x8B,0x2C,0xFF,0xCE,0x89,0x2B,0xFF,
  0xCC,0x8B,0x2A,0xFF,0xC8,0x91,0x2E,0xFF,0xC4,0x95,0x30,0xFF,
  0xC5,0x94,0x30,0xFF,0xC4,0x91,0x2D,0xFF,0xC6,0x8B,0x29,0xFF,
  0xC7,0x8A,0x2A,0xFF,0xC5,0x88,0x2A,0xFF,0xD2,0x7A,0x24,0xFF,
  0xD1,0x79,0x22,0xFF,0xD0,0x78,0x21,0xFF,0xD1,0x78,0x22,0xFF,
  0xD2,0x79,0x24,0xFF,0xD3,0x7A,0x27,0xFF,0xD3,0x7A,0x28,0xFF,
  0xD2,0x7B,0x28,0xFF,0xD5,0x7B,0x28,0xFF,0xD8,0x7D,0x2B,0xFF,
  0xD7,0x7D,0x2A,0xFF,0xD7,0x7B,0x2A,0xFF,0xD9,0x83,0x31,0xFF,
  0xDC,0x93,0x42,0xFF,0xDB,0x91,0x40,0xFF,0xDC,0x90,0x3E,0xFF,
  0xDC,0x8E,0x3A,0xFF,0xDB,0x8D,0x39,0xFF,0xDB,0x8E,0x3A,0xFF,
  0xDB,0x8D,0x39,0xFF,0xDB,0x8E,0x3A,0xFF,0xDB,0x8E,0x3A,0xFF,
  0xDB,0x8E,0x3A,0xFF,0xDB,0x8E,0x3A,0xFF,0xDB,0x8E,0x3A,0xFF,
  0xDB,0x8F,0x3C,0xFF,0xDB,0x8E,0x3B,0xFF,0xDD,0x8C,0x39,0xFF,
  0xDE,0x8B,0x37,0xFF,0xE0,0x89,0x36,0xFF,0xE0,0x89,0x36,0xFF,
  0xE0,0x89,0x36,0xFF,0xE0,0x89,0x36,0xFF,0xDF,0x89,0x36,0xFF,
  0xE0,0x89,0x36,0xFF,0xDC,0x8C,0x37,0xFF,0xD4,0x90,0x35,0xFF,
  0xD0,0x8E,0x32,0xFF,0xD2,0x8E,0x32,0xFF,0xD4,0x8D,0x30,0xFF,
  0xD7,0x87,0x2B,0xFF,0xD7,0x85,0x2A,0xFF,0xD9,0x8A,0x30,0xFF,
  0xDA,0x92,0x37,0xFF,0xDB,0x90,0x37,0xFF,0xDD,0x92,0x3B,0xFF,
  0xDE,0x97,0x40,0xFF,0xDE,0x99,0x43,0xFF,0xDD,0x99,0x41,0xFF,
  0xDF,0x99,0x43,0xFF,0xDE,0x9B,0x43,0xFF,0xDE,0x9B,0x43,0xFF,
  0xE0,0x9B,0x44,0xFF,0xDF,0x9B,0x43,0xFF,0xDD,0x9C,0x44,0xFF,
  0xDD,0x9D,0x45,0xFF,0xDD,0x9E,0x46,0xFF,0xDD,0x9E,0x46,0xFF,
  0xDD,0x9D,0x45,0xFF,0xDD,0x9E,0x46,0xFF,0xDD,0x9E,0x46,0xFF,
  0xDD,0x9C,0x44,0xFF,0xDD,0x9B,0x43,0xFF,0xDE,0x9B,0x44,0xFF,
  0xDD,0x9B,0x43,0xFF,0xDD,0x9B,0x42,0xFF,0xDC,0x9A,0x41,0xFF,
  0xDE,0x96,0x3F,0xFF,0xDF,0x97,0x3F,0xFF,0xDD,0x98,0x40,0xFF,
  0xDC,0x96,0x3E,0xFD,0xE4,0x9A,0x41,0xFF,0xEB,0x96,0x3B,0xFF,
  0xEA,0x91,0x36,0xFF,0xEB,0x8F,0x34,0xFF,0xE8,0x8A,0x2E,0xFF,
  0xE2,0x80,0x27,0xFF,0xDE,0x7A,0x26,0xFF,0xD1,0x73,0x25,0xFC,
  0xD3,0x74,0x23,0xFB,0xD4,0x74,0x22,0xFB,0xD4,0x75,0x26,0xFE,
  0xD8,0x77,0x25,0xFF,0xD7,0x78,0x27,0xFF,0xCF,0x7B,0x34,0xFF,
  0xC9,0x7D,0x48,0xFF,0xC8,0x7F,0x52,0xFF,0xC5,0x7E,0x54,0xFF,
  0xCA,0x7E,0x46,0xFF,0x8C,0x79,0x8F,0xFF,0x81,0x78,0xA5,0xFF,
  0xC8,0x74,0x33,0xFF,0xC0,0x74,0x3E,0xFF,0xC7,0x71,0x2B,0xFF,
  0xCC,0x6F,0x20,0xFF,0xCB,0x70,0x26,0xFF,0xCD,0x71,0x25,0xFF,
  0xCC,0x6F,0x24,0xFF,0xCA,0x6D,0x1E,0xFF,0xCA,0x6E,0x1E,0xFF,
  0xCC,0x70,0x20,0xFF,0xCB,0x6F,0x1D,0xFF,0xC7,0x6B,0x19,0xFF,
  0xC6,0x6B,0x1A,0xFF,0xC5,0x6A,0x19,0xFF,0xC6,0x6B,0x1A,0xFF,
  0xBF,0x67,0x12,0xFF,0xBE,0x66,0x10,0xFF,0xBE,0x66,0x11,0xFF,
  0xBD,0x66,0x0E,0xFF,0xBD,0x68,0x10,0xFF,0xBC,0x6D,0x1E,0xFF,
  0xBA,0x6B,0x1D,0xFF,0xB9,0x6B,0x1E,0xFF,0xB8,0x68,0x1A,0xFF,
  0xC0,0x89,0x6B,0xFF,0xC3,0x99,0x94,0xFF,0xC0,0x97,0x8D,0xFF,
  0xC2,0x97,0x8E,0xFF,0xC3,0xB4,0xBB,0xFF,0xC2,0xCA,0xE3,0xFF,
  0xC4,0xC5,0xD9,0xFF,0xC4,0xC5,0xD5,0xFF,0xBF,0xC2,0xD6,0xFF,
  0xBF,0x92,0x72,0xFF,0xBC,0x82,0x4D,0xFF,0xC4,0x8B,0x5C,0xFF,
  0xBD,0x98,0x60,0xFF,0xC0,0xA5,0x71,0xFF,0xBE,0xA9,0x71,0xFF,
  0xBF,0xAC,0x72,0xFF,0xBF,0xAB,0x72,0xFF,0xC1,0xAB,0x86,0xFF,
  0xBB,0x97,0x82,0xFF,0xB7,0x90,0x70,0xFF,0xB7,0x8F,0x6F,0xFF,
  0xB1,0x9D,0x84,0xFF,0xA8,0xA8,0x86,0xFF,0xA3,0xA5,0x5B,0xFF,
  0x9F,0xA8,0x53,0xFF,0x9F,0xAF,0x57,0xFF,0xA3,0xAB,0x54,0xFF,
  0x9D,0xB9,0x65,0xFF,0x96,0xBE,0x67,0xFF,0x96,0xBC,0x65,0xFF,
  0x95,0xBB,0x61,0xFF,0x9A,0xB1,0x57,0xFF,0xA5,0xA2,0x49,0xFF,
  0xAE,0x95,0x43,0xFF,0xAD,0x9B,0x59,0xFF,0xA8,0xA4,0x6B,0xFF,
  0xA8,0x9C,0x60,0xFF,0xA3,0xA6,0x5D,0xFF,0x9A,0xB6,0x65,0xFF,
  0x97,0xB4,0x5B,0xFF,0x95,0xB9,0x62,0xFF,0x9D,0xAA,0x4B,0xFF,
  0xAD,0x78,0x0D,0xFF,0xAE,0x85,0x31,0xFF,0xB4,0x8B,0x44,0xFF,
  0xB4,0x8C,0x4B,0xFF,0xB0,0x8C,0x49,0xFF,0xA2,0xAC,0x7F,0xFF,
  0xA1,0xC1,0x90,0xFF,0xA1,0xC4,0x8B,0xFF,0x9D,0xBF,0x8E,0xFF,
  0xAD,0xAA,0x6C,0xFF,0xBD,0x9F,0x64,0xFF,0xB6,0xA6,0x79,0xFF,
  0xA5,0xB9,0x84,0xFF,0x9D,0xB8,0x6E,0xFF,0x98,0xBC,0x6A,0xFF,
  0x99,0xBF,0x74,0xFF,0x9B,0xBF,0x74,0xFF,0x9C,0xBF,0x79,0xFF,
  0xA1,0xBB,0x70,0xFF,0xA8,0xA9,0x51,0xFF,0xA2,0xA8,0x4F,0xFF,
  0x97,0xB5,0x5B,0xFF,0x8E,0xB8,0x5D,0xFF,0x8D,0xB8,0x60,0xFF,
  0x93,0xAA,0x4F,0xFF,0x99,0xA0,0x44,0xFF,0x97,0xA0,0x42,0xFF,
  0x98,0xA1,0x44,0xFF,0x98,0xA4,0x4A,0xFF,0x9A,0xAB,0x51,0xFF,
  0xA4,0xAB,0x59,0xFF,0xAE,0x9D,0x67,0xFF,0xB4,0x8F,0x59,0xFF,
  0xAA,0x9A,0x61,0xFF,0xAC,0x93,0x2F,0xFF,0xAD,0x8A,0x18,0xFF,
  0xA3,0x9F,0x39,0xFF,0x97,0xAF,0x59,0xFF,0x91,0xAE,0x58,0xFF,
  0x95,0xA5,0x51,0xFF,0xA7,0x7E,0x20,0xFF,0xA4,0x7C,0x21,0xFF,
  0xA4,0x82,0x28,0xFF,0x90,0xAF,0x53,0xFF,0x8D,0xB5,0x58,0xFF,
  0x8F,0xB3,0x58,0xFF,0xA2,0x99,0x3C,0xFF,0xA4,0x97,0x3A,0xFF,
  0x9F,0x9A,0x3F,0xFF,0xA3,0xA9,0x4A,0xFF,0x8D,0x86,0x3F,0xFF,
  0xA8,0x5C,0x16,0xFF,0xD5,0x7B,0x21,0xFF,0xCF,0x78,0x21,0xFF,
  0xCF,0x7A,0x22,0xFF,0xD0,0x79,0x22,0xFF,0xCE,0x7A,0x22,0xFF,
  0xD0,0x7A,0x22,0xFF,0xD1,0x7C,0x22,0xFF,0xD1,0x7C,0x21,0xFF,
  0xD5,0x81,0x27,0xFF,0xD6,0x82,0x2A,0xFF,0xD5,0x85,0x29,0xFF,
  0xD3,0x8B,0x2C,0xFF,0xCF,0x8C,0x2E,0xFF,0xCE,0x8D,0x2F,0xFF,
  0xD0,0x8D,0x30,0xFF,0xD4,0x8C,0x32,0xFF,0xD5,0x8A,0x32,0xFF,
  0xD7,0x86,0x32,0xFF,0xD7,0x82,0x2F,0xFF,0xD3,0x83,0x2B,0xFF,
  0xCE,0x8C,0x2E,0xFF,0xCC,0x8E,0x2F,0xFF,0xC9,0x90,0x2E,0xFF,
  0xC6,0x93,0x2F,0xFF,0xC7,0x92,0x2E,0xFF,0xC8,0x91,0x2D,0xFF,
  0xC7,0x91,0x2E,0xFF,0xC3,0x91,0x2E,0xFF,0xC7,0x89,0x25,0xFF,
  0xC7,0x89,0x24,0xFF,0xC0,0x90,0x2D,0xFF,0xCF,0x7B,0x25,0xFF,
  0xD4,0x75,0x20,0xFF,0xD2,0x7B,0x22,0xFF,0xD1,0x79,0x22,0xFF,
  0xD2,0x7A,0x22,0xFF,0xC2,0x94,0x31,0xFF,0xBF,0x96,0x31,0xFF,
  0xBE,0x98,0x33,0xFF,0xC3,0x84,0x28,0xFF,0xD3,0x6E,0x1D,0xFF,
  0xD4,0x73,0x21,0xFF,0xD4,0x72,0x1F,0xFF,0xD5,0x79,0x26,0xFF,
  0xD9,0x86,0x32,0xFF,0xD8,0x84,0x30,0xFF,0xD6,0x82,0x2E,0xFF,
  0xD1,0x75,0x1F,0xFF,0xD3,0x7D,0x27,0xFF,0xDA,0x8D,0x37,0xFF,
  0xDB,0x8C,0x34,0xFF,0xDC,0x8D,0x37,0xFF,0xDC,0x8E,0x39,0xFF,
  0xDB,0x8E,0x3A,0xFF,0xDB,0x8F,0x3B,0xFF,0xDB,0x8F,0x3B,0xFF,
  0xDB,0x8E,0x3A,0xFF,0xDC,0x8F,0x3C,0xFF,0xDB,0x91,0x3D,0xFF,
  0xDF,0x8B,0x38,0xFF,0xDF,0x8A,0x37,0xFF,0xE0,0x8A,0x37,0xFF,
  0xE0,0x89,0x36,0xFF,0xE0,0x88,0x34,0xFF,0xE0,0x88,0x35,0xFF,
  0xE0,0x89,0x36,0xFF,0xE1,0x89,0x36,0xFF,0xDF,0x8A,0x36,0xFF,
  0xDA,0x8B,0x34,0xFF,0xD2,0x8C,0x2F,0xFF,0xD2,0x8A,0x2E,0xFF,
  0xD4,0x83,0x28,0xFF,0xD5,0x85,0x29,0xFF,0xD7,0x86,0x2C,0xFF,
  0xD7,0x87,0x2B,0xFF,0xD6,0x87,0x2B,0xFF,0xD9,0x87,0x2D,0xFF,
  0xD8,0x88,0x2F,0xFF,0xDC,0x88,0x31,0xFF,0xDB,0x89,0x31,0xFF,
  0xDB,0x89,0x31,0xFF,0xDE,0x97,0x3F,0xFF,0xDD,0x97,0x3F,0xFF,
  0xDC,0x99,0x41,0xFF,0xDA,0x9D,0x45,0xFF,0xDD,0x9B,0x43,0xFF,
  0xDD,0x9B,0x42,0xFF,0xDD,0x9B,0x42,0xFF,0xDD,0x9C,0x44,0xFF,
  0xDD,0x9B,0x43,0xFF,0xDC,0x9B,0x43,0xFF,0xDC,0x9B,0x42,0xFF,
  0xDD,0x9C,0x43,0xFF,0xDD,0x9C,0x44,0xFF,0xDD,0x9B,0x43,0xFF,
  0xDB,0x9B,0x42,0xFF,0xDB,0x9F,0x46,0xFF,0xDC,0x99,0x41,0xFF,
  0xDE,0x96,0x3F,0xFF,0xDD,0x98,0x40,0xFF,0xDC,0x99,0x41,0xFF,
  0xDA,0x9B,0x40,0xFF,0xD4,0x96,0x3C,0xFE,0xD2,0x8B,0x2E,0xFC,
  0xD0,0x88,0x2B,0xFB,0xD6,0x78,0x23,0xFB,0xD2,0x77,0x23,0xFB,
  0xD3,0x77,0x24,0xFB,0xD6,0x77,0x27,0xFD,0xD6,0x77,0x27,0xFF,
  0xD4,0x76,0x24,0xFF,0xD4,0x76,0x24,0xFF,0xD4,0x74,0x1C,0xFF,
  0xD0,0x78,0x22,0xFF,0x9E,0x89,0xA6,0xFF,0x8D,0x85,0xC0,0xFF,
  0x82,0x86,0xE2,0xFF,0x67,0x76,0xF2,0xFF,0x69,0x7B,0xF2,0xFF,
  0x68,0x7B,0xF3,0xFF,0x69,0x81,0xF7,0xFF,0x6F,0x86,0xFC,0xFF,
  0x70,0x7E,0xEB,0xFF,0x69,0x76,0xF3,0xFF,0x7D,0x6B,0xB0,0xFF,
  0xBF,0x6F,0x1D,0xFF,0xC5,0x72,0x1F,0xFF,0xC8,0x70,0x1E,0xFF,
  0xC6,0x6C,0x1F,0xFF,0xC2,0x6E,0x1B,0xFF,0xC9,0x72,0x18,0xFF,
  0xCB,0x73,0x1A,0xFF,0xC8,0x6F,0x18,0xFF,0xBD,0x65,0x0F,0xFF,
  0xBD,0x65,0x0F,0xFF,0xBB,0x63,0x0D,0xFF,0xBA,0x62,0x0E,0xFF,
  0xBB,0x63,0x11,0xFF,0xBD,0x65,0x11,0xFF,0xBE,0x66,0x13,0xFF,
  0xBA,0x62,0x0B,0xFF,0xBC,0x71,0x29,0xFF,0xC4,0x98,0x8F,0xFF,
  0xC2,0x95,0x8D,0xFF,0xC4,0x9A,0x91,0xFF,0xC4,0x9B,0x94,0xFF,
  0xC4,0x9A,0x95,0xFF,0xC4,0x9B,0x96,0xFF,0xC5,0x9D,0x98,0xFF,
  0xC4,0x9D,0x97,0xFF,0xBF,0xAC,0xB2,0xFF,0xBD,0xBA,0xC8,0xFF,
  0xC1,0xA7,0xAA,0xFF,0xC4,0x9F,0x9B,0xFF,0xC2,0x9D,0x99,0xFF,
  0xC5,0xD4,0xE8,0xFF,0xC4,0xE2,0xFF,0xFF,0xC3,0xDB,0xF8,0xFF,
  0xC2,0xD8,0xF5,0xFF,0xC0,0xD7,0xF6,0xFF,0xBE,0xDD,0xFF,0xFF,
  0xC5,0xD5,0xF2,0xFF,0xC3,0xCF,0xEB,0xFF,0xBD,0xD5,0xF7,0xFF,
  0xBC,0x83,0x5E,0xFF,0xB7,0x5F,0x14,0xFF,0xBC,0x63,0x12,0xFF,
  0xBB,0x91,0x76,0xFF,0xB0,0xA0,0xA5,0xFF,0xB2,0x75,0x1D,0xFF,
  0xB8,0x71,0x09,0xFF,0xBB,0x77,0x10,0xFF,0xBD,0x76,0x0F,0xFF,
  0x9F,0xB2,0x58,0xFF,0x98,0xBD,0x68,0xFF,0x9B,0xB8,0x61,0xFF,
  0x93,0xBF,0x67,0xFF,0xAC,0x95,0x36,0xFF,0xC2,0x71,0x14,0xFF,
  0xC2,0x73,0x1A,0xFF,0xBB,0x76,0x1B,0xFF,0xBD,0x77,0x23,0xFF,
  0xBB,0x73,0x24,0xFF,0xA4,0x98,0x47,0xFF,0x99,0xBD,0x68,0xFF,
  0x9A,0xB5,0x5F,0xFF,0x9A,0xB5,0x5B,0xFF,0x9C,0xAF,0x5C,0xFF,
  0xAF,0x9C,0x5B,0xFF,0xB5,0xC5,0xC4,0xFF,0xB3,0xD4,0xF4,0xFF,
  0xB0,0xCE,0xEA,0xFF,0xB1,0xD0,0xED,0xFF,0xB0,0xCF,0xF8,0xFF,
  0xB6,0xD2,0xF8,0xFF,0xBA,0xD6,0xF9,0xFF,0xBE,0xD5,0xF7,0xFF,
  0xC1,0xD9,0xFC,0xFF,0xBF,0xD9,0xFF,0xFF,0xBF,0xDA,0xFF,0xFF,
  0xBF,0xD7,0xFB,0xFF,0xBF,0xD8,0xF7,0xFF,0xAC,0xCB,0xB7,0xFF,
  0x9A,0xC7,0x83,0xFF,0x9A,0xC9,0x89,0xFF,0x99,0xCC,0x8A,0xFF,
  0x98,0xCD,0x8C,0xFF,0x9E,0xC4,0x7D,0xFF,0x9D,0xBD,0x6E,0xFF,
  0x9B,0xBA,0x65,0xFF,0x92,0xBE,0x66,0xFF,0x89,0xBD,0x69,0xFF,
  0xA5,0x84,0x29,0xFF,0xAD,0x74,0x17,0xFF,0xAB,0x79,0x1C,0xFF,
  0xAA,0x7A,0x18,0xFF,0xAB,0x7A,0x15,0xFF,0xA8,0x85,0x25,0xFF,
  0xA4,0x8D,0x33,0xFF,0xB1,0x7D,0x2B,0xFF,0xC1,0x69,0x0D,0xFF,
  0xC3,0x67,0x0B,0xFF,0xB4,0x7F,0x1A,0xFF,0xAA,0x92,0x24,0xFF,
  0xB0,0x8A,0x20,0xFF,0xB0,0x87,0x1C,0xFF,0xAF,0x83,0x1A,0xFF,
  0xAA,0x7D,0x1C,0xFF,0xAA,0x7E,0x1F,0xFF,0xAB,0x7D,0x1D,0xFF,
  0xAA,0x81,0x23,0xFF,0xA0,0x93,0x33,0xFF,0x9C,0x95,0x38,0xFF,
  0x9E,0x91,0x35,0xFF,0xAA,0x86,0x26,0xFF,0xB2,0x88,0x2A,0xFF,
  0xB5,0x82,0x23,0xFF,0xBE,0x87,0x20,0xFF,0xA5,0x6D,0x1F,0xFF,
  0xA5,0x5C,0x16,0xFF,0xCF,0x7D,0x1B,0xFF,0xC8,0x79,0x1C,0xFF,
  0xC8,0x7C,0x20,0xFF,0xC9,0x7B,0x1B,0xFF,0xC8,0x7A,0x1B,0xFF,
  0xC9,0x79,0x19,0xFF,0xCA,0x7B,0x1F,0xFF,0xCC,0x7F,0x23,0xFF,
  0xD0,0x81,0x24,0xFF,0xD2,0x83,0x27,0xFF,0xCE,0x89,0x2A,0xFF,
  0xC9,0x91,0x2F,0xFF,0xC8,0x92,0x2F,0xFF,0xC9,0x92,0x2F,0xFF,
  0xCE,0x8C,0x2E,0xFF,0xD4,0x86,0x2A,0xFF,0xD5,0x81,0x2B,0xFF,
  0xD9,0x7E,0x28,0xFF,0xD8,0x7C,0x2A,0xFF,0xD7,0x7B,0x29,0xFF,
  0xD3,0x87,0x2F,0xFF,0xCF,0x8F,0x32,0xFF,0xCF,0x8F,0x31,0xFF,
  0xCA,0x93,0x32,0xFF,0xC6,0x96,0x32,0xFF,0xC8,0x96,0x33,0xFF,
  0xC7,0x93,0x2F,0xFF,0xC5,0x92,0x2E,0xFF,0xC7,0x8B,0x28,0xFF,
  0xC4,0x8D,0x2B,0xFF,0xBF,0x92,0x2E,0xFF,0xC6,0x88,0x2B,0xFF,
  0xCE,0x7C,0x23,0xFF,0xD0,0x79,0x22,0xFF,0xD3,0x78,0x23,0xFF,
  0xCC,0x83,0x26,0xFF,0xC1,0x98,0x31,0xFF,0xBF,0x9C,0x33,0xFF,
  0xBF,0x9E,0x34,0xFF,0xC2,0x91,0x30,0xFF,0xCF,0x77,0x21,0xFF,
  0xCF,0x78,0x22,0xFF,0xD0,0x77,0x1E,0xFF,0xD1,0x74,0x1C,0xFF,
  0xCF,0x73,0x1A,0xFF,0xD0,0x74,0x1B,0xFF,0xCC,0x71,0x1C,0xFF,
  0xC9,0x6C,0x1C,0xFF,0xCF,0x7F,0x2B,0xFF,0xD4,0x8B,0x32,0xFF,
  0xD7,0x87,0x30,0xFF,0xD7,0x88,0x32,0xFF,0xD8,0x8A,0x33,0xFF,
  0xDA,0x8A,0x34,0xFF,0xDA,0x8C,0x37,0xFF,0xDA,0x8D,0x39,0xFF,
  0xD9,0x90,0x3B,0xFF,0xD3,0x94,0x39,0xFF,0xD1,0x95,0x37,0xFF,
  0xD4,0x95,0x3B,0xFF,0xDB,0x8E,0x39,0xFF,0xDB,0x8C,0x39,0xFF,
  0xDD,0x8B,0x38,0xFF,0xE1,0x88,0x36,0xFF,0xE1,0x88,0x35,0xFF,
  0xE1,0x87,0x33,0xFF,0xE1,0x85,0x30,0xFF,0xE4,0x7E,0x25,0xFF,
  0xDD,0x80,0x23,0xFF,0xBD,0xB8,0x6E,0xFF,0xBB,0xBF,0x7F,0xFF,
  0xBD,0xBC,0x81,0xFF,0xBF,0xB9,0x8D,0xFF,0xC6,0xB4,0x9B,0xFF,
  0xC9,0xB3,0xAE,0xFF,0xC6,0xB1,0xA9,0xFF,0xC7,0xB3,0xAA,0xFF,
  0xC3,0xB6,0xAE,0xFF,0xD3,0x8B,0x40,0xFF,0xDD,0x83,0x28,0xFF,
  0xDB,0x86,0x30,0xFF,0xDC,0x85,0x2E,0xFF,0xDC,0x84,0x2D,0xFF,
  0xD9,0x8C,0x35,0xFF,0xD0,0xA3,0x4F,0xFF,0xD3,0xA0,0x4A,0xFF,
  0xD6,0x9E,0x47,0xFF,0xDA,0x9B,0x42,0xFF,0xDB,0x99,0x41,0xFF,
  0xD5,0x9C,0x42,0xFF,0xD4,0x9C,0x42,0xFF,0xD4,0x9C,0x42,0xFF,
  0xD7,0x9A,0x40,0xFF,0xDA,0x99,0x40,0xFF,0xD6,0x9A,0x40,0xFF,
  0xD3,0x99,0x3E,0xFF,0xD3,0x9C,0x42,0xFF,0xD7,0x9B,0x42,0xFF,
  0xDD,0x95,0x3D,0xFF,0xDD,0x91,0x3B,0xFF,0xDD,0x89,0x2F,0xFF,
  0xCD,0x9D,0x41,0xFF,0xC7,0x9E,0x40,0xFF,0xC6,0x9F,0x40,0xFF,
  0xC6,0x9F,0x3E,0xFF,0xD0,0x7C,0x22,0xFF,0xD3,0x72,0x1E,0xFF,
  0xD2,0x6E,0x17,0xFF,0xD3,0x6F,0x17,0xFF,0xD4,0x70,0x18,0xFF,
  0xD3,0x71,0x18,0xFF,0xD2,0x6E,0x12,0xFF,0xC8,0x7E,0x32,0xFF,
  0xB9,0x99,0x81,0xFF,0xA0,0x8F,0xB0,0xFF,0xB0,0x8A,0x88,0xFF,
  0xBD,0x8F,0x81,0xFF,0xA8,0xB4,0xF6,0xFF,0xB2,0xBC,0xF0,0xFF,
  0xB4,0xC0,0xF4,0xFF,0xAF,0xB2,0xDE,0xFF,0xAC,0x9A,0xA9,0xFF,
  0xC4,0xC2,0xE0,0xFF,0xC1,0xC1,0xEA,0xFF,0xC2,0xCF,0xFB,0xFF,
  0xC6,0x92,0x68,0xFF,0xBC,0x5E,0x00,0xFF,0xBA,0x64,0x04,0xFF,
  0xBA,0x5F,0x00,0xFF,0xBC,0x64,0x05,0xFF,0xC7,0x6F,0x16,0xFF,
  0xC4,0x6C,0x15,0xFF,0xC0,0x68,0x11,0xFF,0xBE,0x66,0x10,0xFF,
  0xBF,0x66,0x0F,0xFF,0xBD,0x65,0x0F,0xFF,0xBB,0x60,0x0A,0xFF,
  0xBA,0x5D,0x03,0xFF,0xB7,0x5D,0x02,0xFF,0xB4,0x5E,0x03,0xFF,
  0xB0,0x58,0x00,0xFF,0xBC,0x6E,0x26,0xFF,0xC8,0x99,0x8F,0xFF,
  0xC1,0x96,0x8F,0xFF,0xC3,0x9A,0x96,0xFF,0xC4,0x9B,0x97,0xFF,
  0xC5,0x9C,0x96,0xFF,0xC4,0x9B,0x96,0xFF,0xC4,0x9B,0x96,0xFF,
  0xC3,0x9B,0x96,0xFF,0xBE,0xA5,0xAC,0xFF,0xBE,0xA4,0xA5,0xFF,
  0xBE,0x9D,0x99,0xFF,0xC2,0x9F,0x9D,0xFF,0xC3,0x9F,0x9B,0xFF,
  0xC0,0xCA,0xDF,0xFF,0xBB,0xD8,0xF9,0xFF,0xBA,0xD8,0xF9,0xFF,
  0xB5,0xDA,0xFF,0xFF,0xB4,0xCC,0xED,0xFF,0xB9,0xB3,0xC2,0xFF,
  0xBF,0x9F,0x9D,0xFF,0xBD,0x96,0x8C,0xFF,0xBC,0x9D,0x9B,0xFF,
  0xB4,0x72,0x47,0xFF,0xB3,0x5F,0x13,0xFF,0xB4,0x63,0x17,0xFF,
  0xB8,0x7A,0x49,0xFF,0xB2,0x84,0x64,0xFF,0xB5,0x69,0x0F,0xFF,
  0xBC,0x73,0x03,0xFF,0xBB,0x73,0x05,0xFF,0xBA,0x74,0x08,0xFF,
  0xAA,0x8C,0x22,0xFF,0xAC,0x8B,0x24,0xFF,0xAF,0x88,0x1E,0xFF,
  0xAB,0x8E,0x1D,0xFF,0xAF,0x81,0x18,0xFF,0xB2,0x64,0x00,0xFF,
  0xAD,0x67,0x03,0xFF,0xAE,0x68,0x01,0xFF,0xB4,0x65,0x00,0xFF,
  0xAE,0x77,0x0D,0xFF,0x92,0xB1,0x51,0xFF,0x99,0xA7,0x43,0xFF,
  0x99,0xAA,0x47,0xFF,0x96,0xA4,0x37,0xFF,0xA1,0xB7,0x7D,0xFF,
  0xB7,0xD3,0xE2,0xFF,0xB4,0xC6,0xC9,0xFF,0xAE,0xC2,0xBB,0xFF,
  0xAE,0xC3,0xB9,0xFF,0xB0,0xC4,0xB9,0xFF,0xAD,0xD4,0xF6,0xFF,
  0xB0,0xD2,0xF6,0xFF,0xB0,0xCF,0xF0,0xFF,0xB0,0xD5,0xFE,0xFF,
  0xB4,0xD3,0xF7,0xFF,0xB8,0xD2,0xF0,0xFF,0xB8,0xD0,0xEA,0xFF,
  0xBB,0xD2,0xEC,0xFF,0xBE,0xD5,0xF9,0xFF,0xB1,0xC2,0xA8,0xFF,
  0x9A,0xC1,0x6D,0xFF,0x99,0xBD,0x6E,0xFF,0x9D,0xAA,0x56,0xFF,
  0x9D,0xAC,0x58,0xFF,0xAB,0x7E,0x1E,0xFF,0xB4,0x75,0x11,0xFF,
  0xB3,0x7B,0x18,0xFF,0xA9,0x89,0x26,0xFF,0xA9,0x86,0x23,0xFF,
  0xAF,0x7B,0x19,0xFF,0xB1,0x7A,0x16,0xFF,0xA9,0x7B,0x14,0xFF,
  0xA7,0x7B,0x0C,0xFF,0xA7,0x77,0x0A,0xFF,0xAA,0x65,0x00,0xFF,
  0xA9,0x61,0x01,0xFF,0xAA,0x5E,0x01,0xFF,0xB1,0x5F,0x00,0xFF,
  0xB3,0x61,0x00,0xFF,0xAF,0x71,0x0C,0xFF,0xA9,0x82,0x1B,0xFF,
  0xAD,0x7B,0x17,0xFF,0xB2,0x72,0x0D,0xFF,0xB5,0x6F,0x09,0xFF,
  0xB4,0x76,0x15,0xFF,0xB0,0x7B,0x1A,0xFF,0xB1,0x7B,0x19,0xFF,
  0xB0,0x7A,0x18,0xFF,0xB4,0x77,0x14,0xFF,0xB2,0x75,0x14,0xFF,
  0xB3,0x76,0x14,0xFF,0xB2,0x81,0x1E,0xFF,0xB2,0x81,0x21,0xFF,
  0xB5,0x7D,0x1C,0xFF,0xBC,0x82,0x1C,0xFF,0xA5,0x66,0x19,0xFF,
  0x9A,0x57,0x11,0xFF,0xCF,0x81,0x18,0xFF,0xC6,0x7B,0x16,0xFF,
  0xC8,0x7B,0x16,0xFF,0xC8,0x78,0x14,0xFF,0xC2,0x7E,0x1D,0xFF,
  0xC5,0x82,0x1D,0xFF,0xC8,0x81,0x1D,0xFF,0xCC,0x7E,0x1E,0xFF,
  0xCA,0x7A,0x1A,0xFF,0xD0,0x7B,0x20,0xFF,0xCB,0x85,0x24,0xFF,
  0xC7,0x8E,0x2A,0xFF,0xC9,0x8A,0x27,0xFF,0xCB,0x88,0x29,0xFF,
  0xD1,0x85,0x28,0xFF,0xD5,0x7F,0x23,0xFF,0xD2,0x7E,0x23,0xFF,
  0xD4,0x7B,0x22,0xFF,0xD2,0x84,0x27,0xFF,0xCF,0x8D,0x2E,0xFF,
  0xD0,0x8D,0x30,0xFF,0xCF,0x90,0x31,0xFF,0xCA,0x96,0x32,0xFF,
  0xC8,0x98,0x34,0xFF,0xC8,0x9B,0x39,0xFF,0xC8,0x97,0x33,0xFF,
  0xC8,0x94,0x30,0xFF,0xC6,0x90,0x2C,0xFF,0xC2,0x90,0x2C,0xFF,
  0xC1,0x8F,0x2C,0xFF,0xC0,0x8F,0x2C,0xFF,0xC3,0x8E,0x2B,0xFF,
  0xCB,0x82,0x2A,0xFF,0xD0,0x70,0x21,0xFF,0xCE,0x7B,0x23,0xFF,
  0xBE,0x9F,0x36,0xFF,0xBE,0x9C,0x34,0xFF,0xBF,0x9C,0x35,0xFF,
  0xBE,0x9D,0x35,0xFF,0xBF,0x9B,0x35,0xFF,0xC1,0x99,0x33,0xFF,
  0xBF,0x99,0x32,0xFF,0xBC,0x95,0x33,0xFF,0xC6,0x70,0x16,0xFF,
  0xCC,0x6C,0x15,0xFF,0xCD,0x70,0x18,0xFF,0xCE,0x72,0x1A,0xFF,
  0xCE,0x71,0x19,0xFF,0xCF,0x71,0x19,0xFF,0xCE,0x71,0x18,0xFF,
  0xCD,0x71,0x18,0xFF,0xCD,0x71,0x18,0xFF,0xD0,0x71,0x18,0xFF,
  0xD3,0x70,0x18,0xFF,0xD5,0x71,0x1D,0xFF,0xD7,0x6F,0x1D,0xFF,
  0xCE,0x8B,0x2C,0xFF,0xC3,0x9A,0x33,0xFF,0xC6,0x97,0x30,0xFF,
  0xC8,0x96,0x33,0xFF,0xDA,0x7D,0x23,0xFF,0xDB,0x79,0x22,0xFF,
  0xD5,0x83,0x2A,0xFF,0xC9,0x98,0x39,0xFF,0xD1,0x93,0x37,0xFF,
  0xD8,0x83,0x27,0xFF,0xD6,0x88,0x2B,0xFF,0xCC,0x9A,0x4B,0xFF,
  0xC7,0xA1,0x4F,0xFF,0xBA,0xC9,0x88,0xFF,0xB8,0xCF,0x91,0xFF,
  0xB8,0xCF,0x92,0xFF,0xB7,0xCE,0x93,0xFF,0xBB,0xCA,0x8D,0xFF,
  0xC0,0xC8,0xAC,0xFF,0xC3,0xBB,0xC2,0xFF,0xC2,0xB8,0xC8,0xFF,
  0xBE,0xBB,0xC7,0xFF,0xD2,0x81,0x35,0xFF,0xD9,0x7B,0x18,0xFF,
  0xD9,0x7C,0x1D,0xFF,0xDF,0x7F,0x1F,0xFF,0xDE,0x81,0x23,0xFF,
  0xD9,0x86,0x29,0xFF,0xD6,0x8C,0x2E,0xFF,0xD6,0x8B,0x2D,0xFF,
  0xD6,0x8B,0x2E,0xFF,0xD9,0x84,0x25,0xFF,0xD6,0x83,0x23,0xFF,
  0xD5,0x96,0x37,0xFF,0xD5,0x97,0x39,0xFF,0xD4,0x97,0x38,0xFF,
  0xD8,0x8F,0x31,0xFF,0xD9,0x8B,0x2E,0xFF,0xD6,0x91,0x32,0xFF,
  0xD7,0x96,0x38,0xFF,0xD7,0x98,0x3A,0xFF,0xD9,0x95,0x39,0xFF,
  0xDD,0x85,0x2B,0xFF,0xE0,0x84,0x29,0xFF,0xE0,0x86,0x28,0xFF,
  0xD3,0x94,0x37,0xFF,0xCF,0x96,0x35,0xFF,0xCF,0x93,0x32,0xFF,
  0xCE,0x94,0x34,0xFF,0xD9,0x82,0x27,0xFF,0xD4,0x7B,0x2A,0xFF,
  0xCC,0x8E,0x4E,0xFF,0xD1,0x8C,0x4E,0xFF,0xD2,0x8D,0x50,0xFF,
  0xCB,0x89,0x48,0xFF,0xD7,0x83,0x23,0xFF,0xC8,0xA5,0x7C,0xFF,
  0xC2,0xAA,0xA9,0xFF,0xC2,0xA4,0xA1,0xFF,0xD1,0xA2,0x81,0xFF,
  0xDF,0xAB,0x7D,0xFF,0xEA,0xE4,0xD8,0xFF,0xEC,0xE2,0xD2,0xFF,
  0xF2,0xF3,0xEB,0xFF,0xE9,0xE0,0xD2,0xFF,0xD3,0xAD,0x86,0xFF,
  0xF2,0xF5,0xEE,0xFF,0xF1,0xF1,0xE9,0xFF,0xED,0xF9,0xF7,0xFF,
  0xCE,0xA2,0x87,0xFF,0xBA,0x75,0x3A,0xFF,0xBD,0x7F,0x46,0xFF,
  0xC0,0x81,0x4A,0xFF,0xBB,0x77,0x39,0xFF,0xBB,0x64,0x0D,0xFF,
  0xBC,0x64,0x0F,0xFF,0xBE,0x65,0x0F,0xFF,0xC7,0x6D,0x1A,0xFF,
  0xC3,0x6D,0x1C,0xFF,0xC1,0x6B,0x17,0xFF,0xC0,0x72,0x29,0xFF,
  0xBE,0x7D,0x49,0xFF,0xBB,0x79,0x42,0xFF,0xB4,0x76,0x41,0xFF,
  0xB4,0x74,0x3C,0xFF,0xBB,0x7D,0x54,0xFF,0xC4,0x97,0x8E,0xFF,
  0xC2,0x96,0x8D,0xFF,0xC2,0x96,0x8E,0xFF,0xC2,0x99,0x93,0xFF,
  0xC3,0x9A,0x96,0xFF,0xC3,0x9A,0x97,0xFF,0xC3,0x9A,0x96,0xFF,
  0xC3,0x9A,0x97,0xFF,0xC2,0x9C,0x98,0xFF,0xBD,0x98,0x92,0xFF,
  0xBE,0x9C,0x9A,0xFF,0xBF,0x9F,0x9F,0xFF,0xC3,0x99,0x93,0xFF,
  0xBE,0xC9,0xE0,0xFF,0xBF,0xDA,0xF6,0xFF,0xC0,0xBE,0xCF,0xFF,
  0xB8,0xC2,0xD6,0xFF,0xB9,0xB2,0xBF,0xFF,0xC3,0x8C,0x7F,0xFF,
  0xBF,0x91,0x82,0xFF,0xBC,0x93,0x84,0xFF,0xBD,0x95,0x8A,0xFF,
  0xB8,0x82,0x65,0xFF,0xB9,0x7B,0x4F,0xFF,0xB9,0x7B,0x50,0xFF,
  0xBD,0x88,0x6D,0xFF,0xBD,0x8F,0x7D,0xFF,0xBB,0x7D,0x4D,0xFF,
  0xBA,0x81,0x44,0xFF,0xBA,0x80,0x44,0xFF,0xBB,0x83,0x47,0xFF,
  0xB8,0x8B,0x52,0xFF,0xB7,0x8D,0x56,0xFF,0xB8,0x8E,0x55,0xFF,
  0xB9,0x90,0x50,0xFF,0xB8,0x89,0x4D,0xFF,0xB5,0x7D,0x45,0xFF,
  0xB7,0x79,0x39,0xFF,0xB8,0x84,0x4A,0xFF,0xB5,0x92,0x65,0xFF,
  0xB7,0x95,0x64,0xFF,0xAE,0xAC,0x79,0xFF,0xAA,0xB4,0x82,0xFF,
  0xAB,0xB7,0x86,0xFF,0xAC,0xB7,0x80,0xFF,0xB1,0xC3,0xAF,0xFF,
  0xBD,0xD4,0xE7,0xFF,0xB8,0xCE,0xDB,0xFF,0xB3,0xCA,0xD2,0xFF,
  0xAE,0xC9,0xCF,0xFF,0xAD,0xC9,0xD0,0xFF,0xAB,0xC5,0xDD,0xFF,
  0xAF,0xA8,0xA8,0xFF,0xB0,0x9E,0x89,0xFF,0xAE,0xBD,0xCF,0xFF,
  0xB0,0xB4,0xB7,0xFF,0xB8,0xB4,0xAF,0xFF,0xB8,0xC8,0xD9,0xFF,
  0xB7,0xCC,0xE6,0xFF,0xB9,0xCE,0xEC,0xFF,0xB3,0xBD,0xB0,0xFF,
  0xA6,0xA9,0x7A,0xFF,0xA1,0x92,0x58,0xFF,0xA5,0x82,0x42,0xFF,
  0xA9,0x83,0x4A,0xFF,0xB2,0x7D,0x49,0xFF,0xB3,0x7F,0x48,0xFF,
  0xB6,0x7B,0x3A,0xFF,0xB6,0x82,0x3A,0xFF,0xAC,0x8F,0x43,0xFF,
  0xAC,0x94,0x47,0xFF,0xAC,0x97,0x47,0xFF,0xA9,0x98,0x46,0xFF,
  0xA8,0x97,0x42,0xFF,0xAB,0x8A,0x3B,0xFF,0xB3,0x78,0x3D,0xFF,
  0xB4,0x74,0x3F,0xFF,0xB2,0x73,0x3B,0xFF,0xB2,0x74,0x3A,0xFF,
  0xB3,0x78,0x3F,0xFF,0xB3,0x72,0x34,0xFF,0xAD,0x6B,0x26,0xFF,
  0xAE,0x6E,0x27,0xFF,0xB3,0x70,0x24,0xFF,0xB7,0x6F,0x29,0xFF,
  0xAB,0x85,0x32,0xFF,0xA8,0x8F,0x34,0xFF,0xB2,0x8C,0x30,0xFF,
  0xB2,0x90,0x35,0xFF,0xB5,0x90,0x34,0xFF,0xB4,0x92,0x35,0xFF,
  0xB3,0x92,0x37,0xFF,0xB3,0x87,0x2D,0xFF,0xAF,0x85,0x29,0xFF,
  0xA9,0x84,0x2A,0xFF,0xAD,0x86,0x2A,0xFF,0x94,0x6E,0x22,0xFF,
  0x9A,0x5A,0x13,0xFF,0xCA,0x83,0x1B,0xFF,0xC5,0x7E,0x1B,0xFF,
  0xC8,0x80,0x1C,0xFF,0xBF,0x8F,0x2D,0xFF,0xB9,0x9B,0x3A,0xFF,
  0xC0,0x9A,0x39,0xFF,0xC7,0x90,0x2E,0xFF,0xC9,0x8C,0x2C,0xFF,
  0xCB,0x8A,0x2E,0xFF,0xCA,0x88,0x2B,0xFF,0xCA,0x87,0x2A,0xFF,
  0xCB,0x87,0x28,0xFF,0xCC,0x84,0x27,0xFF,0xCB,0x84,0x27,0xFF,
  0xCB,0x81,0x25,0xFF,0xC7,0x86,0x2B,0xFF,0xC5,0x88,0x33,0xFF,
  0xC7,0x8A,0x33,0xFF,0xC7,0x93,0x35,0xFF,0xC8,0x95,0x37,0xFF,
  0xCB,0x95,0x3B,0xFF,0xCA,0x97,0x3C,0xFF,0xC6,0x9B,0x3D,0xFF,
  0xC7,0x9B,0x3B,0xFF,0xC8,0x98,0x35,0xFF,0xC8,0x97,0x35,0xFF,
  0xC7,0x94,0x31,0xFF,0xBF,0x96,0x36,0xFF,0xBB,0x95,0x38,0xFF,
  0xBD,0x96,0x37,0xFF,0xBF,0x97,0x36,0xFF,0xC6,0x87,0x27,0xFF,
  0xCD,0x78,0x23,0xFF,0xCB,0x79,0x26,0xFF,0xCB,0x82,0x29,0xFF,
  0xC4,0x97,0x35,0xFF,0xC4,0x97,0x34,0xFF,0xC4,0x98,0x34,0xFF,
  0xC4,0x97,0x34,0xFF,0xC1,0x9D,0x3B,0xFF,0xBB,0xA5,0x45,0xFF,
  0xBB,0xA1,0x3F,0xFF,0xB9,0xA2,0x40,0xFF,0xBC,0x89,0x2E,0xFF,
  0xC2,0x82,0x35,0xFF,0xC2,0x83,0x33,0xFF,0xC5,0x86,0x32,0xFF,
  0xC9,0x88,0x36,0xFF,0xC9,0x8C,0x3A,0xFF,0xC9,0x8C,0x39,0xFF,
  0xCA,0x8B,0x3B,0xFF,0xC9,0x8A,0x39,0xFF,0xCB,0x8A,0x3A,0xFF,
  0xCD,0x8A,0x39,0xFF,0xCD,0x8A,0x3A,0xFF,0xCF,0x8A,0x39,0xFF,
  0xC8,0x9C,0x44,0xFF,0xC4,0xA3,0x47,0xFF,0xC5,0xA3,0x46,0xFF,
  0xC2,0x9C,0x42,0xFF,0xCD,0x82,0x29,0xFF,0xCE,0x7E,0x21,0xFF,
  0xC5,0x8B,0x2A,0xFF,0xBC,0x9F,0x39,0xFF,0xBF,0x9A,0x35,0xFF,
  0xBE,0xA5,0x4A,0xFF,0xBB,0xAF,0x56,0xFF,0xB7,0xC6,0x7F,0xFF,
  0xB8,0xCC,0x8A,0xFF,0xBB,0xC9,0x87,0xFF,0xBA,0xCB,0x8C,0xFF,
  0xBA,0xCB,0x8C,0xFF,0xBA,0xCB,0x8B,0xFF,0xB9,0xCC,0x8C,0xFF,
  0xB9,0xCC,0x8C,0xFF,0xBD,0xCA,0x98,0xFF,0xBD,0xC2,0x9B,0xFF,
  0xBC,0xBA,0x9B,0xFF,0xC8,0x9E,0x67,0xFF,0xD0,0x92,0x57,0xFF,
  0xCE,0x99,0x64,0xFF,0xCD,0x9C,0x67,0xFF,0xD0,0x9B,0x66,0xFF,
  0xCE,0x9F,0x63,0xFF,0xCC,0x9E,0x5F,0xFF,0xD0,0x9E,0x5B,0xFF,
  0xCF,0x9D,0x57,0xFF,0xD0,0x9C,0x55,0xFF,0xCE,0x9E,0x57,0xFF,
  0xCE,0xA4,0x5D,0xFF,0xCB,0xA8,0x61,0xFF,0xCC,0xAA,0x66,0xFF,
  0xD0,0xA7,0x67,0xFF,0xD0,0xA8,0x69,0xFF,0xD3,0xA8,0x66,0xFF,
  0xD5,0xAA,0x64,0xFF,0xD0,0xA7,0x60,0xFF,0xD2,0xA8,0x61,0xFF,
  0xD5,0xA7,0x61,0xFF,0xD4,0xA5,0x5E,0xFF,0xD5,0xA4,0x5E,0xFF,
  0xD0,0xA3,0x55,0xFF,0xD0,0xA1,0x53,0xFF,0xD0,0xA2,0x54,0xFF,
  0xD2,0x9B,0x49,0xFF,0xDC,0x92,0x44,0xFF,0xD5,0xA1,0x77,0xFF,
  0xD3,0xE0,0xEC,0xFF,0xD9,0xE9,0xFB,0xFF,0xD3,0xEA,0xFF,0xFF,
  0xC7,0xC6,0xC7,0xFF,0xD3,0xAD,0x76,0xFF,0xCB,0xE0,0xEB,0xFF,
  0xCB,0xE3,0xFB,0xFF,0xCF,0xE4,0xF6,0xFF,0xCD,0xF0,0xFF,0xFF,
  0xD7,0xD5,0xCF,0xFF,0xCE,0xA7,0x88,0xFF,0xCD,0xA5,0x8A,0xFF,
  0xD7,0xC6,0xC0,0xFF,0xDD,0xEB,0xFB,0xFF,0xD4,0xDB,0xE4,0xFF,
  0xCE,0xCB,0xCD,0xFF,0xD8,0xDB,0xE5,0xFF,0xD3,0xE0,0xF0,0xFF,
  0xCA,0xC0,0xC8,0xFF,0xD0,0xBD,0xC2,0xFF,0xD3,0xC6,0xC9,0xFF,
  0xD5,0xCF,0xD8,0xFF,0xD0,0xB3,0xA5,0xFF,0xBA,0x60,0x0D,0xFF,
  0xBA,0x62,0x0C,0xFF,0xB8,0x63,0x0F,0xFF,0xCC,0x86,0x4E,0xFF,
  0xCA,0x87,0x52,0xFF,0xC6,0x81,0x4E,0xFF,0xC5,0x93,0x73,0xFF,
  0xC8,0xAC,0xAE,0xFF,0xC7,0xA7,0xA8,0xFF,0xC8,0xA9,0xAB,0xFF,
  0xC8,0xAA,0xAD,0xFF,0xC3,0x9D,0x99,0xFF,0xC2,0x94,0x8B,0xFF,
  0xC3,0x95,0x8C,0xFF,0xC3,0x95,0x8B,0xFF,0xC2,0x92,0x85,0xFF,
  0xC1,0x93,0x84,0xFF,0xC3,0x9A,0x95,0xFF,0xC3,0x98,0x91,0xFF,
  0xC2,0x9A,0x94,0xFF,0xC0,0x98,0x8F,0xFF,0xC0,0x9F,0x9B,0xFF,
  0xC2,0xA5,0xA8,0xFF,0xC2,0xA3,0xA1,0xFF,0xC1,0xA7,0xA9,0xFF,
  0xC3,0xBA,0xC4,0xFF,0xC5,0xB3,0xB6,0xFF,0xC4,0x95,0x8C,0xFF,
  0xC4,0x95,0x8E,0xFF,0xC3,0x96,0x8E,0xFF,0xC2,0x97,0x90,0xFF,
  0xC1,0x92,0x85,0xFF,0xC2,0x8D,0x78,0xFF,0xC3,0x94,0x85,0xFF,
  0xC3,0xA2,0xA4,0xFF,0xC4,0xA5,0xA6,0xFF,0xC4,0xA7,0xA9,0xFF,
  0xC5,0xA6,0xA7,0xFF,0xC4,0xA6,0xA6,0xFF,0xC3,0xA6,0xAA,0xFF,
  0xC1,0xA3,0xA9,0xFF,0xBF,0xA1,0xA6,0xFF,0xBF,0xA0,0xA4,0xFF,
  0xC1,0xA0,0xA5,0xFF,0xC3,0xA3,0xA8,0xFF,0xC4,0xA5,0xAA,0xFF,
  0xC5,0xA6,0xAA,0xFF,0xC4,0xA5,0xA9,0xFF,0xC0,0x9E,0xA0,0xFF,
  0xC1,0x96,0x92,0xFF,0xBD,0xCA,0xE6,0xFF,0xB5,0xDF,0xFF,0xFF,
  0xB8,0xDA,0xFF,0xFF,0xBC,0xDF,0xFF,0xFF,0xBD,0xE0,0xFF,0xFF,
  0xC1,0xDF,0xFF,0xFF,0xC4,0xE1,0xFF,0xFF,0xBE,0xD9,0xFE,0xFF,
  0xBD,0xD1,0xF0,0xFF,0xBE,0xD1,0xF0,0xFF,0xBF,0xD2,0xF0,0xFF,
  0xB6,0xCF,0xF3,0xFF,0xB5,0xD2,0xF7,0xFF,0xBD,0x97,0x83,0xFF,
  0xC0,0x7B,0x58,0xFF,0xBC,0x7D,0x59,0xFF,0xBE,0x7F,0x55,0xFF,
  0xC2,0x92,0x76,0xFF,0xBA,0xBA,0xCD,0xFF,0xB7,0xC4,0xE6,0xFF,
  0xB3,0xC1,0xEB,0xFF,0xB1,0xC5,0xEE,0xFF,0xB5,0xC6,0xE9,0xFF,
  0xB4,0xA4,0xB8,0xFF,0xAF,0x95,0xA0,0xFF,0xB3,0xA0,0xAE,0xFF,
  0xB8,0xAA,0xBF,0xFF,0xBB,0xAA,0xBE,0xFF,0xBA,0xAA,0xBD,0xFF,
  0xC0,0x89,0x78,0xFF,0xB5,0x96,0x69,0xFF,0x9D,0xCE,0x9F,0xFF,
  0x9E,0xCE,0xA5,0xFF,0x9E,0xCE,0xA5,0xFF,0xA1,0xCC,0xA0,0xFF,
  0xAB,0xC2,0x8E,0xFF,0xAD,0xC1,0x8D,0xFF,0xB9,0xB5,0x99,0xFF,
  0xC4,0xAE,0xB4,0xFF,0xC3,0xB0,0xBA,0xFF,0xC3,0xAB,0xB3,0xFF,
  0xC1,0xAB,0xB9,0xFF,0xC1,0x98,0x93,0xFF,0xBE,0x83,0x66,0xFF,
  0xC0,0x88,0x6D,0xFF,0xBF,0x87,0x6B,0xFF,0xC1,0x84,0x6C,0xFF,
  0xA0,0xAC,0x6A,0xFF,0x95,0xC3,0x6A,0xFF,0x9F,0xC0,0x71,0xFF,
  0xA2,0xC1,0x76,0xFF,0xA4,0xC1,0x77,0xFF,0xA3,0xC1,0x77,0xFF,
  0xA2,0xC0,0x76,0xFF,0xA0,0xB7,0x66,0xFF,0x9F,0xB5,0x62,0xFF,
  0x98,0xB6,0x60,0xFF,0x98,0xBD,0x64,0xFF,0x88,0x93,0x54,0xFF,
  0xA2,0x84,0x3A,0xFF,0xC4,0xAD,0x4C,0xFF,0xBB,0xA4,0x45,0xFF,
  0xBE,0xA7,0x47,0xFF,0xBA,0xAD,0x4E,0xFF,0xBB,0xAD,0x4F,0xFF,
  0xC0,0xA9,0x49,0xFF,0xC2,0xA6,0x44,0xFF,0xBF,0xAA,0x49,0xFF,
  0xBE,0xAB,0x4C,0xFF,0xBE,0xA8,0x46,0xFF,0xBF,0xA1,0x3B,0xFF,
  0xC0,0x9A,0x31,0xFF,0xC1,0x9B,0x32,0xFF,0xBF,0x9B,0x33,0xFF,
  0xBF,0x94,0x2B,0xFF,0xB8,0xA4,0x3E,0xFF,0xB1,0xB4,0x51,0xFF,
  0xB3,0xB5,0x50,0xFF,0xB2,0xB6,0x53,0xFF,0xB3,0xB5,0x54,0xFF,
  0xB4,0xB7,0x59,0xFF,0xB5,0xB8,0x5E,0xFF,0xB6,0xBC,0x68,0xFF,
  0xC4,0xA8,0x4D,0xFF,0xCA,0x94,0x2B,0xFF,0xC8,0x96,0x2D,0xFF,
  0xC7,0x92,0x26,0xFF,0xB5,0xB1,0x4F,0xFF,0xB1,0xB7,0x5C,0xFF,
  0xB4,0xB7,0x5D,0xFF,0xB4,0xBA,0x5F,0xFF,0xC4,0x9E,0x39,0xFF,
  0xC7,0x98,0x2F,0xFF,0xC0,0xA2,0x3A,0xFF,0xC1,0xA1,0x39,0xFF,
  0xC0,0xA1,0x39,0xFF,0xCA,0x85,0x20,0xFF,0xD3,0x7D,0x1B,0xFF,
  0xD3,0x7A,0x1A,0xFF,0xC4,0x94,0x30,0xFF,0xB2,0xBD,0x5C,0xFF,
  0xB3,0xB9,0x58,0xFF,0xB3,0xB8,0x56,0xFF,0xB7,0xC0,0x69,0xFF,
  0xB8,0xC7,0x7D,0xFF,0xB8,0xC6,0x7C,0xFF,0xB9,0xC7,0x7C,0xFF,
  0xB9,0xC9,0x81,0xFF,0xB8,0xCC,0x8A,0xFF,0xB6,0xCD,0x8C,0xFF,
  0xBD,0xD1,0x9B,0xFF,0xC0,0xD2,0xA2,0xFF,0xC0,0xCF,0x9C,0xFF,
  0xBF,0xC7,0x85,0xFF,0xBE,0xC7,0x83,0xFF,0xBB,0xC8,0x82,0xFF,
  0xB9,0xC7,0x7D,0xFF,0xBA,0xC4,0x78,0xFF,0xB8,0xC5,0x79,0xFF,
  0xBB,0xC0,0x76,0xFF,0xC6,0x8C,0x2B,0xFF,0xC3,0x8F,0x24,0xFF,
  0xC1,0x96,0x2A,0xFF,0xC2,0x96,0x27,0xFF,0xBE,0x98,0x2C,0xFF,
  0xB3,0xC5,0x7A,0xFF,0xB5,0xC6,0x81,0xFF,0xB6,0xC3,0x7A,0xFF,
  0xB6,0xC0,0x77,0xFF,0xB5,0xBD,0x73,0xFF,0xB5,0xC7,0x87,0xFF,
  0xB4,0xC9,0x8C,0xFF,0xB5,0xC8,0x88,0xFF,0xB5,0xC9,0x8B,0xFF,
  0xB5,0xCC,0x95,0xFF,0xB4,0xCD,0x90,0xFF,0xBA,0xCE,0xAA,0xFF,
  0xB9,0xCD,0xCA,0xFF,0xB9,0xD2,0xD9,0xFF,0xB6,0xD8,0xE9,0xFF,
  0xB6,0xD9,0xEC,0xFF,0xB7,0xD8,0xEC,0xFF,0xBA,0xD5,0xE2,0xFF,
  0xC0,0xCD,0xBA,0xFF,0xC0,0xD5,0xC0,0xFF,0xC0,0xD4,0xC1,0xFF,
  0xC0,0xD5,0xBF,0xFF,0xC0,0xD5,0xBF,0xFF,0xC0,0xD5,0xBF,0xFF,
  0xC1,0xD4,0xBD,0xFF,0xC0,0xD4,0xBC,0xFF,0xC0,0xD5,0xC0,0xFF,
  0xC1,0xD1,0xB4,0xFF,0xC3,0xCE,0xAD,0xFF,0xC0,0xD5,0xC2,0xFF,
  0xC0,0xD4,0xBC,0xFF,0xBF,0xD4,0xB7,0xFF,0xC0,0xCF,0xAE,0xFF,
  0xC2,0xCB,0xA1,0xFF,0xC1,0xCD,0xA8,0xFF,0xC2,0xCB,0xA9,0xFF,
  0xC2,0xC8,0xA9,0xFF,0xC2,0xC6,0xAA,0xFF,0xC6,0xCB,0xA8,0xFF,
  0xD8,0xA6,0x5E,0xFF,0xDC,0xCC,0xC0,0xFF,0xD6,0xEA,0xFF,0xFF,
  0xD8,0xE2,0xF6,0xFF,0xD3,0xE4,0xFA,0xFF,0xCE,0xE3,0xFB,0xFF,
  0xD0,0xE3,0xF7,0xFF,0xD0,0xE5,0xFB,0xFF,0xD0,0xE4,0xF8,0xFF,
  0xD4,0xE5,0xF6,0xFF,0xD3,0xE7,0xF6,0xFF,0xD0,0xEA,0xF7,0xFF,
  0xD1,0xE2,0xF0,0xFF,0xCD,0xDC,0xE1,0xFF,0xCC,0xD9,0xE2,0xFF,
  0xCD,0xDD,0xEF,0xFF,0xC5,0xDE,0xF5,0xFF,0xBE,0xAB,0x94,0xFF,
  0xB9,0xA3,0x87,0xFF,0xBF,0xCB,0xD9,0xFF,0xC6,0xDB,0xF2,0xFF,
  0xC6,0xBB,0xC3,0xFF,0xCF,0xB8,0xB5,0xFF,0xD3,0xC4,0xC0,0xFF,
  0xD3,0xCD,0xD2,0xFF,0xD0,0xB6,0xA9,0xFF,0xC0,0x63,0x0E,0xFF,
  0xBD,0x62,0x0F,0xFF,0xB7,0x60,0x17,0xFF,0xC0,0x9E,0x9D,0xFF,
  0xC1,0xA6,0xAE,0xFF,0xBE,0x9E,0xA6,0xFF,0xC0,0x9F,0xA1,0xFF,
  0xC1,0xA0,0xA3,0xFF,0xC7,0xA7,0xA6,0xFF,0xC8,0xAB,0xB1,0xFF,
  0xC8,0xAC,0xB1,0xFF,0xC5,0xA0,0x9E,0xFF,0xC1,0x9D,0x9E,0xFF,
  0xC0,0x9A,0x9A,0xFF,0xBF,0x8F,0x84,0xFF,0xC0,0x8F,0x82,0xFF,
  0xBF,0x88,0x7A,0xFF,0xC0,0x89,0x7C,0xFF,0xBF,0x89,0x7D,0xFF,
  0xBC,0x89,0x78,0xFF,0xBE,0x98,0x98,0xFF,0xBD,0x9F,0xA5,0xFF,
  0xBF,0x9E,0xA5,0xFF,0xBD,0xA1,0xAA,0xFF,0xBC,0xAA,0xB5,0xFF,
  0xC4,0x9B,0x96,0xFF,0xC5,0x98,0x91,0xFF,0xC5,0x9E,0x98,0xFF,
  0xC4,0x9C,0x98,0xFF,0xC3,0x9A,0x95,0xFF,0xC1,0x96,0x91,0xFF,
  0xC3,0x8E,0x7E,0xFF,0xC3,0x83,0x62,0xFF,0xC3,0x93,0x7D,0xFF,
  0xC2,0xA0,0x9F,0xFF,0xC3,0x9F,0x9A,0xFF,0xC4,0xA0,0x9A,0xFF,
  0xC4,0xA0,0x9A,0xFF,0xC4,0x9E,0x98,0xFF,0xC2,0x9A,0x93,0xFF,
  0xC0,0x97,0x90,0xFF,0xBD,0x97,0x91,0xFF,0xBC,0x98,0x94,0xFF,
  0xBC,0x99,0x94,0xFF,0xC0,0x9A,0x95,0xFF,0xC3,0x9D,0x97,0xFF,
  0xC4,0x9E,0x97,0xFF,0xC4,0x99,0x90,0xFF,0xBE,0xBE,0xC7,0xFF,
  0xB9,0xD2,0xED,0xFF,0xBB,0xD6,0xF4,0xFF,0xB6,0xD7,0xF5,0xFF,
  0xB4,0xD6,0xF5,0xFF,0xB4,0xDB,0xFA,0xFF,0xB9,0xDB,0xF9,0xFF,
  0xBB,0xDA,0xF8,0xFF,0xBC,0xDC,0xF8,0xFF,0xBA,0xD2,0xF1,0xFF,
  0xBB,0xCD,0xEE,0xFF,0xBF,0xD3,0xF1,0xFF,0xBD,0xD2,0xF1,0xFF,
  0xBE,0xD3,0xF1,0xFF,0xBE,0xD6,0xF0,0xFF,0xBE,0x8E,0x74,0xFF,
  0xC0,0x7E,0x58,0xFF,0xBF,0x83,0x62,0xFF,0xC5,0x7C,0x50,0xFF,
  0xC2,0xB8,0xBF,0xFF,0xBD,0xDC,0xFF,0xFF,0xBA,0xCA,0xEB,0xFF,
  0xB5,0xC9,0xEF,0xFF,0xB0,0xC4,0xEB,0xFF,0xB0,0x96,0xA0,0xFF,
  0xAE,0x90,0x94,0xFF,0xAF,0x8F,0x91,0xFF,0xB8,0x9F,0xA5,0xFF,
  0xB7,0xC5,0xE0,0xFF,0xB6,0xC4,0xDC,0xFF,0xB7,0xCA,0xE2,0xFF,
  0xBB,0xCD,0xE3,0xFF,0xBC,0xD0,0xDF,0xFF,0xAF,0xD0,0xC2,0xFF,
  0xA4,0xC8,0x9A,0xFF,0xA2,0xCD,0xAE,0xFF,0xA8,0xC2,0x83,0xFF,
  0xB1,0xB9,0x78,0xFF,0xAF,0xB8,0x7F,0xFF,0xB4,0xB3,0x73,0xFF,
  0xBD,0xA4,0x87,0xFF,0xC0,0xAA,0xB3,0xFF,0xC1,0xA8,0xAC,0xFF,
  0xC1,0xAA,0xB0,0xFF,0xBF,0x93,0x87,0xFF,0xBD,0x7F,0x60,0xFF,
  0xBD,0x83,0x67,0xFF,0xBF,0x84,0x66,0xFF,0xC5,0x82,0x61,0xFF,
  0xAB,0xA1,0x5F,0xFF,0x97,0xBD,0x69,0xFF,0x99,0xBB,0x6A,0xFF,
  0x9C,0xBA,0x6B,0xFF,0xA0,0xBA,0x6C,0xFF,0xA0,0xB9,0x6C,0xFF,
  0x9F,0xB6,0x6A,0xFF,0x9E,0xB2,0x62,0xFF,0x9E,0xB1,0x5C,0xFF,
  0x9C,0xB0,0x5B,0xFF,0x9D,0xB8,0x60,0xFF,0x87,0x8E,0x4E,0xFF,
  0xA0,0x82,0x4B,0xFF,0xCB,0xBC,0x78,0xFF,0xC1,0xAE,0x6C,0xFF,
  0xC3,0xAE,0x6D,0xFF,0xC3,0xAE,0x6B,0xFF,0xC3,0xAF,0x6A,0xFF,
  0xC3,0xAE,0x65,0xFF,0xC4,0xAF,0x65,0xFF,0xC3,0xAF,0x68,0xFF,
  0xC4,0xAF,0x67,0xFF,0xC4,0xAD,0x66,0xFF,0xC4,0xAB,0x62,0xFF,
  0xC5,0xA9,0x5F,0xFF,0xC2,0xA7,0x5C,0xFF,0xC2,0xA8,0x5B,0xFF,
  0xC4,0xA8,0x5B,0xFF,0xC0,0xB5,0x69,0xFF,0xBD,0xBC,0x76,0xFF,
  0xBE,0xBD,0x7C,0xFF,0xBE,0xC0,0x87,0xFF,0xBE,0xC1,0x89,0xFF,
  0xBE,0xC3,0x90,0xFF,0xBE,0xC4,0x90,0xFF,0xC4,0xBB,0x88,0xFF,
  0xD0,0xB2,0x81,0xFF,0xD1,0xAF,0x79,0xFF,0xCF,0xAE,0x7A,0xFF,
  0xCF,0xAC,0x73,0xFF,0xC2,0xBE,0x88,0xFF,0xBD,0xC5,0x8F,0xFF,
  0xBD,0xC3,0x8D,0xFF,0xBE,0xC3,0x8F,0xFF,0xCA,0xB3,0x79,0xFF,
  0xC9,0xB4,0x78,0xFF,0xC8,0xB9,0x7D,0xFF,0xCA,0xB8,0x7E,0xFF,
  0xC9,0xBB,0x80,0xFF,0xCE,0xAB,0x73,0xFF,0xD1,0x94,0x5D,0xFF,
  0xCB,0x8D,0x56,0xFF,0xC8,0x96,0x58,0xFF,0xB9,0xAF,0x73,0xFF,
  0xB7,0xAF,0x73,0xFF,0xBC,0xAE,0x72,0xFF,0xBA,0xBE,0x8C,0xFF,
  0xBE,0xC8,0x9C,0xFF,0xC3,0xC8,0x99,0xFF,0xC2,0xC9,0x9C,0xFF,
  0xC3,0xCA,0x9E,0xFF,0xC4,0xCB,0x9E,0xFF,0xC3,0xCB,0xA1,0xFF,
  0xC5,0xD3,0xB5,0xFF,0xCB,0xD7,0xBF,0xFF,0xC9,0xD3,0xB6,0xFF,
  0xCB,0xCD,0xAB,0xFF,0xC9,0xCE,0xAA,0xFF,0xC5,0xCF,0xA6,0xFF,
  0xC3,0xCC,0xA4,0xFF,0xC4,0xC8,0xA0,0xFF,0xC0,0xC9,0xA1,0xFF,
  0xC1,0xC4,0x9C,0xFF,0xCE,0x9F,0x6A,0xFF,0xC9,0x9F,0x69,0xFF,
  0xCB,0xA4,0x66,0xFF,0xCB,0xA5,0x6B,0xFF,0xCF,0xA2,0x5D,0xFF,
  0xD8,0x98,0x3E,0xFF,0xDA,0xA1,0x47,0xFF,0xD9,0x9B,0x40,0xFF,
  0xDC,0xBA,0x64,0xFF,0xDB,0xD3,0x86,0xFF,0xDB,0xCF,0x81,0xFF,
  0xDE,0xD2,0x86,0xFF,0xE3,0xD5,0x8D,0xFF,0xE4,0xD1,0x7E,0xFF,
  0xE4,0xC1,0x56,0xFF,0xE5,0xC0,0x53,0xFF,0xE9,0xC3,0x5F,0xFF,
  0xE3,0xC4,0x6A,0xFF,0xE2,0xC2,0x66,0xFF,0xE2,0xBA,0x5A,0xFF,
  0xE2,0xB9,0x59,0xFF,0xE4,0xBB,0x5B,0xFF,0xE7,0xBA,0x53,0xFF,
  0xEC,0xB7,0x3E,0xFF,0xEC,0xB9,0x3F,0xFF,0xE9,0xB8,0x43,0xFF,
  0xE9,0xB8,0x44,0xFF,0xE9,0xB8,0x45,0xFF,0xE9,0xB8,0x45,0xFF,
  0xE9,0xB8,0x45,0xFF,0xE9,0xB8,0x45,0xFF,0xE9,0xB9,0x45,0xFF,
  0xE9,0xB8,0x43,0xFF,0xEA,0xB8,0x46,0xFF,0xE9,0xB8,0x46,0xFF,
  0xE9,0xB9,0x43,0xFF,0xEC,0xB6,0x3B,0xFF,0xEC,0xB1,0x34,0xFF,
  0xEC,0xAF,0x2E,0xFF,0xEB,0xAF,0x31,0xFF,0xF0,0xAD,0x2D,0xFF,
  0xF1,0xAD,0x2A,0xFF,0xF1,0xAD,0x2A,0xFF,0xF2,0xAE,0x26,0xFF,
  0xF7,0xAB,0x17,0xFF,0xF7,0xC2,0x37,0xFF,0xF5,0xC4,0x3F,0xFF,
  0xF5,0xC2,0x3D,0xFF,0xF5,0xC5,0x3F,0xFF,0xF6,0xC7,0x3E,0xFF,
  0xF6,0xC5,0x33,0xFF,0xF6,0xC4,0x2F,0xFF,0xF7,0xC3,0x30,0xFF,
  0xF7,0xC1,0x34,0xFF,0xF7,0xC2,0x34,0xFF,0xF7,0xC1,0x35,0xFF,
  0xF6,0xBF,0x33,0xFF,0xF7,0xC0,0x34,0xFF,0xF7,0xC1,0x32,0xFF,
  0xF6,0xBF,0x2F,0xFF,0xF4,0xBC,0x2C,0xFF,0xF5,0xB8,0x21,0xFF,
  0xF3,0xB8,0x24,0xFF,0xF0,0xB8,0x2B,0xFF,0xF2,0xB8,0x2C,0xFF,
  0xF4,0xB9,0x27,0xFF,0xF6,0xBE,0x2B,0xFF,0xF7,0xC2,0x33,0xFF,
  0xF6,0xC3,0x3B,0xFF,0xF3,0xBD,0x34,0xFF,0xF4,0xAD,0x15,0xFF,
  0xF4,0xA9,0x0F,0xFF,0xF1,0xB1,0x33,0xFF,0xEC,0xD4,0x94,0xFF,
  0xEC,0xD4,0x94,0xFF,0xED,0xD4,0x94,0xFF,0xEC,0xD1,0x90,0xFF,
  0xEC,0xB9,0x57,0xFF,0xEF,0xB9,0x4F,0xFF,0xED,0xB9,0x55,0xFF,
  0xEE,0xBA,0x58,0xFF,0xE8,0xAB,0x53,0xFF,0xDF,0x86,0x3F,0xFF,
  0xE1,0x8A,0x40,0xFF,0xDF,0x81,0x38,0xFF,0xDC,0x7E,0x37,0xFF,
  0xD8,0xA0,0x6E,0xFF,0xD6,0xAE,0x8B,0xFF,0xD9,0xAD,0x81,0xFF,
  0xD4,0xA9,0x7E,0xFF,0xD2,0xA8,0x85,0xFF,0xD7,0xA1,0x6E,0xFF,
  0xD9,0xA2,0x60,0xFF,0xD9,0xA9,0x77,0xFF,0xD3,0xAA,0x8F,0xFF,
  0xC8,0x9E,0x93,0xFF,0xC1,0x97,0x91,0xFF,0xC3,0x9A,0x95,0xFF,
  0xC5,0x98,0x8F,0xFF,0xC8,0xB7,0xBA,0xFF,0xCB,0xD1,0xE1,0xFF,
  0xCD,0xCA,0xD7,0xFF,0xCE,0xCC,0xD7,0xFF,0xC8,0xCB,0xD9,0xFF,
  0xC1,0xC7,0xDC,0xFF,0xC2,0xC4,0xD8,0xFF,0xC3,0xC4,0xD7,0xFF,
  0xC1,0xC2,0xD5,0xFF,0xC2,0xBF,0xD2,0xFF,0xC2,0xC9,0xD9,0xFF,
  0xC1,0xC7,0xD7,0xFF,0xBA,0xCC,0xE0,0xFF,0xB9,0xD0,0xE6,0xFF,
  0xB8,0xCE,0xE6,0xFF,0xB6,0xCD,0xE6,0xFF,0xB6,0xCD,0xE6,0xFF,
  0xB7,0xCA,0xE2,0xFF,0xB8,0xCE,0xE3,0xFF,0xB8,0xDB,0xF7,0xFF,
  0xB9,0xDF,0xFE,0xFF,0xBC,0xDA,0xF9,0xFF,0xBC,0xDA,0xFA,0xFF,
  0xBD,0xDB,0xF8,0xFF,0xBD,0xC4,0xD8,0xFF,0xBA,0xBC,0xD4,0xFF,
  0xBA,0xBA,0xD2,0xFF,0xBB,0xBB,0xD2,0xFF,0xB8,0xBA,0xD2,0xFF,
  0xB9,0xB4,0xCC,0xFF,0xB8,0xBC,0xD8,0xFF,0xC0,0xB4,0xC2,0xFF,
  0xC2,0xAA,0xAD,0xFF,0xBB,0xAC,0xB5,0xFF,0xBA,0xA6,0xB0,0xFF,
  0xB5,0xA2,0xAB,0xFF,0xB5,0xA1,0xAE,0xFF,0xB8,0xA1,0xAA,0xFF,
  0xBF,0xAD,0xB3,0xFF,0xC3,0xAC,0xAD,0xFF,0xC0,0xA8,0xAD,0xFF,
  0xBD,0xA7,0xAA,0xFF,0xBC,0xA0,0x9F,0xFF,0xB5,0xA3,0xB2,0xFF,
  0xA9,0xBB,0xDC,0xFF,0xAD,0xBE,0xDB,0xFF,0xAF,0xC5,0xE6,0xFF,
  0xAD,0xD0,0xFA,0xFF,0xB1,0xD9,0xFD,0xFF,0xB2,0xDC,0xFD,0xFF,
  0xB2,0xDD,0xFE,0xFF,0xB5,0xDC,0xFF,0xFF,0xB8,0xDA,0xF8,0xFF,
  0xBA,0xD9,0xED,0xFF,0xB8,0xD9,0xF3,0xFF,0xBD,0xD5,0xE1,0xFF,
  0xBF,0xD6,0xE1,0xFF,0xBF,0xD6,0xE2,0xFF,0xBD,0xD2,0xE1,0xFF,
  0xC2,0xD7,0xE5,0xFF,0xC3,0xDB,0xED,0xFF,0xC0,0xD7,0xED,0xFF,
  0xC0,0xD8,0xEE,0xFF,0xBF,0xD5,0xE8,0xFF,0xC3,0xD3,0xE2,0xFF,
  0xC5,0xD4,0xE3,0xFF,0xC6,0xD5,0xE2,0xFF,0xC9,0xD6,0xE0,0xFF,
  0xC1,0xD5,0xE0,0xFF,0xBB,0xD6,0xE0,0xFF,0xBD,0xD2,0xDD,0xFF,
  0xBB,0xD3,0xDD,0xFF,0xB7,0xD1,0xDD,0xFF,0xBB,0xD1,0xDD,0xFF,
  0xBD,0xD0,0xDC,0xFF,0xBD,0xD1,0xDD,0xFF,0xBC,0xD0,0xDC,0xFF,
  0xC2,0xD0,0xD7,0xFF,0xC7,0xD8,0xDF,0xFF,0x9D,0xA6,0xA6,0xFF,
  0xA5,0x86,0x69,0xFF,0xDC,0xCB,0xBB,0xFF,0xD3,0xBF,0xAE,0xFF,
  0xD8,0xC2,0xAE,0xFF,0xD7,0xC2,0xAE,0xFF,0xD6,0xC2,0xAC,0xFF,
  0xD5,0xC1,0xAA,0xFF,0xD3,0xBF,0xAA,0xFF,0xD4,0xBC,0xA5,0xFF,
  0xD6,0xC0,0xB0,0xFF,0xD2,0xCC,0xCC,0xFF,0xD4,0xCB,0xCD,0xFF,
  0xD2,0xC7,0xCA,0xFF,0xCF,0xC7,0xC7,0xFF,0xD3,0xC6,0xBC,0xFF,
  0xD4,0xC5,0xBC,0xFF,0xD0,0xD0,0xD4,0xFF,0xD1,0xD2,0xDB,0xFF,
  0xD4,0xDA,0xEA,0xFF,0xD3,0xE3,0xFB,0xFF,0xD1,0xE1,0xFA,0xFF,
  0xCD,0xE1,0xFC,0xFF,0xCD,0xE0,0xFB,0xFF,0xD0,0xDE,0xF9,0xFF,
  0xD0,0xDF,0xFA,0xFF,0xD0,0xE0,0xFC,0xFF,0xD0,0xE1,0xFD,0xFF,
  0xD2,0xE2,0xFC,0xFF,0xD3,0xDE,0xF8,0xFF,0xD3,0xDD,0xF5,0xFF,
  0xD3,0xDD,0xF5,0xFF,0xD1,0xDD,0xF6,0xFF,0xD2,0xDB,0xF3,0xFF,
  0xD6,0xEB,0xFF,0xFF,0xD6,0xEA,0xFF,0xFF,0xD8,0xEA,0xFF,0xFF,
  0xD4,0xE8,0xFF,0xFF,0xCD,0xEC,0xFF,0xFF,0xD0,0xC1,0xCA,0xFF,
  0xCA,0xB1,0xB6,0xFF,0xC8,0xB0,0xBB,0xFF,0xCB,0xB0,0xB5,0xFF,
  0xC6,0xB0,0xB9,0xFF,0xC7,0xAE,0xB5,0xFF,0xD0,0xD5,0xE4,0xFF,
  0xD3,0xE9,0xFF,0xFF,0xD7,0xE6,0xFA,0xFF,0xD7,0xE7,0xFD,0xFF,
  0xD7,0xE8,0xFD,0xFF,0xD8,0xE9,0xFD,0xFF,0xD7,0xE8,0xFC,0xFF,
  0xD7,0xE8,0xFD,0xFF,0xD9,0xEA,0xFD,0xFF,0xD8,0xE9,0xFD,0xFF,
  0xD7,0xE9,0xFE,0xFF,0xD5,0xE8,0xFD,0xFF,0xD2,0xE6,0xFD,0xFF,
  0xCC,0xE3,0xFF,0xFF,0xCE,0xE2,0xFE,0xFF,0xCD,0xE1,0xFE,0xFF,
  0xCA,0xE0,0xFE,0xFF,0xCD,0xE4,0xFE,0xFF,0xD2,0xE6,0xFD,0xFF,
  0xD4,0xE5,0xFC,0xFF,0xD1,0xEC,0xFF,0xFF,0xD9,0xCE,0xCB,0xFF,
  0xFC,0x75,0x00,0xFF,0xFF,0x80,0x01,0xFF,0xFC,0x6E,0x00,0xFF,
  0xF9,0xBC,0x64,0xFF,0xFF,0xFB,0xC7,0xFF,0xFF,0xEF,0xAD,0xFF,
  0xFF,0xF0,0xAF,0xFF,0xFF,0xF3,0xB9,0xFF,0xFF,0xDD,0x7F,0xFF,
  0xFF,0xB8,0x13,0xFF,0xFF,0xBF,0x19,0xFF,0xFF,0xBF,0x13,0xFF,
  0xFF,0xBF,0x11,0xFF,0xFF,0xBF,0x12,0xFF,0xFF,0xBA,0x0A,0xFF,
  0xFF,0xB3,0x02,0xFF,0xFF,0xB0,0x00,0xFF,0xFF,0xB1,0x00,0xFF,
  0xFF,0xB3,0x05,0xFF,0xFF,0xB0,0x05,0xFF,0xFF,0xAD,0x05,0xFF,
  0xFF,0xAD,0x05,0xFF,0xFF,0xAD,0x05,0xFF,0xFF,0xAD,0x05,0xFF,
  0xFF,0xAD,0x05,0xFF,0xFF,0xAD,0x05,0xFF,0xFF,0xAD,0x05,0xFF,
  0xFF,0xAD,0x06,0xFF,0xFF,0xAD,0x05,0xFF,0xFF,0xAD,0x05,0xFF,
  0xFF,0xAE,0x05,0xFF,0xFF,0xAF,0x00,0xFF,0xFF,0xAD,0x00,0xFF,
  0xFF,0xA7,0x00,0xFF,0xFF,0xA7,0x00,0xFF,0xFF,0xA8,0x00,0xFF,
  0xFF,0xA7,0x00,0xFF,0xFF,0xA6,0x00,0xFF,0xFF,0xA7,0x00,0xFF,
  0xFE,0xA3,0x00,0xFF,0xFF,0x9A,0x00,0xFF,0xFF,0x9B,0x00,0xFF,
  0xFF,0x9B,0x00,0xFF,0xFF,0x9B,0x00,0xFF,0xFF,0x9D,0x00,0xFF,
  0xFF,0x9F,0x00,0xFF,0xFF,0x9D,0x00,0xFF,0xFF,0x9C,0x00,0xFF,
  0xFF,0x9B,0x00,0xFF,0xFF,0x9A,0x00,0xFF,0xFF,0x97,0x00,0xFF,
  0xFF,0x98,0x00,0xFF,0xFF,0x9F,0x00,0xFF,0xFF,0x9C,0x00,0xFF,
  0xFF,0x9C,0x00,0xFF,0xFF,0x9C,0x00,0xFF,0xFF,0x9E,0x00,0xFF,
  0xFF,0x9C,0x00,0xFF,0xFF,0x9B,0x00,0xFF,0xFF,0x98,0x00,0xFF,
  0xFF,0x9D,0x00,0xFF,0xFF,0xB3,0x02,0xFF,0xFF,0xAF,0x00,0xFF,
  0xFF,0xB0,0x02,0xFF,0xFF,0x9E,0x00,0xFF,0xFF,0x9D,0x05,0xFF,
  0xFF,0x9D,0x00,0xFF,0xFD,0xBF,0x40,0xFF,0xFD,0xE3,0x8D,0xFF,
  0xFD,0xDD,0x85,0xFF,0xFD,0xDF,0x88,0xFF,0xFC,0xDB,0x82,0xFF,
  0xFF,0xB7,0x24,0xFF,0xFF,0xB4,0x10,0xFF,0xFF,0xB0,0x14,0xFF,
  0xFF,0xB1,0x17,0xFF,0xFD,0xA0,0x16,0xFF,0xFD,0x75,0x00,0xFF,
  0xFF,0x7C,0x00,0xFF,0xFF,0x7C,0x00,0xFF,0xFF,0x77,0x00,0xFF,
  0xFE,0xDE,0x9A,0xFF,0xFC,0xFF,0xF2,0xFF,0xFC,0xF9,0xDB,0xFF,
  0xFB,0xFF,0xEE,0xFF,0xFD,0xE3,0x8A,0xFF,0xFF,0xBB,0x04,0xFF,
  0xFE,0xDB,0x6E,0xFF,0xFC,0xEF,0xB5,0xFF,0xFE,0xFE,0xDE,0xFF,
  0xDE,0xBE,0xA4,0xFF,0xC3,0x8B,0x79,0xFF,0xCD,0x9C,0x85,0xFF,
  0xD0,0x96,0x77,0xFF,0xC7,0xC5,0xCC,0xFF,0xCC,0xEB,0xFF,0xFF,
  0xCD,0xE1,0xFC,0xFF,0xCA,0xE2,0xFF,0xFF,0xC5,0xE0,0xFF,0xFF,
  0xC4,0xD7,0xF5,0xFF,0xC2,0xD1,0xF1,0xFF,0xBF,0xD0,0xF1,0xFF,
  0xBF,0xCF,0xEF,0xFF,0xC2,0xD1,0xF1,0xFF,0xC1,0xE4,0xFF,0xFF,
  0xBD,0xE9,0xFF,0xFF,0xBD,0xE6,0xFF,0xFF,0xBC,0xE5,0xFF,0xFF,
  0xBB,0xE1,0xFF,0xFF,0xB7,0xDE,0xFF,0xFF,0xB5,0xDE,0xFF,0xFF,
  0xB3,0xDA,0xFF,0xFF,0xB6,0xDE,0xFF,0xFF,0xBB,0xD8,0xF9,0xFF,
  0xBC,0xD8,0xF7,0xFF,0xBF,0xDB,0xF8,0xFF,0xC0,0xDC,0xF9,0xFF,
  0xBD,0xDA,0xF7,0xFF,0xC6,0xBB,0xC3,0xFF,0xC2,0xB7,0xC0,0xFF,
  0xBF,0xAF,0xBD,0xFF,0xBC,0xAE,0xC3,0xFF,0xBC,0xA7,0xAF,0xFF,
  0xC3,0x8C,0x74,0xFF,0xB7,0x9C,0x9D,0xFF,0xC3,0x9A,0x8F,0xFF,
  0xC3,0xA8,0xA8,0xFF,0xB6,0xBA,0xD6,0xFF,0xB4,0xC3,0xEB,0xFF,
  0xBB,0xBC,0xD7,0xFF,0xBC,0xB8,0xD2,0xFF,0xAB,0xBD,0xF5,0xFF,
  0xB4,0xA9,0xC2,0xFF,0xC4,0x94,0x89,0xFF,0xBE,0x97,0x96,0xFF,
  0xBE,0x96,0x93,0xFF,0xC4,0x96,0x8D,0xFF,0xB6,0xCA,0xEA,0xFF,
  0xB1,0xD3,0xFC,0xFF,0xB2,0xCF,0xF6,0xFF,0xB1,0xCD,0xF3,0xFF,
  0xB2,0xC9,0xEE,0xFF,0xB8,0xD9,0xF8,0xFF,0xB3,0xD8,0xFA,0xFF,
  0xB4,0xD8,0xFA,0xFF,0xB3,0xD9,0xFA,0xFF,0xB5,0xDA,0xFC,0xFF,
  0xBA,0xDA,0xFE,0xFF,0xBB,0xDC,0xFC,0xFF,0xBF,0xDF,0xFF,0xFF,
  0xC0,0xDD,0xFF,0xFF,0xBE,0xDE,0xFF,0xFF,0xBA,0xDD,0xFF,0xFF,
  0xC1,0xE3,0xFF,0xFF,0xC5,0xE8,0xFF,0xFF,0xBE,0xE5,0xFF,0xFF,
  0xBE,0xE5,0xFE,0xFF,0xBF,0xE5,0xFF,0xFF,0xC8,0xE7,0xFF,0xFF,
  0xC9,0xE7,0xFF,0xFF,0xCA,0xE9,0xFF,0xFF,0xCA,0xE9,0xFF,0xFF,
  0xCA,0xE8,0xFF,0xFF,0xC9,0xE3,0xFF,0xFF,0xC3,0xDF,0xFF,0xFF,
  0xC1,0xDE,0xFF,0xFF,0xBD,0xDB,0xFE,0xFF,0xBC,0xDB,0xFE,0xFF,
  0xBF,0xDC,0xFF,0xFF,0xC5,0xDD,0xFE,0xFF,0xC6,0xDE,0xFE,0xFF,
  0xCD,0xDD,0xF7,0xFF,0xD1,0xE5,0xFF,0xFF,0xB2,0xB7,0xC6,0xFF,
  0xB3,0x60,0x14,0xFF,0xF9,0x88,0x1F,0xFF,0xF2,0x83,0x21,0xFF,
  0xF6,0x86,0x1F,0xFF,0xF6,0x86,0x1F,0xFF,0xF6,0x87,0x1F,0xFF,
  0xF6,0x86,0x1F,0xFF,0xF4,0x84,0x1E,0xFF,0xF6,0x83,0x1C,0xFF,
  0xF6,0x85,0x1E,0xFF,0xF4,0x85,0x21,0xFF,0xF3,0x84,0x24,0xFF,
  0xF3,0x84,0x22,0xFF,0xF3,0x84,0x21,0xFF,0xF3,0x84,0x22,0xFF,
  0xF4,0x85,0x23,0xFF,0xF2,0x89,0x28,0xFF,0xF1,0x8C,0x2B,0xFF,
  0xF1,0x90,0x31,0xFF,0xF1,0x90,0x31,0xFF,0xF0,0x8F,0x30,0xFF,
  0xEF,0x90,0x33,0xFF,0xEE,0x90,0x34,0xFF,0xEF,0x98,0x34,0xFF,
  0xF1,0xA3,0x32,0xFF,0xF3,0xAB,0x34,0xFF,0xF2,0xA8,0x35,0xFF,
  0xF3,0xC1,0x4A,0xFF,0xF6,0xCF,0x58,0xFF,0xF6,0xCE,0x5D,0xFF,
  0xF5,0xCE,0x5C,0xFF,0xF6,0xCD,0x55,0xFF,0xF7,0xCE,0x50,0xFF,
  0xF5,0xCC,0x4E,0xFF,0xF1,0xCB,0x4B,0xFF,0xF1,0xCA,0x48,0xFF,
  0xF1,0xC9,0x48,0xFF,0xEF,0xCA,0x49,0xFF,0xF4,0xC3,0x3F,0xFF,
  0xF5,0xC1,0x3F,0xFF,0xF0,0xAB,0x37,0xFF,0xF1,0x8C,0x28,0xFF,
  0xF0,0x92,0x29,0xFF,0xEE,0x92,0x2B,0xFF,0xF0,0x9A,0x38,0xFF,
  0xF0,0x9E,0x40,0xFF,0xF0,0x9C,0x3E,0xFF,0xF1,0x9B,0x3D,0xFF,
  0xF0,0x9B,0x3D,0xFF,0xF1,0x9A,0x3E,0xFF,0xF1,0x99,0x3E,0xFF,
  0xF1,0x98,0x3D,0xFF,0xF1,0x97,0x3D,0xFF,0xF1,0x94,0x3A,0xFF,
  0xF0,0x92,0x38,0xFF,0xF0,0x92,0x37,0xFF,0xF0,0x92,0x34,0xFF,
  0xEF,0x90,0x34,0xFF,0xEF,0x91,0x34,0xFF,0xEF,0x90,0x36,0xFF,
  0xEF,0x90,0x37,0xFF,0xEE,0x90,0x34,0xFF,0xF0,0x94,0x37,0xFF,
  0xF0,0x97,0x3B,0xFF,0xF1,0x99,0x3A,0xFF,0xF5,0x9C,0x2B,0xFF,
  0xFB,0xA3,0x0B,0xFF,0xFC,0xA2,0x0A,0xFF,0xFC,0x9E,0x06,0xFF,
  0xFB,0xA9,0x15,0xFF,0xFB,0xAE,0x23,0xFF,0xFC,0xA6,0x1B,0xFF,
  0xFC,0xA4,0x19,0xFF,0xFC,0xA1,0x19,0xFF,0xFC,0x9E,0x11,0xFF,
  0xFC,0x9A,0x04,0xFF,0xFC,0x9B,0x05,0xFF,0xFD,0x9D,0x07,0xFF,
  0xFC,0x9D,0x07,0xFF,0xFC,0x9D,0x07,0xFF,0xFD,0x9F,0x0B,0xFF,
  0xFD,0x9E,0x09,0xFF,0xFC,0x99,0x04,0xFF,0xFD,0x99,0x04,0xFF,
  0xFD,0x99,0x05,0xFF,0xFD,0x99,0x05,0xFF,0xFD,0x98,0x05,0xFF,
  0xFC,0x98,0x05,0xFF,0xFD,0x98,0x05,0xFF,0xFD,0x98,0x05,0xFF,
  0xFD,0x98,0x05,0xFF,0xFD,0x98,0x05,0xFF,0xFD,0x98,0x05,0xFF,
  0xFD,0x98,0x05,0xFF,0xFD,0x98,0x05,0xFF,0xFD,0x98,0x05,0xFF,
  0xFD,0x97,0x05,0xFF,0xFD,0x95,0x05,0xFF,0xFD,0x96,0x05,0xFF,
  0xFC,0x8E,0x04,0xFF,0xFC,0x8B,0x02,0xFF,0xFC,0x8C,0x03,0xFF,
  0xFC,0x8D,0x03,0xFF,0xFD,0x8E,0x02,0xFF,0xFC,0x8F,0x03,0xFF,
  0xFC,0x88,0x03,0xFF,0xFC,0x78,0x03,0xFF,0xFD,0x76,0x03,0xFF,
  0xFD,0x74,0x03,0xFF,0xFD,0x72,0x03,0xFF,0xFD,0x72,0x03,0xFF,
  0xFD,0x72,0x03,0xFF,0xFD,0x73,0x03,0xFF,0xFD,0x73,0x03,0xFF,
  0xFC,0x72,0x03,0xFF,0xFD,0x72,0x03,0xFF,0xFC,0x72,0x03,0xFF,
  0xFC,0x72,0x03,0xFF,0xFC,0x72,0x02,0xFF,0xFC,0x71,0x02,0xFF,
  0xFC,0x72,0x02,0xFF,0xFC,0x73,0x03,0xFF,0xFC,0x72,0x02,0xFF,
  0xFC,0x71,0x02,0xFF,0xFC,0x71,0x03,0xFF,0xFB,0x71,0x03,0xFF,
  0xFC,0x72,0x03,0xFF,0xFC,0x76,0x03,0xFF,0xFC,0x74,0x02,0xFF,
  0xFC,0x74,0x03,0xFF,0xFC,0x73,0x03,0xFF,0xFB,0x71,0x01,0xFF,
  0xFC,0x71,0x01,0xFF,0xFA,0x76,0x05,0xFF,0xF8,0x77,0x07,0xFF,
  0xF8,0x77,0x07,0xFF,0xF9,0x77,0x06,0xFF,0xFA,0x79,0x05,0xFF,
  0xFB,0x77,0x04,0xFF,0xFC,0x76,0x02,0xFF,0xFB,0x75,0x03,0xFF,
  0xFB,0x74,0x02,0xFF,0xFB,0x74,0x02,0xFF,0xFD,0x93,0x03,0xFF,
  0xFD,0x97,0x02,0xFF,0xFD,0x95,0x02,0xFF,0xFC,0x97,0x02,0xFF,
  0xFC,0xBB,0x25,0xFF,0xFC,0xC2,0x34,0xFF,0xFC,0xC0,0x2F,0xFF,
  0xFD,0xC2,0x30,0xFF,0xFD,0xBD,0x1B,0xFF,0xFD,0xBD,0x0A,0xFF,
  0xFC,0xC2,0x2F,0xFF,0xFC,0xC0,0x2B,0xFF,0xFD,0xC0,0x27,0xFF,
  0xFA,0xB8,0x1C,0xFF,0xF6,0xAE,0x14,0xFF,0xF7,0xB1,0x17,0xFF,
  0xFA,0xB1,0x12,0xFF,0xF6,0xBD,0x26,0xFF,0xF4,0xC2,0x39,0xFF,
  0xF4,0xBB,0x36,0xFF,0xF1,0xB3,0x35,0xFF,0xEF,0xB1,0x38,0xFF,
  0xF2,0xAD,0x2E,0xFF,0xF2,0xA9,0x2E,0xFF,0xF1,0xA6,0x2D,0xFF,
  0xF1,0xA5,0x2B,0xFF,0xF2,0xA6,0x2B,0xFF,0xF1,0xB7,0x3E,0xFF,
  0xF0,0xBA,0x45,0xFF,0xF0,0xB5,0x41,0xFF,0xF3,0xB5,0x3E,0xFF,
  0xF2,0xB4,0x3B,0xFF,0xEE,0xB1,0x40,0xFF,0xF0,0xB2,0x3E,0xFF,
  0xF2,0xB6,0x3E,0xFF,0xF2,0xB5,0x3A,0xFF,0xF2,0xC7,0x58,0xFF,
  0xF4,0xD3,0x69,0xFF,0xF6,0xD0,0x62,0xFF,0xF5,0xD1,0x62,0xFF,
  0xF3,0xD0,0x64,0xFF,0xF7,0xD0,0x61,0xFF,0xF7,0xD2,0x6B,0xFF,
  0xF4,0xCE,0x65,0xFF,0xF4,0xCC,0x62,0xFF,0xF4,0xCA,0x5E,0xFF,
  0xEF,0xD2,0x89,0xFF,0xED,0xD5,0x98,0xFF,0xF0,0xD4,0x93,0xFF,
  0xF2,0xE0,0xA8,0xFF,0xEE,0xE4,0xB6,0xFF,0xEE,0xC9,0x71,0xFF,
  0xF7,0xC4,0x4F,0xFF,0xF4,0xC2,0x54,0xFF,0xEC,0xC4,0x5C,0xFF,
  0xED,0xC2,0x55,0xFF,0xF1,0xC1,0x52,0xFF,0xEF,0xBF,0x52,0xFF,
  0xF2,0xC1,0x52,0xFF,0xF3,0xC6,0x55,0xFF,0xF1,0xD1,0x69,0xFF,
  0xEF,0xD0,0x71,0xFF,0xF2,0xD2,0x6D,0xFF,0xF2,0xD3,0x6B,0xFF,
  0xF2,0xD4,0x6E,0xFF,0xF2,0xD3,0x6C,0xFF,0xF1,0xD0,0x66,0xFF,
  0xF2,0xCF,0x65,0xFF,0xF2,0xD0,0x63,0xFF,0xF2,0xCF,0x63,0xFF,
  0xF1,0xCE,0x61,0xFF,0xF1,0xD1,0x64,0xFF,0xF3,0xD2,0x63,0xFF,
  0xF2,0xD1,0x64,0xFF,0xF0,0xD0,0x64,0xFF,0xF0,0xD1,0x69,0xFF,
  0xF0,0xC6,0x4E,0xFF,0xF2,0xC0,0x3F,0xFF,0xF3,0xC3,0x48,0xFF,
  0xF3,0xC0,0x46,0xFF,0xF3,0xBC,0x41,0xFF,0xF2,0xBA,0x45,0xFF,
  0xF1,0xBC,0x4A,0xFF,0xF3,0xBD,0x49,0xFF,0xF3,0xBE,0x4C,0xFF,
  0xF1,0xBE,0x52,0xFF,0xF1,0xBF,0x52,0xFF,0xF1,0xBD,0x51,0xFF,
  0xF0,0xBA,0x4D,0xFF,0xF3,0xBC,0x49,0xFF,0xF0,0xBB,0x4F,0xFF,
  0xF0,0xB0,0x3B,0xFF,0xF3,0xAD,0x2E,0xFF,0xF3,0xB1,0x33,0xFF,
  0xF1,0xAF,0x34,0xFF,0xF7,0xB8,0x38,0xFF,0xD5,0x94,0x2C,0xFF,
  0xC0,0x60,0x00,0xFF,0xFF,0x78,0x00,0xFF,0xFD,0x72,0x00,0xFF,
  0xFE,0x74,0x00,0xFF,0xFE,0x74,0x00,0xFF,0xFE,0x74,0x00,0xFF,
  0xFE,0x74,0x00,0xFF,0xFF,0x74,0x00,0xFF,0xFF,0x74,0x00,0xFF,
  0xFE,0x73,0x00,0xFF,0xFF,0x72,0x00,0xFF,0xFF,0x73,0x00,0xFF,
  0xFF,0x73,0x00,0xFF,0xFF,0x74,0x00,0xFF,0xFF,0x75,0x00,0xFF,
  0xFF,0x76,0x00,0xFF,0xFF,0x77,0x00,0xFF,0xFF,0x77,0x00,0xFF,
  0xFF,0x77,0x00,0xFF,0xFF,0x77,0x00,0xFF,0xFF,0x78,0x00,0xFF,
  0xFF,0x7A,0x00,0xFF,0xFF,0x7A,0x00,0xFF,0xFF,0x8B,0x00,0xFF,
  0xFF,0x9C,0x00,0xFF,0xFF,0xA0,0x00,0xFF,0xFF,0x9C,0x00,0xFF,
  0xFF,0xB0,0x0E,0xFF,0xFF,0xB9,0x16,0xFF,0xFF,0xB8,0x16,0xFF,
  0xFF,0xB8,0x17,0xFF,0xFF,0xB8,0x15,0xFF,0xFF,0xB8,0x14,0xFF,
  0xFF,0xB2,0x0E,0xFF,0xFF,0xAF,0x08,0xFF,0xFF,0xAD,0x04,0xFF,
  0xFF,0xAF,0x03,0xFF,0xFF,0xB0,0x03,0xFF,0xFF,0xB0,0x09,0xFF,
  0xFF,0xB6,0x12,0xFF,0xFF,0xA4,0x08,0xFF,0xFF,0x7E,0x00,0xFF,
  0xFF,0x83,0x00,0xFF,0xFF,0x83,0x00,0xFF,0xFF,0x82,0x00,0xFF,
  0xFF,0x80,0x00,0xFF,0xFF,0x80,0x00,0xFF,0xFF,0x80,0x00,0xFF,
  0xFF,0x80,0x00,0xFF,0xFF,0x80,0x00,0xFF,0xFE,0x7E,0x00,0xFF,
  0xFE,0x7C,0x00,0xFF,0xFE,0x7B,0x00,0xFF,0xFE,0x7B,0x00,0xFF,
  0xFE,0x7B,0x00,0xFF,0xFE,0x7A,0x00,0xFF,0xFF,0x78,0x00,0xFF,
  0xFF,0x78,0x00,0xFF,0xFF,0x77,0x00,0xFF,0xFF,0x77,0x00,0xFF,
  0xFF,0x77,0x00,0xFF,0xFF,0x79,0x00,0xFF,0xFE,0x7B,0x00,0xFF,
  0xFF,0x7E,0x00,0xFF,0xFF,0x7F,0x00,0xFF,0xFE,0x85,0x00,0xFF,
  0xFD,0x98,0x06,0xFF,0xFD,0x98,0x04,0xFF,0xFD,0x99,0x05,0xFF,
  0xFD,0x97,0x01,0xFF,0xFD,0x9A,0x00,0xFF,0xFD,0x98,0x00,0xFF,
  0xFD,0x96,0x00,0xFF,0xFD,0x96,0x00,0xFF,0xFD,0x96,0x00,0xFF,
  0xFD,0x97,0x01,0xFF,0xFD,0x98,0x00,0xFF,0xFD,0x98,0x00,0xFF,
  0xFD,0x98,0x00,0xFF,0xFD,0x98,0x00,0xFF,0xFD,0x97,0x00,0xFF,
  0xFD,0x98,0x00,0xFF,0xFD,0x98,0x01,0xFF,0xFD,0x94,0x00,0xFF,
  0xFE,0x93,0x00,0xFF,0xFE,0x93,0x01,0xFF,0xFE,0x92,0x00,0xFF,
  0xFE,0x92,0x00,0xFF,0xFE,0x92,0x00,0xFF,0xFE,0x92,0x00,0xFF,
  0xFE,0x92,0x00,0xFF,0xFE,0x93,0x00,0xFF,0xFE,0x93,0x00,0xFF,
  0xFE,0x92,0x00,0xFF,0xFE,0x93,0x00,0xFF,0xFE,0x93,0x00,0xFF,
  0xFE,0x91,0x00,0xFF,0xFE,0x91,0x00,0xFF,0xFE,0x8F,0x00,0xFF,
  0xFE,0x8B,0x01,0xFF,0xFD,0x87,0x01,0xFF,0xFD,0x82,0x00,0xFF,
  0xFD,0x83,0x00,0xFF,0xFD,0x83,0x00,0xFF,0xFD,0x83,0x00,0xFF,
  0xFC,0x83,0x00,0xFF,0xFC,0x82,0x01,0xFF,0xFD,0x80,0x01,0xFF,
  0xFD,0x7F,0x01,0xFF,0xFD,0x7E,0x01,0xFF,0xFD,0x7E,0x01,0xFF,
  0xFD,0x7E,0x01,0xFF,0xFD,0x7E,0x01,0xFF,0xFD,0x7E,0x01,0xFF,
  0xFD,0x7D,0x01,0xFF,0xFD,0x7E,0x01,0xFF,0xFD,0x7E,0x01,0xFF,
  0xFD,0x7E,0x01,0xFF,0xFD,0x7E,0x01,0xFF,0xFD,0x7D,0x01,0xFF,
  0xFD,0x7F,0x01,0xFF,0xFD,0x7A,0x01,0xFF,0xFD,0x76,0x01,0xFF,
  0xFD,0x77,0x01,0xFF,0xFD,0x77,0x01,0xFF,0xFD,0x76,0x01,0xFF,
  0xFD,0x76,0x01,0xFF,0xFD,0x75,0x01,0xFF,0xFC,0x75,0x01,0xFF,
  0xFC,0x74,0x01,0xFF,0xFC,0x74,0x01,0xFF,0xFC,0x74,0x01,0xFF,
  0xFC,0x74,0x01,0xFF,0xFC,0x73,0x00,0xFF,0xFD,0x73,0x00,0xFF,
  0xFD,0x73,0x00,0xFF,0xFC,0x73,0x00,0xFF,0xFC,0x72,0x00,0xFF,
  0xFC,0x74,0x01,0xFF,0xFC,0x74,0x01,0xFF,0xFC,0x74,0x01,0xFF,
  0xFC,0x73,0x01,0xFF,0xFC,0x75,0x01,0xFF,0xFD,0x82,0x01,0xFF,
  0xFD,0x84,0x00,0xFF,0xFD,0x7E,0x01,0xFF,0xFD,0x83,0x01,0xFF,
  0xFD,0x8E,0x00,0xFF,0xFD,0x8E,0x00,0xFF,0xFE,0x8D,0x00,0xFF,
  0xFD,0x89,0x00,0xFF,0xFD,0x98,0x00,0xFF,0xFD,0xAF,0x05,0xFF,
  0xFE,0xAA,0x00,0xFF,0xFE,0xAA,0x00,0xFF,0xFE,0xA7,0x00,0xFF,
  0xFE,0xAA,0x00,0xFF,0xFF,0xAB,0x00,0xFF,0xFF,0xAB,0x00,0xFF,
  0xFE,0xAC,0x00,0xFF,0xFF,0xAB,0x00,0xFF,0xFF,0xAA,0x00,0xFF,
  0xFF,0xA7,0x00,0xFF,0xFF,0xA2,0x00,0xFF,0xFF,0xA0,0x00,0xFF,
  0xFF,0x9E,0x00,0xFF,0xFF,0x9A,0x00,0xFF,0xFF,0x96,0x00,0xFF,
  0xFF,0x95,0x00,0xFF,0xFF,0x98,0x00,0xFF,0xFE,0xA2,0x05,0xFF,
  0xFE,0xA4,0x06,0xFF,0xFE,0xA3,0x05,0xFF,0xFD,0x9F,0x01,0xFF,
  0xFD,0x9E,0x01,0xFF,0xFE,0xA1,0x03,0xFF,0xFD,0xA1,0x05,0xFF,
  0xFD,0xA3,0x07,0xFF,0xFD,0xA0,0x03,0xFF,0xFE,0xB7,0x20,0xFF,
  0xFF,0xC2,0x2F,0xFF,0xFF,0xBF,0x2B,0xFF,0xFF,0xC1,0x2E,0xFF,
  0xFF,0xBE,0x2B,0xFF,0xFF,0xC1,0x2C,0xFF,0xFE,0xC9,0x34,0xFF,
  0xFF,0xC8,0x32,0xFF,0xFF,0xC8,0x30,0xFF,0xFF,0xC6,0x2C,0xFF,
  0xFF,0xD2,0x53,0xFF,0xFD,0xD5,0x64,0xFF,0xFB,0xD4,0x66,0xFF,
  0xFD,0xD7,0x69,0xFF,0xFD,0xD5,0x6F,0xFF,0xFD,0xC1,0x3A,0xFF,
  0xFD,0xBE,0x2C,0xFF,0xFE,0xC0,0x2E,0xFF,0xFF,0xBF,0x22,0xFF,
  0xFF,0xC0,0x24,0xFF,0xFF,0xC4,0x29,0xFF,0xFF,0xC3,0x27,0xFF,
  0xFF,0xC6,0x29,0xFF,0xFF,0xC6,0x2F,0xFF,0xFF,0xC2,0x31,0xFF,
  0xFF,0xC5,0x33,0xFF,0xFF,0xC5,0x36,0xFF,0xFF,0xC6,0x37,0xFF,
  0xFF,0xC6,0x36,0xFF,0xFF,0xC4,0x35,0xFF,0xFF,0xC0,0x2A,0xFF,
  0xFF,0xBF,0x28,0xFF,0xFF,0xBC,0x27,0xFF,0xFF,0xBC,0x24,0xFF,
  0xFF,0xBD,0x25,0xFF,0xFF,0xBD,0x26,0xFF,0xFF,0xBC,0x25,0xFF,
  0xFF,0xBD,0x26,0xFF,0xFF,0xBE,0x27,0xFF,0xFF,0xBD,0x2E,0xFF,
  0xFE,0xB4,0x1F,0xFF,0xFF,0xAE,0x05,0xFF,0xFF,0xAF,0x11,0xFF,
  0xFE,0xAD,0x13,0xFF,0xFE,0xAB,0x0F,0xFF,0xFD,0xAA,0x0D,0xFF,
  0xFE,0xAB,0x0F,0xFF,0xFE,0xAC,0x10,0xFF,0xFE,0xAA,0x12,0xFF,
  0xFD,0xA8,0x13,0xFF,0xFD,0xA8,0x14,0xFF,0xFD,0xAA,0x17,0xFF,
  0xFE,0xAE,0x19,0xFF,0xFF,0xB0,0x19,0xFF,0xFA,0xAD,0x1F,0xFF,
  0xFC,0xA0,0x0B,0xFF,0xFF,0x9B,0x00,0xFF,0xFD,0x9C,0x01,0xFF,
  0xFC,0x9B,0x02,0xFF,0xFF,0xA4,0x03,0xFF,0xD6,0x80,0x05,0xFF,
  0xC1,0x68,0x04,0xFF,0xFF,0x84,0x02,0xFF,0xFA,0x7D,0x03,0xFF,
  0xFC,0x7F,0x03,0xFF,0xFC,0x7D,0x03,0xFF,0xFC,0x7C,0x03,0xFF,
  0xFC,0x7C,0x03,0xFF,0xFC,0x7C,0x02,0xFF,0xFC,0x7C,0x02,0xFF,
  0xFC,0x7D,0x02,0xFF,0xFC,0x7D,0x02,0xFF,0xFC,0x7D,0x03,0xFF,
  0xFC,0x7F,0x02,0xFF,0xFC,0x81,0x02,0xFF,0xFC,0x82,0x02,0xFF,
  0xFC,0x82,0x02,0xFF,0xFC,0x81,0x03,0xFF,0xFC,0x82,0x03,0xFF,
  0xFC,0x7F,0x03,0xFF,0xFC,0x83,0x03,0xFF,0xFC,0x85,0x03,0xFF,
  0xFD,0x89,0x03,0xFF,0xFD,0x8A,0x03,0xFF,0xFD,0x89,0x03,0xFF,
  0xFD,0x89,0x03,0xFF,0xFD,0x89,0x03,0xFF,0xFD,0x8C,0x03,0xFF,
  0xFD,0x89,0x02,0xFF,0xFD,0x88,0x01,0xFF,0xFD,0x88,0x01,0xFF,
  0xFD,0x88,0x01,0xFF,0xFD,0x88,0x02,0xFF,0xFD,0x86,0x02,0xFF,
  0xFC,0x84,0x02,0xFF,0xFC,0x83,0x03,0xFF,0xFC,0x82,0x03,0xFF,
  0xFC,0x82,0x02,0xFF,0xFC,0x82,0x02,0xFF,0xFC,0x82,0x01,0xFF,
  0xFC,0x83,0x01,0xFF,0xFC,0x84,0x03,0xFF,0xFD,0x86,0x04,0xFF,
  0xFD,0x87,0x03,0xFF,0xFD,0x88,0x03,0xFF,0xFD,0x89,0x04,0xFF,
  0xFD,0x87,0x04,0xFF,0xFD,0x86,0x04,0xFF,0xFD,0x86,0x03,0xFF,
  0xFD,0x86,0x02,0xFF,0xFC,0x85,0x03,0xFF,0xFB,0x82,0x04,0xFF,
  0xFB,0x81,0x04,0xFF,0xFB,0x81,0x04,0xFF,0xFB,0x81,0x04,0xFF,
  0xFB,0x81,0x04,0xFF,0xFB,0x81,0x04,0xFF,0xFC,0x83,0x03,0xFF,
  0xFC,0x84,0x03,0xFF,0xFC,0x84,0x03,0xFF,0xFC,0x83,0x03,0xFF,
  0xFC,0x85,0x03,0xFF,0xFC,0x85,0x03,0xFF,0xFD,0x86,0x03,0xFF,
  0xFD,0x88,0x03,0xFF,0xFD,0x88,0x04,0xFF,0xFD,0x8F,0x04,0xFF,
  0xFD,0x90,0x02,0xFF,0xFD,0x93,0x02,0xFF,0xFD,0x95,0x03,0xFF,
  0xFD,0x97,0x03,0xFF,0xFD,0xA4,0x03,0xFF,0xFE,0xA7,0x02,0xFF,
  0xFE,0xA5,0x02,0xFF,0xFE,0xA4,0x02,0xFF,0xFE,0xA4,0x02,0xFF,
  0xFE,0xA2,0x01,0xFF,0xFE,0xA2,0x01,0xFF,0xFE,0xA3,0x01,0xFF,
  0xFE,0xA2,0x00,0xFF,0xFE,0xA2,0x00,0xFF,0xFE,0xA2,0x01,0xFF,
  0xFE,0xA3,0x01,0xFF,0xFE,0xA1,0x01,0xFF,0xFD,0x9F,0x01,0xFF,
  0xFE,0xA0,0x01,0xFF,0xFE,0xA0,0x01,0xFF,0xFE,0x9E,0x01,0xFF,
  0xFE,0x9E,0x01,0xFF,0xFE,0x9E,0x01,0xFF,0xFE,0x9E,0x01,0xFF,
  0xFE,0x9F,0x01,0xFF,0xFE,0x9E,0x01,0xFF,0xFD,0xA0,0x02,0xFF,
  0xFD,0xA0,0x02,0xFF,0xFD,0x98,0x01,0xFF,0xFD,0x97,0x01,0xFF,
  0xFD,0x97,0x01,0xFF,0xFD,0x97,0x01,0xFF,0xFD,0x96,0x01,0xFF,
  0xFE,0x96,0x01,0xFF,0xFE,0x96,0x00,0xFF,0xFE,0x95,0x01,0xFF,
  0xFE,0x90,0x01,0xFF,0xFE,0x8E,0x01,0xFF,0xFE,0x8D,0x01,0xFF,
  0xFE,0x8B,0x01,0xFF,0xFE,0x8A,0x01,0xFF,0xFE,0x89,0x01,0xFF,
  0xFD,0x87,0x00,0xFF,0xFD,0x87,0x00,0xFF,0xFD,0x87,0x01,0xFF,
  0xFD,0x88,0x00,0xFF,0xFD,0x88,0x00,0xFF,0xFD,0x88,0x01,0xFF,
  0xFE,0x88,0x01,0xFF,0xFD,0x88,0x01,0xFF,0xFD,0x88,0x01,0xFF,
  0xFE,0x88,0x00,0xFF,0xFD,0x86,0x00,0xFF,0xFD,0x86,0x00,0xFF,
  0xFD,0x86,0x00,0xFF,0xFD,0x81,0x00,0xFF,0xFD,0x7E,0x00,0xFF,
  0xFD,0x7F,0x00,0xFF,0xFD,0x7F,0x00,0xFF,0xFD,0x80,0x00,0xFF,
  0xFD,0x81,0x01,0xFF,0xFC,0x7B,0x01,0xFF,0xFD,0x76,0x01,0xFF,
  0xFD,0x77,0x01,0xFF,0xFD,0x78,0x01,0xFF,0xFD,0x78,0x01,0xFF,
  0xFD,0x77,0x01,0xFF,0xFC,0x77,0x01,0xFF,0xFD,0x79,0x02,0xFF,
  0xFD,0x78,0x01,0xFF,0xFC,0x76,0x01,0xFF,0xFC,0x76,0x01,0xFF,
  0xFD,0x77,0x01,0xFF,0xFD,0x78,0x01,0xFF,0xFD,0x78,0x01,0xFF,
  0xFD,0x78,0x01,0xFF,0xFD,0x78,0x01,0xFF,0xFD,0x76,0x01,0xFF,
  0xFD,0x76,0x01,0xFF,0xFD,0x76,0x01,0xFF,0xFD,0x77,0x01,0xFF,
  0xFD,0x77,0x02,0xFF,0xFD,0x77,0x02,0xFF,0xFD,0x78,0x02,0xFF,
  0xFC,0x79,0x03,0xFF,0xFD,0x7F,0x02,0xFF,0xFE,0x8B,0x01,0xFF,
  0xFE,0x8C,0x02,0xFF,0xFE,0x8C,0x02,0xFF,0xFE,0x8C,0x02,0xFF,
  0xFD,0x8B,0x02,0xFF,0xFD,0x8A,0x02,0xFF,0xFD,0x8A,0x02,0xFF,
  0xFD,0x8A,0x01,0xFF,0xFD,0x89,0x02,0xFF,0xFD,0x87,0x03,0xFF,
  0xFE,0x8D,0x03,0xFF,0xFD,0x8B,0x03,0xFF,0xFD,0x88,0x03,0xFF,
  0xFD,0x89,0x03,0xFF,0xFD,0x88,0x03,0xFF,0xFD,0x88,0x03,0xFF,
  0xFE,0x89,0x03,0xFF,0xFE,0x8A,0x03,0xFF,0xFD,0x90,0x01,0xFF,
  0xFE,0x92,0x01,0xFF,0xFE,0x91,0x02,0xFF,0xFE,0x8C,0x02,0xFF,
  0xFD,0x85,0x01,0xFF,0xFD,0x85,0x02,0xFF,0xFD,0x86,0x02,0xFF,
  0xFD,0x88,0x02,0xFF,0xFE,0x8A,0x02,0xFF,0xFD,0x88,0x00,0xFF,
  0xFD,0x88,0x00,0xFF,0xFD,0x89,0x01,0xFF,0xFD,0x87,0x02,0xFF,
  0xFC,0x86,0x03,0xFF,0xFD,0xA3,0x01,0xFF,0xFD,0xAC,0x00,0xFF,
  0xFD,0xAC,0x00,0xFF,0xFD,0xAC,0x00,0xFF,0xFD,0xAB,0x00,0xFF,
  0xFD,0xA9,0x00,0xFF,0xFD,0xA7,0x00,0xFF,0xFE,0xA8,0x00,0xFF,
  0xFD,0xA9,0x00,0xFF,0xFD,0xA8,0x00,0xFF,0xFC,0xAC,0x03,0xFF,
  0xFD,0xB1,0x0E,0xFF,0xFD,0xB3,0x0D,0xFF,0xFC,0xB0,0x0E,0xFF,
  0xFC,0xAF,0x0C,0xFF,0xFC,0xAF,0x08,0xFF,0xFD,0xAF,0x07,0xFF,
  0xFD,0xB1,0x07,0xFF,0xFC,0xA8,0x05,0xFF,0xFD,0x8D,0x00,0xFF,
  0xFD,0x8F,0x00,0xFF,0xFD,0x90,0x00,0xFF,0xFD,0x8F,0x01,0xFF,
  0xFE,0x8E,0x00,0xFF,0xFE,0x8D,0x00,0xFF,0xFD,0x8E,0x01,0xFF,
  0xFD,0x8D,0x01,0xFF,0xFD,0x8C,0x01,0xFF,0xFD,0x8D,0x01,0xFF,
  0xFD,0x8D,0x01,0xFF,0xFD,0x8D,0x01,0xFF,0xFD,0x8D,0x01,0xFF,
  0xFD,0x89,0x01,0xFF,0xFD,0x8B,0x01,0xFF,0xFD,0x8C,0x00,0xFF,
  0xFD,0x8C,0x02,0xFF,0xFD,0x8F,0x04,0xFF,0xFD,0x8E,0x02,0xFF,
  0xFD,0x8F,0x02,0xFF,0xFD,0x8F,0x02,0xFF,0xFD,0x8F,0x03,0xFF,
  0xFD,0x8E,0x02,0xFF,0xFD,0x8E,0x02,0xFF,0xFD,0x99,0x06,0xFF,
  0xFD,0x9E,0x09,0xFF,0xFD,0x9D,0x09,0xFF,0xFC,0x9D,0x09,0xFF,
  0xFC,0x97,0x04,0xFF,0xFD,0x91,0x03,0xFF,0xFD,0x8E,0x02,0xFF,
  0xFE,0x8A,0x02,0xFF,0xFE,0x89,0x03,0xFF,0xFE,0x87,0x02,0xFF,
  0xFA,0x83,0x06,0xFF,0xFF,0x8A,0x07,0xFF,0xD4,0x74,0x05,0xFF,
  0xC1,0x6A,0x03,0xFF,0xFF,0x8A,0x00,0xFF,0xFA,0x80,0x01,0xFF,
  0xFC,0x83,0x01,0xFF,0xFD,0x85,0x01,0xFF,0xFC,0x84,0x01,0xFF,
  0xFC,0x84,0x01,0xFF,0xFC,0x84,0x01,0xFF,0xFC,0x84,0x01,0xFF,
  0xFC,0x84,0x01,0xFF,0xFD,0x85,0x01,0xFF,0xFC,0x84,0x01,0xFF,
  0xFD,0x86,0x01,0xFF,0xFD,0x87,0x00,0xFF,0xFD,0x88,0x00,0xFF,
  0xFD,0x87,0x00,0xFF,0xFD,0x86,0x00,0xFF,0xFD,0x86,0x00,0xFF,
  0xFC,0x82,0x01,0xFF,0xFD,0x86,0x01,0xFF,0xFE,0x8A,0x01,0xFF,
  0xFE,0x8C,0x01,0xFF,0xFE,0x8C,0x01,0xFF,0xFE,0x8C,0x01,0xFF,
  0xFE,0x8C,0x01,0xFF,0xFE,0x8C,0x01,0xFF,0xFE,0x8C,0x01,0xFF,
  0xFE,0x8B,0x01,0xFF,0xFE,0x8B,0x01,0xFF,0xFE,0x89,0x01,0xFF,
  0xFD,0x83,0x00,0xFF,0xFD,0x83,0x00,0xFF,0xFE,0x85,0x00,0xFF,
  0xFE,0x86,0x01,0xFF,0xFE,0x86,0x00,0xFF,0xFE,0x89,0x00,0xFF,
  0xFE,0x8A,0x02,0xFF,0xFE,0x8A,0x01,0xFF,0xFD,0x88,0x02,0xFF,
  0xFD,0x87,0x02,0xFF,0xFD,0x88,0x02,0xFF,0xFE,0x8A,0x01,0xFF,
  0xFE,0x8B,0x01,0xFF,0xFE,0x8B,0x01,0xFF,0xFE,0x8A,0x01,0xFF,
  0xFE,0x89,0x01,0xFF,0xFD,0x86,0x01,0xFF,0xFD,0x85,0x00,0xFF,
  0xFD,0x85,0x00,0xFF,0xFD,0x84,0x00,0xFF,0xFD,0x83,0x00,0xFF,
  0xFC,0x82,0x01,0xFF,0xFC,0x82,0x01,0xFF,0xFC,0x82,0x01,0xFF,
  0xFC,0x82,0x01,0xFF,0xFC,0x83,0x01,0xFF,0xFD,0x86,0x00,0xFF,
  0xFD,0x86,0x00,0xFF,0xFD,0x85,0x02,0xFF,0xFD,0x86,0x01,0xFF,
  0xFD,0x86,0x01,0xFF,0xFE,0x87,0x01,0xFF,0xFE,0x89,0x01,0xFF,
  0xFE,0x8A,0x01,0xFF,0xFD,0x87,0x01,0xFF,0xFD,0xA2,0x02,0xFF,
  0xFD,0xB0,0x02,0xFF,0xFD,0xAD,0x02,0xFF,0xFD,0xAD,0x02,0xFF,
  0xFE,0xAD,0x02,0xFF,0xFD,0xAA,0x02,0xFF,0xFD,0xA9,0x02,0xFF,
  0xFE,0xA8,0x01,0xFF,0xFE,0xA7,0x01,0xFF,0xFE,0xA7,0x01,0xFF,
  0xFE,0xA7,0x01,0xFF,0xFE,0xA8,0x01,0xFF,0xFE,0xA8,0x01,0xFF,
  0xFE,0xA7,0x01,0xFF,0xFE,0xA7,0x01,0xFF,0xFE,0xA7,0x01,0xFF,
  0xFE,0xA7,0x01,0xFF,0xFE,0xA7,0x01,0xFF,0xFE,0xA5,0x00,0xFF,
  0xFE,0xA4,0x00,0xFF,0xFE,0xA3,0x00,0xFF,0xFE,0xA4,0x00,0xFF,
  0xFE,0xA4,0x01,0xFF,0xFE,0xA4,0x01,0xFF,0xFE,0xA3,0x01,0xFF,
  0xFE,0xA4,0x00,0xFF,0xFE,0xA4,0x00,0xFF,0xFE,0xA4,0x01,0xFF,
  0xFE,0xA3,0x01,0xFF,0xFD,0x9C,0x01,0xFF,0xFD,0x9C,0x01,0xFF,
  0xFD,0x9B,0x01,0xFF,0xFD,0x9B,0x01,0xFF,0xFD,0x9B,0x01,0xFF,
  0xFD,0x9B,0x01,0xFF,0xFD,0x9A,0x01,0xFF,0xFD,0x9B,0x01,0xFF,
  0xFE,0x98,0x01,0xFF,0xFE,0x94,0x01,0xFF,0xFE,0x95,0x01,0xFF,
  0xFE,0x91,0x01,0xFF,0xFE,0x8D,0x01,0xFF,0xFE,0x8E,0x01,0xFF,
  0xFE,0x8E,0x01,0xFF,0xFE,0x8E,0x01,0xFF,0xFE,0x8D,0x01,0xFF,
  0xFE,0x8C,0x01,0xFF,0xFE,0x8C,0x01,0xFF,0xFE,0x8C,0x01,0xFF,
  0xFE,0x8C,0x01,0xFF,0xFE,0x8C,0x01,0xFF,0xFE,0x8C,0x01,0xFF,
  0xFE,0x89,0x01,0xFF,0xFD,0x87,0x00,0xFF,0xFD,0x87,0x00,0xFF,
  0xFD,0x87,0x00,0xFF,0xFD,0x87,0x00,0xFF,0xFD,0x88,0x00,0xFF,
  0xFD,0x88,0x00,0xFF,0xFD,0x88,0x00,0xFF,0xFD,0x87,0x00,0xFF,
  0xFD,0x88,0x00,0xFF,0xFD,0x86,0x01,0xFF,0xFD,0x85,0x01,0xFF,
  0xFD,0x84,0x01,0xFF,0xFD,0x7F,0x01,0xFF,0xFD,0x7E,0x01,0xFF,
  0xFD,0x7E,0x01,0xFF,0xFD,0x7E,0x01,0xFF,0xFD,0x7D,0x01,0xFF,
  0xFD,0x7D,0x01,0xFF,0xFD,0x7D,0x01,0xFF,0xFD,0x7D,0x01,0xFF,
  0xFD,0x7C,0x01,0xFF,0xFD,0x7D,0x01,0xFF,0xFD,0x7D,0x01,0xFF,
  0xFD,0x7D,0x01,0xFF,0xFD,0x7D,0x01,0xFF,0xFD,0x7D,0x01,0xFF,
  0xFD,0x7E,0x01,0xFF,0xFD,0x7F,0x01,0xFF,0xFD,0x80,0x01,0xFF,
  0xFD,0x7E,0x01,0xFF,0xFD,0x7E,0x01,0xFF,0xFD,0x80,0x01,0xFF,
  0xFC,0x7F,0x01,0xFF,0xFD,0x87,0x01,0xFF,0xFE,0x93,0x01,0xFF,
  0xFE,0x90,0x01,0xFF,0xFE,0x90,0x01,0xFF,0xFE,0x90,0x01,0xFF,
  0xFE,0x90,0x01,0xFF,0xFE,0x90,0x01,0xFF,0xFE,0x90,0x01,0xFF,
  0xFE,0x90,0x01,0xFF,0xFE,0x90,0x01,0xFF,0xFE,0x8E,0x01,0xFF,
  0xFE,0x8C,0x01,0xFF,0xFE,0x8B,0x01,0xFF,0xFE,0x8B,0x01,0xFF,
  0xFE,0x8B,0x01,0xFF,0xFE,0x8B,0x01,0xFF,0xFE,0x8B,0x01,0xFF,
  0xFE,0x8B,0x01,0xFF,0xFE,0x8A,0x01,0xFF,0xFD,0x91,0x01,0xFF,
  0xFE,0x95,0x01,0xFF,0xFE,0x95,0x01,0xFF,0xFE,0x90,0x01,0xFF,
  0xFD,0x85,0x01,0xFF,0xFD,0x85,0x00,0xFF,0xFD,0x85,0x01,0xFF,
  0xFD,0x87,0x02,0xFF,0xFE,0x89,0x01,0xFF,0xFE,0x89,0x02,0xFF,
  0xFE,0x8B,0x01,0xFF,0xFE,0x8A,0x02,0xFF,0xFD,0x86,0x01,0xFF,
  0xFD,0x8B,0x02,0xFF,0xFD,0xA7,0x04,0xFF,0xFE,0xA0,0x02,0xFF,
  0xFE,0x9C,0x02,0xFF,0xFE,0x9B,0x02,0xFF,0xFD,0x9B,0x02,0xFF,
  0xFD,0x9A,0x04,0xFF,0xFD,0x9A,0x04,0xFF,0xFD,0x9A,0x04,0xFF,
  0xFD,0x9A,0x04,0xFF,0xFE,0x9A,0x04,0xFF,0xFE,0x9A,0x04,0xFF,
  0xFE,0x9D,0x08,0xFF,0xFE,0x9E,0x07,0xFF,0xFD,0x9F,0x08,0xFF,
  0xFE,0xA0,0x08,0xFF,0xFE,0x9C,0x08,0xFF,0xFE,0x9D,0x07,0xFF,
  0xFE,0x9E,0x07,0xFF,0xFE,0x96,0x04,0xFF,0xFE,0x8C,0x01,0xFF,
  0xFE,0x8F,0x01,0xFF,0xFD,0x97,0x01,0xFF,0xFD,0x93,0x02,0xFF,
  0xFE,0x8F,0x01,0xFF,0xFE,0x91,0x02,0xFF,0xFE,0x91,0x02,0xFF,
  0xFE,0x92,0x01,0xFF,0xFD,0x94,0x02,0xFF,0xFE,0x92,0x02,0xFF,
  0xFE,0x91,0x02,0xFF,0xFE,0x91,0x01,0xFF,0xFE,0x91,0x01,0xFF,
  0xFE,0x91,0x01,0xFF,0xFE,0x91,0x01,0xFF,0xFE,0x91,0x01,0xFF,
  0xFE,0x90,0x01,0xFF,0xFE,0x90,0x01,0xFF,0xFE,0x90,0x01,0xFF,
  0xFE,0x92,0x02,0xFF,0xFE,0x91,0x01,0xFF,0xFE,0x91,0x01,0xFF,
  0xFE,0x91,0x01,0xFF,0xFD,0x99,0x02,0xFF,0xFE,0xBB,0x15,0xFF,
  0xFE,0xC2,0x21,0xFF,0xFE,0xC2,0x21,0xFF,0xFD,0xBB,0x1E,0xFF,
  0xFC,0xA0,0x0B,0xFF,0xFE,0x8E,0x01,0xFF,0xFE,0x8C,0x01,0xFF,
  0xFE,0x8B,0x01,0xFF,0xFE,0x8B,0x01,0xFF,0xFE,0x8A,0x01,0xFF,
  0xFB,0x86,0x04,0xFF,0xFF,0x8C,0x06,0xFF,0xD5,0x76,0x03,0xFF,
  0xC0,0x70,0x03,0xFF,0xFF,0x94,0x01,0xFF,0xFC,0x8C,0x01,0xFF,
  0xFE,0x8E,0x01,0xFF,0xFE,0x8E,0x01,0xFF,0xFE,0x8F,0x01,0xFF,
  0xFE,0x90,0x00,0xFF,0xFE,0x93,0x00,0xFF,0xFE,0x92,0x00,0xFF,
  0xFE,0x90,0x00,0xFF,0xFE,0x92,0x00,0xFF,0xFE,0x91,0x00,0xFF,
  0xFE,0x92,0x00,0xFF,0xFE,0x95,0x00,0xFF,0xFE,0x93,0x00,0xFF,
  0xFE,0x92,0x00,0xFF,0xFE,0x91,0x00,0xFF,0xFE,0x90,0x00,0xFF,
  0xFE,0x90,0x00,0xFF,0xFE,0x91,0x00,0xFF,0xFE,0x91,0x00,0xFF,
  0xFE,0x92,0x00,0xFF,0xFE,0x93,0x00,0xFF,0xFD,0x95,0x01,0xFF,
  0xFD,0x96,0x01,0xFF,0xFE,0x95,0x00,0xFF,0xFE,0x95,0x00,0xFF,
  0xFE,0x93,0x00,0xFF,0xFE,0x90,0x01,0xFF,0xFE,0x91,0x01,0xFF,
  0xFE,0x9C,0x04,0xFF,0xFE,0x9F,0x07,0xFF,0xFE,0x9E,0x07,0xFF,
  0xFE,0xA0,0x07,0xFF,0xFD,0xA6,0x0B,0xFF,0xFD,0xA6,0x0C,0xFF,
  0xFD,0x9B,0x02,0xFF,0xFD,0x9C,0x02,0xFF,0xFD,0x9C,0x02,0xFF,
  0xFD,0x99,0x02,0xFF,0xFD,0x99,0x02,0xFF,0xFD,0x99,0x02,0xFF,
  0xFD,0x98,0x02,0xFF,0xFD,0x98,0x02,0xFF,0xFD,0x97,0x01,0xFF,
  0xFD,0x97,0x01,0xFF,0xFD,0x97,0x01,0xFF,0xFD,0x96,0x01,0xFF,
  0xFD,0x96,0x01,0xFF,0xFD,0x96,0x01,0xFF,0xFD,0x96,0x01,0xFF,
  0xFD,0x96,0x01,0xFF,0xFD,0x96,0x01,0xFF,0xFD,0x97,0x02,0xFF,
  0xFD,0x97,0x02,0xFF,0xFD,0x97,0x02,0xFF,0xFD,0x96,0x02,0xFF,
  0xFD,0x96,0x02,0xFF,0xFD,0x97,0x02,0xFF,0xFD,0x9A,0x03,0xFF,
  0xFD,0x9B,0x02,0xFF,0xFD,0x9B,0x01,0xFF,0xFE,0x9E,0x02,0xFF,
  0xFE,0x9F,0x02,0xFF,0xFE,0x9E,0x01,0xFF,0xFE,0xA2,0x01,0xFF,
  0xFE,0xA3,0x01,0xFF,0xFE,0xA1,0x00,0xFF,0xFD,0xA0,0x01,0xFF,
  0xFD,0xA0,0x01,0xFF,0xFD,0x9F,0x02,0xFF,0xFD,0x9F,0x02,0xFF,
  0xFD,0x9F,0x01,0xFF,0xFD,0x9E,0x01,0xFF,0xFD,0x9E,0x01,0xFF,
  0xFD,0x9E,0x01,0xFF,0xFE,0xA3,0x01,0xFF,0xFE,0xA6,0x01,0xFF,
  0xFE,0xA6,0x01,0xFF,0xFD,0xA6,0x02,0xFF,0xFE,0xA3,0x01,0xFF,
  0xFE,0xA2,0x01,0xFF,0xFE,0xA0,0x02,0xFF,0xFE,0xA1,0x01,0xFF,
  0xFE,0xA1,0x02,0xFF,0xFE,0xA2,0x02,0xFF,0xFE,0xA2,0x02,0xFF,
  0xFE,0xA1,0x01,0xFF,0xFE,0xA2,0x01,0xFF,0xFE,0xA4,0x01,0xFF,
  0xFE,0xA7,0x01,0xFF,0xFE,0xA6,0x01,0xFF,0xFE,0xA6,0x01,0xFF,
  0xFE,0xA7,0x01,0xFF,0xFE,0xA7,0x01,0xFF,0xFE,0xA8,0x01,0xFF,
  0xFE,0xA8,0x01,0xFF,0xFE,0xA7,0x01,0xFF,0xFE,0xA6,0x01,0xFF,
  0xFE,0xA6,0x01,0xFF,0xFE,0xA6,0x01,0xFF,0xFE,0xA5,0x01,0xFF,
  0xFE,0xA5,0x01,0xFF,0xFE,0xA4,0x01,0xFF,0xFE,0xA3,0x01,0xFF,
  0xFE,0x9F,0x01,0xFF,0xFE,0x9F,0x01,0xFF,0xFE,0xA0,0x00,0xFF,
  0xFE,0xA0,0x01,0xFF,0xFE,0xA1,0x01,0xFF,0xFD,0xA1,0x02,0xFF,
  0xFD,0x97,0x01,0xFF,0xFD,0x96,0x01,0xFF,0xFD,0x97,0x01,0xFF,
  0xFD,0x97,0x01,0xFF,0xFD,0x97,0x01,0xFF,0xFD,0x97,0x01,0xFF,
  0xFD,0x9B,0x01,0xFF,0xFD,0x9A,0x01,0xFF,0xFD,0x96,0x01,0xFF,
  0xFD,0x96,0x01,0xFF,0xFD,0x96,0x01,0xFF,0xFD,0x95,0x01,0xFF,
  0xFD,0x96,0x01,0xFF,0xFD,0x95,0x01,0xFF,0xFE,0x94,0x01,0xFF,
  0xFE,0x94,0x01,0xFF,0xFE,0x95,0x01,0xFF,0xFE,0x96,0x00,0xFF,
  0xFE,0x95,0x00,0xFF,0xFE,0x92,0x00,0xFF,0xFE,0x91,0x01,0xFF,
  0xFD,0x92,0x01,0xFF,0xFD,0x91,0x01,0xFF,0xFE,0x91,0x00,0xFF,
  0xFE,0x91,0x00,0xFF,0xFE,0x91,0x00,0xFF,0xFE,0x91,0x00,0xFF,
  0xFE,0x91,0x00,0xFF,0xFE,0x91,0x00,0xFF,0xFE,0x90,0x00,0xFF,
  0xFE,0x90,0x00,0xFF,0xFE,0x90,0x00,0xFF,0xFE,0x91,0x00,0xFF,
  0xFE,0x91,0x00,0xFF,0xFE,0x92,0x00,0xFF,0xFE,0x93,0x00,0xFF,
  0xFD,0x92,0x01,0xFF,0xFD,0x92,0x01,0xFF,0xFE,0x91,0x00,0xFF,
  0xFE,0x90,0x00,0xFF,0xFE,0x91,0x00,0xFF,0xFE,0x92,0x00,0xFF,
  0xFE,0x92,0x00,0xFF,0xFE,0x91,0x01,0xFF,0xFE,0x91,0x01,0xFF,
  0xFE,0x90,0x01,0xFF,0xFE,0x90,0x01,0xFF,0xFE,0x90,0x01,0xFF,
  0xFE,0x8E,0x01,0xFF,0xFE,0x8E,0x01,0xFF,0xFE,0x8E,0x01,0xFF,
  0xFE,0x8E,0x01,0xFF,0xFE,0x8D,0x01,0xFF,0xFE,0x8D,0x01,0xFF,
  0xFE,0x8D,0x01,0xFF,0xFE,0x8D,0x01,0xFF,0xFE,0x8D,0x01,0xFF,
  0xFE,0x8D,0x01,0xFF,0xFE,0x8D,0x01,0xFF,0xFE,0x8D,0x01,0xFF,
  0xFE,0x8E,0x01,0xFF,0xFE,0x8E,0x01,0xFF,0xFE,0x8D,0x01,0xFF,
  0xFE,0x8C,0x01,0xFF,0xFE,0x8C,0x01,0xFF,0xFE,0x8C,0x01,0xFF,
  0xFE,0x8C,0x01,0xFF,0xFE,0x8C,0x01,0xFF,0xFE,0x8C,0x01,0xFF,
  0xFE,0x8B,0x01,0xFF,0xFE,0x89,0x01,0xFF,0xFE,0x89,0x01,0xFF,
  0xFE,0x8A,0x01,0xFF,0xFE,0x8E,0x02,0xFF,0xFE,0x8C,0x01,0xFF,
  0xFE,0x8B,0x01,0xFF,0xFE,0x8B,0x01,0xFF,0xFE,0x8B,0x01,0xFF,
  0xFE,0x8B,0x01,0xFF,0xFE,0x8B,0x01,0xFF,0xFE,0x8B,0x01,0xFF,
  0xFE,0x8B,0x01,0xFF,0xFE,0x8C,0x01,0xFF,0xFE,0x8C,0x01,0xFF,
  0xFE,0x8B,0x00,0xFF,0xFE,0x8B,0x00,0xFF,0xFE,0x8B,0x00,0xFF,
  0xFE,0x8B,0x00,0xFF,0xFE,0x87,0x00,0xFF,0xFE,0x86,0x00,0xFF,
  0xFE,0x86,0x00,0xFF,0xFE,0x87,0x01,0xFF,0xFE,0x8A,0x01,0xFF,
  0xFE,0x8C,0x01,0xFF,0xFE,0x8F,0x01,0xFF,0xFE,0x8F,0x01,0xFF,
  0xFE,0xA3,0x01,0xFF,0xFE,0xAA,0x02,0xFF,0xFE,0xA8,0x01,0xFF,
  0xFE,0xA7,0x01,0xFF,0xFE,0xA6,0x01,0xFF,0xFE,0xA2,0x02,0xFF,
  0xFE,0x98,0x01,0xFF,0xFD,0x96,0x01,0xFF,0xFD,0x96,0x01,0xFF,
  0xFD,0x96,0x01,0xFF,0xFD,0x96,0x01,0xFF,0xFD,0x96,0x01,0xFF,
  0xFD,0x96,0x01,0xFF,0xFD,0x96,0x01,0xFF,0xFD,0x96,0x01,0xFF,
  0xFD,0x95,0x01,0xFF,0xFD,0x96,0x01,0xFF,0xFD,0x95,0x00,0xFF,
  0xFD,0x95,0x00,0xFF,0xFD,0x97,0x00,0xFF,0xFD,0x9C,0x01,0xFF,
  0xFD,0x9E,0x02,0xFF,0xFD,0x9D,0x02,0xFF,0xFD,0x9A,0x00,0xFF,
  0xFD,0x98,0x01,0xFF,0xFD,0x97,0x01,0xFF,0xFD,0x97,0x01,0xFF,
  0xFD,0x96,0x01,0xFF,0xFE,0x93,0x00,0xFF,0xFE,0x91,0x00,0xFF,
  0xFC,0x91,0x02,0xFF,0xFF,0x97,0x02,0xFF,0xD5,0x7A,0x03,0xFF,
  0xC0,0x75,0x03,0xFF,0xFF,0x9F,0x01,0xFF,0xFC,0x95,0x02,0xFF,
  0xFD,0x98,0x01,0xFF,0xFE,0x98,0x01,0xFF,0xFE,0x96,0x01,0xFF,
  0xFE,0x97,0x01,0xFF,0xFD,0x97,0x01,0xFF,0xFE,0x9D,0x02,0xFF,
  0xFE,0xA2,0x05,0xFF,0xFE,0xA3,0x07,0xFF,0xFE,0xA3,0x07,0xFF,
  0xFD,0xA3,0x07,0xFF,0xFE,0x9A,0x02,0xFF,0xFE,0x99,0x01,0xFF,
  0xFD,0x9A,0x01,0xFF,0xFD,0x9A,0x01,0xFF,0xFD,0x99,0x01,0xFF,
  0xFD,0x9B,0x01,0xFF,0xFE,0x9B,0x00,0xFF,0xFE,0x9A,0x00,0xFF,
  0xFE,0x9B,0x01,0xFF,0xFE,0x9D,0x01,0xFF,0xFD,0x9F,0x01,0xFF,
  0xFD,0x9F,0x01,0xFF,0xFD,0x9F,0x02,0xFF,0xFD,0x9E,0x01,0xFF,
  0xFD,0x9D,0x01,0xFF,0xFE,0x99,0x00,0xFF,0xFD,0xA0,0x03,0xFF,
  0xFE,0xB0,0x08,0xFF,0xFE,0xB0,0x06,0xFF,0xFE,0xB1,0x08,0xFF,
  0xFE,0xB0,0x08,0xFF,0xFD,0xAC,0x0C,0xFF,0xFD,0xA5,0x07,0xFF,
  0xFD,0x97,0x00,0xFF,0xFD,0x98,0x00,0xFF,0xFD,0x9B,0x00,0xFF,
  0xFD,0x99,0x00,0xFF,0xFD,0x97,0x00,0xFF,0xFD,0x97,0x00,0xFF,
  0xFD,0x95,0x00,0xFF,0xFD,0x97,0x00,0xFF,0xFD,0x98,0x01,0xFF,
  0xFD,0x98,0x00,0xFF,0xFD,0x97,0x00,0xFF,0xFD,0x97,0x00,0xFF,
  0xFD,0x98,0x00,0xFF,0xFD,0x9A,0x01,0xFF,0xFD,0x9A,0x01,0xFF,
  0xFD,0x9B,0x01,0xFF,0xFD,0x98,0x00,0xFF,0xFD,0x97,0x00,0xFF,
  0xFD,0x97,0x00,0xFF,0xFD,0x97,0x00,0xFF,0xFD,0x97,0x00,0xFF,
  0xFD,0x97,0x00,0xFF,0xFD,0x98,0x00,0xFF,0xFD,0x9A,0x00,0xFF,
  0xFD,0x9C,0x00,0xFF,0xFE,0xA1,0x01,0xFF,0xFE,0xA0,0x00,0xFF,
  0xFE,0xA1,0x00,0xFF,0xFE,0xA1,0x00,0xFF,0xFE,0xA5,0x00,0xFF,
  0xFE,0xA7,0x01,0xFF,0xFE,0xA6,0x01,0xFF,0xFE,0xA6,0x01,0xFF,
  0xFE,0xA6,0x01,0xFF,0xFE,0xA3,0x01,0xFF,0xFE,0xA2,0x01,0xFF,
  0xFE,0xA2,0x01,0xFF,0xFD,0xA2,0x01,0xFF,0xFE,0xA2,0x01,0xFF,
  0xFE,0xA3,0x01,0xFF,0xFE,0xA4,0x00,0xFF,0xFE,0xA3,0x00,0xFF,
  0xFE,0xA2,0x00,0xFF,0xFE,0xA3,0x00,0xFF,0xFE,0xA2,0x01,0xFF,
  0xFE,0xA1,0x01,0xFF,0xFE,0xA0,0x01,0xFF,0xFE,0xA1,0x01,0xFF,
  0xFE,0xA3,0x01,0xFF,0xFE,0xA4,0x01,0xFF,0xFE,0xA6,0x02,0xFF,
  0xFE,0xA6,0x02,0xFF,0xFE,0xA7,0x01,0xFF,0xFE,0xAA,0x01,0xFF,
  0xFE,0xAB,0x01,0xFF,0xFE,0xAA,0x01,0xFF,0xFE,0xA9,0x01,0xFF,
  0xFE,0xA8,0x01,0xFF,0xFE,0xA8,0x01,0xFF,0xFE,0xA7,0x01,0xFF,
  0xFE,0xA7,0x01,0xFF,0xFE,0xA7,0x01,0xFF,0xFE,0xA7,0x01,0xFF,
  0xFE,0xA8,0x01,0xFF,0xFE,0xA8,0x01,0xFF,0xFE,0xA7,0x01,0xFF,
  0xFE,0xA6,0x00,0xFF,0xFE,0xA5,0x00,0xFF,0xFD,0xA4,0x01,0xFF,
  0xFD,0xA0,0x01,0xFF,0xFE,0x9F,0x01,0xFF,0xFE,0x9F,0x01,0xFF,
  0xFD,0x9F,0x01,0xFF,0xFE,0x9F,0x01,0xFF,0xFE,0x9F,0x01,0xFF,
  0xFD,0x9F,0x01,0xFF,0xFD,0x9F,0x01,0xFF,0xFD,0x9F,0x01,0xFF,
  0xFD,0x9F,0x01,0xFF,0xFD,0x9F,0x01,0xFF,0xFD,0x9E,0x01,0xFF,
  0xFD,0x9E,0x01,0xFF,0xFD,0x9D,0x01,0xFF,0xFD,0x9E,0x01,0xFF,
  0xFD,0x9E,0x01,0xFF,0xFD,0x9D,0x01,0xFF,0xFD,0x9D,0x01,0xFF,
  0xFD,0x9E,0x01,0xFF,0xFD,0x9F,0x01,0xFF,0xFD,0x9F,0x01,0xFF,
  0xFD,0x9F,0x01,0xFF,0xFD,0x9F,0x01,0xFF,0xFD,0x9E,0x02,0xFF,
  0xFE,0x9E,0x02,0xFF,0xFE,0x9E,0x01,0xFF,0xFE,0x9E,0x01,0xFF,
  0xFE,0x9F,0x01,0xFF,0xFE,0x9F,0x01,0xFF,0xFE,0x9F,0x01,0xFF,
  0xFE,0x9F,0x01,0xFF,0xFE,0x9F,0x01,0xFF,0xFE,0x9F,0x01,0xFF,
  0xFE,0x9F,0x01,0xFF,0xFE,0x9F,0x01,0xFF,0xFE,0x9F,0x01,0xFF,
  0xFE,0x9F,0x00,0xFF,0xFE,0xA0,0x01,0xFF,0xFE,0x9F,0x01,0xFF,
  0xFE,0x9F,0x01,0xFF,0xFE,0x9F,0x01,0xFF,0xFE,0x9F,0x01,0xFF,
  0xFD,0xA0,0x01,0xFF,0xFD,0x9F,0x01,0xFF,0xFE,0x9F,0x01,0xFF,
  0xFE,0x9F,0x01,0xFF,0xFD,0x9C,0x01,0xFF,0xFE,0x9B,0x00,0xFF,
  0xFE,0x9B,0x00,0xFF,0xFE,0x9B,0x01,0xFF,0xFD,0x9A,0x01,0xFF,
  0xFD,0x99,0x01,0xFF,0xFD,0x99,0x01,0xFF,0xFD,0x98,0x01,0xFF,
  0xFE,0x96,0x01,0xFF,0xFE,0x96,0x01,0xFF,0xFE,0x96,0x01,0xFF,
  0xFE,0x96,0x01,0xFF,0xFE,0x96,0x01,0xFF,0xFE,0x96,0x01,0xFF,
  0xFE,0x96,0x01,0xFF,0xFE,0x96,0x01,0xFF,0xFE,0x96,0x01,0xFF,
  0xFE,0x96,0x01,0xFF,0xFE,0x96,0x01,0xFF,0xFE,0x96,0x01,0xFF,
  0xFE,0x96,0x01,0xFF,0xFE,0x96,0x01,0xFF,0xFE,0x96,0x01,0xFF,
  0xFE,0x96,0x01,0xFF,0xFE,0x95,0x01,0xFF,0xFE,0x95,0x01,0xFF,
  0xFE,0x95,0x01,0xFF,0xFE,0x93,0x01,0xFF,0xFE,0x93,0x01,0xFF,
  0xFE,0x92,0x01,0xFF,0xFE,0x92,0x01,0xFF,0xFE,0x93,0x01,0xFF,
  0xFE,0x96,0x01,0xFF,0xFE,0x96,0x01,0xFF,0xFE,0x97,0x01,0xFF,
  0xFE,0x96,0x01,0xFF,0xFE,0x96,0x01,0xFF,0xFE,0x95,0x01,0xFF,
  0xFE,0x96,0x01,0xFF,0xFE,0x95,0x01,0xFF,0xFE,0x95,0x01,0xFF,
  0xFE,0x96,0x01,0xFF,0xFE,0x94,0x01,0xFF,0xFE,0x94,0x01,0xFF,
  0xFE,0x94,0x01,0xFF,0xFE,0x94,0x01,0xFF,0xFE,0x94,0x01,0xFF,
  0xFE,0x94,0x01,0xFF,0xFE,0x95,0x01,0xFF,0xFE,0x92,0x01,0xFF,
  0xFE,0x92,0x01,0xFF,0xFE,0x92,0x01,0xFF,0xFE,0x92,0x01,0xFF,
  0xFE,0x94,0x01,0xFF,0xFE,0x97,0x01,0xFF,0xFD,0x9A,0x01,0xFF,
  0xFE,0xA3,0x00,0xFF,0xFE,0xA5,0x01,0xFF,0xFE,0xA4,0x01,0xFF,
  0xFD,0xA3,0x01,0xFF,0xFD,0x9F,0x01,0xFF,0xFD,0x9C,0x01,0xFF,
  0xFD,0x9C,0x01,0xFF,0xFD,0x9D,0x01,0xFF,0xFD,0xA0,0x01,0xFF,
  0xFD,0xA0,0x01,0xFF,0xFD,0xA1,0x01,0xFF,0xFD,0xA1,0x01,0xFF,
  0xFD,0xA1,0x01,0xFF,0xFD,0xA0,0x01,0xFF,0xFD,0xA0,0x01,0xFF,
  0xFD,0xA1,0x02,0xFF,0xFD,0xA1,0x02,0xFF,0xFD,0xA5,0x04,0xFF,
  0xFD,0xA7,0x05,0xFF,0xFD,0xA7,0x06,0xFF,0xFD,0xA7,0x03,0xFF,
  0xFD,0xA2,0x02,0xFF,0xFD,0x9E,0x01,0xFF,0xFD,0x9D,0x01,0xFF,
  0xFD,0x9E,0x01,0xFF,0xFD,0x9D,0x01,0xFF,0xFD,0x9C,0x01,0xFF,
  0xFD,0x9B,0x01,0xFF,0xFE,0x99,0x00,0xFF,0xFE,0x98,0x00,0xFF,
  0xFC,0x97,0x02,0xFF,0xFF,0x9E,0x02,0xFF,0xD5,0x7D,0x04,0xFF,
  0xC1,0x7A,0x03,0xFF,0xFF,0xAD,0x00,0xFF,0xFB,0xA4,0x03,0xFF,
  0xFD,0xA7,0x02,0xFF,0xFD,0xA6,0x01,0xFF,0xFD,0xA7,0x01,0xFF,
  0xFD,0xA6,0x02,0xFF,0xFD,0x9B,0x01,0xFF,0xFD,0xA4,0x03,0xFF,
  0xFD,0xA7,0x04,0xFF,0xFD,0xA5,0x03,0xFF,0xFD,0xA4,0x03,0xFF,
  0xFD,0xA1,0x03,0xFF,0xFD,0x99,0x00,0xFF,0xFD,0x9A,0x00,0xFF,
  0xFD,0x9E,0x00,0xFF,0xFE,0xA3,0x00,0xFF,0xFE,0xA4,0x00,0xFF,
  0xFE,0xA5,0x01,0xFF,0xFE,0xA6,0x01,0xFF,0xFE,0xA7,0x02,0xFF,
  0xFD,0xA9,0x02,0xFF,0xFD,0xAB,0x02,0xFF,0xFD,0xAB,0x02,0xFF,
  0xFE,0xAA,0x02,0xFF,0xFE,0xAA,0x02,0xFF,0xFD,0xA8,0x01,0xFF,
  0xFD,0xA8,0x01,0xFF,0xFE,0xA8,0x01,0xFF,0xFE,0xA7,0x00,0xFF,
  0xFD,0xA9,0x08,0xFF,0xFD,0xB2,0x19,0xFF,0xFE,0xB1,0x1C,0xFF,
  0xFD,0xAD,0x19,0xFF,0xFD,0xA7,0x16,0xFF,0xFD,0xA8,0x19,0xFF,
  0xFD,0xAC,0x21,0xFF,0xFD,0xAE,0x24,0xFF,0xFD,0xAE,0x24,0xFF,
  0xFD,0xAF,0x25,0xFF,0xFD,0xAF,0x26,0xFF,0xFD,0xAF,0x26,0xFF,
  0xFD,0xB0,0x2B,0xFF,0xFD,0xA7,0x12,0xFF,0xFD,0xA4,0x02,0xFF,
  0xFE,0xA4,0x07,0xFF,0xFD,0xA6,0x06,0xFF,0xFD,0xA7,0x07,0xFF,
  0xFD,0xA3,0x06,0xFF,0xFD,0x9D,0x02,0xFF,0xFD,0x9F,0x03,0xFF,
  0xFD,0x9D,0x02,0xFF,0xFD,0xA7,0x11,0xFF,0xFD,0xB0,0x23,0xFF,
  0xFD,0xAF,0x20,0xFF,0xFD,0xAF,0x22,0xFF,0xFD,0xB1,0x22,0xFF,
  0xFD,0xB1,0x22,0xFF,0xFD,0xB1,0x22,0xFF,0xFD,0xB2,0x23,0xFF,
  0xFE,0xB5,0x24,0xFF,0xFD,0xA7,0x09,0xFF,0xFD,0xAB,0x11,0xFF,
  0xFD,0xAE,0x16,0xFF,0xFC,0xAF,0x16,0xFF,0xFD,0xA5,0x06,0xFF,
  0xFE,0xA1,0x00,0xFF,0xFD,0xA3,0x02,0xFF,0xFD,0xA3,0x02,0xFF,
  0xFD,0xA3,0x01,0xFF,0xFD,0xA2,0x01,0xFF,0xFE,0xA2,0x01,0xFF,
  0xFE,0xA2,0x01,0xFF,0xFE,0xA4,0x01,0xFF,0xFE,0xA5,0x01,0xFF,
  0xFE,0xA5,0x01,0xFF,0xFE,0xA4,0x00,0xFF,0xFE,0xA3,0x00,0xFF,
  0xFE,0xA3,0x00,0xFF,0xFE,0xA3,0x00,0xFF,0xFE,0xA3,0x00,0xFF,
  0xFE,0xA3,0x00,0xFF,0xFE,0xA2,0x00,0xFF,0xFE,0xA4,0x00,0xFF,
  0xFE,0xA7,0x01,0xFF,0xFE,0xA3,0x01,0xFF,0xFD,0x9C,0x01,0xFF,
  0xFE,0x9D,0x01,0xFF,0xFD,0x9F,0x01,0xFF,0xFE,0x9E,0x01,0xFF,
  0xFE,0x9A,0x01,0xFF,0xFE,0x9A,0x01,0xFF,0xFE,0x9A,0x01,0xFF,
  0xFE,0x9A,0x01,0xFF,0xFD,0x98,0x01,0xFF,0xFE,0x9A,0x01,0xFF,
  0xFD,0xA0,0x02,0xFF,0xFD,0x9E,0x01,0xFF,0xFE,0xA5,0x01,0xFF,
  0xFD,0xAC,0x02,0xFF,0xFE,0xAB,0x01,0xFF,0xFE,0xAB,0x01,0xFF,
  0xFE,0xAB,0x01,0xFF,0xFD,0xAB,0x02,0xFF,0xFE,0xAB,0x02,0xFF,
  0xFE,0xAB,0x01,0xFF,0xFE,0xAB,0x01,0xFF,0xFE,0xAB,0x01,0xFF,
  0xFE,0xAB,0x01,0xFF,0xFE,0xAA,0x01,0xFF,0xFE,0xAA,0x01,0xFF,
  0xFE,0xAA,0x01,0xFF,0xFE,0xAA,0x01,0xFF,0xFE,0xAA,0x01,0xFF,
  0xFE,0xAA,0x01,0xFF,0xFE,0xAA,0x01,0xFF,0xFE,0xAA,0x01,0xFF,
  0xFE,0xAA,0x01,0xFF,0xFE,0xAA,0x01,0xFF,0xFE,0xAB,0x01,0xFF,
  0xFE,0xAB,0x01,0xFF,0xFD,0xAA,0x02,0xFF,0xFD,0xA7,0x02,0xFF,
  0xFE,0xA8,0x01,0xFF,0xFE,0xA9,0x01,0xFF,0xFE,0xAB,0x01,0xFF,
  0xFE,0xAA,0x01,0xFF,0xFD,0xA8,0x00,0xFF,0xFE,0xAA,0x00,0xFF,
  0xFE,0xAA,0x00,0xFF,0xFE,0xAA,0x00,0xFF,0xFE,0xAA,0x01,0xFF,
  0xFE,0xAB,0x01,0xFF,0xFE,0xAB,0x01,0xFF,0xFE,0xAA,0x01,0xFF,
  0xFE,0xAA,0x01,0xFF,0xFE,0xAA,0x01,0xFF,0xFE,0xAB,0x01,0xFF,
  0xFE,0xAB,0x01,0xFF,0xFE,0xAB,0x01,0xFF,0xFE,0xAB,0x01,0xFF,
  0xFE,0xAB,0x01,0xFF,0xFE,0xAC,0x01,0xFF,0xFE,0xAB,0x01,0xFF,
  0xFE,0xAB,0x01,0xFF,0xFE,0xAC,0x01,0xFF,0xFE,0xAC,0x01,0xFF,
  0xFE,0xAB,0x01,0xFF,0xFE,0xAA,0x01,0xFF,0xFE,0xAB,0x01,0xFF,
  0xFE,0xAB,0x01,0xFF,0xFE,0xAB,0x01,0xFF,0xFE,0xAB,0x01,0xFF,
  0xFE,0xAB,0x01,0xFF,0xFE,0xAB,0x01,0xFF,0xFE,0xAA,0x01,0xFF,
  0xFE,0xA8,0x01,0xFF,0xFE,0xA7,0x01,0xFF,0xFE,0xA8,0x01,0xFF,
  0xFE,0xA8,0x01,0xFF,0xFE,0xA8,0x01,0xFF,0xFE,0xA6,0x00,0xFF,
  0xFE,0xA7,0x01,0xFF,0xFE,0xA8,0x01,0xFF,0xFE,0xA8,0x01,0xFF,
  0xFE,0xA8,0x01,0xFF,0xFE,0xA8,0x01,0xFF,0xFE,0xA8,0x01,0xFF,
  0xFE,0xA8,0x01,0xFF,0xFE,0xA8,0x01,0xFF,0xFE,0xA7,0x01,0xFF,
  0xFE,0xA7,0x01,0xFF,0xFE,0xA7,0x01,0xFF,0xFE,0xA7,0x01,0xFF,
  0xFE,0xA6,0x01,0xFF,0xFE,0xA6,0x01,0xFF,0xFE,0xA5,0x00,0xFF,
  0xFE,0xA5,0x00,0xFF,0xFE,0xA4,0x00,0xFF,0xFE,0xA3,0x00,0xFF,
  0xFE,0xA3,0x00,0xFF,0xFE,0xA4,0x00,0xFF,0xFE,0xA4,0x00,0xFF,
  0xFE,0xA4,0x00,0xFF,0xFE,0xA6,0x00,0xFF,0xFE,0xA5,0x00,0xFF,
  0xFE,0xA4,0x00,0xFF,0xFE,0xA4,0x00,0xFF,0xFE,0xA4,0x00,0xFF,
  0xFE,0xA5,0x01,0xFF,0xFE,0xA5,0x01,0xFF,0xFE,0xA5,0x00,0xFF,
  0xFE,0xA5,0x00,0xFF,0xFE,0xA6,0x00,0xFF,0xFE,0xA5,0x00,0xFF,
  0xFE,0xA3,0x01,0xFF,0xFE,0xA3,0x01,0xFF,0xFE,0xA4,0x00,0xFF,
  0xFE,0xA4,0x00,0xFF,0xFE,0xA5,0x00,0xFF,0xFE,0xA7,0x00,0xFF,
  0xFE,0xA5,0x00,0xFF,0xFE,0xA6,0x00,0xFF,0xFE,0xA9,0x01,0xFF,
  0xFE,0xAA,0x01,0xFF,0xFE,0xA9,0x01,0xFF,0xFE,0xA9,0x01,0xFF,
  0xFE,0xA9,0x01,0xFF,0xFE,0xA8,0x01,0xFF,0xFE,0xA4,0x00,0xFF,
  0xFD,0x9E,0x01,0xFF,0xFD,0x9D,0x01,0xFF,0xFD,0x9D,0x02,0xFF,
  0xFD,0x9C,0x01,0xFF,0xFE,0xA7,0x01,0xFF,0xFE,0xAD,0x01,0xFF,
  0xFE,0xAD,0x01,0xFF,0xFE,0xAB,0x01,0xFF,0xFE,0xAA,0x02,0xFF,
  0xFE,0xAB,0x01,0xFF,0xFE,0xAE,0x02,0xFF,0xFE,0xB1,0x01,0xFF,
  0xFE,0xB4,0x02,0xFF,0xFD,0xB6,0x06,0xFF,0xFE,0xBC,0x0D,0xFF,
  0xFE,0xBF,0x10,0xFF,0xFE,0xBB,0x0F,0xFF,0xFE,0xB0,0x06,0xFF,
  0xFE,0xAA,0x02,0xFF,0xFE,0xA9,0x01,0xFF,0xFE,0xA7,0x01,0xFF,
  0xFE,0xA7,0x01,0xFF,0xFE,0xA5,0x01,0xFF,0xFE,0xA2,0x01,0xFF,
  0xFE,0xA2,0x01,0xFF,0xFE,0xA1,0x01,0xFF,0xFD,0x9E,0x01,0xFF,
  0xFC,0x9E,0x03,0xFF,0xFF,0xA7,0x04,0xFF,0xD5,0x81,0x03,0xFF,
  0xC1,0x7E,0x04,0xFF,0xFF,0xB7,0x03,0xFF,0xFB,0xAF,0x07,0xFF,
  0xFD,0xB1,0x08,0xFF,0xFE,0xB2,0x07,0xFF,0xFE,0xB3,0x07,0xFF,
  0xFE,0xB2,0x07,0xFF,0xFE,0xB0,0x08,0xFF,0xFE,0xAD,0x07,0xFF,
  0xFE,0xAC,0x06,0xFF,0xFD,0xAB,0x07,0xFF,0xFD,0xAE,0x09,0xFF,
  0xFD,0xAC,0x09,0xFF,0xFE,0xAB,0x0B,0xFF,0xFD,0xAC,0x0B,0xFF,
  0xFD,0xAC,0x07,0xFF,0xFD,0xAE,0x05,0xFF,0xFE,0xAE,0x03,0xFF,
  0xFE,0xAE,0x02,0xFF,0xFD,0xAD,0x03,0xFF,0xFD,0xAB,0x04,0xFF,
  0xFD,0xAB,0x03,0xFF,0xFD,0xAC,0x03,0xFF,0xFE,0xAB,0x03,0xFF,
  0xFE,0xAA,0x02,0xFF,0xFE,0xAB,0x03,0xFF,0xFE,0xAC,0x07,0xFF,
  0xFE,0xAF,0x06,0xFF,0xFE,0xB0,0x07,0xFF,0xFD,0xAE,0x03,0xFF,
  0xFD,0xB6,0x11,0xFF,0xFD,0xCE,0x4A,0xFF,0xFE,0xCF,0x54,0xFF,
  0xFE,0xCE,0x54,0xFF,0xFE,0xCF,0x56,0xFF,0xFD,0xCF,0x58,0xFF,
  0xFE,0xD0,0x59,0xFF,0xFE,0xCE,0x51,0xFF,0xFD,0xCD,0x4F,0xFF,
  0xFE,0xCC,0x4D,0xFF,0xFE,0xCA,0x48,0xFF,0xFE,0xC7,0x43,0xFF,
  0xFD,0xC7,0x4B,0xFF,0xFD,0xB7,0x1E,0xFF,0xFD,0xAC,0x00,0xFF,
  0xFE,0xAF,0x04,0xFF,0xFE,0xB2,0x04,0xFF,0xFE,0xB5,0x07,0xFF,
  0xFD,0xAA,0x02,0xFF,0xFD,0x9B,0x00,0xFF,0xFD,0x9F,0x00,0xFF,
  0xFD,0x9A,0x00,0xFF,0xFD,0xB0,0x12,0xFF,0xFD,0xCE,0x40,0xFF,
  0xFD,0xCC,0x40,0xFF,0xFD,0xCD,0x44,0xFF,0xFD,0xCE,0x48,0xFF,
  0xFD,0xCE,0x48,0xFF,0xFD,0xCD,0x44,0xFF,0xFD,0xCF,0x4B,0xFF,
  0xFD,0xC9,0x3B,0xFF,0xFD,0xA3,0x03,0xFF,0xFD,0xA9,0x0F,0xFF,
  0xFD,0xAC,0x14,0xFF,0xFD,0xAB,0x12,0xFF,0xFD,0xA0,0x05,0xFF,
  0xFD,0x9D,0x01,0xFF,0xFD,0x9D,0x01,0xFF,0xFD,0x9D,0x01,0xFF,
  0xFD,0x9D,0x01,0xFF,0xFD,0x9D,0x01,0xFF,0xFD,0x9D,0x01,0xFF,
  0xFD,0x9D,0x01,0xFF,0xFE,0xA1,0x01,0xFF,0xFE,0xA2,0x01,0xFF,
  0xFE,0xA3,0x01,0xFF,0xFE,0xA3,0x00,0xFF,0xFE,0xA3,0x00,0xFF,
  0xFE,0xA3,0x00,0xFF,0xFE,0xA4,0x00,0xFF,0xFE,0xA3,0x00,0xFF,
  0xFE,0xA7,0x01,0xFF,0xFE,0xAA,0x01,0xFF,0xFE,0xAB,0x01,0xFF,
  0xFE,0xAD,0x01,0xFF,0xFE,0xA9,0x01,0xFF,0xFD,0x9E,0x01,0xFF,
  0xFE,0x94,0x01,0xFF,0xFE,0x8E,0x01,0xFF,0xFE,0x8D,0x01,0xFF,
  0xFD,0x98,0x01,0xFF,0xFD,0x9F,0x02,0xFF,0xFE,0x9F,0x01,0xFF,
  0xFE,0xA0,0x01,0xFF,0xFE,0xA2,0x01,0xFF,0xFE,0xA4,0x01,0xFF,
  0xFD,0xA6,0x01,0xFF,0xFE,0xA5,0x01,0xFF,0xFE,0xA6,0x01,0xFF,
  0xFE,0xA6,0x00,0xFF,0xFE,0xA6,0x00,0xFF,0xFE,0xA7,0x01,0xFF,
  0xFE,0xA8,0x01,0xFF,0xFE,0xA8,0x01,0xFF,0xFE,0xA7,0x01,0xFF,
  0xFE,0xA7,0x01,0xFF,0xFE,0xA7,0x01,0xFF,0xFE,0xAA,0x01,0xFF,
  0xFD,0xAA,0x02,0xFF,0xFE,0xAB,0x01,0xFF,0xFE,0xAC,0x01,0xFF,
  0xFE,0xAC,0x01,0xFF,0xFE,0xAB,0x01,0xFF,0xFD,0xAA,0x02,0xFF,
  0xFE,0xAB,0x01,0xFF,0xFE,0xAB,0x01,0xFF,0xFE,0xAA,0x01,0xFF,
  0xFE,0xA9,0x01,0xFF,0xFE,0xAA,0x01,0xFF,0xFE,0xA9,0x01,0xFF,
  0xFE,0xA9,0x01,0xFF,0xFE,0xA8,0x02,0xFF,0xFD,0xA8,0x02,0xFF,
  0xFD,0xA9,0x02,0xFF,0xFD,0xAA,0x01,0xFF,0xFE,0xA9,0x01,0xFF,
  0xFD,0xAA,0x04,0xFF,0xFD,0xB3,0x0D,0xFF,0xFE,0xB3,0x0B,0xFF,
  0xFE,0xB3,0x0C,0xFF,0xFE,0xB4,0x07,0xFF,0xFE,0xB4,0x03,0xFF,
  0xFE,0xB4,0x03,0xFF,0xFE,0xB5,0x03,0xFF,0xFE,0xB4,0x03,0xFF,
  0xFE,0xB3,0x04,0xFF,0xFE,0xB3,0x04,0xFF,0xFE,0xAD,0x01,0xFF,
  0xFE,0xAA,0x01,0xFF,0xFE,0xAA,0x01,0xFF,0xFE,0xA9,0x01,0xFF,
  0xFE,0xAA,0x01,0xFF,0xFE,0xAA,0x01,0xFF,0xFE,0xAA,0x01,0xFF,
  0xFE,0xAB,0x01,0xFF,0xFE,0xAB,0x01,0xFF,0xFE,0xAA,0x00,0xFF,
  0xFE,0xAC,0x01,0xFF,0xFE,0xAD,0x00,0xFF,0xFE,0xAA,0x01,0xFF,
  0xFE,0xAA,0x01,0xFF,0xFE,0xAA,0x01,0xFF,0xFE,0xAA,0x01,0xFF,
  0xFE,0xAA,0x01,0xFF,0xFE,0xAA,0x01,0xFF,0xFE,0xAA,0x01,0xFF,
  0xFE,0xAA,0x01,0xFF,0xFE,0xA9,0x01,0xFF,0xFE,0xA9,0x01,0xFF,
  0xFE,0xA8,0x01,0xFF,0xFE,0xA8,0x01,0xFF,0xFE,0xA7,0x01,0xFF,
  0xFE,0xA7,0x01,0xFF,0xFE,0xA7,0x01,0xFF,0xFE,0xA8,0x01,0xFF,
  0xFE,0xA8,0x01,0xFF,0xFE,0xA8,0x01,0xFF,0xFE,0xA9,0x01,0xFF,
  0xFE,0xA9,0x01,0xFF,0xFE,0xA9,0x01,0xFF,0xFE,0xAA,0x01,0xFF,
  0xFE,0xAC,0x02,0xFF,0xFE,0xAD,0x02,0xFF,0xFE,0xAC,0x01,0xFF,
  0xFE,0xAB,0x01,0xFF,0xFE,0xAA,0x01,0xFF,0xFE,0xA9,0x01,0xFF,
  0xFE,0xA9,0x01,0xFF,0xFE,0xA8,0x01,0xFF,0xFE,0xA7,0x01,0xFF,
  0xFE,0xA7,0x01,0xFF,0xFE,0xA8,0x01,0xFF,0xFE,0xA9,0x01,0xFF,
  0xFE,0xA9,0x01,0xFF,0xFE,0xAA,0x01,0xFF,0xFE,0xAA,0x01,0xFF,
  0xFE,0xAD,0x02,0xFF,0xFE,0xAD,0x02,0xFF,0xFE,0xAC,0x01,0xFF,
  0xFE,0xA8,0x00,0xFF,0xFE,0xA6,0x00,0xFF,0xFE,0xA5,0x00,0xFF,
  0xFE,0x98,0x00,0xFF,0xFE,0x92,0x00,0xFF,0xFE,0x95,0x00,0xFF,
  0xFD,0x9C,0x01,0xFF,0xFD,0x9D,0x01,0xFF,0xFE,0x9F,0x01,0xFF,
  0xFE,0xA1,0x01,0xFF,0xFE,0xA2,0x01,0xFF,0xFE,0xA3,0x01,0xFF,
  0xFE,0xA3,0x01,0xFF,0xFE,0xA3,0x01,0xFF,0xFE,0xA5,0x01,0xFF,
  0xFE,0xA5,0x01,0xFF,0xFE,0xA1,0x01,0xFF,0xFE,0xA2,0x01,0xFF,
  0xFE,0xA4,0x01,0xFF,0xFE,0xA3,0x01,0xFF,0xFE,0xA5,0x00,0xFF,
  0xFE,0xA9,0x02,0xFF,0xFD,0xAB,0x04,0xFF,0xFD,0xAF,0x06,0xFF,
  0xFE,0xAE,0x05,0xFF,0xFD,0xAC,0x05,0xFF,0xFD,0xA9,0x02,0xFF,
  0xFE,0xA7,0x01,0xFF,0xFE,0xA5,0x01,0xFF,0xFE,0xA5,0x01,0xFF,
  0xFD,0xA6,0x01,0xFF,0xFD,0xAF,0x05,0xFF,0xFD,0xB3,0x0D,0xFF,
  0xFD,0xAF,0x09,0xFF,0xFD,0xAB,0x04,0xFF,0xFD,0xAA,0x04,0xFF,
  0xFE,0xAB,0x04,0xFF,0xFE,0xAA,0x03,0xFF,0xFE,0xA3,0x00,0xFF,
  0xFE,0xA4,0x01,0xFF,0xFD,0xA9,0x02,0xFF,0xFE,0xA9,0x01,0xFF,
  0xFE,0xA7,0x01,0xFF,0xFE,0xA6,0x01,0xFF,0xFE,0xA6,0x01,0xFF,
  0xFE,0xA5,0x00,0xFF,0xFE,0xA5,0x01,0xFF,0xFE,0xA4,0x01,0xFF,
  0xFC,0xA3,0x04,0xFF,0xFF,0xAB,0x04,0xFF,0xD4,0x85,0x04,0xFF,
  0xBD,0x80,0x07,0xFF,0xFF,0xC4,0x05,0xFF,0xFB,0xBA,0x09,0xFF,
  0xFE,0xBC,0x0A,0xFF,0xFE,0xBC,0x06,0xFF,0xFD,0xBD,0x06,0xFF,
  0xFD,0xBE,0x06,0xFF,0xFE,0xBD,0x08,0xFF,0xFE,0xBD,0x09,0xFF,
  0xFE,0xBC,0x0A,0xFF,0xFE,0xC0,0x11,0xFF,0xFE,0xC7,0x1A,0xFF,
  0xFE,0xC6,0x21,0xFF,0xFE,0xC5,0x22,0xFF,0xFE,0xC0,0x11,0xFF,
  0xFD,0xBC,0x08,0xFF,0xFD,0xBA,0x05,0xFF,0xFE,0xB6,0x03,0xFF,
  0xFE,0xB5,0x02,0xFF,0xFE,0xB3,0x00,0xFF,0xFE,0xB2,0x00,0xFF,
  0xFE,0xB0,0x00,0xFF,0xFE,0xB0,0x00,0xFF,0xFE,0xB0,0x00,0xFF,
  0xFE,0xAC,0x00,0xFF,0xFE,0xB1,0x00,0xFF,0xFE,0xB9,0x05,0xFF,
  0xFD,0xBA,0x04,0xFF,0xFE,0xBA,0x05,0xFF,0xFE,0xB4,0x00,0xFF,
  0xFE,0xB0,0x00,0xFF,0xFE,0xAF,0x00,0xFF,0xFE,0xAF,0x05,0xFF,
  0xFE,0xAD,0x05,0xFF,0xFD,0xAD,0x0B,0xFF,0xFD,0xAE,0x0D,0xFF,
  0xFE,0xAF,0x0C,0xFF,0xFD,0xAB,0x05,0xFF,0xFD,0xA9,0x04,0xFF,
  0xFD,0xA8,0x02,0xFF,0xFD,0xA5,0x01,0xFF,0xFD,0xA3,0x00,0xFF,
  0xFE,0x9F,0x00,0xFF,0xFE,0xA8,0x06,0xFF,0xFD,0xBD,0x31,0xFF,
  0xFD,0xBF,0x39,0xFF,0xFD,0xC0,0x3C,0xFF,0xFD,0xC0,0x3C,0xFF,
  0xFD,0xBF,0x3B,0xFF,0xFD,0xBF,0x39,0xFF,0xFD,0xBE,0x39,0xFF,
  0xFD,0xC0,0x3C,0xFF,0xFC,0xB3,0x1E,0xFF,0xFD,0xA8,0x02,0xFF,
  0xFD,0xAA,0x07,0xFF,0xFD,0xA7,0x05,0xFF,0xFD,0xA6,0x06,0xFF,
  0xFD,0xA5,0x06,0xFF,0xFD,0xA5,0x03,0xFF,0xFD,0xA6,0x06,0xFF,
  0xFD,0xA3,0x04,0xFF,0xFD,0x9D,0x00,0xFF,0xFD,0x9C,0x00,0xFF,
  0xFD,0x9B,0x00,0xFF,0xFD,0x9C,0x00,0xFF,0xFD,0x9E,0x00,0xFF,
  0xFD,0x9E,0x01,0xFF,0xFD,0x9E,0x01,0xFF,0xFD,0x9E,0x01,0xFF,
  0xFD,0x9F,0x01,0xFF,0xFE,0xA3,0x01,0xFF,0xFE,0xA3,0x01,0xFF,
  0xFE,0xA4,0x01,0xFF,0xFE,0xA4,0x00,0xFF,0xFE,0xA4,0x00,0xFF,
  0xFE,0xA7,0x01,0xFF,0xFE,0xA4,0x00,0xFF,0xFE,0xA3,0x00,0xFF,
  0xFE,0xA5,0x01,0xFF,0xFE,0xA7,0x01,0xFF,0xFE,0xA6,0x01,0xFF,
  0xFE,0xAB,0x01,0xFF,0xFE,0xB0,0x01,0xFF,0xFE,0xAF,0x01,0xFF,
  0xFE,0xAF,0x01,0xFF,0xFE,0xB2,0x01,0xFF,0xFD,0xA2,0x01,0xFF,
  0xFE,0x8D,0x01,0xFF,0xFE,0x8D,0x01,0xFF,0xFE,0x89,0x01,0xFF,
  0xFD,0xA4,0x02,0xFF,0xFE,0xAF,0x02,0xFF,0xFE,0xAC,0x01,0xFF,
  0xFD,0xAD,0x02,0xFF,0xFE,0xAC,0x01,0xFF,0xFD,0xAB,0x02,0xFF,
  0xFE,0xAA,0x02,0xFF,0xFE,0xAA,0x01,0xFF,0xFE,0xA8,0x01,0xFF,
  0xFE,0xA4,0x00,0xFF,0xFE,0xA3,0x00,0xFF,0xFE,0xA3,0x00,0xFF,
  0xFE,0xA2,0x00,0xFF,0xFE,0xA2,0x01,0xFF,0xFE,0xA2,0x00,0xFF,
  0xFE,0xA2,0x00,0xFF,0xFE,0xA1,0x01,0xFF,0xFE,0xA8,0x01,0xFF,
  0xFE,0xAD,0x01,0xFF,0xFE,0xAE,0x01,0xFF,0xFE,0xAE,0x01,0xFF,
  0xFE,0xAE,0x01,0xFF,0xFE,0xAE,0x01,0xFF,0xFE,0xAC,0x01,0xFF,
  0xFE,0xAC,0x01,0xFF,0xFD,0xAC,0x02,0xFF,0xFD,0xAA,0x02,0xFF,
  0xFD,0xAB,0x02,0xFF,0xFE,0xAA,0x01,0xFF,0xFE,0xAA,0x01,0xFF,
  0xFE,0xA8,0x01,0xFF,0xFE,0xA7,0x01,0xFF,0xFE,0xA8,0x01,0xFF,
  0xFE,0xAA,0x02,0xFF,0xFE,0xAB,0x03,0xFF,0xFE,0xAB,0x01,0xFF,
  0xFE,0xB1,0x09,0xFF,0xFE,0xC8,0x2C,0xFF,0xFE,0xC9,0x2C,0xFF,
  0xFE,0xC8,0x2D,0xFF,0xFE,0xBC,0x0F,0xFF,0xFD,0xBC,0x05,0xFF,
  0xFD,0xBC,0x07,0xFF,0xFD,0xBD,0x07,0xFF,0xFD,0xBE,0x07,0xFF,
  0xFD,0xC0,0x07,0xFF,0xFD,0xBF,0x07,0xFF,0xFD,0xBC,0x08,0xFF,
  0xFE,0xAC,0x03,0xFF,0xFE,0xA6,0x01,0xFF,0xFE,0xA5,0x01,0xFF,
  0xFE,0xA4,0x00,0xFF,0xFE,0xA5,0x01,0xFF,0xFE,0xA5,0x01,0xFF,
  0xFE,0xA5,0x01,0xFF,0xFE,0xA8,0x01,0xFF,0xFE,0xB4,0x06,0xFF,
  0xFE,0xBD,0x0E,0xFF,0xFE,0xC0,0x0F,0xFF,0xFD,0xAD,0x04,0xFF,
  0xFE,0xA8,0x00,0xFF,0xFE,0xA9,0x00,0xFF,0xFE,0xA9,0x00,0xFF,
  0xFE,0xAA,0x01,0xFF,0xFE,0xAA,0x01,0xFF,0xFE,0xAA,0x01,0xFF,
  0xFD,0xAA,0x02,0xFF,0xFE,0xAA,0x01,0xFF,0xFE,0xAA,0x01,0xFF,
  0xFE,0xAA,0x01,0xFF,0xFE,0xAA,0x01,0xFF,0xFE,0xAA,0x01,0xFF,
  0xFE,0xA9,0x01,0xFF,0xFE,0xAA,0x01,0xFF,0xFE,0xAA,0x01,0xFF,
  0xFE,0xAA,0x01,0xFF,0xFD,0xAB,0x02,0xFF,0xFE,0xAA,0x01,0xFF,
  0xFE,0xAA,0x01,0xFF,0xFE,0xAE,0x01,0xFF,0xFE,0xB5,0x02,0xFF,
  0xFE,0xB6,0x03,0xFF,0xFE,0xB5,0x03,0xFF,0xFE,0xB5,0x03,0xFF,
  0xFE,0xB5,0x02,0xFF,0xFE,0xAD,0x01,0xFF,0xFE,0xAA,0x01,0xFF,
  0xFD,0xAC,0x02,0xFF,0xFD,0xAC,0x02,0xFF,0xFD,0xAD,0x02,0xFF,
  0xFE,0xAE,0x01,0xFF,0xFE,0xAD,0x01,0xFF,0xFE,0xAE,0x01,0xFF,
  0xFE,0xAF,0x01,0xFF,0xFE,0xB2,0x01,0xFF,0xFE,0xB3,0x02,0xFF,
  0xFE,0xB4,0x02,0xFF,0xFE,0xB4,0x02,0xFF,0xFE,0xB5,0x04,0xFF,
  0xFE,0xBA,0x0A,0xFF,0xFE,0xBB,0x0B,0xFF,0xFE,0xBA,0x0B,0xFF,
  0xFD,0xB4,0x0C,0xFF,0xFE,0xB0,0x0B,0xFF,0xFD,0xA1,0x03,0xFF,
  0xFD,0xA6,0x03,0xFF,0xFD,0xA7,0x04,0xFF,0xFD,0xA3,0x01,0xFF,
  0xFD,0x9F,0x01,0xFF,0xFE,0xA0,0x02,0xFF,0xFE,0xA0,0x02,0xFF,
  0xFE,0xA0,0x02,0xFF,0xFE,0xA1,0x02,0xFF,0xFE,0x9F,0x02,0xFF,
  0xFD,0x9E,0x01,0xFF,0xFD,0x9E,0x01,0xFF,0xFD,0x9E,0x01,0xFF,
  0xFD,0x9D,0x01,0xFF,0xFD,0x9E,0x01,0xFF,0xFD,0x9F,0x01,0xFF,
  0xFD,0xA0,0x01,0xFF,0xFD,0xA0,0x01,0xFF,0xFD,0xA2,0x02,0xFF,
  0xFD,0xA1,0x02,0xFF,0xFD,0xA1,0x01,0xFF,0xFE,0xA3,0x01,0xFF,
  0xFE,0xA2,0x01,0xFF,0xFE,0xA3,0x00,0xFF,0xFE,0xA5,0x00,0xFF,
  0xFE,0xA5,0x00,0xFF,0xFE,0xA7,0x01,0xFF,0xFE,0xA8,0x03,0xFF,
  0xFE,0xA6,0x02,0xFF,0xFD,0xA6,0x01,0xFF,0xFE,0xA7,0x02,0xFF,
  0xFE,0xA6,0x01,0xFF,0xFE,0xA7,0x01,0xFF,0xFE,0xA8,0x01,0xFF,
  0xFE,0xA9,0x01,0xFF,0xFE,0xAA,0x01,0xFF,0xFE,0xAA,0x01,0xFF,
  0xFE,0xAB,0x01,0xFF,0xFE,0xAC,0x01,0xFF,0xFE,0xAB,0x01,0xFF,
  0xFE,0xAA,0x01,0xFF,0xFE,0xAA,0x01,0xFF,0xFE,0xAB,0x01,0xFF,
  0xFC,0xAA,0x03,0xFF,0xFF,0xB1,0x03,0xFF,0xD3,0x8A,0x06,0xFF,
  0xC0,0x82,0x06,0xFF,0xFF,0xC5,0x06,0xFF,0xFB,0xB9,0x06,0xFF,
  0xFD,0xBD,0x0F,0xFF,0xFD,0xBF,0x17,0xFF,0xFD,0xBF,0x12,0xFF,
  0xFD,0xC6,0x28,0xFF,0xFD,0xCC,0x3D,0xFF,0xFD,0xCC,0x3E,0xFF,
  0xFD,0xCB,0x3D,0xFF,0xFD,0xC7,0x2D,0xFF,0xFE,0xC3,0x20,0xFF,
  0xFD,0xC3,0x1E,0xFF,0xFE,0xBF,0x14,0xFF,0xFD,0xBC,0x07,0xFF,
  0xFD,0xB8,0x04,0xFF,0xFE,0xB6,0x04,0xFF,0xFE,0xB5,0x04,0xFF,
  0xFE,0xBA,0x06,0xFF,0xFE,0xC3,0x29,0xFF,0xFE,0xC9,0x44,0xFF,
  0xFE,0xCA,0x44,0xFF,0xFD,0xCC,0x4A,0xFF,0xFD,0xCD,0x4B,0xFF,
  0xFE,0xCB,0x46,0xFF,0xFE,0xCB,0x46,0xFF,0xFE,0xCD,0x49,0xFF,
  0xFD,0xCF,0x4A,0xFF,0xFD,0xCE,0x49,0xFF,0xFD,0xCB,0x47,0xFF,
  0xFE,0xCA,0x46,0xFF,0xFD,0xC9,0x41,0xFF,0xFD,0xC1,0x2A,0xFF,
  0xFD,0xB7,0x1A,0xFF,0xFE,0xAF,0x05,0xFF,0xFE,0xAC,0x00,0xFF,
  0xFE,0xAC,0x00,0xFF,0xFE,0xAC,0x00,0xFF,0xFE,0xAC,0x01,0xFF,
  0xFE,0xAC,0x01,0xFF,0xFD,0xAC,0x03,0xFF,0xFD,0xAC,0x03,0xFF,
  0xFE,0xA9,0x01,0xFF,0xFD,0xBB,0x2A,0xFF,0xFD,0xCC,0x58,0xFF,
  0xFD,0xC9,0x51,0xFF,0xFD,0xCA,0x50,0xFF,0xFD,0xCA,0x52,0xFF,
  0xFD,0xCD,0x58,0xFF,0xFD,0xCE,0x58,0xFF,0xFD,0xCD,0x57,0xFF,
  0xFD,0xD1,0x62,0xFF,0xFC,0xBD,0x37,0xFF,0xFD,0xA4,0x00,0xFF,
  0xFD,0xA9,0x03,0xFF,0xFD,0xA5,0x02,0xFF,0xFE,0xA2,0x00,0xFF,
  0xFE,0xA1,0x00,0xFF,0xFE,0x9F,0x01,0xFF,0xFE,0x9F,0x00,0xFF,
  0xFE,0x9F,0x01,0xFF,0xFD,0xA0,0x02,0xFF,0xFE,0xA0,0x02,0xFF,
  0xFE,0xA2,0x01,0xFF,0xFE,0xA3,0x01,0xFF,0xFE,0xA3,0x01,0xFF,
  0xFE,0xA4,0x01,0xFF,0xFE,0xA4,0x01,0xFF,0xFE,0xA3,0x01,0xFF,
  0xFE,0xA4,0x00,0xFF,0xFE,0xA7,0x01,0xFF,0xFE,0xA7,0x01,0xFF,
  0xFE,0xA8,0x01,0xFF,0xFE,0xA9,0x01,0xFF,0xFE,0xA9,0x01,0xFF,
  0xFE,0xAA,0x01,0xFF,0xFE,0xA9,0x01,0xFF,0xFE,0xAA,0x01,0xFF,
  0xFE,0xAA,0x01,0xFF,0xFE,0xA9,0x01,0xFF,0xFE,0xAA,0x01,0xFF,
  0xFE,0xAA,0x01,0xFF,0xFE,0xAB,0x01,0xFF,0xFE,0xAC,0x01,0xFF,
  0xFE,0xAD,0x01,0xFF,0xFE,0xAE,0x01,0xFF,0xFE,0xA9,0x01,0xFF,
  0xFD,0xA6,0x01,0xFF,0xFE,0xA8,0x01,0xFF,0xFE,0xA5,0x01,0xFF,
  0xFE,0xAB,0x01,0xFF,0xFE,0xAE,0x01,0xFF,0xFE,0xAC,0x01,0xFF,
  0xFE,0xAD,0x01,0xFF,0xFE,0xAF,0x01,0xFF,0xFE,0xAF,0x01,0xFF,
  0xFE,0xAE,0x01,0xFF,0xFE,0xAE,0x01,0xFF,0xFE,0xAF,0x02,0xFF,
  0xFE,0xB2,0x02,0xFF,0xFE,0xB3,0x03,0xFF,0xFE,0xB3,0x03,0xFF,
  0xFE,0xB1,0x02,0xFF,0xFE,0xB1,0x03,0xFF,0xFE,0xB1,0x03,0xFF,
  0xFE,0xAD,0x01,0xFF,0xFE,0xAD,0x01,0xFF,0xFE,0xAD,0x01,0xFF,
  0xFE,0xAE,0x01,0xFF,0xFE,0xAE,0x01,0xFF,0xFE,0xAE,0x01,0xFF,
  0xFE,0xAE,0x01,0xFF,0xFE,0xAE,0x01,0xFF,0xFE,0xAE,0x01,0xFF,
  0xFE,0xAD,0x01,0xFF,0xFE,0xAD,0x01,0xFF,0xFE,0xAD,0x01,0xFF,
  0xFE,0xAD,0x01,0xFF,0xFE,0xAD,0x01,0xFF,0xFE,0xAD,0x01,0xFF,
  0xFE,0xAC,0x01,0xFF,0xFE,0xAC,0x01,0xFF,0xFE,0xAC,0x01,0xFF,
  0xFE,0xAE,0x02,0xFF,0xFE,0xB2,0x05,0xFF,0xFE,0xB1,0x02,0xFF,
  0xFE,0xB5,0x04,0xFF,0xFE,0xB4,0x07,0xFF,0xFE,0xB5,0x08,0xFF,
  0xFE,0xB5,0x0A,0xFF,0xFE,0xB2,0x03,0xFF,0xFE,0xB3,0x02,0xFF,
  0xFE,0xB4,0x02,0xFF,0xFE,0xB4,0x02,0xFF,0xFE,0xB4,0x03,0xFF,
  0xFE,0xB4,0x02,0xFF,0xFE,0xB3,0x02,0xFF,0xFE,0xB4,0x02,0xFF,
  0xFE,0xB0,0x01,0xFF,0xFE,0xAF,0x01,0xFF,0xFE,0xAF,0x01,0xFF,
  0xFE,0xAF,0x01,0xFF,0xFE,0xAE,0x01,0xFF,0xFE,0xAE,0x01,0xFF,
  0xFE,0xAE,0x01,0xFF,0xFE,0xAE,0x01,0xFF,0xFE,0xB4,0x04,0xFF,
  0xFE,0xB7,0x07,0xFF,0xFE,0xB3,0x06,0xFF,0xFD,0xAF,0x03,0xFF,
  0xFE,0xAF,0x05,0xFF,0xFE,0xAE,0x06,0xFF,0xFE,0xAD,0x04,0xFF,
  0xFE,0xAC,0x03,0xFF,0xFE,0xAB,0x01,0xFF,0xFE,0xAA,0x01,0xFF,
  0xFE,0xAA,0x01,0xFF,0xFE,0xAA,0x01,0xFF,0xFE,0xAA,0x01,0xFF,
  0xFE,0xAA,0x01,0xFF,0xFE,0xAA,0x01,0xFF,0xFE,0xAA,0x01,0xFF,
  0xFE,0xAA,0x01,0xFF,0xFD,0xAB,0x02,0xFF,0xFE,0xAA,0x01,0xFF,
  0xFE,0xAA,0x01,0xFF,0xFD,0xAA,0x02,0xFF,0xFE,0xAA,0x01,0xFF,
  0xFE,0xAA,0x01,0xFF,0xFE,0xAC,0x01,0xFF,0xFE,0xAE,0x01,0xFF,
  0xFE,0xB2,0x02,0xFF,0xFE,0xB5,0x03,0xFF,0xFE,0xB5,0x03,0xFF,
  0xFE,0xB5,0x03,0xFF,0xFE,0xB3,0x02,0xFF,0xFE,0xB2,0x02,0xFF,
  0xFE,0xB2,0x02,0xFF,0xFE,0xB1,0x01,0xFF,0xFE,0xB0,0x01,0xFF,
  0xFE,0xB0,0x01,0xFF,0xFE,0xB0,0x01,0xFF,0xFE,0xB0,0x01,0xFF,
  0xFE,0xB0,0x01,0xFF,0xFE,0xB0,0x01,0xFF,0xFE,0xB0,0x01,0xFF,
  0xFE,0xAF,0x01,0xFF,0xFE,0xB1,0x01,0xFF,0xFE,0xB2,0x02,0xFF,
  0xFE,0xB4,0x06,0xFF,0xFE,0xB7,0x07,0xFF,0xFE,0xB7,0x07,0xFF,
  0xFE,0xB8,0x07,0xFF,0xFE,0xB8,0x06,0xFF,0xFE,0xB2,0x02,0xFF,
  0xFE,0xB1,0x02,0xFF,0xFE,0xB1,0x02,0xFF,0xFE,0xB0,0x01,0xFF,
  0xFE,0xA9,0x01,0xFF,0xFE,0xA8,0x01,0xFF,0xFE,0xA7,0x01,0xFF,
  0xFE,0xA7,0x01,0xFF,0xFE,0xA7,0x01,0xFF,0xFE,0xA7,0x01,0xFF,
  0xFE,0xA7,0x01,0xFF,0xFD,0xAA,0x02,0xFF,0xFE,0xAA,0x01,0xFF,
  0xFE,0xAB,0x01,0xFF,0xFE,0xAB,0x01,0xFF,0xFE,0xAA,0x01,0xFF,
  0xFE,0xA9,0x01,0xFF,0xFE,0xA8,0x01,0xFF,0xFE,0xA8,0x01,0xFF,
  0xFD,0xA8,0x01,0xFF,0xFE,0xA8,0x01,0xFF,0xFE,0xAB,0x01,0xFF,
  0xFE,0xAC,0x01,0xFF,0xFE,0xAD,0x01,0xFF,0xFE,0xAB,0x01,0xFF,
  0xFE,0xA8,0x01,0xFF,0xFE,0xA9,0x01,0xFF,0xFE,0xAA,0x01,0xFF,
  0xFE,0xAA,0x01,0xFF,0xFE,0xAE,0x04,0xFF,0xFE,0xB0,0x06,0xFF,
  0xFE,0xB2,0x03,0xFF,0xFE,0xB2,0x02,0xFF,0xFE,0xB0,0x01,0xFF,
  0xFE,0xAF,0x01,0xFF,0xFE,0xAE,0x01,0xFF,0xFE,0xAD,0x01,0xFF,
  0xFE,0xB0,0x01,0xFF,0xFE,0xB1,0x01,0xFF,0xFE,0xB0,0x01,0xFF,
  0xFE,0xAF,0x01,0xFF,0xFE,0xAE,0x01,0xFF,0xFE,0xAD,0x00,0xFF,
  0xFC,0xAD,0x05,0xFF,0xFF,0xB7,0x07,0xFF,0xD5,0x88,0x04,0xFF,
  0xC0,0x83,0x06,0xFF,0xFF,0xC9,0x07,0xFF,0xFC,0xBD,0x11,0xFF,
  0xFE,0xC4,0x27,0xFF,0xFE,0xC7,0x2E,0xFF,0xFD,0xC7,0x2C,0xFF,
  0xFD,0xC6,0x2A,0xFF,0xFE,0xC4,0x28,0xFF,0xFE,0xBD,0x19,0xFF,
  0xFE,0xBA,0x11,0xFF,0xFE,0xB7,0x07,0xFF,0xFD,0xB8,0x04,0xFF,
  0xFD,0xBA,0x04,0xFF,0xFD,0xBB,0x05,0xFF,0xFD,0xBB,0x05,0xFF,
  0xFE,0xBE,0x15,0xFF,0xFE,0xBE,0x14,0xFF,0xFE,0xBD,0x0E,0xFF,
  0xFE,0xBA,0x07,0xFF,0xFD,0xC5,0x2B,0xFF,0xFE,0xCF,0x53,0xFF,
  0xFE,0xCE,0x4F,0xFF,0xFE,0xD1,0x56,0xFF,0xFE,0xD1,0x57,0xFF,
  0xFE,0xD0,0x53,0xFF,0xFE,0xCD,0x48,0xFF,0xFE,0xC9,0x3C,0xFF,
  0xFE,0xC8,0x3A,0xFF,0xFE,0xC8,0x3D,0xFF,0xFE,0xC8,0x3C,0xFF,
  0xFE,0xC4,0x36,0xFF,0xFE,0xC2,0x2D,0xFF,0xFD,0xBF,0x22,0xFF,
  0xFD,0xBA,0x1D,0xFF,0xFE,0xB1,0x09,0xFF,0xFE,0xAE,0x01,0xFF,
  0xFE,0xAE,0x02,0xFF,0xFE,0xAF,0x01,0xFF,0xFE,0xAE,0x01,0xFF,
  0xFE,0xAE,0x01,0xFF,0xFE,0xB2,0x09,0xFF,0xFE,0xAF,0x05,0xFF,
  0xFE,0xAD,0x01,0xFF,0xFE,0xAD,0x02,0xFF,0xFD,0xA8,0x00,0xFF,
  0xFE,0xA5,0x00,0xFF,0xFD,0xA3,0x00,0xFF,0xFD,0xA4,0x00,0xFF,
  0xFD,0xA5,0x02,0xFF,0xFD,0xA7,0x04,0xFF,0xFD,0xA8,0x04,0xFF,
  0xFD,0xA9,0x05,0xFF,0xFD,0xA9,0x05,0xFF,0xFD,0xA8,0x03,0xFF,
  0xFD,0xA6,0x03,0xFF,0xFE,0xA3,0x02,0xFF,0xFE,0xA2,0x02,0xFF,
  0xFE,0xA3,0x02,0xFF,0xFE,0xA3,0x01,0xFF,0xFE,0xA2,0x02,0xFF,
  0xFE,0xA1,0x02,0xFF,0xFE,0xA1,0x02,0xFF,0xFE,0xA0,0x02,0xFF,
  0xFE,0xA0,0x01,0xFF,0xFE,0xA1,0x01,0xFF,0xFD,0xA1,0x02,0xFF,
  0xFE,0xA4,0x01,0xFF,0xFE,0xA8,0x01,0xFF,0xFE,0xA8,0x01,0xFF,
  0xFE,0xA7,0x01,0xFF,0xFE,0xA7,0x01,0xFF,0xFE,0xA7,0x01,0xFF,
  0xFE,0xA8,0x01,0xFF,0xFE,0xAA,0x01,0xFF,0xFE,0xAA,0x01,0xFF,
  0xFE,0xAA,0x01,0xFF,0xFE,0xAA,0x01,0xFF,0xFE,0xAA,0x01,0xFF,
  0xFE,0xAA,0x01,0xFF,0xFE,0xAA,0x01,0xFF,0xFE,0xAA,0x01,0xFF,
  0xFE,0xAA,0x01,0xFF,0xFE,0xAA,0x01,0xFF,0xFE,0xAB,0x01,0xFF,
  0xFE,0xAC,0x01,0xFF,0xFE,0xAD,0x01,0xFF,0xFE,0xAF,0x01,0xFF,
  0xFE,0xB0,0x02,0xFF,0xFE,0xB1,0x01,0xFF,0xFE,0xB1,0x02,0xFF,
  0xFD,0xAE,0x02,0xFF,0xFD,0xAD,0x02,0xFF,0xFE,0xAC,0x01,0xFF,
  0xFE,0xAF,0x01,0xFF,0xFE,0xB2,0x01,0xFF,0xFE,0xB1,0x01,0xFF,
  0xFE,0xB2,0x01,0xFF,0xFE,0xB0,0x01,0xFF,0xFE,0xB3,0x02,0xFF,
  0xFE,0xB6,0x03,0xFF,0xFE,0xB6,0x03,0xFF,0xFE,0xB6,0x03,0xFF,
  0xFE,0xB6,0x03,0xFF,0xFE,0xB6,0x03,0xFF,0xFE,0xB6,0x03,0xFF,
  0xFE,0xB2,0x01,0xFF,0xFE,0xB0,0x01,0xFF,0xFE,0xAE,0x01,0xFF,
  0xFE,0xAE,0x01,0xFF,0xFE,0xAD,0x01,0xFF,0xFE,0xAD,0x01,0xFF,
  0xFE,0xAC,0x01,0xFF,0xFD,0xAC,0x02,0xFF,0xFD,0xAC,0x02,0xFF,
  0xFE,0xAD,0x01,0xFF,0xFE,0xAE,0x01,0xFF,0xFE,0xAE,0x01,0xFF,
  0xFE,0xB0,0x01,0xFF,0xFE,0xAE,0x01,0xFF,0xFE,0xAE,0x01,0xFF,
  0xFE,0xAE,0x01,0xFF,0xFE,0xAD,0x01,0xFF,0xFE,0xAE,0x01,0xFF,
  0xFE,0xAD,0x01,0xFF,0xFD,0xAC,0x01,0xFF,0xFE,0xAC,0x01,0xFF,
  0xFE,0xAB,0x00,0xFF,0xFE,0xB3,0x04,0xFF,0xFE,0xB4,0x03,0xFF,
  0xFE,0xB3,0x00,0xFF,0xFE,0xB3,0x02,0xFF,0xFE,0xB2,0x01,0xFF,
  0xFE,0xB0,0x01,0xFF,0xFE,0xB0,0x01,0xFF,0xFE,0xAF,0x01,0xFF,
  0xFE,0xAF,0x01,0xFF,0xFE,0xAF,0x01,0xFF,0xFE,0xAE,0x01,0xFF,
  0xFE,0xB0,0x01,0xFF,0xFE,0xB1,0x01,0xFF,0xFE,0xB2,0x01,0xFF,
  0xFE,0xB4,0x02,0xFF,0xFE,0xB3,0x02,0xFF,0xFE,0xB2,0x01,0xFF,
  0xFE,0xB2,0x01,0xFF,0xFE,0xB0,0x01,0xFF,0xFE,0xAF,0x00,0xFF,
  0xFE,0xB5,0x02,0xFF,0xFE,0xB3,0x00,0xFF,0xFE,0xBB,0x11,0xFF,
  0xFE,0xC2,0x23,0xFF,0xFE,0xC4,0x22,0xFF,0xFE,0xBF,0x1C,0xFF,
  0xFE,0xB8,0x0E,0xFF,0xFE,0xB3,0x07,0xFF,0xFE,0xB0,0x04,0xFF,
  0xFD,0xAC,0x03,0xFF,0xFE,0xAA,0x01,0xFF,0xFE,0xAA,0x01,0xFF,
  0xFE,0xA9,0x01,0xFF,0xFE,0xA9,0x01,0xFF,0xFE,0xAA,0x01,0xFF,
  0xFE,0xAA,0x01,0xFF,0xFE,0xAA,0x01,0xFF,0xFE,0xAA,0x01,0xFF,
  0xFD,0xAB,0x02,0xFF,0xFE,0xAE,0x01,0xFF,0xFE,0xAE,0x01,0xFF,
  0xFE,0xAD,0x01,0xFF,0xFE,0xAC,0x01,0xFF,0xFE,0xAC,0x01,0xFF,
  0xFE,0xAF,0x02,0xFF,0xFE,0xB5,0x03,0xFF,0xFE,0xB5,0x03,0xFF,
  0xFE,0xB5,0x03,0xFF,0xFE,0xB7,0x04,0xFF,0xFE,0xB3,0x02,0xFF,
  0xFE,0xB1,0x01,0xFF,0xFE,0xB0,0x01,0xFF,0xFE,0xAE,0x01,0xFF,
  0xFE,0xB0,0x01,0xFF,0xFE,0xB1,0x01,0xFF,0xFE,0xB1,0x01,0xFF,
  0xFE,0xB1,0x01,0xFF,0xFE,0xB1,0x01,0xFF,0xFE,0xB0,0x01,0xFF,
  0xFE,0xAF,0x01,0xFF,0xFE,0xB0,0x01,0xFF,0xFE,0xB0,0x01,0xFF,
  0xFE,0xAD,0x00,0xFF,0xFE,0xAD,0x00,0xFF,0xFE,0xAF,0x00,0xFF,
  0xFE,0xAF,0x00,0xFF,0xFE,0xAF,0x00,0xFF,0xFE,0xB1,0x01,0xFF,
  0xFE,0xAF,0x01,0xFF,0xFE,0xAE,0x01,0xFF,0xFE,0xB0,0x01,0xFF,
  0xFE,0xAE,0x01,0xFF,0xFE,0xAE,0x01,0xFF,0xFE,0xAD,0x01,0xFF,
  0xFE,0xAC,0x01,0xFF,0xFE,0xAB,0x01,0xFF,0xFE,0xAB,0x01,0xFF,
  0xFE,0xAB,0x01,0xFF,0xFE,0xAB,0x01,0xFF,0xFE,0xAB,0x01,0xFF,
  0xFE,0xB0,0x03,0xFF,0xFE,0xB1,0x05,0xFF,0xFE,0xAE,0x00,0xFF,
  0xFE,0xAD,0x01,0xFF,0xFD,0xAB,0x02,0xFF,0xFE,0xAB,0x01,0xFF,
  0xFE,0xAB,0x01,0xFF,0xFE,0xAB,0x01,0xFF,0xFE,0xAB,0x01,0xFF,
  0xFE,0xAB,0x01,0xFF,0xFE,0xAD,0x01,0xFF,0xFE,0xAF,0x01,0xFF,
  0xFE,0xAC,0x01,0xFF,0xFE,0xAA,0x01,0xFF,0xFE,0xAA,0x01,0xFF,
  0xFE,0xAA,0x01,0xFF,0xFE,0xAA,0x01,0xFF,0xFE,0xAA,0x01,0xFF,
  0xFE,0xAB,0x01,0xFF,0xFE,0xAB,0x01,0xFF,0xFE,0xAB,0x01,0xFF,
  0xFE,0xAA,0x01,0xFF,0xFE,0xAB,0x01,0xFF,0xFE,0xAB,0x01,0xFF,
  0xFE,0xAE,0x01,0xFF,0xFE,0xAF,0x01,0xFF,0xFE,0xAC,0x01,0xFF,
  0xFE,0xAF,0x01,0xFF,0xFE,0xAF,0x01,0xFF,0xFE,0xAE,0x01,0xFF,
  0xFC,0xAC,0x04,0xFF,0xFF,0xB4,0x05,0xFF,0xD2,0x86,0x05,0xFF,
};

const lv_image_dsc_t windmill_sea = {
    .header = {
        .magic = LV_IMAGE_HEADER_MAGIC,
        .cf = LV_COLOR_FORMAT_ARGB8888,
        .flags = 0,
        .w = 240,
        .h = 46,
        .stride = 960,
    },
    .data = windmill_sea_data,
    .data_size = 44160,
};
