// 自动生成，勿手改。源: windmill/scene。LV_COLOR_FORMAT_ARGB8888(字节序 B,G,R,A)。
#include "lvgl.h"

static const uint8_t windmill_grass_data[] = {
  0x00,0x00,0x00,0x00,0x00,0x00,0x00,0x00,0x00,0x00,0x00,0x00,
  0x00,0x00,0x00,0x00,0x00,0x00,0x00,0x00,0x00,0x00,0x00,0x00,
  0x00,0x00,0x00,0x00,0x00,0x00,0x00,0x00,0x00,0x00,0x00,0x00,
  0x00,0x00,0x00,0x00,0x00,0x00,0x00,0x00,0x00,0x00,0x00,0x00,
  0x00,0x00,0x00,0x00,0x00,0x00,0x00,0x00,0x00,0x00,0x00,0x00,
  0x00,0x00,0x00,0x00,0x00,0x00,0x00,0x00,0x00,0x00,0x00,0x00,
  0x00,0x00,0x00,0x00,0x00,0x00,0x00,0x00,0x00,0x00,0x00,0x00,
  0x00,0x00,0x00,0x00,0x00,0x00,0x00,0x00,0x00,0x00,0x00,0x00,
  0x00,0x00,0x00,0x00,0x00,0x00,0x00,0x00,0x00,0x00,0x00,0x00,
  0x00,0x00,0x00,0x00,0x00,0x00,0x00,0x00,0x00,0x00,0x00,0x00,
  0x00,0x00,0x00,0x00,0x00,0x00,0x00,0x00,0x00,0x00,0x00,0x00,
  0x00,0x00,0x00,0x00,0x00,0x00,0x00,0x00,0x00,0x00,0x00,0x00,
  0x00,0x00,0x00,0x00,0x00,0x00,0x00,0x00,0x00,0x00,0x00,0x00,
  0x00,0x00,0x00,0x00,0x00,0x00,0x00,0x00,0x00,0x00,0x00,0x00,
  0x00,0x00,0x00,0x00,0x00,0x00,0x00,0x00,0x00,0x00,0x00,0x00,
  0x00,0x00,0x00,0x00,0x00,0x00,0x00,0x00,0x00,0x00,0x00,0x00,
  0x00,0x00,0x00,0x00,0x00,0x00,0x00,0x00,0x00,0x00,0x00,0x00,
  0x00,0x00,0x00,0x00,0x00,0x00,0x00,0x00,0x00,0x00,0x00,0x00,
  0x00,0x00,0x00,0x00,0x00,0x00,0x00,0x00,0x00,0x00,0x00,0x00,
  0x00,0x00,0x00,0x00,0x00,0x00,0x00,0x00,0x00,0x00,0x00,0x00,
  0x00,0x00,0x00,0x00,0x00,0x00,0x00,0x00,0x00,0x00,0x00,0x00,
  0x00,0x00,0x00,0x00,0x00,0x00,0x00,0x00,0x00,0x00,0x00,0x00,
  0x00,0x00,0x00,0x00,0x00,0x00,0x00,0x00,0x00,0x00,0x00,0x00,
  0x00,0x00,0x00,0x00,0x00,0x00,0x00,0x00,0x00,0x00,0x00,0x00,
  0x00,0x00,0x00,0x00,0x00,0x00,0x00,0x00,0x00,0x00,0x00,0x00,
  0x00,0x00,0x00,0x00,0x00,0x00,0x00,0x00,0x00,0x00,0x00,0x00,
  0x00,0x00,0x00,0x00,0x00,0x00,0x00,0x00,0x00,0x00,0x00,0x00,
  0x00,0x00,0x00,0x00,0x00,0x00,0x00,0x00,0x00,0x00,0x00,0x00,
  0x00,0x00,0x00,0x00,0x00,0x00,0x00,0x00,0x00,0x00,0x00,0x00,
  0x00,0x00,0x00,0x00,0x00,0x00,0x00,0x00,0x00,0x00,0x00,0x00,
  0x00,0x00,0x00,0x00,0x00,0x00,0x00,0x00,0x00,0x00,0x00,0x00,
  0x00,0x00,0x00,0x00,0x00,0x00,0x00,0x00,0x00,0x00,0x00,0x00,
  0x00,0x00,0x00,0x00,0x00,0x00,0x00,0x00,0x00,0x00,0x00,0x00,
  0x00,0x00,0x00,0x00,0x00,0x00,0x00,0x00,0x00,0x00,0x00,0x00,
  0x00,0x00,0x00,0x00,0x00,0x00,0x00,0x00,0x00,0x00,0x00,0x00,
  0x00,0x00,0x00,0x00,0x00,0x00,0x00,0x00,0x00,0x00,0x00,0x00,
  0x00,0x00,0x00,0x00,0x00,0x00,0x00,0x00,0x00,0x00,0x00,0x00,
  0x00,0x00,0x00,0x00,0x00,0x00,0x00,0x00,0x00,0x00,0x00,0x00,
  0x00,0x00,0x00,0x00,0x00,0x00,0x00,0x00,0x00,0x00,0x00,0x00,
  0x00,0x00,0x00,0x00,0x00,0x00,0x00,0x00,0x00,0x00,0x00,0x00,
  0x00,0x00,0x00,0x00,0x00,0x00,0x00,0x00,0x00,0x00,0x00,0x00,
  0x00,0x00,0x00,0x00,0x00,0x00,0x00,0x00,0x00,0x00,0x00,0x00,
  0x00,0x00,0x00,0x00,0x00,0x00,0x00,0x00,0x00,0x00,0x00,0x00,
  0x00,0x00,0x00,0x00,0x00,0x00,0x00,0x00,0x00,0x00,0x00,0x00,
  0x00,0x00,0x00,0x00,0x00,0x00,0x00,0x00,0x00,0x00,0x00,0x00,
  0x00,0x00,0x00,0x00,0x00,0x00,0x00,0x00,0x00,0x00,0x00,0x00,
  0x00,0x00,0x00,0x00,0x00,0x00,0x00,0x00,0x00,0x00,0x00,0x00,
  0x00,0x00,0x00,0x00,0x00,0x00,0x00,0x00,0x00,0x00,0x00,0x00,
  0x00,0x00,0x00,0x00,0x00,0x00,0x00,0x00,0x00,0x00,0x00,0x00,
  0x00,0x00,0x00,0x00,0x00,0x00,0x00,0x00,0x00,0x00,0x00,0x00,
  0x00,0x00,0x00,0x00,0x00,0x00,0x00,0x00,0x00,0x00,0x00,0x00,
  0x55,0x55,0x55,0x03,0x00,0x00,0x00,0x00,0x2F,0x56,0x29,0x50,
  0x2D,0x6D,0x38,0xFF,0x31,0x6C,0x35,0xFD,0x36,0x69,0x34,0xFF,
  0x37,0x65,0x2F,0xFF,0x37,0x63,0x2C,0xFF,0x39,0x61,0x28,0xFD,
  0x3E,0x64,0x2A,0xFF,0x3D,0x57,0x28,0xCB,0x00,0x00,0x00,0x04,
  0x00,0x00,0x00,0x00,0x00,0x00,0x00,0x01,0x00,0x00,0x00,0x00,
  0x00,0x00,0x00,0x00,0x00,0x00,0x00,0x00,0x00,0x00,0x00,0x00,
  0x00,0x00,0x00,0x00,0x00,0x00,0x00,0x00,0x00,0x00,0x00,0x00,
  0x00,0x00,0x00,0x00,0x00,0x00,0x00,0x00,0x00,0x00,0x00,0x00,
  0x00,0x00,0x00,0x00,0x00,0x00,0x00,0x00,0x00,0x00,0x00,0x00,
  0x00,0x00,0x00,0x00,0x00,0x00,0x00,0x00,0x00,0x00,0x00,0x00,
  0x00,0x00,0x00,0x00,0x00,0x00,0x00,0x00,0x00,0x00,0x00,0x00,
  0x00,0x00,0x00,0x00,0x00,0x00,0x00,0x00,0x00,0x00,0x00,0x00,
  0x00,0x00,0x00,0x00,0x00,0x00,0x00,0x00,0x00,0x00,0x00,0x00,
  0x00,0x00,0x00,0x00,0x00,0x00,0x00,0x00,0x00,0x00,0x00,0x00,
  0x00,0x00,0x00,0x00,0x00,0x00,0x00,0x00,0x00,0x00,0x00,0x00,
  0x00,0x00,0x00,0x00,0x00,0x00,0x00,0x00,0x00,0x00,0x00,0x00,
  0x00,0x00,0x00,0x00,0x00,0x00,0x00,0x00,0x00,0x00,0x00,0x00,
  0x00,0x00,0x00,0x00,0x00,0x00,0x00,0x00,0x00,0x00,0x00,0x00,
  0x00,0x00,0x00,0x00,0x00,0x00,0x00,0x00,0x00,0x00,0x00,0x00,
  0x00,0x00,0x00,0x00,0x00,0x00,0x00,0x00,0x00,0x00,0x00,0x00,
  0x00,0x00,0x00,0x01,0x00,0x00,0x00,0x00,0x45,0x39,0x17,0x16,
  0x35,0x54,0x2A,0xFA,0x32,0x57,0x23,0xFF,0x34,0x4D,0x1B,0xFE,
  0x35,0x4E,0x19,0xFF,0x35,0x52,0x1D,0xFF,0x38,0x53,0x20,0xFC,
  0x36,0x5B,0x24,0xFF,0x34,0x41,0x1E,0xC9,0x00,0x00,0x00,0x00,
  0x00,0x7F,0x7F,0x02,0x00,0x00,0x00,0x00,0x00,0x00,0x00,0x00,
  0x00,0x00,0x00,0x00,0x00,0x00,0x00,0x00,0x00,0x00,0x00,0x00,
  0x00,0x00,0x00,0x00,0x00,0x00,0x00,0x00,0x00,0x00,0x00,0x00,
  0x00,0x00,0x00,0x00,0x00,0x00,0x00,0x00,0x00,0x00,0x00,0x00,
  0x00,0x00,0x00,0x00,0x00,0x00,0x00,0x00,0x00,0x00,0x00,0x00,
  0x00,0x00,0x00,0x00,0x00,0x00,0x00,0x00,0x00,0x00,0x00,0x00,
  0x00,0x00,0x00,0x00,0x00,0x00,0x00,0x00,0x00,0x00,0x00,0x00,
  0x00,0x00,0x00,0x00,0x00,0x00,0x00,0x00,0x00,0x00,0x00,0x00,
  0x00,0x00,0x00,0x00,0x00,0x00,0x00,0x00,0x00,0x00,0x00,0x00,
  0x00,0x00,0x00,0x00,0x00,0x00,0x00,0x00,0x00,0x00,0x00,0x00,
  0x00,0x00,0x00,0x00,0x00,0x00,0x00,0x00,0x00,0x00,0x00,0x00,
  0x00,0x00,0x00,0x00,0x00,0x00,0x00,0x00,0x00,0x00,0x00,0x00,
  0x00,0x00,0x00,0x00,0x00,0x00,0x00,0x00,0x00,0x00,0x00,0x00,
  0x00,0x00,0x00,0x00,0x00,0x00,0x00,0x00,0x00,0x00,0x00,0x00,
  0x00,0x00,0x00,0x00,0x00,0x00,0x00,0x00,0x00,0x00,0x00,0x00,
  0x00,0x00,0x00,0x00,0x00,0x00,0x00,0x00,0x00,0x00,0x00,0x00,
  0x00,0x00,0x00,0x00,0x00,0x00,0x00,0x00,0x00,0x00,0x00,0x00,
  0x00,0x00,0x00,0x00,0x00,0x00,0x00,0x00,0x00,0x00,0x00,0x00,
  0x00,0x00,0x00,0x00,0x00,0x00,0x00,0x00,0x00,0x00,0x00,0x00,
  0x00,0x00,0x00,0x00,0x00,0x00,0x00,0x00,0x00,0x00,0x00,0x00,
  0x00,0x00,0x00,0x00,0x00,0x00,0x00,0x00,0x00,0x00,0x00,0x00,
  0x00,0x00,0x00,0x00,0x00,0x00,0x00,0x00,0x00,0x00,0x00,0x00,
  0x00,0x00,0x00,0x00,0x00,0x00,0x00,0x00,0x00,0x00,0x00,0x00,
  0x00,0x00,0x00,0x00,0x00,0x00,0x00,0x00,0x00,0x00,0x00,0x00,
  0x00,0x00,0x00,0x00,0x00,0x00,0x00,0x00,0x00,0x00,0x00,0x00,
  0x00,0x00,0x00,0x00,0x00,0x00,0x00,0x00,0x00,0x00,0x00,0x00,
  0x00,0x00,0x00,0x00,0x00,0x00,0x00,0x00,0x00,0x00,0x00,0x00,
  0x00,0x00,0x00,0x00,0x00,0x00,0x00,0x00,0x00,0x00,0x00,0x00,
  0x00,0x00,0x00,0x00,0x00,0x00,0x00,0x00,0x00,0x00,0x00,0x00,
  0x00,0x00,0x00,0x00,0x00,0x00,0x00,0x00,0x00,0x00,0x00,0x00,
  0x00,0x00,0x00,0x00,0x00,0x00,0x00,0x00,0x00,0x00,0x00,0x00,
  0x00,0x00,0x00,0x00,0x00,0x00,0x00,0x00,0x00,0x00,0x00,0x00,
  0x00,0x00,0x00,0x00,0x00,0x00,0x00,0x00,0x00,0x00,0x00,0x00,
  0x00,0x00,0x00,0x00,0x00,0x00,0x00,0x00,0x00,0x00,0x00,0x00,
  0x00,0x00,0x00,0x00,0x00,0x00,0x00,0x00,0x00,0x00,0x00,0x00,
  0x00,0x00,0x00,0x00,0x00,0x00,0x00,0x00,0x00,0x00,0x00,0x00,
  0x00,0x00,0x00,0x00,0x00,0x00,0x00,0x00,0x00,0x00,0x00,0x00,
  0x00,0x00,0x00,0x00,0x00,0x00,0x00,0x00,0x00,0x00,0x00,0x00,
  0x00,0x00,0x00,0x00,0x00,0x00,0x00,0x00,0x00,0x00,0x00,0x00,
  0x00,0x00,0x00,0x00,0x00,0x00,0x00,0x00,0x00,0x00,0x00,0x00,
  0x00,0x00,0x00,0x00,0x00,0x00,0x00,0x00,0x00,0x00,0x00,0x00,
  0x00,0x00,0x00,0x00,0x00,0x00,0x00,0x00,0x00,0x00,0x00,0x00,
  0x00,0x00,0x00,0x00,0x00,0x00,0x00,0x00,0x00,0x00,0x00,0x00,
  0x00,0x00,0x00,0x00,0x00,0x00,0x00,0x00,0x00,0x00,0x00,0x00,
  0x00,0x00,0x00,0x00,0x00,0x00,0x00,0x00,0x00,0x00,0x00,0x00,
  0x00,0x00,0x00,0x00,0x00,0x00,0x00,0x00,0x00,0x00,0x00,0x00,
  0x00,0x00,0x00,0x00,0x00,0x00,0x00,0x00,0x00,0x00,0x00,0x00,
  0x00,0x00,0x00,0x00,0x00,0x00,0x00,0x00,0x00,0x00,0x00,0x00,
  0x00,0x00,0x00,0x00,0x00,0x00,0x00,0x00,0x00,0x00,0x00,0x00,
  0x00,0x00,0x00,0x00,0x00,0x00,0x00,0x00,0x00,0x00,0x00,0x00,
  0x00,0x00,0x00,0x00,0x00,0x00,0x00,0x00,0x00,0x00,0x00,0x00,
  0x00,0x00,0x00,0x00,0x00,0x00,0x00,0x00,0x00,0x00,0x00,0x00,
  0x00,0x00,0x00,0x00,0x00,0x00,0x00,0x00,0x00,0x00,0x00,0x00,
  0x00,0x00,0x00,0x00,0x00,0x00,0x00,0x00,0x00,0x00,0x00,0x00,
  0x00,0x00,0x00,0x00,0x00,0x00,0x00,0x00,0x00,0x00,0x00,0x00,
  0x00,0x00,0x00,0x00,0x00,0x00,0x00,0x00,0x00,0x00,0x00,0x00,
  0x55,0x55,0x55,0x03,0x00,0x00,0x00,0x00,0x30,0x59,0x23,0x64,
  0x2E,0x7F,0x40,0xFF,0x34,0x7C,0x3E,0xFD,0x37,0x7C,0x3F,0xFF,
  0x38,0x7B,0x3E,0xFF,0x37,0x7A,0x3C,0xFF,0x38,0x79,0x3A,0xFE,
  0x3B,0x80,0x3D,0xFE,0x3D,0x6D,0x34,0xDF,0x30,0x18,0x00,0x15,
  0x00,0x00,0x00,0x00,0x00,0x00,0x00,0x02,0x00,0x00,0x00,0x00,
  0x00,0x00,0x00,0x00,0x00,0x00,0x00,0x00,0x00,0x00,0x00,0x00,
  0x00,0x00,0x00,0x00,0x00,0x00,0x00,0x00,0x00,0x00,0x00,0x00,
  0x00,0x00,0x00,0x00,0x00,0x00,0x00,0x00,0x00,0x00,0x00,0x00,
  0x00,0x00,0x00,0x00,0x00,0x00,0x00,0x00,0x00,0x00,0x00,0x00,
  0x00,0x00,0x00,0x00,0x00,0x00,0x00,0x00,0x00,0x00,0x00,0x00,
  0x00,0x00,0x00,0x00,0x00,0x00,0x00,0x00,0x00,0x00,0x00,0x00,
  0x00,0x00,0x00,0x00,0x00,0x00,0x00,0x00,0x00,0x00,0x00,0x00,
  0x00,0x00,0x00,0x00,0x00,0x00,0x00,0x00,0x00,0x00,0x00,0x00,
  0x00,0x00,0x00,0x00,0x00,0x00,0x00,0x00,0x00,0x00,0x00,0x00,
  0x00,0x00,0x00,0x00,0x00,0x00,0x00,0x00,0x00,0x00,0x00,0x00,
  0x00,0x00,0x00,0x00,0x00,0x00,0x00,0x00,0x00,0x00,0x00,0x00,
  0x00,0x00,0x00,0x00,0x00,0x00,0x00,0x00,0x00,0x00,0x00,0x00,
  0x00,0x00,0x00,0x00,0x00,0x00,0x00,0x00,0x00,0x00,0x00,0x00,
  0x00,0x00,0x00,0x00,0x00,0x00,0x00,0x00,0x00,0x00,0x00,0x00,
  0x00,0x00,0x00,0x00,0x00,0x00,0x00,0x00,0x00,0x00,0x00,0x00,
  0x00,0x00,0x00,0x01,0x00,0x00,0x00,0x00,0x45,0x45,0x22,0x16,
  0x38,0x6F,0x3B,0xFA,0x35,0x76,0x39,0xFF,0x37,0x6D,0x32,0xFE,
  0x36,0x6D,0x31,0xFF,0x35,0x71,0x33,0xFF,0x37,0x73,0x36,0xFC,
  0x36,0x7E,0x3B,0xFF,0x34,0x56,0x29,0xC9,0x00,0x00,0x00,0x00,
  0x00,0x7F,0x7F,0x02,0x00,0x00,0x00,0x00,0x00,0x00,0x00,0x00,
  0x00,0x00,0x00,0x00,0x00,0x00,0x00,0x00,0x00,0x00,0x00,0x00,
  0x00,0x00,0x00,0x00,0x00,0x00,0x00,0x00,0x00,0x00,0x00,0x00,
  0x00,0x00,0x00,0x00,0x00,0x00,0x00,0x00,0x00,0x00,0x00,0x00,
  0x00,0x00,0x00,0x00,0x00,0x00,0x00,0x00,0x00,0x00,0x00,0x00,
  0x00,0x00,0x00,0x00,0x00,0x00,0x00,0x00,0x00,0x00,0x00,0x00,
  0x00,0x00,0x00,0x00,0x00,0x00,0x00,0x00,0x00,0x00,0x00,0x00,
  0x00,0x00,0x00,0x00,0x00,0x00,0x00,0x00,0x00,0x00,0x00,0x00,
  0x00,0x00,0x00,0x00,0x00,0x00,0x00,0x00,0x00,0x00,0x00,0x00,
  0x00,0x00,0x00,0x00,0x00,0x00,0x00,0x00,0x00,0x00,0x00,0x00,
  0x00,0x00,0x00,0x00,0x00,0x00,0x00,0x00,0x00,0x00,0x00,0x00,
  0x00,0x00,0x00,0x00,0x00,0x00,0x00,0x00,0x00,0x00,0x00,0x00,
  0x00,0x00,0x00,0x00,0x00,0x00,0x00,0x00,0x00,0x00,0x00,0x00,
  0x00,0x00,0x00,0x00,0x00,0x00,0x00,0x00,0x00,0x00,0x00,0x00,
  0x00,0x00,0x00,0x00,0x00,0x00,0x00,0x00,0x00,0x00,0x00,0x00,
  0x00,0x00,0x00,0x00,0x00,0x00,0x00,0x00,0x00,0x00,0x00,0x00,
  0x00,0x00,0x00,0x00,0x00,0x00,0x00,0x00,0x00,0x00,0x00,0x00,
  0x00,0x00,0x00,0x00,0x00,0x00,0x00,0x00,0x00,0x00,0x00,0x00,
  0x00,0x00,0x00,0x00,0x00,0x00,0x00,0x00,0x00,0x00,0x00,0x00,
  0x00,0x00,0x00,0x00,0x00,0x00,0x00,0x00,0x00,0x00,0x00,0x00,
  0x00,0x00,0x00,0x00,0x00,0x00,0x00,0x00,0x00,0x00,0x00,0x00,
  0x00,0x00,0x00,0x00,0x00,0x00,0x00,0x00,0x00,0x00,0x00,0x00,
  0x00,0x00,0x00,0x00,0x00,0x00,0x00,0x00,0x00,0x00,0x00,0x00,
  0x00,0x00,0x00,0x00,0x00,0x00,0x00,0x00,0x00,0x00,0x00,0x00,
  0x00,0x00,0x00,0x00,0x00,0x00,0x00,0x00,0x00,0x00,0x00,0x00,
  0x00,0x00,0x00,0x00,0x00,0x00,0x00,0x00,0x00,0x00,0x00,0x00,
  0x00,0x00,0x00,0x00,0x00,0x00,0x00,0x00,0x00,0x00,0x00,0x00,
  0x00,0x00,0x00,0x00,0x00,0x00,0x00,0x00,0x00,0x00,0x00,0x00,
  0x00,0x00,0x00,0x00,0x00,0x00,0x00,0x00,0x00,0x00,0x00,0x00,
  0x00,0x00,0x00,0x00,0x00,0x00,0x00,0x00,0x00,0x00,0x00,0x00,
  0x00,0x00,0x00,0x00,0x00,0x00,0x00,0x00,0x00,0x00,0x00,0x00,
  0x00,0x00,0x00,0x00,0x00,0x00,0x00,0x00,0x00,0x00,0x00,0x00,
  0x00,0x00,0x00,0x00,0x00,0x00,0x00,0x00,0x00,0x00,0x00,0x00,
  0x00,0x00,0x00,0x00,0x00,0x00,0x00,0x00,0x00,0x00,0x00,0x00,
  0x00,0x00,0x00,0x00,0x00,0x00,0x00,0x00,0x00,0x00,0x00,0x00,
  0x00,0x00,0x00,0x00,0x00,0x00,0x00,0x00,0x00,0x00,0x00,0x00,
  0x00,0x00,0x00,0x00,0x00,0x00,0x00,0x00,0x00,0x00,0x00,0x00,
  0x00,0x00,0x00,0x00,0x00,0x00,0x00,0x00,0x00,0x00,0x00,0x00,
  0x00,0x00,0x00,0x00,0x00,0x00,0x00,0x00,0x00,0x00,0x00,0x00,
  0x00,0x00,0x00,0x00,0x00,0x00,0x00,0x00,0x00,0x00,0x00,0x00,
  0x00,0x00,0x00,0x00,0x00,0x00,0x00,0x00,0x00,0x00,0x00,0x00,
  0x00,0x00,0x00,0x00,0x00,0x00,0x00,0x00,0x00,0x00,0x00,0x00,
  0x00,0x00,0x00,0x00,0x00,0x00,0x00,0x00,0x00,0x00,0x00,0x00,
  0x00,0x00,0x00,0x00,0x00,0x00,0x00,0x00,0x00,0x00,0x00,0x00,
  0x00,0x00,0x00,0x00,0x00,0x00,0x00,0x00,0x00,0x00,0x00,0x00,
  0x00,0x00,0x00,0x00,0x00,0x00,0x00,0x00,0x00,0x00,0x00,0x00,
  0x00,0x00,0x00,0x00,0x00,0x00,0x00,0x00,0x00,0x00,0x00,0x00,
  0x00,0x00,0x00,0x00,0x00,0x00,0x00,0x00,0x00,0x00,0x00,0x00,
  0x00,0x00,0x00,0x00,0x00,0x00,0x00,0x00,0x00,0x00,0x00,0x00,
  0x00,0x00,0x00,0x00,0x00,0x00,0x00,0x00,0x00,0x00,0x00,0x00,
  0x00,0x00,0x00,0x00,0x00,0x00,0x00,0x00,0x00,0x00,0x00,0x00,
  0x00,0x00,0x00,0x00,0x00,0x00,0x00,0x00,0x00,0x00,0x00,0x00,
  0x00,0x00,0x00,0x00,0x00,0x00,0x00,0x00,0x00,0x00,0x00,0x00,
  0x00,0x00,0x00,0x00,0x00,0x00,0x00,0x00,0x00,0x00,0x00,0x00,
  0x00,0x00,0x00,0x00,0x00,0x00,0x00,0x00,0x00,0x00,0x00,0x00,
  0x00,0x00,0x00,0x00,0x00,0x00,0x00,0x00,0x00,0x00,0x00,0x00,
  0x55,0xAA,0x55,0x03,0x00,0x00,0x00,0x00,0x32,0x5A,0x1C,0x84,
  0x32,0x99,0x4C,0xFF,0x38,0x94,0x4B,0xFC,0x3A,0x96,0x4F,0xFF,
  0x3A,0x9A,0x52,0xFF,0x37,0x9B,0x53,0xFF,0x37,0x9D,0x54,0xFF,
  0x36,0xA9,0x58,0xFD,0x3D,0x85,0x43,0xFE,0x3B,0x1B,0x00,0x2F,
  0x00,0x00,0x00,0x00,0x55,0x55,0x00,0x03,0x00,0x00,0x00,0x00,
  0x00,0x00,0x00,0x00,0x00,0x00,0x00,0x00,0x00,0x00,0x00,0x00,
  0x00,0x00,0x00,0x00,0x00,0x00,0x00,0x00,0x00,0x00,0x00,0x00,
  0x00,0x00,0x00,0x00,0x00,0x00,0x00,0x00,0x00,0x00,0x00,0x00,
  0x00,0x00,0x00,0x00,0x00,0x00,0x00,0x00,0x00,0x00,0x00,0x00,
  0x00,0x00,0x00,0x00,0x00,0x00,0x00,0x00,0x00,0x00,0x00,0x00,
  0x00,0x00,0x00,0x00,0x00,0x00,0x00,0x00,0x00,0x00,0x00,0x00,
  0x00,0x00,0x00,0x00,0x00,0x00,0x00,0x00,0x00,0x00,0x00,0x00,
  0x00,0x00,0x00,0x00,0x00,0x00,0x00,0x00,0x00,0x00,0x00,0x00,
  0x00,0x00,0x00,0x00,0x00,0x00,0x00,0x00,0x00,0x00,0x00,0x00,
  0x00,0x00,0x00,0x00,0x00,0x00,0x00,0x00,0x00,0x00,0x00,0x00,
  0x00,0x00,0x00,0x00,0x00,0x00,0x00,0x00,0x00,0x00,0x00,0x00,
  0x00,0x00,0x00,0x00,0x00,0x00,0x00,0x00,0x00,0x00,0x00,0x00,
  0x00,0x00,0x00,0x00,0x00,0x00,0x00,0x00,0x00,0x00,0x00,0x00,
  0x00,0x00,0x00,0x00,0x00,0x00,0x00,0x00,0x00,0x00,0x00,0x00,
  0x00,0x00,0x00,0x00,0x00,0x00,0x00,0x00,0x00,0x00,0x00,0x00,
  0x00,0xFF,0x00,0x01,0x00,0x00,0x00,0x00,0x45,0x51,0x2E,0x16,
  0x3B,0x94,0x51,0xFA,0x3A,0xA2,0x59,0xFF,0x39,0x9B,0x55,0xFE,
  0x36,0x9C,0x53,0xFF,0x34,0x9E,0x53,0xFF,0x36,0xA0,0x56,0xFC,
  0x35,0xB3,0x5D,0xFF,0x34,0x73,0x39,0xC9,0x00,0x00,0x00,0x00,
  0x00,0xFF,0x7F,0x02,0x00,0x00,0x00,0x00,0x00,0x00,0x00,0x00,
  0x00,0x00,0x00,0x00,0x00,0x00,0x00,0x00,0x00,0x00,0x00,0x00,
  0x00,0x00,0x00,0x00,0x00,0x00,0x00,0x00,0x00,0x00,0x00,0x00,
  0x00,0x00,0x00,0x00,0x00,0x00,0x00,0x00,0x00,0x00,0x00,0x00,
  0x00,0x00,0x00,0x00,0x00,0x00,0x00,0x00,0x00,0x00,0x00,0x00,
  0x00,0x00,0x00,0x00,0x00,0x00,0x00,0x00,0x00,0x00,0x00,0x00,
  0x00,0x00,0x00,0x00,0x00,0x00,0x00,0x00,0x00,0x00,0x00,0x00,
  0x00,0x00,0x00,0x00,0x00,0x00,0x00,0x00,0x00,0x00,0x00,0x00,
  0x00,0x00,0x00,0x00,0x00,0x00,0x00,0x00,0x00,0x00,0x00,0x00,
  0x00,0x00,0x00,0x00,0x00,0x00,0x00,0x00,0x00,0x00,0x00,0x00,
  0x00,0x00,0x00,0x00,0x00,0x00,0x00,0x00,0x00,0x00,0x00,0x00,
  0x00,0x00,0x00,0x00,0x00,0x00,0x00,0x00,0x00,0x00,0x00,0x00,
  0x00,0x00,0x00,0x00,0x00,0x00,0x00,0x00,0x00,0x00,0x00,0x00,
  0x00,0x00,0x00,0x00,0x00,0x00,0x00,0x00,0x00,0x00,0x00,0x00,
  0x00,0x00,0x00,0x00,0x00,0x00,0x00,0x00,0x00,0x00,0x00,0x00,
  0x00,0x00,0x00,0x00,0x00,0x00,0x00,0x00,0x00,0x00,0x00,0x00,
  0x00,0x00,0x00,0x00,0x00,0x00,0x00,0x00,0x00,0x00,0x00,0x00,
  0x00,0x00,0x00,0x00,0x00,0x00,0x00,0x00,0x00,0x00,0x00,0x00,
  0x00,0x00,0x00,0x00,0x00,0x00,0x00,0x00,0x00,0x00,0x00,0x00,
  0x00,0x00,0x00,0x00,0x00,0x00,0x00,0x00,0x00,0x00,0x00,0x00,
  0x00,0x00,0x00,0x00,0x00,0x00,0x00,0x00,0x00,0x00,0x00,0x00,
  0x00,0x00,0x00,0x00,0x00,0x00,0x00,0x00,0x00,0x00,0x00,0x00,
  0x00,0x00,0x00,0x00,0x00,0x00,0x00,0x00,0x00,0x00,0x00,0x00,
  0x00,0x00,0x00,0x00,0x00,0x00,0x00,0x00,0x00,0x00,0x00,0x00,
  0x00,0x00,0x00,0x00,0x00,0x00,0x00,0x00,0x00,0x00,0x00,0x00,
  0x00,0x00,0x00,0x00,0x00,0x00,0x00,0x00,0x00,0x00,0x00,0x00,
  0x00,0x00,0x00,0x00,0x00,0x00,0x00,0x00,0x00,0x00,0x00,0x00,
  0x00,0x00,0x00,0x00,0x00,0x00,0x00,0x00,0x00,0x00,0x00,0x00,
  0x00,0x00,0x00,0x00,0x00,0x00,0x00,0x00,0x00,0x00,0x00,0x00,
  0x00,0x00,0x00,0x00,0x00,0x00,0x00,0x00,0x00,0x00,0x00,0x00,
  0x00,0x00,0x00,0x00,0x00,0x00,0x00,0x00,0x00,0x00,0x00,0x00,
  0x00,0x00,0x00,0x00,0x00,0x00,0x00,0x00,0x00,0x00,0x00,0x00,
  0x00,0x00,0x00,0x00,0x00,0x00,0x00,0x00,0x00,0x00,0x00,0x00,
  0x00,0x00,0x00,0x00,0x00,0x00,0x00,0x00,0x00,0x00,0x00,0x00,
  0x00,0x00,0x00,0x00,0x00,0x00,0x00,0x00,0x00,0x00,0x00,0x00,
  0x00,0x00,0x00,0x00,0x00,0x00,0x00,0x00,0x00,0x00,0x00,0x00,
  0x00,0x00,0x00,0x00,0x00,0x00,0x00,0x00,0x00,0x00,0x00,0x00,
  0x00,0x00,0x00,0x00,0x00,0x00,0x00,0x00,0x00,0x00,0x00,0x00,
  0x00,0x00,0x00,0x00,0x00,0x00,0x00,0x00,0x00,0x00,0x00,0x00,
  0x00,0x00,0x00,0x00,0x00,0x00,0x00,0x00,0x00,0x00,0x00,0x00,
  0x00,0x00,0x00,0x00,0x00,0x00,0x00,0x00,0x00,0x00,0x00,0x00,
  0x00,0x00,0x00,0x00,0x00,0x00,0x00,0x00,0x00,0x00,0x00,0x00,
  0x00,0x00,0x00,0x00,0x00,0x00,0x00,0x00,0x00,0x00,0x00,0x00,
  0x00,0x00,0x00,0x00,0x00,0x00,0x00,0x00,0x00,0x00,0x00,0x00,
  0x00,0x00,0x00,0x00,0x00,0x00,0x00,0x00,0x00,0x00,0x00,0x00,
  0x00,0x00,0x00,0x00,0x00,0x00,0x00,0x00,0x00,0x00,0x00,0x00,
  0x00,0x00,0x00,0x00,0x00,0x00,0x00,0x00,0x00,0x00,0x00,0x00,
  0x00,0x00,0x00,0x00,0x00,0x00,0x00,0x00,0x00,0x00,0x00,0x00,
  0x00,0x00,0x00,0x00,0x00,0x00,0x00,0x00,0x00,0x00,0x00,0x00,
  0x00,0x00,0x00,0x00,0x00,0x00,0x00,0x00,0x00,0x00,0x00,0x00,
  0x00,0x00,0x00,0x00,0x00,0x00,0x00,0x00,0x00,0x00,0x00,0x00,
  0x00,0x00,0x00,0x00,0x00,0x00,0x00,0x00,0x00,0x00,0x00,0x00,
  0x00,0x00,0x00,0x00,0x00,0x00,0x00,0x00,0x00,0x00,0x00,0x00,
  0x00,0x00,0x00,0x00,0x00,0x00,0x00,0x00,0x00,0x00,0x00,0x00,
  0x00,0x00,0x00,0x00,0x00,0x00,0x00,0x00,0x00,0x00,0x00,0x00,
  0x00,0x00,0x00,0x00,0x00,0x00,0x00,0x00,0x00,0x00,0x00,0x00,
  0x55,0xAA,0x55,0x03,0x00,0x00,0x00,0x00,0x37,0x58,0x17,0x8B,
  0x35,0x9A,0x4A,0xFF,0x39,0x96,0x4D,0xFC,0x3A,0x98,0x51,0xFF,
  0x3A,0x9C,0x54,0xFF,0x37,0x9F,0x56,0xFF,0x37,0xA0,0x58,0xFF,
  0x34,0xAD,0x5B,0xFD,0x3B,0x8A,0x46,0xFF,0x39,0x18,0x00,0x35,
  0x00,0x00,0x00,0x00,0x55,0x55,0x00,0x03,0x00,0x00,0x00,0x00,
  0x00,0x00,0x00,0x00,0x00,0x00,0x00,0x00,0x00,0x00,0x00,0x00,
  0x00,0x00,0x00,0x00,0x00,0x00,0x00,0x00,0x00,0x00,0x00,0x00,
  0x00,0x00,0x00,0x00,0x00,0x00,0x00,0x00,0x00,0x00,0x00,0x00,
  0x00,0x00,0x00,0x00,0x00,0x00,0x00,0x00,0x00,0x00,0x00,0x00,
  0x00,0x00,0x00,0x00,0x00,0x00,0x00,0x00,0x00,0x00,0x00,0x00,
  0x00,0x00,0x00,0x00,0x00,0x00,0x00,0x00,0x00,0x00,0x00,0x00,
  0x00,0x00,0x00,0x00,0x00,0x00,0x00,0x00,0x00,0x00,0x00,0x00,
  0x00,0x00,0x00,0x00,0x00,0x00,0x00,0x00,0x00,0x00,0x00,0x00,
  0x00,0x00,0x00,0x00,0x00,0x00,0x00,0x00,0x00,0x00,0x00,0x00,
  0x00,0x00,0x00,0x00,0x00,0x00,0x00,0x00,0x00,0x00,0x00,0x00,
  0x00,0x00,0x00,0x00,0x00,0x00,0x00,0x00,0x00,0x00,0x00,0x00,
  0x00,0x00,0x00,0x00,0x00,0x00,0x00,0x00,0x00,0x00,0x00,0x00,
  0x00,0x00,0x00,0x00,0x00,0x00,0x00,0x00,0x00,0x00,0x00,0x00,
  0x00,0x00,0x00,0x00,0x00,0x00,0x00,0x00,0x00,0x00,0x00,0x00,
  0x00,0x00,0x00,0x00,0x00,0x00,0x00,0x00,0x00,0x00,0x00,0x00,
  0x00,0xFF,0x00,0x01,0x00,0x00,0x00,0x00,0x45,0x51,0x2E,0x16,
  0x3B,0x96,0x53,0xFA,0x39,0xA7,0x5D,0xFF,0x38,0xA1,0x5A,0xFE,
  0x35,0xA3,0x58,0xFF,0x34,0xA5,0x58,0xFF,0x35,0xA6,0x5A,0xFC,
  0x33,0xBA,0x60,0xFF,0x31,0x75,0x3A,0xC9,0x00,0x00,0x00,0x00,
  0x00,0xFF,0x7F,0x02,0x00,0x00,0x00,0x00,0x00,0x00,0x00,0x00,
  0x00,0x00,0x00,0x00,0x00,0x00,0x00,0x00,0x00,0x00,0x00,0x00,
  0x00,0x00,0x00,0x00,0x00,0x00,0x00,0x00,0x00,0x00,0x00,0x00,
  0x00,0x00,0x00,0x00,0x00,0x00,0x00,0x00,0x00,0x00,0x00,0x00,
  0x00,0x00,0x00,0x00,0x00,0x00,0x00,0x00,0x00,0x00,0x00,0x00,
  0x00,0x00,0x00,0x00,0x00,0x00,0x00,0x00,0x00,0x00,0x00,0x00,
  0x00,0x00,0x00,0x00,0x00,0x00,0x00,0x00,0x00,0x00,0x00,0x00,
  0x00,0x00,0x00,0x00,0x00,0x00,0x00,0x00,0x00,0x00,0x00,0x00,
  0x00,0x00,0x00,0x00,0x00,0x00,0x00,0x00,0x00,0x00,0x00,0x00,
  0x00,0x00,0x00,0x00,0x00,0x00,0x00,0x00,0x00,0x00,0x00,0x00,
  0x00,0x00,0x00,0x00,0x00,0x00,0x00,0x00,0x00,0x00,0x00,0x00,
  0x00,0x00,0x00,0x00,0x00,0x00,0x00,0x00,0x00,0x00,0x00,0x00,
  0x00,0x00,0x00,0x00,0x00,0x00,0x00,0x00,0x00,0x00,0x00,0x00,
  0x00,0x00,0x00,0x00,0x00,0x00,0x00,0x00,0x00,0x00,0x00,0x00,
  0x00,0x00,0x00,0x00,0x00,0x00,0x00,0x00,0x00,0x00,0x00,0x00,
  0x00,0x00,0x00,0x00,0x00,0x00,0x00,0x00,0x00,0x00,0x00,0x00,
  0x00,0x00,0x00,0x00,0x00,0x00,0x00,0x00,0x00,0x00,0x00,0x00,
  0x00,0x00,0x00,0x00,0x00,0x00,0x00,0x00,0x00,0x00,0x00,0x00,
  0x00,0x00,0x00,0x00,0x00,0x00,0x00,0x00,0x00,0x00,0x00,0x00,
  0x00,0x00,0x00,0x00,0x00,0x00,0x00,0x00,0x00,0x00,0x00,0x00,
  0x00,0x00,0x00,0x00,0x00,0x00,0x00,0x00,0x00,0x00,0x00,0x00,
  0x00,0x00,0x00,0x00,0x00,0x00,0x00,0x00,0x00,0x00,0x00,0x00,
  0x00,0x00,0x00,0x00,0x00,0x00,0x00,0x00,0x00,0x00,0x00,0x00,
  0x00,0x00,0x00,0x00,0x00,0x00,0x00,0x00,0x00,0x00,0x00,0x00,
  0x00,0x00,0x00,0x00,0x00,0x00,0x00,0x00,0x00,0x00,0x00,0x00,
  0x00,0x00,0x00,0x00,0x00,0x00,0x00,0x00,0x00,0x00,0x00,0x00,
  0x00,0x00,0x00,0x00,0x00,0x00,0x00,0x00,0x00,0x00,0x00,0x00,
  0x00,0x00,0x00,0x00,0x00,0x00,0x00,0x00,0x00,0x00,0x00,0x00,
  0x00,0x00,0x00,0x00,0x00,0x00,0x00,0x00,0x00,0x00,0x00,0x00,
  0x00,0x00,0x00,0x00,0x00,0x00,0x00,0x00,0x00,0x00,0x00,0x00,
  0x00,0x00,0x00,0x00,0x00,0x00,0x00,0x00,0x00,0x00,0x00,0x00,
  0x00,0x00,0x00,0x00,0x00,0x00,0x00,0x00,0x00,0x00,0x00,0x00,
  0x00,0x00,0x00,0x00,0x00,0x00,0x00,0x00,0x00,0x00,0x00,0x00,
  0x00,0x00,0x00,0x00,0x00,0x00,0x00,0x00,0x00,0x00,0x00,0x00,
  0x00,0x00,0x00,0x00,0x00,0x00,0x00,0x00,0x00,0x00,0x00,0x00,
  0x00,0x00,0x00,0x00,0x00,0x00,0x00,0x00,0x00,0x00,0x00,0x00,
  0x00,0x00,0x00,0x00,0x00,0x00,0x00,0x00,0x00,0x00,0x00,0x00,
  0x00,0x00,0x00,0x00,0x00,0x00,0x00,0x00,0x00,0x00,0x00,0x00,
  0x00,0x00,0x00,0x00,0x00,0x00,0x00,0x00,0x00,0x00,0x00,0x00,
  0x00,0x00,0x00,0x00,0x00,0x00,0x00,0x00,0x00,0x00,0x00,0x00,
  0x00,0x00,0x00,0x00,0x00,0x00,0x00,0x00,0x00,0x00,0x00,0x00,
  0x00,0x00,0x00,0x00,0x00,0x00,0x00,0x00,0x00,0x00,0x00,0x00,
  0x00,0x00,0x00,0x00,0x00,0x00,0x00,0x00,0x00,0x00,0x00,0x00,
  0x00,0x00,0x00,0x00,0x00,0x00,0x00,0x00,0x00,0x00,0x00,0x00,
  0x00,0x00,0x00,0x00,0x00,0x00,0x00,0x00,0x00,0x00,0x00,0x00,
  0x00,0x00,0x00,0x00,0x00,0x00,0x00,0x00,0x00,0x00,0x00,0x00,
  0x00,0x00,0x00,0x00,0x00,0x00,0x00,0x00,0x00,0x00,0x00,0x00,
  0x00,0x00,0x00,0x00,0x00,0x00,0x00,0x00,0x00,0x00,0x00,0x00,
  0x00,0x00,0x00,0x00,0x00,0x00,0x00,0x00,0x00,0x00,0x00,0x00,
  0x00,0x00,0x00,0x00,0x00,0x00,0x00,0x00,0x00,0x00,0x00,0x00,
  0x00,0x00,0x00,0x00,0x00,0x00,0x00,0x00,0x00,0x00,0x00,0x00,
  0x00,0x00,0x00,0x00,0x00,0x00,0x00,0x00,0x00,0x00,0x00,0x00,
  0x00,0x00,0x00,0x00,0x00,0x00,0x00,0x00,0x00,0x00,0x00,0x00,
  0x00,0x00,0x00,0x00,0x00,0x00,0x00,0x00,0x00,0x00,0x00,0x00,
  0x00,0x00,0x00,0x00,0x00,0x00,0x00,0x00,0x00,0x00,0x00,0x00,
  0x00,0x00,0x00,0x00,0x00,0x00,0x00,0x00,0x00,0x00,0x00,0x00,
  0x55,0xAA,0x55,0x03,0x00,0x00,0x00,0x00,0x3B,0x53,0x15,0x8D,
  0x38,0x90,0x43,0xFF,0x39,0x8E,0x48,0xFC,0x3A,0x90,0x4B,0xFF,
  0x39,0x92,0x4D,0xFF,0x38,0x96,0x4E,0xFF,0x38,0x94,0x50,0xFF,
  0x34,0x9E,0x53,0xFD,0x38,0x7E,0x3F,0xFE,0x3B,0x1B,0x00,0x2F,
  0x00,0x00,0x00,0x00,0x55,0x55,0x00,0x03,0x00,0x00,0x00,0x00,
  0x00,0x00,0x00,0x00,0x00,0x00,0x00,0x00,0x00,0x00,0x00,0x00,
  0x00,0x00,0x00,0x00,0x00,0x00,0x00,0x00,0x00,0x00,0x00,0x00,
  0x00,0x00,0x00,0x00,0x00,0x00,0x00,0x00,0x00,0x00,0x00,0x00,
  0x00,0x00,0x00,0x00,0x00,0x00,0x00,0x00,0x00,0x00,0x00,0x00,
  0x00,0x00,0x00,0x00,0x00,0x00,0x00,0x00,0x00,0x00,0x00,0x00,
  0x00,0x00,0x00,0x00,0x00,0x00,0x00,0x00,0x00,0x00,0x00,0x00,
  0x00,0x00,0x00,0x00,0x00,0x00,0x00,0x00,0x00,0x00,0x00,0x00,
  0x00,0x00,0x00,0x00,0x00,0x00,0x00,0x00,0x00,0x00,0x00,0x00,
  0x00,0x00,0x00,0x00,0x00,0x00,0x00,0x00,0x00,0x00,0x00,0x00,
  0x00,0x00,0x00,0x00,0x00,0x00,0x00,0x00,0x00,0x00,0x00,0x00,
  0x00,0x00,0x00,0x00,0x00,0x00,0x00,0x00,0x00,0x00,0x00,0x00,
  0x00,0x00,0x00,0x00,0x00,0x00,0x00,0x00,0x00,0x00,0x00,0x00,
  0x00,0x00,0x00,0x00,0x00,0x00,0x00,0x00,0x00,0x00,0x00,0x00,
  0x00,0x00,0x00,0x00,0x00,0x00,0x00,0x00,0x00,0x00,0x00,0x00,
  0x00,0x00,0x00,0x00,0x00,0x00,0x00,0x00,0x00,0x00,0x00,0x00,
  0x00,0xFF,0x00,0x01,0x00,0x00,0x00,0x00,0x45,0x51,0x2E,0x16,
  0x3B,0x8A,0x4B,0xFA,0x38,0x99,0x54,0xFF,0x36,0x93,0x50,0xFE,
  0x34,0x95,0x4D,0xFF,0x34,0x97,0x4F,0xFF,0x35,0x98,0x50,0xFC,
  0x32,0xAA,0x54,0xFF,0x30,0x6B,0x32,0xC9,0x00,0x00,0x00,0x00,
  0x00,0xFF,0x7F,0x02,0x00,0x00,0x00,0x00,0x00,0x00,0x00,0x00,
  0x00,0x00,0x00,0x00,0x00,0x00,0x00,0x00,0x00,0x00,0x00,0x00,
  0x00,0x00,0x00,0x00,0x00,0x00,0x00,0x00,0x00,0x00,0x00,0x00,
  0x00,0x00,0x00,0x00,0x00,0x00,0x00,0x00,0x00,0x00,0x00,0x00,
  0x00,0x00,0x00,0x00,0x00,0x00,0x00,0x00,0x00,0x00,0x00,0x00,
  0x00,0x00,0x00,0x00,0x00,0x00,0x00,0x00,0x00,0x00,0x00,0x00,
  0x00,0x00,0x00,0x00,0x00,0x00,0x00,0x00,0x00,0x00,0x00,0x00,
  0x00,0x00,0x00,0x00,0x00,0x00,0x00,0x00,0x00,0x00,0x00,0x00,
  0x00,0x00,0x00,0x00,0x00,0x00,0x00,0x00,0x00,0x00,0x00,0x00,
  0x00,0x00,0x00,0x00,0x00,0x00,0x00,0x00,0x00,0x00,0x00,0x00,
  0x00,0x00,0x00,0x00,0x00,0x00,0x00,0x00,0x00,0x00,0x00,0x00,
  0x00,0x00,0x00,0x00,0x00,0x00,0x00,0x00,0x00,0x00,0x00,0x00,
  0x00,0x00,0x00,0x00,0x00,0x00,0x00,0x00,0x00,0x00,0x00,0x00,
  0x00,0x00,0x00,0x00,0x00,0x00,0x00,0x00,0x00,0x00,0x00,0x00,
  0x00,0x00,0x00,0x00,0x00,0x00,0x00,0x00,0x00,0x00,0x00,0x00,
  0x00,0x00,0x00,0x00,0x00,0x00,0x00,0x00,0x00,0x00,0x00,0x00,
  0x00,0x00,0x00,0x00,0x00,0x00,0x00,0x00,0x00,0x00,0x00,0x00,
  0x00,0x00,0x00,0x00,0x00,0x00,0x00,0x01,0x00,0x7F,0x00,0x02,
  0x00,0x7F,0x00,0x02,0x00,0x7F,0x00,0x02,0x00,0xFF,0x00,0x01,
  0x00,0x00,0x00,0x00,0x00,0x00,0x00,0x01,0x00,0x00,0x00,0x01,
  0x00,0x00,0x00,0x00,0x00,0x00,0x00,0x00,0x00,0x00,0x00,0x00,
  0x00,0x00,0x00,0x00,0x00,0x00,0x00,0x00,0x00,0x00,0x00,0x00,
  0x00,0x00,0x00,0x00,0x00,0x00,0x00,0x00,0x00,0x00,0x00,0x00,
  0x00,0x00,0x00,0x00,0x00,0x00,0x00,0x00,0x00,0x00,0x00,0x00,
  0x00,0x00,0x00,0x00,0x00,0x00,0x00,0x00,0x00,0x00,0x00,0x00,
  0x00,0x00,0x00,0x00,0x00,0x00,0x00,0x00,0x00,0x00,0x00,0x00,
  0x00,0x00,0x00,0x00,0x00,0x00,0x00,0x00,0x00,0x00,0x00,0x00,
  0x00,0x00,0x00,0x00,0x00,0x00,0x00,0x00,0x00,0x00,0x00,0x00,
  0x00,0x00,0x00,0x00,0x00,0x00,0x00,0x00,0x00,0x00,0x00,0x00,
  0x00,0x00,0x00,0x00,0x00,0x00,0x00,0x00,0x00,0x00,0x00,0x00,
  0x00,0x00,0x00,0x00,0x00,0x00,0x00,0x00,0x00,0x00,0x00,0x00,
  0x00,0x00,0x00,0x00,0x00,0x00,0x00,0x00,0x00,0x00,0x00,0x00,
  0x00,0x00,0x00,0x00,0x00,0x00,0x00,0x00,0x00,0x00,0x00,0x00,
  0x00,0x00,0x00,0x00,0x00,0x00,0x00,0x00,0x00,0x00,0x00,0x00,
  0x00,0x00,0x00,0x00,0x00,0x00,0x00,0x00,0x00,0x00,0x00,0x00,
  0x00,0x00,0x00,0x00,0x00,0x00,0x00,0x00,0x00,0x00,0x00,0x00,
  0x00,0x00,0x00,0x00,0x00,0x00,0x00,0x00,0x00,0x00,0x00,0x00,
  0x00,0x00,0x00,0x00,0x00,0x00,0x00,0x00,0x00,0x00,0x00,0x00,
  0x00,0x00,0x00,0x00,0x00,0x00,0x00,0x00,0x00,0x00,0x00,0x00,
  0x00,0x00,0x00,0x00,0x00,0x00,0x00,0x00,0x00,0x00,0x00,0x00,
  0x00,0x00,0x00,0x00,0x00,0x00,0x00,0x00,0x00,0x00,0x00,0x00,
  0x00,0x00,0x00,0x00,0x00,0x00,0x00,0x00,0x00,0x00,0x00,0x00,
  0x00,0x00,0x00,0x00,0x00,0x00,0x00,0x00,0x00,0x00,0x00,0x00,
  0x00,0x00,0x00,0x00,0x00,0x00,0x00,0x00,0x00,0x00,0x00,0x00,
  0x00,0x00,0x00,0x00,0x00,0x00,0x00,0x00,0x00,0x00,0x00,0x00,
  0x00,0x00,0x00,0x00,0x00,0x00,0x00,0x00,0x00,0x00,0x00,0x00,
  0x00,0x00,0x00,0x00,0x00,0x00,0x00,0x00,0x00,0x00,0x00,0x00,
  0x00,0x00,0x00,0x00,0x00,0x00,0x00,0x00,0x00,0x00,0x00,0x00,
  0x00,0x00,0x00,0x00,0x00,0x00,0x00,0x00,0x00,0x00,0x00,0x00,
  0x00,0x00,0x00,0x00,0x00,0x00,0x00,0x00,0x00,0x00,0x00,0x00,
  0x00,0x00,0x00,0x00,0x00,0x00,0x00,0x00,0x00,0x00,0x00,0x00,
  0x00,0x00,0x00,0x00,0x00,0x00,0x00,0x00,0x00,0x00,0x00,0x00,
  0x00,0x00,0x00,0x00,0x00,0x00,0x00,0x00,0x00,0x00,0x00,0x00,
  0x00,0x00,0x00,0x00,0x00,0x00,0x00,0x00,0x00,0x00,0x00,0x00,
  0x00,0x00,0x00,0x00,0x00,0x00,0x00,0x00,0x00,0x00,0x00,0x00,
  0x00,0x00,0x00,0x00,0x00,0x7F,0x00,0x02,0x55,0x55,0x00,0x03,
  0x2A,0x7F,0x2A,0x06,0x00,0x00,0x00,0x01,0x3A,0x51,0x14,0xA0,
  0x3A,0x94,0x43,0xFF,0x3B,0x91,0x49,0xFC,0x3B,0x93,0x4B,0xFF,
  0x3A,0x96,0x4E,0xFF,0x3A,0x98,0x4E,0xFF,0x38,0x96,0x50,0xFF,
  0x35,0x9F,0x54,0xFD,0x3A,0x80,0x40,0xFF,0x41,0x25,0x00,0x2F,
  0x00,0x00,0x00,0x00,0x55,0x55,0x00,0x03,0x00,0x00,0x00,0x00,
  0x00,0x00,0x00,0x00,0x00,0x00,0x00,0x00,0x00,0x00,0x00,0x00,
  0x00,0x00,0x00,0x00,0x00,0x00,0x00,0x00,0x00,0x00,0x00,0x00,
  0x00,0x00,0x00,0x00,0x00,0x00,0x00,0x00,0x00,0x00,0x00,0x00,
  0x00,0x00,0x00,0x00,0x00,0x00,0x00,0x00,0x00,0x00,0x00,0x00,
  0x00,0x00,0x00,0x00,0x00,0x00,0x00,0x00,0x00,0x00,0x00,0x00,
  0x00,0x00,0x00,0x00,0x00,0x00,0x00,0x00,0x00,0x00,0x00,0x00,
  0x00,0x00,0x00,0x00,0x00,0x00,0x00,0x00,0x00,0x00,0x00,0x00,
  0x00,0x00,0x00,0x00,0x00,0x00,0x00,0x00,0x00,0x00,0x00,0x00,
  0x00,0x00,0x00,0x00,0x00,0x00,0x00,0x00,0x00,0x00,0x00,0x00,
  0x00,0x00,0x00,0x00,0x00,0x00,0x00,0x00,0x00,0x00,0x00,0x00,
  0x00,0x00,0x00,0x00,0x00,0x00,0x00,0x00,0x00,0x00,0x00,0x00,
  0x00,0x00,0x00,0x00,0x00,0x00,0x00,0x00,0x00,0x00,0x00,0x00,
  0x00,0x00,0x00,0x00,0x00,0x00,0x00,0x00,0x00,0x00,0x00,0x00,
  0x00,0x00,0x00,0x00,0x00,0x00,0x00,0x01,0x00,0x7F,0x00,0x02,
  0x00,0x00,0x00,0x01,0x00,0x7F,0x00,0x02,0x00,0x00,0x00,0x01,
  0x00,0xFF,0x00,0x01,0x00,0x00,0x00,0x00,0x3F,0x55,0x2A,0x18,
  0x3E,0x8E,0x4D,0xFA,0x39,0x9D,0x55,0xFF,0x37,0x97,0x51,0xFE,
  0x36,0x98,0x4F,0xFF,0x36,0x9A,0x50,0xFF,0x36,0x99,0x50,0xFC,
  0x35,0xAC,0x56,0xFF,0x35,0x6B,0x32,0xC9,0x00,0x00,0x00,0x00,
  0x00,0xFF,0x7F,0x02,0x00,0x00,0x00,0x00,0x00,0x00,0x00,0x00,
  0x00,0x00,0x00,0x00,0x00,0x00,0x00,0x00,0x00,0x00,0x00,0x00,
  0x00,0x00,0x00,0x00,0x00,0x00,0x00,0x00,0x00,0x00,0x00,0x00,
  0x00,0x00,0x00,0x00,0x00,0x00,0x00,0x00,0x00,0x00,0x00,0x00,
  0x00,0x00,0x00,0x00,0x00,0x00,0x00,0x00,0x00,0x00,0x00,0x00,
  0x00,0x00,0x00,0x00,0x00,0x00,0x00,0x00,0x00,0x00,0x00,0x00,
  0x00,0x00,0x00,0x00,0x00,0x00,0x00,0x00,0x00,0x00,0x00,0x00,
  0x00,0x00,0x00,0x00,0x00,0x00,0x00,0x00,0x00,0x00,0x00,0x00,
  0x00,0x00,0x00,0x00,0x00,0x00,0x00,0x00,0x00,0x00,0x00,0x00,
  0x00,0x00,0x00,0x00,0x00,0x00,0x00,0x00,0x00,0x00,0x00,0x00,
  0x00,0x00,0x00,0x01,0x7F,0x7F,0x7F,0x02,0x55,0x55,0x55,0x03,
  0x55,0x55,0x55,0x03,0x55,0xAA,0x55,0x03,0x55,0x55,0x55,0x03,
  0x00,0x00,0x00,0x00,0x00,0x00,0x00,0x00,0x00,0x00,0x00,0x00,
  0x00,0x00,0x00,0x00,0x00,0x00,0x00,0x00,0x00,0x00,0x00,0x00,
  0x00,0x00,0x00,0x00,0x00,0x00,0x00,0x00,0x00,0x00,0x00,0x00,
  0x00,0x00,0x00,0x00,0x00,0x00,0x00,0x00,0x00,0x00,0x00,0x00,
  0x00,0x00,0x00,0x00,0x00,0x00,0x00,0x00,0x00,0x00,0x00,0x00,
  0x00,0x00,0x00,0x00,0x01,0x00,0x00,0x00,0x00,0x00,0x00,0x00,
  0x00,0x00,0x00,0x00,0x00,0x00,0x00,0x00,0x00,0x00,0x00,0x00,
  0x55,0x55,0x00,0x03,0x01,0x00,0x00,0x00,0x00,0x00,0x00,0x00,
  0x00,0x00,0x00,0x00,0x00,0x00,0x00,0x00,0x00,0x00,0x00,0x00,
  0x00,0x00,0x00,0x00,0x00,0x00,0x00,0x00,0x00,0x00,0x00,0x00,
  0x00,0x00,0x00,0x00,0x00,0x00,0x00,0x00,0x00,0x00,0x00,0x00,
  0x00,0x00,0x00,0x00,0x00,0x00,0x00,0x00,0x00,0x00,0x00,0x00,
  0x00,0x00,0x00,0x00,0x00,0x00,0x00,0x00,0x00,0x00,0x00,0x00,
  0x00,0x00,0x00,0x00,0x00,0x00,0x00,0x00,0x00,0x00,0x00,0x00,
  0x00,0x00,0x00,0x00,0x00,0x00,0x00,0x00,0x00,0x00,0x00,0x00,
  0x00,0x00,0x00,0x00,0x00,0x00,0x00,0x00,0x00,0x00,0x00,0x00,
  0x00,0x00,0x00,0x00,0x00,0x00,0x00,0x00,0x00,0x00,0x00,0x00,
  0x00,0x00,0x00,0x00,0x00,0x00,0x00,0x00,0x00,0x00,0x00,0x00,
  0x00,0x00,0x00,0x00,0x00,0x00,0x00,0x00,0x00,0x00,0x00,0x00,
  0x00,0x00,0x00,0x00,0x00,0x00,0x00,0x00,0x00,0x00,0x00,0x00,
  0x00,0x00,0x00,0x00,0x00,0x00,0x00,0x00,0x00,0x00,0x00,0x00,
  0x00,0x00,0x00,0x00,0x00,0x00,0x00,0x00,0x00,0x00,0x00,0x00,
  0x00,0x00,0x00,0x00,0x00,0x00,0x00,0x00,0x00,0x00,0x00,0x00,
  0x00,0x00,0x00,0x00,0x00,0x00,0x00,0x00,0x00,0x00,0x00,0x00,
  0x00,0x00,0x00,0x00,0x00,0x00,0x00,0x00,0x00,0x00,0x00,0x00,
  0x00,0x00,0x00,0x00,0x00,0x00,0x00,0x00,0x00,0x00,0x00,0x00,
  0x00,0x00,0x00,0x00,0x00,0x00,0x00,0x00,0x00,0x00,0x00,0x00,
  0x00,0x00,0x00,0x00,0x00,0x00,0x00,0x00,0x00,0x00,0x00,0x00,
  0x00,0x00,0x00,0x00,0x00,0x00,0x00,0x00,0x00,0x00,0x00,0x00,
  0x00,0x00,0x00,0x00,0x00,0x00,0x00,0x00,0x00,0x00,0x00,0x00,
  0x00,0x00,0x00,0x00,0x00,0x00,0x00,0x00,0x00,0x00,0x00,0x00,
  0x00,0x00,0x00,0x00,0x00,0x00,0x00,0x00,0x00,0x00,0x00,0x00,
  0x00,0x00,0x00,0x00,0x00,0x00,0x00,0x00,0x00,0x00,0x00,0x00,
  0x00,0x00,0x00,0x00,0x00,0x00,0x00,0x00,0x00,0x00,0x00,0x00,
  0x00,0x00,0x00,0x00,0x00,0x00,0x00,0x00,0x00,0x00,0x00,0x00,
  0x00,0x00,0x00,0x00,0x00,0x00,0x00,0x00,0x00,0x00,0x00,0x00,
  0x00,0x00,0x00,0x00,0x00,0x00,0x00,0x00,0x00,0x00,0x00,0x00,
  0x00,0x00,0x00,0x00,0x00,0x00,0x00,0x00,0x00,0x00,0x00,0x00,
  0x00,0x00,0x00,0x00,0x00,0x00,0x00,0x00,0x00,0x00,0x00,0x00,
  0x00,0x00,0x00,0x00,0x00,0x00,0x00,0x00,0x00,0x00,0x00,0x00,
  0x00,0x00,0x00,0x00,0x00,0x00,0x00,0x00,0x00,0x00,0x00,0x00,
  0x00,0x00,0x00,0x00,0x00,0x00,0x00,0x00,0x00,0x00,0x00,0x00,
  0x00,0x00,0x00,0x00,0x00,0x00,0x00,0x00,0x00,0x00,0x00,0x00,
  0x00,0x00,0x00,0x01,0x00,0x00,0x01,0x00,0x00,0x00,0x01,0x00,
  0xFF,0xFF,0xFF,0x01,0x00,0xFF,0x00,0x01,0x3B,0x50,0x15,0xB1,
  0x3B,0x98,0x43,0xFF,0x3B,0x94,0x49,0xFC,0x3B,0x96,0x4B,0xFF,
  0x3B,0x99,0x4F,0xFF,0x3A,0x9B,0x4F,0xFF,0x38,0x99,0x50,0xFF,
  0x35,0xA0,0x55,0xFD,0x3C,0x82,0x41,0xFF,0x41,0x28,0x05,0x33,
  0x7F,0x7F,0x7F,0x02,0x66,0x66,0x33,0x05,0x00,0x00,0x00,0x00,
  0x00,0x00,0x00,0x00,0x00,0x00,0x00,0x00,0x00,0x00,0x00,0x00,
  0x00,0x00,0x00,0x00,0x00,0x00,0x00,0x00,0x00,0x00,0x00,0x00,
  0x00,0x00,0x00,0x00,0x00,0x00,0x00,0x00,0x00,0x00,0x00,0x00,
  0x00,0x00,0x00,0x00,0x00,0x00,0x00,0x00,0x00,0x00,0x00,0x00,
  0x00,0x00,0x00,0x00,0x00,0x00,0x00,0x00,0x00,0x00,0x00,0x00,
  0x00,0x00,0x00,0x00,0x00,0x00,0x00,0x00,0x00,0x00,0x00,0x00,
  0x00,0x00,0x00,0x00,0x00,0x00,0x00,0x00,0x00,0x00,0x00,0x00,
  0x00,0x00,0x00,0x00,0x00,0x00,0x00,0x00,0x00,0x00,0x00,0x00,
  0x00,0x00,0x00,0x00,0x00,0x00,0x00,0x00,0x00,0x00,0x00,0x00,
  0x00,0x00,0x00,0x00,0x00,0x00,0x00,0x00,0x00,0x00,0x00,0x00,
  0x00,0x00,0x00,0x00,0x00,0x00,0x00,0x00,0x00,0x00,0x00,0x00,
  0x00,0x00,0x00,0x00,0x00,0x00,0x00,0x00,0x00,0x00,0x00,0x00,
  0x00,0x00,0x00,0x00,0x00,0x00,0x00,0x00,0x00,0x00,0x00,0x00,
  0x00,0x00,0x00,0x00,0x00,0x00,0x00,0x00,0x00,0x00,0x01,0x00,
  0x00,0x00,0x01,0x00,0x00,0x00,0x01,0x00,0x00,0x00,0x00,0x00,
  0x00,0xFF,0x00,0x01,0x55,0x55,0x00,0x03,0x3F,0x7F,0x33,0x14,
  0x3F,0x93,0x4F,0xFA,0x3A,0xA0,0x56,0xFF,0x37,0x9A,0x52,0xFE,
  0x36,0x9B,0x50,0xFF,0x36,0x9C,0x51,0xFF,0x36,0x9A,0x51,0xFC,
  0x37,0xAD,0x57,0xFF,0x3A,0x6C,0x32,0xCA,0xD4,0x2A,0x00,0x06,
  0x33,0x99,0x66,0x05,0x7F,0x7F,0x7F,0x02,0x00,0x00,0x00,0x00,
  0x00,0x00,0x00,0x00,0x00,0x00,0x00,0x00,0x00,0x00,0x00,0x00,
  0x00,0x00,0x00,0x00,0x00,0x00,0x00,0x00,0x00,0x00,0x00,0x00,
  0x00,0x00,0x00,0x00,0x00,0x00,0x00,0x00,0x00,0x00,0x00,0x00,
  0x00,0x00,0x00,0x00,0x00,0x00,0x00,0x00,0x00,0x00,0x00,0x00,
  0x00,0x00,0x00,0x00,0x00,0x00,0x00,0x00,0x00,0x00,0x00,0x00,
  0x00,0x00,0x00,0x00,0x00,0x00,0x00,0x00,0x00,0x00,0x00,0x00,
  0x00,0x00,0x00,0x00,0x00,0x00,0x00,0x00,0x00,0x00,0x00,0x00,
  0x00,0x00,0x00,0x00,0x00,0x00,0x00,0x00,0x00,0x00,0x00,0x00,
  0x00,0x00,0x00,0x00,0x00,0x00,0x00,0x00,0x00,0x00,0x00,0x00,
  0x7F,0x7F,0x00,0x02,0x3F,0x7F,0x3F,0x04,0x33,0x66,0x33,0x05,
  0x33,0x66,0x33,0x05,0x33,0x66,0x33,0x05,0x3F,0x7F,0x3F,0x04,
  0x00,0x00,0x00,0x00,0x00,0x00,0x00,0x00,0x00,0x00,0x00,0x00,
  0x00,0x00,0x00,0x00,0x00,0x00,0x00,0x00,0x00,0x00,0x00,0x00,
  0x00,0x00,0x00,0x00,0x00,0x00,0x00,0x00,0x00,0x00,0x00,0x00,
  0x00,0x00,0x00,0x00,0x00,0x00,0x00,0x00,0x00,0x00,0x00,0x00,
  0x00,0x00,0x00,0x00,0x00,0x00,0x00,0x00,0x00,0x00,0x00,0x00,
  0x00,0x00,0x00,0x00,0x7F,0x7F,0x00,0x02,0x00,0x00,0x00,0x00,
  0x00,0xFF,0x00,0x01,0x00,0x00,0x00,0x00,0x7F,0x7F,0x00,0x02,
  0x3F,0x7F,0x00,0x04,0x7F,0x7F,0x00,0x02,0x00,0x00,0x00,0x01,
  0x00,0x00,0x00,0x00,0x00,0x00,0x00,0x00,0x00,0x00,0x00,0x00,
  0x00,0x00,0x00,0x00,0x00,0x00,0x00,0x00,0x00,0x00,0x00,0x00,
  0x00,0x00,0x00,0x00,0x00,0x00,0x00,0x00,0x00,0x00,0x00,0x00,
  0x00,0x00,0x00,0x00,0x00,0x00,0x00,0x00,0x00,0x00,0x00,0x00,
  0x00,0x00,0x00,0x00,0x00,0x00,0x00,0x00,0x00,0x00,0x00,0x00,
  0x00,0x00,0x00,0x00,0x00,0x00,0x00,0x00,0x00,0x00,0x00,0x00,
  0x00,0x00,0x00,0x00,0x00,0x00,0x00,0x00,0x00,0x00,0x00,0x00,
  0x00,0x00,0x00,0x00,0x00,0x00,0x00,0x00,0x00,0x00,0x00,0x00,
  0x00,0x00,0x00,0x00,0x00,0x00,0x00,0x00,0x00,0x00,0x00,0x00,
  0x00,0x00,0x00,0x00,0x00,0x00,0x00,0x00,0x00,0x00,0x00,0x00,
  0x00,0x00,0x00,0x00,0x00,0x00,0x00,0x00,0x00,0x00,0x00,0x00,
  0x00,0x00,0x00,0x00,0x00,0x00,0x00,0x00,0x00,0x00,0x00,0x00,
  0x00,0x00,0x00,0x00,0x00,0x00,0x00,0x00,0x00,0x00,0x00,0x00,
  0x00,0x00,0x00,0x00,0x00,0x00,0x00,0x00,0x00,0x00,0x00,0x00,
  0x00,0x00,0x00,0x00,0x00,0x00,0x00,0x00,0x00,0x00,0x00,0x00,
  0x00,0x00,0x00,0x00,0x00,0x00,0x00,0x00,0x00,0x00,0x00,0x00,
  0x00,0x00,0x00,0x00,0x00,0x00,0x00,0x00,0x00,0x00,0x00,0x00,
  0x00,0x00,0x00,0x00,0x00,0x00,0x00,0x00,0x00,0x00,0x00,0x00,
  0x00,0x00,0x00,0x00,0x00,0x00,0x00,0x00,0x00,0x00,0x00,0x00,
  0x00,0x00,0x00,0x00,0x00,0x00,0x00,0x00,0x00,0x00,0x00,0x00,
  0x00,0x00,0x00,0x00,0x00,0x00,0x00,0x00,0x00,0x00,0x00,0x00,
  0x00,0x00,0x00,0x00,0x00,0x00,0x00,0x00,0x00,0x00,0x00,0x00,
  0x00,0x00,0x00,0x00,0x00,0x00,0x00,0x00,0x00,0x00,0x00,0x00,
  0x00,0x00,0x00,0x00,0x00,0x00,0x00,0x00,0x00,0x00,0x00,0x00,
  0x00,0x00,0x00,0x00,0x00,0x00,0x00,0x00,0x00,0x00,0x00,0x00,
  0x00,0x00,0x00,0x00,0x00,0x00,0x00,0x00,0x00,0x00,0x00,0x00,
  0x00,0x00,0x00,0x00,0x00,0x00,0x00,0x00,0x00,0x00,0x00,0x00,
  0x00,0x00,0x00,0x00,0x00,0x00,0x00,0x00,0x00,0x00,0x00,0x00,
  0x00,0x00,0x00,0x00,0x00,0x00,0x00,0x00,0x00,0x00,0x00,0x00,
  0x00,0x00,0x00,0x00,0x00,0x00,0x00,0x00,0x00,0x00,0x00,0x00,
  0x00,0x00,0x00,0x00,0x00,0x00,0x00,0x00,0x00,0x00,0x00,0x00,
  0x00,0x00,0x00,0x00,0x00,0x00,0x00,0x00,0x00,0x00,0x00,0x00,
  0x00,0x00,0x00,0x00,0x00,0x00,0x00,0x00,0x00,0x00,0x00,0x00,
  0x00,0x00,0x00,0x00,0x00,0x00,0x00,0x00,0x00,0x00,0x00,0x00,
  0x00,0x00,0x00,0x00,0x00,0x00,0x00,0x00,0x00,0x00,0x00,0x00,
  0x00,0x00,0x00,0x02,0x00,0x01,0x01,0x00,0x00,0x00,0x01,0x00,
  0x55,0xFF,0xAA,0x03,0x55,0xAA,0x55,0x03,0x3D,0x52,0x15,0xB6,
  0x3C,0x9A,0x44,0xFF,0x3A,0x98,0x49,0xFB,0x3B,0x99,0x4C,0xFF,
  0x3B,0x9A,0x4F,0xFF,0x39,0x9C,0x4F,0xFF,0x37,0x99,0x50,0xFF,
  0x34,0x9F,0x55,0xFD,0x3C,0x82,0x41,0xFF,0x3F,0x24,0x04,0x38,
  0x3F,0x7F,0x3F,0x04,0x48,0x6D,0x24,0x07,0x00,0x00,0x00,0x00,
  0x00,0x00,0x00,0x00,0x00,0x00,0x00,0x00,0x00,0x00,0x00,0x00,
  0x00,0x00,0x00,0x00,0x00,0x00,0x00,0x00,0x00,0x00,0x00,0x00,
  0x00,0x00,0x00,0x00,0x00,0x00,0x00,0x00,0x00,0x00,0x00,0x00,
  0x00,0x00,0x00,0x00,0x00,0x00,0x00,0x00,0x00,0x00,0x00,0x00,
  0x00,0x00,0x00,0x00,0x00,0x00,0x00,0x00,0x00,0x00,0x00,0x00,
  0x00,0x00,0x00,0x00,0x00,0x00,0x00,0x00,0x00,0x00,0x00,0x00,
  0x00,0x00,0x00,0x00,0x00,0x00,0x00,0x00,0x00,0x00,0x00,0x00,
  0x00,0x00,0x00,0x00,0x00,0x00,0x00,0x00,0x00,0x00,0x00,0x00,
  0x00,0x00,0x00,0x00,0x00,0x00,0x00,0x00,0x00,0x00,0x00,0x00,
  0x00,0x00,0x00,0x00,0x00,0x00,0x00,0x00,0x00,0x00,0x00,0x00,
  0x00,0x00,0x00,0x00,0x00,0x00,0x00,0x00,0x00,0x00,0x00,0x00,
  0x00,0x00,0x00,0x00,0x00,0x00,0x00,0x00,0x00,0x00,0x00,0x00,
  0x00,0x00,0x00,0x00,0x00,0x00,0x00,0x00,0x00,0x00,0x00,0x00,
  0x00,0x00,0x00,0x00,0xFF,0xFF,0xFF,0x01,0x01,0x01,0x01,0x00,
  0x7F,0x7F,0x7F,0x02,0xFF,0xFF,0xFF,0x01,0x7F,0x7F,0x00,0x02,
  0x00,0xFF,0x00,0x01,0x3F,0x3F,0x00,0x04,0x44,0x89,0x31,0x1A,
  0x3D,0x96,0x4F,0xFB,0x38,0xA2,0x57,0xFF,0x36,0x9C,0x52,0xFE,
  0x34,0x9C,0x51,0xFF,0x34,0x9C,0x50,0xFF,0x35,0x9B,0x51,0xFC,
  0x36,0xAD,0x57,0xFF,0x3C,0x6D,0x30,0xCB,0xEC,0x12,0x00,0x0E,
  0x1F,0x7F,0x3F,0x08,0x3F,0x7F,0x3F,0x04,0x00,0xFF,0x00,0x01,
  0x00,0x00,0x00,0x00,0x00,0x00,0x00,0x00,0x00,0x00,0x00,0x00,
  0x00,0x00,0x00,0x00,0x00,0x00,0x00,0x00,0x00,0x00,0x00,0x00,
  0x00,0x00,0x00,0x00,0x00,0x00,0x00,0x00,0x00,0x00,0x00,0x00,
  0x00,0x00,0x00,0x00,0x00,0x00,0x00,0x00,0x00,0x00,0x00,0x00,
  0x00,0x00,0x00,0x00,0x00,0x00,0x00,0x00,0x00,0x00,0x00,0x00,
  0x00,0x00,0x00,0x00,0x00,0x00,0x00,0x00,0x00,0x00,0x00,0x00,
  0x00,0x00,0x00,0x00,0x00,0x00,0x00,0x00,0x00,0x00,0x00,0x00,
  0x00,0x00,0x00,0x00,0x00,0x00,0x00,0x00,0x00,0x00,0x00,0x00,
  0x00,0x00,0x00,0x00,0x00,0x00,0x00,0x00,0x00,0x00,0x00,0x00,
  0x00,0x00,0x00,0x00,0x00,0x00,0x00,0x00,0x00,0x00,0x00,0x00,
  0x00,0x00,0x00,0x00,0x00,0x00,0x00,0x00,0x00,0x00,0x00,0x00,
  0x00,0x00,0x00,0x00,0x00,0x00,0x00,0x00,0x00,0x00,0x00,0x00,
  0x00,0x00,0x00,0x00,0x00,0x00,0x00,0x00,0x00,0x00,0x00,0x00,
  0x00,0x00,0x00,0x00,0x00,0x00,0x00,0x00,0x00,0x00,0x00,0x00,
  0x00,0x00,0x00,0x00,0x00,0x00,0x00,0x00,0x00,0x00,0x00,0x00,
  0x00,0x00,0x00,0x00,0x00,0x00,0x00,0x00,0x00,0x00,0x00,0x01,
  0x00,0x00,0x00,0x00,0x00,0x00,0x00,0x00,0x00,0x00,0x00,0x09,
  0x00,0x00,0x00,0x04,0x00,0x00,0x00,0x0A,0x00,0x00,0x00,0x00,
  0x00,0x00,0x00,0x00,0x00,0x00,0x00,0x00,0x00,0x00,0x00,0x00,
  0x00,0x00,0x00,0x00,0x00,0x00,0x00,0x00,0x00,0x00,0x00,0x00,
  0x00,0x00,0x00,0x00,0x00,0x00,0x00,0x00,0x00,0x00,0x00,0x00,
  0x00,0x00,0x00,0x00,0x00,0x00,0x00,0x00,0x00,0x00,0x00,0x00,
  0x00,0x00,0x00,0x00,0x00,0x00,0x00,0x00,0x00,0x00,0x00,0x00,
  0x00,0x00,0x00,0x00,0x00,0x00,0x00,0x00,0x00,0x00,0x00,0x00,
  0x00,0x00,0x00,0x00,0x00,0x00,0x00,0x00,0x00,0x00,0x00,0x00,
  0x00,0x00,0x00,0x00,0x00,0x00,0x00,0x00,0x00,0x00,0x00,0x00,
  0x00,0x00,0x00,0x00,0x00,0x00,0x00,0x00,0x00,0x00,0x00,0x00,
  0x00,0x00,0x00,0x00,0x00,0x00,0x00,0x00,0x00,0x00,0x00,0x00,
  0x00,0x00,0x00,0x00,0x00,0x00,0x00,0x00,0x00,0x00,0x00,0x00,
  0x00,0x00,0x00,0x00,0x00,0x00,0x00,0x00,0x00,0x00,0x00,0x00,
  0x00,0x00,0x00,0x00,0x00,0x00,0x00,0x00,0x00,0x00,0x00,0x00,
  0x00,0x00,0x00,0x00,0x00,0x00,0x00,0x00,0x00,0x00,0x00,0x00,
  0x00,0x00,0x00,0x00,0x00,0x00,0x00,0x00,0x00,0x00,0x00,0x00,
  0x00,0x00,0x00,0x00,0x00,0x00,0x00,0x00,0x00,0x00,0x00,0x00,
  0x00,0x00,0x00,0x00,0x00,0x00,0x00,0x00,0x00,0x00,0x00,0x00,
  0x00,0x00,0x00,0x00,0x00,0x00,0x00,0x00,0x00,0x00,0x00,0x00,
  0x00,0x00,0x00,0x00,0x00,0x00,0x00,0x00,0x00,0x00,0x00,0x00,
  0x00,0x00,0x00,0x00,0x00,0x00,0x00,0x00,0x00,0x00,0x00,0x00,
  0x00,0x00,0x00,0x00,0x00,0x00,0x00,0x00,0x00,0x00,0x00,0x00,
  0x00,0x00,0x00,0x00,0x00,0x00,0x00,0x00,0x00,0x00,0x00,0x00,
  0x00,0x00,0x00,0x00,0x00,0x00,0x00,0x00,0x00,0x00,0x00,0x00,
  0x00,0x00,0x00,0x00,0x00,0x00,0x00,0x00,0x00,0x00,0x00,0x00,
  0x00,0x00,0x00,0x00,0x00,0x00,0x00,0x00,0x00,0x00,0x00,0x00,
  0x00,0x00,0x00,0x00,0x00,0x00,0x00,0x00,0x00,0x00,0x00,0x00,
  0x00,0x00,0x00,0x00,0x00,0x00,0x00,0x00,0x00,0x00,0x00,0x00,
  0x00,0x00,0x00,0x00,0x00,0x00,0x00,0x00,0x00,0x00,0x00,0x00,
  0x00,0x00,0x00,0x00,0x00,0x00,0x00,0x00,0x00,0x00,0x00,0x00,
  0x00,0x00,0x00,0x00,0x00,0x00,0x00,0x00,0x00,0x00,0x00,0x00,
  0x00,0x00,0x00,0x00,0x00,0x00,0x00,0x00,0x00,0x00,0x00,0x00,
  0x00,0x00,0x00,0x00,0x00,0x00,0x00,0x00,0x00,0x00,0x00,0x00,
  0x00,0x00,0x00,0x00,0x00,0x00,0x00,0x00,0x00,0x00,0x00,0x00,
  0x00,0x00,0x00,0x00,0x00,0x00,0x00,0x00,0x00,0x00,0x00,0x00,
  0x00,0x00,0x00,0x00,0x00,0x00,0x00,0x00,0x00,0x00,0x00,0x00,
  0x00,0x00,0x00,0x00,0x00,0x00,0x00,0x00,0x00,0x00,0x00,0x01,
  0x00,0x00,0x00,0x00,0x00,0x00,0x00,0x07,0x2E,0x07,0x00,0x21,
  0x0D,0x0D,0x00,0x13,0x00,0x00,0x00,0x00,0x3B,0x4E,0x11,0xAC,
  0x3D,0x9F,0x46,0xFF,0x3A,0x9A,0x49,0xFA,0x3B,0x9B,0x4C,0xFF,
  0x3C,0x9B,0x4F,0xFF,0x39,0x9D,0x4F,0xFF,0x37,0x9A,0x4F,0xFF,
  0x34,0xA0,0x56,0xFD,0x3C,0x81,0x3F,0xFF,0x39,0x06,0x00,0x28,
  0x00,0x00,0x00,0x00,0x00,0x00,0x00,0x00,0x00,0x00,0x00,0x00,
  0x00,0x00,0x00,0x00,0x00,0x00,0x00,0x00,0x00,0x00,0x00,0x00,
  0x00,0x00,0x00,0x00,0x00,0x00,0x00,0x00,0x00,0x00,0x00,0x00,
  0x00,0x00,0x00,0x00,0x00,0x00,0x00,0x00,0x00,0x00,0x00,0x00,
  0x00,0x00,0x00,0x00,0x00,0x00,0x00,0x00,0x00,0x00,0x00,0x00,
  0x00,0x00,0x00,0x00,0x00,0x00,0x00,0x00,0x00,0x00,0x00,0x00,
  0x00,0x00,0x00,0x00,0x00,0x00,0x00,0x00,0x00,0x00,0x00,0x00,
  0x00,0x00,0x00,0x00,0x00,0x00,0x00,0x00,0x00,0x00,0x00,0x00,
  0x00,0x00,0x00,0x00,0x00,0x00,0x00,0x00,0x00,0x00,0x00,0x00,
  0x00,0x00,0x00,0x00,0x00,0x00,0x00,0x00,0x00,0x00,0x00,0x00,
  0x00,0x00,0x00,0x00,0x00,0x00,0x00,0x00,0x00,0x00,0x00,0x00,
  0x00,0x00,0x00,0x00,0x00,0x00,0x00,0x00,0x00,0x00,0x00,0x00,
  0x00,0x00,0x00,0x00,0x00,0x00,0x00,0x00,0x00,0x00,0x00,0x00,
  0x00,0x00,0x00,0x00,0x00,0x00,0x00,0x00,0x00,0x00,0x00,0x00,
  0x00,0x00,0x00,0x00,0x00,0x00,0x00,0x01,0x00,0x00,0x00,0x08,
  0x00,0x00,0x00,0x00,0x00,0x00,0x00,0x01,0x00,0x00,0x00,0x00,
  0x00,0x01,0x00,0x00,0x00,0x00,0x00,0x00,0x3B,0x46,0x00,0x2F,
  0x3F,0x9A,0x4E,0xFD,0x36,0xA4,0x58,0xFE,0x36,0x9E,0x53,0xFE,
  0x34,0x9E,0x52,0xFF,0x33,0x9D,0x50,0xFF,0x35,0x9E,0x52,0xFC,
  0x35,0xAF,0x58,0xFF,0x39,0x6E,0x30,0xCB,0x03,0x00,0x00,0x00,
  0x00,0x00,0x00,0x00,0x00,0x00,0x00,0x00,0x00,0x00,0x00,0x00,
  0x00,0x00,0x00,0x00,0x00,0x00,0x00,0x00,0x00,0x00,0x00,0x00,
  0x00,0x00,0x00,0x00,0x00,0x00,0x00,0x00,0x00,0x00,0x00,0x00,
  0x00,0x00,0x00,0x00,0x00,0x00,0x00,0x00,0x00,0x00,0x00,0x00,
  0x00,0x00,0x00,0x00,0x00,0x00,0x00,0x00,0x00,0x00,0x00,0x00,
  0x00,0x00,0x00,0x00,0x00,0x00,0x00,0x00,0x00,0x00,0x00,0x00,
  0x00,0x00,0x00,0x00,0x00,0x00,0x00,0x00,0x00,0x00,0x00,0x00,
  0x00,0x00,0x00,0x00,0x00,0x00,0x00,0x00,0x00,0x00,0x00,0x00,
  0x00,0x00,0x00,0x00,0x00,0x00,0x00,0x00,0x00,0x00,0x00,0x00,
  0x00,0x00,0x00,0x00,0x00,0x00,0x00,0x01,0x00,0x00,0x00,0x00,
  0x28,0x5D,0x0D,0x13,0x30,0x79,0x18,0x15,0x2E,0x8B,0x2E,0x0B,
  0x2A,0x7F,0x3F,0x0C,0x3F,0x7F,0x3F,0x0C,0x45,0x73,0x2E,0x0B,
  0x00,0x00,0x00,0x01,0x00,0x00,0x00,0x00,0x00,0x00,0x00,0x00,
  0x00,0x00,0x00,0x00,0x00,0x00,0x00,0x00,0x00,0x00,0x00,0x00,
  0x00,0x00,0x00,0x00,0x00,0x00,0x00,0x00,0x00,0x00,0x00,0x00,
  0x00,0x00,0x00,0x00,0x00,0x00,0x00,0x00,0x00,0x00,0x00,0x00,
  0x00,0x00,0x00,0x00,0x00,0x00,0x00,0x00,0x00,0x00,0x00,0x01,
  0x00,0x00,0x00,0x01,0x17,0x62,0x0B,0x2C,0x25,0x56,0x06,0x4A,
  0x2F,0x5A,0x07,0x41,0x25,0x55,0x0A,0x4B,0x22,0x66,0x0E,0x34,
  0x45,0x8B,0x17,0x0B,0x10,0x4D,0x05,0x2E,0x0A,0x5B,0x0A,0x19,
  0x00,0x00,0x00,0x00,0x00,0x00,0x00,0x01,0x00,0x00,0x00,0x00,
  0x00,0x00,0x00,0x00,0x00,0x00,0x00,0x00,0x00,0x00,0x00,0x00,
  0x00,0x00,0x00,0x00,0x00,0x00,0x00,0x00,0x00,0x00,0x00,0x00,
  0x00,0x00,0x00,0x00,0x00,0x00,0x00,0x00,0x00,0x00,0x00,0x00,
  0x00,0x00,0x00,0x00,0x00,0x00,0x00,0x00,0x00,0x00,0x00,0x00,
  0x00,0x00,0x00,0x00,0x00,0x00,0x00,0x00,0x00,0x00,0x00,0x00,
  0x00,0x00,0x00,0x00,0x00,0x00,0x00,0x00,0x00,0x00,0x00,0x00,
  0x00,0x00,0x00,0x00,0x00,0x00,0x00,0x00,0x00,0x00,0x00,0x00,
  0x00,0x00,0x00,0x00,0x00,0x00,0x00,0x00,0x00,0x00,0x00,0x00,
  0x00,0x00,0x00,0x00,0x00,0x00,0x00,0x00,0x00,0x00,0x00,0x00,
  0x00,0x00,0x00,0x00,0x00,0x00,0x00,0x00,0x00,0x00,0x00,0x00,
  0x00,0x00,0x00,0x00,0x00,0x00,0x00,0x00,0x00,0x00,0x00,0x00,
  0x00,0x00,0x00,0x00,0x00,0x00,0x00,0x00,0x00,0x00,0x00,0x00,
  0x00,0x00,0x00,0x00,0x00,0x00,0x00,0x00,0x00,0x00,0x00,0x00,
  0x00,0x00,0x00,0x00,0x00,0x00,0x00,0x00,0x00,0x00,0x00,0x00,
  0x00,0x00,0x00,0x00,0x00,0x00,0x00,0x00,0x00,0x00,0x00,0x00,
  0x00,0x00,0x00,0x00,0x00,0x00,0x00,0x00,0x00,0x00,0x00,0x00,
  0x00,0x00,0x00,0x00,0x00,0x00,0x00,0x00,0x00,0x00,0x00,0x00,
  0x00,0x00,0x00,0x00,0x00,0x00,0x00,0x00,0x00,0x00,0x00,0x00,
  0x00,0x00,0x00,0x00,0x00,0x00,0x00,0x00,0x00,0x00,0x00,0x00,
  0x00,0x00,0x00,0x00,0x00,0x00,0x00,0x00,0x00,0x00,0x00,0x00,
  0x00,0x00,0x00,0x00,0x00,0x00,0x00,0x00,0x00,0x00,0x00,0x00,
  0x00,0x00,0x00,0x00,0x00,0x00,0x00,0x00,0x00,0x00,0x00,0x00,
  0x00,0x00,0x00,0x00,0x00,0x00,0x00,0x00,0x00,0x00,0x00,0x00,
  0x00,0x00,0x00,0x00,0x00,0x00,0x00,0x00,0x00,0x00,0x00,0x00,
  0x00,0x00,0x00,0x00,0x00,0x00,0x00,0x00,0x00,0x00,0x00,0x00,
  0x00,0x00,0x00,0x00,0x00,0x00,0x00,0x00,0x00,0x00,0x00,0x00,
  0x00,0x00,0x00,0x00,0x00,0x00,0x00,0x00,0x00,0x00,0x00,0x00,
  0x00,0x00,0x00,0x00,0x00,0x00,0x00,0x00,0x00,0x00,0x00,0x00,
  0x00,0x00,0x00,0x00,0x00,0x00,0x00,0x00,0x00,0x00,0x00,0x00,
  0x00,0x00,0x00,0x00,0x00,0x00,0x00,0x00,0x00,0x00,0x00,0x00,
  0x00,0x00,0x00,0x00,0x00,0x00,0x00,0x00,0x00,0x00,0x00,0x00,
  0x00,0x00,0x00,0x00,0x00,0x00,0x00,0x00,0x00,0x00,0x00,0x00,
  0x00,0x00,0x00,0x00,0x00,0x00,0x00,0x00,0x00,0x00,0x00,0x00,
  0x00,0x00,0x00,0x00,0x00,0x00,0x00,0x00,0x00,0x00,0x00,0x01,
  0x33,0x33,0x00,0x05,0x1D,0x5B,0x0A,0x46,0x31,0x4C,0x04,0x72,
  0x29,0x57,0x08,0x57,0x27,0x4F,0x0F,0x20,0x39,0x5B,0x17,0xB5,
  0x3C,0xA2,0x47,0xFF,0x3A,0x9C,0x4A,0xFB,0x3C,0x9D,0x4D,0xFF,
  0x3D,0x9C,0x4F,0xFF,0x3A,0x9D,0x4F,0xFF,0x37,0x9B,0x4F,0xFF,
  0x34,0x9E,0x55,0xFE,0x3B,0x84,0x41,0xFF,0x33,0x58,0x0D,0x4B,
  0x2D,0xB4,0x3C,0x11,0x38,0x8D,0x55,0x09,0x00,0x00,0x00,0x00,
  0x00,0x00,0x00,0x00,0x00,0x00,0x00,0x00,0x00,0x00,0x00,0x00,
  0x00,0x00,0x00,0x00,0x00,0x00,0x00,0x00,0x00,0x00,0x00,0x00,
  0x00,0x00,0x00,0x00,0x00,0x00,0x00,0x00,0x00,0x00,0x00,0x00,
  0x00,0x00,0x00,0x00,0x00,0x00,0x00,0x00,0x00,0x00,0x00,0x00,
  0x00,0x00,0x00,0x00,0x00,0x00,0x00,0x00,0x00,0x00,0x00,0x00,
  0x00,0x00,0x00,0x00,0x00,0x00,0x00,0x00,0x00,0x00,0x00,0x00,
  0x00,0x00,0x00,0x00,0x00,0x00,0x00,0x00,0x00,0x00,0x00,0x00,
  0x00,0x00,0x00,0x00,0x00,0x00,0x00,0x00,0x00,0x00,0x00,0x00,
  0x00,0x00,0x00,0x00,0x00,0x00,0x00,0x00,0x00,0x00,0x00,0x00,
  0x00,0x00,0x00,0x00,0x00,0x00,0x00,0x00,0x00,0x00,0x00,0x00,
  0x00,0x00,0x00,0x00,0x00,0x00,0x00,0x00,0x00,0x00,0x00,0x00,
  0x00,0x00,0x00,0x00,0x00,0x00,0x00,0x00,0x00,0x00,0x00,0x00,
  0x00,0x00,0x00,0x00,0x00,0x00,0x00,0x00,0x00,0x00,0x00,0x01,
  0x00,0x00,0x00,0x00,0x12,0x38,0x04,0x36,0x18,0x57,0x0D,0x49,
  0x37,0x74,0x10,0x2E,0x1D,0x6A,0x15,0x3C,0x1D,0x58,0x13,0x1A,
  0x01,0x00,0x00,0x00,0x33,0x4C,0x19,0x0A,0x3D,0x4D,0x12,0x70,
  0x3F,0x9E,0x50,0xFF,0x35,0xA6,0x58,0xFD,0x35,0xA1,0x54,0xFF,
  0x35,0xA1,0x54,0xFF,0x33,0x9F,0x52,0xFF,0x35,0xA1,0x53,0xFC,
  0x35,0xB2,0x5A,0xFF,0x35,0x70,0x30,0xC9,0x1F,0x5F,0x1F,0x08,
  0x3F,0xAA,0x3F,0x0C,0x2A,0x63,0x2A,0x12,0x0C,0x30,0x0C,0x15,
  0x00,0x00,0x00,0x00,0x00,0x00,0x00,0x01,0x00,0x00,0x00,0x00,
  0x00,0x00,0x00,0x00,0x00,0x00,0x00,0x00,0x00,0x00,0x00,0x00,
  0x00,0x00,0x00,0x00,0x00,0x00,0x00,0x00,0x00,0x00,0x00,0x00,
  0x00,0x00,0x00,0x00,0x00,0x00,0x00,0x00,0x00,0x00,0x00,0x00,
  0x00,0x00,0x00,0x00,0x00,0x00,0x00,0x00,0x00,0x00,0x00,0x00,
  0x00,0x00,0x00,0x00,0x00,0x00,0x00,0x00,0x00,0x00,0x00,0x00,
  0x00,0x00,0x00,0x00,0x00,0x00,0x00,0x00,0x00,0x00,0x00,0x00,
  0x00,0x00,0x00,0x00,0x00,0x00,0x00,0x00,0x00,0x00,0x00,0x00,
  0x00,0x00,0x00,0x00,0x7F,0x7F,0x7F,0x02,0x00,0x00,0x00,0x00,
  0x3F,0x58,0x17,0x6D,0x3C,0x7C,0x2D,0xB2,0x33,0x7F,0x38,0xAC,
  0x36,0x84,0x3A,0xAD,0x3A,0x85,0x3A,0xAE,0x3C,0x79,0x39,0xA1,
  0x33,0x55,0x22,0x0F,0x00,0x00,0x00,0x00,0x00,0x00,0x00,0x01,
  0x00,0x00,0x00,0x00,0x00,0x00,0x00,0x00,0x00,0x00,0x00,0x00,
  0x00,0x00,0x00,0x00,0x00,0x00,0x00,0x00,0x00,0x00,0x00,0x00,
  0x00,0x00,0x00,0x00,0x00,0x00,0x00,0x00,0x00,0x00,0x00,0x00,
  0x00,0x00,0x00,0x00,0x00,0x00,0x00,0x01,0x00,0x00,0x00,0x00,
  0x5D,0x35,0x00,0x13,0x3E,0x5D,0x12,0xAF,0x38,0x69,0x18,0xC7,
  0x3A,0x67,0x1C,0xC3,0x38,0x66,0x1A,0xC8,0x37,0x64,0x1C,0xBE,
  0x3A,0x5E,0x1B,0xAA,0x33,0x68,0x18,0xBC,0x31,0x60,0x1A,0x57,
  0x00,0x00,0x00,0x00,0x55,0x55,0x00,0x03,0x00,0x00,0x00,0x00,
  0x00,0x00,0x00,0x00,0x00,0x00,0x00,0x00,0x00,0x00,0x00,0x00,
  0x00,0x00,0x00,0x00,0x00,0x00,0x00,0x00,0x00,0x00,0x00,0x00,
  0x00,0x00,0x00,0x00,0x00,0x00,0x00,0x00,0x00,0x00,0x00,0x00,
  0x00,0x00,0x00,0x00,0x00,0x00,0x00,0x00,0x00,0x00,0x00,0x00,
  0x00,0x00,0x00,0x00,0x00,0x00,0x00,0x00,0x00,0x00,0x00,0x00,
  0x00,0x00,0x00,0x00,0x00,0x00,0x00,0x00,0x00,0x00,0x00,0x00,
  0x00,0x00,0x00,0x00,0x00,0x00,0x00,0x00,0x00,0x00,0x00,0x00,
  0x00,0x00,0x00,0x00,0x00,0x00,0x00,0x00,0x00,0x00,0x00,0x00,
  0x00,0x00,0x00,0x00,0x00,0x00,0x00,0x00,0x00,0x00,0x00,0x00,
  0x00,0x00,0x00,0x00,0x00,0x00,0x00,0x00,0x00,0x00,0x00,0x00,
  0x00,0x00,0x00,0x00,0x00,0x00,0x00,0x00,0x00,0x00,0x00,0x00,
  0x00,0x00,0x00,0x00,0x00,0x00,0x00,0x00,0x00,0x00,0x00,0x00,
  0x00,0x00,0x00,0x00,0x00,0x00,0x00,0x00,0x00,0x00,0x00,0x00,
  0x00,0x00,0x00,0x00,0x00,0x00,0x00,0x00,0x00,0x00,0x00,0x00,
  0x00,0x00,0x00,0x00,0x00,0x00,0x00,0x00,0x00,0x00,0x00,0x00,
  0x00,0x00,0x00,0x00,0x00,0x00,0x00,0x00,0x00,0x00,0x00,0x00,
  0x00,0x00,0x00,0x00,0x00,0x00,0x00,0x00,0x00,0x00,0x00,0x00,
  0x00,0x00,0x00,0x00,0x00,0x00,0x00,0x00,0x00,0x00,0x00,0x00,
  0x00,0x00,0x00,0x00,0x00,0x00,0x00,0x00,0x00,0x00,0x00,0x00,
  0x00,0x00,0x00,0x00,0x00,0x00,0x00,0x00,0x00,0x00,0x00,0x00,
  0x00,0x00,0x00,0x00,0x00,0x00,0x00,0x00,0x00,0x00,0x00,0x00,
  0x00,0x00,0x00,0x00,0x00,0x00,0x00,0x00,0x00,0x00,0x00,0x00,
  0x00,0x00,0x00,0x00,0x00,0x00,0x00,0x00,0x00,0x00,0x00,0x00,
  0x00,0x00,0x00,0x00,0x00,0x00,0x00,0x00,0x00,0x00,0x00,0x00,
  0x00,0x00,0x00,0x00,0x00,0x00,0x00,0x00,0x00,0x00,0x00,0x00,
  0x00,0x00,0x00,0x00,0x00,0x00,0x00,0x00,0x00,0x00,0x00,0x00,
  0x00,0x00,0x00,0x00,0x00,0x00,0x00,0x00,0x00,0x00,0x00,0x00,
  0x00,0x00,0x00,0x00,0x00,0x00,0x00,0x00,0x00,0x00,0x00,0x00,
  0x00,0x00,0x00,0x00,0x00,0x00,0x00,0x00,0x00,0x00,0x00,0x00,
  0x00,0x00,0x00,0x00,0x00,0x00,0x00,0x00,0x00,0x00,0x00,0x00,
  0x00,0x00,0x00,0x00,0x00,0x00,0x00,0x00,0x00,0x00,0x00,0x00,
  0x00,0x00,0x00,0x00,0x00,0x00,0x00,0x00,0x00,0x00,0x00,0x00,
  0x00,0x00,0x00,0x00,0x00,0x00,0x00,0x00,0x00,0x00,0x00,0x00,
  0x00,0x00,0x00,0x00,0x55,0x55,0x00,0x03,0x00,0x00,0x00,0x00,
  0x39,0x3D,0x0A,0x47,0x30,0x85,0x32,0xC6,0x32,0x7E,0x2B,0xD4,
  0x37,0x79,0x25,0xCC,0x3A,0x70,0x24,0xB6,0x3B,0x75,0x29,0xE6,
  0x38,0x9F,0x46,0xFF,0x3C,0x9E,0x4C,0xFE,0x3D,0xA0,0x51,0xFF,
  0x3E,0x9E,0x51,0xFF,0x39,0x9D,0x4F,0xFF,0x38,0x9C,0x4F,0xFF,
  0x34,0x9A,0x51,0xFF,0x37,0x8C,0x4A,0xFF,0x33,0x80,0x3F,0xC2,
  0x37,0x98,0x51,0xB0,0x3F,0x86,0x4C,0x89,0x00,0x00,0x00,0x00,
  0x00,0x7F,0x7F,0x02,0x00,0x00,0x00,0x00,0x00,0x00,0x00,0x00,
  0x00,0x00,0x00,0x00,0x00,0x00,0x00,0x00,0x00,0x00,0x00,0x00,
  0x00,0x00,0x00,0x00,0x00,0x00,0x00,0x00,0x00,0x00,0x00,0x00,
  0x00,0x00,0x00,0x00,0x00,0x00,0x00,0x00,0x00,0x00,0x00,0x00,
  0x00,0x00,0x00,0x00,0x00,0x00,0x00,0x00,0x00,0x00,0x00,0x00,
  0x00,0x00,0x00,0x00,0x00,0x00,0x00,0x00,0x00,0x00,0x00,0x00,
  0x00,0x00,0x00,0x00,0x00,0x00,0x00,0x00,0x00,0x00,0x00,0x00,
  0x00,0x00,0x00,0x00,0x00,0x00,0x00,0x00,0x00,0x00,0x00,0x00,
  0x00,0x00,0x00,0x00,0x00,0x00,0x00,0x00,0x00,0x00,0x00,0x00,
  0x00,0x00,0x00,0x00,0x00,0x00,0x00,0x00,0x00,0x00,0x00,0x00,
  0x00,0x00,0x00,0x00,0x00,0x00,0x00,0x00,0x00,0x00,0x00,0x00,
  0x00,0x00,0x00,0x00,0x00,0x00,0x00,0x00,0x00,0x00,0x00,0x00,
  0x00,0x00,0x00,0x00,0x7F,0x7F,0x00,0x02,0x6D,0xFF,0x24,0x07,
  0x00,0x00,0x00,0x03,0x32,0x5F,0x1E,0xAD,0x31,0x8F,0x45,0xC7,
  0x3B,0x8C,0x47,0xB9,0x37,0x98,0x4A,0xC2,0x33,0x5E,0x25,0x82,
  0x5F,0x00,0x00,0x08,0x3E,0x57,0x1A,0x9B,0x3F,0x6E,0x29,0xD5,
  0x3A,0xA2,0x55,0xFE,0x35,0xA5,0x57,0xFE,0x34,0xA3,0x55,0xFF,
  0x34,0xA4,0x56,0xFF,0x33,0xA3,0x55,0xFF,0x33,0xA2,0x53,0xFD,
  0x34,0xB2,0x5B,0xFF,0x34,0x72,0x2B,0xC8,0x3B,0x55,0x18,0x7D,
  0x3A,0x80,0x39,0xAE,0x3E,0x82,0x3E,0xB0,0x2E,0x61,0x2B,0x63,
  0x00,0x00,0x00,0x00,0x7F,0x7F,0x7F,0x02,0x00,0x00,0x00,0x00,
  0x00,0x00,0x00,0x00,0x00,0x00,0x00,0x00,0x00,0x00,0x00,0x00,
  0x00,0x00,0x00,0x00,0x00,0x00,0x00,0x00,0x00,0x00,0x00,0x00,
  0x00,0x00,0x00,0x00,0x00,0x00,0x00,0x00,0x00,0x00,0x00,0x00,
  0x00,0x00,0x00,0x00,0x00,0x00,0x00,0x00,0x00,0x00,0x00,0x00,
  0x00,0x00,0x00,0x00,0x00,0x00,0x00,0x00,0x00,0x00,0x00,0x00,
  0x00,0x00,0x00,0x00,0x00,0x00,0x00,0x00,0x00,0x00,0x00,0x00,
  0x00,0x00,0x00,0x00,0x00,0x00,0x00,0x00,0x00,0x00,0x00,0x00,
  0x00,0x00,0x00,0x00,0x7F,0x7F,0x7F,0x02,0x00,0x00,0x00,0x00,
  0x3F,0x56,0x17,0xB0,0x41,0x8B,0x36,0xFF,0x38,0x92,0x40,0xFF,
  0x3C,0x97,0x42,0xFF,0x41,0x99,0x43,0xFF,0x3E,0x85,0x3C,0xFF,
  0x34,0x4B,0x16,0x22,0x00,0x00,0x00,0x00,0x00,0x00,0x00,0x01,
  0x00,0x00,0x00,0x00,0x00,0x00,0x00,0x00,0x00,0x00,0x00,0x00,
  0x00,0x00,0x00,0x00,0x00,0x00,0x00,0x00,0x00,0x00,0x00,0x00,
  0x00,0x00,0x00,0x00,0x00,0x00,0x00,0x00,0x00,0x00,0x00,0x00,
  0x00,0x00,0x00,0x00,0x00,0x00,0x00,0x01,0x00,0x00,0x00,0x00,
  0x5B,0x3D,0x00,0x19,0x43,0x5D,0x12,0xFD,0x40,0x76,0x1C,0xFF,
  0x40,0x73,0x1F,0xFF,0x3F,0x73,0x1F,0xFF,0x3F,0x6F,0x1F,0xFF,
  0x3E,0x6A,0x1C,0xFF,0x3D,0x79,0x1C,0xFF,0x33,0x5F,0x1A,0x85,
  0x00,0x00,0x00,0x00,0x3F,0x7F,0x00,0x04,0x00,0x00,0x00,0x00,
  0x00,0x00,0x00,0x00,0x00,0x00,0x00,0x00,0x00,0x00,0x00,0x00,
  0x00,0x00,0x00,0x00,0x00,0x00,0x00,0x00,0x00,0x00,0x00,0x00,
  0x00,0x00,0x00,0x00,0x00,0x00,0x00,0x00,0x00,0x00,0x00,0x00,
  0x00,0x00,0x00,0x00,0x00,0x00,0x00,0x00,0x00,0x00,0x00,0x00,
  0x00,0x00,0x00,0x00,0x00,0x00,0x00,0x00,0x00,0x00,0x00,0x00,
  0x00,0x00,0x00,0x00,0x00,0x00,0x00,0x00,0x00,0x00,0x00,0x00,
  0x00,0x00,0x00,0x00,0x00,0x00,0x00,0x00,0x00,0x00,0x00,0x00,
  0x00,0x00,0x00,0x00,0x00,0x00,0x00,0x00,0x00,0x00,0x00,0x00,
  0x00,0x00,0x00,0x00,0x00,0x00,0x00,0x00,0x00,0x00,0x00,0x00,
  0x00,0x00,0x00,0x00,0x00,0x00,0x00,0x00,0x00,0x00,0x00,0x00,
  0x00,0x00,0x00,0x00,0x00,0x00,0x00,0x00,0x00,0x00,0x00,0x00,
  0x00,0x00,0x00,0x00,0x00,0x00,0x00,0x00,0x00,0x00,0x00,0x00,
  0x00,0x00,0x00,0x00,0x00,0x00,0x00,0x00,0x00,0x00,0x00,0x00,
  0x00,0x00,0x00,0x00,0x00,0x00,0x00,0x00,0x00,0x00,0x00,0x00,
  0x00,0x00,0x00,0x00,0x00,0x00,0x00,0x00,0x00,0x00,0x00,0x00,
  0x00,0x00,0x00,0x00,0x00,0x00,0x00,0x00,0x00,0x00,0x00,0x00,
  0x00,0x00,0x00,0x00,0x00,0x00,0x00,0x00,0x00,0x00,0x00,0x00,
  0x00,0x00,0x00,0x00,0x00,0x00,0x00,0x00,0x00,0x00,0x00,0x00,
  0x00,0x00,0x00,0x00,0x00,0x00,0x00,0x00,0x00,0x00,0x00,0x00,
  0x00,0x00,0x00,0x00,0x00,0x00,0x00,0x00,0x00,0x00,0x00,0x00,
  0x00,0x00,0x00,0x00,0x00,0x00,0x00,0x00,0x00,0x00,0x00,0x00,
  0x00,0x00,0x00,0x00,0x00,0x00,0x00,0x00,0x00,0x00,0x00,0x00,
  0x00,0x00,0x00,0x00,0x00,0x00,0x00,0x00,0x00,0x00,0x00,0x00,
  0x00,0x00,0x00,0x00,0x00,0x00,0x00,0x00,0x00,0x00,0x00,0x00,
  0x00,0x00,0x00,0x00,0x00,0x00,0x00,0x00,0x00,0x00,0x00,0x00,
  0x00,0x00,0x00,0x00,0x00,0x00,0x00,0x00,0x00,0x00,0x00,0x00,
  0x00,0x00,0x00,0x00,0x00,0x00,0x00,0x00,0x00,0x00,0x00,0x00,
  0x00,0x00,0x00,0x00,0x00,0x00,0x00,0x00,0x00,0x00,0x00,0x00,
  0x00,0x00,0x00,0x00,0x00,0x00,0x00,0x00,0x00,0x00,0x00,0x00,
  0x00,0x00,0x00,0x00,0x00,0x00,0x00,0x00,0x00,0x00,0x00,0x00,
  0x00,0x00,0x00,0x00,0x00,0x00,0x00,0x00,0x00,0x00,0x00,0x00,
  0x00,0x00,0x00,0x00,0x00,0x00,0x00,0x00,0x00,0x00,0x00,0x00,
  0x00,0x00,0x00,0x00,0x00,0x00,0x00,0x00,0x00,0x00,0x00,0x00,
  0x00,0x00,0x00,0x00,0x3F,0x3F,0x00,0x04,0x00,0x00,0x00,0x00,
  0x37,0x3E,0x0B,0x72,0x36,0x9A,0x3E,0xFF,0x34,0x93,0x36,0xFF,
  0x3D,0x8C,0x2F,0xFF,0x41,0x85,0x2C,0xFF,0x3D,0x87,0x2F,0xFF,
  0x33,0x96,0x3B,0xFF,0x3B,0x9C,0x48,0xFF,0x3C,0x9F,0x50,0xFF,
  0x3C,0x9E,0x50,0xFF,0x39,0x9F,0x4F,0xFF,0x38,0x9D,0x50,0xFF,
  0x34,0x97,0x4E,0xFF,0x34,0x91,0x4F,0xFF,0x37,0x94,0x4F,0xFF,
  0x3A,0xA6,0x5A,0xFF,0x38,0x89,0x4A,0xE1,0x00,0x00,0x00,0x00,
  0x00,0x7F,0x7F,0x02,0x00,0x00,0x00,0x00,0x00,0x00,0x00,0x00,
  0x00,0x00,0x00,0x00,0x00,0x00,0x00,0x00,0x00,0x00,0x00,0x00,
  0x00,0x00,0x00,0x00,0x00,0x00,0x00,0x00,0x00,0x00,0x00,0x00,
  0x00,0x00,0x00,0x00,0x00,0x00,0x00,0x00,0x00,0x00,0x00,0x00,
  0x00,0x00,0x00,0x00,0x00,0x00,0x00,0x00,0x00,0x00,0x00,0x00,
  0x00,0x00,0x00,0x00,0x00,0x00,0x00,0x00,0x00,0x00,0x00,0x00,
  0x00,0x00,0x00,0x00,0x00,0x00,0x00,0x00,0x00,0x00,0x00,0x00,
  0x00,0x00,0x00,0x00,0x00,0x00,0x00,0x00,0x00,0x00,0x00,0x00,
  0x00,0x00,0x00,0x00,0x00,0x00,0x00,0x00,0x00,0x00,0x00,0x00,
  0x00,0x00,0x00,0x00,0x00,0x00,0x00,0x00,0x00,0x00,0x00,0x00,
  0x00,0x00,0x00,0x00,0x00,0x00,0x00,0x00,0x00,0x00,0x00,0x00,
  0x00,0x00,0x00,0x00,0x00,0x00,0x00,0x00,0x00,0x00,0x00,0x00,
  0x00,0x00,0x00,0x00,0x33,0x33,0x00,0x05,0x52,0x7F,0x0F,0x22,
  0x15,0x00,0x00,0x0C,0x34,0x68,0x24,0xF5,0x3B,0xAA,0x59,0xFF,
  0x40,0x9C,0x55,0xFF,0x40,0xB3,0x5D,0xFF,0x32,0x61,0x27,0xC9,
  0x45,0x00,0x00,0x16,0x3F,0x5B,0x17,0xFF,0x42,0x88,0x34,0xFF,
  0x36,0xA4,0x58,0xFE,0x35,0xA7,0x59,0xFF,0x34,0xA5,0x59,0xFF,
  0x34,0xA6,0x59,0xFF,0x33,0xA6,0x58,0xFF,0x33,0xA3,0x55,0xFD,
  0x34,0xB2,0x5B,0xFF,0x34,0x70,0x26,0xCF,0x3A,0x5D,0x1C,0xD5,
  0x3F,0x99,0x44,0xFF,0x45,0x9A,0x47,0xFF,0x2F,0x6E,0x2F,0x96,
  0x00,0x00,0x00,0x00,0x55,0xAA,0x55,0x03,0x00,0x00,0x00,0x00,
  0x00,0x00,0x00,0x00,0x00,0x00,0x00,0x00,0x00,0x00,0x00,0x00,
  0x00,0x00,0x00,0x00,0x00,0x00,0x00,0x00,0x00,0x00,0x00,0x00,
  0x00,0x00,0x00,0x00,0x00,0x00,0x00,0x00,0x00,0x00,0x00,0x00,
  0x00,0x00,0x00,0x00,0x00,0x00,0x00,0x00,0x00,0x00,0x00,0x00,
  0x00,0x00,0x00,0x00,0x00,0x00,0x00,0x00,0x00,0x00,0x00,0x00,
  0x00,0x00,0x00,0x00,0x00,0x00,0x00,0x00,0x00,0x00,0x00,0x00,
  0x00,0x00,0x00,0x00,0x00,0x00,0x00,0x00,0x00,0x00,0x00,0x00,
  0x00,0x00,0x00,0x00,0x00,0x7F,0x7F,0x02,0x00,0x00,0x00,0x00,
  0x3C,0x53,0x14,0xB8,0x3C,0x86,0x34,0xFF,0x35,0x95,0x42,0xFF,
  0x39,0x98,0x41,0xFF,0x3C,0x9B,0x42,0xFF,0x3A,0x8A,0x3B,0xFF,
  0x34,0x43,0x14,0x31,0x00,0x00,0x00,0x00,0x00,0x7F,0x00,0x02,
  0x00,0x00,0x00,0x00,0x00,0x00,0x00,0x00,0x00,0x00,0x00,0x00,
  0x00,0x00,0x00,0x00,0x00,0x00,0x00,0x00,0x00,0x00,0x00,0x00,
  0x00,0x00,0x00,0x00,0x00,0x00,0x00,0x00,0x00,0x00,0x00,0x00,
  0x00,0x00,0x00,0x00,0x00,0x00,0x00,0x01,0x00,0x00,0x00,0x00,
  0x7F,0x5B,0x00,0x0E,0x40,0x5F,0x0E,0xEC,0x3D,0x73,0x17,0xFF,
  0x3B,0x71,0x19,0xFF,0x3A,0x71,0x1B,0xFF,0x3A,0x6F,0x1C,0xFF,
  0x39,0x6C,0x1A,0xFF,0x39,0x79,0x18,0xFF,0x2C,0x59,0x13,0x8E,
  0x00,0x00,0x00,0x00,0x55,0xAA,0x00,0x03,0x00,0x00,0x00,0x00,
  0x00,0x00,0x00,0x00,0x00,0x00,0x00,0x00,0x00,0x00,0x00,0x00,
  0x00,0x00,0x00,0x00,0x00,0x00,0x00,0x00,0x00,0x00,0x00,0x00,
  0x00,0x00,0x00,0x00,0x00,0x00,0x00,0x00,0x00,0x00,0x00,0x00,
  0x00,0x00,0x00,0x00,0x00,0x00,0x00,0x00,0x00,0x00,0x00,0x00,
  0x00,0x00,0x00,0x00,0x00,0x00,0x00,0x00,0x00,0x00,0x00,0x00,
  0x00,0x00,0x00,0x00,0x00,0x00,0x00,0x00,0x00,0x00,0x00,0x00,
  0x00,0x00,0x00,0x00,0x00,0x00,0x00,0x00,0x00,0x00,0x00,0x00,
  0x00,0x00,0x00,0x00,0x00,0x00,0x00,0x00,0x00,0x00,0x00,0x00,
  0x00,0x00,0x00,0x00,0x00,0x00,0x00,0x00,0x00,0x00,0x00,0x00,
  0x00,0x00,0x00,0x00,0x00,0x00,0x00,0x00,0x00,0x00,0x00,0x00,
  0x00,0x00,0x00,0x00,0x00,0x00,0x00,0x00,0x00,0x00,0x00,0x00,
  0x00,0x00,0x00,0x00,0x00,0x00,0x00,0x00,0x00,0x00,0x00,0x00,
  0x00,0x00,0x00,0x00,0x00,0x00,0x00,0x00,0x00,0x00,0x00,0x00,
  0x00,0x00,0x00,0x00,0x00,0x00,0x00,0x00,0x00,0x00,0x00,0x00,
  0x00,0x00,0x00,0x00,0x00,0x00,0x00,0x00,0x00,0x00,0x00,0x00,
  0x00,0x00,0x00,0x00,0x00,0x00,0x00,0x00,0x00,0x00,0x00,0x00,
  0x00,0x00,0x00,0x00,0x00,0x00,0x00,0x00,0x00,0x00,0x00,0x00,
  0x00,0x00,0x00,0x00,0x00,0x00,0x00,0x00,0x00,0x00,0x00,0x00,
  0x00,0x00,0x00,0x00,0x00,0x00,0x00,0x00,0x00,0x00,0x00,0x00,
  0x00,0x00,0x00,0x00,0x00,0x00,0x00,0x00,0x00,0x00,0x00,0x00,
  0x00,0x00,0x00,0x00,0x00,0x00,0x00,0x00,0x00,0x00,0x00,0x00,
  0x00,0x00,0x00,0x00,0x00,0x00,0x00,0x00,0x00,0x00,0x00,0x00,
  0x00,0x00,0x00,0x00,0x00,0x00,0x00,0x00,0x00,0x00,0x00,0x00,
  0x00,0x00,0x00,0x00,0x00,0x00,0x00,0x00,0x00,0x00,0x00,0x00,
  0x00,0x00,0x00,0x00,0x00,0x00,0x00,0x00,0x00,0x00,0x00,0x00,
  0x00,0x00,0x00,0x00,0x00,0x00,0x00,0x00,0x00,0x00,0x00,0x00,
  0x00,0x00,0x00,0x00,0x00,0x00,0x00,0x00,0x00,0x00,0x00,0x00,
  0x00,0x00,0x00,0x00,0x00,0x00,0x00,0x00,0x00,0x00,0x00,0x00,
  0x00,0x00,0x00,0x00,0x00,0x00,0x00,0x00,0x00,0x00,0x00,0x00,
  0x00,0x00,0x00,0x00,0x00,0x00,0x00,0x00,0x00,0x00,0x00,0x00,
  0x00,0x00,0x00,0x00,0x00,0x00,0x00,0x00,0x00,0x00,0x00,0x00,
  0x00,0x00,0x00,0x00,0x00,0x00,0x00,0x00,0x00,0x00,0x00,0x00,
  0x00,0x00,0x00,0x00,0x00,0x00,0x00,0x00,0x00,0x00,0x00,0x00,
  0x00,0x00,0x00,0x00,0x3F,0x3F,0x00,0x04,0x00,0x00,0x00,0x00,
  0x31,0x3F,0x0B,0x6C,0x30,0x93,0x37,0xFF,0x32,0x8C,0x2D,0xFF,
  0x38,0x89,0x2A,0xFF,0x3A,0x89,0x2B,0xFF,0x38,0x86,0x29,0xFF,
  0x30,0x8A,0x2B,0xFF,0x36,0x91,0x3B,0xFF,0x3A,0x97,0x45,0xFF,
  0x3A,0x9A,0x4A,0xFF,0x39,0xA2,0x51,0xFF,0x38,0x9E,0x51,0xFF,
  0x36,0x97,0x4E,0xFF,0x33,0x91,0x4E,0xFF,0x34,0x93,0x4E,0xFF,
  0x34,0x9E,0x53,0xFF,0x2F,0x8D,0x47,0xD9,0x00,0x00,0x00,0x00,
  0x00,0x00,0xFF,0x01,0x00,0x00,0x00,0x00,0x00,0x00,0x00,0x00,
  0x00,0x00,0x00,0x00,0x00,0x00,0x00,0x00,0x00,0x00,0x00,0x00,
  0x00,0x00,0x00,0x00,0x00,0x00,0x00,0x00,0x00,0x00,0x00,0x00,
  0x00,0x00,0x00,0x00,0x00,0x00,0x00,0x00,0x00,0x00,0x00,0x00,
  0x00,0x00,0x00,0x00,0x00,0x00,0x00,0x00,0x00,0x00,0x00,0x00,
  0x00,0x00,0x00,0x00,0x00,0x00,0x00,0x00,0x00,0x00,0x00,0x00,
  0x00,0x00,0x00,0x00,0x00,0x00,0x00,0x00,0x00,0x00,0x00,0x00,
  0x00,0x00,0x00,0x00,0x00,0x00,0x00,0x00,0x00,0x00,0x00,0x00,
  0x00,0x00,0x00,0x00,0x00,0x00,0x00,0x00,0x00,0x00,0x00,0x00,
  0x00,0x00,0x00,0x00,0x00,0x00,0x00,0x00,0x00,0x00,0x00,0x00,
  0x00,0x00,0x00,0x00,0x00,0x00,0x00,0x00,0x00,0x00,0x00,0x00,
  0x00,0x00,0x00,0x00,0x00,0x00,0x00,0x00,0x00,0x00,0x00,0x00,
  0x00,0x00,0x00,0x00,0x3F,0x3F,0x00,0x08,0x50,0x53,0x06,0x49,
  0x37,0x16,0x00,0x17,0x30,0x6C,0x27,0xE9,0x39,0xA7,0x58,0xFF,
  0x3D,0x9B,0x51,0xFF,0x3B,0xB2,0x59,0xFF,0x2E,0x65,0x28,0xC9,
  0x38,0x07,0x00,0x24,0x3E,0x5F,0x12,0xFF,0x3E,0x90,0x32,0xFF,
  0x36,0xA6,0x59,0xFF,0x34,0xAA,0x5C,0xFF,0x35,0xA8,0x5D,0xFF,
  0x35,0xA8,0x5C,0xFF,0x33,0xA7,0x5B,0xFF,0x34,0xA4,0x58,0xFE,
  0x32,0xB1,0x5D,0xFF,0x34,0x6A,0x24,0xDE,0x37,0x6B,0x23,0xDD,
  0x38,0xA4,0x4A,0xFF,0x3E,0xA1,0x46,0xFF,0x29,0x7B,0x32,0x93,
  0x00,0x00,0x00,0x00,0x55,0xAA,0x55,0x03,0x00,0x00,0x00,0x00,
  0x00,0x00,0x00,0x00,0x00,0x00,0x00,0x00,0x00,0x00,0x00,0x00,
  0x00,0x00,0x00,0x00,0x00,0x00,0x00,0x00,0x00,0x00,0x00,0x00,
  0x00,0x00,0x00,0x00,0x00,0x00,0x00,0x00,0x00,0x00,0x00,0x00,
  0x00,0x00,0x00,0x00,0x00,0x00,0x00,0x00,0x00,0x00,0x00,0x00,
  0x00,0x00,0x00,0x00,0x00,0x00,0x00,0x00,0x00,0x00,0x00,0x00,
  0x00,0x00,0x00,0x00,0x00,0x00,0x00,0x00,0x00,0x00,0x00,0x00,
  0x00,0x00,0x00,0x00,0x00,0x00,0x00,0x00,0x00,0x00,0x00,0x00,
  0x00,0x00,0x00,0x00,0x00,0x7F,0x7F,0x02,0x00,0x00,0x00,0x00,
  0x3B,0x50,0x12,0xB4,0x39,0x7D,0x30,0xF8,0x35,0x90,0x42,0xF5,
  0x37,0x91,0x3E,0xF7,0x3A,0x93,0x40,0xF7,0x38,0x87,0x39,0xF3,
  0x2D,0x41,0x14,0x33,0x00,0x00,0x00,0x01,0x00,0x55,0x00,0x03,
  0x00,0x00,0x00,0x00,0x00,0x00,0x00,0x00,0x00,0x00,0x00,0x00,
  0x00,0x00,0x00,0x00,0x00,0x00,0x00,0x00,0x00,0x00,0x00,0x00,
  0x00,0x00,0x00,0x00,0x00,0x00,0x00,0x00,0x00,0x00,0x00,0x00,
  0x00,0x00,0x00,0x00,0x00,0x00,0x00,0x00,0x00,0x00,0x00,0x00,
  0x8D,0x71,0x00,0x09,0x3F,0x5C,0x0A,0xDC,0x3B,0x6E,0x13,0xF9,
  0x39,0x6D,0x16,0xF7,0x38,0x6B,0x17,0xF9,0x38,0x6A,0x19,0xF9,
  0x37,0x69,0x19,0xF4,0x38,0x72,0x15,0xF9,0x29,0x51,0x0E,0x8C,
  0x00,0x00,0x00,0x00,0x55,0xAA,0x00,0x03,0x00,0x00,0x00,0x00,
  0x00,0x00,0x00,0x00,0x00,0x00,0x00,0x00,0x00,0x00,0x00,0x00,
  0x00,0x00,0x00,0x00,0x00,0x00,0x00,0x00,0x00,0x00,0x00,0x00,
  0x00,0x00,0x00,0x00,0x00,0x00,0x00,0x00,0x00,0x00,0x00,0x00,
  0x00,0x00,0x00,0x00,0x00,0x00,0x00,0x00,0x00,0x00,0x00,0x00,
  0x00,0x00,0x00,0x00,0x00,0x00,0x00,0x00,0x00,0x00,0x00,0x00,
  0x00,0x00,0x00,0x00,0x00,0x00,0x00,0x00,0x00,0x00,0x00,0x00,
  0x00,0x00,0x00,0x00,0x00,0x00,0x00,0x00,0x00,0x00,0x00,0x00,
  0x00,0x00,0x00,0x00,0x00,0x00,0x00,0x00,0x00,0x00,0x00,0x00,
  0x00,0x00,0x00,0x00,0x00,0x00,0x00,0x00,0x00,0x00,0x00,0x00,
  0x00,0x00,0x00,0x00,0x00,0x00,0x00,0x00,0x00,0x00,0x00,0x00,
  0x00,0x00,0x00,0x00,0x00,0x00,0x00,0x00,0x00,0x00,0x00,0x00,
  0x00,0x00,0x00,0x00,0x00,0x00,0x00,0x00,0x00,0x00,0x00,0x00,
  0x00,0x00,0x00,0x00,0x00,0x00,0x00,0x00,0x00,0x00,0x00,0x00,
  0x00,0x00,0x00,0x00,0x00,0x00,0x00,0x00,0x00,0x00,0x00,0x00,
  0x00,0x00,0x00,0x00,0x00,0x00,0x00,0x00,0x00,0x00,0x00,0x00,
  0x00,0x00,0x00,0x00,0x00,0x00,0x00,0x00,0x00,0x00,0x00,0x00,
  0x00,0x00,0x00,0x00,0x00,0x00,0x00,0x00,0x00,0x00,0x00,0x00,
  0x00,0x00,0x00,0x00,0x00,0x00,0x00,0x00,0x00,0x00,0x00,0x00,
  0x00,0x00,0x00,0x00,0x00,0x00,0x00,0x00,0x00,0x00,0x00,0x00,
  0x00,0x00,0x00,0x00,0x00,0x00,0x00,0x00,0x00,0x00,0x00,0x00,
  0x00,0x00,0x00,0x00,0x00,0x00,0x00,0x00,0x00,0x00,0x00,0x00,
  0x00,0x00,0x00,0x00,0x00,0x00,0x00,0x00,0x00,0x00,0x00,0x00,
  0x00,0x00,0x00,0x00,0x00,0x00,0x00,0x00,0x00,0x00,0x00,0x00,
  0x00,0x00,0x00,0x00,0x00,0x00,0x00,0x00,0x00,0x00,0x00,0x00,
  0x00,0x00,0x00,0x00,0x00,0x00,0x00,0x00,0x00,0x00,0x00,0x00,
  0x00,0x00,0x00,0x00,0x00,0x00,0x00,0x00,0x00,0x00,0x00,0x00,
  0x00,0x00,0x00,0x00,0x00,0x00,0x00,0x00,0x00,0x00,0x00,0x00,
  0x00,0x00,0x00,0x00,0x00,0x00,0x00,0x00,0x00,0x00,0x00,0x00,
  0x00,0x00,0x00,0x00,0x00,0x00,0x00,0x00,0x00,0x00,0x00,0x00,
  0x00,0x00,0x00,0x00,0x00,0x00,0x00,0x00,0x00,0x00,0x00,0x00,
  0x00,0x00,0x00,0x00,0x00,0x00,0x00,0x00,0x00,0x00,0x00,0x00,
  0x00,0x00,0x00,0x00,0x00,0x00,0x00,0x00,0x00,0x00,0x00,0x00,
  0x00,0x00,0x00,0x00,0x00,0x00,0x00,0x01,0x00,0x00,0x00,0x00,
  0x00,0x00,0x00,0x00,0x3F,0x3F,0x00,0x04,0x00,0x00,0x00,0x00,
  0x2F,0x3F,0x0C,0x65,0x2F,0x89,0x30,0xF9,0x32,0x85,0x29,0xF6,
  0x36,0x81,0x27,0xFA,0x36,0x85,0x2A,0xF8,0x37,0x82,0x26,0xFD,
  0x35,0x88,0x28,0xFF,0x38,0x8E,0x34,0xFF,0x3A,0x8E,0x39,0xFF,
  0x38,0x8E,0x3D,0xFF,0x3A,0xA1,0x51,0xFF,0x38,0x9D,0x51,0xFF,
  0x37,0x97,0x4E,0xFF,0x34,0x8F,0x4C,0xFF,0x33,0x8F,0x4B,0xF7,
  0x32,0x94,0x4D,0xF8,0x2D,0x89,0x45,0xCA,0x00,0x00,0x00,0x02,
  0x00,0x7F,0x7F,0x02,0x00,0x00,0x00,0x01,0x00,0x00,0x00,0x00,
  0x00,0x00,0x00,0x00,0x00,0x00,0x00,0x00,0x00,0x00,0x00,0x00,
  0x00,0x00,0x00,0x00,0x00,0x00,0x00,0x00,0x00,0x00,0x00,0x00,
  0x00,0x00,0x00,0x00,0x00,0x00,0x00,0x00,0x00,0x00,0x00,0x00,
  0x00,0x00,0x00,0x00,0x00,0x00,0x00,0x00,0x00,0x00,0x00,0x00,
  0x00,0x00,0x00,0x00,0x00,0x00,0x00,0x00,0x00,0x00,0x00,0x00,
  0x00,0x00,0x00,0x00,0x00,0x00,0x00,0x00,0x00,0x00,0x00,0x00,
  0x00,0x00,0x00,0x00,0x00,0x00,0x00,0x00,0x00,0x00,0x00,0x00,
  0x00,0x00,0x00,0x00,0x00,0x00,0x00,0x00,0x00,0x00,0x00,0x00,
  0x00,0x00,0x00,0x00,0x00,0x00,0x00,0x00,0x00,0x00,0x00,0x00,
  0x00,0x00,0x00,0x00,0x00,0x00,0x00,0x00,0x00,0x00,0x00,0x00,
  0x00,0x00,0x00,0x00,0x00,0x00,0x00,0x00,0x00,0x00,0x00,0x00,
  0x00,0x00,0x00,0x00,0x3F,0x3F,0x00,0x08,0x4C,0x4C,0x05,0x57,
  0x47,0x1E,0x00,0x19,0x31,0x6C,0x26,0xD9,0x38,0xA0,0x52,0xF9,
  0x3B,0x96,0x4E,0xF5,0x39,0xAC,0x53,0xF9,0x2F,0x68,0x2A,0xC0,
  0x3A,0x0F,0x00,0x30,0x3A,0x5A,0x0D,0xFB,0x3B,0x8A,0x2A,0xFB,
  0x38,0xA6,0x59,0xFF,0x34,0xAC,0x5D,0xFF,0x36,0xAA,0x5E,0xFF,
  0x35,0xA8,0x5E,0xFF,0x33,0xA6,0x5D,0xFF,0x33,0xA3,0x5A,0xFE,
  0x31,0xAF,0x5F,0xFF,0x35,0x69,0x26,0xE8,0x37,0x6C,0x26,0xDC,
  0x33,0x9E,0x4A,0xF8,0x39,0x9A,0x42,0xF8,0x28,0x7B,0x31,0x8A,
  0x00,0x00,0x00,0x00,0x55,0xAA,0x55,0x03,0x00,0x00,0x00,0x00,
  0x00,0x00,0x00,0x00,0x00,0x00,0x00,0x00,0x00,0x00,0x00,0x00,
  0x00,0x00,0x00,0x00,0x00,0x00,0x00,0x00,0x00,0x00,0x00,0x00,
  0x00,0x00,0x00,0x00,0x00,0x00,0x00,0x00,0x00,0x00,0x00,0x00,
  0x00,0x00,0x00,0x00,0x00,0x00,0x00,0x00,0x00,0x00,0x00,0x00,
  0x00,0x00,0x00,0x00,0x00,0x00,0x00,0x00,0x00,0x00,0x00,0x00,
  0x00,0x00,0x00,0x00,0x00,0x00,0x00,0x00,0x00,0x00,0x00,0x00,
  0x00,0x00,0x00,0x00,0x00,0x00,0x00,0x00,0x00,0x00,0x00,0x00,
  0x00,0x00,0x00,0x00,0x00,0x7F,0x00,0x02,0x00,0x00,0x00,0x00,
  0x3C,0x4F,0x10,0xBB,0x3C,0x77,0x2C,0xFF,0x36,0x88,0x40,0xFC,
  0x38,0x89,0x3D,0xFE,0x3B,0x8B,0x3D,0xFF,0x3A,0x7E,0x3A,0xF5,
  0x2A,0x42,0x18,0x2A,0x00,0x00,0x55,0x03,0x00,0x55,0x00,0x03,
  0x00,0x00,0x00,0x00,0x00,0x00,0x00,0x00,0x00,0x00,0x00,0x00,
  0x00,0x00,0x00,0x00,0x00,0x00,0x00,0x00,0x00,0x00,0x00,0x00,
  0x00,0x00,0x00,0x00,0x00,0x00,0x00,0x00,0x00,0x00,0x00,0x00,
  0x00,0x00,0x00,0x00,0x00,0x00,0x00,0x01,0x00,0x00,0x00,0x00,
  0x77,0x55,0x00,0x0F,0x40,0x5A,0x0A,0xE5,0x3D,0x6C,0x14,0xFF,
  0x3A,0x69,0x18,0xFD,0x39,0x67,0x18,0xFF,0x39,0x65,0x19,0xFF,
  0x38,0x64,0x18,0xFB,0x3A,0x6E,0x16,0xFF,0x2B,0x4D,0x0E,0x8D,
  0x00,0x00,0x00,0x00,0x55,0x55,0x00,0x03,0x00,0x00,0x00,0x00,
  0x00,0x00,0x00,0x00,0x00,0x00,0x00,0x00,0x00,0x00,0x00,0x00,
  0x00,0x00,0x00,0x00,0x00,0x00,0x00,0x00,0x00,0x00,0x00,0x00,
  0x00,0x00,0x00,0x00,0x00,0x00,0x00,0x00,0x00,0x00,0x00,0x00,
  0x00,0x00,0x00,0x00,0x00,0x00,0x00,0x00,0x00,0x00,0x00,0x00,
  0x00,0x00,0x00,0x00,0x00,0x00,0x00,0x00,0x00,0x00,0x00,0x00,
  0x00,0x00,0x00,0x00,0x00,0x00,0x00,0x00,0x00,0x00,0x00,0x00,
  0x00,0x00,0x00,0x00,0x00,0x00,0x00,0x00,0x00,0x00,0x00,0x00,
  0x00,0x00,0x00,0x00,0x00,0x00,0x00,0x00,0x00,0x00,0x00,0x00,
  0x00,0x00,0x00,0x00,0x00,0x00,0x00,0x00,0x00,0x00,0x00,0x00,
  0x00,0x00,0x00,0x00,0x00,0x00,0x00,0x00,0x00,0x00,0x00,0x00,
  0x00,0x00,0x00,0x00,0x00,0x00,0x00,0x00,0x00,0x00,0x00,0x00,
  0x00,0x00,0x00,0x00,0x00,0x00,0x00,0x00,0x00,0x00,0x00,0x00,
  0x00,0x00,0x00,0x00,0x00,0x00,0x00,0x00,0x00,0x00,0x00,0x00,
  0x00,0x00,0x00,0x00,0x00,0x00,0x00,0x00,0x00,0x00,0x00,0x00,
  0x00,0x00,0x00,0x00,0x00,0x00,0x00,0x00,0x00,0x00,0x00,0x00,
  0x00,0x00,0x00,0x00,0x00,0x00,0x00,0x00,0x00,0x00,0x00,0x00,
  0x00,0x00,0x00,0x00,0x00,0x00,0x00,0x00,0x00,0x00,0x00,0x00,
  0x00,0x00,0x00,0x00,0x00,0x00,0x00,0x00,0x00,0x00,0x00,0x00,
  0x00,0x00,0x00,0x00,0x00,0x00,0x00,0x00,0x00,0x00,0x00,0x00,
  0x00,0x00,0x00,0x00,0x00,0x00,0x00,0x00,0x00,0x00,0x00,0x00,
  0x00,0x00,0x00,0x00,0x00,0x00,0x00,0x00,0x00,0x00,0x00,0x00,
  0x00,0x00,0x00,0x00,0x00,0x00,0x00,0x00,0x00,0x00,0x00,0x00,
  0x00,0x00,0x00,0x00,0x00,0x00,0x00,0x00,0x00,0x00,0x00,0x00,
  0x00,0x00,0x00,0x00,0x00,0x00,0x00,0x00,0x00,0x00,0x00,0x00,
  0x00,0x00,0x00,0x00,0x00,0x00,0x00,0x00,0x00,0x00,0x00,0x00,
  0x00,0x00,0x00,0x00,0x00,0x00,0x00,0x00,0x00,0x00,0x00,0x00,
  0x00,0x00,0x00,0x00,0x00,0x00,0x00,0x00,0x00,0x00,0x00,0x00,
  0x00,0x00,0x00,0x00,0x00,0x00,0x00,0x00,0x00,0x00,0x00,0x00,
  0x00,0x00,0x00,0x00,0x00,0x00,0x00,0x00,0x00,0x00,0x00,0x00,
  0x00,0x00,0x00,0x00,0x00,0x00,0x00,0x00,0x00,0x00,0x00,0x00,
  0x00,0x00,0x00,0x00,0x00,0x00,0x00,0x00,0x00,0x00,0x00,0x00,
  0x00,0x00,0x00,0x00,0x00,0x00,0x00,0x00,0x00,0x00,0x00,0x00,
  0x00,0x00,0x00,0x00,0x00,0x00,0x00,0x00,0x00,0x00,0x00,0x00,
  0x00,0x00,0x00,0x00,0x3F,0x3F,0x00,0x04,0x00,0x00,0x00,0x00,
  0x33,0x3F,0x0C,0x68,0x33,0x85,0x2F,0xFF,0x35,0x81,0x2B,0xFA,
  0x37,0x7D,0x2A,0xFF,0x38,0x7F,0x2A,0xFF,0x37,0x7D,0x26,0xFF,
  0x34,0x82,0x24,0xFF,0x34,0x83,0x27,0xFF,0x37,0x7E,0x27,0xFF,
  0x37,0x81,0x30,0xFF,0x3B,0x9F,0x50,0xFF,0x38,0x9C,0x50,0xFF,
  0x37,0x96,0x4E,0xFF,0x35,0x8F,0x4B,0xFF,0x34,0x8B,0x49,0xFC,
  0x36,0x92,0x4D,0xFF,0x34,0x83,0x45,0xCB,0x00,0x00,0x00,0x00,
  0x00,0x7F,0x7F,0x02,0x00,0x00,0x00,0x00,0x00,0x00,0x00,0x00,
  0x00,0x00,0x00,0x00,0x00,0x00,0x00,0x00,0x00,0x00,0x00,0x00,
  0x00,0x00,0x00,0x00,0x00,0x00,0x00,0x00,0x00,0x00,0x00,0x00,
  0x00,0x00,0x00,0x00,0x00,0x00,0x00,0x00,0x00,0x00,0x00,0x00,
  0x00,0x00,0x00,0x00,0x00,0x00,0x00,0x00,0x00,0x00,0x00,0x00,
  0x00,0x00,0x00,0x00,0x00,0x00,0x00,0x00,0x00,0x00,0x00,0x00,
  0x00,0x00,0x00,0x00,0x00,0x00,0x00,0x00,0x00,0x00,0x00,0x00,
  0x00,0x00,0x00,0x00,0x00,0x00,0x00,0x00,0x00,0x00,0x00,0x00,
  0x00,0x00,0x00,0x00,0x00,0x00,0x00,0x00,0x00,0x00,0x00,0x00,
  0x00,0x00,0x00,0x00,0x00,0x00,0x00,0x00,0x00,0x00,0x00,0x00,
  0x00,0x00,0x00,0x00,0x00,0x00,0x00,0x00,0x00,0x00,0x00,0x00,
  0x00,0x00,0x00,0x00,0x00,0x00,0x00,0x00,0x00,0x00,0x00,0x00,
  0x00,0x00,0x00,0x00,0x55,0x2A,0x00,0x06,0x4A,0x4D,0x09,0x4F,
  0x5C,0x2E,0x00,0x16,0x35,0x6A,0x25,0xDC,0x3A,0x9C,0x50,0xFF,
  0x39,0x93,0x4D,0xFB,0x3A,0xA6,0x52,0xFF,0x34,0x6B,0x2C,0xC4,
  0x33,0x16,0x00,0x2D,0x38,0x55,0x0B,0xFB,0x3D,0x80,0x26,0xFF,
  0x39,0xA6,0x5A,0xFE,0x35,0xAC,0x5D,0xFF,0x36,0xAA,0x5E,0xFF,
  0x35,0xA8,0x5F,0xFF,0x32,0xA6,0x5E,0xFF,0x31,0xA1,0x5A,0xFE,
  0x30,0xAC,0x60,0xFF,0x35,0x69,0x26,0xEF,0x38,0x60,0x20,0xEA,
  0x35,0x90,0x47,0xFF,0x39,0x90,0x41,0xFF,0x2C,0x72,0x2C,0x8E,
  0x00,0x00,0x00,0x00,0x55,0xAA,0x55,0x03,0x00,0x00,0x00,0x00,
  0x00,0x00,0x00,0x00,0x00,0x00,0x00,0x00,0x00,0x00,0x00,0x00,
  0x00,0x00,0x00,0x00,0x00,0x00,0x00,0x00,0x00,0x00,0x00,0x00,
  0x00,0x00,0x00,0x00,0x00,0x00,0x00,0x00,0x00,0x00,0x00,0x00,
  0x00,0x00,0x00,0x00,0x00,0x00,0x00,0x00,0x00,0x00,0x00,0x00,
  0x00,0x00,0x00,0x00,0x00,0x00,0x00,0x00,0x00,0x00,0x00,0x00,
  0x00,0x00,0x00,0x00,0x00,0x00,0x00,0x00,0x00,0x00,0x00,0x00,
  0x55,0x55,0x00,0x03,0x55,0x55,0x2A,0x06,0x48,0x48,0x24,0x07,
  0x48,0x6D,0x24,0x07,0x1C,0x71,0x1C,0x09,0x00,0x55,0x00,0x03,
  0x3B,0x4D,0x0F,0xC5,0x3C,0x75,0x2B,0xFF,0x37,0x87,0x40,0xFD,
  0x38,0x87,0x3D,0xFE,0x3B,0x89,0x3D,0xFF,0x3B,0x80,0x3C,0xED,
  0x2E,0x43,0x21,0x26,0x1C,0x71,0x38,0x09,0x2A,0x7F,0x55,0x06,
  0x00,0x00,0x00,0x01,0x00,0x00,0x00,0x00,0x00,0x00,0x00,0x00,
  0x00,0x00,0x00,0x00,0x00,0x00,0x00,0x00,0x00,0x00,0x00,0x00,
  0x00,0x00,0x00,0x00,0x00,0x00,0x00,0x00,0x00,0x00,0x00,0x00,
  0x33,0x33,0x00,0x05,0x7F,0x55,0x15,0x0C,0xA5,0x69,0x2D,0x11,
  0x5A,0x4A,0x08,0x1F,0x3E,0x59,0x09,0xE9,0x3E,0x6B,0x14,0xFF,
  0x3A,0x68,0x18,0xFE,0x38,0x66,0x18,0xFF,0x38,0x64,0x18,0xFF,
  0x38,0x63,0x17,0xFB,0x39,0x6D,0x17,0xFF,0x2A,0x4B,0x0E,0x91,
  0x55,0x55,0x00,0x03,0x33,0x66,0x00,0x05,0x00,0x00,0x00,0x00,
  0x00,0x00,0x00,0x00,0x00,0x00,0x00,0x00,0x00,0x00,0x00,0x00,
  0x00,0x00,0x00,0x00,0x00,0x00,0x00,0x00,0x00,0x00,0x00,0x00,
  0x00,0x00,0x00,0x00,0x00,0x00,0x00,0x00,0x00,0x00,0x00,0x00,
  0x00,0x00,0x00,0x00,0x00,0x00,0x00,0x00,0x00,0x00,0x00,0x00,
  0x00,0x00,0x00,0x00,0x00,0x00,0x00,0x00,0x00,0x00,0x00,0x00,
  0x00,0x00,0x00,0x00,0x00,0x00,0x00,0x00,0x00,0x00,0x00,0x00,
  0x00,0x00,0x00,0x00,0x00,0x00,0x00,0x00,0x00,0x00,0x00,0x00,
  0x00,0x00,0x00,0x00,0x00,0x00,0x00,0x00,0x00,0x00,0x00,0x00,
  0x00,0x00,0x00,0x00,0x00,0x00,0x00,0x00,0x00,0x00,0x00,0x00,
  0x00,0x00,0x00,0x00,0x00,0x00,0x00,0x00,0x00,0x00,0x00,0x00,
  0x00,0x00,0x00,0x00,0x00,0x00,0x00,0x00,0x00,0x00,0x00,0x00,
  0x00,0x00,0x00,0x00,0x00,0x00,0x00,0x00,0x00,0x00,0x00,0x00,
  0x00,0x00,0x00,0x00,0x00,0x00,0x00,0x00,0x00,0x00,0x00,0x00,
  0x00,0x00,0x00,0x00,0x00,0x00,0x00,0x00,0x00,0x00,0x00,0x00,
  0x00,0x00,0x00,0x00,0x00,0x00,0x00,0x00,0x00,0x00,0x00,0x00,
  0x00,0x00,0x00,0x00,0x00,0x00,0x00,0x00,0x00,0x00,0x00,0x00,
  0x00,0x00,0x00,0x00,0x00,0x00,0x00,0x00,0x00,0x00,0x00,0x00,
  0x00,0x00,0x00,0x00,0x00,0x00,0x00,0x00,0x00,0x00,0x00,0x00,
  0x00,0x00,0x00,0x00,0x00,0x00,0x00,0x00,0x00,0x00,0x00,0x00,
  0x00,0x00,0x00,0x00,0x00,0x00,0x00,0x00,0x00,0x00,0x00,0x00,
  0x00,0x00,0x00,0x00,0x00,0x00,0x00,0x00,0x00,0x00,0x00,0x00,
  0x00,0x00,0x00,0x00,0x00,0x00,0x00,0x00,0x00,0x00,0x00,0x00,
  0x00,0x00,0x00,0x00,0x00,0x00,0x00,0x00,0x00,0x00,0x00,0x00,
  0x00,0x00,0x00,0x00,0x00,0x00,0x00,0x00,0x00,0x00,0x00,0x00,
  0x00,0x00,0x00,0x00,0x00,0x00,0x00,0x00,0x00,0x00,0x00,0x00,
  0x00,0x00,0x00,0x00,0x00,0x00,0x00,0x00,0x00,0x00,0x00,0x00,
  0x00,0x00,0x00,0x00,0x00,0x00,0x00,0x00,0x00,0x00,0x00,0x00,
  0x00,0x00,0x00,0x00,0x00,0x00,0x00,0x00,0x00,0x00,0x00,0x00,
  0x00,0x00,0x00,0x00,0x00,0x00,0x00,0x00,0x00,0x00,0x00,0x00,
  0x00,0x00,0x00,0x00,0x00,0x00,0x00,0x00,0x00,0x00,0x00,0x00,
  0x00,0x00,0x00,0x00,0x00,0x00,0x00,0x00,0x00,0x00,0x00,0x00,
  0x00,0x00,0x00,0x00,0x00,0x00,0x00,0x00,0x00,0x00,0x00,0x00,
  0x55,0x55,0x00,0x03,0x02,0x01,0x01,0x00,0x55,0x55,0x2A,0x06,
  0x48,0x48,0x24,0x07,0x4C,0x4C,0x00,0x0A,0x48,0x48,0x00,0x07,
  0x33,0x44,0x0C,0x69,0x36,0x84,0x2E,0xFF,0x36,0x7F,0x2B,0xFA,
  0x36,0x7C,0x29,0xFF,0x38,0x7E,0x2B,0xFF,0x2F,0x75,0x21,0xFF,
  0x1F,0x68,0x0D,0xFF,0x1E,0x61,0x07,0xFF,0x2B,0x63,0x0E,0xFF,
  0x39,0x7D,0x2B,0xFF,0x3A,0xA0,0x50,0xFF,0x38,0x9D,0x50,0xFF,
  0x36,0x96,0x4D,0xFF,0x34,0x8F,0x4A,0xFF,0x34,0x8A,0x48,0xFC,
  0x37,0x93,0x4D,0xFF,0x35,0x88,0x44,0xC8,0x00,0x00,0x02,0x00,
  0x00,0xFF,0xFF,0x01,0x55,0xAA,0xAA,0x03,0x48,0x6D,0x48,0x07,
  0x3F,0x3F,0x00,0x04,0x00,0x00,0x00,0x00,0x00,0x00,0x00,0x00,
  0x00,0x00,0x00,0x00,0x00,0x00,0x00,0x00,0x00,0x00,0x00,0x00,
  0x00,0x00,0x00,0x00,0x00,0x00,0x00,0x00,0x00,0x00,0x00,0x00,
  0x00,0x00,0x00,0x00,0x00,0x00,0x00,0x00,0x00,0x00,0x00,0x00,
  0x00,0x00,0x00,0x00,0x00,0x00,0x00,0x00,0x00,0x00,0x00,0x00,
  0x00,0x00,0x00,0x00,0x00,0x00,0x00,0x00,0x00,0x00,0x00,0x00,
  0x00,0x00,0x00,0x00,0x00,0x00,0x00,0x00,0x00,0x00,0x00,0x00,
  0x00,0x00,0x00,0x00,0x00,0x00,0x00,0x00,0x00,0x00,0x00,0x00,
  0x00,0x00,0x00,0x00,0x00,0x00,0x00,0x00,0x00,0x00,0x00,0x00,
  0x00,0x00,0x00,0x00,0x00,0x00,0x00,0x00,0x00,0x00,0x00,0x00,
  0x00,0x00,0x00,0x00,0x00,0x00,0x00,0x00,0x3F,0x3F,0x00,0x04,
  0x48,0x48,0x00,0x07,0x4C,0x4C,0x00,0x0A,0x50,0x4D,0x08,0x56,
  0x5C,0x36,0x00,0x21,0x35,0x6A,0x23,0xDC,0x39,0x99,0x4D,0xFF,
  0x37,0x93,0x4B,0xFB,0x3A,0xA4,0x50,0xFF,0x34,0x72,0x2C,0xC8,
  0x00,0x0E,0x0E,0x12,0x38,0x56,0x0A,0xF0,0x3E,0x7E,0x26,0xFF,
  0x38,0xA4,0x5A,0xFE,0x34,0xAA,0x5C,0xFF,0x35,0xAA,0x5E,0xFF,
  0x33,0xA8,0x5F,0xFF,0x32,0xA7,0x5F,0xFF,0x31,0xA1,0x5A,0xFF,
  0x30,0xAB,0x60,0xFF,0x34,0x65,0x22,0xF9,0x36,0x57,0x19,0xF8,
  0x37,0x8E,0x47,0xFD,0x38,0x8F,0x40,0xFF,0x32,0x6E,0x28,0x99,
  0x48,0x48,0x24,0x07,0x38,0x71,0x38,0x09,0x00,0x00,0x00,0x00,
  0x00,0x00,0x00,0x00,0x00,0x00,0x00,0x00,0x00,0x00,0x00,0x00,
  0x00,0x00,0x00,0x00,0x00,0x00,0x00,0x00,0x00,0x00,0x00,0x00,
  0x00,0x00,0x00,0x00,0x00,0x00,0x00,0x00,0x00,0x00,0x00,0x00,
  0x00,0x00,0x00,0x00,0x00,0x00,0x00,0x00,0x00,0x00,0x00,0x00,
  0x00,0x00,0x00,0x00,0x00,0x00,0x00,0x00,0x00,0x00,0x00,0x00,
  0x00,0x00,0x00,0x00,0x00,0x00,0x00,0x00,0x00,0x00,0x00,0x00,
  0x00,0x00,0x00,0x00,0x00,0x00,0x00,0x00,0x00,0x00,0x00,0x00,
  0x00,0x00,0x00,0x00,0x00,0x00,0x00,0x00,0x00,0x00,0x00,0x00,
  0x39,0x4B,0x0E,0xCF,0x39,0x74,0x2A,0xFF,0x36,0x87,0x40,0xFD,
  0x38,0x87,0x3D,0xFE,0x39,0x8A,0x3D,0xFE,0x3D,0x81,0x3C,0xEE,
  0x37,0x21,0x05,0x2E,0x00,0x00,0x00,0x00,0x00,0x00,0x00,0x00,
  0x00,0x00,0x00,0x00,0x00,0x00,0x00,0x00,0x00,0x00,0x00,0x00,
  0x00,0x00,0x00,0x00,0x00,0x00,0x00,0x00,0x00,0x00,0x00,0x00,
  0x00,0x00,0x00,0x00,0x00,0x00,0x00,0x00,0x00,0x00,0x00,0x00,
  0x00,0x00,0x00,0x00,0x03,0x00,0x01,0x00,0xFF,0xFF,0xFF,0x02,
  0x5D,0x50,0x0D,0x13,0x3C,0x5A,0x09,0xE9,0x3D,0x6A,0x14,0xFF,
  0x3A,0x68,0x18,0xFE,0x37,0x66,0x18,0xFF,0x37,0x64,0x18,0xFF,
  0x37,0x63,0x17,0xFB,0x38,0x6E,0x17,0xFF,0x27,0x48,0x0D,0x9B,
  0x00,0x00,0x00,0x00,0x01,0x00,0x00,0x00,0x00,0x00,0x00,0x00,
  0x00,0x00,0x00,0x00,0x00,0x00,0x00,0x00,0x00,0x00,0x00,0x00,
  0x00,0x00,0x00,0x00,0x00,0x00,0x00,0x00,0x00,0x00,0x00,0x00,
  0x00,0x00,0x00,0x00,0x00,0x00,0x00,0x00,0x00,0x00,0x00,0x00,
  0x00,0x00,0x00,0x00,0x00,0x00,0x00,0x00,0x00,0x00,0x00,0x00,
  0x00,0x00,0x00,0x00,0x00,0x00,0x00,0x00,0x00,0x00,0x00,0x00,
  0x00,0x00,0x00,0x00,0x00,0x00,0x00,0x00,0x00,0x00,0x00,0x00,
  0x00,0x00,0x00,0x00,0x00,0x00,0x00,0x00,0x00,0x00,0x00,0x00,
  0x00,0x00,0x00,0x00,0x00,0x00,0x00,0x00,0x00,0x00,0x00,0x00,
  0x00,0x00,0x00,0x00,0x00,0x00,0x00,0x00,0x00,0x00,0x00,0x00,
  0x00,0x00,0x00,0x00,0x00,0x00,0x00,0x00,0x00,0x00,0x00,0x00,
  0x00,0x00,0x00,0x00,0x00,0x00,0x00,0x00,0x00,0x00,0x00,0x00,
  0x00,0x00,0x00,0x00,0x00,0x00,0x00,0x00,0x00,0x00,0x00,0x00,
  0x00,0x00,0x00,0x00,0x00,0x00,0x00,0x00,0x00,0x00,0x00,0x00,
  0x00,0x00,0x00,0x00,0x00,0x00,0x00,0x00,0x00,0x00,0x00,0x00,
  0x00,0x00,0x00,0x00,0x00,0x00,0x00,0x00,0x00,0x00,0x00,0x00,
  0x00,0x00,0x00,0x00,0x00,0x00,0x00,0x00,0x00,0x00,0x00,0x00,
  0x00,0x00,0x00,0x00,0x00,0x00,0x00,0x00,0x00,0x00,0x00,0x00,
  0x00,0x00,0x00,0x00,0x00,0x00,0x00,0x00,0x00,0x00,0x00,0x00,
  0x00,0x00,0x00,0x00,0x00,0x00,0x00,0x00,0x00,0x00,0x00,0x00,
  0x00,0x00,0x00,0x00,0x00,0x00,0x00,0x00,0x00,0x00,0x00,0x00,
  0x00,0x00,0x00,0x00,0x00,0x00,0x00,0x00,0x00,0x00,0x00,0x00,
  0x00,0x00,0x00,0x00,0x00,0x00,0x00,0x00,0x00,0x00,0x00,0x00,
  0x00,0x00,0x00,0x00,0x00,0x00,0x00,0x00,0x00,0x00,0x00,0x00,
  0x00,0x00,0x00,0x00,0x00,0x00,0x00,0x00,0x00,0x00,0x00,0x00,
  0x00,0x00,0x00,0x00,0x00,0x00,0x00,0x00,0x00,0x00,0x00,0x00,
  0x00,0x00,0x00,0x00,0x00,0x00,0x00,0x00,0x00,0x00,0x00,0x00,
  0x00,0x00,0x00,0x00,0x00,0x00,0x00,0x00,0x00,0x00,0x00,0x00,
  0x00,0x00,0x00,0x00,0x00,0x00,0x00,0x00,0x00,0x00,0x00,0x00,
  0x00,0x00,0x00,0x00,0x00,0x00,0x00,0x00,0x00,0x00,0x00,0x00,
  0x00,0x00,0x00,0x00,0x00,0x00,0x00,0x00,0x00,0x00,0x00,0x00,
  0x00,0x00,0x00,0x00,0x00,0x00,0x00,0x00,0x00,0x00,0x00,0x00,
  0x00,0x00,0x00,0x00,0x00,0x00,0x00,0x00,0x00,0x00,0x00,0x00,
  0x00,0x00,0x00,0x00,0x00,0x00,0x00,0x00,0x00,0x00,0x00,0x00,
  0x00,0x00,0x00,0x00,0x00,0x00,0x00,0x00,0x00,0x00,0x00,0x00,
  0x2F,0x41,0x0C,0x66,0x36,0x85,0x2E,0xFF,0x35,0x7F,0x29,0xFA,
  0x35,0x7C,0x28,0xFF,0x36,0x7D,0x29,0xFF,0x33,0x74,0x28,0xFF,
  0x2B,0x68,0x1E,0xFF,0x33,0x60,0x1D,0xFF,0x39,0x60,0x1A,0xFF,
  0x37,0x7B,0x28,0xFF,0x37,0xA0,0x50,0xFF,0x37,0x9E,0x50,0xFF,
  0x35,0x96,0x4C,0xFF,0x33,0x8F,0x4A,0xFF,0x33,0x8B,0x48,0xFD,
  0x35,0x95,0x4D,0xFF,0x32,0x84,0x3C,0xD8,0x38,0x00,0x00,0x09,
  0x00,0x00,0x00,0x00,0x00,0x00,0x00,0x00,0x00,0x00,0x00,0x00,
  0x00,0x00,0x00,0x00,0x00,0x00,0x00,0x00,0x00,0x00,0x00,0x00,
  0x00,0x00,0x00,0x00,0x00,0x00,0x00,0x00,0x00,0x00,0x00,0x00,
  0x00,0x00,0x00,0x00,0x00,0x00,0x00,0x00,0x00,0x00,0x00,0x00,
  0x00,0x00,0x00,0x00,0x00,0x00,0x00,0x00,0x00,0x00,0x00,0x00,
  0x00,0x00,0x00,0x00,0x00,0x00,0x00,0x00,0x00,0x00,0x00,0x00,
  0x00,0x00,0x00,0x00,0x00,0x00,0x00,0x00,0x00,0x00,0x00,0x00,
  0x00,0x00,0x00,0x00,0x00,0x00,0x00,0x00,0x00,0x00,0x00,0x00,
  0x00,0x00,0x00,0x00,0x00,0x00,0x00,0x00,0x00,0x00,0x00,0x00,
  0x00,0x00,0x00,0x00,0x00,0x00,0x00,0x00,0x00,0x00,0x00,0x00,
  0x00,0x00,0x00,0x00,0x00,0x00,0x00,0x00,0x00,0x00,0x00,0x00,
  0x00,0x00,0x00,0x00,0x00,0x00,0x00,0x00,0x00,0x00,0x00,0x00,
  0x00,0x00,0x00,0x00,0x00,0x00,0x00,0x00,0x56,0x56,0x0C,0x3B,
  0x71,0x1C,0x00,0x12,0x32,0x6F,0x26,0xDA,0x37,0x9F,0x53,0xFF,
  0x36,0x94,0x4A,0xFB,0x37,0xA2,0x4F,0xFF,0x33,0x76,0x2C,0xDA,
  0x1B,0x1B,0x00,0x40,0x37,0x56,0x0A,0xEE,0x3C,0x7D,0x27,0xFF,
  0x36,0xA7,0x5F,0xFE,0x32,0xAE,0x63,0xFF,0x32,0xAE,0x66,0xFF,
  0x32,0xAC,0x63,0xFF,0x32,0xA8,0x5F,0xFF,0x32,0xA1,0x5B,0xFF,
  0x30,0xA9,0x60,0xFF,0x33,0x6A,0x28,0xFF,0x35,0x5E,0x1C,0xFF,
  0x37,0x90,0x49,0xFB,0x37,0x91,0x41,0xFF,0x2F,0x6C,0x27,0x96,
  0x00,0x00,0x00,0x00,0x00,0x00,0x00,0x00,0x00,0x00,0x00,0x00,
  0x00,0x00,0x00,0x00,0x00,0x00,0x00,0x00,0x00,0x00,0x00,0x00,
  0x00,0x00,0x00,0x00,0x00,0x00,0x00,0x00,0x00,0x00,0x00,0x00,
  0x00,0x00,0x00,0x00,0x00,0x00,0x00,0x00,0x00,0x00,0x00,0x00,
  0x00,0x00,0x00,0x00,0x00,0x00,0x00,0x00,0x00,0x00,0x00,0x00,
  0x00,0x00,0x00,0x00,0x00,0x00,0x00,0x00,0x00,0x00,0x00,0x00,
  0x00,0x00,0x00,0x00,0x00,0x00,0x00,0x00,0x00,0x00,0x00,0x00,
  0x00,0x00,0x00,0x00,0x00,0x00,0x00,0x00,0x00,0x00,0x00,0x00,
  0x00,0x00,0x00,0x00,0x00,0x00,0x00,0x00,0x00,0x00,0x00,0x00,
  0x38,0x49,0x0E,0xD3,0x38,0x6F,0x25,0xFF,0x34,0x84,0x3E,0xFD,
  0x37,0x87,0x3C,0xFF,0x37,0x89,0x3D,0xFB,0x3E,0x7D,0x39,0xFB,
  0x37,0x22,0x00,0x52,0x00,0x00,0x00,0x00,0x00,0x00,0x00,0x00,
  0x00,0x00,0x00,0x00,0x00,0x00,0x00,0x00,0x00,0x00,0x00,0x00,
  0x00,0x00,0x00,0x00,0x00,0x00,0x00,0x00,0x00,0x00,0x00,0x00,
  0x00,0x00,0x00,0x00,0x00,0x00,0x00,0x00,0x00,0x00,0x00,0x01,
  0x00,0x00,0x00,0x00,0x00,0x00,0x00,0x00,0x00,0x00,0x01,0x00,
  0x00,0x01,0x00,0x00,0x3A,0x59,0x08,0xE6,0x3A,0x67,0x13,0xFF,
  0x39,0x67,0x17,0xFD,0x35,0x64,0x16,0xFF,0x36,0x63,0x18,0xFF,
  0x36,0x62,0x17,0xFB,0x36,0x6B,0x17,0xFF,0x23,0x43,0x0B,0xAD,
  0x00,0x00,0x00,0x00,0x01,0x00,0x00,0x00,0x33,0x00,0x00,0x05,
  0x00,0x00,0x00,0x01,0x00,0x00,0x00,0x00,0x00,0x00,0x00,0x00,
  0x00,0x00,0x00,0x00,0x00,0x00,0x00,0x00,0x00,0x00,0x00,0x00,
  0x00,0x00,0x00,0x00,0x00,0x00,0x00,0x00,0x00,0x00,0x00,0x00,
  0x00,0x00,0x00,0x00,0x00,0x00,0x00,0x00,0x00,0x00,0x00,0x00,
  0x00,0x00,0x00,0x00,0x00,0x00,0x00,0x00,0x00,0x00,0x00,0x00,
  0x00,0x00,0x00,0x00,0x00,0x00,0x00,0x00,0x00,0x00,0x00,0x00,
  0x00,0x00,0x00,0x00,0x00,0x00,0x00,0x00,0x00,0x00,0x00,0x00,
  0x00,0x00,0x00,0x00,0x00,0x00,0x00,0x00,0x00,0x00,0x00,0x00,
  0x00,0x00,0x00,0x00,0x00,0x00,0x00,0x00,0x00,0x00,0x00,0x00,
  0x00,0x00,0x00,0x00,0x00,0x00,0x00,0x00,0x00,0x00,0x00,0x00,
  0x00,0x00,0x00,0x00,0x00,0x00,0x00,0x00,0x00,0x00,0x00,0x00,
  0x00,0x00,0x00,0x00,0x00,0x00,0x00,0x00,0x00,0x00,0x00,0x00,
  0x00,0x00,0x00,0x00,0x00,0x00,0x00,0x00,0x00,0x00,0x00,0x00,
  0x00,0x00,0x00,0x00,0x00,0x00,0x00,0x00,0x00,0x00,0x00,0x00,
  0x00,0x00,0x00,0x00,0x00,0x00,0x00,0x00,0x00,0x00,0x00,0x00,
  0x00,0x00,0x00,0x00,0x00,0x00,0x00,0x00,0x00,0x00,0x00,0x00,
  0x00,0x00,0x00,0x00,0x00,0x00,0x00,0x00,0x00,0x00,0x00,0x00,
  0x00,0x00,0x00,0x00,0x00,0x00,0x00,0x00,0x00,0x00,0x00,0x00,
  0x00,0x00,0x00,0x00,0x00,0x00,0x00,0x00,0x00,0x00,0x00,0x00,
  0x00,0x00,0x00,0x00,0x00,0x00,0x00,0x00,0x00,0x00,0x00,0x00,
  0x00,0x00,0x00,0x00,0x00,0x00,0x00,0x00,0x00,0x00,0x00,0x00,
  0x00,0x00,0x00,0x00,0x00,0x00,0x00,0x00,0x00,0x00,0x00,0x00,
  0x00,0x00,0x00,0x00,0x00,0x00,0x00,0x00,0x00,0x00,0x00,0x00,
  0x00,0x00,0x00,0x00,0x00,0x00,0x00,0x00,0x00,0x00,0x00,0x00,
  0x00,0x00,0x00,0x00,0x00,0x00,0x00,0x00,0x00,0x00,0x00,0x00,
  0x00,0x00,0x00,0x00,0x00,0x00,0x00,0x00,0x00,0x00,0x00,0x00,
  0x00,0x00,0x00,0x00,0x00,0x00,0x00,0x00,0x00,0x00,0x00,0x00,
  0x00,0x00,0x00,0x00,0x00,0x00,0x00,0x00,0x00,0x00,0x00,0x00,
  0x00,0x00,0x00,0x00,0x00,0x00,0x00,0x00,0x00,0x00,0x00,0x00,
  0x00,0x00,0x00,0x00,0x00,0x00,0x00,0x00,0x00,0x00,0x00,0x00,
  0x00,0x00,0x00,0x00,0x00,0x00,0x00,0x00,0x00,0x00,0x00,0x00,
  0x00,0x00,0x00,0x00,0x00,0x00,0x00,0x00,0x00,0x00,0x00,0x00,
  0x00,0x00,0x00,0x00,0x00,0x2D,0x00,0x11,0x00,0x00,0x00,0x00,
  0x00,0x00,0x00,0x00,0x00,0x00,0x00,0x00,0x00,0x00,0x00,0x00,
  0x27,0x39,0x0B,0x6E,0x35,0x84,0x2F,0xFF,0x33,0x7F,0x27,0xFA,
  0x35,0x7B,0x28,0xFF,0x31,0x75,0x23,0xFF,0x4B,0x80,0x42,0xFF,
  0x72,0x97,0x71,0xFF,0x89,0x9B,0x7D,0xFF,0x71,0x86,0x5B,0xFF,
  0x31,0x74,0x20,0xFF,0x35,0x9C,0x4D,0xFF,0x35,0x9D,0x4F,0xFF,
  0x34,0x94,0x4B,0xFF,0x33,0x90,0x49,0xFF,0x33,0x8C,0x49,0xFF,
  0x34,0x95,0x4D,0xFF,0x31,0x78,0x32,0xF6,0x33,0x1F,0x00,0x4A,
  0x58,0x37,0x00,0x17,0x00,0x00,0x00,0x00,0x00,0x00,0x00,0x00,
  0x00,0x00,0x00,0x00,0x00,0x00,0x00,0x00,0x00,0x00,0x00,0x00,
  0x00,0x00,0x00,0x00,0x00,0x00,0x00,0x00,0x00,0x00,0x00,0x00,
  0x00,0x00,0x00,0x00,0x00,0x00,0x00,0x00,0x00,0x00,0x00,0x00,
  0x00,0x00,0x00,0x00,0x00,0x00,0x00,0x00,0x00,0x00,0x00,0x00,
  0x00,0x00,0x00,0x00,0x00,0x00,0x00,0x00,0x00,0x00,0x00,0x00,
  0x00,0x00,0x00,0x00,0x00,0x00,0x00,0x00,0x00,0x00,0x00,0x00,
  0x00,0x00,0x00,0x00,0x00,0x00,0x00,0x00,0x00,0x00,0x00,0x00,
  0x00,0x00,0x00,0x00,0x00,0x00,0x00,0x00,0x00,0x00,0x00,0x00,
  0x00,0x00,0x00,0x00,0x00,0x00,0x00,0x00,0x00,0x00,0x00,0x00,
  0x00,0x00,0x00,0x00,0x00,0x00,0x00,0x00,0x00,0x00,0x00,0x00,
  0x00,0x00,0x00,0x00,0x00,0x00,0x00,0x00,0x00,0x00,0x00,0x00,
  0x00,0x00,0x00,0x00,0x00,0x00,0x00,0x00,0x55,0x9B,0x0E,0x12,
  0x02,0x00,0x00,0x00,0x32,0x71,0x29,0xD8,0x36,0xA5,0x59,0xFF,
  0x35,0x93,0x47,0xFC,0x33,0x9E,0x4C,0xFF,0x32,0x77,0x2E,0xF7,
  0x2C,0x2A,0x00,0xC7,0x37,0x56,0x0C,0xFA,0x3A,0x79,0x24,0xFF,
  0x34,0xAA,0x62,0xFF,0x31,0xB2,0x6C,0xFF,0x32,0xB2,0x6D,0xFF,
  0x32,0xAF,0x69,0xFF,0x32,0xA7,0x5F,0xFF,0x32,0xA0,0x5C,0xFF,
  0x2F,0xA4,0x5F,0xFF,0x34,0x7B,0x38,0xFF,0x38,0x73,0x2E,0xFF,
  0x36,0x8E,0x48,0xFA,0x36,0x90,0x42,0xFF,0x26,0x6E,0x28,0x8B,
  0x00,0x00,0x00,0x00,0x00,0x00,0x00,0x00,0x00,0x00,0x00,0x00,
  0x00,0x00,0x00,0x00,0x00,0x00,0x00,0x00,0x00,0x00,0x00,0x00,
  0x00,0x00,0x00,0x00,0x00,0x00,0x00,0x00,0x00,0x00,0x00,0x00,
  0x00,0x00,0x00,0x00,0x00,0x00,0x00,0x00,0x00,0x00,0x00,0x00,
  0x00,0x00,0x00,0x00,0x00,0x00,0x00,0x00,0x00,0x00,0x00,0x00,
  0x00,0x00,0x00,0x00,0x00,0x00,0x00,0x00,0x00,0x00,0x00,0x00,
  0x00,0x00,0x00,0x00,0x00,0x00,0x00,0x01,0x00,0x00,0x00,0x00,
  0x31,0x31,0x07,0x24,0x34,0x3D,0x11,0x57,0x3E,0x47,0x13,0x4E,
  0x3A,0x50,0x1D,0x4F,0x33,0x4D,0x1D,0x4F,0x1C,0x46,0x0E,0x12,
  0x37,0x4A,0x0C,0xD3,0x39,0x65,0x1D,0xFF,0x33,0x82,0x3C,0xFD,
  0x37,0x87,0x3C,0xFF,0x36,0x87,0x3D,0xFB,0x3C,0x81,0x3D,0xFF,
  0x3A,0x59,0x25,0xA2,0x33,0x77,0x3D,0x4F,0x30,0x66,0x2D,0x5A,
  0x38,0x38,0x1C,0x09,0x00,0x00,0x00,0x00,0x00,0x00,0x00,0x00,
  0x00,0x00,0x00,0x00,0x00,0x00,0x00,0x00,0x00,0x00,0x00,0x00,
  0x00,0x00,0x00,0x00,0x00,0x00,0x00,0x00,0x00,0x00,0x00,0x00,
  0x47,0x3D,0x05,0x32,0x43,0x3D,0x06,0x4F,0x3F,0x3C,0x03,0x4C,
  0x40,0x40,0x02,0x5B,0x39,0x58,0x08,0xEF,0x37,0x65,0x11,0xFF,
  0x37,0x65,0x15,0xFD,0x35,0x62,0x16,0xFF,0x36,0x61,0x18,0xFF,
  0x36,0x61,0x17,0xFD,0x35,0x68,0x16,0xFF,0x29,0x45,0x0A,0xD2,
  0x2B,0x2B,0x0E,0x35,0x1C,0x8D,0x1C,0x09,0x00,0x00,0x00,0x00,
  0x00,0x00,0x00,0x00,0x00,0x00,0x00,0x00,0x00,0x00,0x00,0x00,
  0x00,0x00,0x00,0x00,0x00,0x00,0x00,0x00,0x00,0x00,0x00,0x00,
  0x00,0x00,0x00,0x00,0x00,0x00,0x00,0x00,0x00,0x00,0x00,0x00,
  0x00,0x00,0x00,0x00,0x00,0x00,0x00,0x00,0x00,0x00,0x00,0x00,
  0x00,0x00,0x00,0x00,0x00,0x00,0x00,0x00,0x00,0x00,0x00,0x00,
  0x00,0x00,0x00,0x00,0x00,0x00,0x00,0x00,0x00,0x00,0x00,0x00,
  0x00,0x00,0x00,0x00,0x00,0x00,0x00,0x00,0x00,0x00,0x00,0x00,
  0x00,0x00,0x00,0x00,0x00,0x00,0x00,0x00,0x00,0x00,0x00,0x00,
  0x00,0x00,0x00,0x00,0x00,0x00,0x00,0x00,0x00,0x00,0x00,0x00,
  0x00,0x00,0x00,0x00,0x00,0x00,0x00,0x00,0x00,0x00,0x00,0x00,
  0x00,0x00,0x00,0x00,0x00,0x00,0x00,0x00,0x00,0x00,0x00,0x00,
  0x00,0x00,0x00,0x00,0x00,0x00,0x00,0x00,0x00,0x00,0x00,0x00,
  0x00,0x00,0x00,0x00,0x00,0x00,0x00,0x00,0x00,0x00,0x00,0x00,
  0x00,0x00,0x00,0x00,0x00,0x00,0x00,0x00,0x00,0x00,0x00,0x00,
  0x00,0x00,0x00,0x00,0x00,0x00,0x00,0x00,0x00,0x00,0x00,0x00,
  0x00,0x00,0x00,0x00,0x00,0x00,0x00,0x00,0x00,0x00,0x00,0x00,
  0x00,0x00,0x00,0x00,0x00,0x00,0x00,0x00,0x00,0x00,0x00,0x00,
  0x00,0x00,0x00,0x00,0x00,0x00,0x00,0x00,0x00,0x00,0x00,0x00,
  0x00,0x00,0x00,0x00,0x00,0x00,0x00,0x00,0x00,0x00,0x00,0x00,
  0x00,0x00,0x00,0x00,0x00,0x00,0x00,0x00,0x00,0x00,0x00,0x00,
  0x00,0x00,0x00,0x00,0x00,0x00,0x00,0x00,0x00,0x00,0x00,0x00,
  0x00,0x00,0x00,0x00,0x00,0x00,0x00,0x00,0x00,0x00,0x00,0x00,
  0x00,0x00,0x00,0x00,0x00,0x00,0x00,0x00,0x00,0x00,0x00,0x00,
  0x00,0x00,0x00,0x00,0x00,0x00,0x00,0x00,0x00,0x00,0x00,0x00,
  0x00,0x00,0x00,0x00,0x00,0x00,0x00,0x00,0x00,0x00,0x00,0x00,
  0x00,0x00,0x00,0x00,0x00,0x00,0x00,0x00,0x00,0x00,0x00,0x00,
  0x00,0x00,0x00,0x00,0x00,0x00,0x00,0x00,0x00,0x00,0x00,0x00,
  0x00,0x00,0x00,0x00,0x00,0x00,0x00,0x00,0x00,0x00,0x00,0x00,
  0x00,0x00,0x00,0x00,0x00,0x00,0x00,0x00,0x00,0x00,0x00,0x00,
  0x00,0x00,0x00,0x00,0x00,0x00,0x00,0x00,0x00,0x00,0x00,0x00,
  0x00,0x00,0x00,0x00,0x00,0x00,0x00,0x00,0x00,0x00,0x00,0x00,
  0x00,0x00,0x00,0x00,0x00,0x00,0x00,0x02,0x00,0x00,0x00,0x00,
  0x35,0x3A,0x0E,0x34,0x32,0x5B,0x11,0x75,0x3C,0x62,0x14,0x58,
  0x40,0x4D,0x13,0x4F,0x38,0x38,0x0B,0x5B,0x3E,0x31,0x09,0x4E,
  0x2C,0x37,0x09,0xA1,0x32,0x84,0x2F,0xFF,0x31,0x7E,0x27,0xFC,
  0x37,0x7B,0x2A,0xFF,0x2B,0x6E,0x1C,0xFF,0x6D,0x92,0x63,0xFF,
  0xC4,0xD3,0xC8,0xFF,0xD8,0xDB,0xD5,0xFF,0xB4,0xBD,0xAA,0xFF,
  0x30,0x6E,0x1F,0xFF,0x33,0x9A,0x4A,0xFF,0x35,0x9E,0x50,0xFF,
  0x34,0x94,0x4B,0xFF,0x34,0x91,0x49,0xFF,0x34,0x8E,0x4A,0xFF,
  0x32,0x94,0x4C,0xFF,0x33,0x80,0x39,0xFF,0x36,0x5A,0x1C,0xA9,
  0x35,0x74,0x2D,0x7B,0x32,0x71,0x32,0x65,0x3A,0x70,0x3A,0x4F,
  0x33,0x39,0x19,0x28,0x00,0x00,0x00,0x00,0x00,0x00,0x00,0x02,
  0x00,0x00,0x00,0x00,0x00,0x00,0x00,0x00,0x00,0x00,0x00,0x00,
  0x00,0x00,0x00,0x00,0x00,0x00,0x00,0x00,0x00,0x00,0x00,0x00,
  0x00,0x00,0x00,0x00,0x00,0x00,0x00,0x00,0x00,0x00,0x00,0x00,
  0x00,0x00,0x00,0x00,0x00,0x00,0x00,0x00,0x00,0x00,0x00,0x00,
  0x00,0x00,0x00,0x00,0x00,0x00,0x00,0x00,0x00,0x00,0x00,0x00,
  0x00,0x00,0x00,0x00,0x00,0x00,0x00,0x00,0x00,0x00,0x00,0x00,
  0x00,0x00,0x00,0x00,0x00,0x00,0x00,0x00,0x00,0x00,0x00,0x00,
  0x00,0x00,0x00,0x00,0x00,0x00,0x00,0x00,0x00,0x00,0x00,0x00,
  0x00,0x00,0x00,0x00,0x00,0x00,0x00,0x00,0x00,0x00,0x00,0x00,
  0x00,0x00,0x00,0x01,0x00,0x00,0x00,0x00,0x44,0x31,0x06,0x29,
  0x43,0x3D,0x06,0x4F,0x33,0x38,0x02,0x5A,0x35,0x55,0x07,0x60,
  0x3D,0x3D,0x02,0x5B,0x36,0x6C,0x21,0xE7,0x34,0x97,0x4D,0xFF,
  0x34,0x91,0x47,0xFE,0x31,0x9A,0x49,0xFF,0x31,0x85,0x3A,0xFF,
  0x33,0x4D,0x0E,0xFF,0x35,0x61,0x13,0xFF,0x38,0x77,0x22,0xFF,
  0x34,0x9E,0x54,0xFF,0x31,0xA3,0x5E,0xFF,0x33,0x9E,0x58,0xFF,
  0x32,0xA5,0x5E,0xFF,0x32,0xA7,0x62,0xFF,0x32,0xA0,0x5C,0xFF,
  0x2F,0xA0,0x5C,0xFF,0x34,0x8E,0x4B,0xFF,0x37,0x8C,0x46,0xFE,
  0x35,0x91,0x4B,0xFC,0x33,0x90,0x42,0xFF,0x29,0x66,0x23,0xB3,
  0x39,0x2C,0x09,0x50,0x3A,0x2F,0x0B,0x41,0x00,0x00,0x00,0x02,
  0x00,0x00,0x00,0x00,0x00,0x00,0x00,0x00,0x00,0x00,0x00,0x00,
  0x00,0x00,0x00,0x00,0x00,0x00,0x00,0x00,0x00,0x00,0x00,0x00,
  0x00,0x00,0x00,0x00,0x00,0x00,0x00,0x00,0x00,0x00,0x00,0x00,
  0x00,0x00,0x00,0x00,0x00,0x00,0x00,0x00,0x00,0x00,0x00,0x00,
  0x00,0x00,0x00,0x00,0x00,0x00,0x00,0x00,0x00,0x00,0x00,0x00,
  0x00,0x00,0x00,0x00,0x3F,0x3F,0x00,0x04,0x00,0x00,0x00,0x00,
  0x38,0x3F,0x10,0x6D,0x38,0x51,0x1A,0xF3,0x3C,0x53,0x1A,0xEF,
  0x38,0x5B,0x21,0xF2,0x33,0x58,0x20,0xF2,0x26,0x46,0x11,0x57,
  0x38,0x4C,0x08,0xD9,0x3C,0x5A,0x13,0xFF,0x33,0x82,0x3B,0xFD,
  0x36,0x87,0x3E,0xFF,0x38,0x84,0x3D,0xFF,0x36,0x85,0x41,0xFF,
  0x39,0x7A,0x3E,0xF8,0x32,0x7B,0x3E,0xF2,0x34,0x6E,0x36,0xEF,
  0x2F,0x42,0x1C,0x1B,0x00,0x00,0x00,0x00,0x00,0xFF,0x00,0x01,
  0x00,0x00,0x00,0x00,0x00,0x00,0x00,0x00,0x00,0x00,0x00,0x00,
  0x00,0x00,0x00,0x00,0x00,0x00,0x00,0x01,0x00,0x00,0x00,0x00,
  0x43,0x3E,0x04,0xA6,0x45,0x42,0x06,0xF2,0x43,0x41,0x05,0xEF,
  0x42,0x42,0x05,0xF3,0x38,0x56,0x08,0xFE,0x35,0x61,0x10,0xFF,
  0x36,0x63,0x15,0xFF,0x35,0x5F,0x17,0xFF,0x35,0x5F,0x18,0xFF,
  0x36,0x5F,0x17,0xFF,0x34,0x64,0x15,0xFF,0x30,0x4A,0x0D,0xFA,
  0x32,0x37,0x10,0x9C,0x1F,0x52,0x13,0x41,0x00,0xFF,0x00,0x03,
  0x00,0x00,0x00,0x00,0x00,0x00,0x00,0x01,0x00,0x00,0x00,0x00,
  0x00,0x00,0x00,0x00,0x00,0x00,0x00,0x00,0x00,0x00,0x00,0x00,
  0x00,0x00,0x00,0x00,0x00,0x00,0x00,0x00,0x00,0x00,0x00,0x00,
  0x00,0x00,0x00,0x00,0x00,0x00,0x00,0x00,0x00,0x00,0x00,0x00,
  0x00,0x00,0x00,0x00,0x00,0x00,0x00,0x00,0x00,0x00,0x00,0x00,
  0x00,0x00,0x00,0x00,0x00,0x00,0x00,0x00,0x00,0x00,0x00,0x00,
  0x00,0x00,0x00,0x00,0x00,0x00,0x00,0x00,0x00,0x00,0x00,0x00,
  0x00,0x00,0x00,0x00,0x00,0x00,0x00,0x00,0x00,0x00,0x00,0x00,
  0x00,0x00,0x00,0x00,0x00,0x00,0x00,0x00,0x00,0x00,0x00,0x00,
  0x00,0x00,0x00,0x00,0x00,0x00,0x00,0x00,0x00,0x00,0x00,0x00,
  0x00,0x00,0x00,0x00,0x00,0x00,0x00,0x00,0x00,0x00,0x00,0x00,
  0x00,0x00,0x00,0x00,0x00,0x00,0x00,0x00,0x00,0x00,0x00,0x00,
  0x00,0x00,0x00,0x00,0x00,0x00,0x00,0x00,0x00,0x00,0x00,0x00,
  0x00,0x00,0x00,0x00,0x00,0x00,0x00,0x00,0x00,0x00,0x00,0x00,
  0x00,0x00,0x00,0x00,0x00,0x00,0x00,0x00,0x00,0x00,0x00,0x00,
  0x00,0x00,0x00,0x00,0x00,0x00,0x00,0x00,0x00,0x00,0x00,0x00,
  0x00,0x00,0x00,0x00,0x00,0x00,0x00,0x00,0x00,0x00,0x00,0x00,
  0x00,0x00,0x00,0x00,0x00,0x00,0x00,0x00,0x00,0x00,0x00,0x00,
  0x00,0x00,0x00,0x00,0x00,0x00,0x00,0x00,0x00,0x00,0x00,0x00,
  0x00,0x00,0x00,0x00,0x00,0x00,0x00,0x00,0x00,0x00,0x00,0x00,
  0x00,0x00,0x00,0x00,0x00,0x00,0x00,0x00,0x00,0x00,0x00,0x00,
  0x00,0x00,0x00,0x00,0x00,0x00,0x00,0x00,0x00,0x00,0x00,0x00,
  0x00,0x00,0x00,0x00,0x00,0x00,0x00,0x00,0x00,0x00,0x00,0x00,
  0x00,0x00,0x00,0x00,0x00,0x00,0x00,0x00,0x00,0x00,0x00,0x00,
  0x00,0x00,0x00,0x00,0x00,0x00,0x00,0x00,0x00,0x00,0x00,0x00,
  0x00,0x00,0x00,0x00,0x00,0x00,0x00,0x00,0x00,0x00,0x00,0x00,
  0x00,0x00,0x00,0x00,0x00,0x00,0x00,0x00,0x00,0x00,0x00,0x00,
  0x00,0x00,0x00,0x00,0x00,0x00,0x00,0x00,0x00,0x00,0x00,0x00,
  0x00,0x00,0x00,0x00,0x00,0x00,0x00,0x00,0x00,0x00,0x00,0x00,
  0x00,0x00,0x00,0x00,0x00,0x00,0x00,0x00,0x00,0x00,0x00,0x00,
  0x00,0x00,0x00,0x00,0x00,0x00,0x00,0x00,0x00,0x00,0x00,0x00,
  0x00,0x00,0x00,0x00,0x3F,0x3F,0x00,0x04,0x00,0x00,0x00,0x00,
  0x40,0x44,0x10,0x8A,0x48,0x64,0x17,0xF5,0x44,0x61,0x16,0xF0,
  0x40,0x54,0x12,0xF2,0x3E,0x47,0x0D,0xF3,0x3D,0x3B,0x0B,0xEF,
  0x34,0x41,0x0A,0xE8,0x30,0x82,0x2D,0xFF,0x32,0x7C,0x28,0xFF,
  0x39,0x7B,0x2B,0xFF,0x27,0x68,0x18,0xFF,0x88,0x9F,0x7C,0xFF,
  0xFC,0xFC,0xFC,0xFF,0xFC,0xFD,0xFA,0xFF,0xE1,0xE5,0xDF,0xFF,
  0x34,0x6A,0x22,0xFF,0x32,0x96,0x42,0xFF,0x36,0x9B,0x4E,0xFF,
  0x33,0x93,0x4B,0xFF,0x35,0x92,0x4A,0xFF,0x35,0x91,0x4B,0xFF,
  0x33,0x93,0x4B,0xFF,0x33,0x8E,0x45,0xFF,0x38,0x80,0x3C,0xFA,
  0x30,0x82,0x40,0xF6,0x33,0x80,0x3E,0xEF,0x37,0x77,0x3B,0xF2,
  0x34,0x3D,0x17,0x79,0x00,0x00,0x00,0x00,0x33,0x33,0x00,0x05,
  0x00,0x00,0x00,0x00,0x00,0x00,0x00,0x00,0x00,0x00,0x00,0x00,
  0x00,0x00,0x00,0x00,0x00,0x00,0x00,0x00,0x00,0x00,0x00,0x00,
  0x00,0x00,0x00,0x00,0x00,0x00,0x00,0x00,0x00,0x00,0x00,0x00,
  0x00,0x00,0x00,0x00,0x00,0x00,0x00,0x00,0x00,0x00,0x00,0x00,
  0x00,0x00,0x00,0x00,0x00,0x00,0x00,0x00,0x00,0x00,0x00,0x00,
  0x00,0x00,0x00,0x00,0x00,0x00,0x00,0x00,0x00,0x00,0x00,0x00,
  0x00,0x00,0x00,0x00,0x00,0x00,0x00,0x00,0x00,0x00,0x00,0x00,
  0x00,0x00,0x00,0x00,0x00,0x00,0x00,0x00,0x00,0x00,0x00,0x00,
  0x00,0x00,0x00,0x00,0x00,0x00,0x00,0x00,0x00,0x00,0x00,0x00,
  0x3F,0x3F,0x00,0x04,0x00,0x00,0x00,0x00,0x45,0x39,0x05,0x81,
  0x44,0x45,0x06,0xF2,0x3B,0x46,0x04,0xEF,0x38,0x4B,0x06,0xF3,
  0x3B,0x45,0x05,0xF3,0x39,0x60,0x11,0xFD,0x32,0x76,0x2D,0xFF,
  0x32,0x8D,0x45,0xFF,0x30,0x96,0x47,0xFF,0x2D,0x91,0x47,0xFF,
  0x31,0x79,0x2B,0xFF,0x32,0x6F,0x1A,0xFF,0x39,0x76,0x20,0xFF,
  0x36,0x85,0x36,0xFF,0x34,0x84,0x3B,0xFF,0x36,0x7B,0x2E,0xFF,
  0x34,0x90,0x46,0xFF,0x33,0xA9,0x65,0xFF,0x33,0xA0,0x5C,0xFF,
  0x30,0x9D,0x59,0xFF,0x32,0x9B,0x58,0xFF,0x34,0x9C,0x58,0xFF,
  0x35,0x98,0x51,0xFF,0x2F,0x8E,0x41,0xFF,0x30,0x66,0x22,0xF7,
  0x39,0x3E,0x10,0xF2,0x38,0x3B,0x13,0xCF,0x33,0x33,0x19,0x0A,
  0x00,0x00,0x00,0x00,0x00,0x00,0x00,0x01,0x00,0x00,0x00,0x00,
  0x00,0x00,0x00,0x00,0x00,0x00,0x00,0x00,0x00,0x00,0x00,0x00,
  0x00,0x00,0x00,0x00,0x00,0x00,0x00,0x00,0x00,0x00,0x00,0x00,
  0x00,0x00,0x00,0x00,0x00,0x00,0x00,0x00,0x00,0x00,0x00,0x00,
  0x00,0x00,0x00,0x00,0x00,0x00,0x00,0x00,0x00,0x00,0x00,0x00,
  0x00,0x00,0x00,0x00,0x33,0x66,0x33,0x05,0x00,0x00,0x00,0x00,
  0x3B,0x50,0x1B,0x92,0x3F,0x7D,0x30,0xFF,0x40,0x77,0x2D,0xFF,
  0x3F,0x80,0x33,0xFF,0x36,0x80,0x32,0xFF,0x30,0x45,0x10,0xBE,
  0x3D,0x49,0x07,0xEE,0x3E,0x54,0x0D,0xFF,0x33,0x82,0x3A,0xFE,
  0x36,0x87,0x3F,0xFF,0x39,0x84,0x3D,0xFF,0x35,0x84,0x40,0xFF,
  0x3A,0x8B,0x45,0xFF,0x38,0x92,0x44,0xFF,0x37,0x82,0x3D,0xFF,
  0x36,0x48,0x24,0x1C,0x00,0x00,0x00,0x00,0x00,0xFF,0x00,0x01,
  0x00,0x00,0x00,0x00,0x00,0x00,0x00,0x00,0x00,0x00,0x00,0x00,
  0x00,0x00,0x00,0x01,0x00,0x00,0x00,0x01,0x38,0x1C,0x00,0x09,
  0x41,0x41,0x03,0xE3,0x4C,0x51,0x06,0xFF,0x4B,0x51,0x06,0xFF,
  0x49,0x53,0x07,0xFF,0x38,0x55,0x07,0xFF,0x35,0x5A,0x0E,0xFF,
  0x35,0x61,0x15,0xFF,0x35,0x5D,0x17,0xFF,0x35,0x5D,0x18,0xFF,
  0x36,0x5E,0x17,0xFF,0x34,0x61,0x14,0xFF,0x33,0x53,0x0F,0xFF,
  0x35,0x3B,0x11,0xE8,0x2D,0x3C,0x10,0xAD,0x32,0x41,0x11,0x66,
  0x3F,0x3F,0x1F,0x08,0x00,0x00,0x00,0x01,0x00,0x00,0x00,0x01,
  0x00,0x00,0x00,0x00,0x00,0x00,0x00,0x00,0x00,0x00,0x00,0x00,
  0x00,0x00,0x00,0x00,0x00,0x00,0x00,0x00,0x00,0x00,0x00,0x00,
  0x00,0x00,0x00,0x00,0x00,0x00,0x00,0x00,0x00,0x00,0x00,0x00,
  0x00,0x00,0x00,0x00,0x00,0x00,0x00,0x00,0x00,0x00,0x00,0x00,
  0x00,0x00,0x00,0x00,0x00,0x00,0x00,0x00,0x00,0x00,0x00,0x00,
  0x00,0x00,0x00,0x00,0x00,0x00,0x00,0x00,0x00,0x00,0x00,0x00,
  0x00,0x00,0x00,0x00,0x00,0x00,0x00,0x00,0x00,0x00,0x00,0x00,
  0x00,0x00,0x00,0x00,0x00,0x00,0x00,0x00,0x00,0x00,0x00,0x00,
  0x00,0x00,0x00,0x00,0x00,0x00,0x00,0x00,0x00,0x00,0x00,0x00,
  0x00,0x00,0x00,0x00,0x00,0x00,0x00,0x00,0x00,0x00,0x00,0x00,
  0x00,0x00,0x00,0x00,0x00,0x00,0x00,0x00,0x00,0x00,0x00,0x00,
  0x00,0x00,0x00,0x00,0x00,0x00,0x00,0x00,0x00,0x00,0x00,0x00,
  0x00,0x00,0x00,0x00,0x00,0x00,0x00,0x00,0x00,0x00,0x00,0x00,
  0x00,0x00,0x00,0x00,0x00,0x00,0x00,0x00,0x00,0x00,0x00,0x00,
  0x00,0x00,0x00,0x00,0x00,0x00,0x00,0x00,0x00,0x00,0x00,0x00,
  0x00,0x00,0x00,0x00,0x00,0x00,0x00,0x00,0x00,0x00,0x00,0x00,
  0x00,0x00,0x00,0x00,0x00,0x00,0x00,0x00,0x00,0x00,0x00,0x00,
  0x00,0x00,0x00,0x00,0x00,0x00,0x00,0x00,0x00,0x00,0x00,0x00,
  0x00,0x00,0x00,0x00,0x00,0x00,0x00,0x00,0x00,0x00,0x00,0x00,
  0x00,0x00,0x00,0x00,0x00,0x00,0x00,0x00,0x00,0x00,0x00,0x00,
  0x00,0x00,0x00,0x00,0x00,0x00,0x00,0x00,0x00,0x00,0x00,0x00,
  0x00,0x00,0x00,0x00,0x00,0x00,0x00,0x00,0x00,0x00,0x00,0x00,
  0x00,0x00,0x00,0x00,0x00,0x00,0x00,0x00,0x00,0x00,0x00,0x00,
  0x00,0x00,0x00,0x00,0x00,0x00,0x00,0x00,0x00,0x00,0x00,0x00,
  0x00,0x00,0x00,0x00,0x00,0x00,0x00,0x00,0x00,0x00,0x00,0x00,
  0x00,0x00,0x00,0x00,0x00,0x00,0x00,0x00,0x00,0x00,0x00,0x00,
  0x00,0x00,0x00,0x00,0x00,0x00,0x00,0x00,0x00,0x00,0x00,0x00,
  0x00,0x00,0x00,0x00,0x00,0x00,0x00,0x00,0x00,0x00,0x00,0x00,
  0x00,0x00,0x00,0x00,0x00,0x00,0x00,0x00,0x00,0x00,0x00,0x00,
  0x00,0x00,0x00,0x00,0x00,0x00,0x00,0x00,0x00,0x00,0x00,0x00,
  0x00,0x00,0x00,0x00,0x3F,0x3F,0x00,0x04,0x00,0x00,0x00,0x00,
  0x3F,0x46,0x0E,0xAE,0x4F,0x77,0x19,0xFF,0x48,0x70,0x15,0xFF,
  0x47,0x6B,0x14,0xFF,0x46,0x63,0x12,0xFF,0x46,0x5C,0x12,0xFF,
  0x3B,0x5A,0x14,0xFF,0x2F,0x7E,0x2C,0xFF,0x34,0x7A,0x28,0xFF,
  0x3A,0x79,0x2A,0xFF,0x26,0x63,0x17,0xFF,0x8C,0xA0,0x81,0xFF,
  0xFF,0xFF,0xFF,0xFF,0xFB,0xFF,0xFA,0xFF,0xE4,0xE7,0xE5,0xFF,
  0x35,0x66,0x22,0xFF,0x33,0x89,0x35,0xFF,0x35,0x8E,0x42,0xFF,
  0x33,0x8F,0x48,0xFF,0x35,0x93,0x4B,0xFF,0x36,0x92,0x4C,0xFF,
  0x35,0x93,0x4B,0xFF,0x32,0x93,0x49,0xFE,0x38,0x97,0x48,0xFF,
  0x33,0x97,0x48,0xFF,0x36,0x93,0x46,0xFF,0x3A,0x94,0x45,0xFF,
  0x2F,0x43,0x18,0x90,0x00,0x00,0x00,0x00,0x33,0x33,0x00,0x05,
  0x00,0x00,0x00,0x00,0x00,0x00,0x00,0x00,0x00,0x00,0x00,0x00,
  0x00,0x00,0x00,0x00,0x00,0x00,0x00,0x00,0x00,0x00,0x00,0x00,
  0x00,0x00,0x00,0x00,0x00,0x00,0x00,0x00,0x00,0x00,0x00,0x00,
  0x00,0x00,0x00,0x00,0x00,0x00,0x00,0x00,0x00,0x00,0x00,0x00,
  0x00,0x00,0x00,0x00,0x00,0x00,0x00,0x00,0x00,0x00,0x00,0x00,
  0x00,0x00,0x00,0x00,0x00,0x00,0x00,0x00,0x00,0x00,0x00,0x00,
  0x00,0x00,0x00,0x00,0x00,0x00,0x00,0x00,0x00,0x00,0x00,0x00,
  0x00,0x00,0x00,0x00,0x00,0x00,0x00,0x00,0x00,0x00,0x00,0x00,
  0x00,0x00,0x00,0x00,0x00,0x00,0x00,0x00,0x00,0x00,0x00,0x00,
  0x33,0x66,0x00,0x05,0x00,0x00,0x00,0x00,0x48,0x47,0x06,0xA1,
  0x50,0x60,0x06,0xFF,0x44,0x59,0x04,0xFF,0x41,0x5B,0x05,0xFF,
  0x42,0x57,0x07,0xFF,0x3B,0x59,0x08,0xFF,0x34,0x5A,0x10,0xFF,
  0x31,0x86,0x3F,0xFF,0x30,0x94,0x47,0xFF,0x2B,0x94,0x4A,0xFE,
  0x2E,0x89,0x36,0xFB,0x33,0x73,0x1B,0xFF,0x3A,0x75,0x20,0xFF,
  0x3C,0x73,0x20,0xFF,0x3C,0x70,0x1F,0xFF,0x3D,0x6A,0x15,0xFF,
  0x37,0x83,0x34,0xFF,0x32,0xA9,0x66,0xFF,0x33,0x9F,0x5C,0xFF,
  0x32,0x9C,0x58,0xFF,0x31,0x9D,0x59,0xFF,0x32,0x9D,0x5A,0xFF,
  0x34,0x9C,0x55,0xFF,0x2F,0x89,0x3E,0xFF,0x34,0x78,0x2A,0xFF,
  0x3F,0x70,0x29,0xFF,0x3B,0x62,0x2B,0xFF,0x25,0x4B,0x25,0x1B,
  0x00,0x00,0x00,0x00,0x00,0x7F,0x00,0x02,0x00,0x00,0x00,0x00,
  0x00,0x00,0x00,0x00,0x00,0x00,0x00,0x00,0x00,0x00,0x00,0x00,
  0x00,0x00,0x00,0x00,0x00,0x00,0x00,0x00,0x00,0x00,0x00,0x00,
  0x00,0x00,0x00,0x00,0x00,0x00,0x00,0x00,0x00,0x00,0x00,0x00,
  0x00,0x00,0x00,0x00,0x00,0x00,0x00,0x00,0x00,0x00,0x00,0x00,
  0x00,0x00,0x00,0x00,0x33,0x66,0x33,0x05,0x00,0x00,0x00,0x00,
  0x3B,0x5C,0x23,0x97,0x37,0x92,0x3D,0xFB,0x38,0x8A,0x39,0xF7,
  0x38,0x8D,0x39,0xFB,0x2F,0x90,0x38,0xFB,0x37,0x49,0x10,0xFF,
  0x41,0x4A,0x08,0xFF,0x40,0x54,0x0C,0xFF,0x33,0x83,0x3A,0xFF,
  0x36,0x88,0x3F,0xFF,0x39,0x84,0x3D,0xFF,0x37,0x83,0x3D,0xFF,
  0x35,0x85,0x3D,0xFC,0x34,0x8C,0x3C,0xFB,0x32,0x80,0x39,0xF6,
  0x3C,0x55,0x30,0x15,0x00,0x00,0x00,0x00,0x00,0xFF,0x00,0x01,
  0x00,0x00,0x00,0x00,0x00,0x00,0x00,0x00,0x00,0x00,0x00,0x00,
  0x00,0x00,0x00,0x01,0x00,0x00,0x00,0x00,0x38,0x1C,0x00,0x12,
  0x3E,0x42,0x02,0xEB,0x42,0x4F,0x05,0xFB,0x43,0x50,0x06,0xFA,
  0x41,0x54,0x08,0xFB,0x38,0x51,0x06,0xFF,0x35,0x53,0x0C,0xFF,
  0x35,0x5E,0x15,0xFF,0x34,0x5B,0x16,0xFF,0x35,0x5C,0x18,0xFF,
  0x36,0x5C,0x17,0xFF,0x34,0x5F,0x14,0xFF,0x32,0x54,0x10,0xFE,
  0x36,0x3D,0x12,0xFF,0x33,0x36,0x0F,0xF6,0x35,0x3B,0x12,0xC2,
  0x38,0x38,0x1C,0x12,0x00,0x00,0x00,0x00,0x00,0x00,0x00,0x01,
  0x00,0x00,0x00,0x00,0x00,0x00,0x00,0x00,0x00,0x00,0x00,0x00,
  0x00,0x00,0x00,0x00,0x00,0x00,0x00,0x00,0x00,0x00,0x00,0x00,
  0x00,0x00,0x00,0x00,0x00,0x00,0x00,0x00,0x00,0x00,0x00,0x00,
  0x00,0x00,0x00,0x00,0x00,0x00,0x00,0x00,0x00,0x00,0x00,0x00,
  0x00,0x00,0x00,0x00,0x00,0x00,0x00,0x00,0x00,0x00,0x00,0x00,
  0x00,0x00,0x00,0x00,0x00,0x00,0x00,0x00,0x00,0x00,0x00,0x00,
  0x00,0x00,0x00,0x00,0x00,0x00,0x00,0x00,0x00,0x00,0x00,0x00,
  0x00,0x00,0x00,0x00,0x00,0x00,0x00,0x00,0x00,0x00,0x00,0x00,
  0x00,0x00,0x00,0x00,0x00,0x00,0x00,0x00,0x00,0x00,0x00,0x00,
  0x00,0x00,0x00,0x00,0x00,0x00,0x00,0x00,0x00,0x00,0x00,0x00,
  0x00,0x00,0x00,0x00,0x00,0x00,0x00,0x00,0x00,0x00,0x00,0x00,
  0x00,0x00,0x00,0x00,0x00,0x00,0x00,0x00,0x00,0x00,0x00,0x00,
  0x00,0x00,0x00,0x00,0x00,0x00,0x00,0x00,0x00,0x00,0x00,0x00,
  0x00,0x00,0x00,0x00,0x00,0x00,0x00,0x00,0x00,0x00,0x00,0x00,
  0x00,0x00,0x00,0x00,0x00,0x00,0x00,0x00,0x00,0x00,0x00,0x00,
  0x00,0x00,0x00,0x00,0x00,0x00,0x00,0x00,0x00,0x00,0x00,0x00,
  0x00,0x00,0x00,0x00,0x00,0x00,0x00,0x00,0x00,0x00,0x00,0x00,
  0x00,0x00,0x00,0x00,0x00,0x00,0x00,0x00,0x00,0x00,0x00,0x00,
  0x00,0x00,0x00,0x00,0x00,0x00,0x00,0x00,0x00,0x00,0x00,0x00,
  0x00,0x00,0x00,0x00,0x00,0x00,0x00,0x00,0x00,0x00,0x00,0x00,
  0x00,0x00,0x00,0x00,0x00,0x00,0x00,0x00,0x00,0x00,0x00,0x00,
  0x00,0x00,0x00,0x00,0x00,0x00,0x00,0x00,0x00,0x00,0x00,0x00,
  0x00,0x00,0x00,0x00,0x00,0x00,0x00,0x00,0x00,0x00,0x00,0x00,
  0x00,0x00,0x00,0x00,0x00,0x00,0x00,0x00,0x00,0x00,0x00,0x00,
  0x00,0x00,0x00,0x00,0x00,0x00,0x00,0x00,0x00,0x00,0x00,0x00,
  0x00,0x00,0x00,0x00,0x00,0x00,0x00,0x00,0x00,0x00,0x00,0x00,
  0x00,0x00,0x00,0x00,0x00,0x00,0x00,0x00,0x00,0x00,0x00,0x00,
  0x00,0x00,0x00,0x00,0x00,0x00,0x00,0x00,0x00,0x00,0x00,0x00,
  0x00,0x00,0x00,0x00,0x00,0x00,0x00,0x00,0x00,0x00,0x00,0x00,
  0x00,0x00,0x00,0x00,0x00,0x00,0x00,0x00,0x00,0x00,0x00,0x00,
  0x00,0x00,0x00,0x00,0x3F,0x3F,0x00,0x04,0x00,0x00,0x00,0x00,
  0x3E,0x47,0x0C,0xA8,0x45,0x74,0x13,0xFB,0x40,0x6D,0x0F,0xF7,
  0x3E,0x6C,0x10,0xFB,0x3D,0x6C,0x12,0xFB,0x40,0x6D,0x15,0xFB,
  0x3D,0x6E,0x1A,0xFE,0x30,0x79,0x28,0xFF,0x35,0x75,0x27,0xFF,
  0x3A,0x74,0x29,0xFF,0x27,0x61,0x17,0xFF,0x87,0x9C,0x7C,0xFF,
  0xFD,0xFE,0xFD,0xFF,0xED,0xF2,0xEB,0xFF,0xD4,0xD9,0xD6,0xFF,
  0x35,0x64,0x21,0xFF,0x33,0x7B,0x26,0xFF,0x33,0x7E,0x31,0xFF,
  0x34,0x8C,0x43,0xFF,0x36,0x94,0x4C,0xFF,0x36,0x93,0x4C,0xFF,
  0x36,0x94,0x4B,0xFF,0x32,0x93,0x47,0xFF,0x32,0x92,0x43,0xFD,
  0x30,0x8F,0x41,0xFC,0x31,0x8F,0x42,0xF6,0x30,0x93,0x41,0xFB,
  0x28,0x45,0x17,0x85,0x00,0x00,0x00,0x00,0x3F,0x3F,0x00,0x04,
  0x00,0x00,0x00,0x00,0x00,0x00,0x00,0x00,0x00,0x00,0x00,0x00,
  0x00,0x00,0x00,0x00,0x00,0x00,0x00,0x00,0x00,0x00,0x00,0x00,
  0x00,0x00,0x00,0x00,0x00,0x00,0x00,0x00,0x00,0x00,0x00,0x00,
  0x00,0x00,0x00,0x00,0x00,0x00,0x00,0x00,0x00,0x00,0x00,0x00,
  0x00,0x00,0x00,0x00,0x00,0x00,0x00,0x00,0x00,0x00,0x00,0x00,
  0x00,0x00,0x00,0x00,0x00,0x00,0x00,0x00,0x00,0x00,0x00,0x00,
  0x00,0x00,0x00,0x00,0x00,0x00,0x00,0x00,0x00,0x00,0x00,0x00,
  0x00,0x00,0x00,0x00,0x00,0x00,0x00,0x00,0x00,0x00,0x00,0x00,
  0x00,0x00,0x00,0x00,0x00,0x00,0x00,0x00,0x00,0x00,0x00,0x00,
  0x33,0x66,0x00,0x05,0x00,0x00,0x00,0x00,0x4E,0x55,0x06,0x99,
  0x4B,0x68,0x04,0xFB,0x43,0x5E,0x03,0xF7,0x3D,0x5C,0x03,0xFB,
  0x3B,0x59,0x08,0xFB,0x39,0x55,0x06,0xFE,0x37,0x50,0x03,0xFF,
  0x31,0x81,0x39,0xFF,0x30,0x93,0x48,0xFF,0x2B,0x92,0x47,0xFF,
  0x2E,0x83,0x35,0xFF,0x35,0x6F,0x19,0xFF,0x3A,0x74,0x20,0xFF,
  0x3F,0x6E,0x19,0xFF,0x40,0x6B,0x16,0xFF,0x41,0x6A,0x11,0xFF,
  0x39,0x81,0x2F,0xFF,0x32,0xA9,0x65,0xFF,0x33,0x9F,0x5C,0xFF,
  0x33,0x9C,0x58,0xFF,0x31,0x99,0x55,0xFF,0x31,0x98,0x55,0xFF,
  0x33,0x9C,0x56,0xFF,0x32,0x86,0x3C,0xFF,0x32,0x82,0x2F,0xFD,
  0x36,0x90,0x39,0xFB,0x3A,0x82,0x3C,0xFB,0x2A,0x4D,0x2A,0x24,
  0x00,0x00,0x00,0x00,0x00,0x7F,0x00,0x02,0x00,0x00,0x00,0x00,
  0x00,0x00,0x00,0x00,0x00,0x00,0x00,0x00,0x00,0x00,0x00,0x00,
  0x00,0x00,0x00,0x00,0x00,0x00,0x00,0x00,0x00,0x00,0x00,0x00,
  0x00,0x00,0x00,0x00,0x00,0x00,0x00,0x00,0x00,0x00,0x00,0x00,
  0x00,0x00,0x00,0x00,0x00,0x00,0x00,0x00,0x00,0x00,0x00,0x00,
  0x00,0x00,0x00,0x00,0x33,0x66,0x33,0x05,0x00,0x00,0x00,0x00,
  0x37,0x58,0x23,0x99,0x38,0x8C,0x39,0xFC,0x3A,0x84,0x38,0xF8,
  0x3C,0x89,0x37,0xFC,0x34,0x8A,0x35,0xFC,0x3B,0x4C,0x10,0xFF,
  0x44,0x4D,0x0A,0xFF,0x43,0x57,0x0F,0xFF,0x36,0x85,0x3B,0xFF,
  0x37,0x8A,0x41,0xFF,0x38,0x87,0x3E,0xFF,0x39,0x84,0x3D,0xFF,
  0x37,0x85,0x3D,0xFC,0x38,0x8A,0x3D,0xFC,0x36,0x7C,0x37,0xF7,
  0x39,0x45,0x22,0x16,0x00,0x00,0x00,0x00,0x00,0xFF,0x00,0x01,
  0x00,0x00,0x00,0x00,0x00,0x00,0x00,0x00,0x00,0x00,0x00,0x00,
  0x00,0x00,0x00,0x01,0x00,0x00,0x00,0x02,0x33,0x19,0x00,0x14,
  0x3D,0x42,0x02,0xEC,0x40,0x4A,0x04,0xFC,0x3F,0x4B,0x06,0xF9,
  0x3E,0x4F,0x07,0xFB,0x38,0x4E,0x06,0xFE,0x34,0x50,0x0B,0xFF,
  0x35,0x5B,0x14,0xFF,0x34,0x5B,0x15,0xFF,0x35,0x5A,0x18,0xFF,
  0x36,0x5A,0x17,0xFF,0x35,0x5C,0x14,0xFE,0x34,0x53,0x0F,0xFE,
  0x35,0x3D,0x10,0xF6,0x34,0x37,0x10,0xE4,0x35,0x3A,0x12,0xBF,
  0x39,0x39,0x17,0x16,0x00,0x00,0x00,0x03,0x00,0x00,0x00,0x05,
  0x00,0x00,0x00,0x00,0x00,0x00,0x00,0x00,0x00,0x00,0x00,0x00,
  0x00,0x00,0x00,0x00,0x00,0x00,0x00,0x00,0x00,0x00,0x00,0x00,
  0x00,0x00,0x00,0x00,0x00,0x00,0x00,0x00,0x00,0x00,0x00,0x00,
  0x00,0x00,0x00,0x00,0x00,0x00,0x00,0x00,0x00,0x00,0x00,0x00,
  0x00,0x00,0x00,0x00,0x00,0x00,0x00,0x00,0x00,0x00,0x00,0x00,
  0x00,0x00,0x00,0x00,0x00,0x00,0x00,0x00,0x00,0x00,0x00,0x00,
  0x00,0x00,0x00,0x00,0x00,0x00,0x00,0x00,0x00,0x00,0x00,0x00,
  0x00,0x00,0x00,0x00,0x00,0x00,0x00,0x00,0x00,0x00,0x00,0x00,
  0x00,0x00,0x00,0x00,0x00,0x00,0x00,0x00,0x00,0x00,0x00,0x00,
  0x00,0x00,0x00,0x00,0x00,0x00,0x00,0x00,0x00,0x00,0x00,0x00,
  0x00,0x00,0x00,0x00,0x00,0x00,0x00,0x00,0x00,0x00,0x00,0x00,
  0x00,0x00,0x00,0x00,0x00,0x00,0x00,0x00,0x00,0x00,0x00,0x00,
  0x00,0x00,0x00,0x00,0x00,0x00,0x00,0x00,0x00,0x00,0x00,0x00,
  0x00,0x00,0x00,0x00,0x00,0x00,0x00,0x00,0x00,0x00,0x00,0x00,
  0x00,0x00,0x00,0x00,0x00,0x00,0x00,0x00,0x00,0x00,0x00,0x00,
  0x00,0x00,0x00,0x00,0x00,0x00,0x00,0x00,0x00,0x00,0x00,0x00,
  0x00,0x00,0x00,0x00,0x00,0x00,0x00,0x00,0x00,0x00,0x00,0x00,
  0x00,0x00,0x00,0x00,0x00,0x00,0x00,0x00,0x00,0x00,0x00,0x00,
  0x00,0x00,0x00,0x00,0x00,0x00,0x00,0x00,0x00,0x00,0x00,0x00,
  0x00,0x00,0x00,0x00,0x00,0x00,0x00,0x00,0x00,0x00,0x00,0x00,
  0x00,0x00,0x00,0x00,0x00,0x00,0x00,0x00,0x00,0x00,0x00,0x00,
  0x00,0x00,0x00,0x00,0x00,0x00,0x00,0x00,0x00,0x00,0x00,0x00,
  0x00,0x00,0x00,0x00,0x00,0x00,0x00,0x00,0x00,0x00,0x00,0x00,
  0x00,0x00,0x00,0x00,0x00,0x00,0x00,0x00,0x00,0x00,0x00,0x00,
  0x00,0x00,0x00,0x00,0x00,0x00,0x00,0x00,0x00,0x00,0x00,0x00,
  0x00,0x00,0x00,0x00,0x00,0x00,0x00,0x00,0x00,0x00,0x00,0x00,
  0x00,0x00,0x00,0x00,0x00,0x00,0x00,0x00,0x00,0x00,0x00,0x00,
  0x00,0x00,0x00,0x00,0x00,0x00,0x00,0x00,0x00,0x00,0x00,0x00,
  0x00,0x00,0x00,0x00,0x00,0x00,0x00,0x00,0x00,0x00,0x00,0x00,
  0x00,0x00,0x00,0x00,0x00,0x00,0x00,0x00,0x00,0x00,0x00,0x00,
  0x00,0x00,0x00,0x00,0x3F,0x3F,0x00,0x04,0x00,0x00,0x00,0x00,
  0x3E,0x46,0x09,0xA2,0x45,0x72,0x11,0xFD,0x40,0x6B,0x0F,0xF9,
  0x3E,0x6A,0x0E,0xFC,0x3B,0x6B,0x10,0xFC,0x3B,0x6C,0x12,0xFC,
  0x3A,0x71,0x19,0xFF,0x31,0x75,0x23,0xFF,0x34,0x70,0x23,0xFF,
  0x3A,0x6F,0x28,0xFF,0x28,0x5D,0x17,0xFF,0x8B,0x9F,0x7D,0xFF,
  0xFD,0xFD,0xFE,0xFF,0xED,0xF2,0xEA,0xFF,0xD2,0xDA,0xD7,0xFF,
  0x35,0x64,0x21,0xFF,0x32,0x72,0x1B,0xFF,0x30,0x73,0x23,0xFF,
  0x35,0x8B,0x42,0xFF,0x38,0x97,0x4D,0xFF,0x37,0x96,0x4D,0xFF,
  0x36,0x96,0x4C,0xFF,0x34,0x93,0x47,0xFF,0x34,0x92,0x44,0xFD,
  0x32,0x8E,0x42,0xFD,0x32,0x8A,0x40,0xF8,0x31,0x8B,0x3B,0xFC,
  0x27,0x3D,0x10,0x89,0x00,0x00,0x00,0x00,0x55,0x55,0x00,0x03,
  0x00,0x00,0x00,0x00,0x00,0x00,0x00,0x00,0x00,0x00,0x00,0x00,
  0x00,0x00,0x00,0x00,0x00,0x00,0x00,0x00,0x00,0x00,0x00,0x00,
  0x00,0x00,0x00,0x00,0x00,0x00,0x00,0x00,0x00,0x00,0x00,0x00,
  0x00,0x00,0x00,0x00,0x00,0x00,0x00,0x00,0x00,0x00,0x00,0x00,
  0x00,0x00,0x00,0x00,0x00,0x00,0x00,0x00,0x00,0x00,0x00,0x00,
  0x00,0x00,0x00,0x00,0x00,0x00,0x00,0x00,0x00,0x00,0x00,0x00,
  0x00,0x00,0x00,0x00,0x00,0x00,0x00,0x00,0x00,0x00,0x00,0x00,
  0x00,0x00,0x00,0x00,0x00,0x00,0x00,0x00,0x00,0x00,0x00,0x00,
  0x00,0x00,0x00,0x00,0x00,0x00,0x00,0x00,0x00,0x00,0x00,0x00,
  0x33,0x66,0x00,0x05,0x00,0x00,0x00,0x00,0x4C,0x52,0x04,0x9A,
  0x4B,0x65,0x03,0xFC,0x44,0x5C,0x03,0xF8,0x3F,0x5A,0x03,0xFC,
  0x3A,0x5A,0x07,0xFC,0x37,0x57,0x08,0xFF,0x37,0x54,0x07,0xFF,
  0x32,0x81,0x39,0xFF,0x30,0x92,0x48,0xFF,0x2C,0x92,0x47,0xFF,
  0x30,0x83,0x36,0xFF,0x38,0x6D,0x19,0xFF,0x38,0x72,0x20,0xFF,
  0x3E,0x71,0x1D,0xFF,0x3E,0x70,0x1A,0xFF,0x3E,0x6E,0x14,0xFF,
  0x38,0x83,0x31,0xFF,0x33,0xA8,0x64,0xFF,0x33,0x9F,0x5C,0xFF,
  0x34,0x9D,0x59,0xFF,0x33,0x9A,0x56,0xFF,0x33,0x9A,0x56,0xFF,
  0x33,0x9E,0x58,0xFF,0x36,0x88,0x3C,0xFF,0x34,0x81,0x2E,0xFE,
  0x36,0x8D,0x35,0xFC,0x39,0x7F,0x34,0xFC,0x34,0x57,0x2B,0x1D,
  0x00,0x00,0x00,0x00,0x00,0xFF,0x00,0x01,0x00,0x00,0x00,0x00,
  0x00,0x00,0x00,0x00,0x00,0x00,0x00,0x00,0x00,0x00,0x00,0x00,
  0x00,0x00,0x00,0x00,0x00,0x00,0x00,0x00,0x00,0x00,0x00,0x00,
  0x00,0x00,0x00,0x00,0x00,0x00,0x00,0x00,0x00,0x00,0x00,0x00,
  0x00,0x00,0x00,0x00,0x00,0x00,0x00,0x00,0x00,0x00,0x00,0x00,
  0x00,0x00,0x00,0x01,0x1F,0x5F,0x1F,0x08,0x00,0x7F,0x00,0x02,
  0x36,0x55,0x1E,0x95,0x3B,0x81,0x33,0xFF,0x3C,0x7A,0x33,0xFB,
  0x3F,0x81,0x33,0xFF,0x3A,0x80,0x32,0xFF,0x3B,0x4B,0x11,0xFA,
  0x44,0x51,0x0C,0xFE,0x45,0x5A,0x11,0xFF,0x38,0x86,0x3C,0xFF,
  0x37,0x8C,0x41,0xFF,0x38,0x89,0x3E,0xFF,0x39,0x87,0x3E,0xFF,
  0x3A,0x84,0x3E,0xFE,0x3B,0x89,0x3E,0xFF,0x38,0x7A,0x37,0xFA,
  0x39,0x45,0x22,0x16,0x7F,0x7F,0x00,0x02,0x00,0x55,0x00,0x03,
  0x00,0x00,0x00,0x00,0x00,0x00,0x00,0x00,0x00,0x00,0x00,0x00,
  0x00,0x00,0x00,0x01,0x00,0x00,0x00,0x00,0x3F,0x3F,0x00,0x08,
  0x3B,0x42,0x02,0xDF,0x3F,0x46,0x04,0xFF,0x3F,0x4A,0x07,0xFF,
  0x3E,0x4D,0x0A,0xFF,0x39,0x50,0x0B,0xFF,0x34,0x51,0x0C,0xFF,
  0x34,0x59,0x12,0xFF,0x34,0x5B,0x14,0xFF,0x35,0x5A,0x18,0xFF,
  0x36,0x5B,0x18,0xFF,0x34,0x5C,0x16,0xFE,0x35,0x51,0x0F,0xFF,
  0x34,0x3B,0x0E,0xEC,0x33,0x3C,0x11,0xAE,0x34,0x3E,0x14,0x98,
  0x3F,0x4F,0x1F,0x10,0x00,0x01,0x01,0x00,0x00,0x01,0x00,0x00,
  0x00,0x00,0x00,0x01,0x00,0x00,0x00,0x00,0x00,0x00,0x00,0x00,
  0x00,0x00,0x00,0x00,0x00,0x00,0x00,0x00,0x00,0x00,0x00,0x00,
  0x00,0x00,0x00,0x00,0x00,0x00,0x00,0x00,0x00,0x00,0x00,0x00,
  0x00,0x00,0x00,0x00,0x00,0x00,0x00,0x00,0x00,0x00,0x00,0x00,
  0x00,0x00,0x00,0x00,0x00,0x00,0x00,0x00,0x00,0x00,0x00,0x00,
  0x00,0x00,0x00,0x00,0x00,0x00,0x00,0x00,0x00,0x00,0x00,0x00,
  0x00,0x00,0x00,0x00,0x00,0x00,0x00,0x00,0x00,0x00,0x00,0x00,
  0x00,0x00,0x00,0x00,0x00,0x00,0x00,0x00,0x00,0x00,0x00,0x00,
  0x00,0x00,0x00,0x00,0x00,0x00,0x00,0x00,0x00,0x00,0x00,0x00,
  0x00,0x00,0x00,0x00,0x00,0x00,0x00,0x00,0x00,0x00,0x00,0x00,
  0x00,0x00,0x00,0x00,0x00,0x00,0x00,0x00,0x00,0x00,0x00,0x00,
  0x00,0x00,0x00,0x00,0x00,0x00,0x00,0x00,0x00,0x00,0x00,0x00,
  0x00,0x00,0x00,0x00,0x00,0x00,0x00,0x00,0x00,0x00,0x00,0x00,
  0x00,0x00,0x00,0x00,0x00,0x00,0x00,0x00,0x00,0x00,0x00,0x00,
  0x00,0x00,0x00,0x00,0x00,0x00,0x00,0x00,0x00,0x00,0x00,0x00,
  0x00,0x00,0x00,0x00,0x00,0x00,0x00,0x01,0x00,0x00,0x00,0x00,
  0x00,0x00,0x00,0x00,0x00,0x00,0x00,0x00,0x00,0x7F,0x00,0x02,
  0x00,0x00,0x00,0x01,0x00,0x00,0x00,0x00,0x00,0x00,0x00,0x00,
  0x00,0x00,0x00,0x00,0x00,0x00,0x00,0x00,0x00,0x00,0x00,0x00,
  0x00,0x00,0x00,0x00,0x00,0x00,0x00,0x00,0x00,0x00,0x00,0x00,
  0x00,0x00,0x00,0x00,0x00,0x00,0x00,0x00,0x00,0x00,0x00,0x00,
  0x00,0x00,0x00,0x00,0x00,0x00,0x00,0x00,0x00,0x00,0x00,0x00,
  0x00,0x00,0x00,0x00,0x00,0x00,0x00,0x00,0x00,0x00,0x00,0x00,
  0x00,0x00,0x00,0x00,0x00,0x00,0x00,0x00,0x00,0x00,0x00,0x00,
  0x00,0x00,0x00,0x00,0x00,0x00,0x00,0x00,0x00,0x00,0x00,0x00,
  0x00,0x00,0x00,0x00,0x00,0x00,0x00,0x00,0x00,0x00,0x00,0x00,
  0x00,0x00,0x00,0x00,0x00,0x00,0x00,0x00,0x00,0x00,0x00,0x00,
  0x00,0x00,0x00,0x00,0x00,0x00,0x00,0x00,0x00,0x00,0x00,0x00,
  0x00,0x00,0x00,0x00,0x00,0x00,0x00,0x00,0x00,0x00,0x00,0x00,
  0x00,0x00,0x00,0x01,0x00,0x00,0x00,0x01,0x00,0x00,0x00,0x00,
  0x00,0x00,0x00,0x01,0x33,0x33,0x00,0x05,0x00,0x00,0x00,0x01,
  0x3E,0x47,0x08,0x9C,0x46,0x70,0x0F,0xFF,0x3F,0x68,0x0E,0xFC,
  0x3E,0x66,0x0E,0xFF,0x3B,0x66,0x0F,0xFF,0x3A,0x67,0x11,0xFF,
  0x36,0x6D,0x16,0xFE,0x31,0x71,0x20,0xFF,0x33,0x6F,0x22,0xFF,
  0x40,0x72,0x2E,0xFF,0x2D,0x60,0x1B,0xFF,0x92,0xA2,0x7C,0xFF,
  0xFD,0xFE,0xFF,0xFF,0xEF,0xF5,0xEE,0xFF,0xD2,0xDB,0xD9,0xFF,
  0x33,0x60,0x1D,0xFF,0x31,0x70,0x13,0xFF,0x2E,0x71,0x19,0xFF,
  0x34,0x8C,0x3F,0xFF,0x38,0x98,0x4D,0xFF,0x37,0x98,0x4D,0xFF,
  0x36,0x98,0x4C,0xFF,0x35,0x95,0x48,0xFF,0x35,0x91,0x44,0xFF,
  0x33,0x8C,0x42,0xFF,0x32,0x87,0x3D,0xFB,0x33,0x83,0x35,0xFF,
  0x2A,0x39,0x0C,0x8A,0x00,0x00,0x00,0x00,0x33,0x33,0x00,0x05,
  0x00,0x00,0x00,0x00,0x00,0x00,0x00,0x00,0x00,0x00,0x00,0x00,
  0x00,0x00,0x00,0x00,0x00,0x00,0x00,0x00,0x00,0x00,0x00,0x00,
  0x00,0x00,0x00,0x00,0x00,0x00,0x00,0x00,0x00,0x00,0x00,0x00,
  0x00,0x00,0x00,0x00,0x00,0x00,0x00,0x00,0x00,0x00,0x00,0x00,
  0x00,0x00,0x00,0x00,0x00,0x00,0x00,0x00,0x00,0x00,0x00,0x00,
  0x00,0x00,0x00,0x00,0x00,0x00,0x00,0x00,0x00,0x00,0x00,0x00,
  0x00,0x00,0x00,0x00,0x00,0x00,0x00,0x00,0x00,0x00,0x00,0x00,
  0x00,0x00,0x00,0x00,0x00,0x00,0x00,0x00,0x00,0x00,0x00,0x00,
  0x00,0x00,0x00,0x00,0x00,0x00,0x00,0x00,0x00,0x00,0x00,0x00,
  0x2A,0x55,0x00,0x06,0x00,0x00,0x00,0x01,0x4A,0x4D,0x03,0x9A,
  0x4C,0x60,0x03,0xFF,0x45,0x58,0x03,0xFB,0x41,0x58,0x03,0xFF,
  0x3A,0x5A,0x06,0xFF,0x37,0x5C,0x0B,0xFF,0x35,0x5A,0x0D,0xFF,
  0x32,0x80,0x38,0xFF,0x2E,0x91,0x46,0xFF,0x2C,0x93,0x48,0xFF,
  0x31,0x80,0x35,0xFF,0x38,0x6A,0x18,0xFF,0x36,0x70,0x1F,0xFF,
  0x3A,0x74,0x21,0xFF,0x3B,0x75,0x22,0xFF,0x3A,0x72,0x18,0xFF,
  0x37,0x85,0x33,0xFF,0x33,0xA6,0x62,0xFF,0x33,0xA0,0x5A,0xFF,
  0x34,0x9D,0x59,0xFF,0x34,0x9C,0x57,0xFF,0x34,0x9C,0x57,0xFF,
  0x33,0x9E,0x5A,0xFF,0x37,0x8A,0x3D,0xFF,0x37,0x7E,0x2B,0xFF,
  0x37,0x84,0x2E,0xFF,0x3A,0x77,0x2A,0xFA,0x3F,0x55,0x1F,0x18,
  0x00,0x00,0x00,0x01,0x00,0xFF,0x00,0x01,0x00,0x00,0x00,0x00,
  0x00,0x00,0x00,0x00,0x00,0x00,0x00,0x00,0x00,0x00,0x00,0x00,
  0x00,0x00,0x00,0x00,0x00,0x00,0x00,0x00,0x00,0x00,0x00,0x00,
  0x00,0x00,0x00,0x00,0x00,0x00,0x00,0x00,0x00,0x00,0x00,0x00,
  0x00,0x00,0x00,0x00,0x00,0x00,0x00,0x00,0x00,0x00,0x00,0x00,
  0x00,0x7F,0x00,0x02,0x27,0x62,0x27,0x0D,0x2A,0x55,0x2A,0x06,
  0x39,0x57,0x1B,0x97,0x3C,0x84,0x34,0xFF,0x3C,0x7C,0x33,0xFB,
  0x3F,0x83,0x33,0xFF,0x3C,0x82,0x35,0xFF,0x3D,0x4D,0x12,0xFF,
  0x45,0x53,0x0C,0xFF,0x46,0x5C,0x10,0xFF,0x38,0x87,0x3C,0xFF,
  0x36,0x8E,0x40,0xFF,0x38,0x8B,0x3F,0xFF,0x39,0x8A,0x3E,0xFF,
  0x39,0x86,0x3E,0xFE,0x3A,0x8B,0x3E,0xFF,0x37,0x7D,0x35,0xFA,
  0x35,0x55,0x1F,0x18,0x2A,0x55,0x00,0x06,0x33,0x66,0x00,0x05,
  0x00,0x00,0x00,0x01,0x00,0x00,0x00,0x00,0x00,0x00,0x00,0x00,
  0x00,0x00,0x00,0x01,0x00,0x00,0x00,0x00,0x55,0xAA,0x00,0x03,
  0x37,0x40,0x02,0xD4,0x3B,0x45,0x03,0xFF,0x3E,0x4C,0x09,0xFF,
  0x3D,0x50,0x0E,0xFF,0x39,0x52,0x10,0xFF,0x33,0x50,0x0D,0xFF,
  0x32,0x57,0x11,0xFF,0x34,0x5B,0x13,0xFF,0x36,0x5A,0x18,0xFF,
  0x35,0x5C,0x19,0xFF,0x33,0x5C,0x17,0xFF,0x33,0x50,0x10,0xFF,
  0x34,0x39,0x0E,0xF8,0x30,0x3E,0x11,0x94,0x32,0x3F,0x17,0x84,
  0x2F,0x4F,0x2F,0x10,0x01,0x02,0x01,0x00,0x01,0x01,0x01,0x00,
  0x00,0x00,0x00,0x05,0x00,0x00,0x00,0x00,0x00,0x00,0x00,0x00,
  0x00,0x00,0x00,0x00,0x00,0x00,0x00,0x00,0x00,0x00,0x00,0x00,
  0x00,0x00,0x00,0x00,0x00,0x00,0x00,0x00,0x00,0x00,0x00,0x00,
  0x00,0x00,0x00,0x00,0x00,0x00,0x00,0x00,0x00,0x00,0x00,0x00,
  0x00,0x00,0x00,0x00,0x00,0x00,0x00,0x00,0x00,0x00,0x00,0x00,
  0x00,0x00,0x00,0x00,0x00,0x00,0x00,0x00,0x00,0x00,0x00,0x00,
  0x00,0x00,0x00,0x00,0x00,0x00,0x00,0x00,0x00,0x00,0x00,0x00,
  0x00,0x00,0x00,0x00,0x00,0x00,0x00,0x00,0x00,0x00,0x00,0x00,
  0x00,0x00,0x00,0x00,0x00,0x00,0x00,0x00,0x00,0x00,0x00,0x00,
  0x00,0x00,0x00,0x00,0x00,0x00,0x00,0x00,0x00,0x00,0x00,0x00,
  0x00,0x00,0x00,0x00,0x00,0x00,0x00,0x00,0x00,0x00,0x00,0x00,
  0x00,0x00,0x00,0x00,0x00,0x00,0x00,0x00,0x00,0x00,0x00,0x00,
  0x00,0x00,0x00,0x00,0x00,0x00,0x00,0x00,0x00,0x00,0x00,0x00,
  0x00,0x00,0x00,0x00,0x00,0x00,0x00,0x00,0x00,0x00,0x00,0x00,
  0x00,0x00,0x00,0x00,0x00,0x00,0x00,0x00,0x00,0x00,0x00,0x00,
  0x00,0x00,0x00,0x01,0x00,0x3F,0x00,0x04,0x00,0x00,0x00,0x01,
  0x00,0x00,0x00,0x00,0x00,0x00,0x00,0x00,0x33,0x33,0x33,0x05,
  0x55,0x55,0x00,0x03,0x00,0x00,0x00,0x00,0x00,0x00,0x00,0x00,
  0x00,0x00,0x00,0x00,0x00,0x00,0x00,0x00,0x00,0x00,0x00,0x00,
  0x00,0x00,0x00,0x00,0x00,0x00,0x00,0x00,0x00,0x00,0x00,0x00,
  0x00,0x00,0x00,0x00,0x00,0x00,0x00,0x00,0x00,0x00,0x00,0x00,
  0x00,0x00,0x00,0x00,0x00,0x00,0x00,0x00,0x00,0x00,0x00,0x00,
  0x00,0x00,0x00,0x00,0x00,0x00,0x00,0x00,0x00,0x00,0x00,0x00,
  0x00,0x00,0x00,0x00,0x00,0x00,0x00,0x00,0x00,0x00,0x00,0x00,
  0x00,0x00,0x00,0x00,0x00,0x00,0x00,0x00,0x00,0x00,0x00,0x00,
  0x00,0x00,0x00,0x00,0x00,0x00,0x00,0x00,0x00,0x00,0x00,0x00,
  0x00,0x00,0x00,0x00,0x00,0x00,0x00,0x00,0x00,0x00,0x00,0x00,
  0x00,0x00,0x00,0x00,0x00,0x00,0x00,0x00,0x00,0x00,0x00,0x00,
  0x00,0x00,0x00,0x00,0x00,0x00,0x00,0x00,0x00,0x00,0x00,0x00,
  0x00,0x7F,0x00,0x02,0x00,0x7F,0x00,0x02,0x00,0x00,0x00,0x01,
  0x00,0x00,0x00,0x02,0x48,0x48,0x00,0x07,0x3F,0x3F,0x00,0x04,
  0x3D,0x48,0x08,0x9A,0x44,0x6F,0x0E,0xFF,0x3D,0x69,0x0D,0xFC,
  0x3E,0x69,0x0F,0xFF,0x3C,0x6A,0x11,0xFF,0x3B,0x6B,0x14,0xFF,
  0x36,0x6E,0x17,0xFF,0x31,0x6E,0x1F,0xFF,0x33,0x6F,0x23,0xFF,
  0x44,0x72,0x32,0xFF,0x31,0x61,0x1E,0xFF,0x92,0x9F,0x7A,0xFF,
  0xFB,0xFE,0xFF,0xFF,0xEF,0xF6,0xF2,0xFF,0xD3,0xDB,0xDA,0xFF,
  0x33,0x5D,0x1C,0xFF,0x32,0x70,0x11,0xFF,0x2E,0x72,0x17,0xFF,
  0x32,0x8C,0x3D,0xFF,0x37,0x99,0x4C,0xFF,0x38,0x9A,0x4D,0xFF,
  0x36,0x9A,0x4C,0xFF,0x35,0x98,0x49,0xFF,0x35,0x93,0x45,0xFF,
  0x32,0x8D,0x41,0xFF,0x30,0x89,0x3C,0xFA,0x32,0x84,0x32,0xFF,
  0x2B,0x3C,0x0D,0x86,0x00,0x00,0x00,0x00,0x24,0x24,0x00,0x07,
  0x00,0x00,0x00,0x00,0x00,0x00,0x00,0x00,0x00,0x00,0x00,0x00,
  0x00,0x00,0x00,0x00,0x00,0x00,0x00,0x00,0x00,0x00,0x00,0x00,
  0x00,0x00,0x00,0x00,0x00,0x00,0x00,0x00,0x00,0x00,0x00,0x00,
  0x00,0x00,0x00,0x00,0x00,0x00,0x00,0x00,0x00,0x00,0x00,0x00,
  0x00,0x00,0x00,0x00,0x00,0x00,0x00,0x00,0x00,0x00,0x00,0x00,
  0x00,0x00,0x00,0x00,0x00,0x00,0x00,0x00,0x00,0x00,0x00,0x00,
  0x00,0x00,0x00,0x00,0x00,0x00,0x00,0x00,0x00,0x00,0x00,0x00,
  0x00,0x00,0x00,0x00,0x00,0x00,0x00,0x00,0x00,0x00,0x00,0x00,
  0x00,0x00,0x00,0x00,0x00,0x00,0x00,0x00,0x00,0x00,0x00,0x00,
  0x24,0x48,0x00,0x07,0x3F,0x3F,0x00,0x04,0x4B,0x4E,0x04,0x9C,
  0x4E,0x63,0x04,0xFF,0x45,0x59,0x03,0xFB,0x42,0x5A,0x04,0xFF,
  0x3B,0x5C,0x07,0xFF,0x38,0x5E,0x0D,0xFF,0x34,0x5A,0x0C,0xFF,
  0x30,0x7E,0x37,0xFF,0x2D,0x91,0x47,0xFF,0x2C,0x93,0x49,0xFF,
  0x31,0x7D,0x31,0xFF,0x37,0x67,0x16,0xFF,0x36,0x70,0x1E,0xFF,
  0x38,0x71,0x1F,0xFF,0x3A,0x73,0x21,0xFF,0x3A,0x71,0x17,0xFF,
  0x38,0x84,0x30,0xFF,0x33,0xA6,0x5F,0xFF,0x33,0xA2,0x58,0xFF,
  0x34,0x9E,0x58,0xFF,0x34,0x9D,0x58,0xFF,0x33,0x9D,0x58,0xFF,
  0x33,0x9F,0x5B,0xFF,0x35,0x8A,0x3D,0xFF,0x39,0x80,0x2D,0xFF,
  0x38,0x8A,0x30,0xFF,0x3B,0x79,0x2B,0xFB,0x3F,0x48,0x1B,0x1C,
  0x55,0x55,0x00,0x03,0x00,0x7F,0x00,0x02,0x00,0x00,0x00,0x00,
  0x00,0x00,0x00,0x00,0x00,0x00,0x00,0x00,0x00,0x00,0x00,0x00,
  0x00,0x00,0x00,0x00,0x00,0x00,0x00,0x00,0x00,0x00,0x00,0x00,
  0x00,0x00,0x00,0x00,0x00,0x00,0x00,0x00,0x00,0x00,0x00,0x00,
  0x00,0x00,0x00,0x00,0x00,0x00,0x00,0x00,0x00,0x00,0x00,0x00,
  0x00,0x00,0x00,0x00,0x00,0x00,0x00,0x00,0x00,0x00,0x00,0x00,
  0x37,0x4F,0x11,0x93,0x3C,0x86,0x33,0xFF,0x3B,0x7E,0x32,0xFB,
  0x3E,0x85,0x32,0xFF,0x3B,0x84,0x36,0xFF,0x40,0x4B,0x11,0xFF,
  0x45,0x52,0x0C,0xFF,0x46,0x5C,0x11,0xFF,0x35,0x8C,0x40,0xFF,
  0x36,0x91,0x41,0xFF,0x39,0x8E,0x40,0xFF,0x38,0x8B,0x3F,0xFF,
  0x38,0x8A,0x3F,0xFE,0x38,0x8D,0x3E,0xFF,0x36,0x7F,0x32,0xFC,
  0x00,0x3F,0x0F,0x10,0x00,0x00,0x00,0x00,0x00,0x00,0x00,0x00,
  0x00,0x00,0x00,0x00,0x00,0x00,0x00,0x00,0x00,0x00,0x00,0x00,
  0x00,0x00,0x00,0x04,0x09,0x00,0x09,0x1B,0x06,0x00,0x06,0x28,
  0x35,0x41,0x03,0xC9,0x3B,0x44,0x02,0xFE,0x39,0x3D,0x00,0xD4,
  0x3A,0x3D,0x00,0xEA,0x34,0x3C,0x00,0xF3,0x33,0x46,0x06,0xFF,
  0x33,0x58,0x12,0xFF,0x34,0x5B,0x13,0xFF,0x37,0x5B,0x19,0xFF,
  0x37,0x5C,0x16,0xFF,0x35,0x5C,0x16,0xFF,0x33,0x52,0x13,0xFF,
  0x35,0x3A,0x0F,0xFE,0x31,0x3C,0x0F,0xA0,0x34,0x41,0x16,0x89,
  0x12,0x09,0x09,0x1C,0x00,0x00,0x00,0x1C,0x00,0x00,0x00,0x25,
  0x00,0x00,0x00,0x0A,0x00,0x00,0x00,0x00,0x00,0x00,0x00,0x00,
  0x00,0x00,0x00,0x00,0x00,0x00,0x00,0x00,0x00,0x00,0x00,0x00,
  0x00,0x00,0x00,0x00,0x00,0x00,0x00,0x00,0x00,0x00,0x00,0x00,
  0x00,0x00,0x00,0x00,0x00,0x00,0x00,0x00,0x00,0x00,0x00,0x00,
  0x00,0x00,0x00,0x00,0x00,0x00,0x00,0x00,0x00,0x00,0x00,0x00,
  0x00,0x00,0x00,0x00,0x00,0x00,0x00,0x00,0x00,0x00,0x00,0x00,
  0x00,0x00,0x00,0x00,0x00,0x00,0x00,0x00,0x00,0x00,0x00,0x00,
  0x00,0x00,0x00,0x00,0x00,0x00,0x00,0x00,0x00,0x00,0x00,0x00,
  0x00,0x00,0x00,0x00,0x00,0x00,0x00,0x00,0x00,0x00,0x00,0x00,
  0x00,0x00,0x00,0x00,0x00,0x00,0x00,0x00,0x00,0x00,0x00,0x00,
  0x00,0x00,0x00,0x00,0x00,0x00,0x00,0x00,0x00,0x00,0x00,0x00,
  0x00,0x00,0x00,0x00,0x00,0x00,0x00,0x00,0x00,0x00,0x00,0x00,
  0x00,0x00,0x00,0x00,0x00,0x00,0x00,0x00,0x00,0x00,0x00,0x00,
  0x00,0x00,0x00,0x00,0x00,0x00,0x00,0x00,0x00,0x00,0x00,0x00,
  0x00,0x00,0x00,0x00,0x00,0x00,0x00,0x00,0x00,0x00,0x00,0x00,
  0x00,0x01,0x01,0x00,0x00,0x00,0x01,0x00,0x00,0x00,0x01,0x00,
  0x00,0x00,0x00,0x00,0x00,0x00,0x00,0x02,0x00,0x00,0x00,0x00,
  0x00,0x00,0x00,0x00,0x00,0x00,0x00,0x01,0x00,0x00,0x00,0x00,
  0x00,0x00,0x00,0x00,0x00,0x00,0x00,0x00,0x00,0x00,0x00,0x00,
  0x00,0x00,0x00,0x00,0x00,0x00,0x00,0x00,0x00,0x00,0x00,0x00,
  0x00,0x00,0x00,0x00,0x00,0x00,0x00,0x00,0x00,0x00,0x00,0x00,
  0x00,0x00,0x00,0x00,0x00,0x00,0x00,0x00,0x00,0x00,0x00,0x00,
  0x00,0x00,0x00,0x00,0x00,0x00,0x00,0x00,0x00,0x00,0x00,0x00,
  0x00,0x00,0x00,0x00,0x00,0x00,0x00,0x00,0x00,0x00,0x00,0x00,
  0x00,0x00,0x00,0x00,0x00,0x00,0x00,0x00,0x00,0x00,0x00,0x00,
  0x00,0x00,0x00,0x00,0x00,0x00,0x00,0x00,0x00,0x00,0x00,0x00,
  0x00,0x00,0x00,0x00,0x00,0x00,0x00,0x00,0x00,0x00,0x00,0x00,
  0x00,0x00,0x00,0x00,0x00,0x00,0x00,0x00,0x00,0x00,0x00,0x00,
  0x00,0x00,0x00,0x00,0x00,0x00,0x00,0x00,0x00,0x00,0x00,0x02,
  0x00,0x00,0x00,0x00,0x00,0x00,0x00,0x00,0x01,0x00,0x00,0x00,
  0x00,0x00,0x00,0x00,0x00,0x00,0x00,0x00,0x00,0x00,0x00,0x00,
  0x3B,0x4B,0x08,0x8E,0x44,0x72,0x0F,0xFF,0x3D,0x6C,0x0E,0xFC,
  0x3F,0x6B,0x10,0xFF,0x3C,0x69,0x10,0xFF,0x3B,0x69,0x12,0xFF,
  0x37,0x6F,0x17,0xFF,0x33,0x73,0x23,0xFF,0x29,0x65,0x1C,0xFF,
  0x27,0x52,0x13,0xFF,0x17,0x3E,0x00,0xFF,0x80,0x8C,0x6E,0xFF,
  0xFF,0xFF,0xFF,0xFF,0xFF,0xFB,0xF5,0xFF,0xDF,0xE2,0xDF,0xFF,
  0x2A,0x4D,0x14,0xFF,0x1E,0x55,0x00,0xFF,0x26,0x6B,0x13,0xFF,
  0x35,0x96,0x48,0xFF,0x38,0x9D,0x50,0xFF,0x38,0x9B,0x4D,0xFF,
  0x37,0x9B,0x4D,0xFF,0x35,0x97,0x47,0xFF,0x35,0x92,0x44,0xFF,
  0x32,0x8F,0x42,0xFF,0x30,0x8D,0x3E,0xFA,0x2D,0x88,0x37,0xFF,
  0x2A,0x3D,0x0D,0x84,0x33,0x33,0x00,0x05,0x2A,0x2A,0x00,0x0C,
  0x7F,0x7F,0x00,0x02,0x00,0x00,0x00,0x00,0x00,0x00,0x00,0x00,
  0x00,0x00,0x00,0x00,0x00,0x00,0x00,0x00,0x00,0x00,0x00,0x00,
  0x00,0x00,0x00,0x00,0x00,0x00,0x00,0x00,0x00,0x00,0x00,0x00,
  0x00,0x00,0x00,0x00,0x00,0x00,0x00,0x00,0x00,0x00,0x00,0x00,
  0x00,0x00,0x00,0x00,0x00,0x00,0x00,0x00,0x00,0x00,0x00,0x00,
  0x00,0x00,0x00,0x00,0x00,0x00,0x00,0x00,0x00,0x00,0x00,0x00,
  0x00,0x00,0x00,0x00,0x00,0x00,0x00,0x00,0x00,0x00,0x00,0x00,
  0x00,0x00,0x00,0x00,0x00,0x00,0x00,0x00,0x00,0x00,0x00,0x00,
  0x00,0x00,0x00,0x00,0x00,0x00,0x00,0x00,0x00,0x00,0x00,0x01,
  0x00,0x7F,0x00,0x02,0x00,0x00,0x00,0x00,0x4C,0x51,0x07,0x90,
  0x4F,0x66,0x04,0xFF,0x46,0x5B,0x03,0xFB,0x42,0x5A,0x04,0xFF,
  0x3E,0x5A,0x06,0xFF,0x39,0x5C,0x0A,0xFF,0x34,0x58,0x0A,0xFF,
  0x30,0x81,0x3C,0xFF,0x2E,0x96,0x4E,0xFF,0x2D,0x96,0x51,0xFF,
  0x31,0x7C,0x30,0xFF,0x37,0x67,0x14,0xFF,0x36,0x71,0x1E,0xFF,
  0x38,0x6F,0x1D,0xFF,0x3B,0x70,0x1F,0xFF,0x3B,0x6F,0x17,0xFF,
  0x38,0x86,0x33,0xFF,0x33,0xA7,0x62,0xFF,0x34,0xA3,0x59,0xFF,
  0x34,0xA0,0x5C,0xFF,0x34,0xA0,0x5A,0xFF,0x33,0xA0,0x58,0xFF,
  0x33,0xA1,0x5C,0xFF,0x34,0x8B,0x3D,0xFF,0x39,0x81,0x2D,0xFF,
  0x37,0x8D,0x32,0xFF,0x3A,0x7A,0x2B,0xFB,0x66,0x99,0x99,0x05,
  0x00,0x00,0x00,0x00,0x00,0x01,0x00,0x00,0x00,0x00,0x00,0x00,
  0x00,0x00,0x00,0x00,0x00,0x00,0x00,0x00,0x00,0x00,0x00,0x00,
  0x00,0x00,0x00,0x00,0x00,0x00,0x00,0x00,0x00,0x00,0x00,0x00,
  0x00,0x00,0x00,0x00,0x00,0x00,0x00,0x00,0x00,0x00,0x00,0x00,
  0x00,0x00,0x00,0x00,0x00,0x00,0x00,0x00,0x00,0x00,0x00,0x00,
  0x00,0x00,0x00,0x01,0x27,0x3A,0x00,0x0D,0x3F,0x3F,0x00,0x04,
  0x35,0x4F,0x10,0xA7,0x3B,0x87,0x34,0xFF,0x3A,0x80,0x31,0xFB,
  0x3C,0x85,0x31,0xFF,0x3A,0x83,0x35,0xFF,0x42,0x4A,0x0E,0xFF,
  0x47,0x52,0x0A,0xFF,0x46,0x5D,0x11,0xFF,0x33,0x8F,0x43,0xFF,
  0x36,0x93,0x43,0xFF,0x3A,0x8E,0x42,0xFF,0x38,0x8B,0x40,0xFF,
  0x38,0x8B,0x3F,0xFF,0x38,0x8D,0x3E,0xFF,0x36,0x80,0x30,0xFF,
  0x26,0x50,0x0C,0x3C,0x33,0x33,0x00,0x05,0x33,0x66,0x00,0x05,
  0x00,0x00,0x00,0x00,0x00,0x00,0x00,0x00,0x00,0x00,0x00,0x00,
  0x00,0x00,0x00,0x04,0x04,0x04,0x09,0x35,0x0C,0x09,0x06,0x55,
  0x34,0x41,0x03,0xC9,0x3C,0x42,0x02,0xFF,0x31,0x3B,0x01,0xB0,
  0x38,0x3B,0x01,0xD7,0x31,0x38,0x01,0xE9,0x32,0x41,0x04,0xFF,
  0x35,0x56,0x10,0xFF,0x35,0x5B,0x14,0xFF,0x38,0x5C,0x18,0xFF,
  0x37,0x57,0x11,0xFF,0x37,0x58,0x10,0xFF,0x36,0x52,0x13,0xFF,
  0x35,0x3B,0x0F,0xF7,0x2F,0x3A,0x0E,0xAB,0x35,0x43,0x14,0x89,
  0x18,0x0E,0x07,0x48,0x15,0x02,0x00,0x6B,0x13,0x00,0x00,0x75,
  0x00,0x00,0x00,0x0F,0x00,0x00,0x00,0x00,0x00,0x00,0x00,0x01,
  0x00,0x00,0x00,0x00,0x00,0x00,0x00,0x00,0x00,0x00,0x00,0x00,
  0x00,0x00,0x00,0x00,0x00,0x00,0x00,0x00,0x00,0x00,0x00,0x00,
  0x00,0x00,0x00,0x00,0x00,0x00,0x00,0x00,0x00,0x00,0x00,0x00,
  0x00,0x00,0x00,0x00,0x00,0x00,0x00,0x00,0x00,0x00,0x00,0x00,
  0x00,0x00,0x00,0x00,0x00,0x00,0x00,0x00,0x00,0x00,0x00,0x00,
  0x00,0x00,0x00,0x00,0x00,0x00,0x00,0x00,0x00,0x00,0x00,0x00,
  0x00,0x00,0x00,0x00,0x00,0x00,0x00,0x00,0x00,0x00,0x00,0x00,
  0x00,0x00,0x00,0x00,0x00,0x00,0x00,0x00,0x00,0x00,0x00,0x00,
  0x00,0x00,0x00,0x00,0x00,0x00,0x00,0x00,0x00,0x00,0x00,0x00,
  0x00,0x00,0x00,0x00,0x00,0x00,0x00,0x00,0x00,0x00,0x00,0x00,
  0x00,0x00,0x00,0x00,0x00,0x00,0x00,0x00,0x00,0x00,0x00,0x00,
  0x00,0x00,0x00,0x00,0x00,0x00,0x00,0x00,0x00,0x00,0x00,0x00,
  0x00,0x00,0x00,0x00,0x00,0x00,0x00,0x00,0x00,0x00,0x00,0x00,
  0x00,0x00,0x00,0x00,0x00,0x00,0x00,0x00,0x00,0x00,0x00,0x00,
  0x00,0x00,0x00,0x00,0x00,0x00,0x00,0x02,0x00,0x00,0x00,0x00,
  0x00,0x00,0x00,0x00,0x00,0x00,0x00,0x02,0x1C,0x00,0x00,0x09,
  0x00,0x00,0x00,0x02,0x00,0x00,0x00,0x00,0x00,0x00,0x00,0x00,
  0x00,0x00,0x00,0x00,0x00,0x00,0x00,0x00,0x00,0x00,0x00,0x00,
  0x00,0x00,0x00,0x00,0x00,0x00,0x00,0x00,0x00,0x00,0x00,0x00,
  0x00,0x00,0x00,0x00,0x00,0x00,0x00,0x00,0x00,0x00,0x00,0x00,
  0x00,0x00,0x00,0x00,0x00,0x00,0x00,0x00,0x00,0x00,0x00,0x00,
  0x00,0x00,0x00,0x00,0x00,0x00,0x00,0x00,0x00,0x00,0x00,0x00,
  0x00,0x00,0x00,0x00,0x00,0x00,0x00,0x00,0x00,0x00,0x00,0x00,
  0x00,0x00,0x00,0x00,0x00,0x00,0x00,0x00,0x00,0x00,0x00,0x00,
  0x00,0x00,0x00,0x00,0x00,0x00,0x00,0x00,0x00,0x00,0x00,0x00,
  0x00,0x00,0x00,0x00,0x00,0x00,0x00,0x00,0x00,0x00,0x00,0x00,
  0x00,0x00,0x00,0x00,0x00,0x00,0x00,0x00,0x00,0x00,0x00,0x00,
  0x00,0x00,0x00,0x00,0x00,0x00,0x00,0x00,0x00,0x00,0x00,0x00,
  0x00,0x00,0x00,0x00,0x00,0x00,0x00,0x00,0x00,0x00,0x00,0x00,
  0x00,0x00,0x00,0x00,0x33,0x33,0x00,0x05,0x7F,0x00,0x00,0x02,
  0x3A,0x48,0x08,0x93,0x45,0x73,0x0F,0xFF,0x3F,0x6C,0x0E,0xFC,
  0x42,0x6A,0x10,0xFF,0x3C,0x69,0x13,0xFF,0x39,0x69,0x14,0xFF,
  0x3A,0x73,0x1B,0xFF,0x34,0x75,0x24,0xFF,0x2A,0x61,0x1E,0xFF,
  0x29,0x4A,0x17,0xFF,0x21,0x3A,0x06,0xFF,0x6D,0x8C,0x7E,0xFF,
  0xEE,0xFE,0xFF,0xFF,0xF3,0xF8,0xF7,0xFF,0xE4,0xEA,0xE9,0xFF,
  0x4E,0x67,0x3E,0xFF,0x39,0x62,0x1F,0xFF,0x33,0x73,0x2A,0xFF,
  0x36,0x93,0x46,0xFF,0x3A,0x9C,0x50,0xFF,0x38,0x9C,0x4D,0xFF,
  0x37,0x9B,0x4C,0xFF,0x34,0x94,0x46,0xFF,0x34,0x90,0x43,0xFF,
  0x33,0x8F,0x43,0xFF,0x30,0x8F,0x3E,0xFB,0x2A,0x8A,0x39,0xFF,
  0x25,0x3D,0x0D,0x80,0x00,0x00,0x00,0x00,0x33,0x33,0x00,0x05,
  0x00,0x00,0x00,0x00,0x00,0x00,0x00,0x00,0x00,0x00,0x00,0x00,
  0x00,0x00,0x00,0x00,0x00,0x00,0x00,0x00,0x00,0x00,0x00,0x00,
  0x00,0x00,0x00,0x00,0x00,0x00,0x00,0x00,0x00,0x00,0x00,0x00,
  0x00,0x00,0x00,0x00,0x00,0x00,0x00,0x00,0x00,0x00,0x00,0x00,
  0x00,0x00,0x00,0x00,0x00,0x00,0x00,0x00,0x00,0x00,0x00,0x00,
  0x00,0x00,0x00,0x00,0x00,0x00,0x00,0x00,0x00,0x00,0x00,0x00,
  0x00,0x00,0x00,0x00,0x00,0x00,0x00,0x00,0x00,0x00,0x00,0x00,
  0x00,0x00,0x00,0x00,0x00,0x00,0x00,0x00,0x00,0x00,0x00,0x00,
  0x00,0x00,0x00,0x00,0x00,0x00,0x00,0x00,0x00,0x00,0x00,0x00,
  0x33,0x66,0x00,0x05,0x7F,0x00,0x00,0x02,0x4C,0x51,0x06,0x9C,
  0x4E,0x66,0x04,0xFF,0x47,0x5D,0x03,0xFB,0x43,0x5A,0x05,0xFF,
  0x3D,0x59,0x06,0xFF,0x3A,0x5C,0x0B,0xFF,0x34,0x58,0x09,0xFF,
  0x31,0x82,0x3E,0xFF,0x31,0x96,0x51,0xFF,0x2F,0x97,0x57,0xFF,
  0x32,0x7B,0x30,0xFF,0x38,0x67,0x13,0xFF,0x36,0x72,0x1E,0xFF,
  0x39,0x6E,0x19,0xFF,0x3B,0x6D,0x1A,0xFF,0x3E,0x6C,0x13,0xFF,
  0x39,0x86,0x36,0xFF,0x34,0xAA,0x66,0xFF,0x35,0xA4,0x5D,0xFF,
  0x35,0xA3,0x61,0xFF,0x35,0xA2,0x5C,0xFF,0x34,0xA2,0x58,0xFF,
  0x34,0xA4,0x5C,0xFF,0x34,0x8E,0x3F,0xFF,0x38,0x84,0x2E,0xFF,
  0x37,0x8F,0x32,0xFF,0x38,0x7A,0x28,0xFB,0x42,0x38,0x12,0x1B,
  0x00,0x00,0x00,0x02,0x00,0xFF,0x00,0x01,0x00,0x00,0x00,0x00,
  0x00,0x00,0x00,0x00,0x00,0x00,0x00,0x00,0x00,0x00,0x00,0x00,
  0x00,0x00,0x00,0x00,0x00,0x00,0x00,0x00,0x00,0x00,0x00,0x00,
  0x00,0x00,0x00,0x00,0x00,0x00,0x00,0x00,0x00,0x00,0x00,0x00,
  0x00,0x00,0x00,0x00,0x7F,0x7F,0x00,0x02,0x00,0x00,0x00,0x00,
  0x27,0x4F,0x1F,0x20,0x32,0x48,0x1B,0xA6,0x39,0x42,0x17,0xA1,
  0x3B,0x5C,0x1E,0xE0,0x36,0x87,0x3A,0xFF,0x3B,0x7E,0x2F,0xFE,
  0x3B,0x83,0x31,0xFF,0x3B,0x82,0x33,0xFF,0x45,0x4E,0x0B,0xFF,
  0x4A,0x57,0x08,0xFF,0x45,0x5F,0x0E,0xFF,0x34,0x8D,0x41,0xFF,
  0x36,0x92,0x44,0xFF,0x3B,0x8B,0x43,0xFF,0x39,0x8A,0x42,0xFF,
  0x3A,0x89,0x3D,0xFF,0x3B,0x8B,0x3D,0xFF,0x35,0x83,0x2F,0xFF,
  0x3A,0x5B,0x13,0xB8,0x42,0x3D,0x09,0xA2,0x41,0x34,0x0A,0x79,
  0x48,0x91,0x24,0x07,0x7F,0xFF,0x7F,0x02,0x00,0x00,0x00,0x00,
  0x00,0x00,0x00,0x00,0x00,0x33,0x08,0x1E,0x17,0x2E,0x02,0x58,
  0x31,0x3C,0x03,0xD4,0x39,0x41,0x05,0xFF,0x2A,0x5F,0x2E,0xDA,
  0x37,0x69,0x39,0xED,0x34,0x67,0x3A,0xF5,0x31,0x4E,0x16,0xFF,
  0x33,0x4C,0x09,0xFF,0x37,0x5B,0x15,0xFF,0x3A,0x59,0x15,0xFF,
  0x2F,0x52,0x0D,0xFF,0x32,0x4F,0x08,0xFD,0x3C,0x4E,0x0F,0xFF,
  0x36,0x3E,0x0F,0xE5,0x26,0x3C,0x0F,0x86,0x2F,0x4D,0x0D,0x60,
  0x25,0x2B,0x0E,0x8D,0x2B,0x28,0x13,0xD2,0x2A,0x1D,0x12,0xC4,
  0x00,0x0C,0x0C,0x15,0x00,0x00,0x00,0x09,0x00,0x00,0x00,0x03,
  0x00,0x00,0x00,0x00,0x00,0x00,0x00,0x00,0x00,0x00,0x00,0x00,
  0x00,0x00,0x00,0x00,0x00,0x00,0x00,0x00,0x00,0x00,0x00,0x00,
  0x00,0x00,0x00,0x00,0x00,0x00,0x00,0x00,0x00,0x00,0x00,0x00,
  0x00,0x00,0x00,0x00,0x00,0x00,0x00,0x00,0x00,0x00,0x00,0x00,
  0x00,0x00,0x00,0x00,0x00,0x00,0x00,0x00,0x00,0x00,0x00,0x00,
  0x00,0x00,0x00,0x00,0x00,0x00,0x00,0x00,0x00,0x00,0x00,0x00,
  0x00,0x00,0x00,0x00,0x00,0x00,0x00,0x00,0x00,0x00,0x00,0x00,
  0x00,0x00,0x00,0x00,0x00,0x00,0x00,0x00,0x00,0x00,0x00,0x00,
  0x00,0x00,0x00,0x00,0x00,0x00,0x00,0x00,0x00,0x00,0x00,0x00,
  0x00,0x00,0x00,0x00,0x00,0x00,0x00,0x00,0x00,0x00,0x00,0x00,
  0x00,0x00,0x00,0x00,0x00,0x00,0x00,0x00,0x00,0x00,0x00,0x00,
  0x00,0x00,0x00,0x00,0x00,0x00,0x00,0x00,0x00,0x00,0x00,0x00,
  0x00,0x00,0x00,0x00,0x00,0x00,0x00,0x00,0x00,0x00,0x00,0x00,
  0x00,0x00,0x00,0x00,0x00,0x00,0x00,0x01,0x00,0x00,0x00,0x00,
  0x00,0x00,0x00,0x02,0x19,0x0E,0x00,0x5B,0x2A,0x00,0x00,0x0C,
  0x00,0x00,0x00,0x00,0x00,0x00,0x00,0x00,0x2C,0x1B,0x03,0xA5,
  0x27,0x24,0x06,0x55,0x00,0x00,0x00,0x00,0x55,0x00,0x00,0x03,
  0x00,0x00,0x00,0x00,0x00,0x00,0x00,0x00,0x00,0x00,0x00,0x00,
  0x00,0x00,0x00,0x00,0x00,0x00,0x00,0x00,0x00,0x00,0x00,0x00,
  0x00,0x00,0x00,0x00,0x00,0x00,0x00,0x00,0x00,0x00,0x00,0x00,
  0x00,0x00,0x00,0x00,0x00,0x00,0x00,0x00,0x00,0x00,0x00,0x00,
  0x00,0x00,0x00,0x00,0x00,0x00,0x00,0x00,0x00,0x00,0x00,0x00,
  0x00,0x00,0x00,0x00,0x00,0x00,0x00,0x00,0x00,0x00,0x00,0x00,
  0x00,0x00,0x00,0x00,0x00,0x00,0x00,0x00,0x00,0x00,0x00,0x00,
  0x00,0x00,0x00,0x00,0x00,0x00,0x00,0x00,0x00,0x00,0x00,0x00,
  0x00,0x00,0x00,0x00,0x00,0x00,0x00,0x00,0x00,0x00,0x00,0x00,
  0x00,0x00,0x00,0x00,0x00,0x00,0x00,0x00,0x00,0x00,0x00,0x00,
  0x00,0x00,0x00,0x00,0x00,0x00,0x00,0x00,0x00,0x00,0x00,0x00,
  0x27,0x47,0x00,0x20,0x1B,0x5B,0x00,0x1C,0x00,0xFF,0x00,0x02,
  0x00,0x68,0x00,0x16,0x33,0x42,0x00,0x41,0x3C,0x36,0x00,0x59,
  0x40,0x45,0x06,0xBE,0x47,0x6C,0x0C,0xFF,0x42,0x63,0x0A,0xFD,
  0x44,0x64,0x0B,0xFF,0x3B,0x6F,0x1E,0xFF,0x37,0x72,0x26,0xFF,
  0x3B,0x77,0x26,0xFF,0x2E,0x6C,0x1A,0xFF,0x47,0x71,0x37,0xFF,
  0x7D,0x8F,0x74,0xFF,0x83,0x8A,0x6B,0xFF,0x6D,0xB8,0xBE,0xFF,
  0x68,0xE4,0xFD,0xFF,0x9E,0xE5,0xF8,0xFF,0xD0,0xED,0xF5,0xFF,
  0xBC,0xC6,0xB7,0xFF,0xB0,0xC4,0xAE,0xFF,0x63,0x9C,0x69,0xFF,
  0x2C,0x77,0x24,0xFF,0x39,0x8F,0x43,0xFF,0x36,0x9A,0x4D,0xFF,
  0x36,0x97,0x48,0xFF,0x31,0x94,0x4A,0xFF,0x33,0x91,0x46,0xFF,
  0x32,0x8B,0x43,0xFF,0x2F,0x8C,0x3B,0xFA,0x2C,0x87,0x31,0xFF,
  0x22,0x3E,0x0C,0x76,0x00,0x00,0x00,0x00,0x00,0x00,0x00,0x00,
  0x00,0x00,0x00,0x00,0x00,0x00,0x00,0x00,0x00,0x00,0x00,0x00,
  0x00,0x00,0x00,0x00,0x00,0x00,0x00,0x00,0x00,0x00,0x00,0x00,
  0x00,0x00,0x00,0x00,0x00,0x00,0x00,0x00,0x00,0x00,0x00,0x00,
  0x00,0x00,0x00,0x00,0x00,0x00,0x00,0x00,0x00,0x00,0x00,0x00,
  0x00,0x00,0x00,0x00,0x00,0x00,0x00,0x00,0x00,0x00,0x00,0x00,
  0x00,0x00,0x00,0x00,0x00,0x00,0x00,0x00,0x00,0x00,0x00,0x00,
  0x00,0x00,0x00,0x00,0x00,0x00,0x00,0x00,0x00,0x00,0x00,0x00,
  0x00,0x00,0x00,0x00,0x00,0x00,0x00,0x00,0x00,0x00,0x00,0x00,
  0x00,0x00,0x00,0x00,0x00,0x00,0x00,0x01,0x00,0x00,0x00,0x00,
  0x55,0x55,0x00,0x1B,0x41,0x2A,0x00,0x59,0x4C,0x4D,0x04,0xD9,
  0x4A,0x64,0x04,0xFF,0x48,0x5D,0x04,0xFE,0x44,0x5B,0x07,0xFF,
  0x38,0x5F,0x0D,0xFF,0x39,0x62,0x13,0xFF,0x35,0x59,0x0A,0xFF,
  0x34,0x78,0x35,0xFF,0x34,0x89,0x46,0xFF,0x34,0x92,0x55,0xFF,
  0x35,0x76,0x2C,0xFF,0x38,0x63,0x12,0xFF,0x37,0x71,0x1D,0xFF,
  0x37,0x69,0x10,0xFF,0x38,0x69,0x13,0xFF,0x40,0x65,0x0B,0xFF,
  0x3A,0x80,0x30,0xFF,0x35,0xAB,0x66,0xFF,0x35,0xA6,0x62,0xFF,
  0x38,0xA8,0x64,0xFF,0x36,0xA3,0x5C,0xFF,0x35,0xA2,0x56,0xFF,
  0x34,0xA3,0x5A,0xFF,0x32,0x91,0x43,0xFF,0x3A,0x88,0x30,0xFF,
  0x3A,0x90,0x32,0xFE,0x3A,0x79,0x21,0xFE,0x38,0x30,0x00,0x8D,
  0x36,0x28,0x00,0x46,0x24,0x48,0x00,0x0E,0x00,0x00,0x00,0x00,
  0x00,0x00,0x00,0x00,0x00,0x00,0x00,0x00,0x00,0x00,0x00,0x00,
  0x00,0x00,0x00,0x00,0x00,0x00,0x00,0x00,0x00,0x00,0x00,0x00,
  0x00,0x00,0x00,0x00,0x00,0x00,0x00,0x00,0x00,0x00,0x00,0x00,
  0x00,0x00,0x00,0x00,0x55,0x55,0x00,0x03,0x00,0x00,0x00,0x00,
  0x2F,0x57,0x25,0x60,0x37,0x71,0x35,0xFF,0x3D,0x67,0x31,0xFF,
  0x3D,0x7C,0x3D,0xFF,0x34,0x8B,0x43,0xFF,0x3C,0x7D,0x2E,0xFF,
  0x3C,0x81,0x2F,0xFF,0x3C,0x83,0x34,0xFF,0x40,0x6D,0x23,0xFF,
  0x43,0x73,0x22,0xFF,0x3F,0x76,0x25,0xFF,0x39,0x84,0x36,0xFF,
  0x3A,0x86,0x37,0xFF,0x3D,0x84,0x3A,0xFF,0x3C,0x86,0x3E,0xFF,
  0x3B,0x85,0x38,0xFF,0x3F,0x87,0x37,0xFF,0x37,0x85,0x2F,0xFF,
  0x40,0x6C,0x18,0xFF,0x45,0x55,0x11,0xFF,0x40,0x3D,0x0E,0xE1,
  0x41,0x4B,0x15,0x2F,0x41,0x73,0x18,0x1F,0x00,0x00,0x00,0x00,
  0x2D,0x4B,0x00,0x11,0x2B,0x53,0x00,0x52,0x2D,0x45,0x01,0x80,
  0x2F,0x37,0x02,0xD3,0x31,0x3F,0x07,0xF8,0x2C,0x98,0x6F,0xFF,
  0x39,0xA9,0x88,0xFF,0x3B,0xAB,0x8E,0xFF,0x33,0x67,0x37,0xFF,
  0x32,0x42,0x02,0xFF,0x39,0x57,0x12,0xFF,0x3D,0x56,0x13,0xFF,
  0x34,0x7F,0x4A,0xFF,0x36,0x6F,0x38,0xFD,0x3A,0x47,0x0B,0xFF,
  0x36,0x3D,0x0C,0xCB,0x14,0x47,0x11,0x59,0x1D,0x36,0x03,0x4F,
  0x32,0x58,0x37,0xCF,0x46,0x79,0x62,0xFF,0x48,0x60,0x50,0xF3,
  0x1D,0x1D,0x12,0x46,0x00,0x00,0x00,0x11,0x00,0x00,0x00,0x0A,
  0x00,0x00,0x00,0x00,0x00,0x00,0x00,0x00,0x00,0x00,0x00,0x00,
  0x00,0x00,0x00,0x00,0x00,0x00,0x00,0x00,0x00,0x00,0x00,0x00,
  0x00,0x00,0x00,0x00,0x00,0x00,0x00,0x00,0x00,0x00,0x00,0x00,
  0x00,0x00,0x00,0x00,0x00,0x00,0x00,0x00,0x00,0x00,0x00,0x00,
  0x00,0x00,0x00,0x00,0x00,0x00,0x00,0x00,0x00,0x00,0x00,0x00,
  0x00,0x00,0x00,0x00,0x00,0x00,0x00,0x00,0x00,0x00,0x00,0x00,
  0x00,0x00,0x00,0x00,0x00,0x00,0x00,0x00,0x00,0x00,0x00,0x00,
  0x00,0x00,0x00,0x00,0x00,0x00,0x00,0x00,0x00,0x00,0x00,0x00,
  0x00,0x00,0x00,0x00,0x00,0x00,0x00,0x00,0x00,0x00,0x00,0x00,
  0x00,0x00,0x00,0x00,0x00,0x00,0x00,0x00,0x00,0x00,0x00,0x00,
  0x00,0x00,0x00,0x00,0x00,0x00,0x00,0x00,0x00,0x00,0x00,0x00,
  0x00,0x00,0x00,0x00,0x00,0x00,0x00,0x00,0x00,0x00,0x00,0x00,
  0x00,0x00,0x00,0x00,0x00,0x00,0x00,0x00,0x00,0x00,0x00,0x00,
  0x00,0x00,0x00,0x00,0x00,0x00,0x00,0x02,0x00,0x00,0x00,0x00,
  0x1B,0x44,0x24,0x38,0x24,0x58,0x38,0xBE,0x36,0x50,0x33,0x4F,
  0x00,0x00,0x00,0x00,0x37,0x42,0x26,0x2E,0x3A,0x5B,0x3C,0xFF,
  0x2C,0x50,0x32,0xB7,0x24,0x00,0x00,0x07,0xFF,0x00,0x00,0x01,
  0x00,0x00,0x00,0x00,0x00,0x00,0x00,0x00,0x00,0x00,0x00,0x00,
  0x00,0x00,0x00,0x00,0x00,0x00,0x00,0x00,0x00,0x00,0x00,0x00,
  0x00,0x00,0x00,0x00,0x00,0x00,0x00,0x00,0x00,0x00,0x00,0x00,
  0x00,0x00,0x00,0x00,0x00,0x00,0x00,0x00,0x00,0x00,0x00,0x00,
  0x00,0x00,0x00,0x00,0x00,0x00,0x00,0x00,0x00,0x00,0x00,0x00,
  0x00,0x00,0x00,0x00,0x00,0x00,0x00,0x00,0x00,0x00,0x00,0x00,
  0x00,0x00,0x00,0x00,0x00,0x00,0x00,0x00,0x00,0x00,0x00,0x00,
  0x00,0x00,0x00,0x00,0x00,0x00,0x00,0x00,0x00,0x00,0x00,0x00,
  0x00,0x00,0x00,0x00,0x00,0x00,0x00,0x00,0x00,0x00,0x00,0x00,
  0x00,0x00,0x00,0x00,0x00,0x00,0x00,0x00,0x00,0x00,0x00,0x00,
  0x00,0x00,0x00,0x00,0x00,0x00,0x00,0x00,0x3A,0x3A,0x00,0x0D,
  0x36,0x45,0x02,0x75,0x34,0x46,0x00,0x70,0x2C,0x4E,0x00,0x51,
  0x2E,0x46,0x00,0x69,0x37,0x41,0x00,0x9C,0x3E,0x3D,0x00,0xBC,
  0x43,0x46,0x04,0xEA,0x48,0x5F,0x07,0xFF,0x46,0x59,0x05,0xFE,
  0x45,0x5B,0x05,0xFF,0x3A,0x79,0x2D,0xFF,0x37,0x80,0x40,0xFF,
  0x3C,0x7C,0x33,0xFF,0x29,0x63,0x0D,0xFF,0x69,0x88,0x55,0xFF,
  0xD7,0xDB,0xD5,0xFF,0xE2,0xDD,0xCF,0xFF,0x77,0xE0,0xF4,0xFF,
  0x00,0xCE,0xFC,0xFF,0x43,0xD2,0xFA,0xFF,0xA3,0xE6,0xFD,0xFF,
  0xFF,0xFF,0xFF,0xFF,0xFF,0xFF,0xFF,0xFF,0x87,0xB5,0x91,0xFF,
  0x24,0x57,0x05,0xFF,0x36,0x7B,0x30,0xFF,0x36,0x95,0x4B,0xFF,
  0x36,0x90,0x41,0xFF,0x31,0xA0,0x5A,0xFF,0x34,0xA0,0x5B,0xFF,
  0x33,0x8A,0x45,0xFF,0x30,0x71,0x25,0xFB,0x30,0x70,0x1D,0xFF,
  0x30,0x3E,0x06,0x9A,0x3F,0x38,0x07,0x24,0x3C,0x3C,0x06,0x26,
  0x4B,0x4B,0x0F,0x11,0x00,0x00,0x00,0x00,0x00,0x00,0x00,0x00,
  0x00,0x00,0x00,0x00,0x00,0x00,0x00,0x00,0x00,0x00,0x00,0x00,
  0x00,0x00,0x00,0x00,0x00,0x00,0x00,0x00,0x00,0x00,0x00,0x00,
  0x00,0x00,0x00,0x00,0x00,0x00,0x00,0x00,0x00,0x00,0x00,0x00,
  0x00,0x00,0x00,0x00,0x00,0x00,0x00,0x00,0x00,0x00,0x00,0x00,
  0x00,0x00,0x00,0x00,0x00,0x00,0x00,0x00,0x00,0x00,0x00,0x00,
  0x00,0x00,0x00,0x00,0x00,0x00,0x00,0x00,0x00,0x00,0x00,0x00,
  0x00,0x00,0x00,0x00,0x00,0x00,0x00,0x00,0x00,0x00,0x00,0x00,
  0x00,0x00,0x00,0x01,0x00,0x00,0x00,0x01,0x55,0x55,0x00,0x09,
  0x50,0x50,0x04,0x6C,0x45,0x3D,0x02,0xBA,0x4F,0x52,0x04,0xFF,
  0x48,0x62,0x04,0xFF,0x49,0x5C,0x04,0xFF,0x42,0x5E,0x0B,0xFF,
  0x30,0x7D,0x2C,0xFF,0x34,0x7A,0x31,0xFF,0x35,0x70,0x27,0xFF,
  0x38,0x6F,0x2C,0xFF,0x36,0x6E,0x29,0xFF,0x36,0x7C,0x3A,0xFF,
  0x38,0x6E,0x24,0xFF,0x38,0x65,0x18,0xFF,0x37,0x6A,0x16,0xFF,
  0x36,0x72,0x1E,0xFF,0x35,0x85,0x38,0xFF,0x3E,0x7D,0x30,0xFF,
  0x3C,0x82,0x34,0xFF,0x35,0x93,0x46,0xFF,0x36,0x94,0x4B,0xFF,
  0x3B,0x95,0x4A,0xFF,0x36,0xA0,0x56,0xFF,0x36,0xA3,0x56,0xFF,
  0x34,0xA1,0x57,0xFF,0x31,0x96,0x4A,0xFF,0x3C,0x89,0x2F,0xFF,
  0x3D,0x8A,0x29,0xFE,0x3C,0x79,0x19,0xFF,0x38,0x44,0x03,0xEE,
  0x37,0x4C,0x07,0xA4,0x36,0x53,0x0E,0x46,0x00,0x00,0x00,0x00,
  0x00,0x00,0x00,0x02,0x00,0x00,0x00,0x00,0x00,0x00,0x00,0x00,
  0x00,0x00,0x00,0x00,0x00,0x00,0x00,0x00,0x00,0x00,0x00,0x00,
  0x00,0x00,0x00,0x00,0x00,0x00,0x00,0x00,0x00,0x00,0x00,0x00,
  0x00,0x00,0x00,0x00,0x3F,0x7F,0x3F,0x04,0x00,0x00,0x00,0x00,
  0x33,0x5D,0x24,0xAA,0x36,0xAA,0x5C,0xFF,0x38,0x9C,0x5A,0xFF,
  0x39,0xA1,0x62,0xFF,0x34,0x91,0x4C,0xFF,0x3D,0x7C,0x2D,0xFF,
  0x3E,0x80,0x2D,0xFF,0x3A,0x88,0x37,0xFF,0x32,0x9F,0x50,0xFF,
  0x31,0x9E,0x52,0xFF,0x36,0x9E,0x54,0xFF,0x3E,0x7A,0x26,0xFF,
  0x40,0x73,0x21,0xFF,0x42,0x7A,0x2A,0xFF,0x41,0x81,0x36,0xFF,
  0x38,0x8C,0x3F,0xFF,0x41,0x88,0x35,0xFF,0x3B,0x84,0x2B,0xFF,
  0x3D,0x79,0x1C,0xFF,0x3D,0x74,0x1E,0xFF,0x3D,0x49,0x12,0xF9,
  0x3D,0x38,0x0F,0x70,0x3A,0x4D,0x10,0x4F,0x00,0x00,0x00,0x00,
  0x33,0x3E,0x03,0x45,0x3E,0x3F,0x00,0xDE,0x33,0x3B,0x03,0xD9,
  0x2F,0x37,0x02,0xBD,0x2C,0x42,0x06,0xDC,0x2F,0xD0,0xB4,0xFF,
  0x37,0xDD,0xCE,0xFF,0x3E,0xE2,0xD6,0xFF,0x38,0x7F,0x56,0xFF,
  0x33,0x3E,0x00,0xFF,0x3A,0x51,0x0C,0xFF,0x41,0x57,0x14,0xFF,
  0x48,0xD4,0xBB,0xFF,0x44,0xB7,0x98,0xFF,0x31,0x48,0x12,0xFF,
  0x32,0x39,0x04,0xA8,0x0A,0x56,0x15,0x47,0x13,0x0E,0x00,0x68,
  0x3E,0x88,0x6B,0xF7,0x5D,0xE7,0xDD,0xFF,0x66,0xB8,0xAC,0xFF,
  0x29,0x1E,0x14,0x99,0x00,0x00,0x00,0x1B,0x0B,0x16,0x0B,0x17,
  0x00,0x00,0x00,0x00,0x00,0x00,0x00,0x00,0x00,0x00,0x00,0x01,
  0x00,0x00,0x00,0x00,0x00,0x00,0x00,0x00,0x00,0x00,0x00,0x00,
  0x00,0x00,0x00,0x00,0x00,0x00,0x00,0x00,0x00,0x00,0x00,0x00,
  0x00,0x00,0x00,0x00,0x00,0x00,0x00,0x00,0x00,0x00,0x00,0x00,
  0x00,0x00,0x00,0x00,0x00,0x00,0x00,0x00,0x00,0x00,0x00,0x00,
  0x00,0x00,0x00,0x00,0x00,0x00,0x00,0x00,0x00,0x00,0x00,0x00,
  0x00,0x00,0x00,0x00,0x00,0x00,0x00,0x00,0x00,0x00,0x00,0x00,
  0x00,0x00,0x00,0x00,0x00,0x00,0x00,0x00,0x00,0x00,0x00,0x00,
  0x00,0x00,0x00,0x00,0x00,0x00,0x00,0x00,0x00,0x00,0x00,0x00,
  0x00,0x00,0x00,0x00,0x00,0x00,0x00,0x00,0x00,0x00,0x00,0x00,
  0x00,0x00,0x00,0x00,0x00,0x00,0x00,0x00,0x00,0x00,0x00,0x00,
  0x00,0x00,0x00,0x00,0x00,0x00,0x00,0x00,0x00,0x00,0x00,0x00,
  0x00,0x00,0x00,0x00,0x00,0x00,0x00,0x00,0x00,0x00,0x00,0x00,
  0x00,0x00,0x00,0x00,0x00,0xAA,0xAA,0x03,0x00,0x00,0x00,0x00,
  0x26,0x61,0x35,0x93,0x31,0xB2,0x8F,0xF7,0x37,0x6C,0x4D,0xB8,
  0x00,0x00,0x00,0x00,0x3C,0x4E,0x29,0x8C,0x45,0xC8,0xA1,0xFF,
  0x33,0x84,0x60,0xEF,0x15,0x00,0x00,0x23,0x00,0x00,0x01,0x00,
  0x00,0x00,0x00,0x02,0x00,0x00,0x00,0x00,0x00,0x00,0x00,0x00,
  0x00,0x00,0x00,0x00,0x00,0x00,0x00,0x00,0x00,0x00,0x00,0x00,
  0x00,0x00,0x00,0x00,0x00,0x00,0x00,0x00,0x00,0x00,0x00,0x00,
  0x00,0x00,0x00,0x00,0x00,0x00,0x00,0x00,0x00,0x00,0x00,0x00,
  0x00,0x00,0x00,0x00,0x00,0x00,0x00,0x00,0x00,0x00,0x00,0x00,
  0x00,0x00,0x00,0x00,0x00,0x00,0x00,0x00,0x00,0x00,0x00,0x00,
  0x00,0x00,0x00,0x00,0x00,0x00,0x00,0x00,0x00,0x00,0x00,0x00,
  0x00,0x00,0x00,0x00,0x00,0x00,0x00,0x00,0x00,0x00,0x00,0x00,
  0x00,0x00,0x00,0x00,0x00,0x00,0x00,0x00,0x00,0x00,0x00,0x00,
  0x00,0x00,0x00,0x00,0x00,0x00,0x00,0x00,0x00,0x00,0x00,0x00,
  0x7F,0x7F,0x00,0x02,0x00,0x00,0x00,0x00,0x3E,0x3E,0x07,0x41,
  0x3E,0x45,0x02,0xE5,0x3C,0x40,0x01,0xE3,0x39,0x3D,0x00,0xDC,
  0x39,0x3F,0x00,0xE2,0x3D,0x41,0x00,0xEE,0x41,0x44,0x01,0xF6,
  0x45,0x48,0x02,0xFD,0x48,0x50,0x03,0xFF,0x4A,0x51,0x02,0xFF,
  0x44,0x54,0x02,0xFF,0x3B,0x82,0x39,0xFF,0x3A,0x8E,0x56,0xFF,
  0x3E,0x82,0x3B,0xFF,0x28,0x60,0x04,0xFF,0x7E,0x98,0x69,0xFF,
  0xFC,0xFC,0xFC,0xFF,0xFF,0xF7,0xF0,0xFF,0x7E,0xE6,0xFC,0xFF,
  0x00,0xCC,0xFD,0xFF,0x16,0xCC,0xFD,0xFF,0x74,0xD9,0xFC,0xFF,
  0xFF,0xFF,0xFF,0xFF,0xFF,0xFF,0xFF,0xFF,0x87,0xA9,0x86,0xFF,
  0x24,0x47,0x00,0xFF,0x33,0x68,0x20,0xFF,0x38,0x8C,0x45,0xFF,
  0x37,0x88,0x39,0xFF,0x36,0xB5,0x72,0xFF,0x37,0xBB,0x7C,0xFF,
  0x38,0x8D,0x49,0xFF,0x35,0x48,0x07,0xFE,0x33,0x4C,0x07,0xFF,
  0x3B,0x3D,0x02,0xE9,0x3C,0x38,0x04,0xBD,0x3D,0x3A,0x05,0xB7,
  0x43,0x43,0x08,0x5B,0x00,0x00,0x00,0x00,0x7F,0x00,0x00,0x02,
  0x00,0x00,0x00,0x00,0x00,0x00,0x00,0x00,0x00,0x00,0x00,0x00,
  0x00,0x00,0x00,0x00,0x00,0x00,0x00,0x00,0x00,0x00,0x00,0x00,
  0x00,0x00,0x00,0x00,0x00,0x00,0x00,0x00,0x00,0x00,0x00,0x00,
  0x00,0x00,0x00,0x00,0x00,0x00,0x00,0x00,0x00,0x00,0x00,0x00,
  0x00,0x00,0x00,0x00,0x00,0x00,0x00,0x00,0x00,0x00,0x00,0x00,
  0x00,0x00,0x00,0x00,0x00,0x00,0x00,0x00,0x00,0x00,0x00,0x00,
  0x00,0x00,0x00,0x00,0x00,0x00,0x00,0x00,0x00,0x00,0x00,0x00,
  0x55,0x55,0x00,0x03,0x00,0x00,0x00,0x00,0x49,0x33,0x05,0x2D,
  0x4D,0x4E,0x04,0xE3,0x4A,0x52,0x04,0xF4,0x4F,0x5B,0x03,0xFF,
  0x48,0x61,0x03,0xFF,0x4B,0x5A,0x02,0xFF,0x3E,0x63,0x0F,0xFF,
  0x28,0xA8,0x5A,0xFF,0x2E,0x9C,0x5B,0xFF,0x31,0x98,0x5A,0xFF,
  0x3A,0x6E,0x2B,0xFF,0x38,0x51,0x07,0xFF,0x35,0x5B,0x11,0xFF,
  0x39,0x62,0x18,0xFF,0x39,0x6D,0x22,0xFF,0x35,0x5D,0x0B,0xFF,
  0x38,0x8A,0x44,0xFF,0x33,0xBB,0x85,0xFF,0x38,0xB3,0x81,0xFF,
  0x3D,0x90,0x48,0xFF,0x34,0x66,0x0E,0xFF,0x39,0x71,0x19,0xFF,
  0x3C,0x6D,0x17,0xFF,0x35,0x9A,0x4C,0xFF,0x35,0xA5,0x58,0xFF,
  0x35,0xA0,0x56,0xFF,0x31,0x9E,0x52,0xFF,0x3D,0x87,0x2A,0xFF,
  0x40,0x7D,0x17,0xFF,0x3C,0x78,0x12,0xFF,0x3B,0x67,0x09,0xFF,
  0x3A,0x6C,0x0F,0xF1,0x3B,0x57,0x12,0x9A,0x00,0x00,0x00,0x00,
  0x3F,0x7F,0x00,0x04,0x00,0x00,0x00,0x00,0x00,0x00,0x00,0x00,
  0x00,0x00,0x00,0x00,0x00,0x00,0x00,0x00,0x00,0x00,0x00,0x00,
  0x00,0x00,0x00,0x00,0x00,0x00,0x00,0x00,0x00,0x00,0x00,0x00,
  0x00,0x00,0x00,0x00,0x3F,0x7F,0x3F,0x04,0x00,0x00,0x00,0x00,
  0x35,0x5B,0x21,0xC5,0x35,0xBC,0x69,0xF7,0x35,0xB0,0x6A,0xF4,
  0x33,0xAD,0x6E,0xFC,0x36,0x93,0x50,0xFF,0x3D,0x7D,0x2D,0xFF,
  0x3E,0x7E,0x2B,0xFF,0x38,0x89,0x38,0xFF,0x2B,0xB2,0x61,0xFF,
  0x2C,0xAE,0x63,0xFF,0x30,0xAF,0x67,0xFF,0x41,0x75,0x1F,0xFF,
  0x44,0x6D,0x1B,0xFF,0x45,0x74,0x23,0xFF,0x43,0x7D,0x2F,0xFF,
  0x32,0xB0,0x70,0xFF,0x3D,0x96,0x49,0xFF,0x3E,0x7F,0x24,0xFF,
  0x3B,0x7A,0x1C,0xF8,0x39,0x80,0x22,0xF7,0x3A,0x4F,0x13,0xE6,
  0x3B,0x37,0x0B,0x85,0x38,0x4B,0x0E,0x5B,0x00,0x00,0x7F,0x02,
  0x2D,0x3B,0x02,0x5A,0x41,0x3E,0x00,0xFF,0x31,0x39,0x03,0xE8,
  0x2C,0x3A,0x04,0xAB,0x2D,0x42,0x03,0xD4,0x31,0xDA,0xBE,0xFD,
  0x31,0xE7,0xDA,0xFD,0x39,0xEB,0xE0,0xFE,0x3A,0x82,0x58,0xFF,
  0x39,0x40,0x00,0xFF,0x3A,0x4E,0x08,0xFF,0x43,0x58,0x18,0xFF,
  0x4C,0xF3,0xE4,0xFF,0x48,0xD9,0xC6,0xFF,0x31,0x61,0x2E,0xF7,
  0x2A,0x35,0x00,0x7D,0x0F,0x4F,0x16,0x50,0x0F,0x00,0x00,0x64,
  0x42,0x9C,0x7B,0xFA,0x5A,0xFF,0xFF,0xF9,0x65,0xD5,0xCA,0xFE,
  0x28,0x1D,0x15,0xC1,0x00,0x05,0x00,0x30,0x07,0x17,0x07,0x20,
  0x00,0x00,0x00,0x00,0x00,0x00,0x00,0x00,0x00,0x00,0x00,0x00,
  0x00,0x00,0x00,0x00,0x00,0x00,0x00,0x00,0x00,0x00,0x00,0x00,
  0x00,0x00,0x00,0x00,0x00,0x00,0x00,0x00,0x00,0x00,0x00,0x00,
  0x00,0x00,0x00,0x00,0x00,0x00,0x00,0x00,0x00,0x00,0x00,0x00,
  0x00,0x00,0x00,0x00,0x00,0x00,0x00,0x00,0x00,0x00,0x00,0x00,
  0x00,0x00,0x00,0x00,0x00,0x00,0x00,0x00,0x00,0x00,0x00,0x00,
  0x00,0x00,0x00,0x00,0x00,0x00,0x00,0x00,0x00,0x00,0x00,0x00,
  0x00,0x00,0x00,0x00,0x00,0x00,0x00,0x00,0x00,0x00,0x00,0x00,
  0x00,0x00,0x00,0x00,0x00,0x00,0x00,0x00,0x00,0x00,0x00,0x00,
  0x00,0x00,0x00,0x00,0x00,0x00,0x00,0x00,0x00,0x00,0x00,0x00,
  0x00,0x00,0x00,0x00,0x00,0x00,0x00,0x00,0x00,0x00,0x00,0x00,
  0x00,0x00,0x00,0x00,0x00,0x00,0x00,0x00,0x00,0x00,0x00,0x00,
  0x00,0x00,0x00,0x00,0x00,0x00,0x00,0x00,0x00,0x00,0x00,0x00,
  0x00,0x00,0x00,0x00,0x00,0xAA,0xAA,0x03,0x00,0x00,0x00,0x00,
  0x25,0x67,0x3B,0xB1,0x36,0xDC,0xB6,0xFF,0x35,0x75,0x56,0xE2,
  0x00,0x00,0x00,0x00,0x3C,0x51,0x2E,0xBE,0x45,0xF8,0xD0,0xF7,
  0x2F,0x92,0x6D,0xF5,0x0B,0x00,0x00,0x2E,0x00,0x3F,0x55,0x0C,
  0x00,0x00,0x00,0x02,0x00,0x00,0x00,0x00,0x00,0x00,0x00,0x00,
  0x00,0x00,0x00,0x00,0x00,0x00,0x00,0x00,0x00,0x00,0x00,0x00,
  0x00,0x00,0x00,0x00,0x00,0x00,0x00,0x00,0x00,0x00,0x00,0x00,
  0x00,0x00,0x00,0x00,0x00,0x00,0x00,0x00,0x00,0x00,0x00,0x00,
  0x00,0x00,0x00,0x00,0x00,0x00,0x00,0x00,0x00,0x00,0x00,0x00,
  0x00,0x00,0x00,0x00,0x00,0x00,0x00,0x00,0x00,0x00,0x00,0x00,
  0x00,0x00,0x00,0x00,0x00,0x00,0x00,0x00,0x00,0x00,0x00,0x00,
  0x00,0x00,0x00,0x00,0x00,0x00,0x00,0x00,0x00,0x00,0x00,0x00,
  0x00,0x00,0x00,0x00,0x00,0x00,0x00,0x00,0x00,0x00,0x00,0x00,
  0x00,0x00,0x00,0x00,0x00,0x00,0x00,0x00,0x00,0x00,0x00,0x00,
  0x3F,0x3F,0x00,0x04,0x00,0x00,0x00,0x00,0x3E,0x3B,0x05,0x62,
  0x45,0x48,0x02,0xFF,0x41,0x41,0x01,0xFF,0x40,0x40,0x00,0xFF,
  0x3F,0x40,0x00,0xFF,0x40,0x42,0x00,0xFF,0x41,0x46,0x01,0xFF,
  0x45,0x49,0x02,0xFF,0x48,0x4A,0x01,0xFF,0x4A,0x4F,0x02,0xFF,
  0x44,0x52,0x02,0xFF,0x3C,0x85,0x3C,0xFF,0x3A,0x93,0x5D,0xFF,
  0x3E,0x84,0x3F,0xFF,0x29,0x5F,0x00,0xFF,0x86,0x9E,0x6F,0xFF,
  0xFF,0xFF,0xFF,0xFF,0xFE,0xF7,0xF0,0xFF,0x82,0xE2,0xF6,0xFF,
  0x0F,0xCD,0xFE,0xFF,0x12,0xCB,0xFF,0xFF,0x65,0xD3,0xF9,0xFF,
  0xFA,0xF6,0xF2,0xFF,0xFA,0xFA,0xF8,0xFF,0x80,0x9E,0x78,0xFF,
  0x27,0x46,0x00,0xFF,0x35,0x68,0x1C,0xFF,0x3B,0x88,0x40,0xFF,
  0x36,0x83,0x38,0xFF,0x37,0xC0,0x7D,0xFF,0x37,0xC5,0x8A,0xFF,
  0x3B,0x8E,0x4C,0xFF,0x3B,0x37,0x00,0xFF,0x36,0x3E,0x01,0xFF,
  0x40,0x41,0x01,0xFF,0x3E,0x3A,0x03,0xFF,0x3C,0x39,0x04,0xF5,
  0x42,0x45,0x06,0x76,0x00,0x00,0x00,0x00,0x7F,0x00,0x00,0x02,
  0x00,0x00,0x00,0x00,0x00,0x00,0x00,0x00,0x00,0x00,0x00,0x00,
  0x00,0x00,0x00,0x00,0x00,0x00,0x00,0x00,0x00,0x00,0x00,0x00,
  0x00,0x00,0x00,0x00,0x00,0x00,0x00,0x00,0x00,0x00,0x00,0x00,
  0x00,0x00,0x00,0x00,0x00,0x00,0x00,0x00,0x00,0x00,0x00,0x00,
  0x00,0x00,0x00,0x00,0x00,0x00,0x00,0x00,0x00,0x00,0x00,0x00,
  0x00,0x00,0x00,0x00,0x00,0x00,0x00,0x00,0x00,0x00,0x00,0x00,
  0x00,0x00,0x00,0x00,0x00,0x00,0x00,0x00,0x00,0x00,0x00,0x00,
  0xFF,0xFF,0x00,0x01,0x00,0x00,0x00,0x00,0x4B,0x32,0x04,0x3D,
  0x51,0x55,0x04,0xFF,0x4C,0x5D,0x03,0xFF,0x4C,0x5E,0x03,0xFC,
  0x4A,0x61,0x03,0xFF,0x4C,0x5A,0x02,0xFF,0x3D,0x64,0x0E,0xFF,
  0x27,0xB7,0x6B,0xFF,0x2B,0xA9,0x6B,0xFF,0x2E,0xAA,0x71,0xFF,
  0x39,0x70,0x2D,0xFF,0x3A,0x48,0x00,0xFF,0x35,0x4E,0x02,0xFF,
  0x37,0x58,0x0E,0xFF,0x37,0x68,0x1D,0xFF,0x34,0x50,0x03,0xFF,
  0x37,0x97,0x5A,0xFF,0x31,0xD3,0xAB,0xFF,0x34,0xCF,0xAD,0xFF,
  0x3C,0x9A,0x56,0xFF,0x38,0x54,0x00,0xFF,0x3C,0x60,0x02,0xFF,
  0x3D,0x5D,0x01,0xFF,0x35,0x99,0x48,0xFF,0x34,0xA6,0x5A,0xFF,
  0x35,0xA0,0x56,0xFF,0x31,0xA1,0x56,0xFF,0x3D,0x83,0x24,0xFF,
  0x43,0x74,0x0C,0xFF,0x3C,0x75,0x0E,0xFF,0x3B,0x77,0x0B,0xF9,
  0x3B,0x79,0x11,0xFF,0x37,0x55,0x12,0xBC,0x00,0x00,0x00,0x00,
  0x3F,0x7F,0x00,0x04,0x00,0x00,0x00,0x00,0x00,0x00,0x00,0x00,
  0x00,0x00,0x00,0x00,0x00,0x00,0x00,0x00,0x00,0x00,0x00,0x00,
  0x00,0x00,0x00,0x00,0x00,0x00,0x00,0x00,0x00,0x00,0x00,0x00,
  0x00,0x00,0x00,0x00,0x3F,0x7F,0x3F,0x04,0x00,0x00,0x00,0x00,
  0x37,0x57,0x1C,0xBB,0x39,0xA6,0x5C,0xFF,0x36,0x9E,0x5E,0xFC,
  0x33,0xA2,0x64,0xFF,0x36,0x93,0x4F,0xFF,0x3E,0x7E,0x2C,0xFF,
  0x3D,0x7D,0x2B,0xFF,0x39,0x88,0x36,0xFF,0x2C,0xA8,0x57,0xFF,
  0x32,0xA6,0x57,0xFF,0x30,0xA8,0x5D,0xFF,0x41,0x76,0x22,0xFF,
  0x45,0x71,0x23,0xFF,0x45,0x74,0x25,0xFF,0x44,0x7D,0x2C,0xFF,
  0x2C,0xDC,0xAF,0xFF,0x36,0xB0,0x70,0xFF,0x41,0x7A,0x1C,0xFF,
  0x3F,0x73,0x1B,0xFD,0x3D,0x79,0x20,0xFF,0x38,0x4D,0x11,0xD5,
  0x3B,0x3B,0x06,0x7D,0x34,0x53,0x0A,0x49,0x00,0x00,0x48,0x07,
  0x20,0x37,0x03,0x4E,0x39,0x3B,0x00,0xD5,0x2B,0x3B,0x04,0xB7,
  0x25,0x3B,0x07,0xA4,0x33,0x3D,0x02,0xE3,0x32,0xC3,0x9F,0xFF,
  0x2C,0xD7,0xBF,0xFE,0x32,0xDA,0xC2,0xFF,0x3B,0x78,0x47,0xFF,
  0x3E,0x45,0x01,0xFF,0x3B,0x50,0x08,0xFF,0x44,0x5A,0x1B,0xFF,
  0x43,0xDE,0xC5,0xFE,0x42,0xD1,0xB9,0xFF,0x3D,0x8B,0x5A,0xEB,
  0x1C,0x33,0x00,0x5A,0x15,0x46,0x15,0x61,0x03,0x00,0x00,0x47,
  0x3F,0x99,0x6D,0xEE,0x48,0xE7,0xD1,0xFF,0x4F,0xBE,0xAF,0xFF,
  0x25,0x1D,0x16,0xB6,0x00,0x0E,0x00,0x48,0x07,0x17,0x07,0x21,
  0x00,0x00,0x00,0x00,0x00,0x00,0x00,0x01,0x00,0x00,0x00,0x00,
  0x00,0x00,0x00,0x00,0x00,0x00,0x00,0x00,0x00,0x00,0x00,0x00,
  0x00,0x00,0x00,0x00,0x00,0x00,0x00,0x00,0x00,0x00,0x00,0x00,
  0x00,0x00,0x00,0x00,0x00,0x00,0x00,0x00,0x00,0x00,0x00,0x00,
  0x00,0x00,0x00,0x00,0x00,0x00,0x00,0x00,0x00,0x00,0x00,0x00,
  0x00,0x00,0x00,0x00,0x00,0x00,0x00,0x00,0x00,0x00,0x00,0x00,
  0x00,0x00,0x00,0x00,0x00,0x00,0x00,0x00,0x00,0x00,0x00,0x00,
  0x00,0x00,0x00,0x00,0x00,0x00,0x00,0x00,0x00,0x00,0x00,0x00,
  0x00,0x00,0x00,0x00,0x00,0x00,0x00,0x00,0x00,0x00,0x00,0x00,
  0x00,0x00,0x00,0x00,0x00,0x00,0x00,0x00,0x00,0x00,0x00,0x00,
  0x00,0x00,0x00,0x00,0x00,0x00,0x00,0x00,0x00,0x00,0x00,0x00,
  0x00,0x00,0x00,0x00,0x00,0x00,0x00,0x00,0x00,0x00,0x00,0x00,
  0x00,0x00,0x00,0x00,0x00,0x00,0x00,0x00,0x00,0x00,0x00,0x00,
  0x00,0x00,0x00,0x00,0x55,0xAA,0xAA,0x03,0x00,0x00,0x00,0x00,
  0x23,0x6D,0x3E,0x98,0x33,0xCF,0xA7,0xFF,0x31,0x79,0x5B,0xD2,
  0x00,0x00,0x00,0x00,0x3B,0x5D,0x3C,0xB9,0x3E,0xDF,0xB9,0xFF,
  0x28,0x89,0x63,0xD7,0x00,0x00,0x00,0x26,0x00,0x27,0x27,0x27,
  0x00,0x00,0x00,0x01,0x00,0x00,0x00,0x00,0x00,0x00,0x00,0x00,
  0x00,0x00,0x00,0x00,0x00,0x00,0x00,0x00,0x00,0x00,0x00,0x00,
  0x00,0x00,0x00,0x00,0x00,0x00,0x00,0x00,0x00,0x00,0x00,0x00,
  0x00,0x00,0x00,0x00,0x00,0x00,0x00,0x00,0x00,0x00,0x00,0x00,
  0x00,0x00,0x00,0x00,0x00,0x00,0x00,0x00,0x00,0x00,0x00,0x00,
  0x00,0x00,0x00,0x00,0x00,0x00,0x00,0x00,0x00,0x00,0x00,0x00,
  0x00,0x00,0x00,0x00,0x00,0x00,0x00,0x00,0x00,0x00,0x00,0x00,
  0x00,0x00,0x00,0x00,0x00,0x00,0x00,0x00,0x00,0x00,0x00,0x00,
  0x00,0x00,0x00,0x00,0x00,0x00,0x00,0x00,0x00,0x00,0x00,0x00,
  0x00,0x00,0x00,0x00,0x00,0x00,0x00,0x00,0x00,0x00,0x00,0x00,
  0x3F,0x3F,0x00,0x04,0x00,0x00,0x00,0x00,0x3D,0x39,0x02,0x6B,
  0x41,0x43,0x01,0xFF,0x3A,0x3C,0x00,0xFE,0x39,0x3A,0x00,0xFF,
  0x38,0x39,0x00,0xFF,0x39,0x3B,0x00,0xFF,0x3C,0x40,0x01,0xFF,
  0x42,0x46,0x02,0xFF,0x48,0x4B,0x02,0xFF,0x47,0x51,0x03,0xFF,
  0x45,0x55,0x02,0xFF,0x3E,0x83,0x3A,0xFF,0x39,0x92,0x59,0xFF,
  0x3E,0x83,0x3E,0xFF,0x2B,0x5E,0x00,0xFF,0x89,0x9F,0x70,0xFF,
  0xFE,0xFF,0xFF,0xFF,0xFB,0xF3,0xEA,0xFF,0x81,0xE0,0xF4,0xFF,
  0x12,0xCC,0xFE,0xFF,0x1D,0xCB,0xFE,0xFF,0x72,0xD5,0xF8,0xFF,
  0xFF,0xFA,0xF6,0xFF,0xFF,0xFF,0xFF,0xFF,0x7F,0x9F,0x78,0xFF,
  0x29,0x4B,0x00,0xFF,0x3A,0x6D,0x1D,0xFF,0x3B,0x80,0x35,0xFF,
  0x34,0x84,0x3B,0xFF,0x36,0xBF,0x7B,0xFF,0x34,0xBF,0x84,0xFF,
  0x3B,0x8C,0x4D,0xFF,0x3D,0x3D,0x00,0xFF,0x37,0x44,0x07,0xFF,
  0x3A,0x3F,0x01,0xFF,0x3B,0x39,0x01,0xF6,0x3C,0x38,0x02,0xE2,
  0x42,0x42,0x02,0x76,0x00,0x01,0x00,0x00,0x00,0x00,0x00,0x01,
  0x00,0x00,0x00,0x00,0x00,0x00,0x00,0x00,0x00,0x00,0x00,0x00,
  0x00,0x00,0x00,0x00,0x00,0x00,0x00,0x00,0x00,0x00,0x00,0x00,
  0x00,0x00,0x00,0x00,0x00,0x00,0x00,0x00,0x00,0x00,0x00,0x00,
  0x00,0x00,0x00,0x00,0x00,0x00,0x00,0x00,0x00,0x00,0x00,0x00,
  0x00,0x00,0x00,0x00,0x00,0x00,0x00,0x00,0x00,0x00,0x00,0x00,
  0x00,0x00,0x00,0x00,0x00,0x00,0x00,0x00,0x00,0x00,0x00,0x00,
  0x00,0x00,0x00,0x00,0x00,0x00,0x00,0x00,0x00,0x00,0x00,0x00,
  0x7F,0x7F,0x00,0x02,0x00,0x00,0x00,0x00,0x4A,0x37,0x04,0x37,
  0x4A,0x50,0x02,0xFF,0x48,0x58,0x01,0xFD,0x4B,0x5C,0x02,0xFF,
  0x4B,0x61,0x04,0xFF,0x4C,0x5C,0x03,0xFF,0x40,0x63,0x0A,0xFF,
  0x2A,0xAD,0x60,0xFF,0x2C,0xA4,0x62,0xFF,0x2B,0xA6,0x6B,0xFF,
  0x35,0x70,0x2F,0xFF,0x3A,0x4E,0x05,0xFF,0x35,0x53,0x0B,0xFF,
  0x34,0x53,0x08,0xFF,0x34,0x5A,0x0E,0xFF,0x35,0x49,0x00,0xFF,
  0x35,0x95,0x5A,0xFF,0x31,0xCC,0xA3,0xFF,0x33,0xCD,0xAA,0xFF,
  0x39,0x9D,0x5A,0xFF,0x3D,0x5C,0x00,0xFF,0x3E,0x63,0x06,0xFF,
  0x3E,0x64,0x07,0xFF,0x35,0x9C,0x4A,0xFF,0x34,0xA6,0x5A,0xFF,
  0x35,0xA2,0x56,0xFF,0x31,0xA1,0x57,0xFF,0x3D,0x80,0x21,0xFF,
  0x45,0x71,0x09,0xFF,0x3C,0x72,0x0D,0xFF,0x37,0x6F,0x09,0xFB,
  0x37,0x6D,0x0C,0xFF,0x33,0x50,0x10,0xAF,0x00,0x00,0x00,0x00,
  0x3F,0x3F,0x00,0x04,0x00,0x00,0x00,0x00,0x00,0x00,0x00,0x00,
  0x00,0x00,0x00,0x00,0x00,0x00,0x00,0x00,0x00,0x00,0x00,0x00,
  0x00,0x00,0x00,0x00,0x00,0x00,0x00,0x00,0x00,0x00,0x00,0x00,
  0x00,0x00,0x00,0x00,0x3F,0x7F,0x3F,0x04,0x00,0x00,0x00,0x00,
  0x3A,0x55,0x1B,0xB8,0x3D,0xA2,0x5A,0xFF,0x38,0x9C,0x5C,0xFC,
  0x34,0xA0,0x60,0xFF,0x37,0x94,0x4E,0xFF,0x3F,0x7F,0x2B,0xFF,
  0x3D,0x7D,0x2B,0xFF,0x3A,0x88,0x36,0xFF,0x2E,0xA3,0x53,0xFF,
  0x34,0xA1,0x52,0xFF,0x30,0xA3,0x58,0xFF,0x41,0x75,0x24,0xFF,
  0x43,0x70,0x23,0xFF,0x42,0x73,0x24,0xFF,0x44,0x7F,0x2B,0xFF,
  0x29,0xE7,0xC4,0xFF,0x33,0xC6,0x94,0xFF,0x44,0x7B,0x1A,0xFF,
  0x41,0x72,0x1B,0xFD,0x3D,0x7A,0x24,0xFF,0x36,0x50,0x15,0xD7,
  0x3A,0x39,0x06,0x98,0x34,0x4C,0x0A,0x49,0x00,0x00,0x38,0x09,
  0x1D,0x3B,0x03,0x45,0x37,0x3C,0x00,0xBD,0x27,0x3B,0x06,0xA2,
  0x20,0x3A,0x09,0xA6,0x33,0x3C,0x02,0xF0,0x33,0xBE,0x95,0xFF,
  0x2C,0xD4,0xB7,0xFE,0x32,0xD6,0xB8,0xFF,0x3E,0x76,0x41,0xFF,
  0x3F,0x48,0x02,0xFF,0x3B,0x52,0x09,0xFF,0x44,0x5C,0x1A,0xFF,
  0x42,0xD7,0xB6,0xFE,0x41,0xCC,0xAB,0xFF,0x43,0xA2,0x71,0xE8,
  0x19,0x39,0x00,0x50,0x14,0x43,0x11,0x66,0x00,0x07,0x00,0x44,
  0x40,0x9C,0x6B,0xEA,0x46,0xE1,0xC4,0xFF,0x4B,0xB8,0xA3,0xFF,
  0x24,0x20,0x15,0xA7,0x03,0x0F,0x03,0x54,0x08,0x1A,0x08,0x1D,
  0x00,0x00,0x00,0x01,0x00,0x00,0x00,0x02,0x4F,0x6F,0x0F,0x10,
  0x4C,0x99,0x00,0x0A,0x00,0x55,0x00,0x03,0x00,0x7F,0x00,0x02,
  0x00,0x00,0x00,0x01,0x00,0x00,0x00,0x01,0x00,0x00,0x00,0x01,
  0x00,0x00,0x00,0x00,0x00,0x00,0x00,0x01,0x00,0x00,0x00,0x00,
  0x00,0x00,0x00,0x00,0x00,0x00,0x00,0x00,0x00,0x00,0x00,0x00,
  0x00,0x00,0x00,0x00,0x00,0x00,0x00,0x00,0x00,0x00,0x00,0x00,
  0x00,0x00,0x00,0x00,0x00,0x00,0x00,0x00,0x00,0x00,0x00,0x00,
  0x00,0x00,0x00,0x00,0x00,0x00,0x00,0x00,0x00,0x00,0x00,0x00,
  0x00,0x00,0x00,0x00,0x00,0x00,0x00,0x00,0x00,0x00,0x00,0x00,
  0x00,0x00,0x00,0x00,0x00,0x00,0x00,0x00,0x00,0x00,0x00,0x00,
  0x00,0x00,0x00,0x00,0x00,0x00,0x00,0x00,0x00,0x00,0x00,0x00,
  0x00,0x00,0x00,0x01,0x00,0x00,0x00,0x00,0x00,0x00,0x00,0x00,
  0x00,0x00,0x00,0x00,0x00,0x00,0x00,0x00,0x00,0x00,0x00,0x00,
  0x00,0x00,0x00,0x01,0x55,0x7F,0x55,0x06,0x00,0x00,0x00,0x03,
  0x25,0x6A,0x3A,0x94,0x34,0xC7,0x9B,0xFD,0x31,0x75,0x57,0xD2,
  0x00,0x01,0x00,0x00,0x37,0x78,0x59,0xA9,0x41,0xDB,0xB2,0xFF,
  0x2A,0x92,0x68,0xB5,0x00,0x00,0x00,0x1E,0x04,0x28,0x1F,0x39,
  0x00,0x55,0x00,0x03,0x00,0x7F,0x00,0x02,0x00,0x7F,0x00,0x02,
  0x00,0x55,0x00,0x03,0x00,0x55,0x00,0x03,0x55,0x55,0x00,0x03,
  0x3F,0x3F,0x00,0x04,0x3F,0x3F,0x00,0x04,0x3F,0x3F,0x00,0x04,
  0x3F,0x3F,0x00,0x04,0x3F,0x3F,0x00,0x04,0x3F,0x3F,0x00,0x04,
  0x3F,0x3F,0x00,0x04,0x3F,0x3F,0x00,0x04,0x3F,0x3F,0x00,0x04,
  0x3F,0x3F,0x00,0x04,0x3F,0x3F,0x00,0x04,0x3F,0x3F,0x00,0x04,
  0x3F,0x3F,0x00,0x04,0x3F,0x3F,0x00,0x04,0x00,0x55,0x00,0x03,
  0x00,0x55,0x00,0x03,0x55,0x55,0x00,0x03,0x00,0x55,0x00,0x03,
  0x00,0x3F,0x00,0x04,0x3F,0x3F,0x00,0x04,0x33,0x33,0x00,0x05,
  0x33,0x33,0x00,0x05,0x2A,0x2A,0x00,0x06,0x48,0x24,0x00,0x07,
  0x2E,0x2E,0x00,0x0B,0x2A,0x2A,0x00,0x06,0x3F,0x3B,0x02,0x78,
  0x43,0x47,0x00,0xFB,0x3A,0x3E,0x00,0xF7,0x38,0x3B,0x00,0xFA,
  0x36,0x39,0x01,0xFB,0x38,0x3A,0x01,0xFC,0x3A,0x3F,0x01,0xFD,
  0x40,0x45,0x02,0xFE,0x45,0x4C,0x03,0xFF,0x44,0x52,0x04,0xFF,
  0x45,0x57,0x02,0xFF,0x40,0x84,0x39,0xFF,0x39,0x92,0x57,0xFF,
  0x40,0x85,0x3D,0xFF,0x2E,0x5F,0x00,0xFF,0x8C,0xA1,0x71,0xFF,
  0xFB,0xFD,0xFD,0xFF,0xF8,0xEF,0xE5,0xFF,0x7E,0xDE,0xF2,0xFF,
  0x15,0xCD,0xFD,0xFF,0x25,0xCC,0xFE,0xFF,0x7B,0xD7,0xF8,0xFF,
  0xFF,0xFA,0xF5,0xFF,0xFE,0xFF,0xFE,0xFF,0x7C,0x9F,0x75,0xFF,
  0x2A,0x4C,0x00,0xFF,0x38,0x64,0x15,0xFF,0x38,0x6A,0x1F,0xFF,
  0x35,0x88,0x3D,0xFF,0x37,0xBE,0x79,0xFF,0x34,0xBE,0x82,0xFF,
  0x3A,0x8D,0x4C,0xFF,0x3A,0x40,0x01,0xFF,0x33,0x46,0x08,0xFF,
  0x38,0x3F,0x01,0xFD,0x3B,0x3A,0x01,0xF7,0x40,0x39,0x03,0xEF,
  0x3F,0x3D,0x03,0xA9,0x33,0x66,0x00,0x0A,0x2A,0x2A,0x00,0x06,
  0x24,0x24,0x00,0x07,0x33,0x33,0x00,0x05,0x3F,0x3F,0x00,0x04,
  0x00,0x55,0x00,0x03,0x00,0x01,0x00,0x00,0x00,0x01,0x00,0x00,
  0x00,0x33,0x33,0x05,0x00,0x7F,0x7F,0x02,0x00,0xFF,0x00,0x01,
  0x00,0x55,0x00,0x03,0x00,0x55,0x00,0x03,0x55,0x55,0x00,0x03,
  0x00,0x00,0x00,0x01,0x00,0x00,0x00,0x01,0x00,0x00,0x00,0x01,
  0x00,0x00,0x00,0x01,0x00,0x00,0x00,0x01,0x00,0x7F,0x00,0x02,
  0x00,0x3F,0x00,0x04,0x00,0x00,0x00,0x01,0x00,0x00,0x00,0x05,
  0x0D,0x1A,0x00,0x13,0x00,0x00,0x00,0x01,0x46,0x38,0x04,0x36,
  0x47,0x4E,0x02,0xFA,0x48,0x58,0x01,0xFA,0x4A,0x5D,0x02,0xFF,
  0x4A,0x61,0x04,0xFF,0x4B,0x5D,0x04,0xFF,0x40,0x62,0x09,0xFF,
  0x2C,0xA8,0x5B,0xFF,0x2C,0xA3,0x5F,0xFF,0x2A,0xA5,0x67,0xFF,
  0x33,0x70,0x2E,0xFF,0x37,0x4F,0x07,0xFF,0x32,0x56,0x0D,0xFF,
  0x34,0x51,0x06,0xFF,0x33,0x53,0x07,0xFF,0x36,0x4B,0x00,0xFF,
  0x38,0x94,0x55,0xFF,0x32,0xC9,0x9D,0xFF,0x32,0xCC,0xA6,0xFF,
  0x38,0x9E,0x5B,0xFF,0x3C,0x60,0x02,0xFF,0x3D,0x67,0x08,0xFF,
  0x3B,0x67,0x0A,0xFF,0x34,0x9C,0x4A,0xFF,0x35,0xA6,0x59,0xFF,
  0x34,0xA3,0x56,0xFF,0x30,0xA2,0x58,0xFF,0x3D,0x80,0x22,0xFF,
  0x44,0x70,0x08,0xFF,0x3A,0x71,0x0C,0xFF,0x38,0x6B,0x09,0xFA,
  0x38,0x69,0x0C,0xFC,0x35,0x4D,0x10,0xAB,0x00,0x00,0x00,0x00,
  0x3F,0x3F,0x00,0x04,0x00,0x00,0x00,0x00,0x00,0x00,0x00,0x00,
  0x00,0x00,0x00,0x00,0x00,0x00,0x00,0x00,0x00,0x00,0x00,0x00,
  0x00,0x00,0x00,0x00,0x00,0x00,0x00,0x00,0x00,0x00,0x00,0x00,
  0x00,0x00,0x00,0x00,0x3F,0x7F,0x3F,0x04,0x00,0x00,0x00,0x00,
  0x3C,0x57,0x1B,0xBA,0x40,0xA8,0x5C,0xFF,0x39,0xA1,0x5F,0xFC,
  0x35,0xA3,0x62,0xFF,0x37,0x96,0x4E,0xFF,0x3F,0x7F,0x2B,0xFF,
  0x3D,0x7D,0x2A,0xFF,0x3A,0x88,0x36,0xFF,0x2F,0xA1,0x54,0xFF,
  0x33,0xA1,0x53,0xFF,0x30,0xA2,0x58,0xFF,0x3E,0x72,0x24,0xFF,
  0x40,0x6C,0x1D,0xFF,0x40,0x72,0x22,0xFF,0x43,0x80,0x2B,0xFF,
  0x28,0xDD,0xBC,0xFF,0x30,0xD1,0xAB,0xFF,0x44,0x7E,0x1E,0xFF,
  0x41,0x73,0x1B,0xFE,0x3D,0x7C,0x27,0xFF,0x38,0x4E,0x15,0xE1,
  0x36,0x3A,0x09,0x8C,0x31,0x4E,0x0C,0x3E,0x00,0x0A,0x15,0x18,
  0x1D,0x3A,0x07,0x46,0x37,0x3C,0x00,0xBD,0x29,0x3C,0x06,0xA1,
  0x1D,0x3A,0x0A,0xA6,0x31,0x3C,0x03,0xF6,0x34,0xC3,0x9A,0xFF,
  0x2E,0xD8,0xBB,0xFE,0x34,0xDB,0xBC,0xFF,0x42,0x79,0x42,0xFF,
  0x3F,0x4A,0x03,0xFF,0x3D,0x54,0x09,0xFF,0x45,0x5D,0x18,0xFF,
  0x45,0xDA,0xB8,0xFE,0x41,0xD0,0xAC,0xFF,0x45,0xAD,0x7E,0xF0,
  0x27,0x40,0x02,0x6E,0x0E,0x4B,0x0B,0x58,0x03,0x0C,0x00,0x52,
  0x3F,0xA2,0x73,0xF0,0x4A,0xE9,0xCC,0xFF,0x4F,0xBE,0xA6,0xFF,
  0x26,0x23,0x15,0x98,0x03,0x0D,0x03,0x4D,0x0D,0x28,0x0D,0x13,
  0x00,0x00,0x00,0x00,0x00,0x00,0x00,0x00,0x5B,0x91,0x12,0x0E,
  0x55,0xFF,0x00,0x06,0x00,0x00,0x00,0x00,0x00,0x00,0x00,0x00,
  0x00,0x00,0x00,0x00,0x00,0x00,0x00,0x00,0x00,0x00,0x00,0x00,
  0x00,0x00,0x00,0x00,0x00,0x00,0x00,0x00,0x00,0x00,0x00,0x00,
  0x00,0x00,0x00,0x00,0x00,0x00,0x00,0x00,0x00,0x00,0x00,0x00,
  0x00,0x00,0x00,0x00,0x00,0x00,0x00,0x00,0x00,0x00,0x00,0x00,
  0x00,0x00,0x00,0x00,0x00,0x00,0x00,0x00,0x00,0x00,0x00,0x00,
  0x00,0x00,0x00,0x00,0x00,0x00,0x00,0x00,0x00,0x00,0x00,0x00,
  0x00,0x00,0x00,0x00,0x00,0x00,0x00,0x00,0x00,0x00,0x00,0x00,
  0x00,0x00,0x00,0x00,0x00,0x00,0x00,0x00,0x00,0x00,0x00,0x00,
  0x00,0x00,0x00,0x00,0x00,0x00,0x00,0x00,0x00,0x00,0x00,0x00,
  0x00,0x00,0x00,0x00,0x00,0x00,0x00,0x00,0x00,0x00,0x00,0x00,
  0x00,0x00,0x00,0x00,0x00,0x00,0x00,0x00,0x00,0x00,0x00,0x00,
  0x00,0x00,0x00,0x00,0x00,0x01,0x02,0x00,0x00,0x00,0x00,0x00,
  0x27,0x69,0x37,0x93,0x37,0xC5,0x95,0xFF,0x33,0x70,0x4F,0xD3,
  0x00,0x00,0x00,0x01,0x34,0x90,0x6C,0xB7,0x44,0xE0,0xB5,0xFF,
  0x31,0xA1,0x73,0x9F,0x00,0x00,0x00,0x16,0x08,0x26,0x1E,0x3B,
  0x00,0x00,0x00,0x00,0x00,0x00,0x00,0x00,0x00,0x00,0x00,0x00,
  0x00,0x00,0x00,0x00,0x00,0x00,0x00,0x00,0x00,0x00,0x00,0x00,
  0x00,0x00,0x00,0x00,0x00,0x00,0x00,0x00,0x00,0x00,0x00,0x00,
  0x00,0x00,0x00,0x00,0x00,0x00,0x00,0x00,0x00,0x00,0x00,0x00,
  0x00,0x00,0x00,0x00,0x00,0x00,0x00,0x00,0x00,0x00,0x00,0x00,
  0x00,0x00,0x00,0x00,0x00,0x00,0x00,0x00,0x00,0x00,0x00,0x00,
  0x00,0x00,0x00,0x00,0x00,0x00,0x00,0x00,0x00,0x00,0x00,0x00,
  0x00,0x00,0x00,0x00,0x00,0x00,0x00,0x00,0x00,0x00,0x00,0x00,
  0x00,0x00,0x00,0x00,0x00,0x00,0x00,0x00,0x00,0x00,0x00,0x00,
  0x00,0x00,0x00,0x00,0x00,0x00,0x00,0x00,0x00,0x00,0x00,0x00,
  0x00,0x00,0x00,0x00,0x00,0x00,0x00,0x00,0x44,0x3D,0x02,0x78,
  0x47,0x49,0x00,0xFF,0x3C,0x3F,0x00,0xFA,0x3B,0x3C,0x00,0xFF,
  0x38,0x3A,0x01,0xFF,0x39,0x3B,0x01,0xFF,0x3B,0x3F,0x01,0xFF,
  0x3F,0x45,0x02,0xFF,0x43,0x4B,0x03,0xFF,0x43,0x52,0x04,0xFF,
  0x44,0x56,0x02,0xFF,0x41,0x85,0x39,0xFF,0x3C,0x95,0x58,0xFF,
  0x42,0x86,0x3A,0xFF,0x31,0x60,0x00,0xFF,0x90,0xA3,0x73,0xFF,
  0xFF,0xFF,0xFF,0xFF,0xFE,0xF5,0xEC,0xFF,0x7E,0xDE,0xF4,0xFF,
  0x0A,0xCA,0xFD,0xFF,0x1B,0xCA,0xFE,0xFF,0x7C,0xD8,0xFA,0xFF,
  0xFF,0xFB,0xF8,0xFF,0xFF,0xFF,0xFF,0xFF,0x7B,0xA0,0x77,0xFF,
  0x2A,0x4A,0x00,0xFF,0x36,0x59,0x0D,0xFF,0x35,0x55,0x0B,0xFF,
  0x36,0x8B,0x3E,0xFF,0x37,0xBE,0x79,0xFF,0x35,0xBF,0x82,0xFF,
  0x39,0x8D,0x4B,0xFF,0x37,0x3F,0x00,0xFF,0x30,0x45,0x07,0xFF,
  0x38,0x40,0x02,0xFF,0x3C,0x3B,0x02,0xFE,0x41,0x39,0x03,0xFF,
  0x41,0x3B,0x02,0xCA,0x01,0x02,0x00,0x00,0x00,0x00,0x00,0x00,
  0x00,0x00,0x00,0x00,0x00,0x00,0x00,0x00,0x00,0x00,0x00,0x00,
  0x00,0x00,0x00,0x00,0x00,0x00,0x00,0x00,0x00,0x00,0x00,0x09,
  0x00,0x00,0x0E,0x12,0x00,0x00,0x1C,0x09,0x00,0x00,0x00,0x00,
  0x00,0x00,0x00,0x00,0x00,0x00,0x00,0x00,0x00,0x00,0x00,0x00,
  0x00,0x00,0x00,0x00,0x00,0x00,0x00,0x00,0x00,0x00,0x00,0x00,
  0x00,0x00,0x00,0x00,0x00,0x00,0x00,0x00,0x00,0x00,0x00,0x00,
  0x00,0x00,0x00,0x00,0x00,0x00,0x00,0x00,0x00,0x0F,0x00,0x11,
  0x06,0x1B,0x00,0x25,0x00,0x00,0x00,0x00,0x3F,0x36,0x04,0x38,
  0x47,0x4E,0x03,0xFF,0x48,0x59,0x01,0xFC,0x4A,0x5E,0x02,0xFF,
  0x4A,0x61,0x04,0xFF,0x4A,0x5D,0x04,0xFF,0x40,0x62,0x09,0xFF,
  0x2D,0xA9,0x5C,0xFF,0x2C,0xA5,0x60,0xFF,0x2A,0xA6,0x67,0xFF,
  0x32,0x70,0x2D,0xFF,0x35,0x4F,0x05,0xFF,0x30,0x55,0x0A,0xFF,
  0x34,0x51,0x05,0xFF,0x34,0x52,0x07,0xFF,0x36,0x4D,0x00,0xFF,
  0x3A,0x8F,0x4D,0xFF,0x33,0xCA,0x9C,0xFF,0x32,0xCD,0xA4,0xFF,
  0x38,0x9E,0x5B,0xFF,0x3A,0x60,0x00,0xFF,0x3B,0x68,0x06,0xFF,
  0x39,0x66,0x08,0xFF,0x33,0x9B,0x4C,0xFF,0x35,0xA6,0x58,0xFF,
  0x34,0xA3,0x55,0xFF,0x30,0xA4,0x58,0xFF,0x3D,0x81,0x23,0xFF,
  0x42,0x70,0x08,0xFF,0x39,0x71,0x0C,0xFF,0x37,0x69,0x0A,0xFB,
  0x3A,0x69,0x0E,0xFF,0x37,0x4C,0x10,0xAE,0x00,0x00,0x00,0x00,
  0x3F,0x3F,0x00,0x04,0x00,0x00,0x00,0x00,0x00,0x00,0x00,0x00,
  0x00,0x00,0x00,0x00,0x00,0x00,0x00,0x00,0x00,0x00,0x00,0x00,
  0x00,0x00,0x00,0x00,0x00,0x00,0x00,0x00,0x00,0x00,0x00,0x00,
  0x33,0x66,0x00,0x05,0x3F,0x6A,0x15,0x0C,0x3F,0x5F,0x00,0x08,
  0x3E,0x5A,0x1B,0xBC,0x40,0xAA,0x5B,0xFF,0x38,0xA3,0x5E,0xFC,
  0x35,0xA4,0x62,0xFF,0x38,0x98,0x4D,0xFF,0x40,0x80,0x2A,0xFF,
  0x3E,0x7E,0x29,0xFF,0x3A,0x87,0x36,0xFF,0x2F,0x9F,0x55,0xFF,
  0x32,0x9F,0x52,0xFF,0x2F,0xA0,0x58,0xFF,0x3B,0x6E,0x21,0xFF,
  0x3E,0x69,0x19,0xFF,0x40,0x72,0x22,0xFF,0x41,0x7E,0x2D,0xFF,
  0x29,0xD6,0xB7,0xFF,0x29,0xD4,0xB6,0xFF,0x41,0x7F,0x24,0xFF,
  0x42,0x74,0x1A,0xFE,0x40,0x7A,0x28,0xFF,0x3C,0x49,0x14,0xE1,
  0x24,0x53,0x15,0x46,0x17,0x7B,0x1E,0x21,0x10,0x19,0x10,0x3D,
  0x1A,0x35,0x08,0x56,0x38,0x3F,0x02,0xBE,0x2C,0x41,0x09,0xA7,
  0x1E,0x3E,0x0F,0xA6,0x34,0x3D,0x05,0xF4,0x35,0xC2,0x9A,0xFF,
  0x30,0xD7,0xB9,0xFE,0x34,0xDB,0xBC,0xFF,0x44,0x7B,0x43,0xFF,
  0x43,0x4E,0x06,0xFF,0x41,0x58,0x0A,0xFF,0x46,0x5E,0x19,0xFF,
  0x45,0xD9,0xBB,0xFF,0x3F,0xD9,0xB9,0xFD,0x49,0xC0,0x93,0xFB,
  0x37,0x4C,0x0C,0xA1,0x0A,0x58,0x07,0x48,0x0D,0x15,0x02,0x61,
  0x3C,0xA3,0x77,0xF7,0x48,0xE5,0xCA,0xFF,0x4D,0xBD,0xA6,0xFF,
  0x26,0x2E,0x1A,0x90,0x03,0x1B,0x0B,0x42,0x19,0x4C,0x19,0x14,
  0x7F,0xBF,0x3F,0x04,0xFF,0xFF,0x7F,0x02,0x01,0x03,0x02,0x00,
  0x00,0x02,0x01,0x00,0x00,0x00,0x01,0x00,0x01,0x01,0x01,0x00,
  0xFF,0xFF,0xFF,0x01,0xFF,0xFF,0x7F,0x02,0xAA,0xAA,0x55,0x03,
  0x55,0x7F,0x2A,0x06,0xFF,0xFF,0xFF,0x01,0xFF,0xFF,0x00,0x01,
  0x00,0x00,0x00,0x00,0x00,0x00,0x00,0x00,0x00,0x00,0x00,0x00,
  0x00,0x00,0x00,0x00,0x00,0x00,0x00,0x00,0x00,0x00,0x00,0x00,
  0x00,0x00,0x00,0x00,0x00,0x00,0x00,0x00,0x00,0x00,0x00,0x00,
  0x00,0x00,0x00,0x00,0x00,0x00,0x00,0x00,0x00,0x00,0x00,0x00,
  0x00,0x00,0x00,0x00,0x00,0x00,0x00,0x00,0x00,0x00,0x00,0x00,
  0x00,0x00,0x00,0x00,0x00,0x00,0x00,0x00,0x00,0x00,0x00,0x00,
  0x00,0x00,0x00,0x00,0x00,0x00,0x00,0x00,0x7F,0x7F,0x7F,0x02,
  0xFF,0xFF,0xFF,0x04,0x7F,0xDF,0xDF,0x08,0x7F,0xDF,0xBF,0x08,
  0x3F,0x5F,0x3F,0x08,0x3F,0x3F,0x00,0x08,0x3F,0x5F,0x1F,0x08,
  0x7F,0x7F,0x3F,0x04,0x00,0x02,0x03,0x00,0x01,0x02,0x01,0x00,
  0x25,0x6F,0x3C,0x87,0x37,0xC5,0x92,0xFF,0x34,0x70,0x4B,0xC8,
  0x3C,0x1E,0x1E,0x11,0x35,0x93,0x68,0xEB,0x3D,0xDF,0xB5,0xFF,
  0x34,0xA4,0x73,0x9B,0x0B,0x2C,0x2C,0x17,0x08,0x29,0x29,0x3D,
  0x01,0x02,0x03,0x00,0x02,0x03,0x03,0x00,0x01,0x02,0x03,0x00,
  0x00,0x01,0x03,0x00,0x00,0x01,0x03,0x00,0x00,0x01,0x03,0x00,
  0x00,0x01,0x03,0x00,0x00,0x01,0x03,0x00,0x00,0x01,0x03,0x00,
  0x00,0x01,0x03,0x00,0x00,0x01,0x03,0x00,0x00,0x01,0x03,0x00,
  0x00,0x00,0x03,0x00,0x00,0x00,0x03,0x00,0x00,0x00,0x03,0x00,
  0x00,0x00,0x03,0x00,0x00,0x01,0x03,0x00,0x00,0x01,0x03,0x00,
  0x00,0x01,0x03,0x00,0x00,0x01,0x03,0x00,0x00,0x01,0x03,0x00,
  0x00,0x01,0x03,0x00,0x00,0x01,0x03,0x00,0x00,0x01,0x03,0x00,
  0x00,0x01,0x03,0x00,0x00,0x00,0x03,0x00,0x00,0x00,0x03,0x00,
  0x00,0x00,0x03,0x00,0x00,0x00,0x03,0x00,0x00,0x00,0x03,0x00,
  0x00,0x00,0x03,0x00,0x00,0x00,0x03,0x00,0x4A,0x45,0x09,0x6E,
  0x48,0x4A,0x03,0xFF,0x3E,0x40,0x03,0xF9,0x3C,0x3D,0x03,0xFF,
  0x39,0x3C,0x04,0xFF,0x39,0x3C,0x04,0xFF,0x3C,0x3F,0x04,0xFF,
  0x40,0x45,0x05,0xFF,0x43,0x4D,0x05,0xFF,0x43,0x53,0x07,0xFF,
  0x43,0x54,0x03,0xFF,0x42,0x84,0x37,0xFF,0x3E,0x96,0x57,0xFF,
  0x44,0x84,0x36,0xFF,0x34,0x5F,0x00,0xFF,0x91,0xA3,0x72,0xFF,
  0xFC,0xFC,0xFC,0xFF,0xFE,0xF8,0xF1,0xFF,0x86,0xDB,0xF2,0xFF,
  0x01,0xC4,0xFC,0xFF,0x12,0xC8,0xFF,0xFF,0x80,0xD7,0xFB,0xFF,
  0xFA,0xFA,0xF6,0xFF,0xFD,0xFC,0xFB,0xFF,0x7D,0xA0,0x79,0xFF,
  0x2C,0x4B,0x01,0xFF,0x37,0x58,0x0E,0xFF,0x35,0x4E,0x06,0xFF,
  0x35,0x8A,0x3E,0xFF,0x35,0xBC,0x79,0xFF,0x33,0xBE,0x81,0xFF,
  0x39,0x8B,0x48,0xFF,0x39,0x40,0x02,0xFF,0x31,0x46,0x08,0xFF,
  0x38,0x41,0x05,0xFF,0x3D,0x3C,0x04,0xFA,0x40,0x39,0x05,0xF5,
  0x42,0x3D,0x05,0xB3,0x00,0x01,0x03,0x00,0x00,0x00,0x03,0x00,
  0x00,0x00,0x03,0x00,0x00,0x00,0x03,0x00,0x00,0x01,0x03,0x00,
  0x00,0x02,0x03,0x00,0x13,0x27,0x3A,0x0D,0x07,0x0E,0x15,0x24,
  0x06,0x0C,0x12,0x2A,0x09,0x13,0x1D,0x1A,0x00,0xFF,0xFF,0x01,
  0x00,0x01,0x03,0x00,0x00,0x02,0x03,0x00,0x00,0x01,0x03,0x00,
  0x55,0xFF,0xAA,0x03,0x66,0x66,0x33,0x05,0xAA,0xAA,0x55,0x03,
  0x66,0x66,0x33,0x05,0x66,0x66,0x33,0x05,0x01,0x00,0x01,0x00,
  0x00,0x00,0x00,0x00,0x3F,0x00,0x00,0x04,0x0D,0x22,0x00,0x25,
  0x04,0x26,0x09,0x35,0x7F,0xFF,0xFF,0x02,0x3F,0x3B,0x0C,0x3C,
  0x47,0x50,0x05,0xFF,0x49,0x5B,0x02,0xFD,0x4B,0x60,0x03,0xFF,
  0x4B,0x64,0x05,0xFF,0x4A,0x5F,0x06,0xFF,0x41,0x62,0x0A,0xFF,
  0x2C,0xA7,0x5E,0xFF,0x2B,0xA4,0x5F,0xFF,0x2A,0xA5,0x65,0xFF,
  0x33,0x72,0x2E,0xFF,0x37,0x53,0x07,0xFF,0x32,0x58,0x0B,0xFF,
  0x33,0x51,0x04,0xFF,0x35,0x53,0x07,0xFF,0x35,0x4B,0x00,0xFF,
  0x38,0x86,0x45,0xFF,0x33,0xCA,0x9D,0xFF,0x32,0xCE,0xA4,0xFF,
  0x38,0xA0,0x5C,0xFF,0x3A,0x61,0x01,0xFF,0x3B,0x68,0x06,0xFF,
  0x39,0x65,0x08,0xFF,0x32,0x9A,0x4D,0xFF,0x34,0xA4,0x57,0xFF,
  0x36,0xA2,0x53,0xFF,0x31,0xA3,0x56,0xFF,0x3A,0x7D,0x20,0xFF,
  0x40,0x71,0x08,0xFF,0x38,0x73,0x0E,0xFF,0x35,0x6B,0x0C,0xFB,
  0x37,0x6A,0x0F,0xFF,0x33,0x46,0x0D,0xAD,0x00,0x00,0x00,0x00,
  0x3F,0x3F,0x00,0x04,0x00,0x00,0x00,0x00,0x00,0x00,0x00,0x00,
  0x00,0x00,0x00,0x00,0x00,0x00,0x00,0x00,0x00,0x00,0x00,0x00,
  0x00,0x00,0x00,0x00,0x00,0x00,0x00,0x00,0x00,0x00,0x00,0x00,
  0x00,0x00,0x00,0x00,0x00,0x00,0x00,0x00,0x00,0x00,0x00,0x00,
  0x3D,0x5B,0x1A,0xB5,0x3F,0xAD,0x5B,0xFF,0x38,0xA5,0x5E,0xFC,
  0x35,0xA6,0x62,0xFF,0x39,0x98,0x4D,0xFF,0x40,0x80,0x2A,0xFF,
  0x3E,0x7E,0x29,0xFF,0x3A,0x87,0x36,0xFF,0x2F,0xA1,0x5A,0xFF,
  0x32,0xA1,0x57,0xFF,0x2D,0xA3,0x5F,0xFF,0x39,0x6D,0x22,0xFF,
  0x3E,0x68,0x18,0xFF,0x40,0x72,0x23,0xFF,0x41,0x7F,0x31,0xFF,
  0x2C,0xD9,0xBC,0xFF,0x29,0xD9,0xBE,0xFF,0x3F,0x82,0x2C,0xFF,
  0x45,0x76,0x18,0xFE,0x40,0x6A,0x18,0xFF,0x3B,0x3A,0x03,0xEB,
  0x21,0x2A,0x00,0x6B,0x00,0x3F,0x00,0x18,0x00,0x04,0x04,0x3F,
  0x0F,0x21,0x00,0x53,0x38,0x38,0x00,0xB4,0x2E,0x33,0x00,0xCA,
  0x24,0x31,0x01,0xC3,0x34,0x36,0x00,0xEB,0x35,0xBE,0x97,0xFF,
  0x30,0xD5,0xB6,0xFE,0x34,0xDA,0xBA,0xFF,0x44,0x77,0x3C,0xFF,
  0x42,0x46,0x00,0xFF,0x3F,0x4E,0x01,0xFF,0x44,0x56,0x12,0xFF,
  0x45,0xE0,0xC7,0xFF,0x3E,0xE8,0xD0,0xFB,0x4C,0xD6,0xAB,0xFF,
  0x3C,0x5E,0x21,0x9F,0x00,0x31,0x00,0x1F,0x03,0x09,0x00,0x53,
  0x3E,0xAF,0x88,0xF4,0x47,0xEB,0xD6,0xFF,0x4E,0xC1,0xAE,0xFF,
  0x20,0x1B,0x0F,0x93,0x00,0x00,0x00,0x4B,0x00,0x00,0x00,0x29,
  0x00,0x00,0x00,0x00,0x00,0x00,0x00,0x00,0x21,0x00,0x00,0x17,
  0x1F,0x00,0x00,0x18,0x13,0x00,0x00,0x0D,0x00,0x00,0x00,0x03,
  0x00,0x00,0x00,0x00,0x00,0x00,0x00,0x00,0x00,0x00,0x00,0x00,
  0x00,0x00,0x00,0x00,0x00,0x00,0x00,0x00,0x00,0x00,0x00,0x00,
  0x00,0x00,0x00,0x00,0x00,0x00,0x00,0x00,0x00,0x00,0x00,0x00,
  0x00,0x00,0x00,0x00,0x00,0x00,0x00,0x00,0x00,0x00,0x00,0x00,
  0x00,0x00,0x00,0x00,0x00,0x00,0x00,0x00,0x00,0x00,0x00,0x00,
  0x00,0x00,0x00,0x00,0x00,0x00,0x00,0x00,0x00,0x00,0x00,0x00,
  0x00,0x00,0x00,0x00,0x00,0x00,0x00,0x00,0x00,0x00,0x00,0x00,
  0x00,0x00,0x00,0x00,0x00,0x00,0x00,0x00,0x00,0x00,0x00,0x00,
  0x00,0x00,0x00,0x00,0x00,0x00,0x00,0x00,0x00,0x00,0x00,0x00,
  0x00,0x00,0x00,0x00,0x00,0x00,0x00,0x00,0x00,0x00,0x00,0x00,
  0x00,0x00,0x00,0x00,0x00,0x00,0x00,0x00,0x00,0x00,0x00,0x00,
  0x00,0x00,0x00,0x00,0x28,0x1E,0x00,0x19,0x00,0x00,0x00,0x0E,
  0x21,0x61,0x30,0x97,0x37,0xC9,0x92,0xFF,0x33,0x6B,0x40,0xC3,
  0x12,0x00,0x00,0x2A,0x39,0xA5,0x75,0xFF,0x38,0xDB,0xB2,0xFF,
  0x32,0x89,0x57,0xBA,0x00,0x00,0x00,0x26,0x03,0x06,0x00,0x4F,
  0x00,0x00,0x00,0x0D,0x00,0x00,0x00,0x04,0x00,0x00,0x00,0x0C,
  0x00,0x00,0x00,0x14,0x0C,0x00,0x00,0x15,0x16,0x00,0x00,0x17,
  0x1B,0x00,0x00,0x1C,0x26,0x00,0x00,0x21,0x22,0x00,0x00,0x1E,
  0x1B,0x00,0x00,0x1C,0x1B,0x00,0x00,0x1C,0x1E,0x00,0x00,0x21,
  0x23,0x00,0x00,0x24,0x23,0x00,0x00,0x24,0x29,0x00,0x00,0x25,
  0x29,0x00,0x00,0x25,0x1A,0x00,0x00,0x1D,0x1B,0x00,0x00,0x1C,
  0x1B,0x00,0x00,0x1C,0x1B,0x00,0x00,0x1C,0x0B,0x00,0x00,0x16,
  0x0B,0x00,0x00,0x16,0x14,0x00,0x00,0x19,0x15,0x00,0x00,0x18,
  0x13,0x00,0x00,0x1A,0x1E,0x00,0x00,0x21,0x26,0x06,0x00,0x28,
  0x2F,0x0A,0x00,0x30,0x38,0x11,0x00,0x3B,0x39,0x13,0x00,0x43,
  0x37,0x16,0x00,0x45,0x33,0x0C,0x00,0x3B,0x3B,0x2F,0x00,0x9B,
  0x3E,0x41,0x00,0xFF,0x38,0x37,0x00,0xFB,0x36,0x36,0x00,0xFF,
  0x33,0x34,0x00,0xFF,0x33,0x33,0x00,0xFF,0x36,0x34,0x00,0xFF,
  0x3A,0x3A,0x00,0xFF,0x3D,0x42,0x00,0xFF,0x3D,0x48,0x00,0xFF,
  0x3E,0x4D,0x00,0xFF,0x45,0x81,0x31,0xFF,0x42,0x93,0x4E,0xFF,
  0x49,0x83,0x33,0xFF,0x36,0x5E,0x00,0xFF,0x99,0xA9,0x75,0xFF,
  0xFF,0xFF,0xFF,0xFF,0xFF,0xFE,0xF7,0xFF,0x9A,0xDC,0xEF,0xFF,
  0x10,0xBD,0xF6,0xFF,0x27,0xC6,0xFD,0xFF,0x9A,0xDE,0xFF,0xFF,
  0xFF,0xFF,0xFF,0xFF,0xFF,0xFF,0xFF,0xFF,0x7C,0xA0,0x79,0xFF,
  0x28,0x43,0x00,0xFF,0x35,0x52,0x0A,0xFF,0x32,0x47,0x00,0xFF,
  0x36,0x87,0x3C,0xFF,0x35,0xBA,0x79,0xFF,0x33,0xBC,0x7F,0xFF,
  0x39,0x87,0x42,0xFF,0x38,0x3A,0x00,0xFF,0x31,0x42,0x02,0xFF,
  0x38,0x3D,0x00,0xFF,0x39,0x35,0x00,0xFA,0x3B,0x33,0x00,0xF2,
  0x40,0x36,0x00,0xBF,0x38,0x1E,0x00,0x44,0x34,0x11,0x00,0x3A,
  0x38,0x11,0x00,0x3B,0x31,0x06,0x00,0x29,0x27,0x00,0x00,0x1A,
  0x12,0x00,0x00,0x0E,0x00,0x00,0x00,0x15,0x00,0x00,0x00,0x24,
  0x00,0x00,0x00,0x2D,0x00,0x00,0x00,0x23,0x00,0x00,0x00,0x14,
  0x18,0x00,0x00,0x15,0x1F,0x00,0x00,0x10,0x24,0x00,0x00,0x15,
  0x00,0x00,0x00,0x00,0x00,0x00,0x00,0x00,0x00,0x00,0x00,0x00,
  0x00,0x00,0x00,0x00,0x00,0x00,0x00,0x00,0x00,0x00,0x00,0x0A,
  0x0C,0x33,0x00,0x14,0x00,0x45,0x00,0x0B,0x00,0x0F,0x00,0x11,
  0x00,0x00,0x00,0x40,0x00,0x00,0x00,0x00,0x36,0x00,0x00,0x1C,
  0x41,0x42,0x00,0xF5,0x49,0x54,0x00,0xFE,0x4A,0x59,0x00,0xFE,
  0x4A,0x5E,0x01,0xFF,0x4A,0x58,0x02,0xFF,0x42,0x5A,0x04,0xFF,
  0x2C,0xA8,0x62,0xFF,0x2B,0xA6,0x62,0xFF,0x2A,0xA8,0x66,0xFF,
  0x35,0x6C,0x26,0xFF,0x38,0x48,0x00,0xFF,0x32,0x4F,0x02,0xFF,
  0x33,0x51,0x04,0xFF,0x35,0x55,0x08,0xFF,0x35,0x4A,0x00,0xFF,
  0x38,0x81,0x3F,0xFF,0x34,0xCC,0x9F,0xFF,0x32,0xCE,0xA5,0xFF,
  0x38,0x9F,0x5B,0xFF,0x39,0x5B,0x00,0xFF,0x39,0x60,0x02,0xFF,
  0x3A,0x5F,0x05,0xFF,0x34,0x9D,0x51,0xFF,0x34,0xA8,0x5D,0xFF,
  0x36,0xA7,0x5A,0xFF,0x30,0xA6,0x5C,0xFF,0x3A,0x7A,0x1F,0xFF,
  0x3E,0x6B,0x02,0xFF,0x38,0x69,0x02,0xFF,0x36,0x61,0x00,0xFB,
  0x38,0x65,0x08,0xFF,0x34,0x47,0x0D,0xAF,0x00,0x00,0x00,0x00,
  0x3F,0x3F,0x00,0x04,0x00,0x00,0x00,0x00,0x00,0x00,0x00,0x00,
  0x00,0x00,0x00,0x00,0x00,0x00,0x00,0x00,0x00,0x00,0x00,0x00,
  0x00,0x00,0x00,0x00,0x00,0x00,0x00,0x00,0x00,0x00,0x00,0x00,
  0x00,0x00,0x00,0x00,0x00,0x00,0x00,0x00,0x00,0x00,0x00,0x00,
  0x3D,0x60,0x1C,0xB6,0x3E,0xAF,0x5C,0xFF,0x38,0xA6,0x5E,0xFC,
  0x35,0xA8,0x62,0xFF,0x3B,0x99,0x4E,0xFF,0x41,0x80,0x2A,0xFF,
  0x3E,0x7D,0x28,0xFF,0x3C,0x87,0x36,0xFF,0x32,0xA0,0x5B,0xFF,
  0x33,0x9F,0x58,0xFF,0x2E,0xA3,0x60,0xFF,0x3A,0x71,0x27,0xFF,
  0x3F,0x6C,0x1D,0xFF,0x40,0x72,0x24,0xFF,0x42,0x81,0x31,0xFF,
  0x31,0xDB,0xBA,0xFF,0x30,0xDB,0xB8,0xFF,0x40,0x84,0x2E,0xFF,
  0x47,0x75,0x17,0xFF,0x3C,0x65,0x14,0xFF,0x38,0x44,0x08,0xFC,
  0x2D,0x35,0x02,0xED,0x14,0x2D,0x00,0x49,0x03,0x07,0x00,0x44,
  0x10,0x24,0x00,0x5C,0x35,0x3A,0x00,0xAF,0x30,0x36,0x00,0xF9,
  0x2B,0x33,0x00,0xF2,0x33,0x3B,0x00,0xE8,0x35,0xBD,0x96,0xFF,
  0x31,0xD3,0xB2,0xFE,0x34,0xD8,0xB8,0xFF,0x44,0x7B,0x3C,0xFF,
  0x3E,0x49,0x00,0xFF,0x3B,0x4E,0x02,0xFF,0x42,0x58,0x15,0xFF,
  0x43,0xE2,0xC2,0xFF,0x40,0xE8,0xCC,0xFB,0x4B,0xE0,0xB3,0xFF,
  0x43,0x88,0x48,0x85,0x00,0x00,0x00,0x1A,0x09,0x21,0x00,0x53,
  0x43,0xBC,0x8F,0xEE,0x47,0xE8,0xD1,0xFF,0x4F,0xBF,0xA6,0xFF,
  0x1F,0x1B,0x09,0xAA,0x0E,0x0E,0x00,0x7B,0x0C,0x21,0x00,0x64,
  0x00,0x66,0x00,0x0A,0x00,0x43,0x00,0x22,0x2B,0x36,0x00,0x70,
  0x28,0x36,0x00,0x71,0x28,0x3C,0x00,0x4C,0x15,0x3F,0x00,0x30,
  0x00,0x4A,0x00,0x1F,0x00,0x51,0x00,0x1C,0x00,0x63,0x00,0x12,
  0x00,0x00,0x00,0x00,0x00,0x25,0x00,0x22,0x00,0x7F,0x00,0x04,
  0x00,0x00,0x00,0x00,0x00,0x00,0x00,0x00,0x00,0x00,0x00,0x00,
  0x00,0x00,0x00,0x00,0x00,0x00,0x00,0x00,0x00,0x00,0x00,0x00,
  0x00,0x00,0x00,0x00,0x00,0x00,0x00,0x00,0x00,0x00,0x00,0x00,
  0x00,0x00,0x00,0x00,0x00,0x00,0x00,0x00,0x00,0x00,0x00,0x00,
  0x00,0x00,0x00,0x00,0x00,0x00,0x00,0x00,0x00,0x00,0x00,0x00,
  0x00,0x00,0x00,0x00,0x00,0x00,0x00,0x00,0x00,0x00,0x00,0x00,
  0x00,0x00,0x00,0x00,0x00,0x00,0x00,0x00,0x00,0x00,0x00,0x00,
  0x00,0x00,0x00,0x0E,0x00,0x00,0x00,0x00,0x00,0x00,0x00,0x00,
  0x00,0x00,0x00,0x00,0x00,0x00,0x00,0x00,0x00,0x00,0x00,0x00,
  0x00,0x5B,0x00,0x0E,0x2B,0x3C,0x00,0x69,0x13,0x1D,0x00,0x4F,
  0x25,0x5A,0x26,0xC5,0x36,0xCB,0x8F,0xFF,0x32,0x73,0x41,0xCF,
  0x18,0x2B,0x05,0x5D,0x39,0xBA,0x89,0xFF,0x36,0xD5,0xA9,0xFF,
  0x32,0x7C,0x49,0xE8,0x05,0x02,0x00,0x59,0x11,0x23,0x05,0x83,
  0x00,0x28,0x00,0x46,0x00,0x2E,0x00,0x31,0x0D,0x33,0x00,0x4B,
  0x17,0x31,0x00,0x61,0x1C,0x31,0x00,0x62,0x24,0x30,0x00,0x69,
  0x26,0x31,0x00,0x77,0x29,0x2D,0x00,0x86,0x28,0x2E,0x00,0x7E,
  0x24,0x2E,0x00,0x78,0x24,0x2E,0x00,0x78,0x27,0x2F,0x00,0x87,
  0x28,0x2F,0x00,0x90,0x29,0x30,0x00,0x8E,0x2B,0x30,0x00,0x93,
  0x2B,0x2F,0x00,0x91,0x25,0x2D,0x00,0x7B,0x24,0x30,0x00,0x78,
  0x21,0x30,0x00,0x79,0x21,0x30,0x00,0x79,0x1D,0x31,0x00,0x67,
  0x1B,0x32,0x00,0x66,0x22,0x30,0x00,0x6F,0x1E,0x31,0x00,0x6D,
  0x1F,0x2F,0x00,0x71,0x28,0x2F,0x00,0x85,0x2E,0x30,0x00,0x9A,
  0x33,0x2F,0x00,0xB2,0x39,0x2F,0x00,0xD2,0x39,0x2F,0x01,0xE8,
  0x37,0x30,0x01,0xE4,0x33,0x2D,0x00,0xD3,0x31,0x39,0x00,0xED,
  0x31,0x4A,0x00,0xFF,0x31,0x42,0x00,0xFF,0x2D,0x40,0x00,0xFF,
  0x2D,0x3C,0x00,0xFF,0x2E,0x39,0x00,0xFF,0x30,0x39,0x00,0xFF,
  0x33,0x3E,0x00,0xFF,0x35,0x43,0x00,0xFF,0x37,0x4A,0x00,0xFF,
  0x3C,0x54,0x01,0xFF,0x46,0x7B,0x24,0xFF,0x44,0x88,0x39,0xFF,
  0x4D,0x82,0x2F,0xFF,0x38,0x61,0x04,0xFF,0x94,0xA4,0x69,0xFF,
  0xF2,0xF4,0xEE,0xFF,0xE1,0xE4,0xD5,0xFF,0xA9,0xD4,0xDA,0xFF,
  0x50,0xC3,0xF0,0xFF,0x6A,0xCD,0xFA,0xFF,0xC0,0xE5,0xFB,0xFF,
  0xFF,0xFF,0xF6,0xFF,0xED,0xFF,0xF4,0xFF,0x70,0x9A,0x6A,0xFF,
  0x26,0x42,0x00,0xFF,0x31,0x4E,0x08,0xFF,0x30,0x44,0x00,0xFF,
  0x39,0x87,0x3C,0xFF,0x35,0xB8,0x76,0xFF,0x34,0xB9,0x7A,0xFF,
  0x38,0x87,0x3F,0xFF,0x34,0x3D,0x00,0xFF,0x2E,0x46,0x02,0xFF,
  0x37,0x42,0x00,0xFF,0x33,0x3E,0x00,0xFE,0x34,0x43,0x00,0xFC,
  0x38,0x42,0x00,0xF8,0x38,0x32,0x00,0xDF,0x37,0x2F,0x00,0xD0,
  0x38,0x30,0x00,0xCF,0x35,0x2E,0x00,0x9E,0x2D,0x31,0x00,0x71,
  0x20,0x30,0x00,0x4F,0x08,0x34,0x00,0x3A,0x00,0x32,0x00,0x33,
  0x03,0x2F,0x00,0x40,0x07,0x31,0x00,0x43,0x13,0x30,0x00,0x4F,
  0x24,0x30,0x00,0x63,0x27,0x30,0x00,0x55,0x26,0x30,0x00,0x64,
  0x1C,0x1C,0x00,0x12,0x00,0xFF,0x00,0x04,0x00,0x69,0x00,0x11,
  0x00,0xFF,0x00,0x03,0x00,0xAA,0x00,0x06,0x0B,0x38,0x00,0x44,
  0x1F,0x3E,0x00,0x62,0x0D,0x53,0x00,0x37,0x00,0x3F,0x00,0x10,
  0x0F,0x00,0x00,0x65,0x00,0x00,0x00,0x1D,0x0E,0x0E,0x00,0x12,
  0x39,0x3E,0x00,0xE3,0x46,0x51,0x00,0xFF,0x46,0x56,0x00,0xFD,
  0x47,0x5A,0x01,0xFF,0x48,0x55,0x00,0xFF,0x42,0x58,0x05,0xFF,
  0x2E,0xA6,0x60,0xFF,0x2D,0xA6,0x61,0xFF,0x2C,0xA8,0x66,0xFF,
  0x35,0x67,0x20,0xFF,0x36,0x41,0x00,0xFF,0x30,0x4D,0x00,0xFF,
  0x35,0x53,0x04,0xFF,0x34,0x55,0x08,0xFF,0x35,0x4E,0x00,0xFF,
  0x3B,0x7F,0x36,0xFF,0x37,0xCB,0x9E,0xFF,0x33,0xCE,0xA7,0xFF,
  0x38,0x9E,0x5C,0xFF,0x35,0x57,0x00,0xFF,0x35,0x5B,0x02,0xFF,
  0x39,0x5E,0x06,0xFF,0x38,0x9A,0x4B,0xFF,0x36,0xA5,0x5B,0xFF,
  0x36,0xA7,0x5B,0xFF,0x30,0xA4,0x5C,0xFF,0x3C,0x75,0x1D,0xFF,
  0x3D,0x64,0x01,0xFF,0x36,0x62,0x01,0xFF,0x37,0x5A,0x00,0xFB,
  0x3B,0x63,0x07,0xFF,0x37,0x4A,0x0E,0xAE,0x00,0x00,0x00,0x00,
  0x3F,0x3F,0x00,0x04,0x00,0x00,0x00,0x00,0x00,0x00,0x00,0x00,
  0x00,0x00,0x00,0x00,0x00,0x00,0x00,0x00,0x00,0x00,0x00,0x00,
  0x00,0x00,0x00,0x00,0x00,0x00,0x00,0x01,0x00,0x00,0x00,0x00,
  0x3C,0x4D,0x0A,0x4C,0x3F,0x63,0x0A,0x79,0x3F,0x5B,0x06,0x75,
  0x3F,0x6C,0x1C,0xDA,0x3B,0xAD,0x5B,0xFF,0x38,0xA7,0x5D,0xFD,
  0x35,0xA9,0x62,0xFF,0x3C,0x9A,0x4E,0xFF,0x42,0x81,0x2A,0xFF,
  0x3E,0x7E,0x28,0xFF,0x3D,0x84,0x31,0xFF,0x36,0x95,0x4C,0xFF,
  0x37,0x93,0x4A,0xFF,0x32,0x94,0x4E,0xFF,0x3D,0x76,0x2D,0xFF,
  0x41,0x72,0x23,0xFF,0x40,0x73,0x24,0xFF,0x43,0x7E,0x2A,0xFF,
  0x37,0xC5,0x91,0xFF,0x38,0xC1,0x89,0xFF,0x41,0x7E,0x25,0xFF,
  0x45,0x72,0x17,0xFF,0x37,0x91,0x46,0xFF,0x36,0x8D,0x4D,0xFF,
  0x39,0x86,0x48,0xFF,0x30,0x60,0x28,0xAF,0x2C,0x3A,0x0C,0xA0,
  0x2B,0x44,0x11,0xAF,0x35,0x53,0x14,0xD6,0x32,0x66,0x26,0xFF,
  0x32,0x60,0x25,0xFF,0x3B,0x65,0x2B,0xF3,0x33,0xC3,0x9E,0xFF,
  0x31,0xCF,0xAD,0xFE,0x34,0xD6,0xB4,0xFF,0x43,0x96,0x59,0xFF,
  0x3D,0x76,0x27,0xFF,0x3A,0x79,0x2C,0xFF,0x46,0x80,0x39,0xFF,
  0x42,0xC8,0x92,0xFF,0x41,0xC8,0x95,0xFD,0x45,0xCC,0x97,0xFF,
  0x45,0x8D,0x4B,0xBA,0x35,0x52,0x14,0x8B,0x35,0x66,0x21,0xA7,
  0x44,0xA9,0x6B,0xF5,0x45,0xBF,0x93,0xFF,0x49,0xA6,0x77,0xFF,
  0x31,0x4D,0x19,0xDA,0x28,0x5A,0x1A,0xC8,0x2C,0x66,0x1A,0xBE,
  0x38,0x83,0x27,0x88,0x34,0x80,0x23,0x97,0x35,0x6C,0x1A,0xCC,
  0x33,0x69,0x16,0xCC,0x37,0x6D,0x19,0xB3,0x35,0x72,0x1A,0xA1,
  0x36,0x77,0x1B,0x95,0x34,0x79,0x1D,0x93,0x32,0x7A,0x1E,0x8D,
  0x39,0x79,0x1E,0x7C,0x2D,0x71,0x20,0x97,0x2F,0x64,0x25,0x30,
  0x00,0x00,0x00,0x00,0x00,0x00,0x00,0x01,0x00,0x00,0x00,0x00,
  0x00,0x00,0x00,0x00,0x00,0x00,0x00,0x00,0x00,0x00,0x00,0x00,
  0x00,0x00,0x00,0x00,0x00,0x00,0x00,0x00,0x00,0x00,0x00,0x00,
  0x00,0x00,0x00,0x00,0x00,0x00,0x00,0x00,0x00,0x00,0x00,0x00,
  0x00,0x00,0x00,0x00,0x00,0x00,0x00,0x00,0x00,0x00,0x00,0x00,
  0x00,0x00,0x00,0x00,0x00,0x00,0x00,0x00,0x00,0x00,0x00,0x00,
  0x00,0x7F,0x7F,0x02,0x00,0x00,0x00,0x01,0x50,0x74,0x66,0x23,
  0x69,0xC0,0xB3,0x8A,0x78,0xD4,0xCB,0x77,0x80,0xD2,0xC7,0x77,
  0x4F,0x66,0x33,0x77,0x3D,0x4A,0x00,0x78,0x3E,0x62,0x15,0x77,
  0x39,0x7D,0x26,0x8A,0x36,0x70,0x22,0xC6,0x32,0x65,0x1E,0xB5,
  0x2E,0x72,0x32,0xED,0x30,0xC3,0x87,0xFF,0x34,0x98,0x62,0xEA,
  0x30,0x8C,0x58,0xB9,0x38,0xC4,0x92,0xFD,0x34,0xCB,0x9B,0xFF,
  0x38,0x9D,0x65,0xFF,0x30,0x80,0x4B,0xB7,0x2E,0x7E,0x49,0xCC,
  0x2E,0x8D,0x4E,0xAF,0x2F,0x97,0x56,0xA2,0x2F,0x8D,0x4F,0xB3,
  0x2F,0x86,0x4B,0xC1,0x31,0x87,0x4C,0xC2,0x34,0x85,0x4B,0xC7,
  0x32,0x81,0x47,0xD0,0x32,0x7E,0x42,0xDA,0x32,0x80,0x45,0xD4,
  0x31,0x83,0x47,0xD0,0x31,0x83,0x48,0xD0,0x32,0x80,0x44,0xDB,
  0x31,0x7C,0x44,0xE1,0x32,0x7D,0x43,0xDF,0x32,0x7D,0x42,0xE2,
  0x33,0x7C,0x41,0xE1,0x31,0x80,0x46,0xD2,0x2F,0x80,0x45,0xD0,
  0x2E,0x80,0x44,0xD1,0x2F,0x80,0x45,0xD1,0x2E,0x85,0x49,0xC5,
  0x2D,0x84,0x49,0xC5,0x2F,0x80,0x46,0xCB,0x2E,0x81,0x47,0xC9,
  0x2F,0x80,0x46,0xCC,0x33,0x7C,0x44,0xD9,0x36,0x79,0x41,0xE7,
  0x38,0x75,0x3E,0xF7,0x3E,0x78,0x3E,0xFF,0x42,0x7A,0x3E,0xFF,
  0x42,0x7B,0x3E,0xFF,0x3C,0x78,0x3B,0xFF,0x37,0x80,0x3A,0xFF,
  0x33,0x87,0x3B,0xFF,0x35,0x7F,0x3B,0xFF,0x31,0x7A,0x37,0xFF,
  0x31,0x76,0x34,0xFF,0x34,0x72,0x32,0xFF,0x35,0x71,0x31,0xFF,
  0x36,0x73,0x31,0xFF,0x3A,0x77,0x32,0xFF,0x3E,0x7D,0x37,0xFF,
  0x45,0x80,0x2E,0xFF,0x42,0x70,0x15,0xFF,0x43,0x76,0x1D,0xFF,
  0x4B,0x79,0x21,0xFF,0x3F,0x69,0x0F,0xFF,0x66,0x7D,0x37,0xFF,
  0x88,0x95,0x75,0xFF,0x70,0x82,0x63,0xFF,0x99,0xAF,0xA4,0xFF,
  0xB5,0xE2,0xF5,0xFF,0xC3,0xE8,0xFB,0xFF,0xC7,0xD9,0xE1,0xFF,
  0x92,0xAC,0x83,0xFF,0x87,0xB6,0x7E,0xFF,0x51,0x8C,0x45,0xFF,
  0x30,0x5F,0x11,0xFF,0x34,0x5E,0x15,0xFF,0x35,0x59,0x0F,0xFF,
  0x3A,0x8A,0x40,0xFF,0x33,0xB2,0x70,0xFF,0x33,0xB3,0x72,0xFF,
  0x35,0x92,0x4B,0xFF,0x31,0x61,0x19,0xFF,0x2C,0x65,0x1B,0xFF,
  0x34,0x62,0x1A,0xFF,0x30,0x72,0x2D,0xFF,0x34,0x80,0x37,0xFF,
  0x38,0x81,0x38,0xFF,0x3C,0x79,0x36,0xFF,0x3A,0x77,0x36,0xFF,
  0x3B,0x77,0x35,0xFF,0x36,0x77,0x38,0xEA,0x33,0x80,0x3F,0xCC,
  0x2E,0x88,0x49,0xB5,0x29,0x90,0x4F,0xA4,0x27,0x96,0x56,0x9A,
  0x2A,0x90,0x53,0xA2,0x2C,0x8E,0x52,0xA7,0x2C,0x88,0x4E,0xB3,
  0x30,0x82,0x49,0xC3,0x34,0x88,0x4B,0xB9,0x30,0x8A,0x4D,0xC3,
  0x3D,0x7E,0x36,0x8D,0x3F,0x75,0x1B,0x84,0x3A,0x74,0x1D,0x8C,
  0x3A,0x74,0x19,0x83,0x35,0x6B,0x13,0x85,0x2E,0x59,0x0B,0xAE,
  0x30,0x50,0x05,0xC2,0x2E,0x50,0x01,0xA4,0x37,0x44,0x00,0x86,
  0x29,0x4F,0x21,0xB9,0x29,0x7A,0x3E,0x94,0x33,0x84,0x3B,0x85,
  0x37,0x66,0x1D,0xEC,0x41,0x68,0x0E,0xFF,0x42,0x69,0x0D,0xFE,
  0x42,0x6C,0x11,0xFF,0x43,0x69,0x12,0xFF,0x41,0x70,0x1B,0xFF,
  0x31,0x9D,0x51,0xFF,0x31,0x9D,0x54,0xFF,0x2D,0xA3,0x5E,0xFF,
  0x34,0x74,0x2F,0xFF,0x35,0x5F,0x1E,0xFF,0x32,0x66,0x1F,0xFF,
  0x35,0x54,0x06,0xFF,0x32,0x53,0x06,0xFF,0x32,0x4E,0x00,0xFF,
  0x3D,0x78,0x27,0xFF,0x38,0xC6,0x97,0xFF,0x33,0xCE,0xA9,0xFF,
  0x37,0xA2,0x60,0xFF,0x35,0x65,0x08,0xFF,0x34,0x68,0x10,0xFF,
  0x38,0x6C,0x15,0xFF,0x38,0x84,0x2F,0xFF,0x3B,0x8C,0x3A,0xFF,
  0x3A,0x93,0x41,0xFF,0x36,0x91,0x43,0xFF,0x3F,0x69,0x14,0xFF,
  0x39,0x6A,0x12,0xFF,0x32,0x7B,0x2B,0xFF,0x35,0x73,0x27,0xFB,
  0x37,0x72,0x20,0xFF,0x36,0x45,0x0B,0xAD,0x00,0x00,0x00,0x01,
  0x3F,0x00,0x00,0x04,0x00,0x00,0x00,0x00,0x00,0x00,0x00,0x00,
  0x00,0x00,0x00,0x00,0x00,0x00,0x00,0x00,0x00,0x00,0x00,0x00,
  0x00,0x00,0x00,0x00,0x00,0x7F,0x00,0x02,0x00,0x00,0x00,0x00,
  0x3B,0x4B,0x08,0xB7,0x41,0x6B,0x09,0xFF,0x41,0x63,0x06,0xFF,
  0x42,0x78,0x1C,0xFF,0x38,0xA9,0x59,0xFF,0x38,0xA7,0x5C,0xFF,
  0x36,0xA9,0x63,0xFF,0x3C,0x9B,0x4E,0xFF,0x42,0x82,0x29,0xFF,
  0x3D,0x7F,0x28,0xFF,0x3D,0x7F,0x2A,0xFF,0x3A,0x84,0x35,0xFF,
  0x3A,0x82,0x33,0xFF,0x37,0x7F,0x33,0xFF,0x3F,0x78,0x2E,0xFF,
  0x41,0x77,0x27,0xFF,0x3F,0x75,0x25,0xFF,0x43,0x79,0x20,0xFF,
  0x3B,0xAB,0x65,0xFF,0x3F,0xA4,0x5A,0xFF,0x43,0x74,0x18,0xFF,
  0x42,0x70,0x17,0xFF,0x34,0xC5,0x83,0xFF,0x32,0xD5,0x99,0xFF,
  0x35,0xD2,0x96,0xFD,0x37,0x7C,0x3F,0xFF,0x3A,0x4F,0x13,0xFF,
  0x39,0x57,0x1C,0xFF,0x39,0x6D,0x2A,0xFF,0x32,0x9B,0x56,0xFE,
  0x37,0x94,0x52,0xFE,0x43,0x96,0x5E,0xFF,0x30,0xCB,0xA8,0xFF,
  0x30,0xCC,0xA9,0xFF,0x33,0xD3,0xB0,0xFF,0x3F,0xB5,0x79,0xFF,
  0x3D,0xAA,0x57,0xFF,0x3C,0xAC,0x5C,0xFF,0x49,0xAD,0x60,0xFF,
  0x41,0xA6,0x56,0xFF,0x42,0xA0,0x54,0xFF,0x41,0xB1,0x6F,0xFF,
  0x45,0x8C,0x44,0xFF,0x40,0x6E,0x1E,0xFF,0x44,0x81,0x31,0xFF,
  0x43,0x8D,0x3B,0xFF,0x43,0x8D,0x46,0xFF,0x42,0x87,0x3F,0xFF,
  0x3F,0x7C,0x2B,0xFF,0x39,0x8D,0x30,0xFF,0x3D,0x8E,0x2E,0xFF,
  0x41,0x8E,0x31,0xFF,0x40,0x92,0x32,0xFF,0x3C,0x92,0x31,0xFF,
  0x3B,0x8C,0x2A,0xFF,0x3E,0x88,0x2A,0xFF,0x3F,0x86,0x29,0xFF,
  0x41,0x85,0x27,0xFF,0x3F,0x86,0x28,0xFF,0x3D,0x84,0x28,0xFF,
  0x3D,0x7E,0x24,0xFF,0x3B,0x88,0x2C,0xFF,0x39,0x68,0x26,0x5D,
  0x00,0x00,0x00,0x00,0x3F,0x7F,0x3F,0x04,0x00,0xFF,0x00,0x01,
  0x00,0x00,0x00,0x00,0x00,0x00,0x00,0x00,0x00,0x00,0x00,0x01,
  0x00,0x00,0x00,0x00,0x00,0x00,0x00,0x00,0x00,0x00,0x00,0x00,
  0x00,0x00,0x00,0x00,0x00,0x00,0x00,0x00,0x00,0x00,0x00,0x00,
  0x00,0x00,0x00,0x00,0x00,0x00,0x00,0x00,0x00,0x00,0x00,0x00,
  0x00,0x00,0x00,0x00,0x00,0x00,0x00,0x00,0x00,0x00,0x00,0x00,
  0x55,0xAA,0xAA,0x03,0x00,0x00,0x00,0x00,0x4D,0x74,0x64,0x4F,
  0x81,0xE4,0xD9,0xFF,0x80,0xE2,0xDC,0xFF,0x86,0xE3,0xDA,0xFF,
  0x53,0x75,0x3E,0xFF,0x40,0x54,0x00,0xFF,0x40,0x6A,0x15,0xFF,
  0x40,0x89,0x2E,0xFF,0x3D,0x91,0x35,0xFF,0x3F,0x87,0x2E,0xFF,
  0x37,0x8D,0x41,0xFF,0x2C,0xBA,0x7E,0xFF,0x35,0xB9,0x7E,0xFF,
  0x3B,0xBC,0x81,0xFF,0x36,0xC4,0x8E,0xFF,0x33,0xC4,0x8E,0xFF,
  0x3C,0xC6,0x87,0xFF,0x43,0xBC,0x79,0xFF,0x3E,0xB9,0x79,0xFF,
  0x41,0xB8,0x76,0xFF,0x3F,0xB8,0x78,0xFF,0x3C,0xB6,0x79,0xFF,
  0x3C,0xB7,0x7A,0xFF,0x3D,0xB8,0x7C,0xFF,0x3D,0xB9,0x7C,0xFF,
  0x3B,0xBA,0x7A,0xFF,0x3A,0xBB,0x79,0xFF,0x3A,0xBB,0x7A,0xFF,
  0x3A,0xBC,0x7A,0xFF,0x3A,0xBD,0x7C,0xFF,0x3A,0xBD,0x7D,0xFF,
  0x3A,0xBB,0x7D,0xFF,0x39,0xBB,0x7C,0xFF,0x39,0xBC,0x7B,0xFF,
  0x39,0xBB,0x79,0xFF,0x3A,0xBB,0x78,0xFF,0x38,0xB9,0x77,0xFF,
  0x38,0xB8,0x75,0xFF,0x39,0xB9,0x77,0xFF,0x38,0xB8,0x77,0xFF,
  0x38,0xB5,0x77,0xFF,0x38,0xB5,0x76,0xFF,0x38,0xB4,0x75,0xFF,
  0x39,0xB5,0x75,0xFF,0x3B,0xB6,0x78,0xFF,0x3C,0xB8,0x7A,0xFF,
  0x3C,0xBA,0x7E,0xFF,0x3C,0xBF,0x80,0xFD,0x3D,0xC1,0x81,0xFC,
  0x40,0xC1,0x80,0xFD,0x3E,0xC2,0x7C,0xFD,0x3B,0xC5,0x7B,0xFE,
  0x3C,0xC3,0x7D,0xFF,0x3B,0xBD,0x7D,0xFF,0x3A,0xB7,0x77,0xFF,
  0x3A,0xB4,0x73,0xFF,0x3C,0xB0,0x71,0xFF,0x3C,0xAE,0x70,0xFF,
  0x3B,0xAE,0x70,0xFF,0x41,0xB1,0x70,0xFF,0x46,0xB7,0x79,0xFF,
  0x4B,0xAC,0x60,0xFF,0x3D,0x66,0x0A,0xFF,0x41,0x68,0x08,0xFF,
  0x45,0x6E,0x13,0xFF,0x44,0x6E,0x16,0xFF,0x36,0x57,0x08,0xFF,
  0x23,0x3D,0x02,0xFF,0x0C,0x2D,0x00,0xFF,0x80,0x90,0x73,0xFF,
  0xFF,0xFF,0xFD,0xFF,0xFF,0xFF,0xFC,0xFF,0xBC,0xCA,0xC4,0xFF,
  0x20,0x59,0x0E,0xFF,0x28,0x6F,0x0E,0xFF,0x37,0x83,0x27,0xFF,
  0x3D,0x84,0x2A,0xFF,0x39,0x7A,0x2A,0xFF,0x3B,0x78,0x28,0xFF,
  0x3A,0x8F,0x44,0xFF,0x31,0xAC,0x6B,0xFF,0x31,0xAD,0x6A,0xFF,
  0x32,0x9E,0x59,0xFF,0x30,0x8B,0x3A,0xFF,0x2C,0x88,0x3A,0xFF,
  0x32,0x87,0x3A,0xFF,0x32,0xAA,0x65,0xFF,0x35,0xBA,0x76,0xFF,
  0x37,0xBB,0x74,0xFE,0x39,0xBC,0x74,0xFD,0x38,0xBE,0x73,0xFD,
  0x38,0xBE,0x72,0xFD,0x37,0xBA,0x70,0xFF,0x37,0xB6,0x70,0xFF,
  0x36,0xB2,0x71,0xFF,0x35,0xAE,0x70,0xFF,0x35,0xAD,0x70,0xFF,
  0x36,0xAD,0x70,0xFF,0x38,0xAD,0x72,0xFF,0x36,0xB0,0x74,0xFF,
  0x36,0xB3,0x75,0xFF,0x39,0xB5,0x76,0xFF,0x35,0xBE,0x7D,0xFF,
  0x41,0x8D,0x3E,0xFF,0x47,0x79,0x1E,0xFF,0x44,0x7C,0x23,0xFF,
  0x40,0x76,0x1D,0xFF,0x3E,0x71,0x19,0xFF,0x3E,0x6C,0x15,0xFF,
  0x3A,0x5D,0x08,0xFF,0x3B,0x53,0x03,0xFF,0x41,0x4B,0x01,0xFF,
  0x32,0x84,0x42,0xFF,0x32,0x9E,0x5A,0xFF,0x38,0x99,0x50,0xFF,
  0x35,0x99,0x49,0xFF,0x3D,0x8A,0x25,0xFF,0x3F,0x87,0x23,0xFF,
  0x3F,0x88,0x2A,0xFF,0x40,0x88,0x2C,0xFF,0x40,0x8F,0x36,0xFF,
  0x35,0x93,0x3D,0xFF,0x35,0x91,0x40,0xFF,0x30,0x97,0x4D,0xFF,
  0x34,0x8B,0x48,0xFF,0x35,0x93,0x57,0xFF,0x34,0x8C,0x4D,0xFF,
  0x35,0x57,0x09,0xFF,0x31,0x55,0x08,0xFF,0x30,0x54,0x05,0xFF,
  0x3E,0x71,0x18,0xFF,0x37,0xBD,0x8B,0xFF,0x33,0xCF,0xAB,0xFF,
  0x35,0xA7,0x65,0xFF,0x36,0x78,0x14,0xFF,0x34,0x7D,0x22,0xFF,
  0x37,0x7E,0x25,0xFF,0x37,0x6B,0x12,0xFF,0x3F,0x6E,0x13,0xFF,
  0x3E,0x75,0x1D,0xFF,0x3C,0x75,0x21,0xFF,0x3F,0x5B,0x08,0xFF,
  0x36,0x7B,0x30,0xFF,0x31,0xA3,0x6B,0xFF,0x32,0x9C,0x66,0xFC,
  0x30,0x89,0x44,0xFF,0x33,0x3D,0x06,0x99,0x00,0x00,0x00,0x00,
  0x3F,0x3F,0x00,0x04,0x00,0x00,0x00,0x00,0x00,0x00,0x00,0x00,
  0x00,0x00,0x00,0x00,0x00,0x00,0x00,0x00,0x00,0x00,0x00,0x00,
  0x00,0x00,0x00,0x00,0x00,0xFF,0x00,0x01,0x00,0x00,0x00,0x00,
  0x3B,0x4C,0x08,0xDF,0x44,0x7E,0x08,0xFF,0x46,0x76,0x07,0xFF,
  0x42,0x82,0x1D,0xFF,0x37,0xA8,0x57,0xFF,0x39,0xA7,0x5B,0xFF,
  0x36,0xA9,0x63,0xFF,0x3B,0x9E,0x4F,0xFF,0x41,0x84,0x29,0xFF,
  0x3C,0x80,0x28,0xFF,0x3D,0x7C,0x25,0xFF,0x3C,0x79,0x26,0xFF,
  0x3C,0x77,0x23,0xFF,0x3B,0x75,0x22,0xFF,0x3E,0x77,0x28,0xFF,
  0x3F,0x78,0x26,0xFF,0x3E,0x79,0x26,0xFF,0x43,0x76,0x1B,0xFF,
  0x3E,0xA9,0x60,0xFF,0x42,0xA2,0x56,0xFF,0x44,0x70,0x12,0xFF,
  0x41,0x71,0x18,0xFF,0x33,0xCF,0x94,0xFF,0x30,0xDC,0xA5,0xFF,
  0x2F,0xDD,0xA5,0xFC,0x37,0x8B,0x47,0xFF,0x3F,0x5C,0x15,0xFF,
  0x3C,0x61,0x1F,0xFF,0x3C,0x7A,0x33,0xFF,0x35,0xAB,0x68,0xFE,
  0x3A,0xA4,0x61,0xFF,0x3F,0xAA,0x71,0xFF,0x2E,0xCD,0xAA,0xFF,
  0x30,0xCA,0xA7,0xFF,0x33,0xD2,0xAD,0xFF,0x39,0xBD,0x7E,0xFF,
  0x3B,0xB6,0x62,0xFF,0x3A,0xBA,0x69,0xFF,0x43,0xB6,0x67,0xFF,
  0x41,0x99,0x3D,0xFF,0x42,0x91,0x3C,0xFF,0x40,0xA7,0x5A,0xFF,
  0x43,0x9B,0x47,0xFF,0x43,0x8F,0x2E,0xFF,0x44,0x92,0x33,0xFF,
  0x43,0x82,0x23,0xFF,0x43,0x79,0x24,0xFF,0x3F,0x7B,0x26,0xFF,
  0x40,0x8F,0x31,0xFF,0x3E,0x9C,0x35,0xFF,0x41,0xA0,0x35,0xFF,
  0x43,0xA1,0x3B,0xFF,0x42,0xA2,0x3B,0xFF,0x3E,0x9D,0x37,0xFF,
  0x3E,0x97,0x31,0xFF,0x3F,0x94,0x31,0xFF,0x3F,0x94,0x31,0xFF,
  0x42,0x94,0x2F,0xFF,0x40,0x95,0x2F,0xFF,0x3F,0x93,0x2E,0xFF,
  0x3F,0x91,0x2C,0xFF,0x3F,0x9D,0x34,0xFF,0x3D,0x6E,0x26,0x63,
  0x03,0x00,0x00,0x00,0x99,0x7F,0x19,0x0A,0xCC,0xCC,0x19,0x0A,
  0xC6,0xE2,0x38,0x09,0x99,0xCC,0x33,0x05,0x5F,0xDF,0x1F,0x08,
  0x55,0xAA,0x00,0x03,0x00,0x00,0x00,0x00,0x00,0x00,0x00,0x00,
  0x00,0x00,0x00,0x00,0x00,0x00,0x00,0x01,0x00,0x00,0x00,0x01,
  0x00,0x00,0x00,0x01,0x00,0x00,0x00,0x01,0x00,0x00,0x00,0x01,
  0x00,0x00,0x00,0x01,0x00,0x00,0x00,0x00,0x00,0x00,0x00,0x00,
  0xFF,0xFF,0xFF,0x01,0x00,0x00,0x00,0x00,0x4D,0x7F,0x6C,0x52,
  0x8D,0xFC,0xF5,0xFF,0x8C,0xFD,0xFD,0xFF,0x90,0xFF,0xFF,0xFF,
  0x58,0x92,0x55,0xFF,0x45,0x67,0x00,0xFF,0x45,0x7A,0x13,0xFF,
  0x42,0x99,0x2F,0xFF,0x3E,0x9C,0x34,0xFF,0x3F,0x8F,0x2D,0xFF,
  0x37,0x98,0x46,0xFF,0x2D,0xB9,0x7A,0xFF,0x32,0xBE,0x80,0xFF,
  0x39,0xCB,0x8B,0xFF,0x35,0xC2,0x8A,0xFF,0x34,0xC2,0x88,0xFF,
  0x39,0xC9,0x8A,0xFF,0x42,0xCB,0x85,0xFF,0x40,0xC8,0x82,0xFF,
  0x41,0xC7,0x82,0xFF,0x3F,0xC4,0x82,0xFF,0x3C,0xC1,0x81,0xFF,
  0x3D,0xC2,0x83,0xFF,0x3E,0xC1,0x85,0xFF,0x3D,0xC2,0x85,0xFF,
  0x3C,0xC4,0x84,0xFF,0x3B,0xC5,0x82,0xFF,0x3C,0xC6,0x82,0xFF,
  0x3C,0xC7,0x83,0xFF,0x3D,0xC7,0x84,0xFF,0x3C,0xC6,0x85,0xFF,
  0x3A,0xC4,0x84,0xFF,0x3A,0xC4,0x84,0xFF,0x3A,0xC5,0x83,0xFF,
  0x3A,0xC5,0x81,0xFF,0x3B,0xC6,0x7F,0xFF,0x39,0xC4,0x7E,0xFF,
  0x3B,0xC4,0x7D,0xFF,0x3B,0xC5,0x7F,0xFF,0x3B,0xC2,0x7F,0xFF,
  0x3A,0xBF,0x7E,0xFF,0x39,0xBE,0x7D,0xFF,0x39,0xBD,0x7D,0xFF,
  0x3A,0xBD,0x7C,0xFF,0x3A,0xBE,0x7F,0xFF,0x3B,0xC1,0x82,0xFF,
  0x3C,0xC3,0x85,0xFF,0x3B,0xC6,0x87,0xFE,0x3C,0xCA,0x8A,0xFC,
  0x3E,0xCC,0x8B,0xFC,0x3C,0xCC,0x88,0xFE,0x3C,0xCD,0x86,0xFE,
  0x3D,0xC8,0x87,0xFF,0x3C,0xC2,0x86,0xFF,0x3B,0xBF,0x82,0xFF,
  0x3A,0xBD,0x80,0xFF,0x3C,0xBB,0x7E,0xFF,0x3B,0xBA,0x7F,0xFF,
  0x39,0xBB,0x81,0xFF,0x3D,0xBD,0x83,0xFF,0x40,0xC5,0x8C,0xFF,
  0x43,0xB0,0x6A,0xFF,0x3B,0x63,0x07,0xFF,0x40,0x66,0x05,0xFF,
  0x41,0x68,0x0E,0xFF,0x40,0x6A,0x15,0xFF,0x2E,0x57,0x05,0xFF,
  0x21,0x43,0x01,0xFF,0x0B,0x33,0x00,0xFF,0x7D,0x94,0x6E,0xFF,
  0xFF,0xFF,0xFE,0xFF,0xFF,0xFF,0xFB,0xFF,0xBA,0xCA,0xBC,0xFF,
  0x17,0x5C,0x06,0xFF,0x28,0x78,0x11,0xFF,0x37,0x8C,0x28,0xFF,
  0x3F,0x93,0x36,0xFF,0x3C,0x8E,0x3A,0xFF,0x3D,0x8A,0x38,0xFF,
  0x37,0x91,0x44,0xFF,0x30,0xA9,0x67,0xFF,0x31,0xAA,0x67,0xFF,
  0x31,0xA0,0x58,0xFF,0x31,0x96,0x45,0xFF,0x2F,0x94,0x45,0xFF,
  0x34,0x94,0x46,0xFF,0x36,0xB8,0x76,0xFF,0x37,0xC2,0x81,0xFF,
  0x39,0xC1,0x7C,0xFE,0x3A,0xC5,0x7D,0xFD,0x38,0xC6,0x7D,0xFE,
  0x38,0xC6,0x7B,0xFE,0x37,0xC5,0x79,0xFF,0x37,0xC2,0x7A,0xFF,
  0x38,0xBD,0x79,0xFF,0x38,0xB9,0x77,0xFF,0x38,0xB8,0x77,0xFF,
  0x38,0xB8,0x77,0xFF,0x39,0xB7,0x79,0xFF,0x37,0xBA,0x7B,0xFF,
  0x36,0xBC,0x7B,0xFF,0x38,0xBF,0x7A,0xFF,0x33,0xC5,0x80,0xFF,
  0x42,0x98,0x3B,0xFF,0x4B,0x85,0x1F,0xFF,0x46,0x86,0x25,0xFF,
  0x43,0x82,0x21,0xFF,0x40,0x80,0x1F,0xFF,0x41,0x7A,0x1B,0xFF,
  0x3E,0x66,0x0A,0xFF,0x41,0x5C,0x05,0xFF,0x46,0x5A,0x04,0xFF,
  0x2C,0xA4,0x5F,0xFF,0x32,0xBC,0x76,0xFF,0x36,0xBA,0x6E,0xFF,
  0x2D,0xB6,0x6D,0xFF,0x39,0x9E,0x39,0xFF,0x3E,0x9B,0x34,0xFF,
  0x3D,0x9A,0x3C,0xFF,0x40,0x99,0x3E,0xFF,0x3E,0x9B,0x3D,0xFF,
  0x3A,0x8F,0x31,0xFF,0x3A,0x8A,0x33,0xFF,0x36,0x8A,0x37,0xFF,
  0x37,0x9A,0x54,0xFF,0x35,0xB9,0x87,0xFF,0x31,0xA1,0x69,0xFF,
  0x34,0x5B,0x0C,0xFF,0x33,0x61,0x12,0xFF,0x32,0x63,0x13,0xFF,
  0x3F,0x6E,0x10,0xFF,0x36,0xB5,0x7E,0xFF,0x31,0xD1,0xAD,0xFF,
  0x34,0xA8,0x67,0xFF,0x36,0x7F,0x1D,0xFF,0x34,0x84,0x2B,0xFF,
  0x35,0x83,0x2B,0xFF,0x38,0x65,0x0A,0xFF,0x3F,0x60,0x06,0xFF,
  0x3E,0x62,0x09,0xFF,0x3E,0x61,0x0D,0xFF,0x3C,0x52,0x01,0xFF,
  0x35,0x8E,0x4E,0xFF,0x35,0xBB,0x95,0xFF,0x31,0xB7,0x8E,0xFD,
  0x2D,0x95,0x58,0xFF,0x30,0x39,0x02,0x6F,0x01,0x02,0x01,0x00,
  0x55,0x8D,0x1C,0x09,0x7F,0x7F,0x7F,0x02,0x7F,0xBF,0x7F,0x04,
  0x00,0x00,0x00,0x00,0x00,0x00,0x00,0x00,0x00,0x00,0x00,0x00,
  0x00,0x00,0x00,0x00,0x00,0xFF,0x00,0x01,0x00,0x00,0x00,0x00,
  0x39,0x4E,0x07,0xD0,0x3E,0x79,0x07,0xF8,0x41,0x74,0x05,0xF6,
  0x40,0x82,0x1B,0xFD,0x39,0xA8,0x57,0xFF,0x39,0xA7,0x5B,0xFF,
  0x36,0xA9,0x63,0xFF,0x3B,0x9E,0x4F,0xFF,0x41,0x85,0x29,0xFF,
  0x3C,0x81,0x28,0xFF,0x3B,0x7C,0x24,0xFF,0x3C,0x77,0x22,0xFF,
  0x3A,0x75,0x20,0xFF,0x3A,0x73,0x1E,0xFF,0x3B,0x74,0x23,0xFF,
  0x3C,0x76,0x24,0xFF,0x3D,0x7C,0x26,0xFF,0x41,0x76,0x18,0xFF,
  0x3B,0xB3,0x70,0xFF,0x3F,0xAE,0x68,0xFF,0x42,0x6E,0x11,0xFF,
  0x41,0x72,0x19,0xFF,0x35,0xC5,0x8C,0xFF,0x30,0xCC,0x9A,0xFF,
  0x29,0xCC,0x9A,0xFF,0x31,0x85,0x45,0xFA,0x3B,0x59,0x14,0xFA,
  0x36,0x5E,0x1E,0xFB,0x3C,0x78,0x34,0xFD,0x36,0xA5,0x67,0xFF,
  0x39,0x9F,0x5F,0xFF,0x3A,0xA8,0x6E,0xFE,0x2E,0xCC,0xA7,0xFF,
  0x30,0xCA,0xA6,0xFF,0x33,0xD2,0xAC,0xFF,0x37,0xB8,0x78,0xFF,
  0x3A,0xAE,0x5C,0xFF,0x39,0xB4,0x64,0xFF,0x3C,0xB0,0x60,0xFF,
  0x3F,0x98,0x3D,0xFF,0x3F,0x91,0x3B,0xFF,0x3E,0xA7,0x55,0xFF,
  0x3C,0x9C,0x45,0xFC,0x3B,0x94,0x33,0xF9,0x3A,0x8C,0x2C,0xFA,
  0x40,0x80,0x20,0xFF,0x42,0x7A,0x22,0xFF,0x3F,0x7C,0x23,0xFF,
  0x3B,0x8C,0x2E,0xFD,0x3C,0x94,0x33,0xFC,0x3B,0x9A,0x35,0xFB,
  0x3B,0x9C,0x3C,0xF8,0x3B,0x9A,0x3B,0xF9,0x3A,0x94,0x36,0xFB,
  0x3A,0x8E,0x31,0xFB,0x3A,0x8B,0x31,0xFA,0x39,0x8D,0x32,0xF9,
  0x3B,0x8D,0x30,0xF9,0x39,0x8E,0x2F,0xF9,0x38,0x8E,0x2E,0xF9,
  0x3A,0x91,0x30,0xF4,0x3B,0x99,0x33,0xF9,0x3E,0x6E,0x24,0x5A,
  0x05,0x01,0x00,0x00,0xB2,0xCC,0x19,0x0A,0xD0,0xE7,0x17,0x0B,
  0xB0,0xEB,0x3A,0x0D,0x91,0xFF,0x24,0x07,0x7F,0xDF,0x1F,0x08,
  0x7F,0x7F,0x00,0x02,0x00,0x00,0x00,0x00,0x00,0x00,0x00,0x00,
  0x00,0x00,0x00,0x00,0x00,0x00,0x00,0x00,0x00,0x00,0x00,0x00,
  0x00,0x00,0x00,0x00,0x00,0x00,0x00,0x00,0x00,0x00,0x00,0x00,
  0x00,0x00,0x00,0x00,0x00,0x00,0x00,0x00,0x00,0x00,0x00,0x00,
  0x24,0x6D,0x48,0x07,0x00,0x00,0x00,0x0A,0x57,0x8F,0x7B,0x40,
  0x86,0xED,0xE9,0xF8,0x87,0xF1,0xF5,0xF6,0x83,0xFF,0xFF,0xF8,
  0x52,0x98,0x60,0xF8,0x41,0x69,0x00,0xF8,0x40,0x77,0x0D,0xF8,
  0x3D,0x93,0x29,0xF8,0x3A,0x93,0x2E,0xFB,0x39,0x86,0x27,0xFA,
  0x34,0x95,0x45,0xFE,0x2F,0xB9,0x7A,0xFF,0x2E,0xB5,0x76,0xFE,
  0x31,0xBE,0x82,0xFB,0x35,0xC1,0x86,0xFF,0x35,0xC3,0x87,0xFF,
  0x37,0xBF,0x82,0xFF,0x39,0xBE,0x7D,0xFB,0x3A,0xBB,0x7A,0xFC,
  0x38,0xBA,0x7B,0xFA,0x37,0xB7,0x79,0xF9,0x36,0xB3,0x78,0xFA,
  0x36,0xB3,0x78,0xFB,0x37,0xB2,0x7A,0xFB,0x38,0xB3,0x7B,0xFB,
  0x38,0xB5,0x7A,0xFC,0x38,0xB6,0x78,0xFC,0x39,0xB7,0x78,0xFC,
  0x39,0xB8,0x79,0xFC,0x3A,0xB8,0x7A,0xFC,0x39,0xB7,0x7A,0xFC,
  0x37,0xB5,0x79,0xFC,0x37,0xB5,0x79,0xFC,0x37,0xB8,0x78,0xFC,
  0x37,0xB9,0x77,0xFC,0x37,0xB9,0x75,0xFC,0x36,0xB8,0x74,0xFC,
  0x38,0xB8,0x74,0xFC,0x38,0xB8,0x75,0xFC,0x37,0xB4,0x75,0xFB,
  0x36,0xB2,0x74,0xFB,0x35,0xB1,0x73,0xFB,0x35,0xAF,0x73,0xFB,
  0x36,0xAE,0x73,0xFB,0x35,0xAF,0x74,0xFC,0x36,0xB1,0x76,0xFD,
  0x39,0xB4,0x78,0xFD,0x3A,0xB6,0x7B,0xFE,0x3C,0xB9,0x7E,0xFF,
  0x3C,0xBB,0x80,0xFF,0x3A,0xBD,0x7F,0xFE,0x3B,0xBD,0x7D,0xFF,
  0x3B,0xB9,0x7C,0xFF,0x39,0xB6,0x7A,0xFF,0x39,0xB4,0x78,0xFF,
  0x38,0xB3,0x78,0xFF,0x38,0xB1,0x77,0xFF,0x38,0xB2,0x79,0xFF,
  0x36,0xB4,0x7B,0xFF,0x38,0xB6,0x7E,0xFF,0x39,0xBF,0x87,0xFF,
  0x39,0xA6,0x61,0xFF,0x3B,0x62,0x07,0xFF,0x3E,0x67,0x09,0xFF,
  0x3C,0x65,0x0D,0xFF,0x3A,0x64,0x11,0xFF,0x36,0x61,0x10,0xFF,
  0x3C,0x60,0x20,0xFF,0x25,0x50,0x0F,0xFF,0x85,0xA2,0x7C,0xFF,
  0xFA,0xFC,0xFC,0xFF,0xFA,0xFC,0xF9,0xFF,0xBB,0xCE,0xBF,0xFF,
  0x30,0x75,0x21,0xFF,0x41,0x92,0x31,0xFF,0x3E,0x93,0x31,0xFF,
  0x3C,0x92,0x37,0xFF,0x3A,0x92,0x3D,0xFF,0x39,0x8C,0x3B,0xFF,
  0x35,0x90,0x42,0xFF,0x30,0xA9,0x66,0xFF,0x31,0xAA,0x67,0xFF,
  0x32,0x9D,0x54,0xFF,0x32,0x93,0x45,0xFF,0x30,0x94,0x45,0xFF,
  0x36,0x95,0x46,0xFF,0x38,0xB4,0x73,0xFF,0x37,0xB7,0x77,0xFF,
  0x3A,0xB5,0x72,0xFF,0x3B,0xB6,0x73,0xFF,0x38,0xB6,0x73,0xFE,
  0x38,0xB6,0x71,0xFE,0x36,0xB6,0x6F,0xFD,0x34,0xB4,0x72,0xFB,
  0x35,0xB0,0x70,0xFA,0x35,0xAD,0x6E,0xFA,0x34,0xAD,0x6E,0xF9,
  0x34,0xAB,0x6F,0xFA,0x33,0xAB,0x70,0xFA,0x31,0xAC,0x71,0xFA,
  0x32,0xAE,0x70,0xFB,0x33,0xB0,0x6E,0xFB,0x2E,0xB3,0x72,0xFB,
  0x3B,0x8C,0x32,0xF9,0x43,0x7E,0x1B,0xF8,0x3F,0x7E,0x23,0xF9,
  0x3D,0x7C,0x22,0xF8,0x3B,0x7D,0x21,0xF8,0x3D,0x77,0x1E,0xFA,
  0x3B,0x66,0x0C,0xFB,0x3F,0x5E,0x07,0xFA,0x41,0x5D,0x06,0xF8,
  0x25,0xA3,0x65,0xFB,0x2D,0xBA,0x7B,0xF9,0x2E,0xBD,0x78,0xF8,
  0x28,0xB8,0x78,0xFE,0x38,0x9F,0x3F,0xFF,0x3C,0x9F,0x38,0xFF,
  0x3B,0x9D,0x40,0xFF,0x3E,0x9A,0x41,0xFF,0x3B,0x98,0x3A,0xFF,
  0x3B,0x8F,0x2F,0xFF,0x3B,0x89,0x31,0xFF,0x39,0x84,0x2D,0xFF,
  0x38,0x9A,0x50,0xFF,0x35,0xC3,0x97,0xFF,0x2F,0xA4,0x6D,0xFF,
  0x34,0x5D,0x0B,0xFF,0x34,0x6A,0x1C,0xFF,0x33,0x6E,0x1E,0xFF,
  0x3D,0x6E,0x0E,0xFF,0x34,0xAF,0x75,0xFF,0x2F,0xD1,0xAE,0xFF,
  0x33,0xA6,0x67,0xFF,0x34,0x7B,0x1F,0xFF,0x32,0x81,0x2A,0xFF,
  0x31,0x7F,0x29,0xFF,0x36,0x65,0x0D,0xFF,0x3B,0x5D,0x06,0xFF,
  0x3B,0x5C,0x06,0xFF,0x3A,0x59,0x08,0xFF,0x39,0x4E,0x00,0xFF,
  0x34,0x93,0x58,0xFF,0x36,0xBE,0x9E,0xFF,0x2F,0xBD,0x97,0xFD,
  0x2C,0x92,0x59,0xFF,0x2E,0x34,0x00,0x57,0x7F,0xFF,0xFF,0x02,
  0x5C,0xD0,0x2E,0x0B,0xFF,0xFF,0x7F,0x02,0x7F,0xBF,0x7F,0x04,
  0x00,0x00,0x00,0x00,0x00,0x00,0x00,0x00,0x00,0x00,0x00,0x00,
  0x00,0x00,0x00,0x00,0x00,0x7F,0x00,0x02,0x00,0x00,0x00,0x00,
  0x36,0x4F,0x08,0xBA,0x3E,0x6E,0x08,0xFE,0x40,0x69,0x05,0xFB,
  0x41,0x7E,0x1B,0xFF,0x3A,0xA6,0x57,0xFF,0x3A,0xA5,0x5A,0xFF,
  0x37,0xA8,0x62,0xFF,0x3C,0x9B,0x4C,0xFF,0x41,0x84,0x27,0xFF,
  0x3C,0x82,0x28,0xFF,0x3A,0x7D,0x24,0xFF,0x3B,0x7B,0x24,0xFF,
  0x38,0x77,0x23,0xFF,0x38,0x75,0x21,0xFF,0x39,0x74,0x23,0xFF,
  0x3C,0x76,0x24,0xFF,0x3C,0x7C,0x26,0xFF,0x3D,0x75,0x16,0xFF,
  0x34,0xBB,0x7C,0xFF,0x37,0xB6,0x74,0xFF,0x40,0x6D,0x12,0xFF,
  0x3F,0x71,0x19,0xFF,0x37,0xC2,0x8A,0xFF,0x30,0xCD,0x9E,0xFF,
  0x2A,0xCD,0x9D,0xFF,0x35,0x7E,0x47,0xFE,0x3B,0x55,0x17,0xFE,
  0x37,0x5D,0x22,0xFE,0x3C,0x76,0x36,0xFF,0x35,0xA2,0x65,0xFF,
  0x37,0x9B,0x5E,0xFF,0x3B,0xA5,0x6A,0xFF,0x2F,0xCA,0xA4,0xFF,
  0x2F,0xC8,0xA4,0xFF,0x33,0xD0,0xAA,0xFF,0x3A,0xB6,0x76,0xFF,
  0x3A,0xAD,0x5C,0xFF,0x38,0xB2,0x64,0xFF,0x3A,0xAF,0x60,0xFF,
  0x3C,0x97,0x40,0xFF,0x3B,0x92,0x39,0xFF,0x3A,0xA7,0x55,0xFF,
  0x3B,0x98,0x42,0xFF,0x39,0x89,0x2D,0xFE,0x37,0x88,0x2C,0xFE,
  0x3C,0x81,0x25,0xFF,0x3D,0x7D,0x24,0xFF,0x3D,0x7E,0x22,0xFF,
  0x3C,0x8A,0x2E,0xFF,0x3D,0x94,0x36,0xFF,0x3A,0x96,0x37,0xFE,
  0x3A,0x95,0x3C,0xFE,0x3A,0x93,0x3B,0xFE,0x39,0x8D,0x39,0xFF,
  0x3A,0x87,0x33,0xFF,0x3A,0x86,0x31,0xFE,0x3A,0x87,0x32,0xFE,
  0x3C,0x87,0x31,0xFE,0x3A,0x89,0x2F,0xFE,0x39,0x8A,0x2E,0xFE,
  0x3C,0x8C,0x30,0xFA,0x3C,0x94,0x33,0xFE,0x39,0x65,0x23,0x5D,
  0xFF,0xFF,0x00,0x04,0x73,0xD0,0x2E,0x0B,0x91,0xDA,0x24,0x07,
  0x6A,0xE9,0x15,0x0C,0x1F,0xFF,0x1F,0x08,0x7F,0x7F,0x00,0x02,
  0x00,0x00,0x00,0x00,0x00,0x00,0x00,0x00,0x00,0x00,0x00,0x00,
  0x00,0x00,0x00,0x00,0x00,0x00,0x00,0x00,0x00,0x00,0x00,0x00,
  0x00,0x00,0x00,0x00,0x00,0x00,0x00,0x00,0x00,0x00,0x00,0x00,
  0x00,0x00,0x00,0x00,0x00,0x00,0x00,0x00,0x00,0x00,0x00,0x00,
  0x0C,0x3C,0x30,0x15,0x00,0x0D,0x00,0x26,0x73,0xA5,0x91,0x33,
  0x86,0xE3,0xDD,0xFE,0x87,0xE6,0xE9,0xFC,0x7E,0xF7,0xFF,0xFE,
  0x52,0x95,0x62,0xFE,0x44,0x66,0x00,0xFE,0x41,0x73,0x0D,0xFE,
  0x3E,0x8C,0x2A,0xFE,0x3C,0x90,0x33,0xFE,0x3B,0x86,0x2B,0xFE,
  0x35,0x94,0x48,0xFF,0x2F,0xB7,0x7A,0xFF,0x30,0xB7,0x77,0xFF,
  0x32,0xBD,0x7F,0xFE,0x34,0xC2,0x85,0xFF,0x35,0xC4,0x86,0xFF,
  0x38,0xC1,0x84,0xFF,0x3B,0xBE,0x80,0xFE,0x3B,0xB9,0x7C,0xFF,
  0x38,0xB6,0x7B,0xFE,0x38,0xB3,0x7A,0xFE,0x37,0xB1,0x7A,0xFE,
  0x37,0xB0,0x7A,0xFE,0x38,0xB1,0x7B,0xFE,0x39,0xB3,0x7D,0xFE,
  0x39,0xB3,0x7B,0xFF,0x39,0xB3,0x7A,0xFF,0x39,0xB4,0x7A,0xFF,
  0x39,0xB4,0x7B,0xFF,0x3A,0xB5,0x7C,0xFF,0x3A,0xB6,0x7D,0xFF,
  0x39,0xB5,0x7C,0xFF,0x38,0xB4,0x7B,0xFF,0x38,0xB7,0x7A,0xFF,
  0x38,0xB8,0x79,0xFF,0x38,0xB9,0x78,0xFF,0x39,0xB8,0x77,0xFF,
  0x3A,0xB8,0x77,0xFF,0x3A,0xB7,0x78,0xFF,0x3A,0xB5,0x78,0xFE,
  0x38,0xB3,0x77,0xFE,0x37,0xB1,0x76,0xFE,0x37,0xAF,0x76,0xFE,
  0x38,0xAF,0x76,0xFF,0x37,0xAF,0x76,0xFF,0x37,0xB0,0x77,0xFF,
  0x39,0xB2,0x7A,0xFF,0x3A,0xB5,0x7D,0xFF,0x3B,0xB8,0x80,0xFF,
  0x3B,0xBA,0x81,0xFF,0x3A,0xBC,0x81,0xFF,0x3A,0xBC,0x80,0xFF,
  0x3A,0xBB,0x7E,0xFF,0x37,0xB9,0x7D,0xFF,0x37,0xB7,0x7B,0xFF,
  0x37,0xB5,0x7A,0xFF,0x37,0xB3,0x79,0xFF,0x38,0xB3,0x7A,0xFF,
  0x37,0xB6,0x7C,0xFF,0x38,0xB8,0x7D,0xFF,0x37,0xC0,0x85,0xFF,
  0x39,0xA4,0x60,0xFF,0x39,0x5F,0x07,0xFF,0x3A,0x66,0x0A,0xFF,
  0x38,0x62,0x0B,0xFF,0x36,0x61,0x10,0xFF,0x33,0x5E,0x0F,0xFF,
  0x35,0x5C,0x19,0xFF,0x1E,0x4D,0x09,0xFF,0x8B,0xA3,0x80,0xFF,
  0xFD,0xFC,0xFD,0xFF,0xF8,0xFA,0xF7,0xFF,0xBA,0xCF,0xBD,0xFF,
  0x2B,0x70,0x1B,0xFF,0x3B,0x8C,0x29,0xFF,0x3C,0x90,0x2E,0xFF,
  0x3A,0x8D,0x34,0xFF,0x35,0x8B,0x37,0xFF,0x36,0x87,0x36,0xFF,
  0x35,0x8F,0x40,0xFF,0x30,0xA8,0x65,0xFF,0x30,0xAA,0x67,0xFF,
  0x33,0x9D,0x54,0xFF,0x31,0x95,0x47,0xFF,0x2E,0x96,0x47,0xFF,
  0x35,0x99,0x48,0xFF,0x37,0xB6,0x73,0xFF,0x36,0xB9,0x78,0xFF,
  0x38,0xB7,0x74,0xFF,0x3A,0xB7,0x75,0xFF,0x39,0xB6,0x75,0xFF,
  0x39,0xB6,0x73,0xFF,0x37,0xB4,0x71,0xFF,0x36,0xB2,0x73,0xFF,
  0x35,0xAE,0x72,0xFE,0x35,0xAB,0x6F,0xFE,0x34,0xAB,0x6F,0xFE,
  0x34,0xAA,0x70,0xFE,0x34,0xAB,0x72,0xFE,0x33,0xAB,0x72,0xFE,
  0x33,0xAD,0x72,0xFE,0x34,0xAE,0x6F,0xFE,0x30,0xB1,0x74,0xFE,
  0x3D,0x86,0x34,0xFE,0x42,0x78,0x1F,0xFE,0x3E,0x7B,0x26,0xFE,
  0x3D,0x77,0x26,0xFE,0x3C,0x79,0x25,0xFE,0x3F,0x74,0x20,0xFE,
  0x3D,0x68,0x0F,0xFE,0x40,0x64,0x0C,0xFE,0x43,0x5F,0x07,0xFE,
  0x2B,0x99,0x5A,0xFE,0x30,0xB2,0x76,0xFE,0x30,0xB4,0x72,0xFE,
  0x2A,0xB3,0x73,0xFF,0x38,0x98,0x3B,0xFF,0x3A,0x99,0x35,0xFF,
  0x38,0x98,0x3C,0xFF,0x39,0x95,0x3C,0xFF,0x38,0x95,0x39,0xFF,
  0x39,0x8E,0x33,0xFF,0x38,0x8B,0x35,0xFF,0x39,0x87,0x2F,0xFF,
  0x38,0x92,0x43,0xFF,0x36,0xBD,0x8F,0xFF,0x32,0xA0,0x66,0xFF,
  0x35,0x5E,0x08,0xFF,0x31,0x6C,0x1F,0xFF,0x30,0x6F,0x22,0xFF,
  0x39,0x6D,0x0D,0xFF,0x32,0xAC,0x70,0xFF,0x2E,0xCF,0xAE,0xFF,
  0x32,0xA4,0x66,0xFF,0x33,0x76,0x1D,0xFF,0x2E,0x7C,0x28,0xFF,
  0x2C,0x7A,0x28,0xFF,0x32,0x61,0x0E,0xFF,0x38,0x5C,0x06,0xFF,
  0x38,0x5C,0x07,0xFF,0x37,0x59,0x09,0xFF,0x36,0x4C,0x00,0xFF,
  0x32,0x8C,0x51,0xFF,0x33,0xB7,0x93,0xFF,0x2D,0xB8,0x90,0xFE,
  0x2D,0x89,0x55,0xFF,0x36,0x34,0x00,0x62,0x28,0xAE,0x35,0x13,
  0x55,0xAA,0x2A,0x12,0x7F,0xFF,0x55,0x06,0x00,0x00,0x00,0x00,
  0x00,0x00,0x00,0x00,0x00,0x00,0x00,0x00,0x00,0x00,0x00,0x00,
  0x00,0x00,0x00,0x00,0x00,0x7F,0x00,0x02,0x00,0x00,0x00,0x00,
  0x33,0x4E,0x08,0xB6,0x3D,0x68,0x09,0xFF,0x3E,0x64,0x06,0xFC,
  0x41,0x7C,0x1D,0xFF,0x3A,0xA6,0x57,0xFF,0x3A,0xA4,0x59,0xFF,
  0x37,0xA8,0x62,0xFF,0x3D,0x9B,0x4C,0xFF,0x41,0x85,0x28,0xFF,
  0x3C,0x84,0x29,0xFF,0x3A,0x7E,0x26,0xFF,0x39,0x7D,0x26,0xFF,
  0x37,0x7A,0x25,0xFF,0x36,0x78,0x23,0xFF,0x39,0x77,0x24,0xFF,
  0x3D,0x7A,0x26,0xFF,0x3D,0x81,0x2A,0xFF,0x3E,0x79,0x1A,0xFF,
  0x31,0xC0,0x83,0xFF,0x33,0xB9,0x7A,0xFF,0x41,0x71,0x17,0xFF,
  0x40,0x74,0x1E,0xFF,0x39,0xC3,0x8A,0xFF,0x30,0xCC,0x9E,0xFF,
  0x2B,0xCD,0x9D,0xFF,0x38,0x7E,0x4C,0xFF,0x3B,0x56,0x1F,0xFF,
  0x37,0x60,0x28,0xFF,0x39,0x79,0x3B,0xFF,0x33,0xA1,0x64,0xFF,
  0x37,0x9A,0x5D,0xFF,0x3B,0xA2,0x67,0xFF,0x30,0xC9,0xA2,0xFF,
  0x30,0xC7,0xA2,0xFF,0x33,0xCF,0xA9,0xFF,0x3C,0xB5,0x76,0xFF,
  0x3A,0xAC,0x5A,0xFF,0x38,0xB1,0x62,0xFF,0x39,0xB0,0x61,0xFF,
  0x3C,0x9A,0x44,0xFF,0x3A,0x95,0x3B,0xFF,0x38,0xA9,0x58,0xFF,
  0x3B,0x97,0x43,0xFF,0x3A,0x85,0x2C,0xFF,0x37,0x88,0x2E,0xFF,
  0x3A,0x85,0x2B,0xFF,0x3A,0x83,0x29,0xFF,0x3B,0x82,0x25,0xFF,
  0x3B,0x8B,0x30,0xFF,0x3B,0x96,0x39,0xFF,0x39,0x95,0x3A,0xFF,
  0x39,0x94,0x3D,0xFF,0x39,0x91,0x3D,0xFF,0x38,0x8B,0x3D,0xFF,
  0x39,0x86,0x36,0xFF,0x39,0x85,0x35,0xFF,0x3A,0x87,0x35,0xFF,
  0x3C,0x87,0x34,0xFF,0x3A,0x89,0x31,0xFF,0x3B,0x8B,0x30,0xFF,
  0x3B,0x8E,0x31,0xFB,0x3B,0x95,0x35,0xFF,0x3C,0x68,0x20,0x6E,
  0x5D,0x57,0x06,0x26,0x45,0x68,0x17,0x2C,0x3A,0x5E,0x15,0x23,
  0x25,0x70,0x0F,0x22,0x12,0x88,0x12,0x1C,0x00,0x7F,0x00,0x0E,
  0x24,0x6D,0x00,0x07,0x55,0xAA,0x00,0x03,0x24,0x91,0x24,0x07,
  0x15,0x94,0x2A,0x0C,0x2C,0x63,0x21,0x17,0x33,0x66,0x19,0x14,
  0x30,0x6D,0x18,0x15,0x35,0x6B,0x1A,0x13,0x3C,0x6D,0x18,0x15,
  0x3F,0x72,0x0C,0x14,0x2A,0x6A,0x15,0x0C,0x33,0x33,0x33,0x05,
  0x13,0x4E,0x27,0x1A,0x06,0x19,0x00,0x28,0x82,0xC3,0x97,0x2F,
  0x80,0xE0,0xD7,0xFF,0x7E,0xE0,0xE0,0xFD,0x79,0xF2,0xFB,0xFF,
  0x52,0x97,0x63,0xFF,0x46,0x67,0x01,0xFF,0x43,0x74,0x10,0xFF,
  0x3F,0x8B,0x2D,0xFF,0x3C,0x90,0x36,0xFF,0x3B,0x87,0x2E,0xFF,
  0x35,0x95,0x4A,0xFF,0x30,0xB7,0x7A,0xFF,0x32,0xB7,0x77,0xFF,
  0x32,0xBD,0x7E,0xFF,0x34,0xC3,0x85,0xFF,0x35,0xC5,0x85,0xFF,
  0x39,0xC3,0x84,0xFF,0x3B,0xBE,0x81,0xFF,0x3A,0xB9,0x7E,0xFF,
  0x38,0xB6,0x7B,0xFF,0x38,0xB3,0x7B,0xFF,0x38,0xB1,0x7A,0xFF,
  0x37,0xB0,0x7A,0xFF,0x38,0xB1,0x7B,0xFF,0x38,0xB3,0x7D,0xFF,
  0x38,0xB3,0x7B,0xFF,0x38,0xB3,0x7A,0xFF,0x38,0xB4,0x7A,0xFF,
  0x38,0xB4,0x7B,0xFF,0x39,0xB4,0x7B,0xFF,0x39,0xB5,0x7D,0xFF,
  0x38,0xB5,0x7C,0xFF,0x38,0xB4,0x7B,0xFF,0x38,0xB7,0x7B,0xFF,
  0x37,0xB9,0x7B,0xFF,0x37,0xBA,0x7B,0xFF,0x39,0xB9,0x79,0xFF,
  0x3A,0xB9,0x79,0xFF,0x3A,0xB8,0x78,0xFF,0x3A,0xB6,0x78,0xFF,
  0x38,0xB5,0x78,0xFF,0x37,0xB2,0x76,0xFF,0x37,0xB0,0x76,0xFF,
  0x38,0xB0,0x76,0xFF,0x37,0xAF,0x75,0xFF,0x37,0xAF,0x76,0xFF,
  0x38,0xB1,0x7A,0xFF,0x37,0xB4,0x7D,0xFF,0x38,0xB7,0x80,0xFF,
  0x38,0xBA,0x81,0xFF,0x39,0xBA,0x81,0xFF,0x39,0xBB,0x80,0xFF,
  0x38,0xBC,0x7E,0xFF,0x37,0xBB,0x7D,0xFF,0x36,0xBA,0x7C,0xFF,
  0x37,0xB8,0x7B,0xFF,0x37,0xB6,0x7A,0xFF,0x38,0xB6,0x7A,0xFF,
  0x38,0xB8,0x7B,0xFF,0x38,0xB9,0x7C,0xFF,0x37,0xC1,0x83,0xFF,
  0x3A,0xA5,0x60,0xFF,0x39,0x61,0x09,0xFF,0x39,0x68,0x0C,0xFF,
  0x36,0x64,0x0D,0xFF,0x35,0x62,0x10,0xFF,0x33,0x60,0x10,0xFF,
  0x34,0x5C,0x18,0xFF,0x1C,0x4E,0x06,0xFF,0x90,0xA3,0x82,0xFF,
  0xFB,0xFB,0xFB,0xFF,0xF7,0xFA,0xF7,0xFF,0xB5,0xCE,0xBA,0xFF,
  0x29,0x6F,0x19,0xFF,0x38,0x8B,0x26,0xFF,0x3B,0x91,0x2C,0xFF,
  0x3A,0x8C,0x33,0xFF,0x36,0x8A,0x35,0xFF,0x37,0x86,0x33,0xFF,
  0x35,0x91,0x41,0xFF,0x30,0xA9,0x66,0xFF,0x2F,0xAC,0x69,0xFF,
  0x32,0xA0,0x58,0xFF,0x31,0x98,0x4A,0xFF,0x2E,0x99,0x4B,0xFF,
  0x33,0x9B,0x4A,0xFF,0x35,0xB8,0x72,0xFF,0x35,0xBA,0x77,0xFF,
  0x38,0xB7,0x74,0xFF,0x3A,0xB7,0x75,0xFF,0x39,0xB6,0x75,0xFF,
  0x39,0xB6,0x73,0xFF,0x37,0xB2,0x71,0xFF,0x36,0xB2,0x74,0xFF,
  0x35,0xAF,0x73,0xFF,0x35,0xAC,0x72,0xFF,0x34,0xAC,0x71,0xFF,
  0x34,0xAB,0x72,0xFF,0x34,0xAC,0x73,0xFF,0x34,0xAC,0x73,0xFF,
  0x33,0xAD,0x73,0xFF,0x34,0xAE,0x71,0xFF,0x2F,0xB1,0x76,0xFF,
  0x3C,0x87,0x39,0xFF,0x40,0x79,0x24,0xFF,0x3D,0x7D,0x2B,0xFF,
  0x3C,0x7A,0x2B,0xFF,0x3D,0x7C,0x29,0xFF,0x3F,0x76,0x21,0xFF,
  0x3F,0x6D,0x12,0xFF,0x40,0x6B,0x11,0xFF,0x43,0x64,0x09,0xFF,
  0x31,0x95,0x52,0xFF,0x32,0xAF,0x73,0xFF,0x32,0xAF,0x6F,0xFF,
  0x2D,0xAE,0x6E,0xFF,0x38,0x95,0x3B,0xFF,0x39,0x96,0x35,0xFF,
  0x36,0x96,0x3B,0xFF,0x37,0x95,0x3C,0xFF,0x36,0x95,0x3C,0xFF,
  0x37,0x90,0x39,0xFF,0x35,0x8E,0x37,0xFF,0x37,0x8D,0x33,0xFF,
  0x38,0x90,0x3D,0xFF,0x37,0xBA,0x88,0xFF,0x36,0xA0,0x62,0xFF,
  0x36,0x65,0x0A,0xFF,0x30,0x70,0x21,0xFF,0x2F,0x73,0x25,0xFF,
  0x37,0x72,0x11,0xFF,0x31,0xAC,0x6F,0xFF,0x2E,0xCD,0xAC,0xFF,
  0x32,0xA5,0x68,0xFF,0x34,0x76,0x1E,0xFF,0x2D,0x7C,0x28,0xFF,
  0x2A,0x7A,0x2A,0xFF,0x30,0x63,0x13,0xFF,0x36,0x5D,0x0A,0xFF,
  0x37,0x60,0x0C,0xFF,0x36,0x5D,0x0E,0xFF,0x36,0x50,0x02,0xFF,
  0x35,0x8B,0x4C,0xFF,0x33,0xB5,0x8B,0xFF,0x2F,0xB7,0x8A,0xFE,
  0x31,0x88,0x54,0xFF,0x3D,0x35,0x01,0x90,0x39,0x5D,0x19,0x47,
  0x41,0x58,0x13,0x42,0x4D,0x6A,0x23,0x2B,0x3F,0x5F,0x1F,0x08,
  0x00,0x00,0x00,0x00,0x00,0x00,0x00,0x01,0x00,0x00,0x00,0x00,
  0x00,0x00,0x00,0x00,0x00,0xFF,0x00,0x01,0x00,0x00,0x00,0x00,
  0x33,0x4C,0x09,0xC1,0x3D,0x68,0x0B,0xFF,0x3E,0x65,0x08,0xFC,
  0x40,0x7B,0x20,0xFF,0x39,0xA6,0x58,0xFF,0x3A,0xA4,0x58,0xFF,
  0x36,0xA8,0x62,0xFF,0x3D,0x9C,0x4B,0xFF,0x42,0x86,0x28,0xFF,
  0x3D,0x84,0x28,0xFF,0x3A,0x7F,0x26,0xFF,0x38,0x7D,0x25,0xFF,
  0x38,0x7B,0x24,0xFF,0x37,0x79,0x23,0xFF,0x3A,0x79,0x22,0xFF,
  0x3D,0x7C,0x24,0xFF,0x3E,0x81,0x28,0xFF,0x41,0x78,0x18,0xFF,
  0x32,0xBF,0x82,0xFF,0x33,0xB4,0x78,0xFF,0x44,0x71,0x18,0xFF,
  0x41,0x74,0x1F,0xFF,0x3A,0xC3,0x8E,0xFF,0x30,0xCC,0xA0,0xFF,
  0x2C,0xCD,0x9F,0xFF,0x39,0x80,0x4D,0xFF,0x3C,0x56,0x1F,0xFF,
  0x39,0x5F,0x27,0xFF,0x38,0x7B,0x3D,0xFF,0x32,0xA4,0x65,0xFF,
  0x38,0x9B,0x5C,0xFF,0x3B,0xA3,0x67,0xFF,0x30,0xC8,0xA0,0xFF,
  0x31,0xC5,0x9F,0xFF,0x32,0xCD,0xA7,0xFF,0x3C,0xB6,0x77,0xFF,
  0x3A,0xAC,0x5A,0xFF,0x37,0xB4,0x61,0xFF,0x39,0xB3,0x61,0xFF,
  0x3D,0x9A,0x40,0xFF,0x3B,0x94,0x38,0xFF,0x38,0xA8,0x58,0xFF,
  0x3A,0x97,0x44,0xFF,0x3C,0x88,0x2D,0xFF,0x39,0x8A,0x2F,0xFF,
  0x3A,0x85,0x29,0xFF,0x39,0x84,0x26,0xFF,0x3A,0x82,0x22,0xFF,
  0x3A,0x8D,0x2E,0xFF,0x39,0x98,0x37,0xFF,0x38,0x97,0x39,0xFF,
  0x38,0x95,0x3B,0xFF,0x39,0x91,0x3B,0xFF,0x39,0x8B,0x3C,0xFF,
  0x38,0x86,0x35,0xFF,0x39,0x85,0x34,0xFF,0x3A,0x87,0x34,0xFF,
  0x3C,0x88,0x32,0xFF,0x3B,0x8B,0x30,0xFF,0x3B,0x8D,0x30,0xFF,
  0x3B,0x92,0x30,0xFB,0x3A,0x9B,0x36,0xFF,0x40,0x6C,0x1E,0x76,
  0x4E,0x40,0x04,0x37,0x42,0x53,0x10,0x3D,0x3A,0x58,0x13,0x34,
  0x23,0x5E,0x11,0x2B,0x0D,0x67,0x06,0x25,0x00,0x84,0x00,0x19,
  0x00,0xAA,0x00,0x09,0x00,0xFF,0x00,0x02,0x00,0xB6,0x24,0x07,
  0x0F,0xAF,0x1F,0x10,0x2C,0x66,0x13,0x28,0x2D,0x69,0x16,0x22,
  0x2B,0x6D,0x0E,0x23,0x31,0x73,0x10,0x1F,0x3A,0x6D,0x0E,0x23,
  0x3D,0x73,0x07,0x21,0x33,0x77,0x11,0x0F,0x00,0x00,0x00,0x01,
  0x17,0x73,0x45,0x0B,0x00,0x45,0x00,0x0B,0x6A,0xB0,0x81,0x37,
  0x79,0xE6,0xDD,0xFF,0x76,0xE9,0xE8,0xFD,0x79,0xF7,0xFD,0xFF,
  0x55,0x9D,0x67,0xFF,0x45,0x68,0x00,0xFF,0x44,0x76,0x11,0xFF,
  0x3E,0x8C,0x2C,0xFF,0x3A,0x92,0x34,0xFF,0x3A,0x88,0x2C,0xFF,
  0x35,0x98,0x4A,0xFF,0x30,0xB8,0x7A,0xFF,0x32,0xB7,0x77,0xFF,
  0x33,0xBF,0x7E,0xFF,0x34,0xC3,0x84,0xFF,0x36,0xC5,0x84,0xFF,
  0x38,0xC3,0x82,0xFF,0x38,0xBF,0x80,0xFF,0x37,0xBB,0x7D,0xFF,
  0x37,0xB8,0x7A,0xFF,0x37,0xB4,0x7A,0xFF,0x37,0xB1,0x79,0xFF,
  0x37,0xB1,0x7A,0xFF,0x37,0xB1,0x7B,0xFF,0x37,0xB2,0x7B,0xFF,
  0x36,0xB3,0x7A,0xFF,0x37,0xB4,0x79,0xFF,0x37,0xB4,0x79,0xFF,
  0x36,0xB4,0x79,0xFF,0x36,0xB4,0x79,0xFF,0x36,0xB4,0x7A,0xFF,
  0x35,0xB4,0x7A,0xFF,0x36,0xB4,0x7A,0xFF,0x36,0xB6,0x7A,0xFF,
  0x35,0xB9,0x7A,0xFF,0x35,0xBB,0x7A,0xFF,0x37,0xBB,0x79,0xFF,
  0x38,0xBB,0x78,0xFF,0x38,0xBB,0x77,0xFF,0x38,0xB9,0x78,0xFF,
  0x38,0xB8,0x78,0xFF,0x37,0xB5,0x76,0xFF,0x37,0xB3,0x75,0xFF,
  0x37,0xB2,0x75,0xFF,0x36,0xB1,0x74,0xFF,0x36,0xB0,0x75,0xFF,
  0x36,0xB1,0x78,0xFF,0x35,0xB3,0x7B,0xFF,0x35,0xB6,0x7D,0xFF,
  0x35,0xB9,0x7F,0xFF,0x36,0xB9,0x7E,0xFF,0x36,0xB9,0x7D,0xFF,
  0x37,0xBB,0x7D,0xFF,0x37,0xBB,0x7C,0xFF,0x36,0xBB,0x7B,0xFF,
  0x36,0xBB,0x7B,0xFF,0x36,0xBA,0x7A,0xFF,0x36,0xBA,0x7A,0xFF,
  0x37,0xBC,0x7A,0xFF,0x38,0xBB,0x7B,0xFF,0x36,0xC2,0x83,0xFF,
  0x3A,0xA6,0x60,0xFF,0x38,0x62,0x09,0xFF,0x38,0x67,0x0B,0xFF,
  0x35,0x64,0x0D,0xFF,0x34,0x63,0x10,0xFF,0x31,0x61,0x11,0xFF,
  0x33,0x5F,0x18,0xFF,0x1C,0x51,0x02,0xFF,0x95,0xA7,0x85,0xFF,
  0xFF,0xFF,0xFF,0xFF,0xFD,0xFE,0xFE,0xFF,0xB3,0xCF,0xB9,0xFF,
  0x26,0x6F,0x14,0xFF,0x37,0x8C,0x23,0xFF,0x3A,0x92,0x29,0xFF,
  0x3B,0x8D,0x32,0xFF,0x39,0x8C,0x34,0xFF,0x3A,0x89,0x31,0xFF,
  0x35,0x93,0x41,0xFF,0x2F,0xAA,0x64,0xFF,0x2E,0xAC,0x67,0xFF,
  0x31,0xA2,0x58,0xFF,0x31,0x9A,0x4A,0xFF,0x2F,0x9B,0x4B,0xFF,
  0x32,0x9B,0x49,0xFF,0x35,0xB8,0x6F,0xFF,0x35,0xB9,0x75,0xFF,
  0x38,0xB6,0x72,0xFF,0x3A,0xB6,0x72,0xFF,0x39,0xB6,0x72,0xFF,
  0x39,0xB4,0x70,0xFF,0x36,0xB1,0x6F,0xFF,0x35,0xB2,0x73,0xFF,
  0x35,0xAF,0x71,0xFF,0x35,0xAC,0x71,0xFF,0x35,0xAC,0x71,0xFF,
  0x35,0xAD,0x71,0xFF,0x35,0xAD,0x72,0xFF,0x35,0xAD,0x72,0xFF,
  0x34,0xAD,0x71,0xFF,0x33,0xAC,0x6E,0xFF,0x2C,0xB0,0x74,0xFF,
  0x3A,0x86,0x38,0xFF,0x3F,0x78,0x25,0xFF,0x3B,0x7D,0x2A,0xFF,
  0x3C,0x7C,0x29,0xFF,0x3E,0x7E,0x28,0xFF,0x3F,0x79,0x1F,0xFF,
  0x42,0x71,0x13,0xFF,0x42,0x70,0x13,0xFF,0x43,0x6A,0x0A,0xFF,
  0x34,0x98,0x51,0xFF,0x31,0xB1,0x74,0xFF,0x32,0xAF,0x6F,0xFF,
  0x2F,0xAF,0x6F,0xFF,0x39,0x96,0x3C,0xFF,0x3A,0x96,0x35,0xFF,
  0x37,0x96,0x3B,0xFF,0x38,0x97,0x3C,0xFF,0x37,0x97,0x3C,0xFF,
  0x37,0x90,0x38,0xFF,0x35,0x8F,0x36,0xFF,0x36,0x90,0x34,0xFF,
  0x39,0x94,0x3B,0xFF,0x39,0xC0,0x8A,0xFF,0x39,0xA5,0x65,0xFF,
  0x36,0x6A,0x0B,0xFF,0x32,0x73,0x1D,0xFF,0x31,0x77,0x23,0xFF,
  0x37,0x75,0x12,0xFF,0x31,0xAC,0x6E,0xFF,0x2D,0xCD,0xAB,0xFF,
  0x33,0xA6,0x6A,0xFF,0x36,0x77,0x1E,0xFF,0x30,0x7C,0x26,0xFF,
  0x2B,0x7C,0x2B,0xFF,0x30,0x61,0x13,0xFF,0x36,0x57,0x08,0xFF,
  0x37,0x5A,0x0A,0xFF,0x38,0x58,0x0C,0xFF,0x37,0x4B,0x00,0xFF,
  0x39,0x8B,0x4A,0xFF,0x35,0xB9,0x8E,0xFF,0x32,0xBC,0x8D,0xFE,
  0x35,0x8C,0x58,0xFF,0x3F,0x32,0x00,0x99,0x3F,0x4A,0x10,0x5D,
  0x41,0x46,0x0E,0x5A,0x48,0x50,0x18,0x3F,0x48,0x6D,0x24,0x0E,
  0x00,0x00,0x00,0x00,0x00,0x00,0x00,0x01,0x00,0x00,0x00,0x00,
  0x00,0x00,0x00,0x00,0x00,0x7F,0x00,0x02,0x00,0x00,0x00,0x00,
  0x35,0x4F,0x0E,0xB6,0x3E,0x69,0x10,0xFF,0x3D,0x65,0x0D,0xFC,
  0x40,0x7A,0x23,0xFF,0x39,0xA5,0x58,0xFF,0x39,0xA4,0x57,0xFF,
  0x36,0xA8,0x61,0xFF,0x3D,0x9A,0x46,0xFF,0x42,0x83,0x22,0xFF,
  0x3D,0x80,0x25,0xFF,0x3A,0x7D,0x26,0xFF,0x38,0x7F,0x28,0xFF,
  0x39,0x7E,0x28,0xFF,0x39,0x7D,0x28,0xFF,0x39,0x78,0x1F,0xFF,
  0x3B,0x75,0x18,0xFF,0x3E,0x77,0x1B,0xFF,0x41,0x6A,0x0A,0xFF,
  0x30,0xBB,0x80,0xFF,0x34,0xAF,0x75,0xFF,0x47,0x65,0x0E,0xFF,
  0x41,0x68,0x14,0xFF,0x3B,0xBD,0x8C,0xFF,0x30,0xCC,0xA2,0xFF,
  0x2D,0xCC,0xA3,0xFF,0x3A,0x78,0x44,0xFF,0x40,0x48,0x10,0xFF,
  0x3E,0x51,0x18,0xFF,0x3D,0x74,0x36,0xFF,0x32,0xA2,0x64,0xFF,
  0x38,0x97,0x56,0xFF,0x3D,0x9F,0x62,0xFF,0x30,0xC6,0x9F,0xFF,
  0x32,0xC3,0x9B,0xFF,0x32,0xCA,0xA5,0xFF,0x3B,0xB2,0x75,0xFF,
  0x39,0xA9,0x58,0xFF,0x36,0xB3,0x5F,0xFF,0x3A,0xB3,0x5E,0xFF,
  0x3D,0x97,0x39,0xFF,0x3B,0x90,0x32,0xFF,0x37,0xA6,0x55,0xFF,
  0x37,0x92,0x3F,0xFF,0x3C,0x84,0x27,0xFF,0x3A,0x87,0x29,0xFF,
  0x3B,0x81,0x24,0xFF,0x3A,0x81,0x22,0xFF,0x3B,0x7F,0x1C,0xFF,
  0x3C,0x86,0x23,0xFF,0x39,0x93,0x2E,0xFF,0x37,0x92,0x30,0xFF,
  0x38,0x8E,0x30,0xFF,0x39,0x8A,0x2F,0xFF,0x3B,0x84,0x31,0xFF,
  0x3A,0x7E,0x2B,0xFF,0x3A,0x7D,0x28,0xFF,0x3A,0x7F,0x28,0xFF,
  0x3B,0x81,0x25,0xFF,0x3C,0x85,0x25,0xFF,0x3B,0x89,0x28,0xFF,
  0x3C,0x8E,0x2A,0xFA,0x3E,0x9B,0x34,0xFF,0x42,0x73,0x1B,0x54,
  0x01,0x01,0x00,0x00,0xFF,0xFF,0xFF,0x02,0x00,0x03,0x01,0x00,
  0x00,0x01,0x01,0x00,0x00,0x02,0x00,0x00,0x00,0x03,0x00,0x00,
  0x00,0x00,0x01,0x00,0x00,0x00,0x00,0x00,0x00,0x00,0x01,0x00,
  0x00,0x00,0x00,0x00,0x00,0x00,0x00,0x00,0x00,0x00,0x00,0x00,
  0x00,0x01,0x00,0x00,0x00,0x01,0x00,0x00,0x00,0x02,0x01,0x00,
  0x00,0x02,0x01,0x00,0x00,0x00,0x00,0x00,0x00,0x00,0x00,0x00,
  0x00,0x00,0x03,0x00,0x00,0x00,0x00,0x00,0x47,0x79,0x70,0x3D,
  0x7A,0xF0,0xEA,0xFF,0x7A,0xFB,0xFF,0xFC,0x82,0xFF,0xFF,0xFF,
  0x59,0xA0,0x6C,0xFF,0x44,0x60,0x00,0xFF,0x44,0x72,0x0E,0xFF,
  0x3D,0x86,0x24,0xFF,0x39,0x91,0x30,0xFF,0x3B,0x88,0x28,0xFF,
  0x36,0x98,0x49,0xFF,0x30,0xB8,0x7B,0xFF,0x32,0xB7,0x77,0xFF,
  0x33,0xBF,0x7E,0xFF,0x34,0xC3,0x83,0xFF,0x36,0xC4,0x84,0xFF,
  0x37,0xC0,0x80,0xFF,0x35,0xBC,0x7D,0xFF,0x34,0xB9,0x78,0xFF,
  0x36,0xB5,0x76,0xFF,0x36,0xB1,0x76,0xFF,0x35,0xAF,0x76,0xFF,
  0x36,0xAF,0x78,0xFF,0x37,0xAF,0x78,0xFF,0x36,0xAF,0x77,0xFF,
  0x35,0xB0,0x76,0xFF,0x36,0xB1,0x76,0xFF,0x36,0xB1,0x76,0xFF,
  0x35,0xB1,0x76,0xFF,0x34,0xB1,0x75,0xFF,0x34,0xB1,0x76,0xFF,
  0x33,0xB2,0x77,0xFF,0x33,0xB1,0x77,0xFF,0x33,0xB3,0x76,0xFF,
  0x33,0xB6,0x76,0xFF,0x33,0xB8,0x75,0xFF,0x36,0xB9,0x76,0xFF,
  0x36,0xBA,0x75,0xFF,0x35,0xBB,0x74,0xFF,0x36,0xBA,0x76,0xFF,
  0x36,0xBA,0x77,0xFF,0x35,0xB9,0x77,0xFF,0x35,0xB7,0x76,0xFF,
  0x35,0xB4,0x75,0xFF,0x34,0xB2,0x74,0xFF,0x34,0xB1,0x75,0xFF,
  0x35,0xAF,0x73,0xFF,0x34,0xAE,0x74,0xFF,0x33,0xB1,0x78,0xFF,
  0x32,0xB4,0x7A,0xFF,0x34,0xB4,0x79,0xFF,0x33,0xB3,0x78,0xFF,
  0x35,0xB6,0x78,0xFF,0x35,0xB7,0x78,0xFF,0x34,0xB8,0x78,0xFF,
  0x33,0xB9,0x77,0xFF,0x34,0xB9,0x77,0xFF,0x34,0xBA,0x77,0xFF,
  0x34,0xBB,0x76,0xFF,0x36,0xB9,0x76,0xFF,0x35,0xC1,0x80,0xFF,
  0x39,0xA3,0x5B,0xFF,0x33,0x5A,0x03,0xFF,0x34,0x5E,0x06,0xFF,
  0x31,0x5B,0x09,0xFF,0x31,0x5E,0x0F,0xFF,0x2D,0x5F,0x10,0xFF,
  0x30,0x60,0x16,0xFF,0x19,0x4E,0x00,0xFF,0xA0,0xB1,0x90,0xFF,
  0xFF,0xFF,0xFF,0xFF,0xFF,0xFF,0xFF,0xFF,0xBA,0xD4,0xBF,0xFF,
  0x24,0x6C,0x0C,0xFF,0x36,0x87,0x19,0xFF,0x38,0x8B,0x22,0xFF,
  0x39,0x87,0x2B,0xFF,0x38,0x85,0x2B,0xFF,0x3B,0x84,0x29,0xFF,
  0x37,0x90,0x3D,0xFF,0x2E,0xA7,0x5E,0xFF,0x2E,0xA8,0x5F,0xFF,
  0x31,0x9D,0x4E,0xFF,0x32,0x95,0x41,0xFF,0x2F,0x96,0x43,0xFF,
  0x34,0x95,0x40,0xFF,0x36,0xB0,0x66,0xFF,0x35,0xB4,0x6F,0xFF,
  0x38,0xB1,0x6C,0xFF,0x3A,0xB1,0x6B,0xFF,0x3A,0xB1,0x6A,0xFF,
  0x3A,0xAF,0x69,0xFF,0x37,0xAC,0x67,0xFF,0x36,0xAD,0x6D,0xFF,
  0x35,0xAA,0x6C,0xFF,0x36,0xA8,0x6B,0xFF,0x36,0xA9,0x6C,0xFF,
  0x36,0xAA,0x6C,0xFF,0x37,0xAA,0x6E,0xFF,0x37,0xAA,0x6D,0xFF,
  0x35,0xA7,0x6A,0xFF,0x33,0xA5,0x65,0xFF,0x2B,0xA9,0x6C,0xFF,
  0x3B,0x7C,0x2F,0xFF,0x40,0x6E,0x1D,0xFF,0x3B,0x73,0x1E,0xFF,
  0x3E,0x73,0x1C,0xFF,0x41,0x76,0x1D,0xFF,0x42,0x75,0x18,0xFF,
  0x45,0x70,0x11,0xFF,0x44,0x70,0x11,0xFF,0x44,0x6A,0x08,0xFF,
  0x33,0x96,0x4E,0xFF,0x2F,0xB0,0x73,0xFF,0x30,0xAC,0x6B,0xFF,
  0x2F,0xAB,0x6B,0xFF,0x3B,0x91,0x37,0xFF,0x3C,0x8F,0x2F,0xFF,
  0x37,0x8F,0x33,0xFF,0x38,0x90,0x33,0xFF,0x3A,0x90,0x32,0xFF,
  0x38,0x8D,0x33,0xFF,0x36,0x92,0x3A,0xFF,0x35,0x93,0x38,0xFF,
  0x39,0x90,0x34,0xFF,0x38,0xC0,0x88,0xFF,0x38,0xA5,0x66,0xFF,
  0x35,0x62,0x03,0xFF,0x34,0x69,0x0D,0xFF,0x34,0x72,0x17,0xFF,
  0x36,0x70,0x0C,0xFF,0x31,0xA9,0x6C,0xFF,0x2D,0xCE,0xAE,0xFF,
  0x33,0xA2,0x67,0xFF,0x36,0x6E,0x16,0xFF,0x31,0x75,0x1D,0xFF,
  0x2D,0x77,0x23,0xFF,0x30,0x56,0x0A,0xFF,0x36,0x46,0x00,0xFF,
  0x35,0x48,0x02,0xFF,0x37,0x46,0x02,0xFF,0x35,0x38,0x00,0xFF,
  0x38,0x7B,0x3E,0xFF,0x35,0xB9,0x8E,0xFF,0x31,0xBC,0x8E,0xFE,
  0x36,0x8A,0x59,0xFF,0x3D,0x20,0x00,0x47,0x4E,0x62,0x3A,0x0D,
  0x5B,0x5B,0x12,0x0E,0x02,0x03,0x01,0x00,0x01,0x01,0x01,0x00,
  0x00,0x00,0x00,0x00,0x00,0x00,0x00,0x00,0x00,0x00,0x00,0x00,
  0x00,0x00,0x00,0x00,0x00,0x7F,0x00,0x02,0x00,0x00,0x00,0x00,
  0x35,0x47,0x05,0xAF,0x3F,0x5E,0x07,0xFF,0x3F,0x5A,0x04,0xFC,
  0x41,0x73,0x1D,0xFF,0x39,0xA5,0x58,0xFF,0x39,0xA4,0x56,0xFF,
  0x37,0xA8,0x5F,0xFF,0x3D,0x98,0x42,0xFF,0x3F,0x81,0x22,0xFF,
  0x3B,0x7D,0x24,0xFF,0x3A,0x7B,0x24,0xFF,0x38,0x7C,0x25,0xFF,
  0x38,0x7B,0x22,0xFF,0x39,0x7A,0x23,0xFF,0x38,0x78,0x1F,0xFF,
  0x37,0x76,0x1C,0xFF,0x3C,0x75,0x1B,0xFF,0x3F,0x66,0x0B,0xFF,
  0x2F,0xBC,0x85,0xFF,0x36,0xB1,0x7A,0xFF,0x47,0x65,0x13,0xFF,
  0x41,0x67,0x18,0xFF,0x3A,0xBC,0x8E,0xFF,0x30,0xCC,0xA6,0xFF,
  0x2E,0xCB,0xA6,0xFF,0x3B,0x79,0x47,0xFF,0x41,0x4B,0x12,0xFF,
  0x40,0x54,0x19,0xFF,0x40,0x75,0x38,0xFF,0x33,0xA2,0x64,0xFF,
  0x39,0x98,0x57,0xFF,0x3E,0x9E,0x60,0xFF,0x30,0xC5,0x9E,0xFF,
  0x31,0xC3,0x9A,0xFF,0x32,0xC9,0xA4,0xFF,0x3A,0xB0,0x74,0xFF,
  0x38,0xAA,0x5A,0xFF,0x36,0xB4,0x62,0xFF,0x3A,0xB5,0x61,0xFF,
  0x3B,0x9C,0x3E,0xFF,0x3B,0x95,0x39,0xFF,0x36,0xA6,0x54,0xFF,
  0x34,0x91,0x3D,0xFF,0x3B,0x86,0x2A,0xFF,0x3A,0x88,0x2E,0xFF,
  0x3D,0x83,0x27,0xFF,0x3D,0x82,0x21,0xFF,0x3E,0x80,0x1A,0xFF,
  0x3D,0x87,0x23,0xFF,0x39,0x95,0x33,0xFF,0x37,0x93,0x33,0xFF,
  0x38,0x8E,0x31,0xFF,0x39,0x8A,0x2F,0xFF,0x3C,0x86,0x33,0xFF,
  0x3B,0x7F,0x2C,0xFF,0x3C,0x7B,0x25,0xFF,0x3A,0x7E,0x27,0xFF,
  0x3B,0x80,0x25,0xFF,0x3C,0x86,0x25,0xFF,0x3D,0x89,0x27,0xFF,
  0x3D,0x8E,0x2B,0xFB,0x40,0x99,0x35,0xFF,0x3F,0x67,0x23,0x6C,
  0x3A,0x27,0x00,0x1A,0x34,0x23,0x00,0x1D,0x31,0x1D,0x00,0x1A,
  0x2F,0x25,0x00,0x1B,0x21,0x1A,0x00,0x26,0x1E,0x14,0x00,0x32,
  0x29,0x11,0x00,0x2B,0x22,0x13,0x00,0x34,0x31,0x15,0x00,0x24,
  0x3B,0x22,0x00,0x1E,0x38,0x42,0x1C,0x1B,0x36,0x2D,0x09,0x1C,
  0x36,0x2D,0x09,0x1C,0x36,0x24,0x00,0x1C,0x36,0x24,0x00,0x1C,
  0x36,0x1B,0x00,0x1C,0x3B,0x19,0x00,0x1E,0x39,0x20,0x00,0x1F,
  0x3C,0x25,0x00,0x22,0x39,0x29,0x00,0x1F,0x3E,0x4F,0x2B,0x76,
  0x6F,0xE5,0xD4,0xFF,0x73,0xF8,0xF7,0xFC,0x7F,0xFB,0xF8,0xFF,
  0x56,0xA3,0x70,0xFF,0x40,0x66,0x05,0xFF,0x42,0x70,0x0D,0xFF,
  0x3B,0x86,0x22,0xFF,0x36,0x91,0x2F,0xFF,0x3B,0x86,0x25,0xFF,
  0x36,0x98,0x49,0xFF,0x2F,0xBA,0x7C,0xFF,0x32,0xB8,0x78,0xFF,
  0x33,0xBF,0x7F,0xFF,0x35,0xC3,0x83,0xFF,0x36,0xC3,0x84,0xFF,
  0x36,0xBF,0x80,0xFF,0x33,0xBB,0x7E,0xFF,0x32,0xB8,0x79,0xFF,
  0x35,0xB5,0x77,0xFF,0x36,0xB2,0x77,0xFF,0x34,0xB1,0x79,0xFF,
  0x35,0xB0,0x7A,0xFF,0x36,0xB0,0x79,0xFF,0x36,0xAF,0x77,0xFF,
  0x35,0xAE,0x74,0xFF,0x36,0xAF,0x74,0xFF,0x36,0xB0,0x75,0xFF,
  0x34,0xB0,0x75,0xFF,0x33,0xB0,0x75,0xFF,0x33,0xAF,0x75,0xFF,
  0x33,0xB0,0x76,0xFF,0x33,0xB0,0x76,0xFF,0x32,0xB1,0x74,0xFF,
  0x32,0xB4,0x74,0xFF,0x34,0xB7,0x73,0xFF,0x36,0xB8,0x75,0xFF,
  0x35,0xBA,0x74,0xFF,0x34,0xBA,0x74,0xFF,0x35,0xBA,0x76,0xFF,
  0x35,0xBC,0x77,0xFF,0x35,0xBB,0x77,0xFF,0x35,0xB8,0x76,0xFF,
  0x35,0xB7,0x76,0xFF,0x34,0xB3,0x75,0xFF,0x34,0xB1,0x75,0xFF,
  0x34,0xAD,0x71,0xFF,0x33,0xAC,0x72,0xFF,0x32,0xAD,0x76,0xFF,
  0x31,0xAF,0x77,0xFF,0x33,0xB0,0x75,0xFF,0x33,0xAF,0x75,0xFF,
  0x34,0xB2,0x76,0xFF,0x34,0xB5,0x77,0xFF,0x34,0xB7,0x77,0xFF,
  0x32,0xB8,0x78,0xFF,0x33,0xB9,0x78,0xFF,0x33,0xBA,0x78,0xFF,
  0x33,0xBA,0x77,0xFF,0x35,0xB8,0x76,0xFF,0x37,0xC0,0x82,0xFF,
  0x38,0xA3,0x5C,0xFF,0x2E,0x59,0x06,0xFF,0x2D,0x5D,0x0A,0xFF,
  0x2C,0x59,0x0C,0xFF,0x2D,0x5C,0x0F,0xFF,0x29,0x5D,0x11,0xFF,
  0x2C,0x60,0x14,0xFF,0x1A,0x51,0x02,0xFF,0x96,0xAD,0x84,0xFF,
  0xF1,0xF5,0xEF,0xFF,0xF6,0xF6,0xF2,0xFF,0xB1,0xD1,0xB6,0xFF,
  0x24,0x75,0x15,0xFF,0x36,0x89,0x22,0xFF,0x35,0x8C,0x2D,0xFF,
  0x35,0x88,0x34,0xFF,0x35,0x87,0x31,0xFF,0x37,0x88,0x35,0xFF,
  0x35,0x96,0x4B,0xFF,0x2E,0xA8,0x62,0xFF,0x2E,0xA9,0x61,0xFF,
  0x32,0x9F,0x51,0xFF,0x33,0x98,0x47,0xFF,0x32,0x99,0x47,0xFF,
  0x37,0x97,0x43,0xFF,0x37,0xAC,0x67,0xFF,0x36,0xB3,0x70,0xFF,
  0x38,0xAF,0x6D,0xFF,0x3A,0xB1,0x6D,0xFF,0x3B,0xB0,0x6A,0xFF,
  0x3A,0xAD,0x68,0xFF,0x38,0xAA,0x66,0xFF,0x36,0xAD,0x6F,0xFF,
  0x33,0xAA,0x6E,0xFF,0x35,0xA8,0x6D,0xFF,0x35,0xAA,0x70,0xFF,
  0x34,0xAB,0x71,0xFF,0x36,0xAC,0x73,0xFF,0x36,0xAC,0x72,0xFF,
  0x34,0xA9,0x6F,0xFF,0x33,0xA7,0x6A,0xFF,0x2D,0xA7,0x6D,0xFF,
  0x3C,0x75,0x2A,0xFF,0x3F,0x6A,0x1A,0xFF,0x3A,0x71,0x1B,0xFF,
  0x3F,0x73,0x1D,0xFF,0x43,0x74,0x1B,0xFF,0x43,0x72,0x13,0xFF,
  0x43,0x72,0x13,0xFF,0x43,0x72,0x13,0xFF,0x43,0x6D,0x0C,0xFF,
  0x32,0x95,0x4D,0xFF,0x2F,0xAF,0x72,0xFF,0x30,0xAC,0x6A,0xFF,
  0x30,0xAA,0x6A,0xFF,0x3C,0x8E,0x36,0xFF,0x3D,0x8C,0x2F,0xFF,
  0x37,0x8E,0x35,0xFF,0x39,0x90,0x36,0xFF,0x3B,0x92,0x38,0xFF,
  0x3B,0x8E,0x34,0xFF,0x3B,0x8E,0x33,0xFF,0x38,0x90,0x33,0xFF,
  0x3B,0x8E,0x30,0xFF,0x38,0xC1,0x8C,0xFF,0x38,0xA8,0x6C,0xFF,
  0x36,0x65,0x0C,0xFF,0x35,0x74,0x1F,0xFF,0x35,0x77,0x1D,0xFF,
  0x35,0x6F,0x0C,0xFF,0x31,0xAA,0x70,0xFF,0x2C,0xCE,0xB0,0xFF,
  0x31,0xA2,0x6A,0xFF,0x36,0x74,0x23,0xFF,0x32,0x7B,0x28,0xFF,
  0x30,0x7E,0x2E,0xFF,0x31,0x59,0x13,0xFF,0x37,0x46,0x06,0xFF,
  0x34,0x48,0x08,0xFF,0x35,0x48,0x0A,0xFF,0x34,0x3D,0x06,0xFF,
  0x36,0x7A,0x43,0xFF,0x33,0xB8,0x90,0xFF,0x30,0xBC,0x91,0xFE,
  0x35,0x89,0x5A,0xFF,0x3A,0x23,0x00,0x41,0x37,0x2C,0x16,0x17,
  0x35,0x35,0x00,0x18,0x33,0x28,0x00,0x19,0x1C,0x1C,0x00,0x09,
  0x00,0x00,0x00,0x00,0x00,0x00,0x00,0x00,0x00,0x00,0x00,0x00,
  0x00,0x00,0x00,0x00,0x00,0x7F,0x00,0x02,0x00,0x00,0x00,0x00,
  0x33,0x3D,0x00,0xBE,0x3D,0x52,0x00,0xFF,0x40,0x4D,0x00,0xFD,
  0x42,0x6D,0x18,0xFF,0x3A,0xA6,0x58,0xFF,0x3A,0xA3,0x55,0xFF,
  0x37,0xA8,0x5D,0xFF,0x3C,0x98,0x44,0xFF,0x39,0x89,0x34,0xFF,
  0x38,0x85,0x2F,0xFF,0x3C,0x7F,0x26,0xFF,0x37,0x7A,0x21,0xFF,
  0x35,0x77,0x1B,0xFF,0x36,0x75,0x1A,0xFF,0x36,0x81,0x2C,0xFF,
  0x33,0x8F,0x42,0xFF,0x38,0x8A,0x3C,0xFF,0x3C,0x80,0x30,0xFF,
  0x32,0xC5,0x94,0xFF,0x37,0xBC,0x8B,0xFF,0x44,0x82,0x39,0xFF,
  0x41,0x84,0x3F,0xFF,0x37,0xC4,0x9B,0xFF,0x2F,0xCD,0xAB,0xFF,
  0x2E,0xCC,0xA8,0xFF,0x3C,0x93,0x66,0xFF,0x3D,0x73,0x3D,0xFF,
  0x3A,0x78,0x40,0xFF,0x3E,0x8D,0x51,0xFF,0x35,0xAB,0x6D,0xFF,
  0x3A,0xA7,0x69,0xFF,0x3D,0xA9,0x6E,0xFF,0x2E,0xC7,0xA0,0xFF,
  0x2F,0xC5,0x9D,0xFF,0x31,0xCA,0xA5,0xFF,0x39,0xB4,0x7A,0xFF,
  0x37,0xB0,0x66,0xFF,0x37,0xB9,0x6D,0xFF,0x39,0xBA,0x6D,0xFF,
  0x39,0xAD,0x59,0xFF,0x3A,0xA9,0x54,0xFF,0x36,0xAB,0x5A,0xFF,
  0x34,0x9C,0x4B,0xFF,0x39,0x97,0x41,0xFF,0x39,0x97,0x48,0xFF,
  0x3E,0x93,0x3E,0xFF,0x3F,0x8B,0x2B,0xFF,0x3F,0x89,0x28,0xFF,
  0x3D,0x99,0x3B,0xFF,0x35,0xA7,0x51,0xFF,0x39,0xA1,0x4D,0xFF,
  0x37,0x9D,0x4B,0xFF,0x38,0x99,0x49,0xFF,0x3A,0x97,0x4D,0xFF,
  0x3B,0x91,0x45,0xFF,0x3D,0x8A,0x39,0xFF,0x3A,0x90,0x41,0xFF,
  0x3B,0x91,0x40,0xFF,0x3C,0x97,0x40,0xFF,0x3F,0x97,0x3A,0xFF,
  0x3F,0x99,0x3D,0xFE,0x3F,0x9C,0x42,0xFF,0x3A,0x6A,0x35,0xDA,
  0x38,0x3E,0x18,0xC5,0x37,0x33,0x06,0xC5,0x32,0x3A,0x12,0xC5,
  0x30,0x3C,0x12,0xC6,0x2D,0x39,0x10,0xC9,0x2C,0x34,0x11,0xCD,
  0x36,0x29,0x03,0xCB,0x35,0x2C,0x06,0xCE,0x36,0x33,0x0C,0xCA,
  0x38,0x3D,0x14,0xC7,0x34,0x56,0x30,0xC6,0x34,0x4B,0x22,0xC6,
  0x36,0x48,0x1E,0xC6,0x37,0x45,0x1B,0xC6,0x37,0x41,0x13,0xC6,
  0x37,0x3D,0x0E,0xC6,0x3A,0x38,0x0F,0xC7,0x38,0x35,0x0B,0xC8,
  0x36,0x36,0x0C,0xC9,0x39,0x3A,0x0A,0xC8,0x44,0x56,0x12,0xDF,
  0x53,0xBE,0x92,0xFF,0x59,0xD4,0xBB,0xFE,0x63,0xDA,0xC5,0xFF,
  0x49,0xA8,0x6F,0xFF,0x3A,0x84,0x25,0xFF,0x40,0x7B,0x1A,0xFF,
  0x38,0x93,0x33,0xFF,0x33,0x99,0x3B,0xFF,0x39,0x8A,0x2F,0xFF,
  0x34,0x9C,0x51,0xFF,0x2F,0xBA,0x7B,0xFF,0x33,0xB8,0x78,0xFF,
  0x33,0xBE,0x80,0xFF,0x36,0xC3,0x84,0xFF,0x36,0xC2,0x84,0xFF,
  0x35,0xC2,0x87,0xFF,0x33,0xC1,0x8A,0xFF,0x32,0xBD,0x86,0xFF,
  0x34,0xBD,0x86,0xFF,0x35,0xBB,0x87,0xFF,0x33,0xBA,0x87,0xFF,
  0x33,0xB9,0x88,0xFF,0x34,0xB8,0x86,0xFF,0x34,0xB7,0x82,0xFF,
  0x35,0xB4,0x7A,0xFF,0x36,0xB3,0x7A,0xFF,0x36,0xB4,0x7C,0xFF,
  0x34,0xB4,0x7E,0xFF,0x32,0xB3,0x7E,0xFF,0x34,0xB2,0x7B,0xFF,
  0x35,0xB2,0x7C,0xFF,0x36,0xB3,0x7B,0xFF,0x34,0xB6,0x7C,0xFF,
  0x33,0xB9,0x7E,0xFF,0x36,0xBC,0x7F,0xFF,0x38,0xBB,0x7C,0xFF,
  0x37,0xBD,0x78,0xFF,0x34,0xBD,0x7B,0xFF,0x36,0xBE,0x7C,0xFF,
  0x38,0xBF,0x7C,0xFF,0x37,0xBC,0x79,0xFF,0x37,0xB9,0x79,0xFF,
  0x37,0xB8,0x78,0xFF,0x35,0xB5,0x77,0xFF,0x36,0xB2,0x74,0xFF,
  0x33,0xAE,0x77,0xFF,0x30,0xB0,0x80,0xFF,0x2F,0xB0,0x7F,0xFF,
  0x2F,0xB3,0x7E,0xFF,0x32,0xB2,0x7C,0xFF,0x35,0xB2,0x7D,0xFF,
  0x35,0xB6,0x7E,0xFF,0x35,0xB9,0x80,0xFF,0x36,0xBB,0x82,0xFF,
  0x35,0xBD,0x84,0xFF,0x35,0xBF,0x84,0xFF,0x36,0xBF,0x83,0xFF,
  0x37,0xBF,0x82,0xFF,0x39,0xBE,0x82,0xFF,0x39,0xC4,0x8E,0xFF,
  0x38,0xAC,0x6C,0xFF,0x2E,0x6F,0x1E,0xFF,0x2A,0x70,0x25,0xFF,
  0x2B,0x6C,0x22,0xFF,0x2D,0x65,0x1A,0xFF,0x28,0x65,0x1C,0xFF,
  0x29,0x68,0x1C,0xFF,0x25,0x65,0x16,0xFF,0x6D,0x96,0x58,0xFF,
  0x9D,0xBA,0x8D,0xFF,0xB6,0xC3,0xA0,0xFF,0x8C,0xC0,0x96,0xFF,
  0x27,0x8C,0x36,0xFF,0x34,0x99,0x48,0xFF,0x33,0x9C,0x52,0xFF,
  0x32,0x98,0x54,0xFF,0x32,0x9B,0x53,0xFF,0x31,0x9F,0x60,0xFF,
  0x30,0xAC,0x73,0xFF,0x2F,0xB4,0x79,0xFF,0x30,0xB5,0x78,0xFF,
  0x32,0xAF,0x70,0xFF,0x35,0xAD,0x6A,0xFF,0x37,0xAD,0x66,0xFF,
  0x38,0xA9,0x62,0xFF,0x37,0xB7,0x7B,0xFF,0x37,0xBB,0x7E,0xFF,
  0x39,0xB8,0x7E,0xFF,0x3A,0xBA,0x7E,0xFF,0x3A,0xB9,0x7B,0xFF,
  0x39,0xB6,0x76,0xFF,0x35,0xB4,0x77,0xFF,0x34,0xB6,0x81,0xFF,
  0x30,0xB4,0x7F,0xFF,0x32,0xB4,0x82,0xFF,0x32,0xB7,0x86,0xFF,
  0x31,0xB7,0x86,0xFF,0x32,0xB8,0x87,0xFF,0x33,0xB9,0x88,0xFF,
  0x31,0xB9,0x89,0xFF,0x32,0xB8,0x87,0xFF,0x2F,0xB2,0x81,0xFF,
  0x38,0x80,0x3B,0xFF,0x3A,0x79,0x2E,0xFF,0x37,0x84,0x36,0xFF,
  0x3B,0x89,0x3F,0xFF,0x40,0x86,0x33,0xFF,0x40,0x7D,0x22,0xFF,
  0x3D,0x80,0x28,0xFF,0x3E,0x81,0x27,0xFF,0x3E,0x7E,0x22,0xFF,
  0x34,0x9E,0x55,0xFF,0x31,0xB4,0x77,0xFF,0x34,0xB3,0x75,0xFF,
  0x32,0xB2,0x76,0xFF,0x3A,0x97,0x49,0xFF,0x3A,0x97,0x47,0xFF,
  0x37,0x9D,0x50,0xFF,0x3A,0xA2,0x55,0xFF,0x3A,0xA8,0x5E,0xFF,
  0x3F,0x9D,0x49,0xFF,0x42,0x89,0x2B,0xFF,0x3E,0x8F,0x32,0xFF,
  0x3F,0x97,0x3F,0xFF,0x3A,0xC9,0x9A,0xFF,0x3B,0xB3,0x7D,0xFF,
  0x3A,0x85,0x3A,0xFF,0x33,0xA1,0x62,0xFF,0x35,0x93,0x47,0xFF,
  0x36,0x81,0x27,0xFF,0x31,0xB3,0x81,0xFF,0x2A,0xCD,0xAF,0xFF,
  0x2E,0xAD,0x7D,0xFF,0x35,0x94,0x54,0xFF,0x34,0x99,0x57,0xFF,
  0x32,0x98,0x58,0xFF,0x33,0x7B,0x3E,0xFF,0x39,0x6B,0x2F,0xFF,
  0x37,0x6D,0x2E,0xFF,0x34,0x6F,0x34,0xFF,0x36,0x6E,0x36,0xFF,
  0x38,0x99,0x67,0xFF,0x31,0xBC,0x96,0xFF,0x32,0xBF,0x97,0xFF,
  0x33,0x94,0x65,0xFF,0x3C,0x49,0x15,0xCC,0x37,0x49,0x1C,0xC2,
  0x36,0x49,0x19,0xC0,0x34,0x47,0x1D,0xC4,0x26,0x3D,0x20,0x4F,
  0x00,0x00,0x00,0x01,0x55,0x55,0x55,0x03,0x00,0x00,0x00,0x00,
  0x00,0x00,0x00,0x00,0x00,0x01,0x00,0x00,0xFF,0x00,0x00,0x01,
  0x2E,0x57,0x20,0xD2,0x34,0x6B,0x20,0xFF,0x3C,0x5F,0x19,0xFD,
  0x41,0x78,0x29,0xFF,0x3A,0xA3,0x55,0xFF,0x3A,0xA3,0x55,0xFF,
  0x39,0xA6,0x59,0xFF,0x3B,0x9D,0x4D,0xFF,0x34,0xA3,0x5C,0xFF,
  0x35,0xA2,0x5C,0xFF,0x3B,0x93,0x44,0xFF,0x35,0x8D,0x3D,0xFF,
  0x34,0x8B,0x37,0xFF,0x37,0x81,0x2B,0xFF,0x36,0x9F,0x56,0xFF,
  0x34,0xBD,0x86,0xFF,0x38,0xB5,0x7D,0xFF,0x3D,0xB1,0x78,0xFF,
  0x36,0xD2,0xAA,0xFF,0x37,0xCD,0xA5,0xFF,0x3D,0xB4,0x7D,0xFF,
  0x3E,0xB5,0x82,0xFF,0x33,0xCF,0xAC,0xFF,0x2F,0xD0,0xB1,0xFF,
  0x2E,0xD0,0xAE,0xFF,0x36,0xBB,0x94,0xFF,0x36,0xB1,0x84,0xFF,
  0x35,0xB1,0x83,0xFF,0x3A,0xB6,0x85,0xFF,0x35,0xC1,0x8E,0xFF,
  0x39,0xC0,0x8F,0xFF,0x38,0xBF,0x90,0xFF,0x2C,0xCD,0xA9,0xFF,
  0x2D,0xCD,0xA8,0xFF,0x2F,0xCF,0xAE,0xFF,0x36,0xBF,0x89,0xFF,
  0x37,0xBC,0x78,0xFF,0x39,0xC3,0x7E,0xFF,0x39,0xC2,0x80,0xFF,
  0x3A,0xC1,0x79,0xFF,0x3A,0xC0,0x76,0xFF,0x37,0xBB,0x71,0xFF,
  0x35,0xB4,0x6B,0xFF,0x37,0xB2,0x69,0xFF,0x37,0xB0,0x70,0xFF,
  0x3B,0xAC,0x63,0xFF,0x3C,0xA0,0x47,0xFF,0x3E,0xA1,0x4C,0xFF,
  0x38,0xB0,0x62,0xFF,0x33,0xBB,0x77,0xFF,0x39,0xB4,0x72,0xFF,
  0x37,0xB2,0x6F,0xFF,0x38,0xAE,0x6D,0xFF,0x38,0xAE,0x71,0xFF,
  0x38,0xA9,0x6A,0xFF,0x3A,0xA5,0x61,0xFF,0x39,0xAB,0x6A,0xFF,
  0x3A,0xAC,0x6B,0xFF,0x3B,0xB1,0x6A,0xFF,0x3E,0xAF,0x60,0xFF,
  0x3E,0xAF,0x5F,0xFF,0x3B,0xAD,0x5F,0xFF,0x3A,0x9C,0x68,0xFF,
  0x3F,0x84,0x58,0xFF,0x3D,0x7A,0x47,0xFF,0x39,0x7D,0x51,0xFF,
  0x38,0x7E,0x4F,0xFF,0x37,0x7B,0x4F,0xFF,0x34,0x78,0x51,0xFF,
  0x3D,0x64,0x34,0xFF,0x41,0x67,0x38,0xFF,0x41,0x72,0x43,0xFF,
  0x3E,0x7E,0x4E,0xFF,0x3B,0x96,0x6A,0xFF,0x3C,0x8E,0x60,0xFF,
  0x40,0x8C,0x5D,0xFF,0x41,0x8B,0x5A,0xFF,0x40,0x87,0x53,0xFF,
  0x40,0x84,0x50,0xFF,0x40,0x80,0x50,0xFF,0x3F,0x7A,0x49,0xFF,
  0x3B,0x78,0x4A,0xFF,0x41,0x77,0x3B,0xFF,0x4A,0x7F,0x27,0xFF,
  0x3E,0xA0,0x58,0xFF,0x44,0xB2,0x78,0xFF,0x4A,0xB4,0x7D,0xFF,
  0x3D,0xA9,0x65,0xFF,0x37,0xA1,0x49,0xFF,0x3C,0x92,0x39,0xFF,
  0x33,0xAA,0x58,0xFF,0x32,0xAE,0x5D,0xFF,0x37,0xA0,0x53,0xFF,
  0x34,0xA8,0x66,0xFF,0x2F,0xB6,0x75,0xFF,0x35,0xB4,0x72,0xFF,
  0x33,0xBE,0x80,0xFF,0x36,0xC2,0x84,0xFF,0x36,0xC1,0x82,0xFF,
  0x32,0xCA,0x97,0xFF,0x33,0xCE,0xA5,0xFF,0x33,0xCA,0xA0,0xFF,
  0x34,0xCA,0xA0,0xFF,0x33,0xCA,0xA0,0xFF,0x31,0xC9,0x9F,0xFF,
  0x31,0xC8,0x9F,0xFF,0x31,0xC7,0x9E,0xFF,0x31,0xC5,0x9B,0xFF,
  0x31,0xC2,0x93,0xFF,0x33,0xC1,0x91,0xFF,0x33,0xC1,0x92,0xFF,
  0x32,0xBF,0x94,0xFF,0x31,0xBE,0x91,0xFF,0x34,0xBD,0x8E,0xFF,
  0x35,0xBC,0x8D,0xFF,0x34,0xBE,0x8F,0xFF,0x30,0xC5,0x97,0xFF,
  0x32,0xC7,0x9A,0xFF,0x35,0xCA,0x9F,0xFF,0x36,0xC6,0x92,0xFF,
  0x37,0xC2,0x82,0xFF,0x35,0xC3,0x88,0xFF,0x36,0xC4,0x87,0xFF,
  0x39,0xC4,0x87,0xFF,0x38,0xC3,0x89,0xFF,0x37,0xC1,0x8A,0xFF,
  0x37,0xBA,0x7B,0xFF,0x36,0xB6,0x78,0xFF,0x37,0xB1,0x72,0xFF,
  0x33,0xB9,0x8B,0xFF,0x2E,0xC3,0xA3,0xFF,0x2D,0xC1,0x9E,0xFF,
  0x2E,0xC2,0x9B,0xFF,0x30,0xC1,0x98,0xFF,0x33,0xC0,0x98,0xFF,
  0x34,0xC4,0x9A,0xFF,0x35,0xC7,0x9B,0xFF,0x36,0xC8,0x9D,0xFF,
  0x37,0xCA,0x9F,0xFF,0x37,0xCB,0x9F,0xFF,0x38,0xCB,0x9E,0xFF,
  0x39,0xCA,0x9D,0xFF,0x3B,0xCB,0x9D,0xFF,0x3A,0xCE,0xA6,0xFF,
  0x37,0xBF,0x8B,0xFF,0x36,0x9F,0x56,0xFF,0x32,0x9D,0x5B,0xFF,
  0x34,0x97,0x54,0xFF,0x32,0x80,0x38,0xFF,0x30,0x83,0x3D,0xFF,
  0x32,0x8A,0x41,0xFF,0x35,0x87,0x39,0xFF,0x48,0x86,0x32,0xFF,
  0x55,0x90,0x3E,0xFF,0x6D,0x99,0x53,0xFF,0x5C,0xB2,0x77,0xFF,
  0x2B,0xA3,0x5B,0xFF,0x31,0xAD,0x6F,0xFF,0x31,0xB3,0x7C,0xFF,
  0x32,0xAF,0x7D,0xFF,0x30,0xB7,0x82,0xFF,0x2F,0xBF,0x95,0xFF,
  0x30,0xC6,0xA0,0xFF,0x32,0xC8,0x9D,0xFF,0x33,0xC9,0x9D,0xFF,
  0x35,0xC8,0x9C,0xFF,0x38,0xC9,0x99,0xFF,0x39,0xC7,0x94,0xFF,
  0x38,0xC4,0x91,0xFF,0x35,0xCA,0x9B,0xFF,0x36,0xCA,0x9A,0xFF,
  0x36,0xC9,0x9A,0xFF,0x37,0xC9,0x9C,0xFF,0x36,0xC9,0x9A,0xFF,
  0x36,0xC8,0x96,0xFF,0x32,0xC6,0x97,0xFF,0x31,0xC7,0x9E,0xFF,
  0x2E,0xC6,0x9D,0xFF,0x2F,0xC7,0xA1,0xFF,0x30,0xC8,0xA3,0xFF,
  0x30,0xC8,0xA3,0xFF,0x30,0xC9,0xA3,0xFF,0x31,0xCA,0xA6,0xFF,
  0x30,0xCB,0xA8,0xFF,0x30,0xCC,0xA6,0xFF,0x2E,0xC5,0xA0,0xFF,
  0x34,0xA7,0x71,0xFF,0x37,0xA5,0x69,0xFF,0x36,0xAC,0x72,0xFF,
  0x38,0xB1,0x7B,0xFF,0x3B,0xAB,0x6B,0xFF,0x3C,0xA2,0x57,0xFF,
  0x3A,0xA5,0x5E,0xFF,0x3A,0xA5,0x5D,0xFF,0x3A,0xA3,0x59,0xFF,
  0x33,0xB3,0x73,0xFF,0x31,0xC3,0x8D,0xFF,0x36,0xC6,0x93,0xFF,
  0x32,0xC5,0x95,0xFF,0x36,0xB6,0x7C,0xFF,0x36,0xB7,0x7D,0xFF,
  0x37,0xBC,0x85,0xFF,0x39,0xC0,0x8C,0xFF,0x38,0xC6,0x96,0xFF,
  0x3F,0xBC,0x7E,0xFF,0x45,0xA3,0x54,0xFF,0x40,0xA9,0x5E,0xFF,
  0x41,0xB6,0x74,0xFF,0x3C,0xD3,0xAE,0xFF,0x3D,0xC7,0x9D,0xFF,
  0x3D,0xB6,0x7F,0xFF,0x32,0xCB,0xA3,0xFF,0x33,0xB9,0x84,0xFF,
  0x35,0xA9,0x68,0xFF,0x31,0xC2,0x9A,0xFF,0x2A,0xCD,0xAD,0xFF,
  0x2C,0xBF,0x98,0xFF,0x33,0xBA,0x8C,0xFF,0x34,0xBB,0x8D,0xFF,
  0x33,0xBA,0x8C,0xFF,0x33,0xAC,0x7D,0xFF,0x39,0xA6,0x76,0xFF,
  0x39,0xA7,0x75,0xFF,0x36,0xAA,0x7C,0xFF,0x37,0xAC,0x7F,0xFF,
  0x37,0xBC,0x94,0xFF,0x31,0xC5,0xA3,0xFF,0x33,0xC7,0xA2,0xFF,
  0x31,0xB1,0x88,0xFF,0x3E,0x93,0x60,0xFF,0x3D,0x94,0x66,0xFF,
  0x3D,0x91,0x61,0xFF,0x3A,0x96,0x6C,0xFF,0x30,0x6D,0x4E,0x9F,
  0x00,0xFF,0x00,0x01,0x33,0x66,0x66,0x05,0x00,0x00,0x00,0x00,
  0x00,0x00,0x00,0x01,0x00,0x01,0x01,0x00,0x7F,0x00,0x00,0x08,
  0x2B,0x85,0x5D,0xE0,0x29,0xA3,0x71,0xFF,0x33,0x90,0x64,0xFD,
  0x3B,0x92,0x4F,0xFF,0x39,0x9F,0x50,0xFF,0x3B,0xA2,0x54,0xFF,
  0x3C,0xA4,0x54,0xFF,0x3A,0xA3,0x55,0xFF,0x31,0xC0,0x84,0xFF,
  0x33,0xC4,0x92,0xFF,0x38,0xAC,0x6C,0xFF,0x32,0xAB,0x6B,0xFF,
  0x35,0xB0,0x6E,0xFF,0x3A,0x9E,0x54,0xFF,0x36,0xC3,0x85,0xFF,
  0x37,0xE6,0xC3,0xFF,0x3A,0xDC,0xBB,0xFF,0x3F,0xDE,0xBD,0xFF,
  0x38,0xDB,0xBC,0xFF,0x35,0xDA,0xBB,0xFF,0x35,0xDF,0xBB,0xFF,
  0x37,0xDD,0xBF,0xFF,0x2E,0xD6,0xBA,0xFF,0x2F,0xD5,0xB6,0xFF,
  0x2D,0xD5,0xB6,0xFF,0x2F,0xDB,0xBB,0xFF,0x2F,0xE2,0xBF,0xFF,
  0x33,0xDF,0xBE,0xFF,0x36,0xDA,0xBA,0xFF,0x34,0xD8,0xB6,0xFF,
  0x35,0xD7,0xB8,0xFF,0x33,0xD6,0xB6,0xFF,0x2A,0xD5,0xB6,0xFF,
  0x2C,0xD4,0xB5,0xFF,0x2D,0xD6,0xB8,0xFF,0x31,0xCA,0x99,0xFF,
  0x36,0xC7,0x89,0xFF,0x39,0xCB,0x8E,0xFF,0x3A,0xCA,0x8F,0xFF,
  0x3B,0xCD,0x8F,0xFF,0x3B,0xCE,0x8F,0xFF,0x38,0xCD,0x8D,0xFF,
  0x36,0xCC,0x8D,0xFF,0x36,0xC9,0x8D,0xFF,0x36,0xC5,0x92,0xFF,
  0x37,0xC1,0x83,0xFF,0x36,0xB4,0x67,0xFF,0x3C,0xB8,0x71,0xFF,
  0x33,0xBD,0x7F,0xFF,0x33,0xC6,0x91,0xFF,0x38,0xC1,0x8D,0xFF,
  0x36,0xC0,0x8A,0xFF,0x37,0xBE,0x88,0xFF,0x37,0xBD,0x8B,0xFF,
  0x35,0xBB,0x88,0xFF,0x36,0xBB,0x85,0xFF,0x37,0xC1,0x8B,0xFF,
  0x39,0xC2,0x8D,0xFF,0x39,0xC5,0x8C,0xFF,0x39,0xC4,0x83,0xFF,
  0x3B,0xC3,0x7E,0xFF,0x38,0xC0,0x7B,0xFF,0x30,0xCE,0x9E,0xFF,
  0x36,0xD2,0xA9,0xFF,0x34,0xCA,0x9E,0xFF,0x32,0xC8,0xA1,0xFF,
  0x34,0xC5,0x9D,0xFF,0x36,0xC5,0xA0,0xFF,0x30,0xC2,0xA1,0xFF,
  0x36,0xA8,0x73,0xFF,0x40,0xAB,0x77,0xFF,0x40,0xBA,0x8A,0xFF,
  0x37,0xC7,0x9A,0xFF,0x34,0xD5,0xAB,0xFF,0x37,0xD4,0xAA,0xFF,
  0x3C,0xD5,0xAB,0xFF,0x3E,0xD5,0xAA,0xFF,0x3C,0xD3,0xA6,0xFF,
  0x3A,0xD2,0xA6,0xFF,0x37,0xD1,0xA3,0xFF,0x38,0xCA,0x9B,0xFF,
  0x33,0xC4,0x9C,0xFF,0x3A,0xB5,0x77,0xFF,0x40,0xA2,0x49,0xFF,
  0x38,0x9A,0x40,0xFF,0x3B,0xA3,0x51,0xFF,0x3D,0x9C,0x46,0xFF,
  0x37,0xA6,0x58,0xFF,0x38,0xB0,0x62,0xFF,0x39,0xA9,0x5B,0xFF,
  0x2F,0xBF,0x7A,0xFF,0x32,0xC4,0x84,0xFF,0x36,0xBB,0x80,0xFF,
  0x33,0xB6,0x7E,0xFF,0x30,0xAD,0x6A,0xFF,0x35,0xAE,0x69,0xFF,
  0x34,0xBE,0x7F,0xFF,0x35,0xC1,0x84,0xFF,0x35,0xBE,0x7F,0xFF,
  0x2F,0xD2,0xA7,0xFF,0x31,0xDB,0xC0,0xFF,0x33,0xD7,0xB9,0xFF,
  0x33,0xD6,0xBA,0xFF,0x32,0xD6,0xB8,0xFF,0x30,0xD6,0xB6,0xFF,
  0x2F,0xD5,0xB6,0xFF,0x2F,0xD4,0xB7,0xFF,0x2D,0xD3,0xB7,0xFF,
  0x2C,0xD2,0xB2,0xFF,0x2E,0xD0,0xAD,0xFF,0x2F,0xCF,0xAD,0xFF,
  0x2E,0xCC,0xAB,0xFF,0x30,0xC9,0xA6,0xFF,0x32,0xC8,0xA1,0xFF,
  0x33,0xC7,0x9F,0xFF,0x2F,0xC9,0xA4,0xFF,0x2A,0xD5,0xB6,0xFF,
  0x2E,0xD5,0xB9,0xFF,0x31,0xD9,0xC0,0xFF,0x32,0xD1,0xA9,0xFF,
  0x35,0xC7,0x8B,0xFF,0x35,0xCB,0x93,0xFF,0x36,0xCB,0x93,0xFF,
  0x38,0xCA,0x92,0xFF,0x36,0xCE,0x9E,0xFF,0x34,0xCD,0xA2,0xFF,
  0x35,0xBC,0x80,0xFF,0x36,0xB7,0x79,0xFF,0x36,0xB0,0x72,0xFF,
  0x33,0xC5,0xA0,0xFF,0x2D,0xD6,0xC4,0xFF,0x2B,0xD3,0xBE,0xFF,
  0x2C,0xD3,0xBA,0xFF,0x2C,0xD2,0xB9,0xFF,0x2F,0xD1,0xB8,0xFF,
  0x2F,0xD4,0xB8,0xFF,0x32,0xD5,0xBA,0xFF,0x34,0xD5,0xBA,0xFF,
  0x36,0xD6,0xBB,0xFF,0x37,0xD6,0xBC,0xFF,0x38,0xD6,0xBB,0xFF,
  0x38,0xD5,0xBA,0xFF,0x39,0xD6,0xB9,0xFF,0x39,0xD8,0xBC,0xFF,
  0x34,0xD2,0xA9,0xFF,0x3E,0xCE,0x8F,0xFF,0x3E,0xCA,0x91,0xFF,
  0x3E,0xC2,0x88,0xFF,0x38,0x9E,0x5A,0xFF,0x3A,0xA8,0x64,0xFF,
  0x3E,0xB4,0x6E,0xFF,0x3F,0xA4,0x55,0xFF,0x37,0x86,0x24,0xFF,
  0x35,0x88,0x23,0xFF,0x3B,0x8B,0x30,0xFF,0x38,0xAC,0x69,0xFF,
  0x2F,0xAE,0x6F,0xFF,0x2F,0xB8,0x84,0xFF,0x31,0xC2,0x97,0xFF,
  0x34,0xBE,0x99,0xFF,0x30,0xCD,0xA7,0xFF,0x32,0xD8,0xBC,0xFF,
  0x34,0xD9,0xBE,0xFF,0x36,0xDB,0xBB,0xFF,0x35,0xDB,0xBC,0xFF,
  0x38,0xDC,0xBE,0xFF,0x39,0xDC,0xBD,0xFF,0x36,0xDB,0xBB,0xFF,
  0x36,0xDB,0xB9,0xFF,0x32,0xD8,0xB8,0xFF,0x32,0xD7,0xB6,0xFF,
  0x32,0xD7,0xB5,0xFF,0x33,0xD6,0xB6,0xFF,0x31,0xD6,0xB7,0xFF,
  0x31,0xD7,0xB6,0xFF,0x2F,0xD7,0xB5,0xFF,0x2D,0xD5,0xB6,0xFF,
  0x2E,0xD7,0xB7,0xFF,0x2F,0xD7,0xB9,0xFF,0x31,0xD7,0xB9,0xFF,
  0x32,0xD7,0xBA,0xFF,0x32,0xD7,0xBA,0xFF,0x32,0xD7,0xBB,0xFF,
  0x31,0xD7,0xBC,0xFF,0x2F,0xD7,0xB9,0xFF,0x2C,0xD3,0xB7,0xFF,
  0x31,0xD3,0xAE,0xFF,0x35,0xD4,0xAB,0xFF,0x35,0xD3,0xAD,0xFF,
  0x36,0xD5,0xAF,0xFF,0x37,0xD0,0xA4,0xFF,0x39,0xCC,0x98,0xFF,
  0x3A,0xCE,0x9B,0xFF,0x39,0xCD,0x9A,0xFF,0x37,0xCA,0x97,0xFF,
  0x30,0xC8,0x97,0xFF,0x30,0xD3,0xA9,0xFF,0x34,0xD9,0xB3,0xFF,
  0x2F,0xD8,0xB6,0xFF,0x31,0xD8,0xB5,0xFF,0x32,0xD9,0xB6,0xFF,
  0x34,0xD9,0xBA,0xFF,0x36,0xD9,0xBD,0xFF,0x35,0xDC,0xC3,0xFF,
  0x3B,0xD9,0xB8,0xFF,0x41,0xCE,0x9D,0xFF,0x3D,0xD1,0xA6,0xFF,
  0x3F,0xD8,0xB5,0xFF,0x3B,0xDA,0xC0,0xFF,0x3B,0xDA,0xBC,0xFF,
  0x3B,0xDD,0xBB,0xFF,0x34,0xDD,0xC3,0xFF,0x32,0xD6,0xB8,0xFF,
  0x32,0xD3,0xAE,0xFF,0x2F,0xD1,0xB1,0xFF,0x2B,0xCF,0xAE,0xFF,
  0x2D,0xD0,0xAF,0xFF,0x30,0xD3,0xB3,0xFF,0x32,0xD3,0xB3,0xFF,
  0x32,0xD3,0xB2,0xFF,0x33,0xD3,0xB3,0xFF,0x36,0xD7,0xB6,0xFF,
  0x37,0xD7,0xB8,0xFF,0x37,0xD7,0xBB,0xFF,0x36,0xD6,0xBC,0xFF,
  0x33,0xD2,0xB5,0xFF,0x31,0xCF,0xB0,0xFF,0x32,0xD0,0xAF,0xFF,
  0x30,0xD1,0xB3,0xFF,0x31,0xE0,0xBF,0xFF,0x34,0xE3,0xC3,0xFF,
  0x37,0xE0,0xBE,0xFF,0x31,0xED,0xCE,0xFF,0x37,0x8F,0x73,0xD7,
  0x7F,0x7F,0x7F,0x02,0x55,0xAA,0xAA,0x03,0x00,0x00,0x00,0x00,
  0x00,0x00,0x00,0x01,0x00,0xAA,0xAA,0x03,0x46,0x00,0x00,0x12,
  0x2A,0xA4,0x86,0xE6,0x25,0xD0,0xB3,0xFF,0x2A,0xBF,0xAC,0xFD,
  0x32,0xAA,0x74,0xFF,0x39,0x9B,0x49,0xFF,0x3B,0xA2,0x54,0xFF,
  0x3C,0xA4,0x52,0xFF,0x3A,0xA6,0x55,0xFF,0x31,0xC5,0x8A,0xFF,
  0x32,0xCC,0x9D,0xFF,0x37,0xB1,0x74,0xFF,0x31,0xB6,0x7C,0xFF,
  0x34,0xC6,0x91,0xFF,0x3A,0xB4,0x71,0xFF,0x36,0xC9,0x8D,0xFF,
  0x36,0xEB,0xCD,0xFF,0x38,0xE0,0xC8,0xFF,0x3A,0xE3,0xCA,0xFF,
  0x37,0xDC,0xBF,0xFF,0x34,0xDB,0xC0,0xFF,0x31,0xE2,0xC8,0xFF,
  0x30,0xE1,0xCA,0xFF,0x2C,0xD7,0xBE,0xFF,0x2E,0xD7,0xB9,0xFF,
  0x2D,0xD6,0xBA,0xFF,0x2C,0xDD,0xC2,0xFF,0x2E,0xE4,0xC7,0xFF,
  0x31,0xE3,0xC8,0xFF,0x33,0xE0,0xC7,0xFF,0x32,0xDD,0xC3,0xFF,
  0x32,0xDC,0xC3,0xFF,0x2F,0xDB,0xC2,0xFF,0x2A,0xD8,0xBB,0xFF,
  0x2B,0xD6,0xB9,0xFF,0x2C,0xD7,0xBC,0xFF,0x30,0xCC,0x9F,0xFF,
  0x35,0xC8,0x8E,0xFF,0x37,0xCC,0x93,0xFF,0x39,0xCC,0x93,0xFF,
  0x3A,0xCE,0x95,0xFF,0x3A,0xD0,0x96,0xFF,0x38,0xD0,0x95,0xFF,
  0x36,0xD0,0x96,0xFF,0x35,0xCC,0x96,0xFF,0x34,0xC7,0x98,0xFF,
  0x34,0xC2,0x88,0xFF,0x36,0xB6,0x6D,0xFF,0x3B,0xB9,0x74,0xFF,
  0x35,0xBB,0x7E,0xFF,0x34,0xC5,0x93,0xFF,0x37,0xC3,0x90,0xFF,
  0x35,0xC1,0x8E,0xFF,0x36,0xC0,0x8D,0xFF,0x37,0xBF,0x8E,0xFF,
  0x35,0xBE,0x8D,0xFF,0x35,0xBF,0x8D,0xFF,0x36,0xC3,0x8F,0xFF,
  0x38,0xC4,0x91,0xFF,0x38,0xC6,0x90,0xFF,0x38,0xC6,0x89,0xFF,
  0x38,0xC4,0x82,0xFF,0x38,0xC3,0x7E,0xFF,0x2F,0xD6,0xA8,0xFB,
  0x31,0xE1,0xBB,0xF9,0x31,0xDB,0xB3,0xF9,0x2F,0xD7,0xB1,0xF9,
  0x31,0xD5,0xAD,0xF9,0x32,0xD6,0xB1,0xF9,0x2C,0xD1,0xB1,0xF9,
  0x34,0xB9,0x80,0xF9,0x3F,0xBC,0x82,0xF9,0x3D,0xCD,0x9A,0xF9,
  0x33,0xDD,0xB0,0xF9,0x30,0xE0,0xB7,0xF9,0x33,0xE3,0xBA,0xF9,
  0x36,0xE4,0xBC,0xF9,0x37,0xE5,0xBB,0xF9,0x37,0xE5,0xBB,0xF9,
  0x35,0xE4,0xBA,0xF9,0x31,0xE2,0xB6,0xF9,0x33,0xDB,0xAD,0xF9,
  0x2F,0xD6,0xAC,0xF9,0x35,0xB9,0x74,0xF9,0x37,0xA5,0x4D,0xFB,
  0x36,0x9C,0x43,0xFF,0x39,0xA7,0x53,0xFF,0x38,0x9D,0x44,0xFF,
  0x36,0xA5,0x55,0xFF,0x37,0xB0,0x64,0xFF,0x39,0xAE,0x62,0xFF,
  0x32,0xC1,0x80,0xFF,0x31,0xC7,0x8D,0xFF,0x34,0xC0,0x8C,0xFF,
  0x31,0xB9,0x84,0xFF,0x32,0xA8,0x61,0xFF,0x35,0xA9,0x62,0xFF,
  0x33,0xBD,0x7E,0xFF,0x35,0xC1,0x84,0xFF,0x35,0xBD,0x7E,0xFF,
  0x2F,0xD1,0xAA,0xFF,0x30,0xDC,0xC6,0xFF,0x32,0xD9,0xBF,0xFF,
  0x32,0xD8,0xC1,0xFF,0x32,0xD8,0xBF,0xFF,0x31,0xD9,0xBD,0xFF,
  0x30,0xD9,0xBD,0xFF,0x30,0xD7,0xBE,0xFF,0x2E,0xD6,0xBF,0xFF,
  0x2C,0xD5,0xBD,0xFF,0x2D,0xD3,0xB8,0xFF,0x2B,0xD2,0xB6,0xFF,
  0x2D,0xCF,0xB1,0xFF,0x30,0xCB,0xA9,0xFF,0x31,0xCA,0xA6,0xFF,
  0x33,0xC9,0xA1,0xFF,0x30,0xC9,0xA3,0xFF,0x2A,0xD6,0xBC,0xFF,
  0x2D,0xD6,0xBF,0xFF,0x2E,0xD9,0xC7,0xFF,0x2F,0xD1,0xAD,0xFF,
  0x35,0xC7,0x8D,0xFF,0x34,0xCB,0x95,0xFF,0x35,0xCB,0x95,0xFF,
  0x38,0xCA,0x92,0xFF,0x35,0xD0,0xA5,0xFF,0x32,0xD2,0xAD,0xFF,
  0x35,0xBD,0x82,0xFF,0x36,0xB8,0x7A,0xFF,0x36,0xB1,0x73,0xFF,
  0x33,0xC5,0x9F,0xFF,0x2E,0xD5,0xC2,0xFF,0x2B,0xD1,0xBD,0xFF,
  0x2B,0xD2,0xBD,0xFF,0x2B,0xD2,0xBE,0xFF,0x2C,0xD3,0xBF,0xFF,
  0x2D,0xD6,0xC0,0xFF,0x30,0xD7,0xC0,0xFF,0x33,0xD7,0xC0,0xFF,
  0x35,0xD6,0xC1,0xFF,0x36,0xD6,0xC1,0xFF,0x37,0xD6,0xC1,0xFF,
  0x37,0xD5,0xC1,0xFF,0x38,0xD6,0xBF,0xFF,0x37,0xD9,0xC0,0xFF,
  0x33,0xD3,0xAE,0xFF,0x3C,0xD3,0x9A,0xFF,0x3D,0xD1,0x9C,0xFF,
  0x3D,0xC9,0x92,0xFF,0x3A,0xA5,0x63,0xFF,0x3B,0xB1,0x6D,0xFF,
  0x3B,0xBA,0x76,0xFF,0x3B,0xA5,0x55,0xFF,0x34,0x8C,0x26,0xFF,
  0x32,0x8D,0x28,0xFF,0x32,0x90,0x34,0xFF,0x31,0xAD,0x68,0xFF,
  0x30,0xAD,0x6E,0xFF,0x30,0xB8,0x83,0xFF,0x31,0xC3,0x99,0xFF,
  0x34,0xBE,0x9A,0xFF,0x31,0xCF,0xAE,0xFF,0x31,0xDD,0xC5,0xFF,
  0x33,0xDB,0xC3,0xFF,0x36,0xDD,0xC1,0xFF,0x35,0xDC,0xC2,0xFF,
  0x37,0xDD,0xC2,0xFF,0x36,0xDC,0xC2,0xFF,0x33,0xDB,0xC1,0xFF,
  0x31,0xDC,0xC1,0xFF,0x30,0xD9,0xBE,0xFF,0x2F,0xD8,0xBC,0xFF,
  0x30,0xD8,0xBC,0xFF,0x31,0xD7,0xBD,0xFF,0x30,0xD7,0xBE,0xFF,
  0x2F,0xD8,0xBE,0xFF,0x2D,0xD9,0xBD,0xFF,0x2C,0xD7,0xBC,0xFF,
  0x2E,0xDA,0xBD,0xFF,0x30,0xD9,0xBF,0xFF,0x32,0xD9,0xBE,0xFF,
  0x33,0xDA,0xBF,0xFF,0x33,0xDA,0xBF,0xFF,0x33,0xD9,0xC0,0xFF,
  0x31,0xD9,0xBF,0xFF,0x2F,0xD8,0xBC,0xFF,0x2C,0xD6,0xBB,0xFF,
  0x2F,0xDA,0xBC,0xFF,0x32,0xDA,0xBA,0xFF,0x33,0xD9,0xBA,0xFF,
  0x34,0xD8,0xB9,0xFF,0x36,0xD7,0xB1,0xFF,0x39,0xD5,0xAC,0xFF,
  0x39,0xD6,0xAC,0xFF,0x37,0xD5,0xAA,0xFF,0x34,0xD2,0xA8,0xFF,
  0x31,0xCC,0xA0,0xFF,0x30,0xD5,0xB2,0xFF,0x31,0xDC,0xBD,0xFF,
  0x2D,0xDB,0xBE,0xFF,0x2F,0xDE,0xC3,0xFF,0x30,0xDD,0xC4,0xFF,
  0x31,0xDC,0xC5,0xFF,0x34,0xDC,0xC7,0xFF,0x34,0xDD,0xC9,0xFF,
  0x36,0xDE,0xC8,0xFF,0x3A,0xDE,0xC0,0xFF,0x37,0xDF,0xC5,0xFF,
  0x39,0xDF,0xCA,0xFF,0x39,0xDA,0xC3,0xFF,0x38,0xDD,0xC4,0xFF,
  0x37,0xE2,0xC6,0xFF,0x33,0xDC,0xC3,0xFF,0x31,0xDB,0xC4,0xFF,
  0x2F,0xDC,0xC3,0xFF,0x2E,0xD5,0xB8,0xFF,0x2C,0xD2,0xB0,0xFF,
  0x2D,0xD4,0xB6,0xFF,0x2F,0xD6,0xBC,0xFF,0x30,0xD6,0xBC,0xFF,
  0x2F,0xD8,0xBB,0xFF,0x31,0xDA,0xBE,0xFF,0x32,0xDD,0xC3,0xFF,
  0x33,0xDD,0xC5,0xFF,0x34,0xDC,0xC6,0xFF,0x31,0xDA,0xC5,0xFF,
  0x2F,0xD4,0xBB,0xFF,0x30,0xD2,0xB5,0xFF,0x30,0xD4,0xB4,0xFF,
  0x2E,0xD8,0xBC,0xFF,0x2B,0xEB,0xD2,0xFA,0x2E,0xF0,0xD6,0xF9,
  0x32,0xEE,0xD4,0xF7,0x2D,0xFF,0xE5,0xF9,0x35,0x91,0x78,0xE9,
  0x00,0x00,0x00,0x00,0x00,0x02,0x02,0x00,0x7F,0xFF,0xFF,0x02,
  0x00,0x00,0x00,0x00,0x00,0x3F,0x33,0x14,0x2A,0x00,0x00,0x1E,
  0x2B,0xAF,0x93,0xE3,0x26,0xE1,0xCC,0xFF,0x23,0xD7,0xCF,0xFD,
  0x2B,0xB5,0x87,0xFF,0x3B,0x99,0x45,0xFF,0x3B,0xA2,0x53,0xFF,
  0x3C,0xA4,0x52,0xFF,0x3B,0xA5,0x50,0xFF,0x32,0xBD,0x7F,0xFF,
  0x31,0xC5,0x91,0xFF,0x37,0xAB,0x69,0xFF,0x31,0xB3,0x78,0xFF,
  0x32,0xCA,0x9A,0xFF,0x38,0xBD,0x7D,0xFF,0x37,0xBF,0x7F,0xFF,
  0x35,0xDC,0xBC,0xFF,0x35,0xD3,0xB9,0xFF,0x33,0xD4,0xB9,0xFF,
  0x34,0xD7,0xBB,0xFF,0x33,0xD6,0xBA,0xFF,0x30,0xD3,0xB9,0xFF,
  0x2C,0xD3,0xBB,0xFF,0x2B,0xD6,0xBC,0xFF,0x2D,0xD7,0xBA,0xFF,
  0x2E,0xD6,0xBA,0xFF,0x2E,0xD3,0xB9,0xFF,0x30,0xD2,0xB7,0xFF,
  0x30,0xD4,0xB9,0xFF,0x31,0xD7,0xBC,0xFF,0x31,0xD8,0xBD,0xFF,
  0x31,0xD6,0xBD,0xFF,0x2F,0xD6,0xBC,0xFF,0x2B,0xD7,0xBA,0xFF,
  0x2B,0xD5,0xB8,0xFF,0x2D,0xD6,0xBB,0xFF,0x31,0xC9,0x9D,0xFF,
  0x34,0xC5,0x8C,0xFF,0x35,0xCA,0x91,0xFF,0x38,0xCB,0x92,0xFF,
  0x38,0xCB,0x93,0xFF,0x38,0xCC,0x93,0xFF,0x37,0xCB,0x92,0xFF,
  0x35,0xC9,0x90,0xFF,0x34,0xC4,0x8F,0xFF,0x32,0xC0,0x8F,0xFF,
  0x34,0xBB,0x7E,0xFF,0x38,0xB0,0x66,0xFF,0x3A,0xB0,0x65,0xFF,
  0x38,0xB4,0x6E,0xFF,0x34,0xC1,0x8A,0xFF,0x36,0xBF,0x87,0xFF,
  0x35,0xBD,0x86,0xFF,0x35,0xBC,0x86,0xFF,0x36,0xBB,0x86,0xFF,
  0x36,0xBB,0x85,0xFF,0x36,0xBA,0x85,0xFF,0x36,0xBC,0x85,0xFF,
  0x38,0xBE,0x86,0xFF,0x38,0xC0,0x85,0xFF,0x38,0xBE,0x7F,0xFF,
  0x37,0xBD,0x79,0xFF,0x39,0xBD,0x75,0xFF,0x33,0xC4,0x96,0xFF,
  0x30,0xC4,0xA2,0xFF,0x31,0xBF,0x99,0xFF,0x2F,0xBB,0x95,0xFF,
  0x2F,0xBC,0x93,0xFF,0x2E,0xBD,0x96,0xFF,0x2A,0xBA,0x96,0xFF,
  0x36,0xA6,0x6A,0xFF,0x3F,0xA8,0x6A,0xFF,0x3A,0xBA,0x85,0xFF,
  0x31,0xCA,0x9D,0xFF,0x2E,0xC8,0x9F,0xFF,0x30,0xCB,0xA2,0xFF,
  0x30,0xCA,0xA1,0xFF,0x32,0xCA,0xA1,0xFF,0x33,0xCA,0xA1,0xFF,
  0x32,0xC9,0x9E,0xFF,0x2F,0xC6,0x9A,0xFF,0x2F,0xBE,0x92,0xFF,
  0x2D,0xBB,0x90,0xFF,0x33,0x9A,0x53,0xFF,0x35,0x94,0x40,0xFF,
  0x35,0x9F,0x4E,0xFF,0x39,0xB0,0x68,0xFF,0x37,0xA6,0x5A,0xFF,
  0x37,0xA5,0x56,0xFF,0x36,0xAA,0x5B,0xFF,0x3A,0xA9,0x59,0xFF,
  0x36,0xBA,0x75,0xFF,0x30,0xBF,0x84,0xFF,0x31,0xBA,0x84,0xFF,
  0x2F,0xB7,0x7F,0xFF,0x34,0xA6,0x5D,0xFF,0x35,0xA8,0x5F,0xFF,
  0x33,0xBC,0x7C,0xFF,0x35,0xC1,0x83,0xFF,0x35,0xBD,0x7D,0xFF,
  0x30,0xCE,0xA5,0xFF,0x30,0xD8,0xC0,0xFF,0x31,0xD6,0xB9,0xFF,
  0x32,0xD6,0xBC,0xFF,0x33,0xD6,0xBB,0xFF,0x32,0xD7,0xBA,0xFF,
  0x31,0xD7,0xBA,0xFF,0x31,0xD5,0xBA,0xFF,0x30,0xD4,0xBB,0xFF,
  0x2E,0xD3,0xB9,0xFF,0x2D,0xD1,0xB7,0xFF,0x2B,0xD1,0xB4,0xFF,
  0x2D,0xCC,0xAA,0xFF,0x30,0xC7,0xA2,0xFF,0x31,0xC7,0xA0,0xFF,
  0x33,0xC7,0x9B,0xFF,0x32,0xC5,0x99,0xFF,0x2C,0xD1,0xB4,0xFF,
  0x2C,0xD2,0xB7,0xFF,0x2D,0xD3,0xBE,0xFF,0x30,0xCC,0xA6,0xFF,
  0x35,0xC6,0x8B,0xFF,0x33,0xC9,0x92,0xFF,0x34,0xC9,0x90,0xFF,
  0x38,0xC8,0x8C,0xFF,0x35,0xCE,0xA4,0xFF,0x31,0xD1,0xAD,0xFF,
  0x36,0xBE,0x83,0xFF,0x36,0xB9,0x7B,0xFF,0x36,0xB3,0x74,0xFF,
  0x33,0xBD,0x8E,0xFF,0x31,0xC5,0xA4,0xFF,0x2D,0xC5,0xA9,0xFF,
  0x2A,0xCD,0xB3,0xFF,0x2A,0xCD,0xB4,0xFF,0x2B,0xCE,0xB7,0xFF,
  0x2C,0xD2,0xB9,0xFF,0x2F,0xD3,0xB9,0xFF,0x32,0xD3,0xBA,0xFF,
  0x33,0xD2,0xBA,0xFF,0x34,0xD2,0xB9,0xFF,0x35,0xD1,0xB9,0xFF,
  0x36,0xD1,0xBA,0xFF,0x36,0xD1,0xB9,0xFF,0x35,0xD5,0xBA,0xFF,
  0x33,0xCC,0xA5,0xFF,0x38,0xC3,0x8D,0xFF,0x36,0xC5,0x90,0xFF,
  0x37,0xBF,0x87,0xFF,0x3A,0x9F,0x5C,0xFF,0x37,0xAA,0x64,0xFF,
  0x32,0xAF,0x6A,0xFF,0x33,0x99,0x46,0xFF,0x38,0x8F,0x2D,0xFF,
  0x39,0x93,0x36,0xFF,0x3E,0x99,0x45,0xFF,0x39,0xAF,0x6D,0xFF,
  0x31,0xA7,0x65,0xFF,0x32,0xB2,0x78,0xFF,0x31,0xBC,0x90,0xFF,
  0x33,0xB8,0x8F,0xFF,0x32,0xC8,0xA5,0xFF,0x2F,0xD7,0xBD,0xFF,
  0x31,0xD6,0xBB,0xFF,0x34,0xD7,0xBB,0xFF,0x34,0xD6,0xBA,0xFF,
  0x35,0xD5,0xB9,0xFF,0x33,0xD4,0xB8,0xFF,0x31,0xD4,0xB7,0xFF,
  0x2E,0xD4,0xB7,0xFF,0x2E,0xD3,0xB7,0xFF,0x2E,0xD4,0xB6,0xFF,
  0x30,0xD3,0xB6,0xFF,0x30,0xD3,0xB7,0xFF,0x30,0xD3,0xB7,0xFF,
  0x2F,0xD2,0xB7,0xFF,0x2D,0xD3,0xB7,0xFF,0x2C,0xD4,0xB7,0xFF,
  0x2E,0xD5,0xB8,0xFF,0x31,0xD6,0xB9,0xFF,0x33,0xD6,0xB9,0xFF,
  0x33,0xD7,0xB9,0xFF,0x33,0xD7,0xBA,0xFF,0x33,0xD6,0xBA,0xFF,
  0x31,0xD6,0xBA,0xFF,0x2F,0xD5,0xB7,0xFF,0x2E,0xD3,0xB4,0xFF,
  0x2F,0xCF,0xAF,0xFF,0x2F,0xCE,0xAD,0xFF,0x30,0xCF,0xAD,0xFF,
  0x33,0xCE,0xAB,0xFF,0x36,0xCD,0xA4,0xFF,0x3A,0xCC,0xA1,0xFF,
  0x38,0xCC,0xA0,0xFF,0x36,0xCC,0x9E,0xFF,0x33,0xCA,0x9D,0xFF,
  0x33,0xC6,0x97,0xFF,0x31,0xD0,0xAD,0xFF,0x2E,0xD6,0xB8,0xFF,
  0x2D,0xD5,0xB6,0xFF,0x2E,0xD4,0xB7,0xFF,0x2F,0xD4,0xB8,0xFF,
  0x2F,0xD4,0xB9,0xFF,0x32,0xD5,0xBB,0xFF,0x33,0xD5,0xBB,0xFF,
  0x34,0xD6,0xBD,0xFF,0x34,0xD9,0xC0,0xFF,0x34,0xD9,0xC2,0xFF,
  0x35,0xD7,0xBF,0xFF,0x37,0xD8,0xBE,0xFF,0x36,0xD7,0xBD,0xFF,
  0x34,0xD5,0xB8,0xFF,0x32,0xD4,0xB7,0xFF,0x30,0xD4,0xB9,0xFF,
  0x2D,0xD4,0xB8,0xFF,0x2D,0xD4,0xB6,0xFF,0x2D,0xD4,0xB3,0xFF,
  0x2D,0xD2,0xB2,0xFF,0x2F,0xCF,0xB4,0xFF,0x2E,0xD0,0xB4,0xFF,
  0x2D,0xD2,0xB3,0xFF,0x2F,0xD1,0xB2,0xFF,0x2F,0xCF,0xB4,0xFF,
  0x2F,0xCF,0xB5,0xFF,0x31,0xD0,0xB5,0xFF,0x2E,0xCD,0xB5,0xFF,
  0x2E,0xCE,0xB4,0xFF,0x2F,0xD1,0xB4,0xFF,0x2E,0xD3,0xB4,0xFF,
  0x2D,0xD0,0xB3,0xFF,0x2C,0xCD,0xB2,0xFF,0x2C,0xD0,0xB5,0xFF,
  0x2E,0xCE,0xB5,0xFD,0x2B,0xE0,0xC5,0xFF,0x34,0x86,0x70,0xE9,
  0x2D,0x00,0x00,0x27,0x2E,0x17,0x17,0x0B,0x00,0x00,0x00,0x00,
  0x00,0x00,0x00,0x01,0x05,0x2E,0x24,0x31,0x20,0x00,0x00,0x27,
  0x31,0xAD,0x8F,0xDE,0x25,0xDD,0xC7,0xFF,0x20,0xD7,0xCC,0xFD,
  0x2C,0xB4,0x88,0xFF,0x3E,0x97,0x44,0xFF,0x3B,0xA1,0x51,0xFF,
  0x3C,0xA3,0x52,0xFF,0x3C,0xA4,0x4E,0xFF,0x34,0xBE,0x7F,0xFF,
  0x32,0xC6,0x91,0xFF,0x38,0xAB,0x66,0xFF,0x32,0xB3,0x79,0xFF,
  0x30,0xCA,0x9B,0xFF,0x37,0xBE,0x80,0xFF,0x39,0xBD,0x7E,0xFF,
  0x36,0xDB,0xBB,0xFF,0x35,0xD4,0xB9,0xFF,0x33,0xD6,0xB9,0xFF,
  0x32,0xD7,0xBB,0xFF,0x32,0xD6,0xBA,0xFF,0x30,0xD5,0xB9,0xFF,
  0x2C,0xD5,0xBA,0xFF,0x2C,0xD6,0xBB,0xFF,0x2E,0xD6,0xBA,0xFF,
  0x30,0xD6,0xBA,0xFF,0x30,0xD5,0xB9,0xFF,0x31,0xD5,0xB9,0xFF,
  0x30,0xD6,0xBA,0xFF,0x31,0xD8,0xBB,0xFF,0x31,0xD8,0xBB,0xFF,
  0x31,0xD8,0xBC,0xFF,0x30,0xD7,0xBA,0xFF,0x2C,0xD7,0xB9,0xFF,
  0x2D,0xD6,0xB9,0xFF,0x2E,0xD6,0xBB,0xFF,0x33,0xC8,0x9D,0xFF,
  0x35,0xC5,0x8D,0xFF,0x34,0xCB,0x91,0xFF,0x36,0xCB,0x93,0xFF,
  0x37,0xCC,0x94,0xFF,0x37,0xCC,0x94,0xFF,0x37,0xCB,0x93,0xFF,
  0x36,0xC8,0x90,0xFF,0x34,0xC3,0x8F,0xFF,0x32,0xC1,0x8F,0xFF,
  0x34,0xBA,0x7C,0xFF,0x38,0xB2,0x68,0xFF,0x39,0xB2,0x65,0xFF,
  0x38,0xB6,0x6D,0xFF,0x34,0xC2,0x89,0xFF,0x34,0xBF,0x85,0xFF,
  0x34,0xBE,0x85,0xFF,0x33,0xBD,0x86,0xFF,0x34,0xBD,0x86,0xFF,
  0x35,0xBC,0x84,0xFF,0x35,0xBD,0x85,0xFF,0x35,0xBE,0x85,0xFF,
  0x37,0xC0,0x86,0xFF,0x37,0xC3,0x85,0xFF,0x36,0xBD,0x7C,0xFF,
  0x37,0xBD,0x79,0xFF,0x39,0xBC,0x75,0xFF,0x34,0xC5,0x98,0xFF,
  0x30,0xC6,0xA3,0xFF,0x31,0xBF,0x99,0xFF,0x2F,0xBD,0x96,0xFF,
  0x2F,0xBD,0x95,0xFF,0x2D,0xBE,0x98,0xFF,0x2B,0xBC,0x98,0xFF,
  0x39,0xA9,0x6C,0xFF,0x41,0xAA,0x6A,0xFF,0x3C,0xBE,0x88,0xFF,
  0x32,0xCC,0xA0,0xFF,0x2F,0xCA,0xA0,0xFF,0x2F,0xCC,0xA3,0xFF,
  0x30,0xCB,0xA2,0xFF,0x32,0xCB,0xA2,0xFF,0x33,0xCB,0xA1,0xFF,
  0x31,0xCA,0x9F,0xFF,0x2F,0xC6,0x9B,0xFF,0x2E,0xBF,0x94,0xFF,
  0x2C,0xBC,0x92,0xFF,0x35,0x9A,0x55,0xFF,0x35,0x93,0x41,0xFF,
  0x32,0x9C,0x4E,0xFF,0x36,0xAE,0x6B,0xFF,0x36,0xA4,0x5B,0xFF,
  0x36,0xA5,0x55,0xFF,0x36,0xAA,0x59,0xFF,0x3A,0xAA,0x58,0xFF,
  0x36,0xBB,0x73,0xFF,0x30,0xC1,0x83,0xFF,0x2E,0xBB,0x83,0xFF,
  0x2E,0xB7,0x7E,0xFF,0x34,0xA6,0x5B,0xFF,0x34,0xA9,0x5D,0xFF,
  0x34,0xBB,0x7B,0xFF,0x36,0xC0,0x82,0xFF,0x36,0xBD,0x7C,0xFF,
  0x30,0xCD,0xA3,0xFF,0x2F,0xD8,0xBF,0xFF,0x31,0xD7,0xB9,0xFF,
  0x32,0xD7,0xBB,0xFF,0x33,0xD7,0xBB,0xFF,0x32,0xD7,0xBA,0xFF,
  0x33,0xD7,0xBA,0xFF,0x32,0xD5,0xBB,0xFF,0x31,0xD5,0xBA,0xFF,
  0x2F,0xD4,0xB9,0xFF,0x2D,0xD2,0xB8,0xFF,0x2D,0xD3,0xB4,0xFF,
  0x2D,0xCB,0xA6,0xFF,0x2F,0xC7,0xA0,0xFF,0x31,0xC9,0x9F,0xFF,
  0x33,0xC8,0x9C,0xFF,0x33,0xC6,0x98,0xFF,0x2C,0xD2,0xB3,0xFF,
  0x2B,0xD3,0xB7,0xFF,0x2C,0xD5,0xBE,0xFF,0x31,0xCC,0xA3,0xFF,
  0x36,0xC6,0x8A,0xFF,0x33,0xC9,0x91,0xFF,0x34,0xCA,0x90,0xFF,
  0x38,0xC9,0x8D,0xFF,0x35,0xCF,0xA6,0xFF,0x31,0xD0,0xAC,0xFF,
  0x36,0xC0,0x83,0xFF,0x36,0xBA,0x7B,0xFF,0x36,0xB6,0x76,0xFF,
  0x34,0xB6,0x7E,0xFF,0x34,0xB6,0x86,0xFF,0x30,0xC0,0x9C,0xFF,
  0x2B,0xD2,0xB8,0xFF,0x29,0xCF,0xB4,0xFF,0x2A,0xCF,0xB6,0xFF,
  0x2B,0xD3,0xB8,0xFF,0x2E,0xD3,0xB8,0xFF,0x31,0xD3,0xBA,0xFF,
  0x31,0xD3,0xB9,0xFF,0x31,0xD3,0xB7,0xFF,0x33,0xD2,0xB7,0xFF,
  0x34,0xD2,0xB8,0xFF,0x34,0xD2,0xB8,0xFF,0x33,0xD5,0xBA,0xFF,
  0x35,0xCC,0xA4,0xFF,0x3C,0xC4,0x8F,0xFF,0x37,0xC7,0x92,0xFF,
  0x38,0xC1,0x8A,0xFF,0x3C,0xA2,0x5F,0xFF,0x38,0xAB,0x65,0xFF,
  0x33,0xB0,0x6C,0xFF,0x33,0x97,0x44,0xFF,0x37,0x8D,0x2E,0xFF,
  0x38,0x90,0x35,0xFF,0x3C,0x96,0x44,0xFF,0x38,0xAD,0x6C,0xFF,
  0x32,0xA6,0x65,0xFF,0x33,0xB2,0x76,0xFF,0x2F,0xBC,0x90,0xFF,
  0x32,0xBA,0x8E,0xFF,0x32,0xC9,0xA3,0xFF,0x2E,0xD8,0xBD,0xFF,
  0x31,0xD7,0xBA,0xFF,0x33,0xD7,0xBB,0xFF,0x33,0xD7,0xBA,0xFF,
  0x34,0xD6,0xB9,0xFF,0x31,0xD5,0xB8,0xFF,0x2F,0xD6,0xB6,0xFF,
  0x2D,0xD6,0xB6,0xFF,0x2D,0xD4,0xB6,0xFF,0x2E,0xD4,0xB6,0xFF,
  0x2F,0xD4,0xB6,0xFF,0x2F,0xD4,0xB6,0xFF,0x2F,0xD3,0xB6,0xFF,
  0x2F,0xD4,0xB7,0xFF,0x2D,0xD3,0xB6,0xFF,0x2D,0xD5,0xB8,0xFF,
  0x2F,0xD6,0xB8,0xFF,0x32,0xD6,0xB9,0xFF,0x32,0xD6,0xB9,0xFF,
  0x32,0xD7,0xB9,0xFF,0x33,0xD7,0xBA,0xFF,0x33,0xD6,0xBA,0xFF,
  0x32,0xD6,0xBA,0xFF,0x30,0xD5,0xB8,0xFF,0x30,0xD4,0xB6,0xFF,
  0x30,0xD1,0xB2,0xFF,0x2E,0xD0,0xAF,0xFF,0x2F,0xD1,0xAF,0xFF,
  0x34,0xD0,0xAB,0xFF,0x37,0xCE,0xA3,0xFF,0x39,0xCB,0xA0,0xFF,
  0x37,0xCB,0x9F,0xFF,0x35,0xCC,0x9D,0xFF,0x34,0xCA,0x9C,0xFF,
  0x34,0xC4,0x93,0xFF,0x32,0xCF,0xAA,0xFF,0x2D,0xD6,0xB8,0xFF,
  0x2D,0xD5,0xB6,0xFF,0x2E,0xD5,0xB6,0xFF,0x2E,0xD5,0xB8,0xFF,
  0x2F,0xD6,0xB9,0xFF,0x31,0xD7,0xBA,0xFF,0x32,0xD6,0xBA,0xFF,
  0x32,0xD7,0xBB,0xFF,0x32,0xD8,0xBF,0xFF,0x32,0xD8,0xBF,0xFF,
  0x33,0xD7,0xBC,0xFF,0x35,0xD8,0xBC,0xFF,0x34,0xD7,0xBB,0xFF,
  0x33,0xD6,0xB8,0xFF,0x32,0xD5,0xB7,0xFF,0x30,0xD6,0xB8,0xFF,
  0x2C,0xD6,0xB8,0xFF,0x2E,0xD5,0xB7,0xFF,0x2E,0xD4,0xB5,0xFF,
  0x2E,0xD2,0xB3,0xFF,0x2E,0xD1,0xB3,0xFF,0x2D,0xD2,0xB4,0xFF,
  0x2C,0xD3,0xB3,0xFF,0x2D,0xD3,0xB2,0xFF,0x2D,0xD2,0xB5,0xFF,
  0x2F,0xD2,0xB6,0xFF,0x30,0xD2,0xB6,0xFF,0x2E,0xD0,0xB5,0xFF,
  0x2E,0xCF,0xB4,0xFF,0x2E,0xD1,0xB3,0xFF,0x2D,0xD2,0xB4,0xFF,
  0x2C,0xD0,0xB2,0xFF,0x2C,0xCE,0xB1,0xFF,0x2B,0xD0,0xB4,0xFF,
  0x2E,0xCD,0xB3,0xFE,0x2C,0xDE,0xC4,0xFF,0x39,0x86,0x6F,0xF7,
  0x38,0x18,0x0D,0xBD,0x2B,0x14,0x0F,0x87,0x00,0x00,0x00,0x00,
  0x00,0x01,0x01,0x00,0x06,0x3C,0x30,0x2A,0x2F,0x09,0x09,0x1B,
  0x35,0xAC,0x8A,0xDB,0x25,0xD6,0xBA,0xFF,0x20,0xD0,0xBE,0xFD,
  0x30,0xB0,0x84,0xFF,0x3F,0x97,0x45,0xFF,0x39,0xA0,0x52,0xFF,
  0x3B,0xA3,0x53,0xFF,0x3B,0xA5,0x4F,0xFF,0x33,0xC0,0x84,0xFF,
  0x34,0xC7,0x92,0xFF,0x38,0xAC,0x64,0xFF,0x32,0xB6,0x7B,0xFF,
  0x30,0xC9,0x98,0xFF,0x37,0xBE,0x7F,0xFF,0x3A,0xBF,0x80,0xFF,
  0x35,0xDC,0xBD,0xFF,0x35,0xD7,0xBB,0xFF,0x34,0xD8,0xBB,0xFF,
  0x32,0xD7,0xBA,0xFF,0x31,0xD7,0xBA,0xFF,0x30,0xD7,0xBA,0xFF,
  0x2E,0xD7,0xBB,0xFF,0x2E,0xD6,0xBB,0xFF,0x2E,0xD6,0xBA,0xFF,
  0x30,0xD6,0xBA,0xFF,0x31,0xD7,0xBB,0xFF,0x31,0xD9,0xBD,0xFF,
  0x30,0xDA,0xBC,0xFF,0x31,0xDA,0xBC,0xFF,0x31,0xD9,0xBA,0xFF,
  0x31,0xD9,0xBB,0xFF,0x30,0xD8,0xBA,0xFF,0x2D,0xD7,0xB9,0xFF,
  0x2E,0xD6,0xB9,0xFF,0x2F,0xD8,0xBC,0xFF,0x34,0xC7,0x9A,0xFF,
  0x35,0xC2,0x88,0xFF,0x33,0xCA,0x8E,0xFF,0x34,0xCA,0x90,0xFF,
  0x36,0xCB,0x91,0xFF,0x36,0xCB,0x91,0xFF,0x37,0xCA,0x90,0xFF,
  0x36,0xC7,0x8F,0xFF,0x34,0xC2,0x8E,0xFF,0x32,0xC0,0x8C,0xFF,
  0x34,0xB9,0x77,0xFF,0x38,0xB3,0x67,0xFF,0x39,0xB3,0x64,0xFF,
  0x36,0xB8,0x6E,0xFF,0x32,0xC3,0x89,0xFF,0x32,0xC0,0x84,0xFF,
  0x33,0xBF,0x84,0xFF,0x33,0xBE,0x84,0xFF,0x34,0xBE,0x85,0xFF,
  0x35,0xBF,0x85,0xFF,0x35,0xBE,0x84,0xFF,0x35,0xC0,0x86,0xFF,
  0x36,0xC2,0x87,0xFF,0x37,0xC4,0x86,0xFF,0x36,0xBD,0x7C,0xFF,
  0x37,0xBD,0x7A,0xFF,0x37,0xBC,0x76,0xFF,0x32,0xC7,0x9B,0xFF,
  0x30,0xC9,0xA6,0xFF,0x2F,0xC2,0x9A,0xFF,0x2F,0xC2,0x99,0xFF,
  0x2E,0xC1,0x98,0xFF,0x2D,0xC2,0x9B,0xFF,0x2C,0xC1,0x9C,0xFF,
  0x3C,0xAC,0x6D,0xFF,0x42,0xAD,0x6B,0xFF,0x3D,0xC2,0x8C,0xFF,
  0x32,0xCE,0xA4,0xFF,0x30,0xCE,0xA4,0xFF,0x2F,0xD0,0xA6,0xFF,
  0x30,0xCE,0xA4,0xFF,0x33,0xCE,0xA4,0xFF,0x32,0xCD,0xA2,0xFF,
  0x31,0xCC,0xA3,0xFF,0x30,0xCA,0x9E,0xFF,0x2E,0xC2,0x96,0xFF,
  0x2C,0xC0,0x97,0xFF,0x38,0x9C,0x58,0xFF,0x36,0x93,0x40,0xFF,
  0x30,0x97,0x48,0xFF,0x34,0xAC,0x6A,0xFF,0x37,0xA0,0x57,0xFF,
  0x36,0xA4,0x52,0xFF,0x36,0xAB,0x59,0xFF,0x38,0xAA,0x57,0xFF,
  0x33,0xBC,0x72,0xFF,0x2E,0xC2,0x82,0xFF,0x2C,0xBC,0x80,0xFF,
  0x2C,0xB7,0x7E,0xFF,0x32,0xA7,0x5B,0xFF,0x32,0xA9,0x5D,0xFF,
  0x34,0xBA,0x79,0xFF,0x35,0xBF,0x82,0xFF,0x36,0xBE,0x7B,0xFF,
  0x30,0xCD,0xA2,0xFF,0x2F,0xD9,0xBF,0xFF,0x31,0xD8,0xB9,0xFF,
  0x32,0xD8,0xBB,0xFF,0x33,0xD9,0xBA,0xFF,0x32,0xD8,0xB9,0xFF,
  0x33,0xD8,0xBA,0xFF,0x32,0xD6,0xBB,0xFF,0x31,0xD6,0xBA,0xFF,
  0x2F,0xD5,0xB9,0xFF,0x2F,0xD4,0xB8,0xFF,0x2F,0xD1,0xAE,0xFF,
  0x2F,0xCD,0xA7,0xFF,0x2F,0xCC,0xA6,0xFF,0x31,0xCA,0x9E,0xFF,
  0x33,0xCA,0x9C,0xFF,0x33,0xC9,0x99,0xFF,0x2C,0xD4,0xB4,0xFF,
  0x2A,0xD6,0xB8,0xFF,0x2C,0xD8,0xBF,0xFF,0x32,0xCE,0xA3,0xFF,
  0x37,0xC6,0x88,0xFF,0x33,0xCB,0x91,0xFF,0x34,0xCA,0x90,0xFF,
  0x38,0xCA,0x8F,0xFF,0x35,0xD1,0xAA,0xFF,0x32,0xD0,0xAA,0xFF,
  0x36,0xC0,0x82,0xFF,0x36,0xBC,0x7B,0xFF,0x36,0xB8,0x78,0xFF,
  0x36,0xB4,0x77,0xFF,0x37,0xB0,0x77,0xFF,0x32,0xC1,0x9A,0xFF,
  0x2A,0xD5,0xBC,0xFF,0x29,0xD1,0xB6,0xFF,0x2B,0xD3,0xBA,0xFF,
  0x2B,0xD5,0xBA,0xFF,0x2E,0xD4,0xB9,0xFF,0x2F,0xD4,0xBA,0xFF,
  0x2F,0xD4,0xB9,0xFF,0x2F,0xD4,0xB8,0xFF,0x31,0xD4,0xB8,0xFF,
  0x32,0xD3,0xBA,0xFF,0x32,0xD3,0xB8,0xFF,0x32,0xD6,0xBA,0xFF,
  0x36,0xCE,0xA5,0xFF,0x3E,0xC6,0x90,0xFF,0x38,0xC9,0x92,0xFF,
  0x39,0xC3,0x8B,0xFF,0x3B,0xA2,0x5D,0xFF,0x37,0xAC,0x64,0xFF,
  0x33,0xB1,0x6C,0xFF,0x34,0x95,0x41,0xFF,0x35,0x8A,0x2C,0xFF,
  0x34,0x8C,0x31,0xFF,0x38,0x91,0x3F,0xFF,0x35,0xAC,0x6B,0xFF,
  0x31,0xA6,0x66,0xFF,0x33,0xB2,0x77,0xFF,0x2D,0xBE,0x92,0xFF,
  0x30,0xBC,0x8F,0xFF,0x30,0xCC,0xA5,0xFF,0x2E,0xD9,0xBE,0xFF,
  0x31,0xD8,0xBB,0xFF,0x33,0xD8,0xBB,0xFF,0x33,0xD8,0xBB,0xFF,
  0x32,0xD8,0xBA,0xFF,0x31,0xD8,0xB9,0xFF,0x2E,0xD7,0xB7,0xFF,
  0x2D,0xD7,0xB7,0xFF,0x2D,0xD5,0xB6,0xFF,0x2E,0xD5,0xB6,0xFF,
  0x2F,0xD5,0xB6,0xFF,0x2F,0xD5,0xB6,0xFF,0x2F,0xD4,0xB6,0xFF,
  0x2F,0xD5,0xB6,0xFF,0x2E,0xD4,0xB5,0xFF,0x2E,0xD4,0xB6,0xFF,
  0x2F,0xD6,0xB8,0xFF,0x32,0xD7,0xB9,0xFF,0x32,0xD7,0xB9,0xFF,
  0x32,0xD8,0xB9,0xFF,0x33,0xD8,0xBA,0xFF,0x33,0xD7,0xBA,0xFF,
  0x32,0xD7,0xBA,0xFF,0x31,0xD6,0xB9,0xFF,0x30,0xD5,0xB7,0xFF,
  0x30,0xD5,0xB5,0xFF,0x2F,0xD4,0xB3,0xFF,0x2F,0xD4,0xB2,0xFF,
  0x34,0xD1,0xAB,0xFF,0x37,0xCC,0xA0,0xFF,0x37,0xC8,0x9B,0xFF,
  0x37,0xCA,0x9C,0xFF,0x35,0xCB,0x9A,0xFF,0x34,0xC9,0x99,0xFF,
  0x36,0xC4,0x8F,0xFF,0x33,0xCF,0xA7,0xFF,0x2D,0xD7,0xB8,0xFF,
  0x2D,0xD6,0xB6,0xFF,0x2E,0xD7,0xB7,0xFF,0x2E,0xD7,0xB9,0xFF,
  0x30,0xD8,0xBA,0xFF,0x31,0xD8,0xBA,0xFF,0x32,0xD8,0xBB,0xFF,
  0x32,0xD8,0xB9,0xFF,0x32,0xD7,0xBA,0xFF,0x32,0xD8,0xBA,0xFF,
  0x33,0xD8,0xBA,0xFF,0x33,0xD8,0xBA,0xFF,0x34,0xD8,0xBB,0xFF,
  0x33,0xD7,0xB9,0xFF,0x32,0xD8,0xBA,0xFF,0x30,0xD9,0xBB,0xFF,
  0x2E,0xD9,0xB8,0xFF,0x2E,0xD6,0xB7,0xFF,0x2E,0xD4,0xB6,0xFF,
  0x2E,0xD3,0xB5,0xFF,0x2E,0xD4,0xB5,0xFF,0x2D,0xD4,0xB5,0xFF,
  0x2C,0xD4,0xB4,0xFF,0x2B,0xD6,0xB4,0xFF,0x2D,0xD5,0xB8,0xFF,
  0x2F,0xD5,0xBA,0xFF,0x30,0xD6,0xB8,0xFF,0x2F,0xD4,0xB7,0xFF,
  0x2F,0xD0,0xB5,0xFF,0x2E,0xD1,0xB5,0xFF,0x2D,0xD1,0xB3,0xFF,
  0x2C,0xD1,0xB2,0xFF,0x2B,0xD3,0xB4,0xFF,0x2A,0xD3,0xB7,0xFF,
  0x2D,0xD2,0xB6,0xFF,0x2B,0xDD,0xC3,0xFF,0x3C,0x9D,0x86,0xFF,
  0x40,0x54,0x44,0xFF,0x30,0x50,0x47,0xE8,0x2B,0x59,0x51,0x58,
  0xFF,0xFF,0xFF,0x01,0x00,0xB9,0xB9,0x0B,0x6A,0x3F,0x3F,0x0C,
  0x35,0xB0,0x8F,0xDD,0x25,0xD8,0xBB,0xFF,0x20,0xD3,0xBF,0xFD,
  0x32,0xB2,0x86,0xFF,0x3F,0x97,0x44,0xFF,0x37,0xA0,0x52,0xFF,
  0x39,0xA3,0x54,0xFF,0x39,0xA5,0x51,0xFF,0x31,0xC3,0x89,0xFF,
  0x36,0xC6,0x8F,0xFF,0x37,0xAC,0x62,0xFF,0x31,0xBD,0x81,0xFF,
  0x2F,0xCD,0x9C,0xFF,0x36,0xC2,0x83,0xFF,0x38,0xC1,0x81,0xFF,
  0x33,0xDD,0xBE,0xFF,0x33,0xD7,0xBC,0xFF,0x32,0xD7,0xBA,0xFF,
  0x31,0xD7,0xB9,0xFF,0x30,0xD6,0xB9,0xFF,0x2F,0xD6,0xBA,0xFF,
  0x2E,0xD6,0xBA,0xFF,0x2E,0xD6,0xBA,0xFF,0x2E,0xD6,0xBA,0xFF,
  0x30,0xD6,0xBA,0xFF,0x31,0xD6,0xBC,0xFF,0x31,0xD7,0xBD,0xFF,
  0x30,0xD9,0xBD,0xFF,0x30,0xD9,0xBD,0xFF,0x30,0xDA,0xBB,0xFF,
  0x30,0xD8,0xBA,0xFF,0x2F,0xD8,0xBA,0xFF,0x2E,0xD8,0xB8,0xFF,
  0x2F,0xD6,0xB8,0xFF,0x2F,0xD9,0xBD,0xFF,0x34,0xC5,0x97,0xFF,
  0x34,0xBE,0x84,0xFF,0x31,0xC7,0x8C,0xFF,0x32,0xC8,0x8D,0xFF,
  0x34,0xC7,0x8E,0xFF,0x34,0xC8,0x8E,0xFF,0x36,0xC7,0x8E,0xFF,
  0x34,0xC5,0x8C,0xFF,0x32,0xC0,0x8B,0xFF,0x30,0xBD,0x87,0xFF,
  0x33,0xB5,0x73,0xFF,0x36,0xB2,0x68,0xFF,0x37,0xB2,0x63,0xFF,
  0x35,0xB8,0x6E,0xFF,0x31,0xC3,0x88,0xFF,0x30,0xBF,0x83,0xFF,
  0x32,0xBF,0x82,0xFF,0x33,0xBE,0x82,0xFF,0x35,0xBE,0x85,0xFF,
  0x36,0xC0,0x85,0xFF,0x35,0xBD,0x83,0xFF,0x35,0xC0,0x85,0xFF,
  0x36,0xC2,0x85,0xFF,0x37,0xC1,0x83,0xFF,0x37,0xBE,0x7C,0xFF,
  0x36,0xBC,0x78,0xFF,0x37,0xBB,0x75,0xFF,0x30,0xC6,0x9B,0xFF,
  0x2E,0xC7,0xA5,0xFF,0x2D,0xC1,0x99,0xFF,0x2D,0xC2,0x9A,0xFF,
  0x2C,0xC1,0x98,0xFF,0x2C,0xC3,0x9B,0xFF,0x2C,0xC4,0x9C,0xFF,
  0x3C,0xAE,0x6D,0xFF,0x40,0xAF,0x6B,0xFF,0x3C,0xC4,0x8E,0xFF,
  0x31,0xCE,0xA4,0xFF,0x2E,0xCD,0xA3,0xFF,0x2D,0xCF,0xA4,0xFF,
  0x2F,0xCE,0xA3,0xFF,0x31,0xCC,0xA2,0xFF,0x2F,0xCC,0xA1,0xFF,
  0x30,0xCC,0xA4,0xFF,0x30,0xC9,0x9C,0xFF,0x2D,0xC1,0x93,0xFF,
  0x2B,0xC0,0x97,0xFF,0x37,0x99,0x54,0xFF,0x34,0x91,0x3D,0xFF,
  0x31,0x95,0x45,0xFF,0x33,0xAF,0x6D,0xFF,0x38,0xA0,0x56,0xFF,
  0x35,0xA3,0x52,0xFF,0x34,0xAB,0x5A,0xFF,0x37,0xA9,0x56,0xFF,
  0x30,0xBB,0x72,0xFF,0x2A,0xC1,0x81,0xFF,0x2B,0xBB,0x7F,0xFF,
  0x2B,0xB8,0x7D,0xFF,0x32,0xA7,0x5B,0xFF,0x31,0xA8,0x5D,0xFF,
  0x32,0xB9,0x78,0xFF,0x33,0xC0,0x81,0xFF,0x36,0xBE,0x7B,0xFF,
  0x30,0xCE,0xA3,0xFF,0x2F,0xDA,0xC0,0xFF,0x32,0xD9,0xBA,0xFF,
  0x33,0xD9,0xBB,0xFF,0x33,0xD9,0xBA,0xFF,0x32,0xD9,0xB9,0xFF,
  0x33,0xD9,0xBA,0xFF,0x33,0xD7,0xBA,0xFF,0x31,0xD6,0xB9,0xFF,
  0x31,0xD6,0xB8,0xFF,0x30,0xD6,0xB9,0xFF,0x30,0xCC,0xA7,0xFF,
  0x30,0xD1,0xAE,0xFF,0x2F,0xD4,0xB2,0xFF,0x32,0xCA,0x9E,0xFF,
  0x34,0xCA,0x9B,0xFF,0x33,0xC9,0x98,0xFF,0x2C,0xD4,0xB5,0xFF,
  0x2A,0xD6,0xB9,0xFF,0x2A,0xD8,0xBF,0xFF,0x32,0xCE,0xA3,0xFF,
  0x37,0xC5,0x87,0xFF,0x32,0xCB,0x90,0xFF,0x34,0xCA,0x90,0xFF,
  0x38,0xCA,0x92,0xFF,0x34,0xD4,0xAF,0xFF,0x34,0xD0,0xA8,0xFF,
  0x38,0xC0,0x82,0xFF,0x35,0xBD,0x7D,0xFF,0x36,0xBA,0x79,0xFF,
  0x37,0xB5,0x7A,0xFF,0x36,0xB2,0x77,0xFF,0x31,0xC5,0x9D,0xFF,
  0x28,0xD3,0xBC,0xFF,0x2A,0xD1,0xB7,0xFF,0x2D,0xD5,0xBA,0xFF,
  0x2B,0xD5,0xBB,0xFF,0x2D,0xD4,0xBA,0xFF,0x2E,0xD4,0xBA,0xFF,
  0x2D,0xD3,0xB8,0xFF,0x2F,0xD3,0xB8,0xFF,0x30,0xD3,0xB9,0xFF,
  0x32,0xD3,0xBB,0xFF,0x32,0xD3,0xB9,0xFF,0x31,0xD7,0xBA,0xFF,
  0x35,0xCE,0xA5,0xFF,0x3B,0xC6,0x90,0xFF,0x35,0xC9,0x91,0xFF,
  0x37,0xC2,0x89,0xFF,0x39,0xA2,0x5C,0xFF,0x35,0xAD,0x64,0xFF,
  0x30,0xB1,0x6B,0xFF,0x32,0x92,0x3E,0xFF,0x34,0x8A,0x2F,0xFF,
  0x31,0x8B,0x31,0xFF,0x35,0x90,0x3F,0xFF,0x32,0xAE,0x6E,0xFF,
  0x2F,0xA6,0x66,0xFF,0x31,0xB2,0x79,0xFF,0x2C,0xBF,0x94,0xFF,
  0x2F,0xBC,0x90,0xFF,0x2F,0xCC,0xA7,0xFF,0x2E,0xD9,0xBE,0xFF,
  0x30,0xD8,0xBA,0xFF,0x33,0xD8,0xBA,0xFF,0x32,0xD8,0xBA,0xFF,
  0x31,0xD8,0xBA,0xFF,0x30,0xD8,0xB8,0xFF,0x2E,0xD6,0xB7,0xFF,
  0x2D,0xD5,0xB6,0xFF,0x2C,0xD5,0xB5,0xFF,0x2D,0xD5,0xB5,0xFF,
  0x2E,0xD5,0xB6,0xFF,0x2E,0xD5,0xB6,0xFF,0x2E,0xD4,0xB6,0xFF,
  0x2F,0xD4,0xB5,0xFF,0x2F,0xD3,0xB4,0xFF,0x2E,0xD0,0xB1,0xFF,
  0x2F,0xD4,0xB6,0xFF,0x31,0xD6,0xB9,0xFF,0x32,0xD7,0xB9,0xFF,
  0x32,0xD8,0xB8,0xFF,0x32,0xD8,0xB9,0xFF,0x32,0xD8,0xBA,0xFF,
  0x32,0xD7,0xBA,0xFF,0x31,0xD7,0xB9,0xFF,0x30,0xD6,0xB7,0xFF,
  0x2F,0xD5,0xB5,0xFF,0x30,0xD6,0xB5,0xFF,0x31,0xD6,0xB3,0xFF,
  0x33,0xCE,0xA8,0xFF,0x35,0xC8,0x9D,0xFF,0x35,0xC5,0x98,0xFF,
  0x36,0xC8,0x99,0xFF,0x34,0xC9,0x98,0xFF,0x33,0xC8,0x98,0xFF,
  0x37,0xC4,0x8E,0xFF,0x33,0xCE,0xA4,0xFF,0x2B,0xD7,0xB8,0xFF,
  0x2D,0xD6,0xB6,0xFF,0x2E,0xD6,0xB8,0xFF,0x2E,0xD7,0xB8,0xFF,
  0x2F,0xD7,0xB9,0xFF,0x31,0xD7,0xB9,0xFF,0x31,0xD8,0xB9,0xFF,
  0x31,0xD8,0xB9,0xFF,0x31,0xD8,0xBA,0xFF,0x31,0xD9,0xBA,0xFF,
  0x31,0xD7,0xB9,0xFF,0x32,0xD7,0xBA,0xFF,0x33,0xD7,0xBA,0xFF,
  0x31,0xD6,0xB9,0xFF,0x30,0xD7,0xBB,0xFF,0x32,0xDA,0xBC,0xFF,
  0x31,0xD9,0xB8,0xFF,0x2E,0xD7,0xB7,0xFF,0x2F,0xD5,0xB7,0xFF,
  0x2F,0xD3,0xB7,0xFF,0x2D,0xD3,0xB5,0xFF,0x2D,0xD4,0xB4,0xFF,
  0x2A,0xD5,0xB3,0xFF,0x2A,0xD6,0xB5,0xFF,0x2C,0xD5,0xB8,0xFF,
  0x2E,0xD5,0xBA,0xFF,0x2F,0xD5,0xB8,0xFF,0x30,0xD4,0xB7,0xFF,
  0x30,0xD1,0xB6,0xFF,0x2F,0xD2,0xB6,0xFF,0x2D,0xD0,0xB3,0xFF,
  0x2B,0xD0,0xB1,0xFF,0x28,0xD1,0xB3,0xFF,0x27,0xD2,0xB7,0xFF,
  0x2B,0xD2,0xB6,0xFF,0x29,0xD7,0xBA,0xFF,0x38,0xC2,0xAA,0xFF,
  0x3D,0xAF,0x9C,0xFF,0x37,0xAA,0x9D,0xFF,0x38,0x71,0x65,0xE7,
  0x00,0x00,0x00,0x00,0x00,0x00,0x00,0x02,0xFF,0x00,0x00,0x03,
  0x34,0xAD,0x8D,0xDA,0x25,0xD9,0xBC,0xFF,0x21,0xD3,0xBE,0xFD,
  0x33,0xAF,0x80,0xFF,0x44,0x8E,0x34,0xFF,0x3B,0x9A,0x43,0xFF,
  0x3B,0x9B,0x43,0xFF,0x3B,0x9E,0x42,0xFF,0x32,0xC4,0x8A,0xFF,
  0x35,0xBD,0x7F,0xFF,0x37,0xA3,0x54,0xFF,0x30,0xBB,0x7F,0xFF,
  0x2F,0xCD,0x9E,0xFF,0x36,0xBF,0x80,0xFF,0x37,0xBF,0x7C,0xFF,
  0x31,0xDD,0xBE,0xFF,0x33,0xD7,0xBC,0xFF,0x31,0xD7,0xBA,0xFF,
  0x30,0xD7,0xB9,0xFF,0x30,0xD5,0xB9,0xFF,0x2F,0xD6,0xBA,0xFF,
  0x2E,0xD5,0xBA,0xFF,0x2E,0xD6,0xBA,0xFF,0x2E,0xD6,0xB9,0xFF,
  0x30,0xD6,0xBA,0xFF,0x31,0xD6,0xBC,0xFF,0x31,0xD7,0xBD,0xFF,
  0x30,0xD9,0xBE,0xFF,0x31,0xD9,0xBD,0xFF,0x30,0xDA,0xBC,0xFF,
  0x30,0xD8,0xBA,0xFF,0x2F,0xD8,0xB9,0xFF,0x2E,0xD8,0xB8,0xFF,
  0x30,0xD6,0xB8,0xFF,0x2F,0xD9,0xBC,0xFF,0x34,0xC7,0x9B,0xFF,
  0x34,0xC0,0x88,0xFF,0x30,0xC4,0x8E,0xFF,0x31,0xC5,0x8E,0xFF,
  0x32,0xC4,0x8E,0xFF,0x33,0xC5,0x8D,0xFF,0x33,0xC4,0x8D,0xFF,
  0x33,0xC2,0x8C,0xFF,0x32,0xBF,0x8B,0xFF,0x30,0xBA,0x84,0xFF,
  0x32,0xB2,0x72,0xFF,0x35,0xB0,0x6A,0xFF,0x36,0xB0,0x63,0xFF,
  0x35,0xB6,0x6F,0xFF,0x2E,0xC2,0x88,0xFF,0x30,0xC0,0x85,0xFF,
  0x32,0xBF,0x84,0xFF,0x33,0xBE,0x84,0xFF,0x36,0xBD,0x83,0xFF,
  0x38,0xBC,0x7F,0xFF,0x37,0xBC,0x82,0xFF,0x36,0xBE,0x83,0xFF,
  0x36,0xBE,0x81,0xFF,0x38,0xBD,0x7F,0xFF,0x38,0xB9,0x77,0xFF,
  0x38,0xB7,0x73,0xFF,0x39,0xB7,0x71,0xFF,0x2F,0xC3,0x98,0xFF,
  0x2C,0xC5,0xA3,0xFF,0x2C,0xC1,0x99,0xFF,0x2C,0xC2,0x9B,0xFF,
  0x2B,0xC2,0x9A,0xFF,0x2D,0xC4,0x9C,0xFF,0x2C,0xC5,0x9C,0xFF,
  0x3C,0xB1,0x73,0xFF,0x3F,0xB2,0x71,0xFF,0x39,0xC4,0x90,0xFF,
  0x2F,0xCC,0xA3,0xFF,0x2E,0xCC,0xA2,0xFF,0x2D,0xCC,0xA3,0xFF,
  0x2F,0xCB,0xA2,0xFF,0x2F,0xCB,0xA2,0xFF,0x2F,0xCB,0xA2,0xFF,
  0x30,0xCD,0xA6,0xFF,0x30,0xC5,0x98,0xFF,0x2E,0xBD,0x8F,0xFF,
  0x2B,0xC0,0x94,0xFF,0x36,0x9A,0x53,0xFF,0x34,0x8D,0x37,0xFF,
  0x33,0x93,0x3F,0xFF,0x32,0xB0,0x6E,0xFF,0x36,0x9B,0x50,0xFF,
  0x34,0x9F,0x50,0xFF,0x33,0xA7,0x58,0xFF,0x36,0xA5,0x53,0xFF,
  0x2D,0xB8,0x74,0xFF,0x2A,0xC1,0x84,0xFF,0x2D,0xBB,0x81,0xFF,
  0x2D,0xB4,0x78,0xFF,0x32,0xA1,0x53,0xFF,0x32,0xA3,0x57,0xFF,
  0x33,0xB6,0x73,0xFF,0x34,0xBC,0x7B,0xFF,0x38,0xB9,0x73,0xFF,
  0x32,0xCD,0xA4,0xFF,0x30,0xDB,0xC0,0xFF,0x33,0xD9,0xBA,0xFF,
  0x34,0xD9,0xBB,0xFF,0x33,0xD8,0xBB,0xFF,0x33,0xD9,0xBA,0xFF,
  0x34,0xD9,0xB9,0xFF,0x33,0xD7,0xB9,0xFF,0x31,0xD5,0xB8,0xFF,
  0x32,0xD6,0xB8,0xFF,0x30,0xD6,0xB9,0xFF,0x30,0xCC,0xA7,0xFF,
  0x30,0xD4,0xB4,0xFF,0x2E,0xD7,0xBA,0xFF,0x32,0xCA,0x9E,0xFF,
  0x35,0xC9,0x98,0xFF,0x34,0xC8,0x99,0xFF,0x2C,0xD4,0xB6,0xFF,
  0x2B,0xD6,0xBA,0xFF,0x29,0xD9,0xBF,0xFF,0x31,0xCC,0xA3,0xFF,
  0x36,0xBF,0x84,0xFF,0x31,0xC6,0x8C,0xFF,0x35,0xC6,0x8E,0xFF,
  0x39,0xC6,0x93,0xFF,0x33,0xD3,0xB1,0xFF,0x35,0xCE,0xA4,0xFF,
  0x38,0xBC,0x7F,0xFF,0x35,0xBA,0x79,0xFF,0x37,0xB7,0x75,0xFF,
  0x37,0xB3,0x78,0xFF,0x35,0xB0,0x74,0xFF,0x2F,0xC2,0x99,0xFF,
  0x28,0xD7,0xC1,0xFF,0x2D,0xD3,0xB8,0xFF,0x2E,0xCA,0xAB,0xFF,
  0x2C,0xD2,0xB7,0xFF,0x2C,0xD4,0xBB,0xFF,0x2D,0xD4,0xBB,0xFF,
  0x2D,0xD6,0xBB,0xFF,0x2F,0xD6,0xBA,0xFF,0x30,0xD7,0xBC,0xFF,
  0x33,0xD6,0xBB,0xFF,0x33,0xD6,0xBA,0xFF,0x31,0xD7,0xBB,0xFF,
  0x34,0xCC,0xA3,0xFF,0x37,0xC3,0x8E,0xFF,0x35,0xC6,0x90,0xFF,
  0x37,0xC3,0x8C,0xFF,0x38,0xAB,0x68,0xFF,0x33,0xB0,0x6A,0xFF,
  0x30,0xB1,0x6A,0xFF,0x32,0x90,0x3E,0xFF,0x33,0x86,0x2D,0xFF,
  0x31,0x86,0x2C,0xFF,0x34,0x8B,0x3A,0xFF,0x30,0xA9,0x69,0xFF,
  0x2D,0xA2,0x63,0xFF,0x2E,0xAE,0x78,0xFF,0x2C,0xBF,0x96,0xFF,
  0x2F,0xBC,0x91,0xFF,0x2F,0xCA,0xA7,0xFF,0x2E,0xD9,0xBE,0xFF,
  0x30,0xD8,0xBA,0xFF,0x33,0xD8,0xBA,0xFF,0x32,0xD8,0xBA,0xFF,
  0x31,0xD8,0xBA,0xFF,0x30,0xD8,0xB8,0xFF,0x2F,0xD6,0xB7,0xFF,
  0x2D,0xD4,0xB6,0xFF,0x2C,0xD4,0xB5,0xFF,0x2D,0xD4,0xB5,0xFF,
  0x2E,0xD4,0xB6,0xFF,0x2F,0xD4,0xB6,0xFF,0x2E,0xD4,0xB6,0xFF,
  0x2E,0xD4,0xB5,0xFF,0x2F,0xD2,0xB4,0xFF,0x2E,0xCC,0xAD,0xFF,
  0x2F,0xD4,0xB5,0xFF,0x31,0xD6,0xB9,0xFF,0x32,0xD7,0xB9,0xFF,
  0x32,0xD8,0xB8,0xFF,0x32,0xD7,0xB8,0xFF,0x32,0xD8,0xBA,0xFF,
  0x32,0xD7,0xBA,0xFF,0x31,0xD7,0xB9,0xFF,0x30,0xD6,0xB7,0xFF,
  0x2F,0xD5,0xB5,0xFF,0x30,0xD7,0xB6,0xFF,0x32,0xD6,0xB4,0xFF,
  0x33,0xCC,0xA7,0xFF,0x35,0xC9,0x9F,0xFF,0x35,0xC6,0x9B,0xFF,
  0x36,0xCA,0x9D,0xFF,0x35,0xCC,0x9F,0xFF,0x34,0xCA,0x9C,0xFF,
  0x37,0xC1,0x8B,0xFF,0x32,0xC8,0x9C,0xFF,0x2B,0xD7,0xB8,0xFF,
  0x2E,0xD6,0xB7,0xFF,0x2F,0xD6,0xB8,0xFF,0x2F,0xD7,0xB8,0xFF,
  0x2F,0xD6,0xB9,0xFF,0x31,0xD7,0xB9,0xFF,0x31,0xD8,0xB9,0xFF,
  0x30,0xD8,0xB9,0xFF,0x30,0xD8,0xBA,0xFF,0x31,0xD8,0xBA,0xFF,
  0x31,0xD6,0xB9,0xFF,0x31,0xD7,0xBA,0xFF,0x32,0xD6,0xB9,0xFF,
  0x30,0xD5,0xB8,0xFF,0x30,0xD7,0xBB,0xFF,0x33,0xD7,0xB6,0xFF,
  0x32,0xD7,0xB8,0xFF,0x30,0xD7,0xB9,0xFF,0x31,0xD8,0xBB,0xFF,
  0x31,0xD7,0xBB,0xFF,0x2D,0xD6,0xB7,0xFF,0x2D,0xD7,0xB8,0xFF,
  0x2A,0xD7,0xB5,0xFF,0x2A,0xD6,0xB6,0xFF,0x2C,0xD7,0xBB,0xFF,
  0x2E,0xD8,0xBB,0xFF,0x2F,0xD5,0xB9,0xFF,0x30,0xD3,0xB7,0xFF,
  0x30,0xD3,0xB6,0xFF,0x30,0xD3,0xB6,0xFF,0x2E,0xD3,0xB5,0xFF,
  0x2C,0xD0,0xB4,0xFF,0x28,0xD0,0xB3,0xFF,0x27,0xD2,0xB9,0xFF,
  0x29,0xD3,0xB7,0xFF,0x28,0xD3,0xB4,0xFF,0x31,0xD4,0xB9,0xFF,
  0x36,0xDD,0xC5,0xF8,0x39,0xDC,0xCC,0xFF,0x3A,0x8F,0x81,0xFF,
  0x1C,0x04,0x04,0x35,0x2B,0x0B,0x07,0x40,0x41,0x08,0x04,0x3A,
  0x32,0xAC,0x8D,0xDE,0x25,0xD8,0xBB,0xFF,0x23,0xD2,0xBC,0xFD,
  0x32,0xB1,0x81,0xFF,0x44,0x93,0x3B,0xFF,0x3D,0x9E,0x48,0xFF,
  0x3D,0x9E,0x47,0xFF,0x3D,0xA1,0x49,0xFF,0x33,0xC8,0x91,0xFF,
  0x33,0xBA,0x7B,0xFF,0x37,0xA3,0x58,0xFF,0x2F,0xBA,0x84,0xFF,
  0x2F,0xCE,0xA3,0xFF,0x36,0xBE,0x83,0xFF,0x37,0xBE,0x7D,0xFF,
  0x31,0xDD,0xBE,0xFF,0x33,0xD7,0xBC,0xFF,0x31,0xD7,0xBA,0xFF,
  0x30,0xD6,0xB9,0xFF,0x30,0xD5,0xB9,0xFF,0x2F,0xD6,0xB9,0xFF,
  0x2E,0xD5,0xB9,0xFF,0x2E,0xD5,0xBA,0xFF,0x2F,0xD5,0xB9,0xFF,
  0x30,0xD6,0xBB,0xFF,0x32,0xD6,0xBC,0xFF,0x31,0xD7,0xBE,0xFF,
  0x31,0xD9,0xBE,0xFF,0x32,0xD9,0xBD,0xFF,0x30,0xD9,0xBC,0xFF,
  0x30,0xD8,0xBB,0xFF,0x2F,0xD8,0xB9,0xFF,0x2F,0xD8,0xB9,0xFF,
  0x31,0xD7,0xB8,0xFF,0x30,0xD9,0xBB,0xFF,0x33,0xCD,0xA7,0xFF,
  0x33,0xC7,0x99,0xFF,0x31,0xC7,0x9B,0xFF,0x32,0xC7,0x9A,0xFF,
  0x32,0xC7,0x99,0xFF,0x33,0xC7,0x98,0xFF,0x32,0xC7,0x98,0xFF,
  0x32,0xC4,0x96,0xFF,0x33,0xC3,0x95,0xFF,0x31,0xBE,0x8C,0xFF,
  0x32,0xB8,0x80,0xFF,0x34,0xB8,0x7C,0xFF,0x36,0xB7,0x74,0xFF,
  0x35,0xBC,0x7E,0xFF,0x2E,0xC5,0x90,0xFF,0x31,0xC5,0x91,0xFF,
  0x32,0xC4,0x91,0xFF,0x34,0xC4,0x91,0xFF,0x37,0xC1,0x8C,0xFF,
  0x38,0xBC,0x82,0xFF,0x38,0xC1,0x8D,0xFF,0x36,0xC1,0x8D,0xFF,
  0x36,0xBE,0x87,0xFF,0x38,0xBE,0x85,0xFF,0x37,0xB9,0x7D,0xFF,
  0x39,0xB8,0x7A,0xFF,0x3A,0xB9,0x7A,0xFF,0x2F,0xC4,0x9C,0xFF,
  0x2C,0xC8,0xA7,0xFF,0x2D,0xC5,0xA0,0xFF,0x2C,0xC6,0xA2,0xFF,
  0x2C,0xC6,0xA1,0xFF,0x2F,0xC7,0xA2,0xFF,0x2D,0xC9,0xA1,0xFF,
  0x39,0xBD,0x87,0xFF,0x3C,0xBE,0x86,0xFF,0x35,0xC8,0x9A,0xFF,
  0x2E,0xCD,0xA6,0xFF,0x2F,0xCD,0xA6,0xFF,0x2F,0xCD,0xA7,0xFF,
  0x2F,0xCC,0xA6,0xFF,0x2F,0xCD,0xA7,0xFF,0x30,0xCD,0xA7,0xFF,
  0x31,0xD1,0xAB,0xFF,0x30,0xC5,0x9A,0xFF,0x30,0xBF,0x94,0xFF,
  0x2C,0xC4,0x99,0xFF,0x35,0xA8,0x68,0xFF,0x35,0x9A,0x4C,0xFF,
  0x35,0xA0,0x54,0xFF,0x31,0xB7,0x7D,0xFF,0x33,0xA2,0x60,0xFF,
  0x33,0xA7,0x63,0xFF,0x33,0xAE,0x69,0xFF,0x37,0xAD,0x65,0xFF,
  0x2E,0xBE,0x85,0xFF,0x2D,0xC6,0x94,0xFF,0x31,0xC1,0x8F,0xFF,
  0x31,0xB7,0x81,0xFF,0x33,0xA7,0x60,0xFF,0x34,0xA9,0x63,0xFF,
  0x33,0xB9,0x7C,0xFF,0x35,0xBE,0x82,0xFF,0x39,0xB9,0x7B,0xFF,
  0x35,0xCE,0xA9,0xFF,0x32,0xDB,0xC0,0xFF,0x35,0xD9,0xBB,0xFF,
  0x35,0xD9,0xBB,0xFF,0x34,0xD8,0xBC,0xFF,0x34,0xDA,0xBB,0xFF,
  0x34,0xD9,0xB9,0xFF,0x33,0xD7,0xB9,0xFF,0x31,0xD5,0xB8,0xFF,
  0x32,0xD6,0xB8,0xFF,0x30,0xD6,0xB8,0xFF,0x30,0xD0,0xAF,0xFF,
  0x2F,0xD5,0xB8,0xFF,0x2E,0xD6,0xBC,0xFF,0x32,0xCD,0xA4,0xFF,
  0x35,0xCB,0x9B,0xFF,0x34,0xCB,0xA0,0xFF,0x2D,0xD5,0xB7,0xFF,
  0x2C,0xD6,0xBA,0xFF,0x2A,0xD9,0xBF,0xFF,0x30,0xCC,0xA6,0xFF,
  0x34,0xBF,0x8B,0xFF,0x31,0xC6,0x92,0xFF,0x36,0xC8,0x96,0xFF,
  0x3A,0xC7,0x9A,0xFF,0x34,0xD2,0xB3,0xFF,0x36,0xCE,0xA6,0xFF,
  0x38,0xBF,0x89,0xFF,0x36,0xBD,0x82,0xFF,0x38,0xB9,0x7D,0xFF,
  0x36,0xB6,0x7D,0xFF,0x35,0xB0,0x76,0xFF,0x2E,0xBE,0x95,0xFF,
  0x2A,0xDB,0xC1,0xFF,0x2F,0xD2,0xB4,0xFF,0x2F,0xBD,0x9A,0xFF,
  0x2D,0xCF,0xB2,0xFF,0x2C,0xD5,0xBB,0xFF,0x2D,0xD4,0xBB,0xFF,
  0x2E,0xD5,0xB7,0xFF,0x30,0xD4,0xB2,0xFF,0x31,0xD6,0xB5,0xFF,
  0x34,0xD5,0xB0,0xFF,0x35,0xD5,0xB3,0xFF,0x32,0xD8,0xBC,0xFF,
  0x33,0xCD,0xA5,0xFF,0x36,0xC6,0x95,0xFF,0x38,0xC9,0x9A,0xFF,
  0x39,0xCA,0x9A,0xFF,0x39,0xBF,0x86,0xFF,0x35,0xBD,0x81,0xFF,
  0x33,0xBA,0x7A,0xFF,0x33,0xA0,0x5A,0xFF,0x34,0x94,0x47,0xFF,
  0x33,0x91,0x41,0xFF,0x34,0x94,0x4C,0xFF,0x2F,0xAB,0x72,0xFF,
  0x2C,0xA6,0x70,0xFF,0x2D,0xB0,0x82,0xFF,0x2C,0xC1,0x9C,0xFF,
  0x30,0xBF,0x98,0xFF,0x2F,0xCA,0xA9,0xFF,0x2E,0xD8,0xBD,0xFF,
  0x31,0xD7,0xBA,0xFF,0x33,0xD7,0xBA,0xFF,0x32,0xD8,0xBB,0xFF,
  0x32,0xD7,0xBB,0xFF,0x30,0xD7,0xB9,0xFF,0x2F,0xD6,0xB8,0xFF,
  0x2D,0xD4,0xB7,0xFF,0x2D,0xD4,0xB5,0xFF,0x2E,0xD4,0xB6,0xFF,
  0x2F,0xD4,0xB6,0xFF,0x30,0xD4,0xB7,0xFF,0x2F,0xD4,0xB6,0xFF,
  0x2E,0xD4,0xB6,0xFF,0x2F,0xD2,0xB5,0xFF,0x2F,0xCC,0xAE,0xFF,
  0x30,0xD4,0xB5,0xFF,0x32,0xD6,0xB9,0xFF,0x32,0xD7,0xB8,0xFF,
  0x32,0xD8,0xB8,0xFF,0x32,0xD7,0xB8,0xFF,0x32,0xD7,0xB9,0xFF,
  0x33,0xD7,0xB9,0xFF,0x32,0xD7,0xB9,0xFF,0x31,0xD6,0xB8,0xFF,
  0x30,0xD6,0xB6,0xFF,0x31,0xD7,0xB7,0xFF,0x32,0xD6,0xB6,0xFF,
  0x33,0xCF,0xAC,0xFF,0x36,0xCF,0xA8,0xFF,0x36,0xCD,0xA6,0xFF,
  0x36,0xCF,0xA9,0xFF,0x37,0xD2,0xAC,0xFF,0x36,0xCF,0xA7,0xFF,
  0x37,0xC2,0x91,0xFF,0x32,0xC6,0x9C,0xFF,0x2D,0xD6,0xB7,0xFF,
  0x2F,0xD6,0xB8,0xFF,0x30,0xD6,0xB8,0xFF,0x30,0xD6,0xB9,0xFF,
  0x30,0xD6,0xB9,0xFF,0x31,0xD7,0xB9,0xFF,0x31,0xD7,0xBA,0xFF,
  0x30,0xD7,0xB9,0xFF,0x30,0xD8,0xBA,0xFF,0x31,0xD7,0xBA,0xFF,
  0x31,0xD6,0xB9,0xFF,0x31,0xD7,0xB9,0xFF,0x31,0xD6,0xB8,0xFF,
  0x30,0xD5,0xB8,0xFF,0x30,0xD6,0xB9,0xFF,0x35,0xCE,0xA7,0xFF,
  0x32,0xD6,0xB7,0xFF,0x32,0xD8,0xBC,0xFF,0x33,0xD7,0xB9,0xFF,
  0x32,0xD6,0xB2,0xFF,0x2F,0xD3,0xAB,0xFF,0x2F,0xD5,0xB0,0xFF,
  0x2B,0xD6,0xB4,0xFF,0x2C,0xD5,0xB4,0xFF,0x2D,0xD7,0xB6,0xFF,
  0x30,0xD6,0xB3,0xFF,0x31,0xD4,0xB6,0xFF,0x31,0xD4,0xB7,0xFF,
  0x31,0xD2,0xB1,0xFF,0x31,0xCF,0xAD,0xFF,0x30,0xD2,0xB3,0xFF,
  0x2E,0xCF,0xB3,0xFF,0x2A,0xCE,0xB2,0xFF,0x29,0xCF,0xB4,0xFF,
  0x2B,0xD1,0xB4,0xFF,0x29,0xD2,0xB2,0xFF,0x2D,0xD4,0xB6,0xFF,
  0x33,0xD3,0xB8,0xFF,0x36,0xE0,0xCC,0xFF,0x30,0x95,0x84,0xFE,
  0x37,0x6F,0x57,0xB7,0x35,0x7C,0x63,0xBD,0x43,0x72,0x59,0xB9,
  0x2E,0xB8,0x97,0xF3,0x25,0xD5,0xB7,0xFF,0x27,0xD1,0xB6,0xFE,
  0x30,0xC1,0x98,0xFF,0x37,0xB2,0x74,0xFF,0x34,0xB8,0x7D,0xFF,
  0x37,0xB9,0x7B,0xFF,0x39,0xBD,0x81,0xFF,0x32,0xD2,0xA7,0xFF,
  0x31,0xC9,0x97,0xFF,0x34,0xBD,0x83,0xFF,0x31,0xC6,0x9A,0xFF,
  0x31,0xD3,0xAE,0xFF,0x37,0xCA,0x99,0xFF,0x37,0xC7,0x91,0xFF,
  0x31,0xDB,0xBE,0xFF,0x32,0xD8,0xBC,0xFF,0x31,0xD6,0xBA,0xFF,
  0x31,0xD6,0xBA,0xFF,0x31,0xD5,0xBA,0xFF,0x30,0xD6,0xB9,0xFF,
  0x2F,0xD5,0xB9,0xFF,0x2F,0xD5,0xB9,0xFF,0x2F,0xD5,0xBA,0xFF,
  0x30,0xD6,0xBB,0xFF,0x32,0xD7,0xBC,0xFF,0x32,0xD8,0xBE,0xFF,
  0x32,0xD9,0xBD,0xFF,0x33,0xD9,0xBD,0xFF,0x30,0xD9,0xBC,0xFF,
  0x30,0xD8,0xBB,0xFF,0x2F,0xD8,0xBA,0xFF,0x30,0xD8,0xBA,0xFF,
  0x31,0xD8,0xB9,0xFF,0x30,0xD8,0xBA,0xFF,0x32,0xD5,0xB5,0xFF,
  0x32,0xD2,0xAE,0xFF,0x33,0xD1,0xAE,0xFF,0x34,0xD1,0xAE,0xFF,
  0x33,0xD2,0xAE,0xFF,0x34,0xD2,0xAD,0xFF,0x33,0xD1,0xAB,0xFF,
  0x34,0xD0,0xA9,0xFF,0x35,0xCF,0xA8,0xFF,0x31,0xCD,0xA2,0xFF,
  0x33,0xCB,0x9F,0xFF,0x36,0xCC,0x9F,0xFF,0x36,0xCD,0x9A,0xFF,
  0x36,0xCE,0x9D,0xFF,0x32,0xD0,0xA4,0xFF,0x33,0xD1,0xA4,0xFF,
  0x33,0xD0,0xA5,0xFF,0x35,0xD1,0xA6,0xFF,0x34,0xCD,0xA2,0xFF,
  0x35,0xC8,0x99,0xFF,0x35,0xCF,0xA6,0xFF,0x35,0xCD,0xA4,0xFF,
  0x34,0xCA,0x9D,0xFF,0x36,0xCA,0x9B,0xFF,0x34,0xC6,0x97,0xFF,
  0x36,0xC7,0x96,0xFF,0x35,0xC9,0x98,0xFF,0x30,0xCE,0xAC,0xFF,
  0x2E,0xD0,0xB2,0xFF,0x2F,0xCF,0xAF,0xFF,0x2E,0xD0,0xB0,0xFF,
  0x2E,0xD0,0xAF,0xFF,0x31,0xD0,0xAF,0xFF,0x2E,0xD2,0xAF,0xFF,
  0x33,0xD0,0xA8,0xFF,0x34,0xD1,0xA8,0xFF,0x31,0xD4,0xAE,0xFF,
  0x30,0xD3,0xB1,0xFF,0x31,0xD4,0xB1,0xFF,0x31,0xD4,0xB2,0xFF,
  0x31,0xD4,0xB2,0xFF,0x31,0xD4,0xB2,0xFF,0x32,0xD4,0xB3,0xFF,
  0x31,0xD6,0xB4,0xFF,0x32,0xCF,0xA8,0xFF,0x33,0xCE,0xA8,0xFF,
  0x30,0xD0,0xAB,0xFF,0x34,0xC5,0x98,0xFF,0x34,0xBF,0x8B,0xFF,
  0x35,0xC1,0x91,0xFF,0x31,0xC9,0xA2,0xFF,0x33,0xC0,0x92,0xFF,
  0x34,0xC3,0x92,0xFF,0x36,0xC8,0x97,0xFF,0x39,0xC9,0x97,0xFF,
  0x32,0xD1,0xA7,0xFF,0x32,0xD5,0xAF,0xFF,0x33,0xD2,0xAB,0xFF,
  0x32,0xCB,0xA2,0xFF,0x33,0xC3,0x92,0xFF,0x33,0xC2,0x91,0xFF,
  0x30,0xC9,0x9E,0xFF,0x32,0xCB,0xA1,0xFF,0x34,0xCA,0x9F,0xFF,
  0x34,0xD4,0xB7,0xFF,0x34,0xD9,0xBE,0xFF,0x35,0xD9,0xBC,0xFF,
  0x35,0xD8,0xBC,0xFF,0x35,0xD9,0xBE,0xFF,0x36,0xDC,0xBC,0xFF,
  0x33,0xD9,0xBA,0xFF,0x32,0xD7,0xB9,0xFF,0x31,0xD6,0xB8,0xFF,
  0x32,0xD6,0xB9,0xFF,0x31,0xD6,0xB9,0xFF,0x30,0xD4,0xB6,0xFF,
  0x2F,0xD6,0xBA,0xFF,0x30,0xD7,0xBC,0xFF,0x32,0xD4,0xB1,0xFF,
  0x34,0xD4,0xAB,0xFF,0x33,0xD4,0xB0,0xFF,0x2D,0xD6,0xB9,0xFF,
  0x2D,0xD7,0xB9,0xFF,0x2C,0xD9,0xBD,0xFF,0x30,0xD2,0xB0,0xFF,
  0x34,0xCD,0xA2,0xFF,0x34,0xD2,0xA9,0xFF,0x38,0xD4,0xAD,0xFF,
  0x3A,0xD2,0xAF,0xFF,0x37,0xD6,0xB8,0xFF,0x37,0xD7,0xB4,0xFF,
  0x39,0xD1,0xA7,0xFF,0x38,0xCE,0xA0,0xFF,0x38,0xC8,0x98,0xFF,
  0x36,0xC4,0x96,0xFF,0x37,0xBD,0x8D,0xFF,0x30,0xC2,0x9C,0xFF,
  0x2C,0xD4,0xB4,0xFF,0x2F,0xC9,0xA8,0xFF,0x31,0xBC,0x98,0xFF,
  0x2D,0xD0,0xB2,0xFF,0x2C,0xD5,0xBA,0xFF,0x2D,0xD3,0xB8,0xFF,
  0x2D,0xC8,0xA3,0xFF,0x30,0xC5,0x9B,0xFF,0x31,0xC9,0x9E,0xFF,
  0x36,0xC9,0x97,0xFF,0x37,0xCB,0x9F,0xFF,0x33,0xD9,0xBC,0xFF,
  0x33,0xD6,0xB2,0xFF,0x38,0xD4,0xAA,0xFF,0x3D,0xD5,0xAF,0xFF,
  0x3C,0xD7,0xB1,0xFF,0x3B,0xD6,0xAD,0xFF,0x39,0xD4,0xA7,0xFF,
  0x37,0xD0,0xA2,0xFF,0x37,0xC5,0x96,0xFF,0x37,0xBE,0x89,0xFF,
  0x35,0xB8,0x83,0xFF,0x34,0xB8,0x86,0xFF,0x30,0xC0,0x95,0xFF,
  0x2D,0xBE,0x96,0xFF,0x2D,0xC1,0x9C,0xFF,0x2E,0xC9,0xA8,0xFF,
  0x30,0xCA,0xA9,0xFF,0x2F,0xCF,0xB2,0xFF,0x2F,0xD7,0xBC,0xFF,
  0x31,0xD7,0xBA,0xFF,0x32,0xD7,0xBB,0xFF,0x32,0xD7,0xBB,0xFF,
  0x32,0xD7,0xBB,0xFF,0x30,0xD7,0xBA,0xFF,0x2F,0xD6,0xB9,0xFF,
  0x2E,0xD4,0xB8,0xFF,0x2E,0xD5,0xB5,0xFF,0x2E,0xD5,0xB6,0xFF,
  0x30,0xD5,0xB6,0xFF,0x30,0xD5,0xB7,0xFF,0x30,0xD5,0xB6,0xFF,
  0x2F,0xD4,0xB6,0xFF,0x2F,0xD3,0xB6,0xFF,0x31,0xD1,0xB4,0xFF,
  0x31,0xD5,0xB7,0xFF,0x31,0xD7,0xB9,0xFF,0x32,0xD7,0xB9,0xFF,
  0x32,0xD8,0xB9,0xFF,0x32,0xD7,0xB9,0xFF,0x33,0xD7,0xBA,0xFF,
  0x33,0xD8,0xB9,0xFF,0x33,0xD8,0xB9,0xFF,0x31,0xD6,0xB9,0xFF,
  0x31,0xD7,0xB7,0xFF,0x32,0xD8,0xB8,0xFF,0x32,0xD8,0xB9,0xFF,
  0x33,0xD6,0xB6,0xFF,0x36,0xD7,0xB6,0xFF,0x36,0xD6,0xB5,0xFF,
  0x36,0xD6,0xB6,0xFF,0x37,0xD8,0xB8,0xFF,0x35,0xD5,0xB4,0xFF,
  0x36,0xCE,0xA6,0xFF,0x34,0xD0,0xAB,0xFF,0x2F,0xD5,0xB7,0xFF,
  0x30,0xD6,0xB8,0xFF,0x31,0xD6,0xB8,0xFF,0x31,0xD6,0xB9,0xFF,
  0x31,0xD6,0xB9,0xFF,0x32,0xD7,0xB9,0xFF,0x32,0xD7,0xB9,0xFF,
  0x31,0xD7,0xB9,0xFF,0x31,0xD7,0xBA,0xFF,0x32,0xD7,0xBA,0xFF,
  0x32,0xD6,0xB9,0xFF,0x32,0xD7,0xB8,0xFF,0x32,0xD6,0xB7,0xFF,
  0x31,0xD6,0xB9,0xFF,0x31,0xD3,0xB3,0xFF,0x3A,0xC3,0x94,0xFF,
  0x34,0xD8,0xB7,0xFF,0x33,0xDA,0xBD,0xFF,0x33,0xD1,0xAA,0xFF,
  0x31,0xC7,0x97,0xFF,0x32,0xC4,0x8E,0xFF,0x34,0xC8,0x96,0xFF,
  0x2F,0xD0,0xA9,0xFF,0x2E,0xD0,0xAC,0xFF,0x30,0xCD,0xA2,0xFF,
  0x32,0xC8,0x9C,0xFF,0x33,0xD0,0xAC,0xFF,0x32,0xD7,0xB5,0xFF,
  0x32,0xCB,0xA2,0xFF,0x32,0xC3,0x99,0xFF,0x30,0xCA,0xA6,0xFF,
  0x2E,0xCC,0xAC,0xFF,0x2B,0xCB,0xAD,0xFF,0x2D,0xC4,0xA4,0xFF,
  0x2E,0xCA,0xAA,0xFF,0x2C,0xD2,0xB3,0xFF,0x2E,0xD3,0xB5,0xFF,
  0x33,0xD1,0xB5,0xFF,0x35,0xE0,0xC8,0xFE,0x31,0x9A,0x81,0xFB,
  0x3D,0xA8,0x8F,0xFF,0x3A,0xBB,0x9E,0xFF,0x43,0xAE,0x8E,0xFF,
  0x2A,0xCC,0xA9,0xFF,0x25,0xD2,0xB4,0xFF,0x28,0xD1,0xB2,0xFF,
  0x2C,0xD0,0xAE,0xFF,0x2B,0xCF,0xAB,0xFF,0x2B,0xD0,0xB0,0xFF,
  0x2F,0xD2,0xAF,0xFF,0x32,0xD6,0xB4,0xFF,0x2F,0xD8,0xB9,0xFF,
  0x30,0xD7,0xB5,0xFF,0x32,0xD6,0xAE,0xFF,0x33,0xD4,0xB1,0xFF,
  0x33,0xD8,0xB8,0xFF,0x37,0xD6,0xB1,0xFF,0x37,0xD3,0xAB,0xFF,
  0x31,0xD9,0xBE,0xFF,0x32,0xD8,0xBC,0xFF,0x31,0xD6,0xBA,0xFF,
  0x31,0xD6,0xBA,0xFF,0x31,0xD5,0xBA,0xFF,0x30,0xD5,0xB9,0xFF,
  0x2F,0xD5,0xB9,0xFF,0x2F,0xD5,0xB9,0xFF,0x2F,0xD5,0xBA,0xFF,
  0x30,0xD6,0xBB,0xFF,0x31,0xD7,0xBC,0xFF,0x32,0xD8,0xBE,0xFF,
  0x33,0xD9,0xBD,0xFF,0x33,0xD8,0xBD,0xFF,0x31,0xD9,0xBC,0xFF,
  0x31,0xD8,0xBB,0xFF,0x30,0xD8,0xBB,0xFF,0x30,0xD8,0xBA,0xFF,
  0x31,0xD8,0xB9,0xFF,0x30,0xD7,0xB9,0xFF,0x32,0xD8,0xBB,0xFF,
  0x32,0xD7,0xBB,0xFF,0x34,0xD8,0xBA,0xFF,0x35,0xD8,0xBC,0xFF,
  0x34,0xD9,0xBC,0xFF,0x35,0xD9,0xBB,0xFF,0x34,0xD8,0xB9,0xFF,
  0x35,0xD7,0xB7,0xFF,0x35,0xD6,0xB6,0xFF,0x31,0xD7,0xB4,0xFF,
  0x34,0xD8,0xB6,0xFF,0x37,0xD9,0xB8,0xFF,0x35,0xDA,0xB6,0xFF,
  0x36,0xDA,0xB4,0xFF,0x34,0xD7,0xB3,0xFF,0x33,0xD8,0xB2,0xFF,
  0x33,0xD7,0xB3,0xFF,0x33,0xD8,0xB5,0xFF,0x31,0xD5,0xB3,0xFF,
  0x31,0xD3,0xB0,0xFF,0x32,0xD9,0xB8,0xFF,0x32,0xD5,0xB5,0xFF,
  0x32,0xD3,0xAF,0xFF,0x33,0xD2,0xAC,0xFF,0x2F,0xD3,0xAF,0xFF,
  0x30,0xD4,0xB1,0xFF,0x2E,0xD6,0xB4,0xFF,0x2E,0xD6,0xB9,0xFF,
  0x2F,0xD7,0xBB,0xFF,0x2F,0xD7,0xBA,0xFF,0x2F,0xD6,0xBA,0xFF,
  0x2F,0xD6,0xB9,0xFF,0x30,0xD7,0xBA,0xFF,0x2E,0xD8,0xBB,0xFF,
  0x2E,0xDC,0xBE,0xFF,0x2F,0xDD,0xBF,0xFF,0x2F,0xDC,0xBE,0xFF,
  0x31,0xD9,0xBB,0xFF,0x32,0xD9,0xBA,0xFF,0x31,0xDA,0xBB,0xFF,
  0x31,0xDA,0xBB,0xFF,0x32,0xD9,0xBB,0xFF,0x32,0xD9,0xBB,0xFF,
  0x30,0xDA,0xBA,0xFF,0x32,0xD8,0xB7,0xFF,0x34,0xDA,0xB9,0xFF,
  0x31,0xD9,0xBA,0xFF,0x31,0xD9,0xBC,0xFF,0x31,0xD9,0xBB,0xFF,
  0x32,0xD9,0xBF,0xFF,0x2F,0xD7,0xBD,0xFF,0x32,0xD8,0xB8,0xFF,
  0x33,0xDA,0xB7,0xFF,0x37,0xDC,0xBB,0xFF,0x38,0xDD,0xBD,0xFF,
  0x35,0xDD,0xBF,0xFF,0x35,0xDD,0xC0,0xFF,0x33,0xDC,0xBE,0xFF,
  0x30,0xD9,0xBC,0xFF,0x31,0xD8,0xBA,0xFF,0x30,0xD6,0xB8,0xFF,
  0x2D,0xD6,0xBA,0xFF,0x2E,0xD6,0xBB,0xFF,0x30,0xD8,0xBE,0xFF,
  0x32,0xD8,0xC0,0xFF,0x34,0xD8,0xBC,0xFF,0x35,0xD9,0xBC,0xFF,
  0x35,0xD8,0xBD,0xFF,0x37,0xD7,0xB7,0xFF,0x38,0xD6,0xAD,0xFF,
  0x32,0xD7,0xB9,0xFF,0x32,0xD7,0xBA,0xFF,0x31,0xD6,0xB9,0xFF,
  0x32,0xD6,0xB9,0xFF,0x31,0xD6,0xB9,0xFF,0x30,0xD7,0xBA,0xFF,
  0x30,0xD7,0xBB,0xFF,0x31,0xD8,0xBC,0xFF,0x32,0xD9,0xBB,0xFF,
  0x31,0xDA,0xB9,0xFF,0x30,0xDA,0xBB,0xFF,0x2D,0xD7,0xBA,0xFF,
  0x2D,0xD7,0xB9,0xFF,0x2D,0xD8,0xBA,0xFF,0x30,0xD7,0xB9,0xFF,
  0x33,0xDA,0xB7,0xFF,0x35,0xDC,0xBD,0xFF,0x38,0xDD,0xBF,0xFF,
  0x39,0xDB,0xBF,0xFF,0x39,0xDB,0xBD,0xFF,0x38,0xDD,0xBF,0xFF,
  0x39,0xDD,0xBF,0xFF,0x39,0xDC,0xBB,0xFF,0x38,0xD7,0xB3,0xFF,
  0x36,0xD3,0xAF,0xFF,0x37,0xCE,0xAA,0xFF,0x32,0xC9,0xA6,0xFF,
  0x2E,0xC3,0x9D,0xFF,0x2F,0xC0,0x9D,0xFF,0x31,0xC7,0xA5,0xFF,
  0x2D,0xD2,0xB5,0xFF,0x2C,0xD5,0xB9,0xFF,0x2E,0xD0,0xB2,0xFF,
  0x2F,0xBC,0x8F,0xFF,0x31,0xBA,0x89,0xFF,0x31,0xBD,0x8C,0xFF,
  0x36,0xC0,0x88,0xFF,0x37,0xC3,0x90,0xFF,0x33,0xD8,0xBA,0xFF,
  0x34,0xDC,0xBD,0xFF,0x39,0xDE,0xBB,0xFF,0x3E,0xDD,0xBE,0xFF,
  0x3D,0xDE,0xC0,0xFF,0x3C,0xE0,0xC2,0xFF,0x3A,0xE1,0xC0,0xFF,
  0x36,0xDE,0xBE,0xFF,0x36,0xDC,0xBF,0xFF,0x35,0xDA,0xBA,0xFF,
  0x32,0xD6,0xB6,0xFF,0x32,0xD4,0xB6,0xFF,0x2E,0xD2,0xB4,0xFF,
  0x2D,0xD1,0xB5,0xFF,0x2D,0xCF,0xB3,0xFF,0x2E,0xD1,0xB3,0xFF,
  0x30,0xD3,0xB6,0xFF,0x2F,0xD3,0xB9,0xFF,0x2F,0xD6,0xBC,0xFF,
  0x31,0xD7,0xBA,0xFF,0x32,0xD7,0xBB,0xFF,0x31,0xD7,0xBB,0xFF,
  0x31,0xD7,0xBB,0xFF,0x30,0xD7,0xBA,0xFF,0x2F,0xD6,0xB9,0xFF,
  0x2F,0xD5,0xB8,0xFF,0x2E,0xD5,0xB6,0xFF,0x2E,0xD5,0xB6,0xFF,
  0x30,0xD5,0xB6,0xFF,0x30,0xD5,0xB7,0xFF,0x30,0xD5,0xB7,0xFF,
  0x2F,0xD4,0xB6,0xFF,0x2F,0xD4,0xB7,0xFF,0x32,0xD5,0xB9,0xFF,
  0x31,0xD5,0xB8,0xFF,0x31,0xD7,0xB9,0xFF,0x32,0xD7,0xB9,0xFF,
  0x32,0xD8,0xB9,0xFF,0x32,0xD8,0xB9,0xFF,0x33,0xD8,0xBA,0xFF,
  0x33,0xD8,0xBA,0xFF,0x33,0xD8,0xBA,0xFF,0x32,0xD7,0xBA,0xFF,
  0x31,0xD8,0xB8,0xFF,0x32,0xD8,0xB9,0xFF,0x32,0xD9,0xBA,0xFF,
  0x33,0xDB,0xBC,0xFF,0x34,0xDA,0xBD,0xFF,0x34,0xDA,0xBD,0xFF,
  0x35,0xD9,0xBC,0xFF,0x35,0xD9,0xBD,0xFF,0x33,0xD7,0xBB,0xFF,
  0x33,0xD7,0xB7,0xFF,0x34,0xD7,0xB9,0xFF,0x30,0xD5,0xB8,0xFF,
  0x30,0xD6,0xB8,0xFF,0x31,0xD6,0xB8,0xFF,0x31,0xD6,0xB9,0xFF,
  0x31,0xD6,0xB9,0xFF,0x32,0xD7,0xB9,0xFF,0x32,0xD7,0xB9,0xFF,
  0x32,0xD7,0xB9,0xFF,0x32,0xD7,0xBA,0xFF,0x32,0xD7,0xBA,0xFF,
  0x32,0xD6,0xB9,0xFF,0x32,0xD6,0xB8,0xFF,0x32,0xD6,0xB7,0xFF,
  0x31,0xD7,0xB9,0xFF,0x32,0xD2,0xAF,0xFF,0x3C,0xBD,0x89,0xFF,
  0x36,0xD7,0xB2,0xFF,0x34,0xD6,0xB4,0xFF,0x35,0xC6,0x93,0xFF,
  0x33,0xBA,0x81,0xFF,0x35,0xB7,0x79,0xFF,0x38,0xBA,0x7F,0xFF,
  0x32,0xC7,0x9D,0xFF,0x30,0xC9,0xA2,0xFF,0x33,0xC0,0x8F,0xFF,
  0x35,0xBE,0x8B,0xFF,0x34,0xCA,0xA0,0xFF,0x33,0xD4,0xAB,0xFF,
  0x33,0xC4,0x93,0xFF,0x32,0xBB,0x8B,0xFF,0x30,0xC0,0x95,0xFF,
  0x2F,0xC4,0x9D,0xFF,0x2D,0xC6,0xA2,0xFF,0x30,0xBA,0x94,0xFF,
  0x31,0xC3,0xA2,0xFF,0x2D,0xD3,0xB6,0xFF,0x31,0xD3,0xB5,0xFF,
  0x34,0xD0,0xB4,0xFF,0x33,0xDE,0xC3,0xFF,0x34,0x99,0x7A,0xFF,
  0x36,0xD5,0xC4,0xFF,0x35,0xE8,0xCE,0xFF,0x35,0xDF,0xC0,0xFF,
  0x28,0xDA,0xB8,0xFF,0x26,0xD3,0xB4,0xFF,0x27,0xD2,0xB2,0xFF,
  0x28,0xD5,0xB5,0xFF,0x28,0xD7,0xBB,0xFF,0x29,0xD6,0xBE,0xFF,
  0x2A,0xD8,0xC0,0xFF,0x2C,0xDA,0xC1,0xFF,0x2E,0xD9,0xBE,0xFF,
  0x31,0xDA,0xBE,0xFF,0x32,0xDC,0xBE,0xFF,0x33,0xDA,0xBD,0xFF,
  0x34,0xDA,0xBD,0xFF,0x35,0xDB,0xBE,0xFF,0x35,0xDA,0xBB,0xFF,
  0x31,0xD7,0xBC,0xFF,0x32,0xD7,0xBB,0xFF,0x31,0xD6,0xBA,0xFF,
  0x31,0xD5,0xBA,0xFF,0x30,0xD4,0xBA,0xFF,0x30,0xD4,0xB9,0xFF,
  0x2F,0xD4,0xB9,0xFF,0x2F,0xD4,0xB9,0xFF,0x2F,0xD5,0xBA,0xFF,
  0x30,0xD6,0xBB,0xFF,0x30,0xD7,0xBC,0xFF,0x32,0xD6,0xBD,0xFF,
  0x35,0xD7,0xBC,0xFF,0x35,0xD6,0xBB,0xFF,0x33,0xD8,0xBB,0xFF,
  0x33,0xD9,0xBB,0xFF,0x32,0xD7,0xBB,0xFF,0x31,0xD7,0xBB,0xFF,
  0x32,0xD7,0xB9,0xFF,0x32,0xD7,0xB9,0xFF,0x32,0xD7,0xBA,0xFF,
  0x32,0xD6,0xBB,0xFF,0x32,0xD6,0xBA,0xFF,0x34,0xD6,0xBC,0xFF,
  0x33,0xD7,0xBC,0xFF,0x34,0xD7,0xBB,0xFF,0x33,0xD6,0xB9,0xFF,
  0x33,0xD5,0xB7,0xFF,0x33,0xD5,0xB6,0xFF,0x30,0xD6,0xB5,0xFF,
  0x32,0xD7,0xB7,0xFF,0x34,0xD7,0xB9,0xFF,0x33,0xD8,0xBA,0xFF,
  0x33,0xD8,0xB7,0xFF,0x33,0xD7,0xB5,0xFF,0x32,0xD6,0xB3,0xFF,
  0x31,0xD6,0xB4,0xFF,0x31,0xD6,0xB6,0xFF,0x2F,0xD5,0xB6,0xFF,
  0x30,0xD6,0xB7,0xFF,0x30,0xD7,0xB9,0xFF,0x30,0xD5,0xB6,0xFF,
  0x31,0xD1,0xB0,0xFF,0x30,0xD0,0xAC,0xFF,0x2C,0xD5,0xB7,0xFF,
  0x2B,0xD6,0xBB,0xFF,0x2A,0xD8,0xBC,0xFF,0x2A,0xD7,0xBC,0xFF,
  0x2C,0xD8,0xBC,0xFF,0x2C,0xD8,0xBC,0xFF,0x2D,0xD7,0xBC,0xFF,
  0x2D,0xD7,0xBC,0xFF,0x2E,0xD9,0xBD,0xFF,0x2C,0xD9,0xBE,0xFF,
  0x2D,0xDB,0xC1,0xFF,0x2E,0xDC,0xC2,0xFF,0x2F,0xDC,0xC1,0xFF,
  0x30,0xDB,0xBF,0xFF,0x30,0xDA,0xBD,0xFF,0x2F,0xDA,0xBD,0xFF,
  0x2F,0xDA,0xBD,0xFF,0x30,0xD9,0xBD,0xFF,0x2F,0xD9,0xBC,0xFF,
  0x2E,0xD9,0xBB,0xFF,0x30,0xDA,0xBD,0xFF,0x30,0xDB,0xBD,0xFF,
  0x2F,0xD9,0xBD,0xFF,0x2D,0xD9,0xBF,0xFF,0x2C,0xD9,0xC0,0xFF,
  0x2C,0xD8,0xC1,0xFF,0x2C,0xD9,0xBE,0xFF,0x2D,0xD9,0xBD,0xFF,
  0x2F,0xDB,0xBE,0xFF,0x33,0xDC,0xC0,0xFF,0x34,0xDB,0xC1,0xFF,
  0x34,0xDB,0xC0,0xFF,0x34,0xDB,0xBF,0xFF,0x32,0xDA,0xBE,0xFF,
  0x2E,0xD7,0xBD,0xFF,0x2E,0xD6,0xBE,0xFF,0x2C,0xD6,0xBD,0xFF,
  0x2C,0xD7,0xBE,0xFF,0x2F,0xD7,0xBF,0xFF,0x31,0xD9,0xC2,0xFF,
  0x32,0xD8,0xBF,0xFF,0x34,0xD8,0xBB,0xFF,0x35,0xD7,0xBC,0xFF,
  0x35,0xD8,0xBE,0xFF,0x39,0xD2,0xA8,0xFF,0x39,0xC7,0x92,0xFF,
  0x34,0xD5,0xB6,0xFF,0x31,0xD7,0xBB,0xFF,0x32,0xD6,0xBA,0xFF,
  0x32,0xD5,0xB9,0xFF,0x31,0xD6,0xB9,0xFF,0x30,0xD7,0xBA,0xFF,
  0x31,0xD8,0xBB,0xFF,0x31,0xD8,0xBB,0xFF,0x30,0xD8,0xBD,0xFF,
  0x2F,0xD9,0xBD,0xFF,0x2E,0xD9,0xBD,0xFF,0x2E,0xD7,0xBB,0xFF,
  0x2E,0xD7,0xBA,0xFF,0x2D,0xD7,0xB9,0xFF,0x2E,0xD8,0xBB,0xFF,
  0x31,0xDB,0xBE,0xFF,0x32,0xDB,0xC2,0xFF,0x35,0xDB,0xC2,0xFF,
  0x37,0xDC,0xC2,0xFF,0x38,0xDC,0xBF,0xFF,0x38,0xDB,0xC0,0xFF,
  0x39,0xDC,0xC3,0xFF,0x39,0xDD,0xC3,0xFF,0x38,0xDC,0xBF,0xFF,
  0x35,0xDA,0xBD,0xFF,0x33,0xD9,0xBE,0xFF,0x32,0xCD,0xAD,0xFF,
  0x31,0xB2,0x87,0xFF,0x30,0xBF,0x99,0xFF,0x2F,0xD3,0xB6,0xFF,
  0x2C,0xD3,0xB6,0xFF,0x2C,0xD5,0xB9,0xFF,0x2F,0xCD,0xAC,0xFF,
  0x33,0xB7,0x86,0xFF,0x34,0xBA,0x88,0xFF,0x32,0xBC,0x89,0xFF,
  0x35,0xC1,0x8B,0xFF,0x36,0xC4,0x8F,0xFF,0x35,0xD4,0xB4,0xFF,
  0x34,0xDC,0xBE,0xFF,0x38,0xDC,0xBD,0xFF,0x3A,0xDA,0xBF,0xFF,
  0x3A,0xDB,0xBF,0xFF,0x3B,0xDB,0xC0,0xFF,0x37,0xDB,0xBF,0xFF,
  0x32,0xDA,0xBD,0xFF,0x31,0xD8,0xBE,0xFF,0x2D,0xD7,0xBD,0xFF,
  0x2B,0xD7,0xBC,0xFF,0x2B,0xD7,0xBE,0xFF,0x2A,0xD6,0xBB,0xFF,
  0x2B,0xD5,0xBB,0xFF,0x2A,0xD3,0xB9,0xFF,0x2C,0xD4,0xB7,0xFF,
  0x2E,0xD4,0xB9,0xFF,0x2E,0xD3,0xBA,0xFF,0x2F,0xD5,0xBB,0xFF,
  0x31,0xD7,0xBA,0xFF,0x31,0xD7,0xBB,0xFF,0x30,0xD7,0xBB,0xFF,
  0x30,0xD6,0xBA,0xFF,0x30,0xD7,0xBA,0xFF,0x30,0xD6,0xBA,0xFF,
  0x30,0xD6,0xB9,0xFF,0x2F,0xD5,0xB8,0xFF,0x2F,0xD4,0xB7,0xFF,
  0x2F,0xD4,0xB7,0xFF,0x30,0xD4,0xB7,0xFF,0x30,0xD5,0xB8,0xFF,
  0x2F,0xD4,0xB7,0xFF,0x2F,0xD4,0xB7,0xFF,0x31,0xD4,0xB9,0xFF,
  0x31,0xD6,0xB8,0xFF,0x32,0xD6,0xB9,0xFF,0x32,0xD6,0xB9,0xFF,
  0x33,0xD8,0xB9,0xFF,0x33,0xD9,0xB9,0xFF,0x34,0xD9,0xBA,0xFF,
  0x34,0xD8,0xBB,0xFF,0x34,0xD8,0xBB,0xFF,0x34,0xD8,0xBB,0xFF,
  0x33,0xD8,0xBA,0xFF,0x31,0xD7,0xB9,0xFF,0x32,0xD8,0xBA,0xFF,
  0x32,0xD9,0xBB,0xFF,0x32,0xD8,0xBB,0xFF,0x32,0xD8,0xBC,0xFF,
  0x33,0xD7,0xBB,0xFF,0x34,0xD7,0xBB,0xFF,0x31,0xD6,0xBA,0xFF,
  0x31,0xD7,0xBB,0xFF,0x31,0xD6,0xBB,0xFF,0x31,0xD5,0xB9,0xFF,
  0x30,0xD6,0xB8,0xFF,0x30,0xD6,0xB8,0xFF,0x31,0xD6,0xB9,0xFF,
  0x31,0xD6,0xB9,0xFF,0x32,0xD7,0xB9,0xFF,0x31,0xD7,0xBA,0xFF,
  0x31,0xD7,0xBA,0xFF,0x32,0xD7,0xBA,0xFF,0x32,0xD8,0xBB,0xFF,
  0x32,0xD6,0xB9,0xFF,0x31,0xD5,0xB8,0xFF,0x31,0xD5,0xB7,0xFF,
  0x30,0xD6,0xB8,0xFF,0x31,0xD2,0xAF,0xFF,0x3B,0xBF,0x8D,0xFF,
  0x37,0xD0,0xA7,0xFF,0x36,0xCC,0xA2,0xFF,0x38,0xBB,0x80,0xFF,
  0x39,0xB8,0x7C,0xFF,0x39,0xB7,0x79,0xFF,0x39,0xB5,0x79,0xFF,
  0x33,0xC1,0x98,0xFF,0x33,0xC3,0x9B,0xFF,0x36,0xB8,0x86,0xFF,
  0x36,0xBE,0x8A,0xFF,0x32,0xC2,0x95,0xFF,0x32,0xC9,0x99,0xFF,
  0x33,0xC0,0x8C,0xFF,0x33,0xBC,0x8A,0xFF,0x30,0xB8,0x89,0xFF,
  0x32,0xB9,0x8B,0xFF,0x30,0xBF,0x96,0xFF,0x31,0xB8,0x90,0xFF,
  0x32,0xC3,0xA1,0xFF,0x2E,0xD4,0xB6,0xFF,0x30,0xD4,0xB5,0xFF,
  0x32,0xD1,0xB3,0xFF,0x30,0xDE,0xC1,0xFF,0x32,0x9B,0x7D,0xFF,
  0x34,0xDB,0xCA,0xF9,0x31,0xEE,0xD5,0xF9,0x2B,0xE9,0xCA,0xF9,
  0x29,0xDB,0xBB,0xFE,0x28,0xD4,0xB4,0xFF,0x28,0xD4,0xB2,0xFF,
  0x28,0xD6,0xB5,0xFF,0x29,0xD5,0xB9,0xFF,0x29,0xD6,0xBA,0xFF,
  0x28,0xD8,0xBD,0xFF,0x2A,0xD8,0xBC,0xFF,0x2E,0xD9,0xBB,0xFF,
  0x31,0xD8,0xBD,0xFF,0x32,0xDA,0xBF,0xFF,0x32,0xDB,0xBE,0xFF,
  0x34,0xD9,0xBC,0xFF,0x34,0xDA,0xBF,0xFF,0x33,0xDA,0xBF,0xFF,
  0x31,0xD7,0xBC,0xFF,0x32,0xD7,0xBB,0xFF,0x31,0xD6,0xBA,0xFF,
  0x31,0xD5,0xBA,0xFF,0x30,0xD4,0xBA,0xFF,0x30,0xD4,0xB9,0xFF,
  0x2F,0xD4,0xB9,0xFF,0x2F,0xD4,0xB9,0xFF,0x2F,0xD5,0xBA,0xFF,
  0x30,0xD6,0xBB,0xFF,0x2F,0xD7,0xBC,0xFF,0x33,0xDA,0xC2,0xFF,
  0x35,0xDB,0xC3,0xFF,0x35,0xDA,0xC2,0xFF,0x35,0xD9,0xBE,0xFF,
  0x34,0xD9,0xBB,0xFF,0x33,0xD7,0xBB,0xFF,0x31,0xD7,0xBB,0xFF,
  0x32,0xD7,0xB9,0xFF,0x32,0xD7,0xB9,0xFF,0x32,0xD6,0xB8,0xFF,
  0x32,0xD5,0xB8,0xFF,0x32,0xD5,0xB8,0xFF,0x34,0xD5,0xB9,0xFF,
  0x33,0xD5,0xB9,0xFF,0x32,0xD5,0xB8,0xFF,0x32,0xD4,0xB6,0xFF,
  0x31,0xD4,0xB5,0xFF,0x31,0xD4,0xB3,0xFF,0x30,0xD4,0xB3,0xFF,
  0x30,0xD4,0xB4,0xFF,0x32,0xD4,0xB5,0xFF,0x32,0xD5,0xB6,0xFF,
  0x31,0xD5,0xB5,0xFF,0x31,0xD5,0xB3,0xFF,0x30,0xD5,0xB2,0xFF,
  0x30,0xD5,0xB3,0xFF,0x30,0xD5,0xB4,0xFF,0x2F,0xD4,0xB5,0xFF,
  0x30,0xD6,0xB7,0xFF,0x30,0xD6,0xB5,0xFF,0x2E,0xD5,0xB4,0xFF,
  0x2F,0xCF,0xAB,0xFF,0x2E,0xCC,0xA6,0xFF,0x2B,0xD5,0xB7,0xFF,
  0x29,0xD6,0xBB,0xFF,0x28,0xD6,0xBC,0xFF,0x29,0xD7,0xBC,0xFF,
  0x2B,0xD8,0xBB,0xFF,0x2B,0xD8,0xBC,0xFF,0x2B,0xD7,0xBC,0xFF,
  0x2D,0xD7,0xBC,0xFF,0x2D,0xD9,0xBD,0xFF,0x2C,0xD9,0xBE,0xFF,
  0x2E,0xD9,0xBE,0xFF,0x2E,0xD9,0xBF,0xFF,0x2F,0xDA,0xBF,0xFF,
  0x2F,0xDB,0xBF,0xFF,0x2F,0xDA,0xBD,0xFF,0x2F,0xD9,0xBC,0xFF,
  0x2F,0xD8,0xBD,0xFF,0x2F,0xD9,0xBD,0xFF,0x2D,0xD9,0xBC,0xFF,
  0x2E,0xD9,0xBB,0xFF,0x2F,0xDA,0xBD,0xFF,0x2E,0xD9,0xBC,0xFF,
  0x2D,0xD8,0xBD,0xFF,0x2C,0xD6,0xBB,0xFF,0x2A,0xD5,0xBB,0xFF,
  0x2A,0xD5,0xBA,0xFF,0x2A,0xD8,0xBA,0xFF,0x2A,0xD6,0xB8,0xFF,
  0x2D,0xD8,0xBA,0xFF,0x31,0xD9,0xBC,0xFF,0x32,0xD8,0xBC,0xFF,
  0x34,0xD8,0xBC,0xFF,0x33,0xD8,0xBB,0xFF,0x30,0xD7,0xBB,0xFF,
  0x2E,0xD6,0xB9,0xFF,0x2C,0xD3,0xB9,0xFF,0x2B,0xD4,0xB9,0xFF,
  0x2C,0xD6,0xBB,0xFF,0x2F,0xD7,0xBD,0xFF,0x31,0xD8,0xBE,0xFF,
  0x34,0xD9,0xBD,0xFF,0x35,0xDB,0xBF,0xFF,0x36,0xDB,0xC1,0xFF,
  0x35,0xDA,0xC1,0xFF,0x3A,0xCE,0xA0,0xFF,0x3B,0xC0,0x86,0xFF,
  0x34,0xD4,0xB5,0xFF,0x31,0xD7,0xBB,0xFF,0x32,0xD6,0xBA,0xFF,
  0x32,0xD5,0xB9,0xFF,0x31,0xD6,0xB9,0xFF,0x30,0xD7,0xBA,0xFF,
  0x31,0xD8,0xBB,0xFF,0x31,0xD8,0xBB,0xFF,0x30,0xD8,0xBC,0xFF,
  0x2F,0xD7,0xBD,0xFF,0x2E,0xD7,0xBC,0xFF,0x2E,0xD7,0xBB,0xFF,
  0x2E,0xD7,0xBA,0xFF,0x2D,0xD7,0xB9,0xFF,0x2E,0xD8,0xBB,0xFF,
  0x30,0xD9,0xBE,0xFF,0x30,0xD9,0xC0,0xFF,0x33,0xD9,0xC0,0xFF,
  0x35,0xDC,0xC0,0xFF,0x36,0xDC,0xBF,0xFF,0x38,0xDA,0xBE,0xFF,
  0x39,0xD9,0xBF,0xFF,0x39,0xDB,0xC1,0xFF,0x37,0xDC,0xC0,0xFF,
  0x35,0xDA,0xBE,0xFF,0x31,0xDC,0xC3,0xFF,0x33,0xCF,0xB0,0xFF,
  0x36,0xAE,0x7C,0xFF,0x31,0xC0,0x97,0xFF,0x2D,0xD8,0xBE,0xFF,
  0x2C,0xD4,0xB6,0xFF,0x2C,0xD5,0xB9,0xFF,0x2F,0xCC,0xAA,0xFF,
  0x34,0xB7,0x84,0xFF,0x33,0xBC,0x89,0xFF,0x32,0xBE,0x8B,0xFF,
  0x33,0xC4,0x90,0xFF,0x33,0xC6,0x8F,0xFF,0x36,0xD2,0xAC,0xFF,
  0x34,0xDB,0xBE,0xFF,0x36,0xD9,0xBB,0xFF,0x37,0xD8,0xBC,0xFF,
  0x38,0xD8,0xBC,0xFF,0x3A,0xD7,0xBB,0xFF,0x35,0xD6,0xBA,0xFF,
  0x30,0xD6,0xB8,0xFF,0x2E,0xD2,0xB6,0xFF,0x29,0xD1,0xB6,0xFF,
  0x28,0xD2,0xB6,0xFF,0x27,0xD4,0xB8,0xFF,0x28,0xD5,0xB9,0xFF,
  0x29,0xD4,0xB9,0xFF,0x2A,0xD4,0xB9,0xFF,0x2B,0xD4,0xB8,0xFF,
  0x2D,0xD4,0xB7,0xFF,0x2E,0xD4,0xB8,0xFF,0x2F,0xD5,0xBA,0xFF,
  0x31,0xD7,0xBA,0xFF,0x31,0xD7,0xBB,0xFF,0x30,0xD7,0xBB,0xFF,
  0x30,0xD6,0xBA,0xFF,0x30,0xD7,0xBA,0xFF,0x30,0xD6,0xBA,0xFF,
  0x30,0xD6,0xB9,0xFF,0x2F,0xD5,0xB8,0xFF,0x2F,0xD4,0xB7,0xFF,
  0x2F,0xD4,0xB7,0xFF,0x30,0xD4,0xB7,0xFF,0x30,0xD5,0xB8,0xFF,
  0x2F,0xD4,0xB7,0xFF,0x2F,0xD4,0xB7,0xFF,0x30,0xD4,0xB8,0xFF,
  0x31,0xD6,0xB8,0xFF,0x32,0xD6,0xB9,0xFF,0x32,0xD6,0xB9,0xFF,
  0x33,0xD8,0xB9,0xFF,0x33,0xD9,0xB9,0xFF,0x34,0xD9,0xBA,0xFF,
  0x34,0xD8,0xBB,0xFF,0x34,0xD8,0xBB,0xFF,0x34,0xD8,0xBB,0xFF,
  0x33,0xD8,0xBA,0xFF,0x31,0xD7,0xB9,0xFF,0x32,0xD8,0xBA,0xFF,
  0x32,0xD7,0xBA,0xFF,0x32,0xD6,0xB9,0xFF,0x32,0xD6,0xB9,0xFF,
  0x32,0xD6,0xB9,0xFF,0x32,0xD5,0xB9,0xFF,0x31,0xD5,0xB8,0xFF,
  0x30,0xD5,0xB9,0xFF,0x2F,0xD5,0xB9,0xFF,0x31,0xD5,0xB9,0xFF,
  0x30,0xD6,0xB8,0xFF,0x30,0xD6,0xB8,0xFF,0x31,0xD6,0xB9,0xFF,
  0x31,0xD6,0xB9,0xFF,0x32,0xD7,0xB9,0xFF,0x31,0xD7,0xBA,0xFF,
  0x31,0xD7,0xBA,0xFF,0x32,0xD7,0xBA,0xFF,0x32,0xD8,0xBB,0xFF,
  0x32,0xD6,0xB9,0xFF,0x31,0xD5,0xB8,0xFF,0x31,0xD5,0xB7,0xFF,
  0x30,0xD6,0xB6,0xFF,0x2F,0xD5,0xB2,0xFF,0x38,0xC7,0x98,0xFF,
  0x37,0xC9,0x9B,0xFF,0x38,0xC4,0x92,0xFF,0x39,0xBA,0x7B,0xFF,
  0x3A,0xBB,0x7F,0xFF,0x38,0xBA,0x7F,0xFF,0x39,0xB8,0x7C,0xFF,
  0x33,0xC1,0x97,0xFF,0x33,0xC2,0x98,0xFF,0x36,0xB8,0x84,0xFF,
  0x35,0xC1,0x8D,0xFF,0x32,0xC0,0x8E,0xFF,0x32,0xC3,0x8E,0xFF,
  0x33,0xC1,0x8B,0xFF,0x33,0xC0,0x8C,0xFF,0x30,0xBA,0x88,0xFF,
  0x34,0xB7,0x85,0xFF,0x32,0xBE,0x92,0xFF,0x30,0xC3,0x9F,0xFF,
  0x31,0xC9,0xA8,0xFF,0x2E,0xD4,0xB5,0xFF,0x30,0xD4,0xB5,0xFF,
  0x30,0xD1,0xB2,0xFF,0x2F,0xDE,0xC0,0xFF,0x33,0x9D,0x7E,0xFF,
  0x3B,0xC6,0xAE,0xFF,0x31,0xDA,0xBE,0xFF,0x2C,0xD7,0xB7,0xFF,
  0x2C,0xD7,0xB8,0xFF,0x2A,0xD6,0xB5,0xFF,0x2A,0xD6,0xB3,0xFF,
  0x2B,0xD7,0xB4,0xFF,0x2B,0xD5,0xB6,0xFF,0x29,0xD6,0xB5,0xFF,
  0x28,0xD7,0xB7,0xFF,0x2A,0xD7,0xB8,0xFF,0x2D,0xD9,0xB8,0xFF,
  0x30,0xD8,0xB9,0xFF,0x30,0xD8,0xBB,0xFF,0x31,0xD8,0xBA,0xFF,
  0x34,0xD8,0xBA,0xFF,0x34,0xD7,0xBC,0xFF,0x32,0xD7,0xBC,0xFF,
  0x31,0xD8,0xBB,0xFF,0x31,0xD7,0xBA,0xFF,0x32,0xD6,0xBA,0xFF,
  0x31,0xD5,0xB9,0xFF,0x31,0xD5,0xB9,0xFF,0x2F,0xD5,0xB8,0xFF,
  0x2F,0xD5,0xB8,0xFF,0x2E,0xD5,0xB8,0xFF,0x2E,0xD5,0xBA,0xFF,
  0x2F,0xD6,0xBA,0xFF,0x2F,0xD6,0xBC,0xFF,0x35,0xDC,0xC2,0xFF,
  0x35,0xDD,0xC4,0xFF,0x36,0xDC,0xC3,0xFF,0x36,0xD9,0xBF,0xFF,
  0x35,0xD8,0xBB,0xFF,0x34,0xD8,0xBB,0xFF,0x32,0xD8,0xBB,0xFF,
  0x32,0xD8,0xB9,0xFF,0x32,0xD8,0xB8,0xFF,0x33,0xD7,0xB8,0xFF,
  0x31,0xD6,0xB8,0xFF,0x32,0xD6,0xB8,0xFF,0x33,0xD6,0xB9,0xFF,
  0x33,0xD6,0xB9,0xFF,0x32,0xD6,0xB8,0xFF,0x31,0xD5,0xB6,0xFF,
  0x30,0xD5,0xB5,0xFF,0x30,0xD5,0xB3,0xFF,0x2F,0xD5,0xB3,0xFF,
  0x2F,0xD5,0xB4,0xFF,0x31,0xD5,0xB5,0xFF,0x32,0xD6,0xB6,0xFF,
  0x31,0xD6,0xB4,0xFF,0x31,0xD6,0xB3,0xFF,0x30,0xD6,0xB3,0xFF,
  0x30,0xD6,0xB4,0xFF,0x30,0xD6,0xB5,0xFF,0x30,0xD6,0xB5,0xFF,
  0x2F,0xD6,0xB5,0xFF,0x2F,0xD7,0xB5,0xFF,0x2E,0xD7,0xB4,0xFF,
  0x2F,0xCF,0xA8,0xFF,0x2F,0xCB,0xA3,0xFF,0x2D,0xD6,0xB7,0xFF,
  0x29,0xD6,0xBA,0xFF,0x29,0xD6,0xBA,0xFF,0x2A,0xD8,0xBB,0xFF,
  0x2C,0xD8,0xBB,0xFF,0x2C,0xD8,0xBC,0xFF,0x2C,0xD8,0xBC,0xFF,
  0x2E,0xD8,0xBC,0xFF,0x2E,0xD9,0xBC,0xFF,0x2E,0xDA,0xBD,0xFF,
  0x2F,0xDB,0xBE,0xFF,0x2F,0xDB,0xBF,0xFF,0x2F,0xDB,0xBF,0xFF,
  0x2F,0xDB,0xBE,0xFF,0x30,0xDA,0xBD,0xFF,0x30,0xD9,0xBC,0xFF,
  0x2F,0xD9,0xBD,0xFF,0x2F,0xD9,0xBD,0xFF,0x2E,0xD9,0xBD,0xFF,
  0x2F,0xD9,0xBC,0xFF,0x30,0xD9,0xBC,0xFF,0x2F,0xD9,0xBC,0xFF,
  0x2E,0xD9,0xBC,0xFF,0x2E,0xD8,0xBC,0xFF,0x2B,0xD8,0xBB,0xFF,
  0x2B,0xD8,0xBA,0xFF,0x2B,0xD9,0xB9,0xFF,0x2B,0xD8,0xB8,0xFF,
  0x2D,0xD8,0xB9,0xFF,0x30,0xDA,0xBB,0xFF,0x32,0xD9,0xBC,0xFF,
  0x33,0xD9,0xBC,0xFF,0x32,0xD9,0xBC,0xFF,0x30,0xD8,0xBB,0xFF,
  0x2E,0xD8,0xBA,0xFF,0x2D,0xD6,0xB9,0xFF,0x2D,0xD7,0xB9,0xFF,
  0x2E,0xD8,0xBA,0xFF,0x30,0xD9,0xBB,0xFF,0x32,0xD9,0xBD,0xFF,
  0x35,0xDA,0xBE,0xFF,0x35,0xDD,0xC0,0xFF,0x36,0xDD,0xC1,0xFF,
  0x36,0xDB,0xC1,0xFF,0x39,0xCE,0xA2,0xFF,0x3B,0xC4,0x8F,0xFF,
  0x33,0xD5,0xB6,0xFF,0x30,0xD6,0xBA,0xFF,0x31,0xD6,0xBA,0xFF,
  0x31,0xD6,0xBA,0xFF,0x31,0xD6,0xBA,0xFF,0x31,0xD8,0xBB,0xFF,
  0x31,0xD8,0xBC,0xFF,0x31,0xD8,0xBC,0xFF,0x31,0xD9,0xBC,0xFF,
  0x30,0xD8,0xBC,0xFF,0x2F,0xD8,0xBC,0xFF,0x2F,0xD8,0xBB,0xFF,
  0x2E,0xD7,0xBA,0xFF,0x2E,0xD7,0xBA,0xFF,0x2F,0xD8,0xBA,0xFF,
  0x30,0xD8,0xBC,0xFF,0x30,0xDA,0xBE,0xFF,0x32,0xDA,0xBE,0xFF,
  0x33,0xDB,0xBE,0xFF,0x35,0xDB,0xBE,0xFF,0x37,0xDB,0xBE,0xFF,
  0x38,0xDA,0xBE,0xFF,0x38,0xDA,0xBE,0xFF,0x36,0xDA,0xBC,0xFF,
  0x35,0xD8,0xBB,0xFF,0x31,0xD9,0xBE,0xFF,0x35,0xD0,0xB1,0xFF,
  0x3A,0xB4,0x7F,0xFF,0x33,0xC3,0x9A,0xFF,0x2D,0xD7,0xBC,0xFF,
  0x2D,0xD5,0xB7,0xFF,0x2C,0xD6,0xB8,0xFF,0x2D,0xCE,0xAD,0xFF,
  0x33,0xB9,0x86,0xFF,0x31,0xBB,0x86,0xFF,0x30,0xBF,0x89,0xFF,
  0x31,0xC4,0x8C,0xFF,0x31,0xC7,0x8C,0xFF,0x35,0xD0,0xA1,0xFF,
  0x34,0xDA,0xBB,0xFF,0x36,0xDA,0xBB,0xFF,0x36,0xDA,0xBB,0xFF,
  0x38,0xDA,0xBC,0xFF,0x39,0xDA,0xBC,0xFF,0x35,0xD9,0xBB,0xFF,
  0x31,0xD8,0xB9,0xFF,0x2F,0xD6,0xB8,0xFF,0x2B,0xD5,0xB6,0xFF,
  0x29,0xD4,0xB6,0xFF,0x27,0xD5,0xB6,0xFF,0x28,0xD5,0xB7,0xFF,
  0x2A,0xD5,0xB8,0xFF,0x2B,0xD5,0xB8,0xFF,0x2C,0xD5,0xB8,0xFF,
  0x2D,0xD5,0xB7,0xFF,0x2E,0xD5,0xB7,0xFF,0x30,0xD6,0xB9,0xFF,
  0x31,0xD6,0xBA,0xFF,0x31,0xD7,0xBA,0xFF,0x30,0xD7,0xBB,0xFF,
  0x2F,0xD7,0xBB,0xFF,0x30,0xD7,0xBA,0xFF,0x30,0xD6,0xBA,0xFF,
  0x30,0xD6,0xB9,0xFF,0x2F,0xD5,0xB7,0xFF,0x2F,0xD4,0xB7,0xFF,
  0x2F,0xD5,0xB7,0xFF,0x30,0xD5,0xB7,0xFF,0x30,0xD4,0xB7,0xFF,
  0x30,0xD4,0xB6,0xFF,0x30,0xD4,0xB7,0xFF,0x30,0xD5,0xB8,0xFF,
  0x31,0xD6,0xB8,0xFF,0x33,0xD6,0xB8,0xFF,0x33,0xD6,0xB8,0xFF,
  0x34,0xD7,0xB8,0xFF,0x34,0xD8,0xB9,0xFF,0x34,0xD8,0xBA,0xFF,
  0x34,0xD8,0xBA,0xFF,0x34,0xD8,0xBA,0xFF,0x34,0xD8,0xBB,0xFF,
  0x33,0xD8,0xBA,0xFF,0x32,0xD8,0xBA,0xFF,0x32,0xD8,0xBA,0xFF,
  0x32,0xD8,0xBA,0xFF,0x32,0xD7,0xB9,0xFF,0x32,0xD7,0xB9,0xFF,
  0x31,0xD7,0xB9,0xFF,0x32,0xD6,0xB9,0xFF,0x31,0xD6,0xB8,0xFF,
  0x30,0xD6,0xB8,0xFF,0x30,0xD6,0xB8,0xFF,0x30,0xD5,0xB8,0xFF,
  0x31,0xD5,0xB7,0xFF,0x31,0xD6,0xB8,0xFF,0x31,0xD6,0xB8,0xFF,
  0x31,0xD7,0xB8,0xFF,0x32,0xD7,0xB9,0xFF,0x32,0xD8,0xBA,0xFF,
  0x32,0xD7,0xBA,0xFF,0x32,0xD7,0xBA,0xFF,0x32,0xD7,0xBA,0xFF,
  0x32,0xD6,0xB9,0xFF,0x31,0xD5,0xB8,0xFF,0x30,0xD5,0xB7,0xFF,
  0x2F,0xD6,0xB5,0xFF,0x2D,0xD7,0xB4,0xFF,0x35,0xCF,0xA3,0xFF,
  0x37,0xC7,0x97,0xFF,0x38,0xC4,0x8F,0xFF,0x38,0xC1,0x85,0xFF,
  0x37,0xBF,0x83,0xFF,0x36,0xBD,0x7F,0xFF,0x38,0xBD,0x7E,0xFF,
  0x32,0xC6,0x98,0xFF,0x31,0xC3,0x98,0xFF,0x35,0xBB,0x84,0xFF,
  0x32,0xC1,0x8A,0xFF,0x32,0xC1,0x8B,0xFF,0x32,0xC2,0x8A,0xFF,
  0x32,0xC3,0x8C,0xFF,0x31,0xC2,0x8C,0xFF,0x30,0xC0,0x8E,0xFF,
  0x33,0xBC,0x89,0xFF,0x30,0xC1,0x97,0xFF,0x2D,0xD1,0xB3,0xFF,
  0x2F,0xD0,0xB0,0xFF,0x2E,0xD3,0xB4,0xFF,0x2F,0xD5,0xB5,0xFF,
  0x2F,0xD2,0xB1,0xFF,0x30,0xDF,0xBF,0xFF,0x35,0x9F,0x7E,0xFF,
  0x3E,0xC3,0xA5,0xFF,0x31,0xD6,0xB7,0xFF,0x2E,0xD4,0xB2,0xFF,
  0x2F,0xD6,0xB7,0xFF,0x2B,0xD7,0xB5,0xFF,0x2C,0xD7,0xB3,0xFF,
  0x2D,0xD8,0xB3,0xFF,0x2C,0xD6,0xB3,0xFF,0x29,0xD6,0xB2,0xFF,
  0x28,0xD7,0xB4,0xFF,0x29,0xD7,0xB6,0xFF,0x2B,0xD9,0xB6,0xFF,
  0x2E,0xD8,0xB7,0xFF,0x2F,0xD8,0xB9,0xFF,0x30,0xD8,0xB8,0xFF,
  0x33,0xD8,0xB9,0xFF,0x34,0xD7,0xBB,0xFF,0x32,0xD7,0xBB,0xFF,
  0x31,0xD8,0xBA,0xFF,0x31,0xD7,0xBA,0xFF,0x32,0xD6,0xBA,0xFF,
  0x31,0xD6,0xB9,0xFF,0x31,0xD6,0xB8,0xFF,0x2F,0xD5,0xB8,0xFF,
  0x2F,0xD5,0xB7,0xFF,0x2E,0xD6,0xB8,0xFF,0x2E,0xD6,0xB9,0xFF,
  0x2E,0xD6,0xBA,0xFF,0x30,0xD6,0xBB,0xFF,0x36,0xD5,0xB2,0xFF,
  0x37,0xD5,0xB0,0xFF,0x3B,0xD3,0xAC,0xFF,0x38,0xD7,0xBA,0xFF,
  0x36,0xD8,0xBC,0xFF,0x34,0xD8,0xBB,0xFF,0x32,0xD8,0xBA,0xFF,
  0x32,0xD8,0xB9,0xFF,0x32,0xD9,0xB8,0xFF,0x33,0xD6,0xB7,0xFF,
  0x31,0xD6,0xB8,0xFF,0x31,0xD6,0xB8,0xFF,0x32,0xD6,0xB9,0xFF,
  0x32,0xD6,0xB8,0xFF,0x31,0xD6,0xB7,0xFF,0x2F,0xD5,0xB5,0xFF,
  0x2F,0xD5,0xB4,0xFF,0x2F,0xD5,0xB3,0xFF,0x2E,0xD6,0xB3,0xFF,
  0x2E,0xD6,0xB4,0xFF,0x30,0xD6,0xB5,0xFF,0x31,0xD7,0xB5,0xFF,
  0x31,0xD7,0xB3,0xFF,0x30,0xD7,0xB2,0xFF,0x30,0xD6,0xB3,0xFF,
  0x2F,0xD6,0xB4,0xFF,0x2F,0xD6,0xB5,0xFF,0x30,0xD6,0xB5,0xFF,
  0x2E,0xD6,0xB4,0xFF,0x2E,0xD7,0xB5,0xFF,0x2D,0xD7,0xB3,0xFF,
  0x30,0xCF,0xA7,0xFF,0x31,0xCD,0xA4,0xFF,0x2C,0xD6,0xB6,0xFF,
  0x2A,0xD6,0xB9,0xFF,0x29,0xD6,0xB9,0xFF,0x2B,0xD7,0xBA,0xFF,
  0x2D,0xD8,0xBB,0xFF,0x2D,0xD9,0xBB,0xFF,0x2D,0xD9,0xBC,0xFF,
  0x2F,0xD9,0xBC,0xFF,0x2F,0xD9,0xBC,0xFF,0x2F,0xDA,0xBD,0xFF,
  0x2F,0xDB,0xBE,0xFF,0x2F,0xDC,0xBF,0xFF,0x2F,0xDC,0xBE,0xFF,
  0x2F,0xDB,0xBE,0xFF,0x30,0xDA,0xBD,0xFF,0x30,0xDA,0xBC,0xFF,
  0x2F,0xDA,0xBD,0xFF,0x2F,0xDA,0xBD,0xFF,0x2F,0xDA,0xBD,0xFF,
  0x2F,0xDA,0xBC,0xFF,0x30,0xD9,0xBC,0xFF,0x30,0xD9,0xBC,0xFF,
  0x2F,0xD9,0xBC,0xFF,0x2E,0xD8,0xBC,0xFF,0x2B,0xD8,0xBB,0xFF,
  0x2C,0xD8,0xBA,0xFF,0x2B,0xD9,0xB9,0xFF,0x2D,0xD8,0xB8,0xFF,
  0x2E,0xD8,0xB8,0xFF,0x2F,0xDA,0xBA,0xFF,0x32,0xDA,0xBB,0xFF,
  0x32,0xDA,0xBC,0xFF,0x31,0xD9,0xBB,0xFF,0x30,0xD8,0xBA,0xFF,
  0x2E,0xD8,0xBA,0xFF,0x2E,0xD7,0xB9,0xFF,0x2E,0xD8,0xB9,0xFF,
  0x2F,0xD9,0xB9,0xFF,0x32,0xDA,0xBA,0xFF,0x34,0xD9,0xBC,0xFF,
  0x36,0xDA,0xBD,0xFF,0x33,0xDC,0xB9,0xFF,0x33,0xD6,0xB0,0xFF,
  0x35,0xD8,0xBB,0xFF,0x37,0xD2,0xAB,0xFF,0x39,0xCC,0x9C,0xFF,
  0x33,0xD6,0xB6,0xFF,0x30,0xD5,0xB9,0xFF,0x31,0xD6,0xBA,0xFF,
  0x31,0xD6,0xBA,0xFF,0x31,0xD7,0xBB,0xFF,0x31,0xD8,0xBB,0xFF,
  0x32,0xD9,0xBC,0xFF,0x31,0xD9,0xBC,0xFF,0x31,0xD9,0xBC,0xFF,
  0x30,0xD8,0xBC,0xFF,0x2F,0xD8,0xBC,0xFF,0x2F,0xD9,0xBB,0xFF,
  0x2E,0xD7,0xBB,0xFF,0x2F,0xD7,0xBA,0xFF,0x30,0xD8,0xBA,0xFF,
  0x30,0xD8,0xBB,0xFF,0x30,0xDA,0xBD,0xFF,0x31,0xDA,0xBC,0xFF,
  0x32,0xDA,0xBC,0xFF,0x34,0xDA,0xBE,0xFF,0x36,0xDB,0xBD,0xFF,
  0x37,0xDB,0xBD,0xFF,0x36,0xDA,0xBD,0xFF,0x35,0xDA,0xBB,0xFF,
  0x35,0xD8,0xBA,0xFF,0x32,0xD8,0xBC,0xFF,0x35,0xD1,0xB2,0xFF,
  0x3A,0xB5,0x82,0xFF,0x34,0xC9,0xA1,0xFF,0x2E,0xD8,0xBC,0xFF,
  0x2E,0xD6,0xB7,0xFF,0x2C,0xD6,0xB7,0xFF,0x2C,0xD2,0xB2,0xFF,
  0x32,0xBB,0x89,0xFF,0x31,0xB9,0x81,0xFF,0x2E,0xBE,0x86,0xFF,
  0x30,0xC3,0x88,0xFF,0x30,0xC9,0x8D,0xFF,0x33,0xCD,0x96,0xFF,
  0x33,0xD6,0xB2,0xFF,0x35,0xDA,0xBB,0xFF,0x35,0xDA,0xBA,0xFF,
  0x36,0xDA,0xBB,0xFF,0x38,0xDA,0xBB,0xFF,0x35,0xDA,0xBA,0xFF,
  0x31,0xD8,0xB9,0xFF,0x30,0xD7,0xB8,0xFF,0x2C,0xD6,0xB6,0xFF,
  0x2A,0xD4,0xB5,0xFF,0x27,0xD5,0xB5,0xFF,0x29,0xD5,0xB6,0xFF,
  0x2B,0xD5,0xB7,0xFF,0x2C,0xD5,0xB8,0xFF,0x2D,0xD5,0xB8,0xFF,
  0x2E,0xD5,0xB7,0xFF,0x2E,0xD4,0xB6,0xFF,0x30,0xD6,0xB9,0xFF,
  0x30,0xD6,0xBA,0xFF,0x31,0xD6,0xBA,0xFF,0x30,0xD7,0xBB,0xFF,
  0x2F,0xD7,0xBC,0xFF,0x2F,0xD7,0xBB,0xFF,0x2F,0xD6,0xB9,0xFF,
  0x2F,0xD6,0xB8,0xFF,0x2F,0xD5,0xB7,0xFF,0x2F,0xD5,0xB7,0xFF,
  0x2F,0xD5,0xB7,0xFF,0x2F,0xD5,0xB7,0xFF,0x30,0xD4,0xB6,0xFF,
  0x30,0xD4,0xB6,0xFF,0x30,0xD5,0xB7,0xFF,0x31,0xD5,0xB8,0xFF,
  0x31,0xD6,0xB7,0xFF,0x33,0xD7,0xB7,0xFF,0x33,0xD7,0xB7,0xFF,
  0x34,0xD7,0xB8,0xFF,0x34,0xD9,0xB9,0xFF,0x34,0xD8,0xBA,0xFF,
  0x35,0xD8,0xB9,0xFF,0x34,0xD8,0xB9,0xFF,0x33,0xD8,0xBA,0xFF,
  0x32,0xD8,0xBA,0xFF,0x32,0xD9,0xBA,0xFF,0x32,0xD8,0xBA,0xFF,
  0x32,0xD8,0xB9,0xFF,0x31,0xD7,0xB8,0xFF,0x31,0xD7,0xB8,0xFF,
  0x30,0xD7,0xB8,0xFF,0x32,0xD6,0xB8,0xFF,0x31,0xD6,0xB9,0xFF,
  0x30,0xD7,0xB8,0xFF,0x30,0xD6,0xB8,0xFF,0x30,0xD5,0xB8,0xFF,
  0x31,0xD5,0xB7,0xFF,0x31,0xD6,0xB8,0xFF,0x31,0xD7,0xB8,0xFF,
  0x31,0xD6,0xB8,0xFF,0x32,0xD8,0xBA,0xFF,0x32,0xD8,0xBA,0xFF,
  0x32,0xD7,0xB9,0xFF,0x31,0xD7,0xB9,0xFF,0x31,0xD7,0xB9,0xFF,
  0x32,0xD7,0xB9,0xFF,0x31,0xD6,0xB8,0xFF,0x2F,0xD5,0xB7,0xFF,
  0x2E,0xD5,0xB4,0xFF,0x2C,0xD6,0xB3,0xFF,0x33,0xD4,0xAB,0xFF,
  0x35,0xCB,0x9D,0xFF,0x37,0xCB,0x98,0xFF,0x37,0xC8,0x92,0xFF,
  0x34,0xBF,0x85,0xFF,0x35,0xBE,0x7F,0xFF,0x36,0xBD,0x7C,0xFF,
  0x30,0xC7,0x98,0xFF,0x30,0xC4,0x98,0xFF,0x35,0xB9,0x82,0xFF,
  0x32,0xBE,0x87,0xFF,0x31,0xC0,0x89,0xFF,0x31,0xC1,0x8A,0xFF,
  0x31,0xC3,0x8D,0xFF,0x2F,0xC3,0x8D,0xFF,0x2F,0xC4,0x91,0xFF,
  0x31,0xBD,0x8B,0xFF,0x2E,0xC1,0x9B,0xFF,0x2A,0xD4,0xB9,0xFF,
  0x2D,0xD2,0xB3,0xFF,0x2E,0xD3,0xB3,0xFF,0x2F,0xD5,0xB5,0xFF,
  0x30,0xD2,0xB1,0xFF,0x30,0xDE,0xBF,0xFF,0x35,0xA0,0x7F,0xFF,
  0x3E,0xCA,0xA9,0xFF,0x32,0xDA,0xBB,0xFF,0x2F,0xD8,0xB6,0xFF,
  0x30,0xD8,0xB8,0xFF,0x2C,0xD8,0xB6,0xFF,0x2D,0xD8,0xB4,0xFF,
  0x2E,0xD9,0xB4,0xFF,0x2C,0xD8,0xB4,0xFF,0x29,0xD7,0xB3,0xFF,
  0x28,0xD7,0xB5,0xFF,0x29,0xD8,0xB9,0xFF,0x2A,0xD9,0xB7,0xFF,
  0x2D,0xD9,0xB8,0xFF,0x2E,0xD9,0xBA,0xFF,0x30,0xD8,0xB9,0xFF,
  0x31,0xD8,0xB9,0xFF,0x33,0xD8,0xBB,0xFF,0x32,0xD8,0xBB,0xFF,
  0x30,0xD8,0xBA,0xFF,0x31,0xD7,0xBA,0xFF,0x31,0xD6,0xBA,0xFF,
  0x31,0xD6,0xB9,0xFF,0x30,0xD6,0xB8,0xFF,0x2F,0xD5,0xB8,0xFF,
  0x2E,0xD5,0xB7,0xFF,0x2E,0xD6,0xB8,0xFF,0x2D,0xD6,0xB9,0xFF,
  0x2D,0xD5,0xBA,0xFF,0x31,0xD6,0xBA,0xFF,0x39,0xC9,0x98,0xFF,
  0x3A,0xC6,0x92,0xFF,0x40,0xC3,0x8C,0xFF,0x3A,0xD2,0xAF,0xFF,
  0x36,0xD9,0xBF,0xFF,0x35,0xD8,0xBD,0xFF,0x33,0xD8,0xBD,0xFF,
  0x33,0xD8,0xBA,0xFF,0x32,0xD9,0xB9,0xFF,0x32,0xD8,0xBA,0xFF,
  0x31,0xD7,0xBA,0xFF,0x30,0xD6,0xB8,0xFF,0x31,0xD6,0xB9,0xFF,
  0x31,0xD6,0xB8,0xFF,0x31,0xD6,0xB7,0xFF,0x2F,0xD5,0xB7,0xFF,
  0x2F,0xD4,0xB6,0xFF,0x2F,0xD5,0xB6,0xFF,0x2D,0xD6,0xB4,0xFF,
  0x2D,0xD6,0xB4,0xFF,0x2F,0xD6,0xB5,0xFF,0x30,0xD7,0xB5,0xFF,
  0x30,0xD7,0xB3,0xFF,0x30,0xD7,0xB2,0xFF,0x30,0xD6,0xB3,0xFF,
  0x2F,0xD6,0xB4,0xFF,0x2F,0xD6,0xB5,0xFF,0x2F,0xD6,0xB5,0xFF,
  0x2E,0xD6,0xB4,0xFF,0x2D,0xD7,0xB5,0xFF,0x2D,0xD5,0xB0,0xFF,
  0x30,0xCE,0xA7,0xFF,0x31,0xCF,0xA6,0xFF,0x2B,0xD6,0xB6,0xFF,
  0x2A,0xD7,0xB9,0xFF,0x2A,0xD6,0xB9,0xFF,0x2B,0xD7,0xBA,0xFF,
  0x2D,0xD8,0xBB,0xFF,0x2D,0xD9,0xBB,0xFF,0x2D,0xD9,0xBC,0xFF,
  0x2F,0xD9,0xBC,0xFF,0x2F,0xD9,0xBC,0xFF,0x2F,0xDA,0xBE,0xFF,
  0x2F,0xDB,0xBF,0xFF,0x2F,0xDC,0xBF,0xFF,0x2F,0xDC,0xBE,0xFF,
  0x2F,0xDB,0xBE,0xFF,0x30,0xDA,0xBD,0xFF,0x2F,0xDA,0xBD,0xFF,
  0x2F,0xDA,0xBD,0xFF,0x2F,0xDA,0xBD,0xFF,0x2F,0xDA,0xBD,0xFF,
  0x2F,0xDA,0xBC,0xFF,0x30,0xDA,0xBD,0xFF,0x30,0xD9,0xBD,0xFF,
  0x2F,0xD9,0xBC,0xFF,0x2E,0xD8,0xBC,0xFF,0x2C,0xD8,0xBB,0xFF,
  0x2C,0xD7,0xBA,0xFF,0x2C,0xD8,0xB9,0xFF,0x2E,0xD8,0xB8,0xFF,
  0x2E,0xD9,0xB9,0xFF,0x2E,0xDA,0xBA,0xFF,0x31,0xDA,0xBB,0xFF,
  0x31,0xDA,0xBC,0xFF,0x30,0xD9,0xBB,0xFF,0x2F,0xD8,0xBA,0xFF,
  0x2D,0xD8,0xBA,0xFF,0x2E,0xD8,0xB9,0xFF,0x2F,0xD8,0xB9,0xFF,
  0x30,0xD9,0xB9,0xFF,0x33,0xDA,0xBA,0xFF,0x35,0xDA,0xBD,0xFF,
  0x37,0xD8,0xB9,0xFF,0x31,0xD3,0xA5,0xFF,0x30,0xC9,0x97,0xFF,
  0x34,0xD3,0xB1,0xFF,0x35,0xD7,0xB6,0xFF,0x37,0xD2,0xA8,0xFF,
  0x32,0xD6,0xB6,0xFF,0x30,0xD5,0xB9,0xFF,0x31,0xD5,0xBA,0xFF,
  0x31,0xD6,0xBA,0xFF,0x31,0xD7,0xBB,0xFF,0x31,0xD8,0xBB,0xFF,
  0x32,0xD9,0xBC,0xFF,0x31,0xD9,0xBC,0xFF,0x31,0xD9,0xBC,0xFF,
  0x30,0xD9,0xBC,0xFF,0x2F,0xD8,0xBC,0xFF,0x2F,0xD9,0xBB,0xFF,
  0x2F,0xD8,0xBB,0xFF,0x30,0xD7,0xBA,0xFF,0x30,0xD8,0xBA,0xFF,
  0x30,0xD9,0xBB,0xFF,0x30,0xDA,0xBD,0xFF,0x30,0xDA,0xBC,0xFF,
  0x31,0xDA,0xBC,0xFF,0x33,0xDA,0xBE,0xFF,0x35,0xDB,0xBD,0xFF,
  0x36,0xDB,0xBD,0xFF,0x35,0xDB,0xBD,0xFF,0x35,0xDA,0xBC,0xFF,
  0x35,0xD9,0xBA,0xFF,0x34,0xD9,0xBC,0xFF,0x35,0xD2,0xB3,0xFF,
  0x37,0xBE,0x92,0xFF,0x34,0xD1,0xAC,0xFF,0x30,0xD9,0xBC,0xFF,
  0x2F,0xD6,0xB8,0xFF,0x2C,0xD6,0xB7,0xFF,0x2B,0xD5,0xB7,0xFF,
  0x32,0xC1,0x94,0xFF,0x31,0xBA,0x82,0xFF,0x2E,0xBE,0x85,0xFF,
  0x30,0xC2,0x87,0xFF,0x31,0xC9,0x8E,0xFF,0x31,0xC9,0x8E,0xFF,
  0x32,0xD0,0xA8,0xFF,0x35,0xDA,0xBD,0xFF,0x35,0xDA,0xBA,0xFF,
  0x35,0xDA,0xBB,0xFF,0x36,0xDA,0xBB,0xFF,0x34,0xDA,0xBA,0xFF,
  0x31,0xD8,0xB9,0xFF,0x30,0xD7,0xB8,0xFF,0x2D,0xD6,0xB7,0xFF,
  0x2A,0xD5,0xB6,0xFF,0x28,0xD6,0xB6,0xFF,0x2A,0xD5,0xB7,0xFF,
  0x2C,0xD5,0xB7,0xFF,0x2C,0xD5,0xB9,0xFF,0x2D,0xD5,0xB8,0xFF,
  0x2E,0xD5,0xB7,0xFF,0x2E,0xD5,0xB9,0xFF,0x2F,0xD6,0xB9,0xFF,
  0x30,0xD7,0xB9,0xFF,0x31,0xD6,0xBA,0xFF,0x30,0xD7,0xBB,0xFF,
  0x2F,0xD7,0xBC,0xFF,0x2E,0xD7,0xBB,0xFF,0x2F,0xD6,0xB9,0xFF,
  0x2F,0xD6,0xB8,0xFF,0x2F,0xD5,0xB8,0xFF,0x2F,0xD5,0xB7,0xFF,
  0x2F,0xD5,0xB7,0xFF,0x2F,0xD5,0xB7,0xFF,0x30,0xD4,0xB6,0xFF,
  0x2F,0xD4,0xB6,0xFF,0x30,0xD5,0xB7,0xFF,0x31,0xD5,0xB8,0xFF,
  0x31,0xD6,0xB7,0xFF,0x33,0xD7,0xB7,0xFF,0x34,0xD7,0xB7,0xFF,
  0x34,0xD7,0xB9,0xFF,0x34,0xD9,0xB9,0xFF,0x34,0xD8,0xBA,0xFF,
  0x36,0xD8,0xBB,0xFF,0x35,0xD8,0xBB,0xFF,0x33,0xD8,0xBC,0xFF,
  0x32,0xD9,0xBA,0xFF,0x31,0xDA,0xBA,0xFF,0x32,0xD8,0xBA,0xFF,
  0x32,0xD8,0xB9,0xFF,0x31,0xD7,0xB8,0xFF,0x30,0xD7,0xB8,0xFF,
  0x30,0xD7,0xB8,0xFF,0x31,0xD6,0xB8,0xFF,0x30,0xD6,0xB9,0xFF,
  0x30,0xD7,0xB9,0xFF,0x30,0xD6,0xB9,0xFF,0x30,0xD5,0xB8,0xFF,
  0x30,0xD6,0xB7,0xFF,0x30,0xD6,0xB8,0xFF,0x31,0xD7,0xB8,0xFF,
  0x31,0xD6,0xB8,0xFF,0x32,0xD8,0xBA,0xFF,0x32,0xD8,0xBA,0xFF,
  0x32,0xD7,0xB9,0xFF,0x31,0xD7,0xB9,0xFF,0x31,0xD7,0xB9,0xFF,
  0x32,0xD7,0xB9,0xFF,0x31,0xD6,0xB8,0xFF,0x2F,0xD5,0xB7,0xFF,
  0x2E,0xD5,0xB4,0xFF,0x2C,0xD5,0xB2,0xFF,0x31,0xD4,0xAD,0xFF,
  0x34,0xD1,0xA6,0xFF,0x35,0xD2,0xA5,0xFF,0x36,0xCE,0xA0,0xFF,
  0x33,0xC3,0x8E,0xFF,0x35,0xBE,0x7F,0xFF,0x35,0xBB,0x7A,0xFF,
  0x2F,0xC7,0x9B,0xFF,0x2F,0xC5,0x9B,0xFF,0x34,0xB7,0x82,0xFF,
  0x32,0xBC,0x86,0xFF,0x31,0xBE,0x88,0xFF,0x31,0xBE,0x87,0xFF,
  0x31,0xBF,0x88,0xFF,0x2E,0xC0,0x8A,0xFF,0x2F,0xC2,0x8F,0xFF,
  0x30,0xBF,0x91,0xFF,0x2C,0xC4,0xA2,0xFF,0x29,0xD0,0xB5,0xFF,
  0x2C,0xD1,0xB2,0xFF,0x2E,0xD4,0xB3,0xFF,0x2F,0xD5,0xB4,0xFF,
  0x30,0xD2,0xB2,0xFF,0x30,0xDD,0xBE,0xFF,0x35,0xA0,0x80,0xFF,
  0x3D,0xCA,0xA9,0xFF,0x33,0xDB,0xBC,0xFF,0x30,0xD9,0xB7,0xFF,
  0x31,0xD9,0xB8,0xFF,0x2E,0xD8,0xB6,0xFF,0x2F,0xD8,0xB4,0xFF,
  0x30,0xD8,0xB4,0xFF,0x2E,0xD7,0xB4,0xFF,0x2B,0xD5,0xB2,0xFF,
  0x29,0xD3,0xB3,0xFF,0x2B,0xD7,0xB8,0xFF,0x2B,0xD9,0xB8,0xFF,
  0x2C,0xD8,0xB7,0xFF,0x2D,0xD8,0xB9,0xFF,0x2E,0xD7,0xB9,0xFF,
  0x2F,0xD8,0xB8,0xFF,0x31,0xD7,0xBA,0xFF,0x30,0xD7,0xBA,0xFF,
  0x2F,0xD6,0xB9,0xFF,0x31,0xD6,0xB8,0xFF,0x31,0xD5,0xB8,0xFF,
  0x31,0xD5,0xB8,0xFF,0x30,0xD5,0xB8,0xFF,0x2F,0xD4,0xB7,0xFF,
  0x2D,0xD4,0xB7,0xFF,0x2D,0xD5,0xB7,0xFF,0x2C,0xD4,0xB8,0xFF,
  0x2B,0xD3,0xB9,0xFF,0x30,0xD4,0xBA,0xFF,0x3B,0xBF,0x81,0xFF,
  0x3B,0xBA,0x7B,0xFF,0x40,0xB8,0x76,0xFF,0x3A,0xCE,0xA3,0xFF,
  0x37,0xD9,0xC3,0xFF,0x38,0xD7,0xC0,0xFF,0x36,0xDA,0xC1,0xFF,
  0x35,0xDA,0xBA,0xFF,0x32,0xD9,0xBB,0xFF,0x32,0xDC,0xBD,0xFF,
  0x2F,0xD9,0xBB,0xFF,0x2F,0xD5,0xB8,0xFF,0x30,0xD5,0xB8,0xFF,
  0x2F,0xD4,0xB8,0xFF,0x31,0xD3,0xB7,0xFF,0x31,0xD3,0xB8,0xFF,
  0x31,0xD3,0xB8,0xFF,0x30,0xD4,0xB6,0xFF,0x2E,0xD6,0xB5,0xFF,
  0x2D,0xD6,0xB5,0xFF,0x2E,0xD6,0xB4,0xFF,0x2F,0xD7,0xB3,0xFF,
  0x2F,0xD7,0xB3,0xFF,0x30,0xD6,0xB3,0xFF,0x2F,0xD7,0xB3,0xFF,
  0x2F,0xD7,0xB4,0xFF,0x2F,0xD7,0xB4,0xFF,0x2E,0xD6,0xB4,0xFF,
  0x2D,0xD6,0xB4,0xFF,0x2E,0xD7,0xB5,0xFF,0x2D,0xD3,0xAE,0xFF,
  0x2F,0xCE,0xA8,0xFF,0x2F,0xD0,0xA9,0xFF,0x2B,0xD6,0xB6,0xFF,
  0x2B,0xD8,0xB9,0xFF,0x2B,0xD7,0xB9,0xFF,0x2C,0xD7,0xBA,0xFF,
  0x2E,0xD8,0xBA,0xFF,0x2E,0xD8,0xBA,0xFF,0x2E,0xD9,0xBB,0xFF,
  0x2F,0xD9,0xBC,0xFF,0x30,0xD9,0xBC,0xFF,0x30,0xDA,0xBD,0xFF,
  0x30,0xDB,0xBE,0xFF,0x30,0xDC,0xBE,0xFF,0x30,0xDB,0xBE,0xFF,
  0x30,0xDA,0xBD,0xFF,0x2F,0xDA,0xBC,0xFF,0x2F,0xD9,0xBC,0xFF,
  0x2F,0xD9,0xBC,0xFF,0x2E,0xD9,0xBC,0xFF,0x2E,0xDA,0xBC,0xFF,
  0x2F,0xDA,0xBC,0xFF,0x30,0xD9,0xBC,0xFF,0x30,0xD9,0xBC,0xFF,
  0x2F,0xD9,0xBC,0xFF,0x2E,0xD9,0xBB,0xFF,0x2E,0xD8,0xBA,0xFF,
  0x2D,0xD8,0xBA,0xFF,0x2E,0xD7,0xB8,0xFF,0x2F,0xD8,0xB8,0xFF,
  0x2E,0xD9,0xB9,0xFF,0x2E,0xDA,0xBA,0xFF,0x30,0xDA,0xBA,0xFF,
  0x30,0xDA,0xBB,0xFF,0x2F,0xD9,0xBA,0xFF,0x2E,0xD8,0xBA,0xFF,
  0x2C,0xD7,0xB9,0xFF,0x2E,0xD7,0xB8,0xFF,0x2F,0xD7,0xB8,0xFF,
  0x31,0xD9,0xB9,0xFF,0x34,0xD9,0xBA,0xFF,0x36,0xDB,0xC0,0xFF,
  0x38,0xD4,0xAF,0xFF,0x30,0xC5,0x8D,0xFF,0x31,0xC0,0x85,0xFF,
  0x33,0xD0,0xAA,0xFF,0x34,0xD9,0xBC,0xFF,0x35,0xD4,0xAD,0xFF,
  0x30,0xD4,0xB4,0xFF,0x2E,0xD4,0xB9,0xFF,0x30,0xD3,0xBA,0xFF,
  0x32,0xD4,0xBA,0xFF,0x32,0xD6,0xBA,0xFF,0x32,0xD8,0xBB,0xFF,
  0x31,0xD9,0xBB,0xFF,0x31,0xD9,0xBC,0xFF,0x30,0xDA,0xBC,0xFF,
  0x30,0xDA,0xBB,0xFF,0x30,0xD9,0xBB,0xFF,0x30,0xD9,0xBC,0xFF,
  0x30,0xD9,0xBB,0xFF,0x2F,0xD8,0xBA,0xFF,0x2F,0xD8,0xBA,0xFF,
  0x2F,0xD9,0xBB,0xFF,0x30,0xD9,0xBC,0xFF,0x30,0xD9,0xBC,0xFF,
  0x31,0xD9,0xBC,0xFF,0x33,0xDA,0xBD,0xFF,0x34,0xDA,0xBC,0xFF,
  0x34,0xDA,0xBC,0xFF,0x34,0xDA,0xBC,0xFF,0x33,0xDA,0xBB,0xFF,
  0x34,0xD9,0xBA,0xFF,0x36,0xD9,0xBA,0xFF,0x34,0xD4,0xB6,0xFF,
  0x36,0xD3,0xAE,0xFF,0x32,0xD7,0xB8,0xFF,0x31,0xD7,0xBB,0xFF,
  0x30,0xD6,0xB9,0xFF,0x2D,0xD6,0xB7,0xFF,0x2B,0xD5,0xB8,0xFF,
  0x30,0xCD,0xA9,0xFF,0x31,0xC1,0x8F,0xFF,0x2F,0xC1,0x8D,0xFF,
  0x32,0xC4,0x8F,0xFF,0x32,0xC7,0x8F,0xFF,0x32,0xC7,0x8A,0xFF,
  0x32,0xCD,0xA2,0xFF,0x35,0xDC,0xC0,0xFF,0x34,0xDA,0xB9,0xFF,
  0x34,0xDB,0xBA,0xFF,0x34,0xDA,0xBA,0xFF,0x32,0xDA,0xB9,0xFF,
  0x31,0xD8,0xB8,0xFF,0x2F,0xD7,0xB8,0xFF,0x2D,0xD7,0xB6,0xFF,
  0x2B,0xD6,0xB6,0xFF,0x29,0xD6,0xB7,0xFF,0x2A,0xD6,0xB8,0xFF,
  0x2C,0xD6,0xB8,0xFF,0x2D,0xD6,0xB9,0xFF,0x2E,0xD5,0xB8,0xFF,
  0x2E,0xD5,0xB8,0xFF,0x2F,0xD9,0xBC,0xFF,0x2F,0xD5,0xB9,0xFF,
  0x31,0xD7,0xB9,0xFF,0x31,0xD6,0xBA,0xFF,0x30,0xD5,0xBB,0xFF,
  0x30,0xD6,0xBB,0xFF,0x2F,0xD7,0xBA,0xFF,0x2F,0xD7,0xB9,0xFF,
  0x30,0xD5,0xB9,0xFF,0x30,0xD5,0xB8,0xFF,0x30,0xD5,0xB8,0xFF,
  0x30,0xD6,0xB8,0xFF,0x30,0xD6,0xB8,0xFF,0x30,0xD5,0xB7,0xFF,
  0x2F,0xD5,0xB7,0xFF,0x30,0xD5,0xB7,0xFF,0x30,0xD6,0xB7,0xFF,
  0x31,0xD7,0xB7,0xFF,0x33,0xD6,0xB7,0xFF,0x36,0xD5,0xB8,0xFF,
  0x36,0xD7,0xB9,0xFF,0x36,0xD8,0xB8,0xFF,0x37,0xD7,0xBB,0xFF,
  0x38,0xD8,0xBE,0xFF,0x38,0xD9,0xBE,0xFF,0x37,0xD9,0xBD,0xFF,
  0x33,0xDA,0xBA,0xFF,0x31,0xD9,0xB9,0xFF,0x31,0xD7,0xB9,0xFF,
  0x31,0xD6,0xB8,0xFF,0x32,0xD6,0xB7,0xFF,0x31,0xD7,0xB9,0xFF,
  0x31,0xD7,0xB8,0xFF,0x30,0xD7,0xB8,0xFF,0x30,0xD6,0xB8,0xFF,
  0x31,0xD6,0xB9,0xFF,0x30,0xD6,0xB9,0xFF,0x30,0xD6,0xB8,0xFF,
  0x30,0xD6,0xB8,0xFF,0x30,0xD6,0xB8,0xFF,0x31,0xD6,0xB8,0xFF,
  0x32,0xD7,0xB9,0xFF,0x32,0xD7,0xBA,0xFF,0x32,0xD7,0xBA,0xFF,
  0x32,0xD7,0xBA,0xFF,0x31,0xD7,0xBA,0xFF,0x31,0xD6,0xB9,0xFF,
  0x32,0xD6,0xB9,0xFF,0x31,0xD6,0xB8,0xFF,0x2F,0xD4,0xB7,0xFF,
  0x2F,0xD6,0xB5,0xFF,0x2E,0xD7,0xB3,0xFF,0x30,0xD4,0xAD,0xFF,
  0x33,0xD3,0xAA,0xFF,0x34,0xD4,0xAC,0xFF,0x36,0xD5,0xAC,0xFF,
  0x35,0xCF,0xA0,0xFF,0x33,0xC0,0x85,0xFF,0x34,0xBE,0x82,0xFF,
  0x2E,0xCC,0xA3,0xFF,0x2E,0xC9,0xA0,0xFF,0x31,0xBB,0x8A,0xFF,
  0x31,0xC0,0x8D,0xFF,0x31,0xBF,0x89,0xFF,0x33,0xBB,0x83,0xFF,
  0x34,0xBA,0x82,0xFF,0x31,0xBD,0x85,0xFF,0x2F,0xBF,0x8D,0xFF,
  0x2E,0xC7,0x9E,0xFF,0x2B,0xCC,0xAD,0xFF,0x29,0xD0,0xB4,0xFF,
  0x2A,0xD1,0xB2,0xFF,0x2C,0xD4,0xB2,0xFF,0x2D,0xD4,0xB3,0xFF,
  0x2F,0xD1,0xB1,0xFF,0x31,0xDA,0xBA,0xFF,0x35,0x9D,0x7F,0xFF,
  0x3B,0xCA,0xAA,0xFF,0x33,0xDC,0xBD,0xFF,0x32,0xD9,0xB9,0xFF,
  0x34,0xDC,0xBC,0xFF,0x31,0xDD,0xBB,0xFF,0x32,0xDD,0xB9,0xFF,
  0x33,0xDC,0xB9,0xFF,0x31,0xDB,0xBA,0xFF,0x2F,0xD9,0xB8,0xFF,
  0x2C,0xD7,0xBA,0xFF,0x2D,0xD4,0xB4,0xFF,0x2D,0xD5,0xB4,0xFF,
  0x2C,0xD8,0xB6,0xFF,0x2D,0xD8,0xB8,0xFF,0x2E,0xD8,0xB9,0xFF,
  0x30,0xD9,0xB9,0xFF,0x31,0xD9,0xBB,0xFF,0x30,0xD8,0xBB,0xFF,
  0x30,0xD9,0xBB,0xFF,0x32,0xD9,0xBB,0xFF,0x32,0xD8,0xBA,0xFF,
  0x32,0xD8,0xBB,0xFF,0x32,0xD8,0xBB,0xFF,0x2F,0xD7,0xBA,0xFF,
  0x2C,0xD7,0xBA,0xFF,0x2C,0xD8,0xBA,0xFF,0x2B,0xD7,0xBC,0xFF,
  0x2B,0xD7,0xBF,0xFF,0x2F,0xD8,0xBF,0xFF,0x3A,0xBD,0x7A,0xFF,
  0x3A,0xB8,0x75,0xFF,0x3D,0xB8,0x71,0xFF,0x39,0xD0,0xA2,0xFF,
  0x37,0xDD,0xCA,0xFF,0x38,0xD9,0xC2,0xFF,0x37,0xDB,0xC0,0xFF,
  0x35,0xD9,0xB9,0xFF,0x34,0xD7,0xB8,0xFF,0x32,0xD5,0xAF,0xFF,
  0x2F,0xD5,0xB2,0xFF,0x2F,0xD5,0xB8,0xFF,0x2F,0xD5,0xB8,0xFF,
  0x2F,0xD7,0xBE,0xFF,0x31,0xD7,0xBC,0xFF,0x33,0xD4,0xB9,0xFF,
  0x33,0xD3,0xB7,0xFF,0x31,0xD3,0xB5,0xFF,0x2E,0xD6,0xB5,0xFF,
  0x2F,0xD6,0xB5,0xFF,0x2E,0xD6,0xB4,0xFF,0x2F,0xD7,0xB3,0xFF,
  0x2F,0xD7,0xB3,0xFF,0x30,0xD6,0xB3,0xFF,0x2F,0xD7,0xB3,0xFF,
  0x2F,0xD7,0xB4,0xFF,0x2E,0xD6,0xB3,0xFF,0x2E,0xD6,0xB3,0xFF,
  0x2D,0xD6,0xB3,0xFF,0x2E,0xD6,0xB3,0xFF,0x2D,0xD3,0xAE,0xFF,
  0x2F,0xD2,0xAE,0xFF,0x2E,0xD4,0xB0,0xFF,0x2B,0xD6,0xB8,0xFF,
  0x2C,0xD8,0xB9,0xFF,0x2C,0xD7,0xB9,0xFF,0x2D,0xD7,0xBA,0xFF,
  0x2E,0xD8,0xBA,0xFF,0x2E,0xD8,0xBA,0xFF,0x2E,0xD9,0xBB,0xFF,
  0x2F,0xD9,0xBC,0xFF,0x30,0xD9,0xBC,0xFF,0x30,0xDA,0xBD,0xFF,
  0x30,0xDB,0xBE,0xFF,0x30,0xDC,0xBE,0xFF,0x30,0xDB,0xBE,0xFF,
  0x30,0xDA,0xBD,0xFF,0x2F,0xDA,0xBC,0xFF,0x2F,0xD9,0xBC,0xFF,
  0x2F,0xD9,0xBC,0xFF,0x2E,0xD9,0xBC,0xFF,0x2E,0xDA,0xBC,0xFF,
  0x2F,0xDA,0xBC,0xFF,0x30,0xD9,0xBC,0xFF,0x30,0xD9,0xBC,0xFF,
  0x2F,0xD9,0xBC,0xFF,0x2E,0xD9,0xBB,0xFF,0x2E,0xD8,0xBA,0xFF,
  0x2E,0xD8,0xBA,0xFF,0x2E,0xD7,0xB8,0xFF,0x2F,0xD8,0xB8,0xFF,
  0x2E,0xD9,0xB9,0xFF,0x2E,0xDA,0xBA,0xFF,0x30,0xDA,0xBA,0xFF,
  0x30,0xD9,0xBA,0xFF,0x2F,0xD9,0xBA,0xFF,0x2E,0xD8,0xBA,0xFF,
  0x2D,0xDA,0xBC,0xFF,0x2F,0xDB,0xBC,0xFF,0x31,0xDB,0xBB,0xFF,
  0x33,0xDC,0xBC,0xFF,0x36,0xDC,0xBD,0xFF,0x38,0xE0,0xC7,0xFF,
  0x38,0xD4,0xAC,0xFF,0x30,0xBE,0x82,0xFF,0x31,0xBE,0x80,0xFF,
  0x32,0xD2,0xAA,0xFF,0x32,0xDC,0xBF,0xFF,0x32,0xD4,0xAF,0xFF,
  0x30,0xD8,0xBA,0xFF,0x2E,0xD7,0xBF,0xFF,0x30,0xD6,0xBF,0xFF,
  0x32,0xD7,0xBF,0xFF,0x32,0xD9,0xBD,0xFF,0x33,0xDA,0xBC,0xFF,
  0x31,0xDA,0xBC,0xFF,0x31,0xDA,0xBD,0xFF,0x30,0xDA,0xBC,0xFF,
  0x30,0xDA,0xBB,0xFF,0x30,0xD9,0xBB,0xFF,0x30,0xD9,0xBC,0xFF,
  0x30,0xD9,0xBB,0xFF,0x2F,0xD8,0xBA,0xFF,0x2F,0xD8,0xBA,0xFF,
  0x2F,0xD9,0xBB,0xFF,0x30,0xD9,0xBC,0xFF,0x30,0xD9,0xBC,0xFF,
  0x31,0xD9,0xBC,0xFF,0x33,0xDA,0xBB,0xFF,0x34,0xDA,0xBC,0xFF,
  0x34,0xDA,0xBC,0xFF,0x34,0xDA,0xBC,0xFF,0x33,0xDA,0xBB,0xFF,
  0x34,0xD9,0xBA,0xFF,0x36,0xD9,0xB9,0xFF,0x34,0xD6,0xB8,0xFF,
  0x34,0xDD,0xBD,0xFF,0x32,0xD8,0xBC,0xFF,0x33,0xD6,0xBB,0xFF,
  0x31,0xD6,0xB9,0xFF,0x2F,0xD6,0xB7,0xFF,0x2C,0xD5,0xB8,0xFF,
  0x2D,0xD5,0xB8,0xFF,0x2E,0xCC,0xA5,0xFF,0x2E,0xCB,0xA2,0xFF,
  0x32,0xCD,0xA4,0xFF,0x33,0xC8,0x97,0xFF,0x33,0xC2,0x85,0xFF,
  0x34,0xCD,0xA1,0xFF,0x35,0xDC,0xC0,0xFF,0x34,0xDA,0xB9,0xFF,
  0x34,0xDB,0xBA,0xFF,0x34,0xDB,0xBB,0xFF,0x33,0xDB,0xBA,0xFF,
  0x32,0xDA,0xB9,0xFF,0x30,0xD9,0xB9,0xFF,0x2D,0xD7,0xB6,0xFF,
  0x2B,0xD6,0xB6,0xFF,0x29,0xD6,0xB7,0xFF,0x2A,0xD6,0xB8,0xFF,
  0x2C,0xD6,0xB9,0xFF,0x2D,0xD6,0xB9,0xFF,0x2E,0xD5,0xB8,0xFF,
  0x2F,0xD4,0xB7,0xFF,0x2F,0xD4,0xB2,0xFF,0x31,0xD8,0xBB,0xFF,
  0x33,0xD7,0xBC,0xFF,0x31,0xD7,0xBD,0xFF,0x30,0xDA,0xC1,0xFF,
  0x30,0xDA,0xBF,0xFF,0x2F,0xD7,0xBA,0xFF,0x2F,0xD7,0xB9,0xFF,
  0x30,0xD5,0xB9,0xFF,0x30,0xD5,0xB8,0xFF,0x30,0xD5,0xB8,0xFF,
  0x30,0xD6,0xB8,0xFF,0x30,0xD6,0xB8,0xFF,0x30,0xD5,0xB7,0xFF,
  0x2F,0xD5,0xB7,0xFF,0x30,0xD5,0xB7,0xFF,0x30,0xD6,0xB7,0xFF,
  0x31,0xD7,0xB7,0xFF,0x33,0xD7,0xBA,0xFF,0x36,0xD8,0xBC,0xFF,
  0x38,0xDA,0xBC,0xFF,0x39,0xDA,0xBD,0xFF,0x39,0xD8,0xBF,0xFF,
  0x39,0xDA,0xBF,0xFF,0x39,0xDC,0xC0,0xFF,0x39,0xDB,0xBE,0xFF,
  0x34,0xDB,0xBC,0xFF,0x32,0xDA,0xBC,0xFF,0x31,0xDA,0xBC,0xFF,
  0x31,0xD9,0xBB,0xFF,0x32,0xD9,0xB9,0xFF,0x32,0xD9,0xB9,0xFF,
  0x32,0xD7,0xB8,0xFF,0x30,0xD7,0xB8,0xFF,0x30,0xD6,0xB8,0xFF,
  0x31,0xD6,0xB9,0xFF,0x30,0xD6,0xB9,0xFF,0x30,0xD6,0xB8,0xFF,
  0x30,0xD6,0xB8,0xFF,0x30,0xD6,0xB8,0xFF,0x31,0xD6,0xB8,0xFF,
  0x32,0xD7,0xB9,0xFF,0x32,0xD7,0xBA,0xFF,0x32,0xD7,0xBA,0xFF,
  0x32,0xD7,0xBA,0xFF,0x31,0xD7,0xBA,0xFF,0x31,0xD6,0xB9,0xFF,
  0x32,0xD6,0xB9,0xFF,0x31,0xD6,0xB8,0xFF,0x31,0xD6,0xB8,0xFF,
  0x30,0xD6,0xB3,0xFF,0x30,0xD5,0xAF,0xFF,0x31,0xD2,0xAB,0xFF,
  0x33,0xD3,0xAA,0xFF,0x34,0xD3,0xAD,0xFF,0x34,0xD6,0xB0,0xFF,
  0x34,0xD6,0xAB,0xFF,0x33,0xC8,0x96,0xFF,0x33,0xC8,0x96,0xFF,
  0x2D,0xD0,0xAC,0xFF,0x2C,0xCE,0xA9,0xFF,0x2F,0xC6,0x9B,0xFF,
  0x2F,0xC9,0x9D,0xFF,0x30,0xC7,0x98,0xFF,0x32,0xC3,0x90,0xFF,
  0x33,0xBF,0x8A,0xFF,0x30,0xC0,0x8B,0xFF,0x2D,0xC4,0x97,0xFF,
  0x2B,0xCE,0xAB,0xFF,0x29,0xD1,0xB3,0xFF,0x29,0xD2,0xB4,0xFF,
  0x2B,0xD3,0xB4,0xFF,0x2D,0xD4,0xB4,0xFF,0x2D,0xD5,0xB6,0xFF,
  0x2F,0xD3,0xB4,0xFF,0x31,0xDD,0xBE,0xFF,0x35,0xA0,0x82,0xFF,
  0x38,0xCC,0xAB,0xFF,0x34,0xDD,0xBD,0xFF,0x35,0xDA,0xBB,0xFF,
  0x37,0xDE,0xBD,0xFF,0x35,0xDF,0xBC,0xFF,0x36,0xDF,0xBA,0xFF,
  0x37,0xDF,0xBB,0xFF,0x35,0xDF,0xBC,0xFF,0x33,0xDB,0xBC,0xFF,
  0x30,0xDC,0xBC,0xFF,0x30,0xCD,0xA6,0xFF,0x2E,0xCD,0xAA,0xFF,
  0x2D,0xD5,0xB2,0xFF,0x2C,0xD6,0xB3,0xFF,0x2F,0xD8,0xB6,0xFF,
  0x31,0xD9,0xB7,0xFF,0x32,0xDA,0xB9,0xFF,0x31,0xDA,0xB9,0xFF,
  0x32,0xDB,0xBA,0xFF,0x34,0xDB,0xBB,0xFF,0x34,0xDA,0xBB,0xFF,
  0x33,0xDA,0xBC,0xFF,0x33,0xD9,0xBC,0xFF,0x30,0xD9,0xBB,0xFF,
  0x2C,0xD9,0xB9,0xFF,0x2C,0xD9,0xBA,0xFF,0x2B,0xDA,0xBC,0xFF,
  0x2D,0xDA,0xC1,0xFF,0x2F,0xDB,0xC0,0xFF,0x37,0xBF,0x7F,0xFF,
  0x38,0xBD,0x7A,0xFF,0x39,0xBE,0x77,0xFF,0x38,0xD3,0xA2,0xFF,
  0x36,0xDF,0xC5,0xFF,0x38,0xD7,0xB6,0xFF,0x38,0xD6,0xB0,0xFF,
  0x34,0xD6,0xB7,0xFF,0x35,0xD4,0xB2,0xFF,0x31,0xC5,0x95,0xFF,
  0x30,0xCC,0xA4,0xFF,0x2F,0xD7,0xBA,0xFF,0x2E,0xD4,0xB9,0xFF,
  0x2F,0xDA,0xBF,0xFF,0x30,0xD9,0xB9,0xFF,0x33,0xD2,0xAE,0xFF,
  0x34,0xCD,0xA9,0xFF,0x32,0xCE,0xAB,0xFF,0x2D,0xD5,0xB6,0xFF,
  0x2F,0xD6,0xB5,0xFF,0x2F,0xD6,0xB4,0xFF,0x2F,0xD6,0xB3,0xFF,
  0x2F,0xD6,0xB3,0xFF,0x30,0xD6,0xB4,0xFF,0x30,0xD6,0xB3,0xFF,
  0x2F,0xD6,0xB3,0xFF,0x2D,0xD5,0xB3,0xFF,0x2D,0xD5,0xB3,0xFF,
  0x2C,0xD5,0xB2,0xFF,0x2C,0xD5,0xB1,0xFF,0x2E,0xD5,0xB1,0xFF,
  0x30,0xD8,0xB6,0xFF,0x2E,0xD9,0xB8,0xFF,0x2C,0xD7,0xB9,0xFF,
  0x2D,0xD8,0xB9,0xFF,0x2D,0xD7,0xB9,0xFF,0x2E,0xD7,0xBA,0xFF,
  0x2F,0xD7,0xBA,0xFF,0x2F,0xD8,0xBA,0xFF,0x2F,0xD9,0xBB,0xFF,
  0x30,0xD9,0xBC,0xFF,0x31,0xDA,0xBD,0xFF,0x30,0xDA,0xBE,0xFF,
  0x30,0xDA,0xBE,0xFF,0x30,0xDB,0xBF,0xFF,0x31,0xDB,0xBE,0xFF,
  0x30,0xDB,0xBD,0xFF,0x2F,0xDA,0xBC,0xFF,0x2F,0xD9,0xBC,0xFF,
  0x2F,0xD8,0xBB,0xFF,0x2E,0xD8,0xBB,0xFF,0x2E,0xDA,0xBB,0xFF,
  0x2F,0xDA,0xBB,0xFF,0x30,0xD9,0xBC,0xFF,0x31,0xD9,0xBC,0xFF,
  0x30,0xD9,0xBB,0xFF,0x2E,0xD8,0xBA,0xFF,0x2E,0xD8,0xBA,0xFF,
  0x2F,0xD8,0xBA,0xFF,0x2E,0xD7,0xB8,0xFF,0x2E,0xD8,0xB8,0xFF,
  0x2F,0xD9,0xB9,0xFF,0x2F,0xD9,0xB9,0xFF,0x2F,0xD9,0xB9,0xFF,
  0x2F,0xD8,0xBA,0xFF,0x2F,0xD9,0xBA,0xFF,0x2E,0xD7,0xBA,0xFF,
  0x2E,0xDC,0xBD,0xFF,0x32,0xDF,0xBD,0xFF,0x34,0xDE,0xBC,0xFF,
  0x35,0xDF,0xBC,0xFF,0x39,0xDE,0xBD,0xFF,0x39,0xE4,0xC7,0xFF,
  0x37,0xD7,0xAC,0xFF,0x31,0xC2,0x86,0xFF,0x2E,0xC2,0x85,0xFF,
  0x2F,0xD3,0xA8,0xFF,0x2E,0xDB,0xB8,0xFF,0x2E,0xD0,0xAB,0xFF,
  0x30,0xDB,0xBD,0xFF,0x2F,0xD9,0xC0,0xFF,0x2F,0xD8,0xBF,0xFF,
  0x30,0xD9,0xBB,0xFF,0x32,0xDA,0xBD,0xFF,0x33,0xDA,0xBC,0xFF,
  0x31,0xD9,0xBB,0xFF,0x30,0xDA,0xBD,0xFF,0x2F,0xDA,0xBB,0xFF,
  0x30,0xDA,0xBB,0xFF,0x30,0xD9,0xBB,0xFF,0x30,0xDA,0xBB,0xFF,
  0x30,0xD9,0xBB,0xFF,0x2F,0xD8,0xBA,0xFF,0x2F,0xD8,0xB9,0xFF,
  0x2F,0xD9,0xBA,0xFF,0x30,0xDA,0xBC,0xFF,0x30,0xDA,0xBC,0xFF,
  0x31,0xD9,0xBB,0xFF,0x32,0xD9,0xBB,0xFF,0x33,0xDA,0xBB,0xFF,
  0x33,0xDB,0xBB,0xFF,0x33,0xDA,0xBB,0xFF,0x33,0xD9,0xBA,0xFF,
  0x33,0xDA,0xB9,0xFF,0x35,0xDA,0xB9,0xFF,0x35,0xD9,0xBA,0xFF,
  0x34,0xDA,0xBC,0xFF,0x34,0xD7,0xBB,0xFF,0x34,0xD6,0xBA,0xFF,
  0x32,0xD6,0xB9,0xFF,0x31,0xD6,0xB8,0xFF,0x2E,0xD6,0xB7,0xFF,
  0x2B,0xD5,0xBA,0xFF,0x2B,0xD6,0xBA,0xFF,0x2B,0xD6,0xB9,0xFF,
  0x30,0xD8,0xBC,0xFF,0x33,0xCF,0xA5,0xFF,0x33,0xBF,0x87,0xFF,
  0x35,0xCF,0xA7,0xFF,0x34,0xDA,0xBD,0xFF,0x34,0xDA,0xB9,0xFF,
  0x33,0xDA,0xBA,0xFF,0x34,0xDB,0xBA,0xFF,0x34,0xDB,0xBA,0xFF,
  0x33,0xDB,0xB9,0xFF,0x32,0xD9,0xB8,0xFF,0x2D,0xD7,0xB6,0xFF,
  0x2C,0xD6,0xB6,0xFF,0x2B,0xD6,0xB7,0xFF,0x2C,0xD7,0xB9,0xFF,
  0x2D,0xD7,0xBA,0xFF,0x2D,0xD5,0xB9,0xFF,0x2F,0xD5,0xB9,0xFF,
  0x31,0xD3,0xB2,0xFF,0x30,0xC7,0x9A,0xFF,0x33,0xD7,0xB6,0xFF,
  0x33,0xD7,0xBF,0xFF,0x30,0xD7,0xBE,0xFF,0x30,0xDC,0xBC,0xFF,
  0x2F,0xDC,0xBC,0xFF,0x2D,0xD7,0xBB,0xFF,0x2F,0xD7,0xB9,0xFF,
  0x2E,0xD6,0xB8,0xFF,0x2F,0xD5,0xB8,0xFF,0x2F,0xD5,0xB8,0xFF,
  0x2F,0xD6,0xB8,0xFF,0x30,0xD7,0xB8,0xFF,0x30,0xD6,0xB8,0xFF,
  0x2F,0xD6,0xB7,0xFF,0x30,0xD5,0xB7,0xFF,0x31,0xD6,0xB7,0xFF,
  0x31,0xD6,0xB7,0xFF,0x34,0xD9,0xB9,0xFF,0x36,0xDB,0xBA,0xFF,
  0x38,0xDD,0xBC,0xFF,0x3B,0xDC,0xC1,0xFF,0x3A,0xDA,0xBE,0xFF,
  0x39,0xD8,0xB2,0xFF,0x38,0xD8,0xB4,0xFF,0x38,0xD7,0xB3,0xFF,
  0x35,0xDA,0xBB,0xFF,0x33,0xDC,0xBC,0xFF,0x31,0xDC,0xBB,0xFF,
  0x32,0xDB,0xBA,0xFF,0x33,0xDB,0xB8,0xFF,0x32,0xD8,0xB4,0xFF,
  0x32,0xD7,0xB7,0xFF,0x31,0xD6,0xB8,0xFF,0x30,0xD6,0xB8,0xFF,
  0x30,0xD7,0xB8,0xFF,0x2F,0xD6,0xB8,0xFF,0x30,0xD6,0xB9,0xFF,
  0x30,0xD6,0xB8,0xFF,0x2F,0xD6,0xB7,0xFF,0x30,0xD7,0xB8,0xFF,
  0x32,0xD8,0xB9,0xFF,0x31,0xD7,0xB9,0xFF,0x31,0xD8,0xB9,0xFF,
  0x32,0xD8,0xB9,0xFF,0x31,0xD8,0xB9,0xFF,0x31,0xD6,0xB8,0xFF,
  0x31,0xD6,0xB8,0xFF,0x30,0xD5,0xB8,0xFF,0x32,0xD7,0xB6,0xFF,
  0x31,0xD3,0xAB,0xFF,0x32,0xCE,0xA5,0xFF,0x33,0xD1,0xA9,0xFF,
  0x33,0xD2,0xA8,0xFF,0x33,0xD2,0xAA,0xFF,0x33,0xD4,0xAE,0xFF,
  0x32,0xD4,0xAE,0xFF,0x32,0xD4,0xAB,0xFF,0x30,0xD4,0xAE,0xFF,
  0x2A,0xD4,0xB2,0xFF,0x2A,0xD4,0xB1,0xFF,0x2C,0xD2,0xAE,0xFF,
  0x2C,0xD3,0xB0,0xFF,0x2D,0xD2,0xAF,0xFF,0x2E,0xD2,0xAA,0xFF,
  0x2F,0xCB,0xA0,0xFF,0x2B,0xCA,0x9E,0xFF,0x2A,0xD1,0xAB,0xFF,
  0x27,0xD3,0xB3,0xFF,0x27,0xD1,0xB3,0xFF,0x2A,0xD3,0xB5,0xFF,
  0x2F,0xD3,0xB4,0xFF,0x2F,0xD4,0xB5,0xFF,0x2F,0xD5,0xB7,0xFF,
  0x31,0xD4,0xB4,0xFF,0x32,0xE0,0xC0,0xFF,0x36,0xA5,0x84,0xFF,
  0x34,0xCE,0xAE,0xFF,0x35,0xE0,0xBD,0xFF,0x36,0xDE,0xBC,0xFF,
  0x36,0xD7,0xB2,0xFF,0x37,0xD3,0xAA,0xFF,0x38,0xD4,0xAA,0xFF,
  0x39,0xD4,0xAB,0xFF,0x37,0xD4,0xAD,0xFF,0x34,0xD1,0xAB,0xFF,
  0x34,0xD0,0xA7,0xFF,0x35,0xBE,0x8D,0xFF,0x2E,0xC4,0x9D,0xFF,
  0x2D,0xCE,0xA8,0xFF,0x2C,0xCF,0xA7,0xFF,0x2E,0xD1,0xAA,0xFF,
  0x30,0xD1,0xAB,0xFF,0x31,0xD2,0xAC,0xFF,0x30,0xD3,0xAE,0xFF,
  0x32,0xD4,0xAF,0xFF,0x33,0xD4,0xB1,0xFF,0x34,0xD5,0xB2,0xFF,
  0x33,0xD5,0xB3,0xFF,0x33,0xD5,0xB4,0xFF,0x31,0xD4,0xB2,0xFF,
  0x2E,0xD1,0xAC,0xFF,0x2D,0xD0,0xAB,0xFF,0x2C,0xD1,0xAC,0xFF,
  0x2F,0xD2,0xB0,0xFF,0x2F,0xD4,0xAF,0xFF,0x36,0xBF,0x82,0xFF,
  0x36,0xC1,0x7F,0xFF,0x36,0xC2,0x7D,0xFF,0x37,0xCD,0x95,0xFF,
  0x37,0xD0,0xA1,0xFF,0x3B,0xC8,0x8F,0xFF,0x3B,0xC6,0x8D,0xFF,
  0x34,0xD5,0xB4,0xFF,0x35,0xD0,0xAC,0xFF,0x32,0xBA,0x85,0xFF,
  0x31,0xCA,0xA0,0xFF,0x2E,0xD8,0xBB,0xFF,0x2E,0xD4,0xBA,0xFF,
  0x2F,0xD2,0xB1,0xFF,0x30,0xCC,0x9C,0xFF,0x33,0xC3,0x8F,0xFF,
  0x36,0xBF,0x8B,0xFF,0x34,0xC1,0x92,0xFF,0x2E,0xD5,0xB6,0xFF,
  0x2F,0xD7,0xB5,0xFF,0x2F,0xD6,0xB4,0xFF,0x2F,0xD6,0xB3,0xFF,
  0x2F,0xD6,0xB3,0xFF,0x30,0xD7,0xB4,0xFF,0x30,0xD6,0xB3,0xFF,
  0x2F,0xD7,0xB4,0xFF,0x2E,0xD6,0xB5,0xFF,0x2C,0xD5,0xB4,0xFF,
  0x2C,0xD6,0xB4,0xFF,0x2D,0xD7,0xB4,0xFF,0x2E,0xD8,0xB6,0xFF,
  0x2F,0xDA,0xB9,0xFF,0x2E,0xDA,0xBA,0xFF,0x2D,0xD8,0xBA,0xFF,
  0x2D,0xD8,0xB9,0xFF,0x2D,0xD7,0xB9,0xFF,0x2E,0xD7,0xBA,0xFF,
  0x2F,0xD7,0xBA,0xFF,0x2F,0xD8,0xBA,0xFF,0x2F,0xDA,0xBB,0xFF,
  0x31,0xD9,0xBC,0xFF,0x31,0xDA,0xBE,0xFF,0x30,0xDA,0xBE,0xFF,
  0x30,0xDA,0xBE,0xFF,0x30,0xDB,0xBF,0xFF,0x31,0xDC,0xBE,0xFF,
  0x30,0xDB,0xBD,0xFF,0x2F,0xDA,0xBC,0xFF,0x2F,0xDA,0xBC,0xFF,
  0x2F,0xD8,0xBB,0xFF,0x2E,0xD8,0xBB,0xFF,0x2E,0xDA,0xBB,0xFF,
  0x2F,0xDA,0xBB,0xFF,0x2F,0xDA,0xBC,0xFF,0x31,0xD9,0xBD,0xFF,
  0x30,0xD9,0xBB,0xFF,0x2E,0xD8,0xBA,0xFF,0x2E,0xD8,0xBB,0xFF,
  0x2F,0xD8,0xBA,0xFF,0x2E,0xD7,0xB9,0xFF,0x2E,0xD8,0xB8,0xFF,
  0x2F,0xD9,0xBA,0xFF,0x2F,0xD9,0xB9,0xFF,0x2F,0xD9,0xB9,0xFF,
  0x2E,0xD8,0xBA,0xFF,0x2E,0xD9,0xBA,0xFF,0x2E,0xD7,0xBB,0xFF,
  0x2D,0xD5,0xB4,0xFF,0x31,0xD6,0xB0,0xFF,0x33,0xD5,0xAF,0xFF,
  0x34,0xD6,0xAC,0xFF,0x38,0xD5,0xAD,0xFF,0x38,0xDA,0xB6,0xFF,
  0x35,0xD1,0xA3,0xFF,0x31,0xC5,0x8A,0xFF,0x2D,0xC6,0x89,0xFF,
  0x2D,0xCD,0x9C,0xFF,0x2E,0xCE,0x9E,0xFF,0x30,0xC7,0x98,0xFF,
  0x30,0xD2,0xAC,0xFF,0x2F,0xD0,0xAF,0xFF,0x2E,0xCE,0xA9,0xFF,
  0x30,0xCD,0xA2,0xFF,0x32,0xD1,0xAB,0xFF,0x32,0xD5,0xB6,0xFF,
  0x31,0xD6,0xB4,0xFF,0x30,0xD6,0xB7,0xFF,0x2F,0xD9,0xBB,0xFF,
  0x30,0xDA,0xBB,0xFF,0x2F,0xD9,0xBB,0xFF,0x30,0xDA,0xBB,0xFF,
  0x30,0xD9,0xBB,0xFF,0x2F,0xD8,0xBA,0xFF,0x2F,0xD8,0xB9,0xFF,
  0x2F,0xD9,0xBA,0xFF,0x2F,0xDA,0xBC,0xFF,0x30,0xDA,0xBC,0xFF,
  0x31,0xD9,0xBB,0xFF,0x32,0xD9,0xBC,0xFF,0x32,0xDA,0xBB,0xFF,
  0x33,0xDB,0xBB,0xFF,0x32,0xDA,0xBB,0xFF,0x33,0xD9,0xBA,0xFF,
  0x33,0xDA,0xB9,0xFF,0x35,0xDA,0xBA,0xFF,0x36,0xDA,0xBA,0xFF,
  0x35,0xD8,0xBA,0xFF,0x35,0xD7,0xBB,0xFF,0x34,0xD7,0xB9,0xFF,
  0x32,0xD7,0xB9,0xFF,0x31,0xD6,0xB8,0xFF,0x2F,0xD6,0xB7,0xFF,
  0x2C,0xD6,0xB9,0xFF,0x29,0xD8,0xBF,0xFF,0x2A,0xD7,0xBF,0xFF,
  0x2D,0xD9,0xC2,0xFF,0x31,0xD5,0xB3,0xFF,0x32,0xCB,0x9E,0xFF,
  0x34,0xD4,0xB2,0xFF,0x33,0xD9,0xBB,0xFF,0x34,0xDA,0xBA,0xFF,
  0x32,0xDA,0xBA,0xFF,0x33,0xD8,0xB6,0xFF,0x33,0xD8,0xB5,0xFF,
  0x32,0xD8,0xB5,0xFF,0x32,0xD7,0xB5,0xFF,0x2D,0xD7,0xB6,0xFF,
  0x2C,0xD7,0xB7,0xFF,0x2C,0xD6,0xB7,0xFF,0x2D,0xD7,0xB9,0xFF,
  0x2D,0xD8,0xBB,0xFF,0x2E,0xD6,0xBB,0xFF,0x30,0xDA,0xC0,0xFF,
  0x30,0xD4,0xB1,0xFF,0x35,0xBC,0x85,0xFF,0x33,0xCC,0xA2,0xFF,
  0x33,0xD9,0xC1,0xFF,0x31,0xD5,0xB4,0xFF,0x32,0xCA,0x97,0xFF,
  0x31,0xCF,0xA0,0xFF,0x2E,0xD8,0xBB,0xFF,0x2F,0xD7,0xB9,0xFF,
  0x2E,0xD6,0xB8,0xFF,0x2E,0xD5,0xB9,0xFF,0x2F,0xD5,0xB9,0xFF,
  0x2F,0xD6,0xB9,0xFF,0x30,0xD7,0xB9,0xFF,0x30,0xD7,0xB9,0xFF,
  0x2F,0xD6,0xB7,0xFF,0x30,0xD5,0xB7,0xFF,0x31,0xD5,0xB7,0xFF,
  0x31,0xD6,0xB8,0xFF,0x34,0xD2,0xAE,0xFF,0x35,0xD1,0xA6,0xFF,
  0x37,0xD4,0xAC,0xFF,0x3B,0xD8,0xB7,0xFF,0x3A,0xD3,0xAD,0xFF,
  0x39,0xC8,0x90,0xFF,0x36,0xC7,0x8F,0xFF,0x38,0xC7,0x92,0xFF,
  0x36,0xD7,0xB2,0xFF,0x33,0xD7,0xB2,0xFF,0x31,0xD5,0xAE,0xFF,
  0x33,0xD6,0xAE,0xFF,0x34,0xD4,0xAA,0xFF,0x33,0xD0,0xA6,0xFF,
  0x32,0xD5,0xB3,0xFF,0x33,0xD7,0xB8,0xFF,0x30,0xD6,0xB9,0xFF,
  0x2F,0xD6,0xB8,0xFF,0x2F,0xD6,0xB8,0xFF,0x30,0xD6,0xB9,0xFF,
  0x2F,0xD6,0xB9,0xFF,0x2F,0xD6,0xB7,0xFF,0x30,0xD7,0xB9,0xFF,
  0x32,0xD9,0xB9,0xFF,0x30,0xD7,0xB9,0xFF,0x30,0xD7,0xB8,0xFF,
  0x31,0xD8,0xB9,0xFF,0x31,0xD8,0xB9,0xFF,0x30,0xD6,0xB8,0xFF,
  0x30,0xD6,0xB8,0xFF,0x30,0xD6,0xB8,0xFF,0x32,0xD0,0xAC,0xFF,
  0x35,0xC9,0x9C,0xFF,0x35,0xC5,0x97,0xFF,0x36,0xCF,0xA5,0xFF,
  0x33,0xD3,0xA8,0xFF,0x34,0xD2,0xAA,0xFF,0x35,0xD7,0xB0,0xFF,
  0x32,0xD5,0xB0,0xFF,0x31,0xD8,0xB5,0xFF,0x2C,0xD8,0xB8,0xFF,
  0x29,0xD5,0xB4,0xFF,0x29,0xD6,0xB4,0xFF,0x2A,0xD6,0xB7,0xFF,
  0x29,0xD6,0xB8,0xFF,0x2A,0xD7,0xB8,0xFF,0x2B,0xD8,0xB7,0xFF,
  0x2B,0xD5,0xB1,0xFF,0x28,0xD3,0xAF,0xFF,0x27,0xD7,0xB5,0xFF,
  0x25,0xD4,0xB6,0xFF,0x27,0xD1,0xB2,0xFF,0x2B,0xD4,0xB5,0xFF,
  0x30,0xD1,0xAF,0xFF,0x2F,0xD4,0xB4,0xFF,0x2E,0xD3,0xB3,0xFF,
  0x32,0xCD,0xAB,0xFF,0x32,0xD8,0xB4,0xFF,0x36,0xA2,0x7E,0xFF,
  0x31,0xC9,0xA7,0xFF,0x36,0xDB,0xB4,0xFF,0x36,0xDA,0xB4,0xFF,
  0x35,0xCB,0x9E,0xFF,0x37,0xC2,0x91,0xFF,0x38,0xC5,0x93,0xFF,
  0x38,0xC4,0x93,0xFF,0x37,0xC2,0x91,0xFF,0x34,0xC0,0x8D,0xFF,
  0x35,0xBA,0x84,0xFF,0x38,0xB3,0x79,0xFF,0x2E,0xC0,0x97,0xFF,
  0x2D,0xC6,0x9D,0xFF,0x2C,0xC7,0x9B,0xFF,0x2E,0xC7,0x9C,0xFF,
  0x2F,0xC7,0x9C,0xFF,0x30,0xC7,0x9D,0xFF,0x30,0xC8,0x9E,0xFF,
  0x31,0xC9,0x9F,0xFF,0x32,0xCA,0xA2,0xFF,0x34,0xCC,0xA4,0xFF,
  0x33,0xCC,0xA5,0xFF,0x33,0xCC,0xA6,0xFF,0x32,0xCB,0xA3,0xFF,
  0x31,0xC5,0x9B,0xFF,0x30,0xC3,0x98,0xFF,0x2F,0xC2,0x95,0xFF,
  0x32,0xC3,0x95,0xFF,0x30,0xC6,0x95,0xFF,0x36,0xBE,0x81,0xFF,
  0x35,0xC2,0x80,0xFF,0x35,0xC4,0x80,0xFF,0x38,0xC2,0x82,0xFF,
  0x3A,0xBD,0x7A,0xFF,0x3F,0xB7,0x6A,0xFF,0x3D,0xB8,0x72,0xFF,
  0x33,0xD5,0xB1,0xFF,0x33,0xCE,0xA8,0xFF,0x32,0xBD,0x8A,0xFF,
  0x31,0xCD,0xA6,0xFF,0x2D,0xD7,0xBB,0xFF,0x2F,0xD5,0xBB,0xFF,
  0x30,0xC4,0x98,0xFF,0x31,0xB9,0x7C,0xFF,0x33,0xB4,0x75,0xFF,
  0x37,0xB1,0x70,0xFF,0x36,0xB5,0x7A,0xFF,0x2F,0xD6,0xB7,0xFF,
  0x2E,0xD7,0xB5,0xFF,0x2F,0xD6,0xB4,0xFF,0x2F,0xD6,0xB3,0xFF,
  0x2F,0xD7,0xB3,0xFF,0x30,0xD7,0xB4,0xFF,0x30,0xD6,0xB4,0xFF,
  0x30,0xD8,0xB5,0xFF,0x2F,0xD8,0xB7,0xFF,0x2D,0xD7,0xB7,0xFF,
  0x2D,0xD8,0xB8,0xFF,0x2E,0xD9,0xB9,0xFF,0x2E,0xD9,0xB9,0xFF,
  0x2D,0xD8,0xB9,0xFF,0x2D,0xD7,0xB9,0xFF,0x2D,0xD8,0xBA,0xFF,
  0x2D,0xD8,0xBA,0xFF,0x2E,0xD8,0xBA,0xFF,0x2E,0xD8,0xBA,0xFF,
  0x2F,0xD8,0xBB,0xFF,0x2F,0xD8,0xBB,0xFF,0x30,0xDA,0xBC,0xFF,
  0x31,0xDA,0xBD,0xFF,0x31,0xDA,0xBE,0xFF,0x30,0xDB,0xBE,0xFF,
  0x2F,0xDB,0xBE,0xFF,0x2F,0xDB,0xBF,0xFF,0x30,0xDC,0xBE,0xFF,
  0x30,0xDB,0xBD,0xFF,0x2F,0xDA,0xBC,0xFF,0x2E,0xDA,0xBC,0xFF,
  0x2F,0xD9,0xBC,0xFF,0x2F,0xD9,0xBC,0xFF,0x2F,0xD9,0xBC,0xFF,
  0x2F,0xDA,0xBB,0xFF,0x2F,0xDA,0xBC,0xFF,0x30,0xD9,0xBD,0xFF,
  0x2F,0xD9,0xBC,0xFF,0x2E,0xD8,0xBB,0xFF,0x2E,0xD8,0xBB,0xFF,
  0x2F,0xD8,0xBA,0xFF,0x2F,0xD8,0xB9,0xFF,0x2E,0xD9,0xB9,0xFF,
  0x2E,0xD9,0xBA,0xFF,0x2E,0xD9,0xBA,0xFF,0x2F,0xD9,0xBA,0xFF,
  0x2E,0xD9,0xBA,0xFF,0x2D,0xD8,0xBA,0xFF,0x2E,0xD8,0xBD,0xFF,
  0x2D,0xCC,0xA7,0xFF,0x30,0xC7,0x9A,0xFF,0x31,0xC8,0x9D,0xFF,
  0x33,0xC9,0x99,0xFF,0x36,0xC8,0x99,0xFF,0x35,0xCB,0x9E,0xFF,
  0x32,0xC8,0x96,0xFF,0x30,0xC6,0x8B,0xFF,0x2D,0xC7,0x8A,0xFF,
  0x2D,0xC5,0x8C,0xFF,0x2F,0xC0,0x86,0xFF,0x34,0xBE,0x86,0xFF,
  0x30,0xC3,0x92,0xFF,0x2F,0xC1,0x94,0xFF,0x2E,0xC0,0x8D,0xFF,
  0x31,0xBD,0x86,0xFF,0x32,0xC4,0x94,0xFF,0x30,0xD1,0xAD,0xFF,
  0x32,0xD1,0xAB,0xFF,0x30,0xD1,0xB0,0xFF,0x30,0xD9,0xBC,0xFF,
  0x2F,0xDA,0xBB,0xFF,0x2F,0xDA,0xBB,0xFF,0x2F,0xDA,0xBB,0xFF,
  0x30,0xD9,0xBB,0xFF,0x30,0xD9,0xBB,0xFF,0x2F,0xD9,0xBA,0xFF,
  0x2E,0xD9,0xBB,0xFF,0x2E,0xD9,0xBB,0xFF,0x30,0xD9,0xBB,0xFF,
  0x30,0xD9,0xBB,0xFF,0x31,0xDA,0xBC,0xFF,0x32,0xDA,0xBC,0xFF,
  0x33,0xDA,0xBB,0xFF,0x32,0xDA,0xBB,0xFF,0x33,0xDA,0xBA,0xFF,
  0x34,0xDA,0xBA,0xFF,0x35,0xDA,0xBA,0xFF,0x36,0xDA,0xBA,0xFF,
  0x36,0xD9,0xBB,0xFF,0x35,0xD7,0xBB,0xFF,0x33,0xD7,0xB9,0xFF,
  0x32,0xD7,0xB9,0xFF,0x31,0xD6,0xB8,0xFF,0x30,0xD6,0xB7,0xFF,
  0x2E,0xD7,0xB8,0xFF,0x2A,0xD5,0xBA,0xFF,0x2A,0xD4,0xBA,0xFF,
  0x2C,0xD5,0xBA,0xFF,0x2F,0xD8,0xBA,0xFF,0x31,0xDA,0xB6,0xFF,
  0x32,0xD7,0xB9,0xFF,0x33,0xD8,0xBA,0xFF,0x34,0xD9,0xBA,0xFF,
  0x32,0xD9,0xB9,0xFF,0x32,0xD2,0xAE,0xFF,0x31,0xD1,0xAC,0xFF,
  0x30,0xD1,0xAC,0xFF,0x31,0xD0,0xAC,0xFF,0x2D,0xD6,0xB5,0xFF,
  0x2D,0xD8,0xB9,0xFF,0x2D,0xD7,0xB8,0xFF,0x2D,0xD8,0xB9,0xFF,
  0x2D,0xD8,0xBB,0xFF,0x2F,0xD7,0xBD,0xFF,0x31,0xDD,0xC2,0xFF,
  0x2F,0xD5,0xB0,0xFF,0x38,0xBA,0x7D,0xFF,0x33,0xBF,0x8D,0xFF,
  0x32,0xD6,0xB5,0xFF,0x33,0xCC,0x9F,0xFF,0x35,0xB4,0x70,0xFF,
  0x33,0xBD,0x82,0xFF,0x2E,0xD8,0xBB,0xFF,0x2E,0xD6,0xB9,0xFF,
  0x2E,0xD6,0xB8,0xFF,0x2E,0xD6,0xB9,0xFF,0x2F,0xD6,0xB9,0xFF,
  0x2F,0xD7,0xB9,0xFF,0x30,0xD7,0xB9,0xFF,0x30,0xD7,0xB9,0xFF,
  0x2F,0xD6,0xB8,0xFF,0x30,0xD6,0xB7,0xFF,0x30,0xD5,0xB7,0xFF,
  0x31,0xD6,0xB9,0xFF,0x33,0xCB,0xA1,0xFF,0x35,0xC5,0x92,0xFF,
  0x36,0xC8,0x97,0xFF,0x38,0xCF,0xA3,0xFF,0x39,0xCA,0x98,0xFF,
  0x39,0xB8,0x73,0xFF,0x35,0xB5,0x6E,0xFF,0x37,0xB8,0x77,0xFF,
  0x37,0xD0,0xA4,0xFF,0x33,0xCD,0xA3,0xFF,0x32,0xCA,0x9D,0xFF,
  0x34,0xCB,0x9C,0xFF,0x35,0xCB,0x9A,0xFF,0x34,0xCA,0x9B,0xFF,
  0x33,0xD3,0xAE,0xFF,0x34,0xD6,0xB4,0xFF,0x31,0xD6,0xB8,0xFF,
  0x2F,0xD6,0xB8,0xFF,0x2F,0xD7,0xB9,0xFF,0x2F,0xD7,0xB9,0xFF,
  0x2F,0xD7,0xB9,0xFF,0x2F,0xD7,0xB8,0xFF,0x30,0xD8,0xB9,0xFF,
  0x31,0xD9,0xB9,0xFF,0x30,0xD8,0xBA,0xFF,0x30,0xD7,0xB9,0xFF,
  0x31,0xD8,0xB9,0xFF,0x31,0xD8,0xB9,0xFF,0x30,0xD7,0xB8,0xFF,
  0x30,0xD7,0xB8,0xFF,0x30,0xD7,0xB8,0xFF,0x33,0xC9,0xA0,0xFF,
  0x37,0xC2,0x92,0xFF,0x37,0xC1,0x90,0xFF,0x36,0xCE,0xA3,0xFF,
  0x34,0xD3,0xA8,0xFF,0x35,0xD3,0xAA,0xFF,0x38,0xD9,0xAE,0xFF,
  0x33,0xD6,0xB0,0xFF,0x2F,0xD7,0xB5,0xFF,0x2B,0xD7,0xB7,0xFF,
  0x2A,0xD6,0xB4,0xFF,0x29,0xD6,0xB3,0xFF,0x29,0xD5,0xB6,0xFF,
  0x29,0xD5,0xB6,0xFF,0x2A,0xD6,0xB7,0xFF,0x2A,0xD7,0xB8,0xFF,
  0x29,0xD9,0xB8,0xFF,0x27,0xD8,0xB7,0xFF,0x27,0xD6,0xB6,0xFF,
  0x27,0xD4,0xB5,0xFF,0x27,0xD1,0xB1,0xFF,0x2D,0xD1,0xAE,0xFF,
  0x34,0xC7,0x9C,0xFF,0x30,0xCD,0xA5,0xFF,0x2F,0xC9,0xA1,0xFF,
  0x34,0xBE,0x95,0xFF,0x33,0xC4,0x97,0xFF,0x35,0x95,0x6C,0xFF,
  0x2F,0xBB,0x91,0xFF,0x36,0xCC,0x9D,0xFF,0x38,0xCC,0x9F,0xFF,
  0x39,0xC3,0x8E,0xFF,0x3A,0xBD,0x84,0xFF,0x38,0xBF,0x86,0xFF,
  0x39,0xBC,0x82,0xFF,0x39,0xB6,0x7A,0xFF,0x36,0xB4,0x74,0xFF,
  0x35,0xAC,0x6E,0xFF,0x36,0xB3,0x79,0xFF,0x2E,0xC3,0x99,0xFF,
  0x2E,0xC3,0x98,0xFF,0x2E,0xC4,0x97,0xFF,0x2F,0xC4,0x97,0xFF,
  0x31,0xC3,0x96,0xFF,0x32,0xC3,0x95,0xFF,0x32,0xC3,0x95,0xFF,
  0x32,0xC4,0x96,0xFF,0x33,0xC5,0x98,0xFF,0x35,0xC7,0x98,0xFF,
  0x34,0xC7,0x9A,0xFF,0x34,0xC7,0x9B,0xFF,0x34,0xC5,0x98,0xFF,
  0x36,0xC1,0x93,0xFF,0x35,0xBD,0x8E,0xFF,0x34,0xB9,0x88,0xFF,
  0x36,0xB8,0x82,0xFF,0x33,0xBB,0x82,0xFF,0x36,0xBE,0x82,0xFF,
  0x35,0xC2,0x82,0xFF,0x35,0xC5,0x84,0xFF,0x3A,0xBD,0x77,0xFF,
  0x3D,0xB6,0x6D,0xFF,0x3E,0xB5,0x68,0xFF,0x3A,0xBA,0x72,0xFF,
  0x30,0xD4,0xAE,0xFF,0x30,0xCE,0xA7,0xFF,0x30,0xC9,0x9D,0xFF,
  0x2D,0xD1,0xAD,0xFF,0x2B,0xD5,0xB9,0xFF,0x30,0xD6,0xBB,0xFF,
  0x33,0xBC,0x86,0xFF,0x34,0xB3,0x74,0xFF,0x34,0xB4,0x75,0xFF,
  0x36,0xAF,0x6B,0xFF,0x37,0xB7,0x77,0xFF,0x2F,0xD7,0xB9,0xFF,
  0x2F,0xD7,0xB5,0xFF,0x30,0xD6,0xB4,0xFF,0x30,0xD6,0xB4,0xFF,
  0x30,0xD7,0xB4,0xFF,0x30,0xD7,0xB3,0xFF,0x30,0xD6,0xB4,0xFF,
  0x30,0xD8,0xB5,0xFF,0x30,0xD9,0xB9,0xFF,0x30,0xDB,0xBB,0xFF,
  0x2E,0xDA,0xBB,0xFF,0x2E,0xD9,0xBB,0xFF,0x2D,0xD8,0xB9,0xFF,
  0x2D,0xD7,0xB8,0xFF,0x2D,0xD7,0xB9,0xFF,0x2D,0xD8,0xB9,0xFF,
  0x2E,0xD9,0xBA,0xFF,0x2F,0xD8,0xBA,0xFF,0x2F,0xD8,0xBB,0xFF,
  0x30,0xD8,0xBC,0xFF,0x30,0xD9,0xBC,0xFF,0x31,0xD9,0xBD,0xFF,
  0x31,0xDB,0xBE,0xFF,0x30,0xDB,0xBE,0xFF,0x30,0xDB,0xBD,0xFF,
  0x2E,0xDB,0xBD,0xFF,0x2F,0xDC,0xBE,0xFF,0x30,0xDC,0xBD,0xFF,
  0x30,0xDC,0xBE,0xFF,0x2F,0xDB,0xBC,0xFF,0x2E,0xDA,0xBB,0xFF,
  0x2F,0xDA,0xBC,0xFF,0x2F,0xD9,0xBC,0xFF,0x2F,0xD9,0xBC,0xFF,
  0x2F,0xD9,0xBB,0xFF,0x2F,0xD9,0xBB,0xFF,0x30,0xD9,0xBC,0xFF,
  0x30,0xD9,0xBC,0xFF,0x2F,0xD8,0xBB,0xFF,0x2F,0xD8,0xBA,0xFF,
  0x2F,0xD9,0xBA,0xFF,0x30,0xD9,0xB9,0xFF,0x2F,0xD9,0xB9,0xFF,
  0x2E,0xD9,0xB9,0xFF,0x2E,0xD9,0xB9,0xFF,0x2F,0xD9,0xB9,0xFF,
  0x2F,0xDA,0xB9,0xFF,0x2D,0xD8,0xB9,0xFF,0x2D,0xD9,0xBF,0xFF,
  0x2F,0xC9,0xA0,0xFF,0x31,0xBE,0x8C,0xFF,0x33,0xC2,0x93,0xFF,
  0x34,0xC4,0x91,0xFF,0x35,0xC4,0x91,0xFF,0x33,0xC5,0x93,0xFF,
  0x31,0xC6,0x91,0xFF,0x30,0xC8,0x8C,0xFF,0x2F,0xC7,0x8A,0xFF,
  0x2E,0xC3,0x86,0xFF,0x31,0xBE,0x82,0xFF,0x34,0xBB,0x83,0xFF,
  0x31,0xB9,0x83,0xFF,0x31,0xB8,0x83,0xFF,0x30,0xB9,0x81,0xFF,
  0x32,0xB9,0x7E,0xFF,0x31,0xBF,0x8A,0xFF,0x2E,0xD0,0xAA,0xFF,
  0x32,0xCF,0xA7,0xFF,0x31,0xD1,0xAE,0xFF,0x30,0xDA,0xBD,0xFF,
  0x2F,0xD9,0xB9,0xFF,0x2F,0xDA,0xBA,0xFF,0x2F,0xDA,0xBB,0xFF,
  0x30,0xD9,0xBB,0xFF,0x31,0xD9,0xBB,0xFF,0x2F,0xD9,0xBB,0xFF,
  0x2E,0xD9,0xBA,0xFF,0x2E,0xD9,0xBB,0xFF,0x2F,0xD9,0xBB,0xFF,
  0x30,0xDA,0xBB,0xFF,0x30,0xDA,0xBB,0xFF,0x32,0xDB,0xBC,0xFF,
  0x33,0xDA,0xBB,0xFF,0x33,0xDA,0xBA,0xFF,0x33,0xDA,0xBA,0xFF,
  0x34,0xDA,0xBA,0xFF,0x35,0xDA,0xBA,0xFF,0x36,0xDA,0xBA,0xFF,
  0x37,0xD9,0xBB,0xFF,0x36,0xD8,0xBB,0xFF,0x34,0xD7,0xB9,0xFF,
  0x33,0xD6,0xB8,0xFF,0x32,0xD6,0xB8,0xFF,0x31,0xD6,0xB7,0xFF,
  0x2F,0xD7,0xB8,0xFF,0x2C,0xD5,0xB8,0xFF,0x2B,0xD5,0xB8,0xFF,
  0x2C,0xD5,0xB8,0xFF,0x2D,0xD7,0xB9,0xFF,0x2F,0xD9,0xBA,0xFF,
  0x30,0xD7,0xB9,0xFF,0x33,0xD7,0xB9,0xFF,0x34,0xD9,0xBA,0xFF,
  0x33,0xD7,0xB8,0xFF,0x33,0xCD,0xA7,0xFF,0x30,0xCC,0xA5,0xFF,
  0x2F,0xCB,0xA3,0xFF,0x31,0xC9,0xA2,0xFF,0x2F,0xD4,0xB2,0xFF,
  0x2E,0xD9,0xB9,0xFF,0x2D,0xD8,0xB8,0xFF,0x2E,0xD9,0xB8,0xFF,
  0x2E,0xD8,0xBB,0xFF,0x31,0xD6,0xB9,0xFF,0x31,0xD9,0xB6,0xFF,
  0x2F,0xD5,0xA9,0xFF,0x37,0xBF,0x81,0xFF,0x32,0xBD,0x85,0xFF,
  0x30,0xC7,0x9B,0xFF,0x35,0xBE,0x85,0xFF,0x39,0xB0,0x69,0xFF,
  0x34,0xB9,0x7C,0xFF,0x2C,0xD7,0xB9,0xFF,0x2C,0xD6,0xB8,0xFF,
  0x2D,0xD6,0xB7,0xFF,0x2E,0xD6,0xB8,0xFF,0x2F,0xD6,0xB8,0xFF,
  0x2F,0xD7,0xB8,0xFF,0x30,0xD7,0xB8,0xFF,0x30,0xD7,0xB8,0xFF,
  0x30,0xD7,0xB8,0xFF,0x30,0xD6,0xB7,0xFF,0x30,0xD6,0xB6,0xFF,
  0x30,0xD7,0xB9,0xFF,0x34,0xCB,0x9F,0xFF,0x37,0xC5,0x8E,0xFF,
  0x35,0xC6,0x8E,0xFF,0x34,0xC7,0x93,0xFF,0x38,0xC7,0x8D,0xFF,
  0x39,0xB9,0x73,0xFF,0x34,0xB4,0x6D,0xFF,0x36,0xBB,0x79,0xFF,
  0x35,0xCB,0x9B,0xFF,0x34,0xC6,0x96,0xFF,0x35,0xC3,0x92,0xFF,
  0x36,0xC4,0x8F,0xFF,0x35,0xC9,0x93,0xFF,0x34,0xCD,0x9E,0xFF,
  0x34,0xD1,0xAA,0xFF,0x33,0xD1,0xAC,0xFF,0x32,0xD4,0xB4,0xFF,
  0x2F,0xD7,0xB9,0xFF,0x2E,0xD7,0xB9,0xFF,0x2F,0xD7,0xB9,0xFF,
  0x2F,0xD7,0xB8,0xFF,0x2F,0xD8,0xB8,0xFF,0x2F,0xD9,0xB8,0xFF,
  0x30,0xD9,0xB9,0xFF,0x31,0xD9,0xB9,0xFF,0x32,0xD8,0xBB,0xFF,
  0x32,0xD8,0xBA,0xFF,0x30,0xD8,0xB9,0xFF,0x31,0xD8,0xB7,0xFF,
  0x30,0xD8,0xB7,0xFF,0x30,0xD6,0xB6,0xFF,0x34,0xC8,0x9D,0xFF,
  0x37,0xC3,0x95,0xFF,0x36,0xC6,0x95,0xFF,0x35,0xCE,0xA2,0xFF,
  0x34,0xD2,0xA6,0xFF,0x35,0xD1,0xA8,0xFF,0x38,0xCF,0xA0,0xFF,
  0x32,0xD3,0xAC,0xFF,0x2F,0xD8,0xB6,0xFF,0x2C,0xD8,0xB6,0xFF,
  0x2B,0xD6,0xB5,0xFF,0x2A,0xD6,0xB3,0xFF,0x2A,0xD5,0xB5,0xFF,
  0x2A,0xD5,0xB6,0xFF,0x2B,0xD6,0xB6,0xFF,0x2B,0xD7,0xB6,0xFF,
  0x29,0xD9,0xB7,0xFF,0x27,0xD8,0xB7,0xFF,0x28,0xD6,0xB4,0xFF,
  0x29,0xD5,0xB4,0xFF,0x28,0xD0,0xAF,0xFF,0x31,0xC9,0xA0,0xFF,
  0x3C,0xB7,0x7B,0xFF,0x37,0xBF,0x88,0xFF,0x34,0xB9,0x83,0xFF,
  0x38,0xAC,0x76,0xFF,0x34,0xAE,0x78,0xFF,0x34,0x84,0x54,0xFF,
  0x30,0xB4,0x83,0xFF,0x37,0xC2,0x8F,0xFF,0x3A,0xC3,0x90,0xFF,
  0x3B,0xC3,0x89,0xFF,0x3B,0xC1,0x85,0xFF,0x37,0xC2,0x85,0xFF,
  0x39,0xBD,0x7E,0xFF,0x39,0xB4,0x71,0xFF,0x37,0xB1,0x6B,0xFF,
  0x35,0xA9,0x66,0xFF,0x32,0xB7,0x80,0xFF,0x2E,0xC7,0x9B,0xFF,
  0x2F,0xC2,0x97,0xFF,0x2F,0xC4,0x97,0xFF,0x30,0xC4,0x97,0xFF,
  0x32,0xC3,0x95,0xFF,0x33,0xC3,0x94,0xFF,0x33,0xC3,0x93,0xFF,
  0x33,0xC3,0x94,0xFF,0x33,0xC4,0x95,0xFF,0x35,0xC6,0x94,0xFF,
  0x34,0xC7,0x96,0xFF,0x34,0xC6,0x97,0xFF,0x35,0xC4,0x94,0xFF,
  0x37,0xC1,0x92,0xFF,0x37,0xBD,0x8C,0xFF,0x36,0xB8,0x84,0xFF,
  0x37,0xB6,0x7D,0xFF,0x36,0xB8,0x7C,0xFF,0x36,0xBE,0x82,0xFF,
  0x35,0xC2,0x83,0xFF,0x36,0xC5,0x85,0xFF,0x3B,0xBD,0x75,0xFF,
  0x3D,0xB8,0x6F,0xFF,0x3A,0xB8,0x70,0xFF,0x37,0xBE,0x79,0xFF,
  0x2D,0xD2,0xAC,0xFF,0x2D,0xCE,0xA7,0xFF,0x2D,0xD2,0xAE,0xFF,
  0x2A,0xD4,0xB2,0xFF,0x2B,0xD4,0xB8,0xFF,0x30,0xD6,0xBA,0xFF,
  0x34,0xBA,0x7E,0xFF,0x35,0xB3,0x75,0xFF,0x34,0xB8,0x7D,0xFF,
  0x35,0xB4,0x73,0xFF,0x36,0xBB,0x7F,0xFF,0x2E,0xD8,0xBB,0xFF,
  0x2F,0xD6,0xB5,0xFF,0x30,0xD6,0xB4,0xFF,0x31,0xD6,0xB4,0xFF,
  0x31,0xD7,0xB4,0xFF,0x30,0xD7,0xB3,0xFF,0x30,0xD6,0xB4,0xFF,
  0x30,0xD7,0xB5,0xFF,0x30,0xD9,0xB9,0xFF,0x31,0xDC,0xBE,0xFF,
  0x2F,0xDA,0xBB,0xFF,0x2E,0xD8,0xBB,0xFF,0x2D,0xD8,0xB9,0xFF,
  0x2D,0xD7,0xB8,0xFF,0x2D,0xD7,0xB9,0xFF,0x2D,0xD8,0xB9,0xFF,
  0x2E,0xD9,0xBA,0xFF,0x2F,0xD8,0xBA,0xFF,0x2F,0xD8,0xBB,0xFF,
  0x30,0xD8,0xBC,0xFF,0x31,0xD9,0xBC,0xFF,0x31,0xD9,0xBD,0xFF,
  0x31,0xDB,0xBE,0xFF,0x30,0xDB,0xBE,0xFF,0x30,0xDB,0xBD,0xFF,
  0x2E,0xDB,0xBD,0xFF,0x2F,0xDC,0xBD,0xFF,0x30,0xDC,0xBD,0xFF,
  0x30,0xDC,0xBE,0xFF,0x2F,0xDB,0xBC,0xFF,0x2E,0xDA,0xBB,0xFF,
  0x2F,0xDA,0xBC,0xFF,0x2F,0xD9,0xBC,0xFF,0x2F,0xD9,0xBC,0xFF,
  0x2F,0xD9,0xBB,0xFF,0x2F,0xD9,0xBB,0xFF,0x30,0xD9,0xBC,0xFF,
  0x30,0xD9,0xBC,0xFF,0x2F,0xD8,0xBB,0xFF,0x2F,0xD8,0xBA,0xFF,
  0x2F,0xD9,0xBA,0xFF,0x30,0xD9,0xB9,0xFF,0x2F,0xD9,0xB9,0xFF,
  0x2E,0xD9,0xB9,0xFF,0x2E,0xD9,0xB9,0xFF,0x2F,0xD9,0xB9,0xFF,
  0x2F,0xDA,0xB9,0xFF,0x2D,0xD8,0xB8,0xFF,0x2D,0xDA,0xBF,0xFF,
  0x30,0xCB,0xA3,0xFF,0x33,0xBE,0x88,0xFF,0x34,0xC3,0x91,0xFF,
  0x35,0xC5,0x91,0xFF,0x35,0xC6,0x91,0xFF,0x33,0xC7,0x90,0xFF,
  0x31,0xC7,0x8F,0xFF,0x30,0xC8,0x8C,0xFF,0x31,0xC5,0x89,0xFF,
  0x2F,0xC3,0x86,0xFF,0x32,0xBF,0x86,0xFF,0x32,0xBB,0x86,0xFF,
  0x31,0xB7,0x80,0xFF,0x31,0xB7,0x7E,0xFF,0x31,0xB8,0x80,0xFF,
  0x32,0xBB,0x81,0xFF,0x2F,0xC0,0x89,0xFF,0x2E,0xD2,0xA9,0xFF,
  0x32,0xCF,0xA7,0xFF,0x32,0xD3,0xB0,0xFF,0x30,0xDB,0xBD,0xFF,
  0x2F,0xD9,0xB9,0xFF,0x30,0xDA,0xBA,0xFF,0x2F,0xDA,0xBB,0xFF,
  0x30,0xD9,0xBB,0xFF,0x31,0xD9,0xBB,0xFF,0x2F,0xD9,0xBB,0xFF,
  0x2E,0xD9,0xBA,0xFF,0x2E,0xD9,0xBB,0xFF,0x2F,0xD9,0xBB,0xFF,
  0x30,0xDA,0xBB,0xFF,0x30,0xDA,0xBB,0xFF,0x32,0xDB,0xBC,0xFF,
  0x33,0xDA,0xBB,0xFF,0x33,0xDA,0xBA,0xFF,0x33,0xDA,0xBA,0xFF,
  0x34,0xDA,0xBA,0xFF,0x35,0xDA,0xBA,0xFF,0x36,0xDA,0xBA,0xFF,
  0x37,0xD9,0xBB,0xFF,0x36,0xD8,0xBB,0xFF,0x34,0xD7,0xB9,0xFF,
  0x33,0xD6,0xB8,0xFF,0x33,0xD6,0xB8,0xFF,0x31,0xD6,0xB7,0xFF,
  0x2F,0xD7,0xB8,0xFF,0x2D,0xD6,0xB8,0xFF,0x2B,0xD6,0xB8,0xFF,
  0x2C,0xD6,0xB6,0xFF,0x2D,0xD6,0xB5,0xFF,0x2E,0xD4,0xB6,0xFF,
  0x30,0xD6,0xB6,0xFF,0x33,0xD7,0xB8,0xFF,0x33,0xD9,0xB9,0xFF,
  0x33,0xD7,0xB6,0xFF,0x33,0xCC,0xA4,0xFF,0x30,0xCB,0xA1,0xFF,
  0x2F,0xCA,0x9F,0xFF,0x31,0xC7,0x9D,0xFF,0x31,0xD3,0xB0,0xFF,
  0x2F,0xD9,0xB9,0xFF,0x2D,0xD8,0xB8,0xFF,0x2E,0xD9,0xB8,0xFF,
  0x2F,0xDA,0xBC,0xFF,0x33,0xD2,0xAE,0xFF,0x33,0xCC,0x9D,0xFF,
  0x30,0xCF,0x9B,0xFF,0x35,0xC3,0x88,0xFF,0x32,0xC0,0x86,0xFF,
  0x30,0xBE,0x87,0xFF,0x36,0xB6,0x76,0xFF,0x39,0xB3,0x6E,0xFF,
  0x33,0xBC,0x7F,0xFF,0x29,0xD7,0xB8,0xFF,0x2A,0xD6,0xB7,0xFF,
  0x2C,0xD6,0xB7,0xFF,0x2E,0xD6,0xB8,0xFF,0x2F,0xD6,0xB7,0xFF,
  0x2F,0xD7,0xB7,0xFF,0x30,0xD7,0xB7,0xFF,0x30,0xD7,0xB7,0xFF,
  0x30,0xD7,0xB8,0xFF,0x30,0xD6,0xB7,0xFF,0x30,0xD6,0xB6,0xFF,
  0x30,0xD7,0xB8,0xFF,0x34,0xCE,0xA4,0xFF,0x37,0xC9,0x91,0xFF,
  0x34,0xC8,0x8D,0xFF,0x33,0xC5,0x8B,0xFF,0x36,0xC5,0x88,0xFF,
  0x38,0xBE,0x7A,0xFF,0x33,0xB9,0x76,0xFF,0x34,0xC0,0x82,0xFF,
  0x34,0xC9,0x97,0xFF,0x35,0xC4,0x91,0xFF,0x36,0xC2,0x8F,0xFF,
  0x36,0xC2,0x8B,0xFF,0x35,0xC9,0x92,0xFF,0x34,0xD2,0xA5,0xFF,
  0x34,0xD1,0xA7,0xFF,0x33,0xCE,0xA5,0xFF,0x32,0xD3,0xB1,0xFF,
  0x2F,0xD8,0xB9,0xFF,0x2E,0xD7,0xB8,0xFF,0x2F,0xD7,0xB9,0xFF,
  0x2F,0xD7,0xB8,0xFF,0x2F,0xD8,0xB8,0xFF,0x2F,0xD9,0xB8,0xFF,
  0x30,0xD9,0xB9,0xFF,0x31,0xD9,0xB9,0xFF,0x33,0xD9,0xBB,0xFF,
  0x32,0xD8,0xBA,0xFF,0x30,0xD8,0xBA,0xFF,0x31,0xD8,0xB7,0xFF,
  0x30,0xD8,0xB6,0xFF,0x30,0xD6,0xB4,0xFF,0x34,0xCC,0xA1,0xFF,
  0x34,0xC9,0x9D,0xFF,0x34,0xCC,0x9E,0xFF,0x33,0xCE,0xA2,0xFF,
  0x34,0xD1,0xA6,0xFF,0x37,0xCF,0xA3,0xFF,0x38,0xC2,0x8D,0xFF,
  0x32,0xD2,0xA9,0xFF,0x2F,0xDA,0xB6,0xFF,0x2D,0xD8,0xB6,0xFF,
  0x2C,0xD6,0xB5,0xFF,0x2B,0xD6,0xB4,0xFF,0x2B,0xD6,0xB5,0xFF,
  0x2B,0xD6,0xB6,0xFF,0x2B,0xD6,0xB5,0xFF,0x2B,0xD7,0xB4,0xFF,
  0x29,0xD7,0xB4,0xFF,0x27,0xD7,0xB3,0xFF,0x28,0xD6,0xB3,0xFF,
  0x2A,0xD7,0xB4,0xFF,0x2A,0xD0,0xAE,0xFF,0x34,0xC4,0x95,0xFF,
  0x41,0xB2,0x70,0xFF,0x3A,0xB8,0x7A,0xFF,0x38,0xB2,0x77,0xFF,
  0x39,0xA6,0x6A,0xFF,0x34,0xA7,0x6E,0xFF,0x34,0x7F,0x4B,0xFF,
  0x33,0xB7,0x83,0xFF,0x39,0xC4,0x8F,0xFF,0x3B,0xC4,0x8E,0xFF,
  0x3A,0xC7,0x8C,0xFF,0x38,0xC7,0x8B,0xFF,0x35,0xC8,0x8B,0xFF,
  0x37,0xC3,0x82,0xFF,0x37,0xB7,0x72,0xFF,0x35,0xB4,0x6D,0xFF,
  0x33,0xAD,0x66,0xFF,0x30,0xB8,0x7F,0xFF,0x2C,0xC5,0x99,0xFF,
  0x2E,0xC3,0x96,0xFF,0x2E,0xC4,0x96,0xFF,0x2F,0xC5,0x96,0xFF,
  0x31,0xC4,0x95,0xFF,0x33,0xC4,0x93,0xFF,0x32,0xC5,0x93,0xFF,
  0x33,0xC5,0x94,0xFF,0x32,0xC6,0x95,0xFF,0x34,0xC8,0x95,0xFF,
  0x34,0xC9,0x97,0xFF,0x33,0xC8,0x97,0xFF,0x34,0xC6,0x95,0xFF,
  0x36,0xC3,0x93,0xFF,0x36,0xBF,0x8C,0xFF,0x36,0xBB,0x84,0xFF,
  0x36,0xBA,0x80,0xFF,0x35,0xBB,0x7F,0xFF,0x36,0xBE,0x82,0xFF,
  0x36,0xC1,0x84,0xFF,0x37,0xC4,0x86,0xFF,0x3A,0xBD,0x75,0xFF,
  0x3A,0xB8,0x6D,0xFF,0x37,0xB7,0x6C,0xFF,0x35,0xBC,0x75,0xFF,
  0x2D,0xD1,0xAA,0xFF,0x2D,0xCD,0xA6,0xFF,0x2C,0xD3,0xB0,0xFF,
  0x2A,0xD4,0xB2,0xFF,0x2B,0xD5,0xB8,0xFF,0x2E,0xD5,0xB9,0xFF,
  0x34,0xBA,0x7D,0xFF,0x34,0xB3,0x73,0xFF,0x32,0xB7,0x7A,0xFF,
  0x34,0xBA,0x7F,0xFF,0x33,0xBF,0x8C,0xFF,0x2E,0xD8,0xBB,0xFF,
  0x2F,0xD5,0xB4,0xFF,0x30,0xD6,0xB4,0xFF,0x31,0xD6,0xB5,0xFF,
  0x31,0xD7,0xB4,0xFF,0x30,0xD8,0xB4,0xFF,0x2F,0xD7,0xB4,0xFF,
  0x2F,0xD6,0xB4,0xFF,0x31,0xDA,0xB9,0xFF,0x31,0xDB,0xBD,0xFF,
  0x2F,0xDA,0xBB,0xFF,0x2E,0xD9,0xBB,0xFF,0x2C,0xD9,0xBA,0xFF,
  0x2B,0xD8,0xBA,0xFF,0x2C,0xD8,0xB9,0xFF,0x2D,0xD8,0xBA,0xFF,
  0x2C,0xD9,0xB9,0xFF,0x2E,0xD9,0xBA,0xFF,0x2F,0xD9,0xBB,0xFF,
  0x30,0xDA,0xBC,0xFF,0x30,0xDA,0xBC,0xFF,0x30,0xDA,0xBD,0xFF,
  0x2F,0xDB,0xBD,0xFF,0x2F,0xDB,0xBD,0xFF,0x2F,0xDC,0xBD,0xFF,
  0x2F,0xDC,0xBE,0xFF,0x2F,0xDD,0xBD,0xFF,0x30,0xDD,0xBD,0xFF,
  0x30,0xDC,0xBE,0xFF,0x2F,0xDC,0xBD,0xFF,0x2E,0xDB,0xBB,0xFF,
  0x2E,0xDA,0xBB,0xFF,0x2D,0xDA,0xBB,0xFF,0x2D,0xDA,0xBB,0xFF,
  0x2D,0xDA,0xBB,0xFF,0x2D,0xDA,0xBB,0xFF,0x2E,0xDA,0xBC,0xFF,
  0x2E,0xD9,0xBC,0xFF,0x2E,0xD9,0xBC,0xFF,0x2F,0xD9,0xBB,0xFF,
  0x2F,0xDA,0xBA,0xFF,0x2F,0xDA,0xBA,0xFF,0x2E,0xDA,0xBA,0xFF,
  0x2E,0xDA,0xB9,0xFF,0x2E,0xDA,0xB9,0xFF,0x2F,0xD9,0xBA,0xFF,
  0x2D,0xD9,0xBA,0xFF,0x2D,0xD9,0xB8,0xFF,0x2C,0xDA,0xBE,0xFF,
  0x2F,0xD0,0xA9,0xFF,0x33,0xC2,0x8A,0xFF,0x33,0xC6,0x91,0xFF,
  0x34,0xC7,0x91,0xFF,0x34,0xC8,0x91,0xFF,0x34,0xC9,0x8F,0xFF,
  0x32,0xC7,0x8D,0xFF,0x31,0xC7,0x8C,0xFF,0x31,0xC4,0x89,0xFF,
  0x30,0xC1,0x87,0xFF,0x31,0xBE,0x85,0xFF,0x31,0xBB,0x84,0xFF,
  0x30,0xB9,0x81,0xFF,0x2F,0xB9,0x80,0xFF,0x30,0xBA,0x80,0xFF,
  0x30,0xBC,0x81,0xFF,0x2E,0xC2,0x89,0xFF,0x2E,0xD3,0xA8,0xFF,
  0x31,0xD0,0xA6,0xFF,0x33,0xD5,0xB1,0xFF,0x30,0xDB,0xBC,0xFF,
  0x30,0xDA,0xBB,0xFF,0x31,0xDB,0xBB,0xFF,0x30,0xDA,0xBB,0xFF,
  0x31,0xDA,0xBB,0xFF,0x30,0xDB,0xBB,0xFF,0x2F,0xDA,0xBA,0xFF,
  0x2D,0xDA,0xBA,0xFF,0x2D,0xDA,0xBA,0xFF,0x2E,0xDA,0xBA,0xFF,
  0x2F,0xDA,0xBA,0xFF,0x2F,0xDA,0xBB,0xFF,0x30,0xDB,0xBB,0xFF,
  0x32,0xDB,0xBC,0xFF,0x33,0xDB,0xBB,0xFF,0x34,0xDB,0xBB,0xFF,
  0x36,0xDB,0xBB,0xFF,0x37,0xDB,0xBB,0xFF,0x37,0xDA,0xBB,0xFF,
  0x37,0xDA,0xBA,0xFF,0x35,0xD9,0xBA,0xFF,0x34,0xD7,0xBA,0xFF,
  0x34,0xD7,0xB9,0xFF,0x32,0xD7,0xB9,0xFF,0x31,0xD7,0xB8,0xFF,
  0x30,0xD6,0xB8,0xFF,0x2D,0xD5,0xB7,0xFF,0x2C,0xD5,0xB6,0xFF,
  0x2C,0xD6,0xB5,0xFF,0x2E,0xD6,0xB5,0xFF,0x2F,0xD5,0xB5,0xFF,
  0x30,0xD6,0xB6,0xFF,0x31,0xD7,0xB6,0xFF,0x31,0xD8,0xB7,0xFF,
  0x32,0xD8,0xB5,0xFF,0x32,0xCE,0xA5,0xFF,0x30,0xCF,0xA2,0xFF,
  0x2F,0xCD,0xA0,0xFF,0x31,0xCB,0x9D,0xFF,0x31,0xD5,0xAF,0xFF,
  0x2F,0xDA,0xB9,0xFF,0x2E,0xD9,0xB7,0xFF,0x2F,0xD8,0xB8,0xFF,
  0x30,0xDC,0xBF,0xFF,0x35,0xCC,0x9F,0xFF,0x35,0xBE,0x82,0xFF,
  0x32,0xC6,0x8A,0xFF,0x34,0xC3,0x87,0xFF,0x31,0xC3,0x86,0xFF,
  0x32,0xC1,0x83,0xFF,0x35,0xB7,0x73,0xFF,0x35,0xB2,0x6B,0xFF,
  0x31,0xBC,0x7D,0xFF,0x29,0xD7,0xB8,0xFF,0x28,0xD7,0xB6,0xFF,
  0x2B,0xD7,0xB8,0xFF,0x2C,0xD7,0xB8,0xFF,0x2E,0xD7,0xB7,0xFF,
  0x2F,0xD7,0xB7,0xFF,0x30,0xD8,0xB8,0xFF,0x2F,0xD8,0xB8,0xFF,
  0x2F,0xD7,0xB8,0xFF,0x2F,0xD7,0xB7,0xFF,0x30,0xD6,0xB6,0xFF,
  0x2F,0xD7,0xB7,0xFF,0x32,0xD1,0xAA,0xFF,0x35,0xCA,0x92,0xFF,
  0x32,0xC8,0x8C,0xFF,0x33,0xC8,0x8B,0xFF,0x34,0xC3,0x82,0xFF,
  0x36,0xBC,0x76,0xFF,0x31,0xB9,0x73,0xFF,0x32,0xBF,0x7F,0xFF,
  0x33,0xC9,0x94,0xFF,0x34,0xC5,0x90,0xFF,0x35,0xC3,0x8F,0xFF,
  0x35,0xC2,0x8A,0xFF,0x34,0xCB,0x92,0xFF,0x32,0xD3,0xA6,0xFF,
  0x33,0xD1,0xA6,0xFF,0x34,0xCE,0xA2,0xFF,0x32,0xD4,0xAF,0xFF,
  0x30,0xD9,0xBA,0xFF,0x2E,0xD7,0xB7,0xFF,0x2E,0xD7,0xB8,0xFF,
  0x2D,0xD8,0xB8,0xFF,0x2D,0xD9,0xB7,0xFF,0x2E,0xD9,0xB9,0xFF,
  0x2F,0xDA,0xBA,0xFF,0x2F,0xD9,0xB9,0xFF,0x33,0xD6,0xB6,0xFF,
  0x32,0xD6,0xB7,0xFF,0x31,0xD9,0xBA,0xFF,0x30,0xD8,0xB8,0xFF,
  0x2F,0xD8,0xB7,0xFF,0x2E,0xD7,0xB3,0xFF,0x32,0xCF,0xA6,0xFF,
  0x31,0xCC,0xA1,0xFF,0x32,0xCE,0xA1,0xFF,0x32,0xCE,0xA1,0xFF,
  0x33,0xD3,0xA8,0xFF,0x39,0xCE,0x9C,0xFF,0x39,0xBB,0x7F,0xFF,
  0x32,0xD4,0xAA,0xFF,0x30,0xDB,0xB8,0xFF,0x2E,0xD7,0xB6,0xFF,
  0x2C,0xD7,0xB5,0xFF,0x2C,0xD7,0xB5,0xFF,0x2B,0xD6,0xB4,0xFF,
  0x2B,0xD7,0xB5,0xFF,0x2B,0xD7,0xB5,0xFF,0x2A,0xD7,0xB4,0xFF,
  0x28,0xD7,0xB3,0xFF,0x28,0xD7,0xB3,0xFF,0x28,0xD6,0xB4,0xFF,
  0x2A,0xD8,0xB5,0xFF,0x2B,0xCF,0xAD,0xFF,0x35,0xC4,0x94,0xFF,
  0x3D,0xBB,0x81,0xFF,0x37,0xBC,0x85,0xFF,0x36,0xB9,0x82,0xFF,
  0x35,0xAF,0x76,0xFF,0x31,0xB1,0x7A,0xFF,0x33,0x86,0x52,0xFF,
  0x35,0xB9,0x84,0xFF,0x38,0xC7,0x90,0xFF,0x3A,0xC6,0x8D,0xFF,
  0x39,0xC9,0x8D,0xFF,0x36,0xCB,0x8E,0xFF,0x35,0xCC,0x8F,0xFF,
  0x35,0xC7,0x85,0xFF,0x35,0xBB,0x73,0xFF,0x33,0xB8,0x70,0xFF,
  0x32,0xB1,0x68,0xFF,0x30,0xBB,0x80,0xFF,0x2B,0xC5,0x97,0xFF,
  0x2E,0xC4,0x95,0xFF,0x2E,0xC4,0x96,0xFF,0x2D,0xC5,0x96,0xFF,
  0x2F,0xC6,0x95,0xFF,0x31,0xC6,0x93,0xFF,0x31,0xC5,0x93,0xFF,
  0x33,0xC5,0x93,0xFF,0x32,0xC7,0x94,0xFF,0x34,0xCA,0x96,0xFF,
  0x33,0xCB,0x97,0xFF,0x32,0xCA,0x97,0xFF,0x34,0xC8,0x96,0xFF,
  0x34,0xC5,0x93,0xFF,0x34,0xC1,0x8D,0xFF,0x34,0xBE,0x86,0xFF,
  0x34,0xBD,0x84,0xFF,0x34,0xBD,0x83,0xFF,0x35,0xBE,0x82,0xFF,
  0x36,0xC1,0x84,0xFF,0x37,0xC4,0x86,0xFF,0x38,0xBC,0x76,0xFF,
  0x38,0xB7,0x6C,0xFF,0x36,0xB6,0x69,0xFF,0x35,0xB9,0x73,0xFF,
  0x2D,0xCE,0xA7,0xFF,0x2D,0xCC,0xA5,0xFF,0x2D,0xD2,0xB0,0xFF,
  0x2B,0xD4,0xB2,0xFF,0x2B,0xD5,0xB8,0xFF,0x2E,0xD4,0xB6,0xFF,
  0x34,0xB9,0x7D,0xFF,0x33,0xB4,0x73,0xFF,0x30,0xB7,0x78,0xFF,
  0x31,0xC6,0x95,0xFF,0x30,0xCA,0xA4,0xFF,0x2E,0xD7,0xBA,0xFF,
  0x2F,0xD5,0xB4,0xFF,0x30,0xD6,0xB4,0xFF,0x31,0xD6,0xB5,0xFF,
  0x31,0xD7,0xB4,0xFF,0x30,0xD8,0xB4,0xFF,0x2E,0xD7,0xB4,0xFF,
  0x2F,0xD7,0xB4,0xFF,0x31,0xD9,0xB9,0xFF,0x31,0xDB,0xBC,0xFF,
  0x2F,0xDA,0xBB,0xFF,0x2E,0xD9,0xBB,0xFF,0x2C,0xD9,0xBA,0xFF,
  0x2A,0xD8,0xB9,0xFF,0x2C,0xD9,0xB9,0xFF,0x2D,0xD8,0xBA,0xFF,
  0x2C,0xD9,0xB9,0xFF,0x2D,0xD9,0xBA,0xFF,0x2F,0xDA,0xBB,0xFF,
  0x30,0xDB,0xBC,0xFF,0x30,0xDA,0xBC,0xFF,0x2F,0xDA,0xBC,0xFF,
  0x2E,0xDB,0xBD,0xFF,0x2F,0xDB,0xBD,0xFF,0x2F,0xDC,0xBD,0xFF,
  0x2F,0xDD,0xBE,0xFF,0x30,0xDD,0xBD,0xFF,0x30,0xDD,0xBD,0xFF,
  0x30,0xDD,0xBE,0xFF,0x2F,0xDD,0xBD,0xFF,0x2E,0xDC,0xBB,0xFF,
  0x2D,0xDA,0xBA,0xFF,0x2D,0xDA,0xBA,0xFF,0x2D,0xDA,0xBB,0xFF,
  0x2D,0xDA,0xBB,0xFF,0x2D,0xDA,0xBB,0xFF,0x2D,0xDA,0xBC,0xFF,
  0x2E,0xDA,0xBC,0xFF,0x2E,0xDA,0xBC,0xFF,0x2F,0xDA,0xBC,0xFF,
  0x2F,0xDB,0xBA,0xFF,0x2E,0xDB,0xBA,0xFF,0x2E,0xDB,0xBA,0xFF,
  0x2E,0xDB,0xB9,0xFF,0x2E,0xDB,0xB9,0xFF,0x2F,0xDA,0xBA,0xFF,
  0x2C,0xD9,0xBA,0xFF,0x2C,0xDA,0xB8,0xFF,0x2C,0xDA,0xBE,0xFF,
  0x2D,0xD2,0xAE,0xFF,0x32,0xC4,0x8D,0xFF,0x32,0xC8,0x92,0xFF,
  0x33,0xC9,0x91,0xFF,0x34,0xC9,0x91,0xFF,0x34,0xC9,0x8F,0xFF,
  0x33,0xC7,0x8D,0xFF,0x31,0xC6,0x8C,0xFF,0x31,0xC4,0x89,0xFF,
  0x30,0xC0,0x87,0xFF,0x2F,0xBD,0x85,0xFF,0x30,0xBB,0x83,0xFF,
  0x30,0xBB,0x83,0xFF,0x2E,0xBB,0x82,0xFF,0x2E,0xBC,0x81,0xFF,
  0x2E,0xBE,0x81,0xFF,0x2E,0xC4,0x8B,0xFF,0x2F,0xD3,0xA8,0xFF,
  0x30,0xD0,0xA5,0xFF,0x33,0xD6,0xB1,0xFF,0x31,0xDC,0xBC,0xFF,
  0x31,0xDB,0xBB,0xFF,0x31,0xDC,0xBB,0xFF,0x31,0xDB,0xBB,0xFF,
  0x31,0xDB,0xBB,0xFF,0x30,0xDC,0xBB,0xFF,0x2F,0xDB,0xBA,0xFF,
  0x2D,0xDB,0xBA,0xFF,0x2D,0xDB,0xBA,0xFF,0x2E,0xDB,0xBA,0xFF,
  0x2E,0xDB,0xBA,0xFF,0x2F,0xDA,0xBA,0xFF,0x2F,0xDB,0xBB,0xFF,
  0x32,0xDC,0xBC,0xFF,0x33,0xDC,0xBB,0xFF,0x35,0xDC,0xBB,0xFF,
  0x36,0xDB,0xBB,0xFF,0x38,0xDB,0xBB,0xFF,0x38,0xDB,0xBB,0xFF,
  0x37,0xDB,0xBA,0xFF,0x35,0xDA,0xBA,0xFF,0x34,0xD8,0xBA,0xFF,
  0x34,0xD7,0xBA,0xFF,0x32,0xD7,0xB9,0xFF,0x31,0xD7,0xB8,0xFF,
  0x30,0xD6,0xB8,0xFF,0x2D,0xD5,0xB7,0xFF,0x2D,0xD5,0xB5,0xFF,
  0x2D,0xD6,0xB4,0xFF,0x2E,0xD6,0xB4,0xFF,0x30,0xD5,0xB5,0xFF,
  0x30,0xD6,0xB6,0xFF,0x2F,0xD7,0xB5,0xFF,0x31,0xD7,0xB6,0xFF,
  0x32,0xD7,0xB3,0xFF,0x32,0xD0,0xA7,0xFF,0x30,0xD2,0xA4,0xFF,
  0x2F,0xCF,0xA1,0xFF,0x31,0xCE,0x9E,0xFF,0x30,0xD6,0xAE,0xFF,
  0x2F,0xDB,0xB9,0xFF,0x2F,0xD9,0xB7,0xFF,0x30,0xD9,0xB9,0xFF,
  0x30,0xDE,0xBF,0xFF,0x37,0xCB,0x99,0xFF,0x37,0xBA,0x79,0xFF,
  0x33,0xC2,0x82,0xFF,0x34,0xC3,0x87,0xFF,0x31,0xC5,0x88,0xFF,
  0x32,0xC3,0x83,0xFF,0x34,0xB8,0x74,0xFF,0x33,0xB2,0x6A,0xFF,
  0x31,0xBB,0x7D,0xFF,0x29,0xD7,0xB8,0xFF,0x28,0xD7,0xB6,0xFF,
  0x2B,0xD8,0xB7,0xFF,0x2C,0xD7,0xB7,0xFF,0x2E,0xD8,0xB7,0xFF,
  0x2F,0xD8,0xB7,0xFF,0x30,0xD9,0xB8,0xFF,0x2F,0xD9,0xB8,0xFF,
  0x2F,0xD8,0xB8,0xFF,0x2F,0xD7,0xB7,0xFF,0x30,0xD6,0xB6,0xFF,
  0x2F,0xD8,0xB7,0xFF,0x32,0xD3,0xAC,0xFF,0x34,0xC9,0x92,0xFF,
  0x32,0xC8,0x8C,0xFF,0x33,0xC9,0x8B,0xFF,0x34,0xC1,0x7F,0xFF,
  0x34,0xBA,0x74,0xFF,0x31,0xB9,0x71,0xFF,0x32,0xBD,0x7D,0xFF,
  0x33,0xC9,0x93,0xFF,0x33,0xC5,0x90,0xFF,0x34,0xC5,0x8F,0xFF,
  0x33,0xC4,0x8A,0xFF,0x34,0xCC,0x94,0xFF,0x31,0xD3,0xA6,0xFF,
  0x33,0xD1,0xA5,0xFF,0x34,0xCE,0xA1,0xFF,0x32,0xD5,0xAE,0xFF,
  0x30,0xDA,0xBA,0xFF,0x2E,0xD8,0xB7,0xFF,0x2D,0xD7,0xB8,0xFF,
  0x2C,0xD8,0xB8,0xFF,0x2B,0xD9,0xB7,0xFF,0x2D,0xDA,0xB9,0xFF,
  0x2E,0xDB,0xBA,0xFF,0x2F,0xD9,0xB9,0xFF,0x35,0xCF,0xAA,0xFF,
  0x34,0xCF,0xAB,0xFF,0x35,0xD5,0xB2,0xFF,0x31,0xD8,0xB9,0xFF,
  0x2F,0xD8,0xB8,0xFF,0x2E,0xD7,0xB2,0xFF,0x30,0xD0,0xA7,0xFF,
  0x2F,0xCE,0xA2,0xFF,0x30,0xCE,0xA1,0xFF,0x32,0xCE,0xA1,0xFF,
  0x32,0xD3,0xA8,0xFF,0x39,0xCB,0x97,0xFF,0x3B,0xBC,0x7D,0xFF,
  0x31,0xD7,0xAD,0xFF,0x30,0xDA,0xB8,0xFF,0x2E,0xD7,0xB6,0xFF,
  0x2C,0xD7,0xB5,0xFF,0x2C,0xD7,0xB5,0xFF,0x2C,0xD6,0xB4,0xFF,
  0x2B,0xD7,0xB5,0xFF,0x2B,0xD7,0xB5,0xFF,0x2A,0xD6,0xB4,0xFF,
  0x28,0xD6,0xB3,0xFF,0x28,0xD8,0xB3,0xFF,0x28,0xD7,0xB4,0xFF,
  0x2A,0xD7,0xB5,0xFF,0x2D,0xCF,0xAA,0xFF,0x34,0xC4,0x95,0xFF,
  0x37,0xC2,0x90,0xFF,0x32,0xC0,0x8E,0xFF,0x33,0xBE,0x8A,0xFF,
  0x31,0xB5,0x7E,0xFF,0x2E,0xB8,0x82,0xFF,0x31,0x89,0x57,0xFF,
  0x36,0xB7,0x82,0xFF,0x36,0xC7,0x8D,0xFF,0x38,0xC6,0x89,0xFF,
  0x39,0xC9,0x89,0xFF,0x36,0xCA,0x8B,0xFF,0x34,0xCB,0x8D,0xFF,
  0x34,0xC6,0x83,0xFF,0x34,0xBC,0x70,0xFF,0x31,0xB8,0x6D,0xFF,
  0x32,0xB2,0x66,0xFF,0x30,0xBD,0x81,0xFF,0x2B,0xC6,0x97,0xFF,
  0x2D,0xC4,0x94,0xFF,0x2D,0xC5,0x95,0xFF,0x2C,0xC5,0x95,0xFF,
  0x2D,0xC6,0x94,0xFF,0x2F,0xC6,0x92,0xFF,0x30,0xC4,0x92,0xFF,
  0x32,0xC4,0x91,0xFF,0x31,0xC6,0x91,0xFF,0x33,0xC9,0x93,0xFF,
  0x32,0xCA,0x95,0xFF,0x32,0xC9,0x95,0xFF,0x34,0xC8,0x94,0xFF,
  0x34,0xC6,0x91,0xFF,0x34,0xC2,0x8D,0xFF,0x34,0xBF,0x87,0xFF,
  0x33,0xBE,0x83,0xFF,0x33,0xBD,0x82,0xFF,0x34,0xBF,0x83,0xFF,
  0x35,0xC1,0x84,0xFF,0x36,0xC3,0x86,0xFF,0x38,0xBA,0x76,0xFF,
  0x37,0xB5,0x6B,0xFF,0x36,0xB5,0x68,0xFF,0x36,0xB7,0x72,0xFF,
  0x2D,0xCC,0xA5,0xFF,0x2C,0xCB,0xA4,0xFF,0x2E,0xD3,0xB0,0xFF,
  0x2C,0xD5,0xB3,0xFF,0x2A,0xD5,0xB7,0xFF,0x2E,0xD2,0xB4,0xFF,
  0x34,0xB6,0x7B,0xFF,0x33,0xB5,0x74,0xFF,0x31,0xB9,0x77,0xFF,
  0x2E,0xD2,0xAB,0xFF,0x2D,0xD6,0xBA,0xFF,0x2E,0xD5,0xB7,0xFF,
  0x30,0xD5,0xB5,0xFF,0x30,0xD5,0xB4,0xFF,0x30,0xD6,0xB4,0xFF,
  0x31,0xD7,0xB4,0xFF,0x2F,0xD8,0xB3,0xFF,0x2E,0xD8,0xB4,0xFF,
  0x2F,0xD8,0xB4,0xFF,0x30,0xD8,0xB8,0xFF,0x31,0xDB,0xBC,0xFF,
  0x30,0xDA,0xBC,0xFF,0x2E,0xD9,0xBB,0xFF,0x2C,0xD9,0xB9,0xFF,
  0x2A,0xD8,0xB8,0xFF,0x2C,0xD9,0xB9,0xFF,0x2C,0xD8,0xBA,0xFF,
  0x2C,0xD8,0xBA,0xFF,0x2D,0xD9,0xBB,0xFF,0x2F,0xDA,0xBC,0xFF,
  0x31,0xDB,0xBC,0xFF,0x30,0xDA,0xBB,0xFF,0x2F,0xDA,0xBB,0xFF,
  0x2E,0xDB,0xBD,0xFF,0x2E,0xDB,0xBD,0xFF,0x2F,0xDD,0xBD,0xFF,
  0x30,0xDD,0xBE,0xFF,0x31,0xDD,0xBD,0xFF,0x31,0xDD,0xBC,0xFF,
  0x30,0xDD,0xBD,0xFF,0x2F,0xDD,0xBC,0xFF,0x2D,0xDC,0xBB,0xFF,
  0x2C,0xDA,0xB9,0xFF,0x2C,0xDA,0xB9,0xFF,0x2C,0xDA,0xBA,0xFF,
  0x2C,0xDA,0xBA,0xFF,0x2C,0xDA,0xBB,0xFF,0x2D,0xDA,0xBB,0xFF,
  0x2F,0xDA,0xBC,0xFF,0x2F,0xDB,0xBC,0xFF,0x30,0xDB,0xBC,0xFF,
  0x30,0xDB,0xBB,0xFF,0x2E,0xDB,0xBA,0xFF,0x2F,0xDC,0xBA,0xFF,
  0x2F,0xDC,0xB9,0xFF,0x2E,0xDB,0xB9,0xFF,0x2E,0xDA,0xB9,0xFF,
  0x2C,0xDA,0xB9,0xFF,0x2C,0xDA,0xB8,0xFF,0x2D,0xDA,0xBC,0xFF,
  0x2D,0xD2,0xAE,0xFF,0x31,0xC4,0x8E,0xFF,0x31,0xC8,0x91,0xFF,
  0x32,0xCA,0x91,0xFF,0x33,0xC8,0x8F,0xFF,0x33,0xC7,0x8E,0xFF,
  0x33,0xC7,0x8D,0xFF,0x31,0xC5,0x8B,0xFF,0x30,0xC3,0x88,0xFF,
  0x2F,0xC0,0x86,0xFF,0x2E,0xBD,0x85,0xFF,0x2F,0xBB,0x83,0xFF,
  0x2F,0xBB,0x82,0xFF,0x2E,0xBB,0x81,0xFF,0x2E,0xBC,0x80,0xFF,
  0x2E,0xBF,0x81,0xFF,0x2F,0xC5,0x8C,0xFF,0x2F,0xD3,0xA7,0xFF,
  0x2F,0xCF,0xA2,0xFF,0x32,0xD6,0xB2,0xFF,0x32,0xDC,0xBD,0xFF,
  0x32,0xDB,0xBB,0xFF,0x32,0xDC,0xBB,0xFF,0x32,0xDC,0xBC,0xFF,
  0x32,0xDC,0xBB,0xFF,0x31,0xDC,0xBB,0xFF,0x2E,0xDB,0xBA,0xFF,
  0x2C,0xDB,0xB9,0xFF,0x2D,0xDB,0xB9,0xFF,0x2D,0xDB,0xB9,0xFF,
  0x2D,0xDB,0xB9,0xFF,0x2E,0xDA,0xB9,0xFF,0x2F,0xDB,0xBA,0xFF,
  0x32,0xDC,0xBB,0xFF,0x34,0xDC,0xBB,0xFF,0x35,0xDC,0xBB,0xFF,
  0x36,0xDB,0xBB,0xFF,0x39,0xDB,0xBB,0xFF,0x39,0xDB,0xBB,0xFF,
  0x38,0xDB,0xBA,0xFF,0x36,0xDA,0xBA,0xFF,0x35,0xD9,0xBA,0xFF,
  0x34,0xD7,0xBA,0xFF,0x34,0xD7,0xB9,0xFF,0x32,0xD7,0xB8,0xFF,
  0x30,0xD6,0xB7,0xFF,0x2E,0xD5,0xB6,0xFF,0x2D,0xD5,0xB4,0xFF,
  0x2D,0xD5,0xB3,0xFF,0x2D,0xD5,0xB3,0xFF,0x2F,0xD5,0xB4,0xFF,
  0x2F,0xD6,0xB5,0xFF,0x2E,0xD6,0xB4,0xFF,0x31,0xD6,0xB4,0xFF,
  0x31,0xD5,0xB1,0xFF,0x31,0xD0,0xA7,0xFF,0x2F,0xD2,0xA4,0xFF,
  0x2F,0xD0,0xA1,0xFF,0x31,0xCE,0x9E,0xFF,0x30,0xD5,0xAC,0xFF,
  0x30,0xDB,0xB9,0xFF,0x30,0xD9,0xB8,0xFF,0x30,0xDA,0xB9,0xFF,
  0x2F,0xDD,0xBE,0xFF,0x36,0xCD,0x9B,0xFF,0x38,0xC0,0x7E,0xFF,
  0x34,0xC4,0x84,0xFF,0x34,0xC4,0x86,0xFF,0x31,0xC5,0x88,0xFF,
  0x31,0xC2,0x82,0xFF,0x33,0xB7,0x72,0xFF,0x33,0xB3,0x6A,0xFF,
  0x31,0xBA,0x7D,0xFF,0x29,0xD6,0xB8,0xFF,0x28,0xD7,0xB6,0xFF,
  0x2B,0xD8,0xB7,0xFF,0x2D,0xD7,0xB7,0xFF,0x2E,0xD8,0xB7,0xFF,
  0x2F,0xD8,0xB7,0xFF,0x2F,0xD9,0xB8,0xFF,0x2F,0xD9,0xB9,0xFF,
  0x2F,0xD8,0xB8,0xFF,0x30,0xD7,0xB7,0xFF,0x30,0xD7,0xB6,0xFF,
  0x30,0xD8,0xB7,0xFF,0x32,0xD3,0xAC,0xFF,0x34,0xC7,0x90,0xFF,
  0x32,0xC7,0x8A,0xFF,0x33,0xC6,0x88,0xFF,0x34,0xBF,0x7D,0xFF,
  0x33,0xB9,0x73,0xFF,0x32,0xB7,0x70,0xFF,0x34,0xBC,0x7C,0xFF,
  0x32,0xC8,0x92,0xFF,0x31,0xC5,0x8F,0xFF,0x33,0xC5,0x8F,0xFF,
  0x33,0xC5,0x8A,0xFF,0x33,0xCC,0x95,0xFF,0x31,0xD3,0xA6,0xFF,
  0x32,0xD2,0xA4,0xFF,0x32,0xCE,0xA0,0xFF,0x31,0xD5,0xAD,0xFF,
  0x2F,0xDB,0xBA,0xFF,0x2D,0xD9,0xB6,0xFF,0x2C,0xD7,0xB7,0xFF,
  0x2C,0xD7,0xB7,0xFF,0x2B,0xD9,0xB7,0xFF,0x2C,0xDA,0xB9,0xFF,
  0x2D,0xDA,0xBB,0xFF,0x31,0xD9,0xB8,0xFF,0x39,0xC8,0x9E,0xFF,
  0x37,0xC8,0x9D,0xFF,0x38,0xCE,0xA4,0xFF,0x34,0xD8,0xB9,0xFF,
  0x2E,0xD8,0xB9,0xFF,0x2D,0xD6,0xB1,0xFF,0x2E,0xCF,0xA5,0xFF,
  0x2F,0xCE,0xA1,0xFF,0x2F,0xCD,0xA1,0xFF,0x32,0xCD,0xA1,0xFF,
  0x31,0xD2,0xA7,0xFF,0x38,0xC8,0x95,0xFF,0x3B,0xBF,0x81,0xFF,
  0x30,0xD8,0xB1,0xFF,0x30,0xD8,0xB7,0xFF,0x2F,0xD8,0xB7,0xFF,
  0x2D,0xD8,0xB6,0xFF,0x2D,0xD7,0xB5,0xFF,0x2D,0xD6,0xB5,0xFF,
  0x2C,0xD7,0xB4,0xFF,0x2B,0xD7,0xB5,0xFF,0x29,0xD6,0xB3,0xFF,
  0x27,0xD6,0xB2,0xFF,0x28,0xD7,0xB3,0xFF,0x28,0xD6,0xB4,0xFF,
  0x29,0xD5,0xB5,0xFF,0x2E,0xCE,0xA7,0xFF,0x33,0xC4,0x95,0xFF,
  0x33,0xC4,0x92,0xFF,0x30,0xC1,0x8F,0xFF,0x31,0xBD,0x89,0xFF,
  0x2E,0xB3,0x7D,0xFF,0x2C,0xB6,0x7F,0xFF,0x2F,0x84,0x55,0xFF,
  0x36,0xB4,0x7E,0xFF,0x34,0xC6,0x88,0xFF,0x36,0xC5,0x85,0xFF,
  0x39,0xC8,0x85,0xFF,0x35,0xC9,0x88,0xFF,0x33,0xC9,0x8A,0xFF,
  0x35,0xC4,0x81,0xFF,0x34,0xBA,0x6C,0xFF,0x30,0xB7,0x6A,0xFF,
  0x33,0xB1,0x62,0xFF,0x31,0xBD,0x80,0xFF,0x2A,0xC6,0x97,0xFF,
  0x2C,0xC4,0x93,0xFF,0x2C,0xC5,0x94,0xFF,0x2B,0xC6,0x95,0xFF,
  0x2C,0xC7,0x94,0xFF,0x2E,0xC6,0x92,0xFF,0x2F,0xC4,0x91,0xFF,
  0x30,0xC2,0x8E,0xFF,0x30,0xC3,0x8D,0xFF,0x32,0xC6,0x8F,0xFF,
  0x32,0xC7,0x91,0xFF,0x32,0xC6,0x92,0xFF,0x33,0xC6,0x91,0xFF,
  0x33,0xC5,0x8F,0xFF,0x33,0xC3,0x8C,0xFF,0x33,0xC1,0x88,0xFF,
  0x32,0xC0,0x83,0xFF,0x33,0xBF,0x83,0xFF,0x34,0xC0,0x83,0xFF,
  0x34,0xC1,0x84,0xFF,0x35,0xC2,0x86,0xFF,0x37,0xBA,0x79,0xFF,
  0x36,0xB5,0x6D,0xFF,0x35,0xB5,0x6B,0xFF,0x35,0xB7,0x74,0xFF,
  0x2C,0xCA,0xA4,0xFF,0x2C,0xCA,0xA3,0xFF,0x2E,0xD2,0xB1,0xFF,
  0x2D,0xD5,0xB4,0xFF,0x2A,0xD5,0xB7,0xFF,0x2E,0xD2,0xB4,0xFF,
  0x35,0xB8,0x7C,0xFF,0x33,0xB6,0x76,0xFF,0x32,0xBB,0x79,0xFF,
  0x2D,0xD2,0xB1,0xFF,0x2C,0xD7,0xBE,0xFF,0x2E,0xD4,0xB6,0xFF,
  0x2F,0xD5,0xB4,0xFF,0x2F,0xD5,0xB4,0xFF,0x30,0xD6,0xB4,0xFF,
  0x30,0xD7,0xB4,0xFF,0x30,0xD7,0xB3,0xFF,0x2E,0xD8,0xB3,0xFF,
  0x2F,0xD8,0xB4,0xFF,0x2F,0xD8,0xB7,0xFF,0x30,0xD9,0xBB,0xFF,
  0x30,0xD9,0xBB,0xFF,0x2E,0xD8,0xBA,0xFF,0x2C,0xDA,0xBA,0xFF,
  0x2A,0xD9,0xB8,0xFF,0x2B,0xD9,0xBA,0xFF,0x2B,0xD6,0xB9,0xFF,
  0x2C,0xD6,0xBA,0xFF,0x2D,0xD8,0xBB,0xFF,0x2F,0xDA,0xBC,0xFF,
  0x30,0xDC,0xBB,0xFF,0x30,0xDA,0xBB,0xFF,0x2F,0xDA,0xBB,0xFF,
  0x2E,0xDA,0xBD,0xFF,0x2D,0xDB,0xBD,0xFF,0x2F,0xDD,0xBC,0xFF,
  0x30,0xDA,0xBC,0xFF,0x31,0xDB,0xBB,0xFF,0x30,0xDB,0xBA,0xFF,
  0x30,0xDB,0xBB,0xFF,0x2F,0xDB,0xBA,0xFF,0x2D,0xDA,0xB9,0xFF,
  0x2A,0xD9,0xB6,0xFF,0x2B,0xD9,0xB6,0xFF,0x2B,0xD8,0xB8,0xFF,
  0x2A,0xD9,0xB8,0xFF,0x2B,0xD8,0xB9,0xFF,0x2D,0xD7,0xB8,0xFF,
  0x2F,0xD8,0xB9,0xFF,0x30,0xD8,0xB9,0xFF,0x31,0xD8,0xBA,0xFF,
  0x30,0xDA,0xBA,0xFF,0x2E,0xDA,0xBA,0xFF,0x2F,0xDA,0xB9,0xFF,
  0x2F,0xD9,0xB6,0xFF,0x2F,0xD8,0xB6,0xFF,0x2E,0xD7,0xB6,0xFF,
  0x2D,0xD7,0xB5,0xFF,0x2D,0xD8,0xB5,0xFF,0x2F,0xD8,0xB7,0xFF,
  0x2F,0xD2,0xAD,0xFF,0x31,0xC6,0x8F,0xFF,0x31,0xC9,0x91,0xFF,
  0x32,0xCA,0x91,0xFF,0x33,0xC7,0x8F,0xFF,0x33,0xC6,0x8E,0xFF,
  0x33,0xC6,0x8D,0xFF,0x31,0xC5,0x8B,0xFF,0x30,0xC2,0x88,0xFF,
  0x2E,0xC0,0x87,0xFF,0x2D,0xBE,0x86,0xFF,0x2E,0xBC,0x84,0xFF,
  0x2E,0xBC,0x84,0xFF,0x2E,0xBC,0x83,0xFF,0x2D,0xBE,0x82,0xFF,
  0x2E,0xC1,0x83,0xFF,0x2E,0xC6,0x8D,0xFF,0x2E,0xD2,0xA6,0xFF,
  0x2F,0xCE,0xA1,0xFF,0x32,0xD5,0xB3,0xFF,0x31,0xDA,0xBC,0xFF,
  0x32,0xD9,0xB9,0xFF,0x32,0xDB,0xB9,0xFF,0x33,0xDA,0xBA,0xFF,
  0x33,0xDA,0xB8,0xFF,0x32,0xD9,0xB8,0xFF,0x2E,0xD9,0xB7,0xFF,
  0x2C,0xD9,0xB6,0xFF,0x2C,0xD8,0xB6,0xFF,0x2C,0xD8,0xB7,0xFF,
  0x2C,0xD8,0xB7,0xFF,0x2D,0xD8,0xB6,0xFF,0x2F,0xD8,0xB8,0xFF,
  0x31,0xDA,0xB8,0xFF,0x34,0xD9,0xB9,0xFF,0x35,0xD9,0xB8,0xFF,
  0x36,0xD9,0xB8,0xFF,0x39,0xD8,0xB8,0xFF,0x3A,0xD8,0xB8,0xFF,
  0x39,0xD8,0xB7,0xFF,0x37,0xD6,0xB7,0xFF,0x35,0xD5,0xB6,0xFF,
  0x34,0xD4,0xB7,0xFF,0x35,0xD3,0xB7,0xFF,0x32,0xD4,0xB5,0xFF,
  0x30,0xD5,0xB5,0xFF,0x2D,0xD4,0xB4,0xFF,0x2C,0xD5,0xB3,0xFF,
  0x2B,0xD4,0xB1,0xFF,0x2B,0xD3,0xB0,0xFF,0x2D,0xD2,0xB1,0xFF,
  0x2E,0xD3,0xB2,0xFF,0x2D,0xD3,0xB1,0xFF,0x2F,0xD3,0xB1,0xFF,
  0x30,0xD2,0xAD,0xFF,0x31,0xCF,0xA6,0xFF,0x2F,0xD1,0xA4,0xFF,
  0x2E,0xD0,0xA1,0xFF,0x30,0xCE,0x9E,0xFF,0x31,0xD2,0xA9,0xFF,
  0x31,0xD8,0xB8,0xFF,0x30,0xD7,0xB8,0xFF,0x30,0xD8,0xB7,0xFF,
  0x2D,0xDA,0xBC,0xFF,0x34,0xCC,0x9B,0xFF,0x37,0xC2,0x7E,0xFF,
  0x33,0xC6,0x85,0xFF,0x33,0xC5,0x86,0xFF,0x30,0xC6,0x8A,0xFF,
  0x30,0xC4,0x85,0xFF,0x32,0xB9,0x74,0xFF,0x32,0xB6,0x6C,0xFF,
  0x2F,0xBB,0x80,0xFF,0x29,0xD5,0xB8,0xFF,0x29,0xD5,0xB6,0xFF,
  0x2C,0xD5,0xB7,0xFF,0x2E,0xD3,0xB5,0xFF,0x2F,0xD3,0xB5,0xFF,
  0x30,0xD4,0xB4,0xFF,0x2F,0xD5,0xB5,0xFF,0x30,0xD4,0xB7,0xFF,
  0x30,0xD3,0xB5,0xFF,0x30,0xD5,0xB5,0xFF,0x2E,0xD5,0xB5,0xFF,
  0x2F,0xD6,0xB6,0xFF,0x32,0xD1,0xAC,0xFF,0x34,0xC5,0x8F,0xFF,
  0x31,0xC4,0x88,0xFF,0x32,0xC3,0x85,0xFF,0x33,0xBC,0x7C,0xFF,
  0x33,0xB7,0x73,0xFF,0x32,0xB5,0x6F,0xFF,0x35,0xBC,0x7C,0xFF,
  0x32,0xC9,0x93,0xFF,0x30,0xC6,0x8F,0xFF,0x32,0xC6,0x90,0xFF,
  0x34,0xC6,0x8C,0xFF,0x33,0xCD,0x96,0xFF,0x31,0xD2,0xA6,0xFF,
  0x30,0xD2,0xA3,0xFF,0x30,0xCE,0x9F,0xFF,0x30,0xD4,0xAB,0xFF,
  0x2E,0xD9,0xB8,0xFF,0x2C,0xD6,0xB4,0xFF,0x2C,0xD4,0xB4,0xFF,
  0x2C,0xD4,0xB4,0xFF,0x2B,0xD6,0xB5,0xFF,0x2C,0xD7,0xB7,0xFF,
  0x2D,0xD7,0xBA,0xFF,0x32,0xD6,0xB7,0xFF,0x3B,0xC6,0x9A,0xFF,
  0x37,0xC5,0x97,0xFF,0x39,0xC7,0x98,0xFF,0x34,0xD4,0xB4,0xFF,
  0x2C,0xD6,0xB8,0xFF,0x2B,0xD4,0xAF,0xFF,0x2D,0xCD,0xA3,0xFF,
  0x2E,0xCC,0x9F,0xFF,0x2E,0xCB,0xA0,0xFF,0x31,0xCC,0x9F,0xFF,
  0x31,0xD2,0xA5,0xFF,0x37,0xC7,0x94,0xFF,0x39,0xBA,0x7D,0xFF,
  0x30,0xD8,0xB4,0xFF,0x30,0xD8,0xB6,0xFF,0x2F,0xD8,0xB7,0xFF,
  0x2D,0xD8,0xB7,0xFF,0x2D,0xD6,0xB5,0xFF,0x2D,0xD5,0xB4,0xFF,
  0x2C,0xD8,0xB3,0xFF,0x2B,0xD7,0xB4,0xFF,0x28,0xD7,0xB3,0xFF,
  0x26,0xD7,0xB2,0xFF,0x27,0xD3,0xB1,0xFF,0x27,0xD1,0xB1,0xFF,
  0x29,0xD1,0xB2,0xFF,0x2F,0xCB,0xA4,0xFF,0x32,0xC3,0x93,0xFF,
  0x30,0xC4,0x91,0xFF,0x2F,0xC2,0x8F,0xFF,0x2E,0xBC,0x87,0xFF,
  0x2C,0xB1,0x7B,0xFF,0x2B,0xB3,0x7C,0xFF,0x2F,0x81,0x54,0xFF,
  0x35,0xB9,0x83,0xFF,0x34,0xCA,0x8B,0xFF,0x36,0xC9,0x88,0xFF,
  0x38,0xCB,0x88,0xFF,0x35,0xCB,0x8B,0xFF,0x32,0xCB,0x8C,0xFF,
  0x35,0xC5,0x85,0xFF,0x35,0xBB,0x6F,0xFF,0x32,0xBB,0x6E,0xFF,
  0x34,0xB5,0x68,0xFF,0x31,0xC0,0x87,0xFF,0x2C,0xC8,0x9B,0xFF,
  0x2C,0xC7,0x97,0xFF,0x2C,0xC7,0x98,0xFF,0x2B,0xC7,0x95,0xFF,
  0x2C,0xC7,0x94,0xFF,0x2E,0xC5,0x92,0xFF,0x2F,0xC4,0x91,0xFF,
  0x30,0xC4,0x91,0xFF,0x32,0xC5,0x90,0xFF,0x32,0xC7,0x90,0xFF,
  0x32,0xC7,0x94,0xFF,0x33,0xC7,0x97,0xFF,0x33,0xC9,0x96,0xFF,
  0x33,0xC7,0x95,0xFF,0x33,0xC6,0x91,0xFF,0x33,0xC3,0x88,0xFF,
  0x32,0xC1,0x84,0xFF,0x33,0xC0,0x83,0xFF,0x34,0xC0,0x83,0xFF,
  0x34,0xC1,0x84,0xFF,0x34,0xC2,0x87,0xFF,0x37,0xB8,0x76,0xFF,
  0x36,0xB1,0x67,0xFF,0x34,0xB0,0x63,0xFF,0x35,0xB2,0x6D,0xFF,
  0x2C,0xC9,0xA3,0xFF,0x2C,0xC9,0xA2,0xFF,0x2E,0xD2,0xB1,0xFF,
  0x2D,0xD6,0xB5,0xFF,0x2B,0xD7,0xB9,0xFF,0x2E,0xD4,0xB4,0xFF,
  0x36,0xB9,0x7A,0xFF,0x33,0xB7,0x74,0xFF,0x33,0xBC,0x76,0xFF,
  0x30,0xD0,0xAF,0xFF,0x2E,0xD6,0xBD,0xFF,0x2F,0xD5,0xB8,0xFF,
  0x2F,0xD5,0xB5,0xFF,0x2F,0xD6,0xB3,0xFF,0x30,0xD6,0xB4,0xFF,
  0x30,0xD7,0xB4,0xFF,0x30,0xD7,0xB4,0xFF,0x2F,0xD8,0xB3,0xFF,
  0x30,0xD8,0xB4,0xFF,0x30,0xDA,0xB9,0xFF,0x32,0xDB,0xBF,0xFF,
  0x31,0xDB,0xBF,0xFF,0x2F,0xDA,0xBC,0xFF,0x2C,0xDA,0xBA,0xFF,
  0x2A,0xD9,0xB9,0xFF,0x2A,0xD8,0xBB,0xFF,0x2B,0xD7,0xBE,0xFF,
  0x2C,0xD8,0xBF,0xFF,0x2F,0xD9,0xBF,0xFF,0x2F,0xDA,0xBE,0xFF,
  0x30,0xDC,0xBB,0xFF,0x30,0xDB,0xBB,0xFF,0x30,0xDB,0xBB,0xFF,
  0x2E,0xDC,0xBD,0xFF,0x2D,0xDD,0xBE,0xFF,0x2F,0xDD,0xBE,0xFF,
  0x31,0xDD,0xC0,0xFF,0x31,0xDE,0xBF,0xFF,0x32,0xDD,0xBD,0xFF,
  0x31,0xDD,0xBE,0xFF,0x2F,0xDD,0xBE,0xFF,0x2D,0xDC,0xBD,0xFF,
  0x2A,0xDB,0xBA,0xFF,0x2A,0xDB,0xBA,0xFF,0x2A,0xDA,0xBC,0xFF,
  0x2A,0xDB,0xBC,0xFF,0x2B,0xDA,0xBE,0xFF,0x2F,0xDA,0xBE,0xFF,
  0x30,0xDB,0xBF,0xFF,0x31,0xDB,0xC0,0xFF,0x34,0xDB,0xC0,0xFF,
  0x32,0xDC,0xBE,0xFF,0x30,0xDC,0xBE,0xFF,0x30,0xDC,0xBD,0xFF,
  0x31,0xDC,0xBC,0xFF,0x32,0xDB,0xBC,0xFF,0x2F,0xDA,0xBC,0xFF,
  0x2E,0xDB,0xBD,0xFF,0x2E,0xDB,0xBB,0xFF,0x31,0xDB,0xBE,0xFF,
  0x30,0xD4,0xB1,0xFF,0x32,0xC8,0x8F,0xFF,0x31,0xCA,0x91,0xFF,
  0x32,0xC9,0x90,0xFF,0x33,0xC7,0x8F,0xFF,0x33,0xC6,0x8E,0xFF,
  0x32,0xC6,0x8D,0xFF,0x31,0xC5,0x8B,0xFF,0x30,0xC2,0x89,0xFF,
  0x2E,0xC0,0x87,0xFF,0x2D,0xBD,0x84,0xFF,0x2E,0xBC,0x83,0xFF,
  0x2E,0xBB,0x82,0xFF,0x2E,0xBB,0x81,0xFF,0x2D,0xBD,0x80,0xFF,
  0x2E,0xBF,0x7F,0xFF,0x2E,0xC4,0x8B,0xFF,0x2E,0xD3,0xA8,0xFF,
  0x30,0xCE,0xA3,0xFF,0x32,0xD7,0xB7,0xFF,0x32,0xDC,0xC2,0xFF,
  0x34,0xDD,0xBF,0xFF,0x35,0xDD,0xBF,0xFF,0x36,0xDC,0xC0,0xFF,
  0x36,0xDC,0xBE,0xFF,0x34,0xDB,0xBE,0xFF,0x31,0xDC,0xBD,0xFF,
  0x2E,0xDC,0xBC,0xFF,0x2C,0xDB,0xBA,0xFF,0x2E,0xDB,0xBB,0xFF,
  0x2E,0xDA,0xBC,0xFF,0x2F,0xDB,0xBC,0xFF,0x2F,0xDB,0xBE,0xFF,
  0x31,0xDD,0xBE,0xFF,0x35,0xDD,0xC1,0xFF,0x37,0xDD,0xC0,0xFF,
  0x39,0xDD,0xBE,0xFF,0x3C,0xDB,0xBF,0xFF,0x3C,0xDB,0xBF,0xFF,
  0x3C,0xDB,0xBE,0xFF,0x3A,0xD9,0xBF,0xFF,0x38,0xD8,0xBE,0xFF,
  0x37,0xD8,0xBD,0xFF,0x36,0xD7,0xBD,0xFF,0x33,0xD7,0xBA,0xFF,
  0x30,0xD7,0xB6,0xFF,0x2D,0xD6,0xB6,0xFF,0x2C,0xD7,0xB5,0xFF,
  0x2B,0xD7,0xB5,0xFF,0x2C,0xD6,0xB4,0xFF,0x2C,0xD4,0xB4,0xFF,
  0x2D,0xD4,0xB6,0xFF,0x2D,0xD5,0xB7,0xFF,0x2E,0xD5,0xB6,0xFF,
  0x30,0xD4,0xB0,0xFF,0x31,0xD1,0xA8,0xFF,0x31,0xD3,0xA7,0xFF,
  0x30,0xD3,0xA4,0xFF,0x30,0xD1,0xA2,0xFF,0x32,0xD3,0xAA,0xFF,
  0x31,0xD9,0xBA,0xFF,0x30,0xD9,0xBC,0xFF,0x30,0xD9,0xBA,0xFF,
  0x2C,0xDC,0xC1,0xFF,0x31,0xCD,0x9F,0xFF,0x36,0xC1,0x7C,0xFF,
  0x32,0xC6,0x84,0xFF,0x33,0xC4,0x84,0xFF,0x30,0xC5,0x86,0xFF,
  0x30,0xC2,0x81,0xFF,0x32,0xB8,0x70,0xFF,0x34,0xB4,0x66,0xFF,
  0x2F,0xBB,0x7F,0xFF,0x29,0xD7,0xBD,0xFF,0x2C,0xD6,0xBB,0xFF,
  0x2F,0xD7,0xBF,0xFF,0x31,0xD8,0xBE,0xFF,0x32,0xD8,0xBD,0xFF,
  0x32,0xD9,0xBD,0xFF,0x32,0xD9,0xBF,0xFF,0x30,0xD8,0xBF,0xFF,
  0x31,0xD8,0xBF,0xFF,0x30,0xD8,0xBB,0xFF,0x2E,0xD7,0xB8,0xFF,
  0x2F,0xD7,0xBA,0xFF,0x30,0xD3,0xB1,0xFF,0x32,0xC6,0x91,0xFF,
  0x31,0xC3,0x88,0xFF,0x31,0xC1,0x85,0xFF,0x33,0xB6,0x77,0xFF,
  0x33,0xB3,0x6F,0xFF,0x33,0xB2,0x6C,0xFF,0x36,0xBA,0x7A,0xFF,
  0x32,0xC9,0x93,0xFF,0x30,0xC7,0x90,0xFF,0x32,0xC7,0x91,0xFF,
  0x34,0xC7,0x8C,0xFF,0x33,0xCE,0x97,0xFF,0x31,0xD4,0xA8,0xFF,
  0x30,0xD2,0xA4,0xFF,0x30,0xD0,0xA0,0xFF,0x30,0xD7,0xB0,0xFF,
  0x2E,0xDC,0xBC,0xFF,0x2C,0xD9,0xBA,0xFF,0x2C,0xD7,0xBA,0xFF,
  0x2C,0xD7,0xBA,0xFF,0x2B,0xD9,0xBB,0xFF,0x2C,0xDA,0xBD,0xFF,
  0x2E,0xD9,0xBE,0xFF,0x30,0xD9,0xBE,0xFF,0x37,0xCD,0xA6,0xFF,
  0x32,0xCC,0xA1,0xFF,0x34,0xC9,0x9C,0xFF,0x33,0xD5,0xB6,0xFF,
  0x2C,0xD8,0xBD,0xFF,0x2B,0xD5,0xB3,0xFF,0x2D,0xCF,0xA7,0xFF,
  0x2E,0xCD,0xA4,0xFF,0x2E,0xCD,0xA4,0xFF,0x30,0xCE,0xA3,0xFF,
  0x31,0xD2,0xA4,0xFF,0x34,0xCA,0x98,0xFF,0x36,0xB9,0x7E,0xFF,
  0x30,0xDA,0xB6,0xFF,0x30,0xDA,0xB8,0xFF,0x2F,0xDA,0xB8,0xFF,
  0x2D,0xDA,0xB9,0xFF,0x2F,0xD8,0xB9,0xFF,0x2F,0xD9,0xB9,0xFF,
  0x2E,0xD9,0xB5,0xFF,0x2B,0xD8,0xB4,0xFF,0x28,0xD8,0xB3,0xFF,
  0x26,0xD8,0xB2,0xFF,0x27,0xD5,0xB6,0xFF,0x29,0xD3,0xB6,0xFF,
  0x2A,0xD2,0xB5,0xFF,0x2F,0xCB,0xA5,0xFF,0x32,0xC4,0x96,0xFF,
  0x2F,0xC3,0x90,0xFF,0x2E,0xC2,0x8E,0xFF,0x2D,0xBD,0x89,0xFF,
  0x2C,0xB5,0x7F,0xFF,0x2C,0xB6,0x81,0xFF,0x2F,0x83,0x56,0xFF,
  0x33,0xC1,0x8B,0xFF,0x36,0xD2,0x90,0xFF,0x37,0xCD,0x8C,0xFF,
  0x38,0xCE,0x8F,0xFF,0x36,0xCE,0x8F,0xFF,0x34,0xCC,0x91,0xFF,
  0x34,0xC8,0x8C,0xFF,0x37,0xBF,0x76,0xFF,0x36,0xC0,0x75,0xFF,
  0x35,0xBA,0x73,0xFF,0x31,0xC5,0x92,0xFF,0x2F,0xCC,0x9F,0xFF,
  0x30,0xCB,0x9C,0xFF,0x2F,0xCC,0x9C,0xFF,0x2D,0xC9,0x96,0xFF,
  0x2C,0xC6,0x93,0xFF,0x2E,0xC4,0x92,0xFF,0x2F,0xC3,0x91,0xFF,
  0x34,0xC8,0x93,0xFF,0x35,0xC9,0x92,0xFF,0x35,0xC8,0x94,0xFF,
  0x34,0xC8,0x99,0xFF,0x36,0xCB,0x9D,0xFF,0x37,0xCD,0x9D,0xFF,
  0x34,0xCC,0x9B,0xFF,0x34,0xCB,0x97,0xFF,0x34,0xC5,0x88,0xFF,
  0x33,0xC3,0x86,0xFF,0x34,0xC1,0x83,0xFF,0x35,0xC1,0x83,0xFF,
  0x35,0xC1,0x83,0xFF,0x34,0xC1,0x87,0xFF,0x39,0xB4,0x70,0xFF,
  0x38,0xAB,0x5D,0xFF,0x36,0xA8,0x55,0xFF,0x37,0xAB,0x61,0xFF,
  0x2D,0xC8,0x9F,0xFF,0x2C,0xC7,0x9F,0xFF,0x2E,0xD1,0xAE,0xFF,
  0x2F,0xD7,0xB4,0xFF,0x2D,0xD9,0xB9,0xFF,0x2E,0xD5,0xB2,0xFF,
  0x36,0xB6,0x77,0xFF,0x34,0xB8,0x72,0xFF,0x35,0xBA,0x70,0xFF,
  0x34,0xD2,0xAD,0xFF,0x33,0xD9,0xC0,0xFF,0x31,0xD5,0xBA,0xFF,
  0x31,0xD6,0xB6,0xFF,0x30,0xD7,0xB2,0xFF,0x2F,0xD7,0xB3,0xFF,
  0x30,0xD6,0xB3,0xFF,0x2F,0xD7,0xB4,0xFF,0x30,0xD8,0xB3,0xFF,
  0x32,0xD7,0xB3,0xFF,0x33,0xDB,0xBC,0xFF,0x36,0xDE,0xC3,0xFF,
  0x34,0xDE,0xC3,0xFF,0x31,0xDD,0xBF,0xFF,0x2D,0xDA,0xBA,0xFF,
  0x2B,0xD9,0xBA,0xFF,0x2A,0xD7,0xBC,0xFF,0x2E,0xDC,0xC5,0xFF,
  0x2F,0xDD,0xC3,0xFF,0x32,0xDC,0xC2,0xFF,0x32,0xDC,0xBE,0xFF,
  0x31,0xDC,0xBA,0xFF,0x32,0xDC,0xBB,0xFF,0x30,0xDC,0xBB,0xFF,
  0x2E,0xDD,0xBD,0xFF,0x2E,0xDE,0xBE,0xFF,0x2F,0xDE,0xBF,0xFF,
  0x34,0xE2,0xC5,0xFF,0x34,0xE3,0xC2,0xFF,0x35,0xE1,0xC1,0xFF,
  0x33,0xE0,0xC2,0xFF,0x31,0xE0,0xC2,0xFF,0x30,0xDF,0xC0,0xFF,
  0x2D,0xDE,0xBE,0xFF,0x2C,0xDE,0xBE,0xFF,0x2B,0xDE,0xC0,0xFF,
  0x2C,0xDE,0xC2,0xFF,0x2D,0xDF,0xC4,0xFF,0x32,0xE0,0xC6,0xFF,
  0x33,0xE0,0xC7,0xFF,0x34,0xE1,0xC9,0xFF,0x36,0xE1,0xC9,0xFF,
  0x34,0xE0,0xC2,0xFF,0x33,0xE0,0xC2,0xFF,0x33,0xE1,0xC4,0xFF,
  0x35,0xE5,0xC5,0xFF,0x35,0xE3,0xC4,0xFF,0x31,0xE2,0xC6,0xFF,
  0x31,0xE2,0xC7,0xFF,0x30,0xE0,0xC5,0xFF,0x34,0xE1,0xCA,0xFF,
  0x32,0xD8,0xB7,0xFF,0x33,0xC9,0x8F,0xFF,0x32,0xCA,0x92,0xFF,
  0x33,0xC9,0x8F,0xFF,0x33,0xC6,0x8E,0xFF,0x33,0xC5,0x8D,0xFF,
  0x32,0xC5,0x8C,0xFF,0x32,0xC3,0x8A,0xFF,0x30,0xC2,0x8A,0xFF,
  0x2F,0xBF,0x87,0xFF,0x2E,0xBC,0x82,0xFF,0x2F,0xBA,0x81,0xFF,
  0x2F,0xBA,0x7F,0xFF,0x30,0xBA,0x7D,0xFF,0x2E,0xBC,0x7D,0xFF,
  0x30,0xBB,0x79,0xFF,0x31,0xC1,0x85,0xFF,0x2F,0xD5,0xA9,0xFF,
  0x30,0xD0,0xA4,0xFF,0x33,0xD9,0xBB,0xFF,0x36,0xE1,0xC9,0xFF,
  0x39,0xE2,0xC6,0xFF,0x39,0xE2,0xC5,0xFF,0x3A,0xE2,0xC6,0xFF,
  0x3A,0xE1,0xC6,0xFF,0x38,0xE1,0xC5,0xFF,0x35,0xE1,0xC5,0xFF,
  0x32,0xE1,0xC3,0xFF,0x30,0xE0,0xC0,0xFF,0x31,0xE0,0xC0,0xFF,
  0x31,0xDF,0xC1,0xFF,0x31,0xE0,0xC2,0xFF,0x31,0xE0,0xC4,0xFF,
  0x34,0xE2,0xC6,0xFF,0x38,0xE5,0xCA,0xFF,0x3C,0xE5,0xC8,0xFF,
  0x3E,0xE5,0xC6,0xFF,0x40,0xE4,0xC9,0xFF,0x40,0xE3,0xC9,0xFF,
  0x40,0xE2,0xC8,0xFF,0x3F,0xE0,0xC8,0xFF,0x3D,0xE1,0xC9,0xFF,
  0x3B,0xE0,0xC7,0xFF,0x38,0xE0,0xC5,0xFF,0x35,0xDD,0xC0,0xFF,
  0x32,0xD9,0xB9,0xFF,0x30,0xD8,0xB9,0xFF,0x2F,0xD9,0xB9,0xFF,
  0x2F,0xDC,0xB9,0xFF,0x30,0xDB,0xB9,0xFF,0x2F,0xD9,0xBA,0xFF,
  0x2F,0xD9,0xBD,0xFF,0x2F,0xDA,0xBD,0xFF,0x30,0xDA,0xBD,0xFF,
  0x31,0xD8,0xB7,0xFF,0x34,0xD6,0xAD,0xFF,0x33,0xD7,0xAA,0xFF,
  0x33,0xD7,0xA8,0xFF,0x33,0xD6,0xA7,0xFF,0x33,0xD6,0xAB,0xFF,
  0x31,0xDC,0xB9,0xFF,0x31,0xDD,0xC0,0xFF,0x32,0xDD,0xBE,0xFF,
  0x2D,0xE2,0xC7,0xFF,0x30,0xD1,0xA2,0xFF,0x35,0xC0,0x7A,0xFF,
  0x33,0xC5,0x82,0xFF,0x34,0xC1,0x80,0xFF,0x33,0xC3,0x7F,0xFF,
  0x32,0xBE,0x78,0xFF,0x33,0xB5,0x6A,0xFF,0x37,0xAE,0x5B,0xFF,
  0x33,0xB8,0x77,0xFF,0x29,0xDB,0xBF,0xFF,0x2D,0xD9,0xBE,0xFF,
  0x31,0xDD,0xC7,0xFF,0x34,0xE1,0xC6,0xFF,0x35,0xE3,0xC6,0xFF,
  0x35,0xE4,0xC8,0xFF,0x36,0xE2,0xCA,0xFF,0x31,0xE2,0xC9,0xFF,
  0x31,0xE3,0xCA,0xFF,0x31,0xDD,0xC4,0xFF,0x30,0xDA,0xBB,0xFF,
  0x30,0xDB,0xBF,0xFF,0x2D,0xD8,0xB6,0xFF,0x30,0xC8,0x93,0xFF,
  0x32,0xC3,0x89,0xFF,0x33,0xC0,0x86,0xFF,0x33,0xB2,0x71,0xFF,
  0x34,0xB1,0x6A,0xFF,0x35,0xB2,0x6C,0xFF,0x37,0xB9,0x79,0xFF,
  0x32,0xC8,0x92,0xFF,0x31,0xC7,0x91,0xFF,0x31,0xC8,0x91,0xFF,
  0x33,0xC7,0x8B,0xFF,0x34,0xCF,0x99,0xFF,0x32,0xD6,0xAA,0xFF,
  0x32,0xD4,0xA6,0xFF,0x33,0xD2,0xA3,0xFF,0x33,0xDC,0xB6,0xFF,
  0x31,0xE1,0xC0,0xFF,0x2D,0xDE,0xBF,0xFF,0x2B,0xDE,0xC1,0xFF,
  0x2C,0xDD,0xC2,0xFF,0x2C,0xDE,0xC1,0xFF,0x2D,0xDF,0xC2,0xFF,
  0x2E,0xDE,0xC4,0xFF,0x2D,0xDE,0xC7,0xFF,0x30,0xD5,0xB5,0xFF,
  0x2D,0xD4,0xAC,0xFF,0x2E,0xCE,0xA7,0xFF,0x31,0xDA,0xBD,0xFF,
  0x30,0xDC,0xC4,0xFF,0x2E,0xD7,0xB9,0xFF,0x2E,0xD2,0xAD,0xFF,
  0x32,0xD0,0xA8,0xFF,0x31,0xCF,0xA8,0xFF,0x31,0xD0,0xA7,0xFF,
  0x30,0xD0,0xA2,0xFF,0x31,0xCF,0xA0,0xFF,0x35,0xC2,0x8D,0xFF,
  0x30,0xDB,0xB5,0xFF,0x32,0xDD,0xBA,0xFF,0x32,0xDD,0xBA,0xFF,
  0x30,0xDC,0xBA,0xFF,0x32,0xDC,0xBD,0xFF,0x34,0xE0,0xBE,0xFF,
  0x31,0xDA,0xB7,0xFF,0x2C,0xD8,0xB4,0xFF,0x28,0xD9,0xB5,0xFF,
  0x26,0xD7,0xB3,0xFF,0x2B,0xDA,0xBB,0xFF,0x2E,0xD9,0xBC,0xFF,
  0x2D,0xD4,0xB8,0xFF,0x2D,0xCB,0xA6,0xFF,0x31,0xC5,0x98,0xFF,
  0x30,0xC2,0x91,0xFF,0x2D,0xC0,0x8D,0xFF,0x2E,0xBF,0x8C,0xFF,
  0x2F,0xB9,0x85,0xFF,0x2E,0xBD,0x89,0xFF,0x2F,0x88,0x5A,0xFF,
  0x30,0xB8,0x80,0xFF,0x37,0xC8,0x84,0xFF,0x38,0xC4,0x84,0xFF,
  0x38,0xC8,0x8B,0xFF,0x37,0xCB,0x8F,0xFF,0x35,0xCD,0x95,0xFF,
  0x35,0xC6,0x8A,0xFF,0x39,0xB8,0x6F,0xFF,0x38,0xBA,0x6F,0xFF,
  0x37,0xB5,0x6F,0xFF,0x31,0xC4,0x91,0xFF,0x31,0xCB,0x9A,0xFF,
  0x32,0xCB,0x99,0xFF,0x33,0xCD,0x9B,0xFF,0x2D,0xC9,0x98,0xFF,
  0x2E,0xC6,0x94,0xFF,0x2E,0xC4,0x93,0xFF,0x2F,0xC1,0x91,0xFF,
  0x38,0xC4,0x8C,0xFF,0x39,0xC5,0x8E,0xFF,0x37,0xC4,0x91,0xFF,
  0x37,0xC2,0x93,0xFF,0x39,0xC4,0x94,0xFF,0x39,0xC9,0x95,0xFF,
  0x39,0xCB,0x98,0xFF,0x39,0xCB,0x94,0xFF,0x35,0xC7,0x8A,0xFF,
  0x35,0xC3,0x86,0xFF,0x34,0xC1,0x84,0xFF,0x35,0xC1,0x83,0xFF,
  0x35,0xC1,0x83,0xFF,0x35,0xC1,0x86,0xFF,0x39,0xB7,0x78,0xFF,
  0x37,0xAF,0x67,0xFF,0x35,0xAA,0x60,0xFF,0x36,0xAF,0x6D,0xFF,
  0x2D,0xC5,0x9C,0xFF,0x2C,0xC5,0x9C,0xFF,0x2E,0xCD,0xA6,0xFF,
  0x2F,0xD3,0xAD,0xFF,0x2D,0xD5,0xB2,0xFF,0x2E,0xD2,0xAC,0xFF,
  0x34,0xBA,0x7E,0xFF,0x34,0xBC,0x7A,0xFF,0x35,0xBC,0x77,0xFF,
  0x35,0xD1,0xA9,0xFF,0x34,0xD9,0xBD,0xFF,0x32,0xD4,0xB8,0xFF,
  0x32,0xD6,0xB6,0xFF,0x2F,0xD7,0xB2,0xFF,0x2F,0xD7,0xB3,0xFF,
  0x30,0xD6,0xB3,0xFF,0x2F,0xD7,0xB4,0xFF,0x30,0xD8,0xB3,0xFF,
  0x32,0xD7,0xB3,0xFF,0x35,0xDA,0xBA,0xFF,0x37,0xDE,0xBF,0xFF,
  0x36,0xDC,0xBC,0xFF,0x33,0xDC,0xBC,0xFF,0x2D,0xDA,0xBB,0xFF,
  0x2C,0xD9,0xBA,0xFF,0x2A,0xD7,0xBB,0xFF,0x30,0xD9,0xBB,0xFF,
  0x30,0xDA,0xBA,0xFF,0x34,0xDB,0xBD,0xFF,0x34,0xDB,0xBD,0xFF,
  0x31,0xDB,0xB9,0xFF,0x32,0xDB,0xBA,0xFF,0x2F,0xD9,0xB7,0xFF,
  0x2C,0xD8,0xB4,0xFF,0x2E,0xDA,0xB8,0xFF,0x2F,0xDB,0xBD,0xFF,
  0x36,0xE0,0xBD,0xFF,0x35,0xE0,0xBB,0xFF,0x36,0xDF,0xBB,0xFF,
  0x33,0xDE,0xBC,0xFF,0x31,0xDD,0xBB,0xFF,0x2F,0xDC,0xBA,0xFF,
  0x2C,0xDB,0xB9,0xFF,0x2C,0xDB,0xB8,0xFF,0x2C,0xDA,0xB9,0xFF,
  0x2E,0xDB,0xBD,0xFF,0x2F,0xDA,0xBE,0xFF,0x36,0xD8,0xBA,0xFF,
  0x34,0xD9,0xBB,0xFF,0x38,0xDA,0xBC,0xFF,0x38,0xDD,0xC0,0xFF,
  0x35,0xDE,0xBE,0xFF,0x35,0xDE,0xBE,0xFF,0x34,0xDE,0xBD,0xFF,
  0x39,0xDD,0xB5,0xFF,0x37,0xDB,0xB6,0xFF,0x34,0xDC,0xBB,0xFF,
  0x34,0xDD,0xBB,0xFF,0x33,0xDB,0xBA,0xFF,0x37,0xDD,0xBF,0xFF,
  0x32,0xD6,0xB0,0xFF,0x34,0xC9,0x91,0xFF,0x33,0xCA,0x92,0xFF,
  0x33,0xC9,0x8F,0xFF,0x33,0xC6,0x8E,0xFF,0x33,0xC5,0x8D,0xFF,
  0x32,0xC4,0x8C,0xFF,0x32,0xC3,0x8A,0xFF,0x31,0xC2,0x89,0xFF,
  0x30,0xBF,0x88,0xFF,0x2E,0xBE,0x89,0xFF,0x2F,0xBD,0x8A,0xFF,
  0x31,0xBE,0x87,0xFF,0x31,0xBE,0x85,0xFF,0x31,0xBF,0x85,0xFF,
  0x31,0xBD,0x80,0xFF,0x30,0xC0,0x88,0xFF,0x2E,0xD1,0xA3,0xFF,
  0x30,0xCD,0xA0,0xFF,0x33,0xD4,0xB3,0xFF,0x37,0xDD,0xBD,0xFF,
  0x39,0xDE,0xBD,0xFF,0x39,0xDF,0xBE,0xFF,0x3B,0xDF,0xBE,0xFF,
  0x39,0xDE,0xBF,0xFF,0x37,0xDD,0xBD,0xFF,0x35,0xDC,0xBA,0xFF,
  0x33,0xDB,0xB8,0xFF,0x31,0xDB,0xB5,0xFF,0x32,0xDA,0xB5,0xFF,
  0x32,0xD9,0xB5,0xFF,0x32,0xD9,0xB6,0xFF,0x32,0xD9,0xB5,0xFF,
  0x35,0xD9,0xB7,0xFF,0x37,0xDA,0xB7,0xFF,0x3D,0xDC,0xB7,0xFF,
  0x40,0xDE,0xB9,0xFF,0x43,0xDF,0xBD,0xFF,0x43,0xDE,0xBF,0xFF,
  0x42,0xDE,0xBD,0xFF,0x41,0xDA,0xBB,0xFF,0x40,0xD8,0xB8,0xFF,
  0x3D,0xD7,0xB4,0xFF,0x3C,0xD8,0xB2,0xFF,0x3A,0xD8,0xB4,0xFF,
  0x32,0xD7,0xB5,0xFF,0x31,0xD6,0xB4,0xFF,0x30,0xD7,0xB6,0xFF,
  0x30,0xD7,0xB2,0xFF,0x31,0xD5,0xAF,0xFF,0x2F,0xD3,0xB1,0xFF,
  0x2F,0xD3,0xB2,0xFF,0x30,0xD4,0xB1,0xFF,0x31,0xD4,0xB1,0xFF,
  0x33,0xD3,0xAE,0xFF,0x34,0xD4,0xAA,0xFF,0x34,0xD5,0xA5,0xFF,
  0x34,0xD4,0xA3,0xFF,0x34,0xD3,0xA1,0xFF,0x34,0xD2,0x9F,0xFF,
  0x33,0xD4,0xA5,0xFF,0x33,0xD6,0xB0,0xFF,0x34,0xD6,0xB1,0xFF,
  0x2F,0xD9,0xB5,0xFF,0x31,0xCD,0x98,0xFF,0x36,0xBF,0x7A,0xFF,
  0x35,0xC2,0x80,0xFF,0x33,0xC4,0x87,0xFF,0x32,0xC5,0x88,0xFF,
  0x32,0xC1,0x81,0xFF,0x33,0xBB,0x77,0xFF,0x36,0xB4,0x69,0xFF,
  0x35,0xB9,0x78,0xFF,0x2A,0xD1,0xA8,0xFF,0x2F,0xD2,0xAC,0xFF,
  0x31,0xD1,0xAF,0xFF,0x35,0xD0,0xA5,0xFF,0x37,0xD3,0xA8,0xFF,
  0x39,0xD3,0xAA,0xFF,0x38,0xD2,0xAC,0xFF,0x33,0xD2,0xAA,0xFF,
  0x35,0xD2,0xA6,0xFF,0x31,0xD2,0xAE,0xFF,0x31,0xD4,0xB1,0xFF,
  0x30,0xD4,0xB2,0xFF,0x2E,0xD1,0xA8,0xFF,0x31,0xC3,0x89,0xFF,
  0x33,0xBF,0x83,0xFF,0x35,0xBD,0x83,0xFF,0x33,0xBA,0x7C,0xFF,
  0x33,0xBB,0x7C,0xFF,0x36,0xBC,0x7F,0xFF,0x36,0xC0,0x86,0xFF,
  0x31,0xC9,0x93,0xFF,0x31,0xC9,0x94,0xFF,0x31,0xCA,0x94,0xFF,
  0x33,0xCA,0x8F,0xFF,0x34,0xD0,0x9E,0xFF,0x33,0xD8,0xAD,0xFF,
  0x32,0xD5,0xA6,0xFF,0x32,0xD1,0xA2,0xFF,0x32,0xD6,0xAB,0xFF,
  0x30,0xDA,0xB2,0xFF,0x2D,0xD7,0xB0,0xFF,0x2E,0xD6,0xAF,0xFF,
  0x2C,0xD4,0xB1,0xFF,0x2C,0xD3,0xAE,0xFF,0x2E,0xD5,0xB0,0xFF,
  0x30,0xD6,0xB3,0xFF,0x2E,0xD6,0xB7,0xFF,0x2E,0xCF,0xA9,0xFF,
  0x2E,0xCF,0x9E,0xFF,0x2E,0xC9,0x9E,0xFF,0x31,0xDA,0xB8,0xFF,
  0x31,0xDC,0xC0,0xFF,0x31,0xD6,0xB6,0xFF,0x30,0xCD,0xA3,0xFF,
  0x34,0xCA,0x9D,0xFF,0x33,0xCB,0xA1,0xFF,0x33,0xCE,0xA3,0xFF,
  0x2F,0xCF,0xA3,0xFF,0x2F,0xD2,0xA7,0xFF,0x33,0xCD,0x9D,0xFF,
  0x2F,0xD7,0xAE,0xFF,0x32,0xDB,0xB7,0xFF,0x31,0xDC,0xB6,0xFF,
  0x31,0xDB,0xB8,0xFF,0x34,0xDB,0xB9,0xFF,0x39,0xDD,0xB4,0xFF,
  0x32,0xDD,0xB9,0xFF,0x2C,0xDB,0xB6,0xFF,0x29,0xDA,0xB5,0xFF,
  0x27,0xD7,0xB5,0xFF,0x2F,0xD2,0xAC,0xFF,0x32,0xCC,0xA5,0xFF,
  0x30,0xC9,0xA7,0xFF,0x31,0xBF,0x93,0xFF,0x33,0xBD,0x8C,0xFF,
  0x32,0xC2,0x93,0xFF,0x2D,0xBF,0x8E,0xFF,0x30,0xBD,0x89,0xFF,
  0x33,0xB2,0x7D,0xFF,0x30,0xB6,0x82,0xFF,0x2F,0x83,0x55,0xFF,
  0x2F,0x9B,0x5B,0xFF,0x37,0xA8,0x5E,0xFF,0x3A,0xA9,0x64,0xFF,
  0x3A,0xAF,0x6D,0xFF,0x39,0xB7,0x76,0xFF,0x37,0xBD,0x81,0xFF,
  0x39,0xB4,0x6F,0xFF,0x3B,0xA1,0x50,0xFF,0x3A,0xA3,0x52,0xFF,
  0x3C,0xA0,0x50,0xFF,0x34,0xB8,0x7A,0xFF,0x33,0xC1,0x86,0xFF,
  0x34,0xC1,0x84,0xFF,0x36,0xC4,0x87,0xFF,0x2E,0xC8,0x97,0xFF,
  0x30,0xC8,0x97,0xFF,0x2F,0xC5,0x94,0xFF,0x31,0xC0,0x90,0xFF,
  0x3C,0xB0,0x6E,0xFF,0x3A,0xAF,0x71,0xFF,0x39,0xB0,0x76,0xFF,
  0x3A,0xAC,0x72,0xFF,0x3D,0xAC,0x6D,0xFF,0x3B,0xB3,0x72,0xFF,
  0x41,0xB9,0x79,0xFF,0x41,0xBF,0x7D,0xFF,0x36,0xC9,0x8D,0xFF,
  0x37,0xC3,0x86,0xFF,0x35,0xC3,0x85,0xFF,0x35,0xC2,0x83,0xFF,
  0x35,0xC2,0x84,0xFF,0x36,0xBF,0x84,0xFF,0x36,0xC1,0x8E,0xFF,
  0x33,0xBF,0x8A,0xFF,0x32,0xBA,0x86,0xFF,0x32,0xBD,0x8E,0xFF,
  0x2D,0xC1,0x9A,0xFF,0x2E,0xC4,0x9A,0xFF,0x2E,0xC8,0x9E,0xFF,
  0x2E,0xCB,0xA3,0xFF,0x2E,0xCD,0xA5,0xFF,0x2E,0xCC,0xA3,0xFF,
  0x32,0xC4,0x8E,0xFF,0x33,0xC5,0x8D,0xFF,0x35,0xC4,0x8B,0xFF,
  0x32,0xCD,0x9F,0xFF,0x32,0xD1,0xAA,0xFF,0x31,0xCF,0xA6,0xFF,
  0x32,0xD0,0xA9,0xFF,0x2E,0xD5,0xB2,0xFF,0x30,0xD6,0xB3,0xFF,
  0x30,0xD6,0xB4,0xFF,0x30,0xD6,0xB4,0xFF,0x31,0xD7,0xB4,0xFF,
  0x32,0xD8,0xB6,0xFF,0x36,0xD5,0xAD,0xFF,0x36,0xD4,0xA6,0xFF,
  0x36,0xD0,0xA2,0xFF,0x36,0xD4,0xAB,0xFF,0x2D,0xDB,0xBD,0xFF,
  0x2D,0xD9,0xBA,0xFF,0x2C,0xD7,0xB9,0xFF,0x32,0xCB,0x9D,0xFF,
  0x30,0xCC,0x9D,0xFF,0x37,0xD1,0xA6,0xFF,0x35,0xD5,0xB3,0xFF,
  0x31,0xD9,0xB7,0xFF,0x32,0xD9,0xB5,0xFF,0x2D,0xD4,0xAE,0xFF,
  0x2A,0xCF,0xA6,0xFF,0x2C,0xD3,0xAE,0xFF,0x2F,0xD6,0xB4,0xFF,
  0x37,0xCB,0x9A,0xFF,0x35,0xCD,0x9B,0xFF,0x34,0xCE,0x9D,0xFF,
  0x32,0xCD,0x9D,0xFF,0x30,0xCB,0x9B,0xFF,0x2F,0xCB,0x9C,0xFF,
  0x2C,0xCA,0x9B,0xFF,0x2C,0xC9,0x99,0xFF,0x2E,0xC6,0x98,0xFF,
  0x2F,0xC8,0x9F,0xFF,0x30,0xC4,0x9A,0xFF,0x38,0xBC,0x8A,0xFF,
  0x35,0xBE,0x8E,0xFF,0x3C,0xBF,0x8A,0xFF,0x3B,0xC9,0x9A,0xFF,
  0x32,0xD4,0xAB,0xFF,0x34,0xD4,0xA9,0xFF,0x34,0xCF,0xA3,0xFF,
  0x3D,0xBF,0x85,0xFF,0x39,0xBE,0x87,0xFF,0x39,0xC0,0x8D,0xFF,
  0x3A,0xC2,0x8C,0xFF,0x38,0xC4,0x8D,0xFF,0x3C,0xC4,0x8F,0xFF,
  0x33,0xCC,0x9B,0xFF,0x36,0xCB,0x94,0xFF,0x34,0xC9,0x92,0xFF,
  0x33,0xC8,0x8F,0xFF,0x34,0xC6,0x8E,0xFF,0x34,0xC5,0x8D,0xFF,
  0x33,0xC3,0x8B,0xFF,0x33,0xC3,0x8A,0xFF,0x33,0xC1,0x87,0xFF,
  0x30,0xC2,0x8F,0xFF,0x2E,0xC6,0x9D,0xFF,0x30,0xC6,0x9E,0xFF,
  0x32,0xC7,0x9C,0xFF,0x32,0xC7,0x9A,0xFF,0x34,0xC8,0x9A,0xFF,
  0x32,0xC7,0x98,0xFF,0x2F,0xC5,0x94,0xFF,0x2D,0xC6,0x96,0xFF,
  0x2F,0xC6,0x96,0xFF,0x32,0xC9,0xA1,0xFF,0x36,0xC9,0x94,0xFF,
  0x36,0xCA,0x95,0xFF,0x36,0xCC,0x9B,0xFF,0x39,0xCD,0x9B,0xFF,
  0x36,0xCC,0x9B,0xFF,0x34,0xCA,0x98,0xFF,0x33,0xC6,0x94,0xFF,
  0x33,0xC5,0x91,0xFF,0x32,0xC4,0x8E,0xFF,0x32,0xC3,0x8D,0xFF,
  0x31,0xC2,0x8D,0xFF,0x31,0xC0,0x8D,0xFF,0x32,0xC1,0x8A,0xFF,
  0x34,0xBF,0x8C,0xFF,0x34,0xBA,0x82,0xFF,0x3A,0xBC,0x82,0xFF,
  0x3E,0xC1,0x89,0xFF,0x41,0xC5,0x8E,0xFF,0x42,0xC6,0x91,0xFF,
  0x41,0xC6,0x90,0xFF,0x40,0xC1,0x8B,0xFF,0x3E,0xBB,0x83,0xFF,
  0x3D,0xBA,0x81,0xFF,0x41,0xBA,0x7E,0xFF,0x3E,0xC2,0x8D,0xFF,
  0x30,0xCF,0xA4,0xFF,0x30,0xCB,0xA1,0xFF,0x2F,0xCB,0xA3,0xFF,
  0x2E,0xC5,0x99,0xFF,0x2F,0xBF,0x8C,0xFF,0x2D,0xBF,0x8E,0xFF,
  0x2F,0xBE,0x8C,0xFF,0x30,0xBF,0x8B,0xFF,0x32,0xC0,0x8A,0xFF,
  0x36,0xC1,0x8B,0xFF,0x33,0xCB,0x9C,0xFF,0x34,0xCC,0x96,0xFF,
  0x33,0xCB,0x94,0xFF,0x33,0xCA,0x90,0xFF,0x36,0xC7,0x88,0xFF,
  0x37,0xC4,0x86,0xFF,0x36,0xC5,0x8E,0xFF,0x35,0xC5,0x92,0xFF,
  0x31,0xC4,0x90,0xFF,0x33,0xC1,0x84,0xFF,0x38,0xBD,0x7B,0xFF,
  0x36,0xBF,0x7D,0xFF,0x30,0xCD,0x98,0xFF,0x2D,0xCD,0xA0,0xFF,
  0x30,0xCB,0x9B,0xFF,0x33,0xC8,0x94,0xFF,0x33,0xC5,0x8F,0xFF,
  0x34,0xBF,0x84,0xFF,0x2E,0xBD,0x83,0xFF,0x2F,0xC4,0x8E,0xFF,
  0x30,0xB7,0x81,0xFF,0x35,0xA8,0x61,0xFF,0x37,0xAB,0x66,0xFF,
  0x3C,0xAA,0x67,0xFF,0x3A,0xA9,0x6B,0xFF,0x36,0xAB,0x68,0xFF,
  0x3B,0xA7,0x5D,0xFF,0x33,0xB4,0x7D,0xFF,0x2F,0xC3,0x97,0xFF,
  0x31,0xBF,0x91,0xFF,0x32,0xBC,0x87,0xFF,0x35,0xB6,0x75,0xFF,
  0x34,0xB6,0x75,0xFF,0x36,0xB4,0x77,0xFF,0x32,0xC6,0x90,0xFF,
  0x30,0xCC,0x9C,0xFF,0x33,0xCB,0x9B,0xFF,0x32,0xCD,0x9A,0xFF,
  0x30,0xCC,0x97,0xFF,0x31,0xCD,0x98,0xFF,0x32,0xCE,0x9A,0xFF,
  0x34,0xCD,0x98,0xFF,0x35,0xD1,0xA1,0xFF,0x34,0xD5,0xA7,0xFF,
  0x31,0xD2,0xA1,0xFF,0x30,0xCB,0x9A,0xFF,0x32,0xC3,0x8A,0xFF,
  0x31,0xC1,0x89,0xFF,0x31,0xBD,0x85,0xFF,0x36,0xB9,0x7C,0xFF,
  0x2E,0xB8,0x83,0xFF,0x2D,0xB9,0x85,0xFF,0x30,0xBB,0x88,0xFF,
  0x33,0xBD,0x8B,0xFF,0x32,0xBF,0x8E,0xFF,0x36,0xB6,0x7E,0xFF,
  0x38,0xB3,0x6D,0xFF,0x37,0xB1,0x72,0xFF,0x33,0xCA,0x95,0xFF,
  0x31,0xCF,0xA4,0xFF,0x34,0xCC,0x9D,0xFF,0x33,0xBB,0x84,0xFF,
  0x37,0xB7,0x7C,0xFF,0x36,0xBD,0x86,0xFF,0x37,0xC1,0x8C,0xFF,
  0x2F,0xCE,0xA3,0xFF,0x2E,0xD3,0xA9,0xFF,0x30,0xD3,0xA6,0xFF,
  0x2F,0xCE,0xA2,0xFF,0x30,0xD5,0xAD,0xFF,0x30,0xD6,0xAD,0xFF,
  0x31,0xD8,0xB2,0xFF,0x34,0xD3,0xA9,0xFF,0x3D,0xCB,0x94,0xFF,
  0x32,0xDA,0xAF,0xFF,0x2C,0xDB,0xB4,0xFF,0x2B,0xD8,0xB0,0xFF,
  0x2A,0xD6,0xB1,0xFF,0x33,0xB6,0x81,0xFF,0x34,0xA9,0x70,0xFF,
  0x33,0xAF,0x7B,0xFF,0x37,0xA6,0x6D,0xFF,0x37,0xA9,0x6D,0xFF,
  0x34,0xBC,0x8A,0xFF,0x2E,0xBF,0x8F,0xFF,0x34,0xAE,0x75,0xFF,
  0x37,0x9A,0x5E,0xFF,0x32,0x9B,0x62,0xFF,0x31,0x72,0x41,0xFF,
  0x33,0x7E,0x2E,0xFF,0x3B,0x85,0x2C,0xFF,0x3D,0x85,0x32,0xFF,
  0x40,0x89,0x37,0xFF,0x3F,0x8F,0x3D,0xFF,0x3B,0x94,0x44,0xFF,
  0x3F,0x8F,0x36,0xFF,0x40,0x84,0x24,0xFF,0x3D,0x86,0x26,0xFF,
  0x43,0x84,0x22,0xFF,0x3C,0xA4,0x51,0xFF,0x36,0xB1,0x63,0xFF,
  0x39,0xAF,0x5E,0xFF,0x3A,0xAF,0x5D,0xFF,0x31,0xC5,0x8E,0xFF,
  0x31,0xC9,0x99,0xFF,0x2E,0xC5,0x94,0xFF,0x33,0xC0,0x8E,0xFF,
  0x3E,0x91,0x3F,0xFF,0x39,0x89,0x38,0xFF,0x39,0x8C,0x3D,0xFF,
  0x3F,0x88,0x39,0xFF,0x44,0x8A,0x33,0xFF,0x43,0x91,0x38,0xFF,
  0x4A,0x94,0x3B,0xFF,0x46,0xA8,0x56,0xFF,0x37,0xCB,0x8E,0xFF,
  0x37,0xC3,0x85,0xFF,0x35,0xC4,0x85,0xFF,0x35,0xC2,0x83,0xFF,
  0x35,0xC2,0x84,0xFF,0x37,0xBE,0x82,0xFF,0x35,0xCB,0xA0,0xFF,
  0x2F,0xD1,0xAE,0xFF,0x2F,0xCC,0xAA,0xFF,0x2F,0xC8,0xA7,0xFF,
  0x2E,0xBF,0x9A,0xFF,0x2F,0xC3,0x9A,0xFF,0x2F,0xC5,0x9B,0xFF,
  0x30,0xC7,0x9E,0xFF,0x2F,0xC8,0x9E,0xFF,0x2F,0xC9,0x9F,0xFF,
  0x32,0xCB,0x9D,0xFF,0x32,0xCD,0x9F,0xFF,0x34,0xCD,0xA1,0xFF,
  0x31,0xC5,0x8D,0xFF,0x32,0xC2,0x86,0xFF,0x32,0xC1,0x82,0xFF,
  0x34,0xC0,0x87,0xFF,0x2F,0xD3,0xAF,0xFF,0x30,0xD6,0xB3,0xFF,
  0x30,0xD6,0xB4,0xFF,0x30,0xD6,0xB4,0xFF,0x31,0xD6,0xB4,0xFF,
  0x31,0xD9,0xB8,0xFF,0x38,0xCC,0x94,0xFF,0x36,0xC0,0x7A,0xFF,
  0x37,0xBF,0x79,0xFF,0x39,0xC8,0x93,0xFF,0x2E,0xDC,0xBE,0xFF,
  0x2C,0xD8,0xBA,0xFF,0x2F,0xD6,0xB5,0xFF,0x35,0xB8,0x76,0xFF,
  0x30,0xB8,0x76,0xFF,0x39,0xBB,0x7B,0xFF,0x38,0xC7,0x99,0xFF,
  0x32,0xD8,0xB5,0xFF,0x32,0xD4,0xAE,0xFF,0x2D,0xD0,0xA9,0xFF,
  0x2B,0xCC,0xA1,0xFF,0x2A,0xD0,0xA9,0xFF,0x2F,0xD0,0xA6,0xFF,
  0x39,0xAA,0x5F,0xFF,0x36,0xAC,0x62,0xFF,0x34,0xAF,0x64,0xFF,
  0x33,0xAE,0x65,0xFF,0x32,0xAC,0x64,0xFF,0x33,0xAC,0x65,0xFF,
  0x33,0xAB,0x63,0xFF,0x32,0xAB,0x62,0xFF,0x33,0xA7,0x63,0xFF,
  0x32,0xAA,0x6C,0xFF,0x35,0xA2,0x5E,0xFF,0x3D,0x95,0x43,0xFF,
  0x39,0x9B,0x4B,0xFF,0x41,0x99,0x43,0xFF,0x3C,0xAB,0x60,0xFF,
  0x31,0xC7,0x8F,0xFF,0x32,0xC4,0x88,0xFF,0x35,0xBD,0x80,0xFF,
  0x45,0x9C,0x49,0xFF,0x40,0x9A,0x48,0xFF,0x40,0x9C,0x4C,0xFF,
  0x41,0x9E,0x49,0xFF,0x40,0xA1,0x4C,0xFF,0x43,0x9F,0x49,0xFF,
  0x39,0xC1,0x84,0xFF,0x37,0xCC,0x98,0xFF,0x35,0xC8,0x91,0xFF,
  0x33,0xC7,0x8F,0xFF,0x35,0xC6,0x8D,0xFF,0x34,0xC4,0x8D,0xFF,
  0x33,0xC3,0x8B,0xFF,0x33,0xC3,0x8A,0xFF,0x33,0xC0,0x85,0xFF,
  0x2F,0xC9,0x9D,0xFF,0x2D,0xD3,0xB3,0xFF,0x30,0xD1,0xB1,0xFF,
  0x33,0xD3,0xB2,0xFF,0x33,0xD3,0xB3,0xFF,0x36,0xD3,0xB2,0xFF,
  0x34,0xD4,0xB2,0xFF,0x31,0xCC,0xA2,0xFF,0x2F,0xBE,0x8B,0xFF,
  0x2F,0xBF,0x8D,0xFF,0x33,0xC2,0x91,0xFF,0x38,0xAF,0x5C,0xFF,
  0x37,0xAC,0x58,0xFF,0x37,0xAF,0x60,0xFF,0x3B,0xAF,0x60,0xFF,
  0x39,0xAF,0x60,0xFF,0x36,0xAD,0x60,0xFF,0x36,0xA9,0x5F,0xFF,
  0x35,0xA8,0x5D,0xFF,0x35,0xA4,0x59,0xFF,0x35,0xA3,0x55,0xFF,
  0x33,0xA2,0x54,0xFF,0x33,0xA0,0x55,0xFF,0x33,0xA1,0x54,0xFF,
  0x34,0xA0,0x59,0xFF,0x35,0x96,0x47,0xFF,0x39,0x96,0x40,0xFF,
  0x3C,0x9C,0x48,0xFF,0x3E,0xA1,0x4C,0xFF,0x3F,0xA2,0x4F,0xFF,
  0x3F,0xA3,0x4E,0xFF,0x3E,0xA0,0x4C,0xFF,0x3D,0x9B,0x46,0xFF,
  0x3D,0x9B,0x49,0xFF,0x42,0x99,0x46,0xFF,0x3E,0xA6,0x5C,0xFF,
  0x2F,0xC3,0x8C,0xFF,0x2F,0xBC,0x84,0xFF,0x2F,0xB8,0x86,0xFF,
  0x31,0xAE,0x74,0xFF,0x31,0xA3,0x5B,0xFF,0x2E,0xA4,0x5D,0xFF,
  0x33,0xA4,0x5A,0xFF,0x33,0xA7,0x5B,0xFF,0x37,0xA8,0x5B,0xFF,
  0x3D,0xAB,0x60,0xFF,0x36,0xC1,0x8A,0xFF,0x34,0xC1,0x87,0xFF,
  0x34,0xC1,0x85,0xFF,0x34,0xC0,0x80,0xFF,0x36,0xBE,0x79,0xFF,
  0x38,0xBA,0x75,0xFF,0x38,0xB8,0x78,0xFF,0x37,0xB6,0x7A,0xFF,
  0x37,0xB5,0x77,0xFF,0x38,0xB7,0x77,0xFF,0x38,0xBB,0x7A,0xFF,
  0x36,0xBB,0x78,0xFF,0x2E,0xD1,0xA3,0xFF,0x2C,0xD3,0xB0,0xFF,
  0x2E,0xD1,0xAD,0xFF,0x32,0xD2,0xAA,0xFF,0x33,0xD4,0xAB,0xFF,
  0x34,0xC6,0x8E,0xFF,0x30,0xB6,0x73,0xFF,0x2D,0xBE,0x82,0xFF,
  0x32,0xA9,0x65,0xFF,0x37,0x8A,0x2D,0xFF,0x38,0x8D,0x34,0xFF,
  0x3D,0x8B,0x35,0xFF,0x3B,0x89,0x36,0xFF,0x3A,0x8B,0x37,0xFF,
  0x3E,0x86,0x2B,0xFF,0x35,0x9C,0x56,0xFF,0x2F,0xB1,0x7A,0xFF,
  0x33,0xAB,0x71,0xFF,0x37,0xA9,0x6B,0xFF,0x37,0xA8,0x64,0xFF,
  0x34,0xAA,0x65,0xFF,0x39,0xA7,0x63,0xFF,0x33,0xC8,0x94,0xFF,
  0x2F,0xD3,0xA8,0xFF,0x30,0xD0,0xA4,0xFF,0x30,0xD1,0xA1,0xFF,
  0x30,0xCE,0x9B,0xFF,0x31,0xCF,0x9B,0xFF,0x32,0xD0,0x9F,0xFF,
  0x33,0xD0,0x9E,0xFF,0x35,0xCF,0x9E,0xFF,0x35,0xC8,0x92,0xFF,
  0x30,0xCB,0x97,0xFF,0x32,0xC3,0x8D,0xFF,0x3B,0xAA,0x60,0xFF,
  0x39,0xA3,0x58,0xFF,0x3A,0x9D,0x50,0xFF,0x42,0x96,0x42,0xFF,
  0x35,0x9E,0x56,0xFF,0x2F,0xA4,0x65,0xFF,0x34,0xA5,0x66,0xFF,
  0x35,0xA7,0x69,0xFF,0x34,0xAA,0x6B,0xFF,0x41,0x9B,0x4C,0xFF,
  0x46,0x8E,0x2E,0xFF,0x45,0x8C,0x33,0xFF,0x3A,0xAA,0x56,0xFF,
  0x33,0xB7,0x6D,0xFF,0x37,0xB5,0x70,0xFF,0x3A,0xA6,0x5B,0xFF,
  0x3D,0xA0,0x51,0xFF,0x3C,0xA7,0x5A,0xFF,0x3E,0xAC,0x64,0xFF,
  0x30,0xCC,0xA0,0xFF,0x2D,0xD3,0xA8,0xFF,0x30,0xD2,0xA5,0xFF,
  0x31,0xC8,0x97,0xFF,0x30,0xCE,0xA1,0xFF,0x31,0xD0,0xA4,0xFF,
  0x31,0xD3,0xAA,0xFF,0x34,0xCB,0x95,0xFF,0x3E,0xB1,0x65,0xFF,
  0x33,0xC9,0x92,0xFF,0x2D,0xD3,0xA7,0xFF,0x2B,0xCE,0xA5,0xFF,
  0x2E,0xCF,0xA6,0xFF,0x38,0x96,0x4E,0xFF,0x35,0x89,0x3B,0xFF,
  0x33,0x93,0x4C,0xFF,0x39,0x8F,0x4A,0xFF,0x3C,0x91,0x4A,0xFF,
  0x36,0xAA,0x6F,0xFF,0x2F,0xBF,0x8C,0xFF,0x3B,0x95,0x4E,0xFF,
  0x3D,0x7A,0x32,0xFF,0x3A,0x7A,0x33,0xFF,0x36,0x5E,0x25,0xFF,
  0x39,0x71,0x14,0xFF,0x3E,0x72,0x10,0xFF,0x40,0x6F,0x12,0xFF,
  0x44,0x6E,0x13,0xFF,0x42,0x70,0x14,0xFF,0x3F,0x72,0x14,0xFF,
  0x42,0x72,0x0F,0xFF,0x43,0x73,0x0B,0xFF,0x41,0x74,0x0B,0xFF,
  0x46,0x72,0x04,0xFF,0x41,0x97,0x35,0xFF,0x3A,0xA6,0x4D,0xFF,
  0x3C,0xA1,0x43,0xFF,0x3C,0xA0,0x3F,0xFF,0x34,0xC2,0x85,0xFF,
  0x32,0xCA,0x9A,0xFF,0x2D,0xC5,0x94,0xFF,0x35,0xC1,0x8C,0xFF,
  0x3F,0x7A,0x1E,0xFF,0x38,0x6E,0x0F,0xFF,0x39,0x71,0x13,0xFF,
  0x41,0x6F,0x12,0xFF,0x47,0x74,0x0E,0xFF,0x48,0x7A,0x12,0xFF,
  0x4E,0x78,0x0D,0xFF,0x47,0x97,0x39,0xFF,0x39,0xCC,0x8F,0xFF,
  0x37,0xC4,0x85,0xFF,0x35,0xC5,0x85,0xFF,0x35,0xC3,0x83,0xFF,
  0x35,0xC2,0x84,0xFF,0x37,0xBD,0x81,0xFF,0x34,0xCE,0xA6,0xFF,
  0x2E,0xD9,0xC0,0xFF,0x2D,0xD4,0xBB,0xFF,0x2E,0xCC,0xAE,0xFF,
  0x2F,0xBF,0x9A,0xFF,0x30,0xC3,0x9B,0xFF,0x31,0xC6,0x9C,0xFF,
  0x32,0xC7,0x9D,0xFF,0x31,0xC8,0x9D,0xFF,0x31,0xCA,0x9F,0xFF,
  0x33,0xCD,0xA4,0xFF,0x32,0xD0,0xA9,0xFF,0x32,0xD3,0xAE,0xFF,
  0x31,0xC1,0x80,0xFF,0x33,0xB8,0x6B,0xFF,0x34,0xB6,0x67,0xFF,
  0x37,0xB4,0x6C,0xFF,0x30,0xD2,0xAB,0xFF,0x30,0xD7,0xB4,0xFF,
  0x30,0xD6,0xB3,0xFF,0x30,0xD7,0xB5,0xFF,0x31,0xD6,0xB3,0xFF,
  0x31,0xDB,0xBA,0xFF,0x3A,0xC5,0x82,0xFF,0x37,0xB2,0x5B,0xFF,
  0x39,0xB3,0x5E,0xFF,0x3B,0xC2,0x84,0xFF,0x2F,0xDC,0xBF,0xFF,
  0x2C,0xD7,0xB9,0xFF,0x31,0xD6,0xB2,0xFF,0x38,0xAD,0x61,0xFF,
  0x31,0xAB,0x5F,0xFF,0x3A,0xAC,0x5D,0xFF,0x3B,0xBC,0x84,0xFF,
  0x34,0xD8,0xB4,0xFF,0x32,0xD1,0xAA,0xFF,0x2F,0xCF,0xA8,0xFF,
  0x2C,0xCF,0xA4,0xFF,0x28,0xD2,0xA9,0xFF,0x2F,0xCC,0x9C,0xFF,
  0x3B,0x92,0x36,0xFF,0x37,0x93,0x39,0xFF,0x35,0x97,0x3B,0xFF,
  0x35,0x96,0x3E,0xFF,0x35,0x95,0x3E,0xFF,0x37,0x94,0x3E,0xFF,
  0x39,0x94,0x3C,0xFF,0x37,0x94,0x3C,0xFF,0x37,0x93,0x40,0xFF,
  0x34,0x94,0x4A,0xFF,0x39,0x8A,0x34,0xFF,0x40,0x7C,0x17,0xFF,
  0x3C,0x85,0x21,0xFF,0x42,0x82,0x18,0xFF,0x3C,0x99,0x3C,0xFF,
  0x31,0xC1,0x7D,0xFF,0x30,0xBB,0x73,0xFF,0x35,0xB5,0x6C,0xFF,
  0x49,0x89,0x29,0xFF,0x44,0x86,0x24,0xFF,0x44,0x86,0x25,0xFF,
  0x44,0x88,0x21,0xFF,0x44,0x8A,0x24,0xFF,0x47,0x87,0x1F,0xFF,
  0x3D,0xBD,0x7A,0xFF,0x37,0xCD,0x9A,0xFF,0x35,0xC7,0x91,0xFF,
  0x33,0xC7,0x8F,0xFF,0x35,0xC5,0x8D,0xFF,0x34,0xC3,0x8C,0xFF,
  0x33,0xC2,0x8B,0xFF,0x33,0xC2,0x89,0xFF,0x32,0xBF,0x84,0xFF,
  0x2F,0xCE,0xA5,0xFF,0x2D,0xDA,0xBE,0xFF,0x31,0xD7,0xBA,0xFF,
  0x34,0xDA,0xBE,0xFF,0x35,0xD9,0xC0,0xFF,0x36,0xD8,0xBE,0xFF,
  0x35,0xDA,0xC0,0xFF,0x34,0xD1,0xAB,0xFF,0x31,0xBB,0x86,0xFF,
  0x2E,0xBC,0x89,0xFF,0x33,0xBF,0x8B,0xFF,0x3A,0x9F,0x3B,0xFF,
  0x39,0x99,0x31,0xFF,0x39,0x9C,0x3A,0xFF,0x3E,0x9B,0x3A,0xFF,
  0x3D,0x9C,0x3B,0xFF,0x3A,0x9B,0x3D,0xFF,0x39,0x99,0x3F,0xFF,
  0x38,0x96,0x3E,0xFF,0x39,0x92,0x39,0xFF,0x39,0x8F,0x33,0xFF,
  0x36,0x8E,0x31,0xFF,0x35,0x8E,0x33,0xFF,0x34,0x8E,0x34,0xFF,
  0x34,0x8F,0x3D,0xFF,0x36,0x83,0x29,0xFF,0x39,0x80,0x1B,0xFF,
  0x3A,0x86,0x21,0xFF,0x3B,0x89,0x24,0xFF,0x3D,0x8C,0x25,0xFF,
  0x3D,0x8C,0x25,0xFF,0x3D,0x8C,0x26,0xFF,0x3D,0x8B,0x25,0xFF,
  0x3C,0x8C,0x2C,0xFF,0x40,0x88,0x29,0xFF,0x3D,0x96,0x3F,0xFF,
  0x30,0xBC,0x7C,0xFF,0x30,0xB3,0x72,0xFF,0x2F,0xAE,0x73,0xFF,
  0x35,0xA1,0x5E,0xFF,0x34,0x91,0x3D,0xFF,0x31,0x94,0x3E,0xFF,
  0x36,0x95,0x3B,0xFF,0x37,0x99,0x3E,0xFF,0x3B,0x9A,0x40,0xFF,
  0x42,0x9F,0x48,0xFF,0x39,0xBC,0x80,0xFF,0x35,0xBC,0x80,0xFF,
  0x35,0xBD,0x7E,0xFF,0x35,0xBD,0x7A,0xFF,0x36,0xBB,0x76,0xFF,
  0x38,0xB8,0x73,0xFF,0x38,0xB3,0x71,0xFF,0x39,0xB0,0x70,0xFF,
  0x3A,0xB0,0x71,0xFF,0x3A,0xB4,0x75,0xFF,0x37,0xB8,0x78,0xFF,
  0x35,0xB9,0x76,0xFF,0x2E,0xD0,0xA5,0xFF,0x2D,0xD4,0xB4,0xFF,
  0x2E,0xD3,0xB1,0xFF,0x32,0xD4,0xB1,0xFF,0x33,0xD9,0xB5,0xFF,
  0x35,0xCA,0x93,0xFF,0x31,0xBA,0x77,0xFF,0x2B,0xC1,0x85,0xFF,
  0x33,0xAB,0x63,0xFF,0x39,0x82,0x1B,0xFF,0x39,0x84,0x24,0xFF,
  0x3C,0x81,0x25,0xFF,0x3B,0x7F,0x25,0xFF,0x3B,0x7F,0x28,0xFF,
  0x3C,0x7A,0x1F,0xFF,0x35,0x92,0x47,0xFF,0x2F,0xA7,0x69,0xFF,
  0x34,0xA1,0x61,0xFF,0x38,0xA1,0x61,0xFF,0x37,0xA2,0x5D,0xFF,
  0x35,0xA4,0x5C,0xFF,0x3B,0xA0,0x55,0xFF,0x34,0xC4,0x8E,0xFF,
  0x30,0xD3,0xA5,0xFF,0x2F,0xCF,0x9F,0xFF,0x30,0xD0,0x9F,0xFF,
  0x31,0xCF,0x9C,0xFF,0x31,0xCF,0x9C,0xFF,0x32,0xD2,0xA1,0xFF,
  0x32,0xD2,0xA1,0xFF,0x36,0xCD,0x99,0xFF,0x36,0xBC,0x7F,0xFF,
  0x30,0xC7,0x92,0xFF,0x34,0xC0,0x87,0xFF,0x43,0x9B,0x49,0xFF,
  0x42,0x91,0x3C,0xFF,0x41,0x8B,0x34,0xFF,0x49,0x81,0x21,0xFF,
  0x3B,0x90,0x40,0xFF,0x30,0x9D,0x5A,0xFF,0x36,0x9C,0x58,0xFF,
  0x35,0x9C,0x59,0xFF,0x32,0xA1,0x5D,0xFF,0x46,0x8E,0x33,0xFF,
  0x50,0x75,0x05,0xFF,0x4E,0x75,0x0B,0xFF,0x3F,0x94,0x2A,0xFF,
  0x36,0xA6,0x47,0xFF,0x39,0xA4,0x50,0xFF,0x3E,0x99,0x43,0xFF,
  0x41,0x92,0x39,0xFF,0x40,0x97,0x3E,0xFF,0x43,0x9E,0x47,0xFF,
  0x31,0xCB,0x9C,0xFF,0x2C,0xD3,0xA7,0xFF,0x31,0xCF,0xA2,0xFF,
  0x33,0xC6,0x94,0xFF,0x31,0xCC,0x9B,0xFF,0x34,0xCE,0xA0,0xFF,
  0x31,0xD1,0xA5,0xFF,0x35,0xC8,0x8C,0xFF,0x3E,0xA2,0x4B,0xFF,
  0x35,0xB8,0x77,0xFF,0x2E,0xC9,0x98,0xFF,0x2C,0xC7,0x9A,0xFF,
  0x30,0xCA,0x9C,0xFF,0x3A,0x85,0x34,0xFF,0x35,0x79,0x23,0xFF,
  0x32,0x83,0x31,0xFF,0x37,0x83,0x39,0xFF,0x3D,0x82,0x36,0xFF,
  0x37,0x97,0x54,0xFF,0x30,0xBF,0x86,0xFF,0x40,0x82,0x31,0xFF,
  0x41,0x68,0x18,0xFF,0x3F,0x69,0x18,0xFF,0x38,0x55,0x13,0xFF,
  0x3A,0x75,0x17,0xFF,0x3D,0x76,0x18,0xFF,0x3F,0x72,0x1A,0xFF,
  0x41,0x70,0x1D,0xFF,0x3F,0x6F,0x1E,0xFF,0x3F,0x71,0x1D,0xFF,
  0x40,0x72,0x18,0xFF,0x40,0x76,0x13,0xFF,0x43,0x78,0x12,0xFF,
  0x43,0x75,0x0A,0xFF,0x3F,0x99,0x3A,0xFF,0x3B,0xA8,0x51,0xFF,
  0x3C,0xA2,0x49,0xFF,0x3B,0xA0,0x44,0xFF,0x37,0xC1,0x86,0xFF,
  0x32,0xCB,0x9C,0xFF,0x2D,0xC6,0x95,0xFF,0x35,0xC1,0x8D,0xFF,
  0x3D,0x7B,0x20,0xFF,0x39,0x6F,0x15,0xFF,0x3A,0x72,0x1A,0xFF,
  0x40,0x71,0x18,0xFF,0x44,0x76,0x15,0xFF,0x46,0x7C,0x19,0xFF,
  0x4C,0x7A,0x11,0xFF,0x47,0x97,0x38,0xFF,0x3C,0xCC,0x8F,0xFF,
  0x39,0xC4,0x86,0xFF,0x37,0xC5,0x86,0xFF,0x36,0xC4,0x85,0xFF,
  0x36,0xC2,0x85,0xFF,0x37,0xBE,0x81,0xFF,0x34,0xCC,0xA3,0xFF,
  0x2D,0xD5,0xBD,0xFF,0x2C,0xD2,0xB8,0xFF,0x2F,0xCB,0xAC,0xFF,
  0x31,0xBF,0x9A,0xFF,0x31,0xC4,0x9B,0xFF,0x32,0xC7,0x9D,0xFF,
  0x32,0xC7,0x9E,0xFF,0x32,0xC9,0x9D,0xFF,0x33,0xCB,0xA0,0xFF,
  0x33,0xCD,0xA5,0xFF,0x32,0xCF,0xA9,0xFF,0x31,0xD3,0xAE,0xFF,
  0x34,0xC3,0x80,0xFF,0x36,0xBA,0x6B,0xFF,0x35,0xB8,0x6A,0xFF,
  0x37,0xB6,0x6D,0xFF,0x31,0xD2,0xAA,0xFF,0x2F,0xD8,0xB5,0xFF,
  0x30,0xD7,0xB4,0xFF,0x31,0xD6,0xB5,0xFF,0x32,0xD7,0xB4,0xFF,
  0x32,0xDC,0xBC,0xFF,0x3A,0xC5,0x84,0xFF,0x3A,0xB3,0x5F,0xFF,
  0x3A,0xB5,0x61,0xFF,0x3C,0xC6,0x88,0xFF,0x31,0xDC,0xBF,0xFF,
  0x2D,0xD7,0xB8,0xFF,0x31,0xD7,0xB2,0xFF,0x39,0xB0,0x66,0xFF,
  0x32,0xAE,0x63,0xFF,0x39,0xAE,0x61,0xFF,0x3B,0xBE,0x85,0xFF,
  0x37,0xD9,0xB4,0xFF,0x34,0xD2,0xAA,0xFF,0x31,0xD2,0xAB,0xFF,
  0x2D,0xD2,0xA7,0xFF,0x28,0xD4,0xAA,0xFF,0x2D,0xCC,0x9B,0xFF,
  0x3A,0x92,0x39,0xFF,0x37,0x94,0x3D,0xFF,0x36,0x98,0x41,0xFF,
  0x36,0x97,0x43,0xFF,0x36,0x96,0x44,0xFF,0x38,0x95,0x43,0xFF,
  0x39,0x94,0x42,0xFF,0x37,0x94,0x43,0xFF,0x36,0x94,0x46,0xFF,
  0x33,0x95,0x4D,0xFF,0x38,0x8C,0x39,0xFF,0x3E,0x7F,0x1F,0xFF,
  0x3B,0x88,0x2A,0xFF,0x3F,0x87,0x21,0xFF,0x3B,0x9F,0x43,0xFF,
  0x30,0xC3,0x7C,0xFF,0x2E,0xC0,0x76,0xFF,0x30,0xBC,0x72,0xFF,
  0x46,0x90,0x34,0xFF,0x42,0x8A,0x2E,0xFF,0x42,0x8B,0x2E,0xFF,
  0x42,0x8C,0x2A,0xFF,0x43,0x8D,0x2B,0xFF,0x44,0x8C,0x27,0xFF,
  0x3D,0xBF,0x7D,0xFF,0x37,0xCC,0x9B,0xFF,0x36,0xC7,0x91,0xFF,
  0x33,0xC7,0x8F,0xFF,0x34,0xC4,0x8D,0xFF,0x34,0xC2,0x8B,0xFF,
  0x33,0xC1,0x8A,0xFF,0x32,0xC1,0x89,0xFF,0x33,0xC0,0x84,0xFF,
  0x31,0xCB,0xA0,0xFF,0x2D,0xD5,0xB8,0xFF,0x32,0xD7,0xB9,0xFF,
  0x35,0xD9,0xBB,0xFF,0x36,0xD9,0xBD,0xFF,0x36,0xD7,0xBA,0xFF,
  0x34,0xD9,0xBE,0xFF,0x36,0xD0,0xAA,0xFF,0x32,0xBA,0x86,0xFF,
  0x2D,0xBC,0x89,0xFF,0x30,0xBF,0x8B,0xFF,0x39,0xA0,0x43,0xFF,
  0x39,0x9A,0x38,0xFF,0x3A,0x9F,0x42,0xFF,0x3D,0x9E,0x44,0xFF,
  0x3C,0xA0,0x46,0xFF,0x3A,0xA0,0x47,0xFF,0x39,0x9E,0x47,0xFF,
  0x39,0x9A,0x45,0xFF,0x3B,0x96,0x41,0xFF,0x3A,0x92,0x3D,0xFF,
  0x37,0x90,0x3A,0xFF,0x36,0x91,0x3B,0xFF,0x35,0x8F,0x3A,0xFF,
  0x34,0x93,0x42,0xFF,0x36,0x87,0x32,0xFF,0x38,0x82,0x23,0xFF,
  0x39,0x88,0x29,0xFF,0x3A,0x8B,0x2B,0xFF,0x3C,0x8E,0x2B,0xFF,
  0x3C,0x8E,0x2B,0xFF,0x3C,0x8E,0x2B,0xFF,0x3C,0x8E,0x2C,0xFF,
  0x3B,0x8F,0x32,0xFF,0x3D,0x8C,0x2F,0xFF,0x3B,0x9A,0x45,0xFF,
  0x35,0xBF,0x7E,0xFF,0x32,0xB7,0x75,0xFF,0x31,0xB2,0x78,0xFF,
  0x36,0xA5,0x64,0xFF,0x37,0x92,0x41,0xFF,0x34,0x95,0x42,0xFF,
  0x36,0x96,0x40,0xFF,0x38,0x9A,0x43,0xFF,0x3B,0x9C,0x44,0xFF,
  0x40,0xA4,0x50,0xFF,0x39,0xBC,0x81,0xFF,0x35,0xBD,0x80,0xFF,
  0x35,0xBF,0x7E,0xFF,0x35,0xBE,0x7B,0xFF,0x35,0xBC,0x78,0xFF,
  0x35,0xB7,0x75,0xFF,0x36,0xB3,0x72,0xFF,0x37,0xB1,0x71,0xFF,
  0x39,0xB0,0x72,0xFF,0x38,0xB3,0x75,0xFF,0x36,0xB5,0x77,0xFF,
  0x35,0xB6,0x76,0xFF,0x2F,0xCD,0xA3,0xFF,0x2D,0xD2,0xB1,0xFF,
  0x30,0xD2,0xAE,0xFF,0x32,0xD2,0xAF,0xFF,0x33,0xD7,0xB4,0xFF,
  0x37,0xCA,0x95,0xFF,0x31,0xBE,0x7B,0xFF,0x28,0xC5,0x89,0xFF,
  0x2F,0xB1,0x69,0xFF,0x38,0x85,0x20,0xFF,0x38,0x88,0x28,0xFF,
  0x39,0x85,0x2A,0xFF,0x39,0x82,0x2B,0xFF,0x3A,0x81,0x2D,0xFF,
  0x38,0x7C,0x25,0xFF,0x32,0x93,0x4A,0xFF,0x2F,0xA7,0x69,0xFF,
  0x33,0xA3,0x62,0xFF,0x35,0xA2,0x63,0xFF,0x35,0xA4,0x5F,0xFF,
  0x35,0xA5,0x5E,0xFF,0x3B,0xA2,0x58,0xFF,0x36,0xC4,0x8F,0xFF,
  0x31,0xD3,0xA4,0xFF,0x30,0xD1,0x9F,0xFF,0x31,0xD1,0x9F,0xFF,
  0x32,0xD0,0x9C,0xFF,0x31,0xCF,0x9C,0xFF,0x33,0xD3,0xA2,0xFF,
  0x33,0xD4,0xA3,0xFF,0x38,0xCE,0x98,0xFF,0x3A,0xBB,0x7E,0xFF,
  0x33,0xCC,0x98,0xFF,0x35,0xC4,0x8B,0xFF,0x42,0x9D,0x4F,0xFF,
  0x42,0x92,0x42,0xFF,0x40,0x8C,0x3D,0xFF,0x48,0x81,0x26,0xFF,
  0x3C,0x91,0x41,0xFF,0x30,0x9E,0x5C,0xFF,0x34,0x9C,0x59,0xFF,
  0x33,0x9D,0x5A,0xFF,0x2E,0xA3,0x61,0xFF,0x41,0x93,0x39,0xFF,
  0x4F,0x76,0x06,0xFF,0x4B,0x78,0x0F,0xFF,0x3E,0x96,0x33,0xFF,
  0x36,0xA8,0x4D,0xFF,0x39,0xA6,0x53,0xFF,0x3D,0x9D,0x49,0xFF,
  0x3F,0x96,0x40,0xFF,0x40,0x98,0x44,0xFF,0x44,0xA0,0x4A,0xFF,
  0x31,0xCB,0x9C,0xFF,0x2C,0xD3,0xA7,0xFF,0x32,0xD0,0xA2,0xFF,
  0x33,0xC8,0x98,0xFF,0x34,0xCE,0x9E,0xFF,0x36,0xCF,0xA1,0xFF,
  0x32,0xD4,0xA4,0xFF,0x35,0xCC,0x91,0xFF,0x3F,0xA8,0x55,0xFF,
  0x35,0xB4,0x72,0xFF,0x30,0xC6,0x93,0xFF,0x2E,0xC9,0x98,0xFF,
  0x2F,0xC9,0x9A,0xFF,0x37,0x8B,0x3F,0xFF,0x34,0x7A,0x29,0xFF,
  0x32,0x83,0x34,0xFF,0x36,0x84,0x3A,0xFF,0x3A,0x80,0x36,0xFF,
  0x38,0x92,0x4B,0xFF,0x32,0xBE,0x82,0xFF,0x3F,0x81,0x32,0xFF,
  0x41,0x6C,0x1D,0xFF,0x3E,0x70,0x1E,0xFF,0x36,0x5A,0x15,0xFF,
  0x39,0x7C,0x1F,0xFF,0x3B,0x7E,0x24,0xFF,0x3D,0x7A,0x27,0xFF,
  0x3E,0x78,0x2C,0xFF,0x3C,0x77,0x30,0xFF,0x3C,0x78,0x2E,0xFF,
  0x3D,0x7B,0x27,0xFF,0x3D,0x7D,0x1F,0xFF,0x42,0x80,0x1E,0xFF,
  0x40,0x7C,0x16,0xFF,0x3B,0x9F,0x45,0xFF,0x3A,0xAD,0x59,0xFF,
  0x3A,0xA8,0x52,0xFF,0x39,0xA6,0x4D,0xFF,0x37,0xC2,0x87,0xFF,
  0x32,0xCD,0x9C,0xFF,0x2D,0xC8,0x94,0xFF,0x35,0xC0,0x8E,0xFF,
  0x3A,0x81,0x2B,0xFF,0x39,0x77,0x23,0xFF,0x39,0x7A,0x29,0xFF,
  0x3D,0x79,0x26,0xFF,0x3F,0x7D,0x23,0xFF,0x42,0x84,0x27,0xFF,
  0x47,0x84,0x1F,0xFF,0x45,0x9D,0x3F,0xFF,0x3E,0xCB,0x8E,0xFF,
  0x3B,0xC4,0x86,0xFF,0x39,0xC5,0x86,0xFF,0x36,0xC4,0x85,0xFF,
  0x36,0xC2,0x85,0xFF,0x37,0xBE,0x81,0xFF,0x35,0xC9,0x9E,0xFF,
  0x2D,0xD1,0xB5,0xFF,0x2C,0xCE,0xB1,0xFF,0x2F,0xC9,0xA7,0xFF,
  0x31,0xBF,0x9A,0xFF,0x31,0xC4,0x9B,0xFF,0x32,0xC7,0x9C,0xFF,
  0x32,0xC9,0x9F,0xFF,0x32,0xCB,0x9E,0xFF,0x34,0xCB,0xA0,0xFF,
  0x33,0xCD,0xA4,0xFF,0x32,0xCE,0xA6,0xFF,0x31,0xD1,0xAB,0xFF,
  0x35,0xC4,0x84,0xFF,0x36,0xBD,0x72,0xFF,0x33,0xBB,0x74,0xFF,
  0x35,0xBA,0x75,0xFF,0x31,0xD2,0xAA,0xFF,0x2F,0xD8,0xB5,0xFF,
  0x30,0xD7,0xB4,0xFF,0x31,0xD6,0xB5,0xFF,0x32,0xD7,0xB4,0xFF,
  0x32,0xDC,0xBB,0xFF,0x3A,0xC6,0x89,0xFF,0x3B,0xB7,0x68,0xFF,
  0x39,0xB9,0x69,0xFF,0x3A,0xCA,0x8D,0xFF,0x31,0xDC,0xBD,0xFF,
  0x2E,0xD8,0xB8,0xFF,0x31,0xD8,0xB2,0xFF,0x39,0xB5,0x70,0xFF,
  0x32,0xB4,0x6C,0xFF,0x36,0xB5,0x6C,0xFF,0x39,0xC4,0x8B,0xFF,
  0x38,0xD9,0xB3,0xFF,0x36,0xD4,0xAA,0xFF,0x31,0xD5,0xAC,0xFF,
  0x2D,0xD5,0xA8,0xFF,0x29,0xD5,0xA9,0xFF,0x2B,0xCC,0x9C,0xFF,
  0x37,0x99,0x45,0xFF,0x35,0x9B,0x48,0xFF,0x34,0x9F,0x4D,0xFF,
  0x36,0x9E,0x4F,0xFF,0x35,0x9D,0x4F,0xFF,0x35,0x9C,0x4E,0xFF,
  0x34,0x9B,0x4E,0xFF,0x33,0x9B,0x50,0xFF,0x33,0x9B,0x51,0xFF,
  0x30,0x9D,0x57,0xFF,0x34,0x95,0x45,0xFF,0x3A,0x87,0x30,0xFF,
  0x38,0x91,0x3A,0xFF,0x3A,0x92,0x32,0xFF,0x39,0xA7,0x50,0xFF,
  0x2E,0xC6,0x7F,0xFF,0x2A,0xC5,0x7B,0xFF,0x2C,0xC3,0x7A,0xFF,
  0x41,0x9A,0x44,0xFF,0x3D,0x94,0x3E,0xFF,0x3D,0x95,0x3E,0xFF,
  0x3E,0x96,0x3A,0xFF,0x3E,0x96,0x39,0xFF,0x3F,0x98,0x37,0xFF,
  0x3A,0xC3,0x81,0xFF,0x37,0xCC,0x9B,0xFF,0x36,0xC7,0x90,0xFF,
  0x34,0xC7,0x8F,0xFF,0x34,0xC4,0x8C,0xFF,0x34,0xC2,0x8B,0xFF,
  0x33,0xC0,0x8A,0xFF,0x32,0xC0,0x89,0xFF,0x33,0xC0,0x85,0xFF,
  0x32,0xC4,0x95,0xFF,0x2E,0xCD,0xAB,0xFF,0x32,0xD6,0xB5,0xFF,
  0x36,0xD6,0xB7,0xFF,0x36,0xD7,0xB7,0xFF,0x36,0xD6,0xB4,0xFF,
  0x33,0xD7,0xB7,0xFF,0x36,0xCE,0xA7,0xFF,0x32,0xBA,0x85,0xFF,
  0x2D,0xBC,0x88,0xFF,0x2D,0xBE,0x8C,0xFF,0x37,0xA4,0x52,0xFF,
  0x39,0x9F,0x46,0xFF,0x38,0xA6,0x50,0xFF,0x3B,0xA6,0x52,0xFF,
  0x3A,0xA8,0x54,0xFF,0x38,0xA8,0x55,0xFF,0x37,0xA6,0x53,0xFF,
  0x38,0xA2,0x51,0xFF,0x39,0x9F,0x4E,0xFF,0x38,0x9B,0x4A,0xFF,
  0x36,0x98,0x47,0xFF,0x36,0x98,0x48,0xFF,0x35,0x96,0x46,0xFF,
  0x34,0x9A,0x4C,0xFF,0x35,0x8F,0x40,0xFF,0x38,0x89,0x33,0xFF,
  0x38,0x8E,0x38,0xFF,0x3A,0x92,0x3A,0xFF,0x3A,0x95,0x3A,0xFF,
  0x3A,0x95,0x38,0xFF,0x3A,0x95,0x37,0xFF,0x3B,0x95,0x39,0xFF,
  0x3B,0x96,0x3E,0xFF,0x3B,0x93,0x3B,0xFF,0x3B,0xA3,0x50,0xFF,
  0x38,0xC4,0x83,0xFF,0x33,0xBD,0x7B,0xFF,0x31,0xB9,0x7E,0xFF,
  0x34,0xAC,0x6D,0xFF,0x37,0x98,0x4B,0xFF,0x34,0x9B,0x4C,0xFF,
  0x33,0x9C,0x4A,0xFF,0x36,0x9F,0x4C,0xFF,0x38,0xA2,0x4D,0xFF,
  0x3C,0xAB,0x5A,0xFF,0x39,0xBF,0x83,0xFF,0x35,0xC0,0x81,0xFF,
  0x35,0xC2,0x7F,0xFF,0x35,0xC1,0x7D,0xFF,0x33,0xBD,0x79,0xFF,
  0x33,0xB8,0x76,0xFF,0x35,0xB6,0x74,0xFF,0x35,0xB4,0x73,0xFF,
  0x36,0xB3,0x74,0xFF,0x36,0xB3,0x75,0xFF,0x36,0xB3,0x75,0xFF,
  0x35,0xB4,0x76,0xFF,0x30,0xCB,0x9F,0xFF,0x2D,0xD0,0xAB,0xFF,
  0x30,0xD1,0xA9,0xFF,0x32,0xD1,0xAA,0xFF,0x33,0xD4,0xAE,0xFF,
  0x3A,0xC8,0x94,0xFF,0x31,0xBF,0x7E,0xFF,0x28,0xC9,0x8B,0xFF,
  0x2D,0xB5,0x6E,0xFF,0x35,0x8B,0x29,0xFF,0x36,0x8E,0x30,0xFF,
  0x36,0x8B,0x34,0xFF,0x37,0x87,0x36,0xFF,0x36,0x85,0x36,0xFF,
  0x35,0x82,0x2D,0xFF,0x31,0x97,0x4E,0xFF,0x2F,0xA9,0x6B,0xFF,
  0x30,0xA6,0x65,0xFF,0x32,0xA6,0x65,0xFF,0x33,0xA7,0x61,0xFF,
  0x34,0xA8,0x61,0xFF,0x39,0xA7,0x5D,0xFF,0x37,0xC5,0x8F,0xFF,
  0x33,0xD3,0xA4,0xFF,0x32,0xD2,0x9E,0xFF,0x33,0xD2,0x9E,0xFF,
  0x34,0xD0,0x9B,0xFF,0x33,0xCF,0x9A,0xFF,0x33,0xD3,0xA0,0xFF,
  0x33,0xD5,0xA1,0xFF,0x38,0xCF,0x9A,0xFF,0x3C,0xBF,0x84,0xFF,
  0x35,0xCF,0x9B,0xFF,0x34,0xC7,0x8E,0xFF,0x3F,0xA3,0x5A,0xFF,
  0x3F,0x99,0x4C,0xFF,0x3B,0x93,0x4A,0xFF,0x43,0x86,0x32,0xFF,
  0x39,0x93,0x46,0xFF,0x2F,0xA1,0x60,0xFF,0x31,0xA0,0x5D,0xFF,
  0x31,0xA0,0x5D,0xFF,0x2B,0xA7,0x67,0xFF,0x3B,0x98,0x44,0xFF,
  0x49,0x7B,0x11,0xFF,0x44,0x7D,0x1D,0xFF,0x39,0x9E,0x45,0xFF,
  0x34,0xAF,0x5A,0xFF,0x37,0xAC,0x5C,0xFF,0x3A,0xA3,0x54,0xFF,
  0x3B,0x9C,0x4B,0xFF,0x3E,0x9E,0x4F,0xFF,0x41,0xA4,0x53,0xFF,
  0x31,0xCB,0x9B,0xFF,0x2C,0xD3,0xA6,0xFF,0x32,0xD1,0xA1,0xFF,
  0x33,0xCB,0x9A,0xFF,0x36,0xD0,0xA0,0xFF,0x38,0xD0,0xA2,0xFF,
  0x33,0xD5,0xA5,0xFF,0x35,0xD0,0x98,0xFF,0x3E,0xAE,0x62,0xFF,
  0x35,0xB7,0x76,0xFF,0x32,0xC9,0x95,0xFF,0x2D,0xC9,0x95,0xFF,
  0x2D,0xCA,0x99,0xFF,0x34,0x93,0x50,0xFF,0x34,0x7E,0x34,0xFF,
  0x32,0x87,0x3D,0xFF,0x34,0x88,0x3F,0xFF,0x37,0x85,0x3B,0xFF,
  0x36,0x92,0x48,0xFF,0x31,0xB9,0x7C,0xFF,0x3C,0x85,0x39,0xFF,
  0x3F,0x74,0x27,0xFF,0x39,0x7A,0x2A,0xFF,0x33,0x60,0x1B,0xFF,
  0x38,0x7A,0x1C,0xFF,0x3A,0x7B,0x1E,0xFF,0x3B,0x77,0x21,0xFF,
  0x3C,0x74,0x27,0xFF,0x3A,0x75,0x2B,0xFF,0x39,0x77,0x28,0xFF,
  0x3A,0x7B,0x20,0xFF,0x3D,0x7D,0x19,0xFF,0x40,0x80,0x18,0xFF,
  0x3E,0x7B,0x13,0xFF,0x3B,0x9E,0x42,0xFF,0x39,0xAE,0x55,0xFF,
  0x39,0xAA,0x4D,0xFF,0x37,0xA6,0x49,0xFF,0x37,0xC3,0x86,0xFF,
  0x31,0xCD,0x9B,0xFF,0x2D,0xC9,0x93,0xFF,0x35,0xBF,0x8E,0xFF,
  0x39,0x7F,0x29,0xFF,0x37,0x75,0x1D,0xFF,0x37,0x79,0x24,0xFF,
  0x3B,0x79,0x20,0xFF,0x3D,0x7C,0x1D,0xFF,0x40,0x84,0x21,0xFF,
  0x42,0x85,0x19,0xFF,0x43,0x9C,0x3D,0xFF,0x3F,0xCA,0x8E,0xFF,
  0x3D,0xC3,0x85,0xFF,0x3A,0xC5,0x86,0xFF,0x37,0xC5,0x85,0xFF,
  0x36,0xC3,0x85,0xFF,0x37,0xBE,0x80,0xFF,0x36,0xCA,0x9D,0xFF,
  0x2E,0xD3,0xB7,0xFF,0x2C,0xD1,0xB2,0xFF,0x2E,0xCA,0xA8,0xFF,
  0x30,0xC0,0x98,0xFF,0x31,0xC5,0x99,0xFF,0x32,0xC7,0x9A,0xFF,
  0x32,0xC9,0x9D,0xFF,0x33,0xCB,0x9F,0xFF,0x34,0xCC,0xA1,0xFF,
  0x34,0xCE,0xA4,0xFF,0x31,0xCF,0xA7,0xFF,0x30,0xD2,0xAB,0xFF,
  0x35,0xC1,0x83,0xFF,0x34,0xBB,0x70,0xFF,0x2F,0xB9,0x71,0xFF,
  0x34,0xB7,0x72,0xFF,0x32,0xD1,0xA8,0xFF,0x2F,0xD8,0xB4,0xFF,
  0x2F,0xD7,0xB4,0xFF,0x32,0xD6,0xB4,0xFF,0x33,0xD6,0xB3,0xFF,
  0x33,0xDA,0xBA,0xFF,0x39,0xC4,0x87,0xFF,0x3A,0xB5,0x64,0xFF,
  0x37,0xB8,0x65,0xFF,0x37,0xC8,0x8A,0xFF,0x30,0xDB,0xBD,0xFF,
  0x2E,0xD9,0xB8,0xFF,0x30,0xD7,0xB2,0xFF,0x38,0xB5,0x6E,0xFF,
  0x30,0xB6,0x69,0xFF,0x32,0xB7,0x6A,0xFF,0x37,0xC6,0x8B,0xFF,
  0x37,0xDA,0xAF,0xFF,0x35,0xD5,0xA8,0xFF,0x31,0xD7,0xAB,0xFF,
  0x2D,0xD6,0xA8,0xFF,0x29,0xD6,0xA8,0xFF,0x2A,0xCB,0x9A,0xFF,
  0x35,0x98,0x42,0xFF,0x34,0x9A,0x41,0xFF,0x31,0x9D,0x45,0xFF,
  0x34,0x9D,0x48,0xFF,0x33,0x9C,0x48,0xFF,0x31,0x9C,0x47,0xFF,
  0x31,0x9B,0x46,0xFF,0x30,0x9C,0x48,0xFF,0x31,0x9C,0x4A,0xFF,
  0x2E,0x9F,0x50,0xFF,0x31,0x95,0x3F,0xFF,0x37,0x87,0x28,0xFF,
  0x35,0x91,0x31,0xFF,0x38,0x91,0x2A,0xFF,0x36,0xA5,0x49,0xFF,
  0x2D,0xC5,0x7A,0xFF,0x27,0xC4,0x75,0xFF,0x2A,0xC2,0x75,0xFF,
  0x40,0x9A,0x3E,0xFF,0x3B,0x93,0x36,0xFF,0x39,0x96,0x36,0xFF,
  0x3B,0x96,0x31,0xFF,0x3B,0x98,0x30,0xFF,0x3C,0x99,0x2E,0xFF,
  0x38,0xC4,0x7E,0xFF,0x36,0xCE,0x9A,0xFF,0x37,0xC6,0x8F,0xFF,
  0x35,0xC6,0x8E,0xFF,0x34,0xC3,0x8B,0xFF,0x34,0xC2,0x8A,0xFF,
  0x34,0xBF,0x8A,0xFF,0x32,0xBF,0x88,0xFF,0x32,0xBF,0x86,0xFF,
  0x33,0xBE,0x8D,0xFF,0x30,0xCA,0xA5,0xFF,0x33,0xD8,0xB7,0xFF,
  0x37,0xD8,0xB8,0xFF,0x38,0xD8,0xB7,0xFF,0x37,0xD8,0xB5,0xFF,
  0x34,0xDA,0xB7,0xFF,0x35,0xCF,0xA6,0xFF,0x31,0xB9,0x83,0xFF,
  0x2D,0xBA,0x84,0xFF,0x2C,0xBC,0x88,0xFF,0x36,0xA0,0x50,0xFF,
  0x38,0x9C,0x3F,0xFF,0x36,0xA3,0x49,0xFF,0x3A,0xA3,0x4B,0xFF,
  0x39,0xA6,0x4C,0xFF,0x37,0xA6,0x4D,0xFF,0x36,0xA5,0x4C,0xFF,
  0x36,0xA2,0x4A,0xFF,0x38,0x9F,0x47,0xFF,0x37,0x9C,0x43,0xFF,
  0x34,0x99,0x40,0xFF,0x35,0x98,0x42,0xFF,0x34,0x95,0x40,0xFF,
  0x35,0x97,0x46,0xFF,0x33,0x8C,0x3A,0xFF,0x36,0x86,0x2E,0xFF,
  0x36,0x8A,0x32,0xFF,0x37,0x8E,0x33,0xFF,0x38,0x91,0x32,0xFF,
  0x38,0x92,0x30,0xFF,0x38,0x93,0x30,0xFF,0x3A,0x93,0x33,0xFF,
  0x39,0x94,0x39,0xFF,0x3A,0x92,0x37,0xFF,0x3B,0xA2,0x4D,0xFF,
  0x38,0xC6,0x7F,0xFF,0x32,0xBE,0x78,0xFF,0x30,0xBA,0x7A,0xFF,
  0x32,0xAB,0x69,0xFF,0x36,0x98,0x46,0xFF,0x32,0x9B,0x46,0xFF,
  0x31,0x9C,0x44,0xFF,0x34,0xA0,0x45,0xFF,0x36,0xA4,0x46,0xFF,
  0x3A,0xAB,0x54,0xFF,0x38,0xC0,0x7F,0xFF,0x33,0xC1,0x7D,0xFF,
  0x33,0xC0,0x7C,0xFF,0x33,0xC0,0x79,0xFF,0x32,0xBC,0x75,0xFF,
  0x33,0xB8,0x72,0xFF,0x34,0xB4,0x70,0xFF,0x34,0xB2,0x70,0xFF,
  0x34,0xB2,0x71,0xFF,0x36,0xB1,0x72,0xFF,0x35,0xB1,0x73,0xFF,
  0x35,0xB3,0x73,0xFF,0x2F,0xC9,0x9D,0xFF,0x2D,0xD0,0xA8,0xFF,
  0x2E,0xD2,0xA8,0xFF,0x31,0xD2,0xA9,0xFF,0x35,0xD5,0xAD,0xFF,
  0x3C,0xC8,0x94,0xFF,0x32,0xBF,0x7D,0xFF,0x2A,0xCA,0x89,0xFF,
  0x2D,0xB5,0x6D,0xFF,0x34,0x8A,0x25,0xFF,0x35,0x8D,0x2B,0xFF,
  0x34,0x89,0x30,0xFF,0x34,0x85,0x32,0xFF,0x33,0x83,0x32,0xFF,
  0x33,0x80,0x27,0xFF,0x32,0x95,0x48,0xFF,0x2D,0xA8,0x67,0xFF,
  0x2E,0xA4,0x5F,0xFF,0x31,0xA6,0x60,0xFF,0x31,0xA7,0x5C,0xFF,
  0x33,0xAA,0x5E,0xFF,0x37,0xA8,0x5A,0xFF,0x36,0xC4,0x8F,0xFF,
  0x34,0xD5,0xA6,0xFF,0x35,0xD3,0x9E,0xFF,0x35,0xD3,0x9E,0xFF,
  0x36,0xD1,0x9B,0xFF,0x34,0xCE,0x97,0xFF,0x33,0xD3,0xA0,0xFF,
  0x32,0xD4,0x9F,0xFF,0x35,0xCF,0x9A,0xFF,0x3B,0xC1,0x87,0xFF,
  0x35,0xCC,0x94,0xFF,0x32,0xC5,0x8A,0xFF,0x3D,0xA3,0x56,0xFF,
  0x3D,0x98,0x47,0xFF,0x39,0x92,0x43,0xFF,0x40,0x84,0x2B,0xFF,
  0x37,0x90,0x3F,0xFF,0x2E,0xA1,0x5C,0xFF,0x2F,0x9F,0x58,0xFF,
  0x2F,0x9F,0x58,0xFF,0x2A,0xA4,0x61,0xFF,0x38,0x94,0x3F,0xFF,
  0x45,0x74,0x0C,0xFF,0x3F,0x76,0x19,0xFF,0x37,0x9A,0x42,0xFF,
  0x32,0xAF,0x55,0xFF,0x36,0xAC,0x55,0xFF,0x39,0xA4,0x4F,0xFF,
  0x39,0x9C,0x47,0xFF,0x3C,0xA0,0x4C,0xFF,0x3E,0xA3,0x4F,0xFF,
  0x31,0xCA,0x99,0xFF,0x2B,0xD4,0xA5,0xFF,0x33,0xCF,0x9E,0xFF,
  0x33,0xCA,0x96,0xFF,0x36,0xCF,0x9D,0xFF,0x38,0xCF,0x9E,0xFF,
  0x33,0xD4,0xA2,0xFF,0x33,0xD0,0x96,0xFF,0x3C,0xAA,0x5B,0xFF,
  0x35,0xB8,0x75,0xFF,0x32,0xCD,0x97,0xFF,0x29,0xC5,0x90,0xFF,
  0x2B,0xC8,0x99,0xFF,0x32,0x91,0x4F,0xFF,0x33,0x7B,0x2E,0xFF,
  0x2F,0x85,0x3A,0xFF,0x30,0x88,0x3A,0xFF,0x35,0x87,0x38,0xFF,
  0x34,0x90,0x43,0xFF,0x2E,0xB3,0x75,0xFF,0x39,0x83,0x34,0xFF,
  0x3D,0x73,0x22,0xFF,0x35,0x79,0x25,0xFF,0x30,0x5E,0x19,0xFF,
  0x36,0x77,0x1A,0xFD,0x36,0x7B,0x18,0xFC,0x37,0x74,0x1B,0xFC,
  0x38,0x73,0x22,0xFD,0x36,0x75,0x26,0xFE,0x34,0x77,0x23,0xFE,
  0x35,0x7B,0x1A,0xFE,0x3B,0x7E,0x14,0xFF,0x3E,0x81,0x15,0xFF,
  0x3E,0x7B,0x11,0xFF,0x3B,0x9C,0x41,0xFF,0x36,0xAE,0x53,0xFF,
  0x36,0xAA,0x4A,0xFF,0x37,0xA5,0x46,0xFF,0x37,0xC3,0x89,0xFF,
  0x31,0xCE,0x9E,0xFF,0x2F,0xC9,0x97,0xFF,0x34,0xBE,0x92,0xFF,
  0x38,0x7E,0x24,0xFE,0x34,0x74,0x17,0xFE,0x33,0x78,0x1F,0xFF,
  0x37,0x79,0x1A,0xFF,0x3A,0x7C,0x1A,0xFF,0x3D,0x84,0x1D,0xFF,
  0x3F,0x86,0x14,0xFF,0x41,0x9B,0x3B,0xFF,0x3D,0xC8,0x90,0xFF,
  0x3D,0xC2,0x85,0xFF,0x3A,0xC3,0x86,0xFF,0x37,0xC4,0x86,0xFF,
  0x35,0xC2,0x86,0xFF,0x37,0xBD,0x81,0xFF,0x36,0xC9,0x9C,0xFF,
  0x2E,0xD4,0xB7,0xFF,0x2C,0xD0,0xB1,0xFF,0x2E,0xC9,0xA7,0xFF,
  0x30,0xC1,0x98,0xFF,0x31,0xC5,0x98,0xFF,0x32,0xC7,0x9A,0xFF,
  0x32,0xC7,0x9C,0xFF,0x33,0xCA,0x9E,0xFF,0x33,0xCB,0xA0,0xFF,
  0x34,0xCF,0xA4,0xFF,0x30,0xD1,0xA7,0xFF,0x30,0xD3,0xAC,0xFF,
  0x35,0xBF,0x83,0xFF,0x32,0xBB,0x70,0xFF,0x2D,0xBB,0x72,0xFF,
  0x31,0xB8,0x75,0xFF,0x31,0xD0,0xAB,0xFF,0x2F,0xD7,0xB4,0xFF,
  0x2F,0xD6,0xB4,0xFF,0x32,0xD4,0xB5,0xFF,0x35,0xD4,0xB4,0xFF,
  0x34,0xD8,0xBC,0xFF,0x38,0xC3,0x86,0xFF,0x37,0xB5,0x62,0xFF,
  0x35,0xB7,0x62,0xFF,0x37,0xC7,0x8A,0xFF,0x30,0xDC,0xC0,0xFF,
  0x30,0xDA,0xBB,0xFF,0x30,0xD8,0xB6,0xFF,0x37,0xB6,0x6F,0xFF,
  0x30,0xB8,0x68,0xFF,0x2F,0xB8,0x6B,0xFF,0x32,0xC8,0x8F,0xFF,
  0x33,0xDB,0xAF,0xFF,0x33,0xD6,0xA9,0xFF,0x2E,0xD7,0xAA,0xFF,
  0x2A,0xD6,0xA9,0xFF,0x28,0xD5,0xA8,0xFF,0x27,0xCA,0x9A,0xFF,
  0x36,0x99,0x3F,0xFF,0x32,0x9A,0x3C,0xFF,0x2E,0x9C,0x3F,0xFF,
  0x30,0x9C,0x42,0xFF,0x2F,0x9C,0x44,0xFF,0x2E,0x9D,0x43,0xFF,
  0x2F,0x9C,0x41,0xFF,0x2E,0x9C,0x43,0xFF,0x2F,0x9C,0x46,0xFF,
  0x2D,0x9F,0x4B,0xFF,0x2E,0x95,0x3D,0xFF,0x34,0x89,0x26,0xFF,
  0x32,0x92,0x2C,0xFF,0x36,0x92,0x24,0xFF,0x35,0xA5,0x47,0xFF,
  0x2B,0xC8,0x7C,0xFF,0x27,0xC5,0x74,0xFF,0x29,0xC3,0x75,0xFF,
  0x40,0x9B,0x39,0xFF,0x3A,0x96,0x31,0xFF,0x35,0x97,0x2F,0xFF,
  0x37,0x97,0x2C,0xFF,0x38,0x9B,0x2B,0xFF,0x3C,0x9A,0x27,0xFF,
  0x35,0xC2,0x7A,0xFF,0x34,0xCD,0x9A,0xFF,0x36,0xC5,0x8E,0xFF,
  0x34,0xC4,0x8D,0xFF,0x33,0xC1,0x8A,0xFF,0x33,0xBE,0x8A,0xFF,
  0x33,0xBE,0x8A,0xFF,0x32,0xBF,0x87,0xFF,0x32,0xBF,0x87,0xFF,
  0x34,0xBB,0x88,0xFF,0x31,0xC7,0xA1,0xFF,0x33,0xD9,0xBA,0xFF,
  0x36,0xD8,0xB8,0xFF,0x39,0xD8,0xB9,0xFF,0x38,0xD8,0xB7,0xFF,
  0x33,0xD9,0xB7,0xFF,0x32,0xCE,0xA8,0xFF,0x30,0xB9,0x83,0xFF,
  0x2E,0xB9,0x81,0xFF,0x2B,0xB9,0x86,0xFF,0x36,0x9D,0x4E,0xFF,
  0x37,0x9B,0x3B,0xFF,0x33,0xA1,0x45,0xFF,0x37,0xA2,0x46,0xFF,
  0x37,0xA4,0x48,0xFF,0x35,0xA5,0x48,0xFF,0x35,0xA4,0x48,0xFF,
  0x35,0xA3,0x47,0xFF,0x35,0xA0,0x44,0xFF,0x34,0x9D,0x41,0xFF,
  0x33,0x9A,0x3E,0xFF,0x32,0x99,0x3E,0xFF,0x32,0x95,0x3C,0xFF,
  0x35,0x94,0x42,0xFF,0x31,0x89,0x35,0xFF,0x32,0x83,0x29,0xFF,
  0x32,0x86,0x2D,0xFF,0x33,0x8A,0x2D,0xFF,0x34,0x8E,0x2C,0xFF,
  0x35,0x91,0x2A,0xFF,0x35,0x92,0x2B,0xFF,0x37,0x92,0x2E,0xFF,
  0x35,0x93,0x34,0xFF,0x37,0x92,0x31,0xFF,0x3A,0xA1,0x4A,0xFF,
  0x35,0xC6,0x7C,0xFF,0x30,0xBE,0x75,0xFF,0x2E,0xBA,0x77,0xFF,
  0x30,0xAB,0x66,0xFF,0x36,0x98,0x43,0xFF,0x2F,0x9C,0x43,0xFF,
  0x2E,0x9D,0x41,0xFF,0x31,0xA0,0x40,0xFF,0x33,0xA5,0x40,0xFF,
  0x3A,0xAA,0x4E,0xFF,0x36,0xBF,0x7E,0xFF,0x32,0xC0,0x7B,0xFF,
  0x32,0xBE,0x79,0xFF,0x32,0xBD,0x75,0xFF,0x31,0xBA,0x73,0xFF,
  0x32,0xB6,0x70,0xFF,0x33,0xB2,0x6D,0xFF,0x34,0xB1,0x6E,0xFF,
  0x33,0xB0,0x6E,0xFF,0x33,0xB1,0x6F,0xFF,0x32,0xB1,0x72,0xFF,
  0x35,0xB1,0x72,0xFF,0x2F,0xC8,0x9D,0xFF,0x2D,0xCF,0xA8,0xFF,
  0x2E,0xD1,0xA9,0xFF,0x31,0xD2,0xAB,0xFF,0x35,0xD5,0xAD,0xFF,
  0x3B,0xC8,0x97,0xFF,0x33,0xC0,0x80,0xFF,0x2A,0xCC,0x8C,0xFF,
  0x2C,0xB6,0x6E,0xFF,0x34,0x8B,0x1F,0xFE,0x32,0x8E,0x26,0xFF,
  0x30,0x89,0x2A,0xFF,0x30,0x84,0x2C,0xFF,0x30,0x83,0x2F,0xFF,
  0x33,0x7E,0x25,0xFF,0x30,0x92,0x47,0xFF,0x29,0xA8,0x65,0xFF,
  0x2C,0xA4,0x5C,0xFF,0x2E,0xA5,0x5E,0xFF,0x2E,0xA7,0x5B,0xFF,
  0x30,0xAA,0x5E,0xFF,0x37,0xA9,0x5A,0xFF,0x36,0xC7,0x93,0xFF,
  0x34,0xD8,0xAA,0xFF,0x36,0xD3,0xA1,0xFF,0x36,0xD3,0x9F,0xFF,
  0x37,0xD1,0x9B,0xFF,0x34,0xCE,0x96,0xFF,0x32,0xD2,0x9F,0xFF,
  0x31,0xD2,0x9D,0xFF,0x32,0xCD,0x98,0xFF,0x3A,0xBF,0x86,0xFF,
  0x36,0xCC,0x91,0xFF,0x32,0xC5,0x88,0xFF,0x3C,0xA6,0x56,0xFF,
  0x3B,0x9C,0x45,0xFF,0x36,0x93,0x3F,0xFF,0x3E,0x82,0x28,0xFF,
  0x38,0x8D,0x3D,0xFF,0x2D,0xA0,0x59,0xFF,0x2C,0x9E,0x54,0xFF,
  0x2C,0x9D,0x55,0xFF,0x29,0xA1,0x5D,0xFF,0x36,0x8E,0x3B,0xFF,
  0x44,0x70,0x07,0xFF,0x3E,0x75,0x17,0xFE,0x35,0x9A,0x40,0xFE,
  0x2F,0xB0,0x50,0xFF,0x32,0xAD,0x50,0xFF,0x36,0xA5,0x4C,0xFF,
  0x38,0x9D,0x44,0xFF,0x39,0xA1,0x49,0xFF,0x3D,0xA3,0x4B,0xFF,
  0x31,0xCA,0x99,0xFF,0x2C,0xD3,0xA5,0xFF,0x33,0xCE,0x9E,0xFF,
  0x33,0xCA,0x95,0xFF,0x34,0xCF,0x9B,0xFF,0x36,0xCF,0x9D,0xFF,
  0x32,0xD3,0xA0,0xFF,0x32,0xCF,0x94,0xFF,0x3C,0xA8,0x58,0xFF,
  0x35,0xBA,0x76,0xFF,0x2E,0xCE,0x9B,0xFF,0x2A,0xC7,0x92,0xFF,
  0x29,0xC9,0x9E,0xFF,0x31,0x92,0x52,0xFF,0x32,0x7B,0x2B,0xFF,
  0x2B,0x85,0x37,0xFF,0x2C,0x89,0x36,0xFF,0x32,0x8A,0x35,0xFF,
  0x34,0x90,0x40,0xFF,0x2B,0xB6,0x77,0xFF,0x36,0x85,0x31,0xFF,
  0x3A,0x74,0x1D,0xFF,0x32,0x78,0x20,0xFF,0x2D,0x5B,0x17,0xFD,
  0x36,0x77,0x1B,0xFF,0x36,0x7C,0x18,0xFF,0x37,0x75,0x1B,0xFF,
  0x35,0x77,0x22,0xFF,0x34,0x78,0x26,0xFF,0x32,0x7A,0x25,0xFF,
  0x32,0x7E,0x1C,0xFF,0x38,0x82,0x14,0xFF,0x3D,0x82,0x14,0xFF,
  0x3E,0x7C,0x10,0xFF,0x3B,0x9D,0x44,0xFF,0x35,0xAE,0x55,0xFF,
  0x35,0xAA,0x4C,0xFF,0x36,0xA5,0x4A,0xFF,0x36,0xC2,0x8C,0xFF,
  0x34,0xCD,0xA0,0xFF,0x33,0xC8,0x9A,0xFF,0x34,0xBF,0x97,0xFF,
  0x37,0x82,0x23,0xFF,0x35,0x78,0x16,0xFF,0x33,0x7A,0x1F,0xFF,
  0x35,0x7D,0x1A,0xFF,0x39,0x80,0x1A,0xFF,0x3B,0x86,0x1D,0xFF,
  0x3E,0x88,0x13,0xFF,0x40,0x9C,0x3D,0xFF,0x3A,0xCB,0x96,0xFF,
  0x3B,0xC4,0x8A,0xFF,0x39,0xC5,0x8B,0xFF,0x37,0xC5,0x8A,0xFF,
  0x34,0xC2,0x88,0xFF,0x36,0xBD,0x84,0xFF,0x36,0xC8,0x9D,0xFF,
  0x2F,0xD3,0xB9,0xFF,0x2E,0xCF,0xB2,0xFF,0x2E,0xC8,0xA8,0xFF,
  0x30,0xC2,0x98,0xFF,0x31,0xC6,0x99,0xFF,0x31,0xC7,0x9C,0xFF,
  0x31,0xC8,0x9F,0xFF,0x32,0xCB,0xA1,0xFF,0x32,0xCD,0xA3,0xFF,
  0x33,0xD0,0xA4,0xFF,0x30,0xD2,0xA7,0xFF,0x2F,0xD4,0xAC,0xFF,
  0x36,0xC0,0x83,0xFF,0x33,0xBB,0x70,0xFF,0x2F,0xBB,0x70,0xFF,
  0x31,0xB8,0x75,0xFF,0x2F,0xCF,0xAE,0xFF,0x2F,0xD8,0xB7,0xFF,
  0x2F,0xD6,0xB8,0xFF,0x31,0xD5,0xBA,0xFF,0x36,0xD6,0xB9,0xFF,
  0x33,0xD9,0xC1,0xFF,0x35,0xC3,0x89,0xFF,0x35,0xB6,0x62,0xFF,
  0x35,0xB7,0x63,0xFF,0x36,0xC7,0x8D,0xFF,0x30,0xDC,0xC2,0xFF,
  0x32,0xDA,0xBB,0xFF,0x2F,0xD9,0xB8,0xFF,0x36,0xB8,0x70,0xFF,
  0x31,0xB9,0x68,0xFF,0x2D,0xBA,0x6E,0xFF,0x2C,0xCD,0x97,0xFF,
  0x2F,0xE0,0xB2,0xFF,0x31,0xDB,0xAF,0xFF,0x2B,0xDB,0xB0,0xFF,
  0x27,0xDA,0xAD,0xFF,0x28,0xD8,0xAC,0xFF,0x26,0xCD,0x9E,0xFF,
  0x37,0x9C,0x41,0xFF,0x31,0x9E,0x3E,0xFF,0x2C,0x9F,0x42,0xFF,
  0x2E,0x9E,0x43,0xFF,0x2D,0x9F,0x45,0xFF,0x2E,0x9F,0x45,0xFF,
  0x2F,0x9E,0x42,0xFF,0x2F,0x9E,0x45,0xFF,0x2F,0x9E,0x47,0xFF,
  0x2C,0xA0,0x4B,0xFF,0x2C,0x98,0x41,0xFF,0x33,0x8D,0x29,0xFF,
  0x31,0x94,0x2C,0xFF,0x35,0x93,0x23,0xFF,0x36,0xA5,0x47,0xFF,
  0x2B,0xC8,0x7E,0xFF,0x2A,0xC6,0x77,0xFF,0x29,0xC5,0x78,0xFF,
  0x3F,0x9E,0x3A,0xFF,0x39,0x99,0x33,0xFF,0x33,0x9B,0x30,0xFF,
  0x36,0x9B,0x2C,0xFF,0x37,0x9D,0x2C,0xFF,0x3D,0x9C,0x26,0xFF,
  0x31,0xC2,0x7B,0xFF,0x31,0xCF,0x9E,0xFF,0x34,0xC7,0x92,0xFF,
  0x32,0xC4,0x90,0xFF,0x32,0xC1,0x8D,0xFF,0x32,0xBD,0x8C,0xFF,
  0x32,0xBD,0x8A,0xFF,0x32,0xBE,0x87,0xFF,0x32,0xBF,0x88,0xFF,
  0x34,0xBB,0x87,0xFF,0x32,0xC6,0xA0,0xFF,0x33,0xD9,0xBD,0xFF,
  0x36,0xD8,0xB9,0xFF,0x39,0xD8,0xBB,0xFF,0x39,0xD9,0xB9,0xFF,
  0x33,0xD9,0xBA,0xFF,0x30,0xCF,0xAE,0xFF,0x2F,0xBB,0x87,0xFF,
  0x2F,0xB9,0x83,0xFF,0x2A,0xBA,0x89,0xFF,0x35,0x9F,0x52,0xFF,
  0x37,0x9B,0x3D,0xFF,0x33,0xA1,0x46,0xFF,0x36,0xA3,0x47,0xFF,
  0x36,0xA4,0x4A,0xFF,0x34,0xA6,0x4B,0xFF,0x34,0xA5,0x4A,0xFF,
  0x34,0xA5,0x49,0xFF,0x34,0xA2,0x47,0xFF,0x34,0xA0,0x44,0xFF,
  0x33,0x9D,0x42,0xFF,0x32,0x9B,0x40,0xFF,0x32,0x97,0x3E,0xFF,
  0x35,0x96,0x44,0xFF,0x31,0x8B,0x35,0xFF,0x31,0x85,0x28,0xFF,
  0x31,0x88,0x2B,0xFF,0x31,0x8C,0x2B,0xFF,0x32,0x8F,0x2A,0xFF,
  0x34,0x92,0x29,0xFF,0x34,0x93,0x2A,0xFF,0x35,0x94,0x2D,0xFF,
  0x36,0x96,0x32,0xFF,0x38,0x94,0x31,0xFF,0x3A,0xA2,0x4C,0xFF,
  0x34,0xC9,0x7E,0xFF,0x31,0xC1,0x76,0xFF,0x2E,0xBE,0x79,0xFF,
  0x30,0xAE,0x68,0xFF,0x36,0x99,0x44,0xFF,0x2F,0x9E,0x45,0xFF,
  0x2D,0x9F,0x43,0xFF,0x30,0xA2,0x41,0xFF,0x32,0xA7,0x41,0xFF,
  0x39,0xAB,0x50,0xFF,0x33,0xBE,0x81,0xFF,0x30,0xC0,0x7E,0xFF,
  0x32,0xBE,0x7C,0xFF,0x31,0xBC,0x77,0xFF,0x31,0xB9,0x75,0xFF,
  0x31,0xB5,0x73,0xFF,0x31,0xB2,0x70,0xFF,0x32,0xB1,0x6F,0xFF,
  0x32,0xB0,0x70,0xFF,0x30,0xB2,0x70,0xFF,0x31,0xB1,0x72,0xFF,
  0x35,0xB0,0x73,0xFF,0x2F,0xC7,0x9F,0xFF,0x2D,0xCD,0xA9,0xFF,
  0x2F,0xCF,0xAA,0xFF,0x32,0xD2,0xAC,0xFF,0x35,0xD5,0xAF,0xFF,
  0x39,0xCA,0x9D,0xFF,0x34,0xC3,0x85,0xFF,0x2A,0xCF,0x91,0xFF,
  0x2A,0xB9,0x73,0xFF,0x36,0x8E,0x1F,0xFF,0x31,0x93,0x26,0xFF,
  0x2F,0x8D,0x2A,0xFF,0x31,0x87,0x2E,0xFF,0x30,0x84,0x2E,0xFF,
  0x32,0x7D,0x25,0xFF,0x2D,0x92,0x4A,0xFF,0x27,0xAC,0x66,0xFF,
  0x2C,0xA7,0x5E,0xFF,0x2C,0xA7,0x61,0xFF,0x2C,0xA9,0x5F,0xFF,
  0x30,0xAC,0x61,0xFF,0x38,0xAB,0x60,0xFF,0x36,0xCB,0x98,0xFF,
  0x35,0xDA,0xAC,0xFF,0x36,0xD6,0xA5,0xFF,0x36,0xD5,0xA3,0xFF,
  0x36,0xD3,0x9F,0xFF,0x34,0xCF,0x99,0xFF,0x30,0xD2,0xA2,0xFF,
  0x31,0xD2,0x9F,0xFF,0x31,0xCD,0x9A,0xFF,0x38,0xBE,0x85,0xFF,
  0x36,0xCB,0x8F,0xFF,0x30,0xC6,0x8A,0xFF,0x39,0xA8,0x5B,0xFF,
  0x39,0x9E,0x48,0xFF,0x33,0x95,0x42,0xFF,0x3C,0x82,0x29,0xFF,
  0x38,0x8F,0x41,0xFF,0x2C,0xA2,0x5C,0xFF,0x2C,0xA0,0x56,0xFF,
  0x2B,0x9E,0x56,0xFF,0x28,0xA2,0x5F,0xFF,0x32,0x8E,0x3C,0xFF,
  0x43,0x71,0x06,0xFF,0x3F,0x77,0x1D,0xFF,0x34,0x9B,0x44,0xFF,
  0x2D,0xB5,0x50,0xFF,0x30,0xB0,0x52,0xFF,0x35,0xA9,0x4E,0xFF,
  0x39,0xA1,0x47,0xFF,0x38,0xA4,0x4B,0xFF,0x3D,0xA6,0x4C,0xFF,
  0x32,0xCB,0x9A,0xFF,0x2E,0xD2,0xA7,0xFF,0x33,0xCE,0xA0,0xFF,
  0x32,0xCB,0x98,0xFF,0x32,0xD1,0x9C,0xFF,0x33,0xD1,0x9F,0xFF,
  0x32,0xD5,0xA1,0xFF,0x31,0xD0,0x95,0xFF,0x3B,0xA9,0x5A,0xFF,
  0x34,0xB9,0x76,0xFF,0x2B,0xCC,0x9C,0xFF,0x2E,0xCB,0x97,0xFF,
  0x2A,0xCC,0xA5,0xFF,0x31,0x95,0x57,0xFF,0x31,0x7B,0x29,0xFF,
  0x29,0x88,0x38,0xFF,0x2A,0x8C,0x37,0xFF,0x30,0x8C,0x36,0xFF,
  0x35,0x91,0x41,0xFF,0x2A,0xB9,0x77,0xFF,0x33,0x88,0x30,0xFF,
  0x37,0x79,0x1F,0xFF,0x30,0x7B,0x21,0xFF,0x2C,0x5C,0x18,0xFF,
  0x3B,0x7E,0x1F,0xFF,0x3D,0x84,0x1F,0xFF,0x3C,0x7F,0x24,0xFF,
  0x36,0x82,0x2A,0xFF,0x38,0x80,0x2D,0xFF,0x35,0x82,0x2D,0xFF,
  0x35,0x86,0x27,0xFF,0x37,0x86,0x17,0xFE,0x3C,0x81,0x11,0xFF,
  0x3E,0x7C,0x11,0xFF,0x3B,0xA3,0x4B,0xFF,0x36,0xB2,0x5C,0xFF,
  0x36,0xAD,0x56,0xFF,0x34,0xA6,0x55,0xFF,0x35,0xC0,0x8F,0xFF,
  0x3A,0xCA,0x9F,0xFF,0x38,0xC6,0x98,0xFF,0x36,0xC3,0x9B,0xFF,
  0x36,0x8C,0x2B,0xFF,0x3A,0x84,0x1A,0xFF,0x38,0x83,0x26,0xFF,
  0x39,0x88,0x21,0xFE,0x3B,0x88,0x1A,0xFF,0x3C,0x8D,0x1F,0xFF,
  0x3F,0x8C,0x18,0xFF,0x3E,0xA4,0x46,0xFF,0x38,0xD6,0xA1,0xFF,
  0x3A,0xCE,0x96,0xFF,0x38,0xD0,0x97,0xFF,0x37,0xCD,0x93,0xFF,
  0x33,0xC4,0x8B,0xFF,0x35,0xBF,0x88,0xFF,0x34,0xC9,0xA2,0xFF,
  0x30,0xD5,0xBD,0xFF,0x31,0xD3,0xB8,0xFF,0x2D,0xCC,0xAF,0xFF,
  0x2E,0xC3,0x9A,0xFF,0x31,0xC8,0x9B,0xFF,0x30,0xC9,0x9F,0xFF,
  0x31,0xCF,0xA7,0xFF,0x32,0xD3,0xAA,0xFF,0x33,0xD6,0xAD,0xFF,
  0x32,0xD1,0xA7,0xFF,0x30,0xD0,0xA6,0xFF,0x2F,0xD3,0xAA,0xFF,
  0x36,0xC0,0x85,0xFF,0x36,0xB9,0x6D,0xFF,0x33,0xB5,0x65,0xFF,
  0x35,0xB0,0x6A,0xFF,0x2E,0xD1,0xAE,0xFF,0x2E,0xDC,0xBD,0xFF,
  0x2E,0xDA,0xBF,0xFF,0x31,0xDD,0xC6,0xFF,0x34,0xE0,0xC5,0xFF,
  0x2E,0xDF,0xC9,0xFF,0x30,0xC7,0x90,0xFF,0x33,0xB8,0x64,0xFF,
  0x36,0xB7,0x68,0xFF,0x33,0xC6,0x91,0xFF,0x2E,0xD9,0xBF,0xFF,
  0x33,0xD8,0xB6,0xFF,0x2F,0xD8,0xB3,0xFF,0x36,0xB9,0x70,0xFF,
  0x33,0xB9,0x68,0xFF,0x2D,0xBC,0x72,0xFF,0x2A,0xD7,0x9E,0xFF,
  0x2E,0xEA,0xB6,0xFF,0x31,0xE9,0xBC,0xFF,0x2A,0xE8,0xBE,0xFF,
  0x28,0xE2,0xB5,0xFF,0x2B,0xE0,0xB3,0xFF,0x29,0xD5,0xA9,0xFF,
  0x37,0xA2,0x4E,0xFE,0x32,0xA9,0x4A,0xFD,0x2C,0xAB,0x50,0xFA,
  0x31,0xAC,0x50,0xF9,0x2E,0xA4,0x4A,0xFF,0x31,0xA2,0x4A,0xFF,
  0x30,0xA2,0x48,0xFF,0x31,0xA2,0x4A,0xFF,0x31,0xA1,0x4C,0xFF,
  0x2C,0xA3,0x51,0xFF,0x2C,0x9E,0x47,0xFF,0x34,0x91,0x2E,0xFF,
  0x31,0x97,0x30,0xFF,0x35,0x93,0x25,0xFF,0x37,0xA4,0x47,0xFF,
  0x2E,0xC3,0x7A,0xFF,0x2D,0xC2,0x79,0xFF,0x29,0xC6,0x7A,0xFF,
  0x3B,0x9F,0x42,0xFF,0x3B,0x9B,0x3E,0xFF,0x37,0xA1,0x3C,0xFF,
  0x38,0x9F,0x2E,0xFF,0x39,0x9F,0x2E,0xFF,0x3D,0x9D,0x2C,0xFF,
  0x2C,0xC7,0x82,0xFF,0x30,0xD7,0xA9,0xFF,0x32,0xCF,0x9D,0xFF,
  0x31,0xCA,0x9A,0xFF,0x31,0xC6,0x93,0xFF,0x30,0xC3,0x93,0xFF,
  0x31,0xC0,0x8D,0xFF,0x32,0xBC,0x87,0xFF,0x32,0xBD,0x88,0xFF,
  0x33,0xBA,0x87,0xFF,0x32,0xC8,0xA1,0xFF,0x34,0xDA,0xBD,0xFF,
  0x38,0xDA,0xBA,0xFF,0x3A,0xDB,0xBF,0xFF,0x3B,0xDD,0xBE,0xFF,
  0x35,0xDE,0xC0,0xFF,0x31,0xD5,0xB8,0xFF,0x2F,0xC0,0x8D,0xFF,
  0x30,0xBD,0x88,0xFF,0x2B,0xBF,0x91,0xFF,0x34,0xA5,0x5B,0xFF,
  0x37,0x9C,0x43,0xFF,0x35,0xA2,0x4B,0xFF,0x38,0xA5,0x4C,0xFF,
  0x37,0xA7,0x50,0xFF,0x35,0xA8,0x52,0xFF,0x34,0xA9,0x52,0xFF,
  0x35,0xA9,0x4F,0xFF,0x36,0xA5,0x4E,0xFF,0x37,0xA4,0x4B,0xFF,
  0x35,0xA1,0x4A,0xFF,0x36,0x9F,0x48,0xFF,0x35,0x9C,0x48,0xFF,
  0x36,0x9F,0x4C,0xFF,0x34,0x95,0x3C,0xFF,0x36,0x91,0x2D,0xFF,
  0x35,0x93,0x2D,0xFF,0x34,0x97,0x2D,0xFF,0x35,0x96,0x2D,0xFE,
  0x36,0x94,0x2A,0xFF,0x36,0x95,0x2D,0xFF,0x39,0x9D,0x2F,0xFF,
  0x3F,0x9E,0x35,0xFF,0x3E,0x98,0x39,0xFF,0x3C,0xA8,0x53,0xFF,
  0x36,0xD0,0x83,0xFF,0x36,0xC8,0x7D,0xFF,0x30,0xC6,0x81,0xFF,
  0x2E,0xB3,0x6F,0xFF,0x34,0x9E,0x4B,0xFF,0x31,0xA1,0x4D,0xFF,
  0x2F,0xA3,0x4C,0xFF,0x32,0xA8,0x49,0xFF,0x33,0xAC,0x49,0xFF,
  0x36,0xB1,0x5B,0xFF,0x2F,0xC2,0x8A,0xFF,0x2E,0xC4,0x88,0xFF,
  0x32,0xC5,0x87,0xFF,0x31,0xC1,0x81,0xFF,0x31,0xBC,0x7C,0xFF,
  0x30,0xB9,0x7B,0xFF,0x2E,0xB5,0x78,0xFF,0x2F,0xB5,0x74,0xFF,
  0x30,0xB5,0x78,0xFF,0x2F,0xB4,0x74,0xFF,0x33,0xB2,0x73,0xFF,
  0x35,0xB1,0x76,0xFF,0x30,0xC8,0xA0,0xFF,0x2F,0xCD,0xA8,0xFF,
  0x32,0xCF,0xAA,0xFF,0x34,0xD3,0xAC,0xFF,0x36,0xD8,0xB3,0xFF,
  0x36,0xCF,0xA5,0xFF,0x35,0xC8,0x8A,0xFF,0x2C,0xD2,0x93,0xFF,
  0x2C,0xBD,0x7B,0xFF,0x39,0x92,0x2A,0xFF,0x35,0x99,0x2C,0xFF,
  0x35,0x94,0x32,0xFF,0x39,0x8E,0x3B,0xFF,0x32,0x88,0x31,0xFF,
  0x31,0x7B,0x21,0xFF,0x2E,0x96,0x4B,0xFF,0x28,0xB3,0x6A,0xFF,
  0x2E,0xAB,0x64,0xFF,0x2D,0xAD,0x67,0xFF,0x2E,0xAE,0x66,0xFF,
  0x32,0xB1,0x67,0xFF,0x37,0xB0,0x6B,0xFF,0x35,0xCD,0x9B,0xFF,
  0x39,0xDA,0xAA,0xFF,0x38,0xDB,0xA9,0xFF,0x37,0xDD,0xAC,0xFF,
  0x34,0xD8,0xA7,0xFF,0x32,0xD2,0xA1,0xFF,0x31,0xD7,0xAA,0xFF,
  0x34,0xD6,0xA6,0xFF,0x32,0xD5,0xA7,0xFF,0x33,0xC2,0x8A,0xFF,
  0x33,0xC7,0x8A,0xFF,0x2C,0xC4,0x8E,0xFF,0x32,0xA7,0x63,0xFF,
  0x36,0x9C,0x4E,0xFF,0x32,0x97,0x4B,0xFF,0x39,0x84,0x2E,0xFF,
  0x35,0x97,0x4A,0xFF,0x2D,0xA9,0x64,0xFF,0x2F,0xA6,0x5E,0xFF,
  0x2F,0xA4,0x5D,0xFF,0x2A,0xA8,0x67,0xFF,0x2B,0x97,0x47,0xFF,
  0x3C,0x75,0x0C,0xFF,0x3E,0x76,0x2C,0xFF,0x35,0x98,0x4E,0xFF,
  0x2D,0xBC,0x56,0xFF,0x33,0xB7,0x5A,0xFF,0x36,0xB0,0x58,0xFF,
  0x3A,0xA9,0x54,0xFF,0x39,0xAB,0x57,0xFF,0x3B,0xAC,0x58,0xFF,
  0x33,0xCB,0x9B,0xFF,0x31,0xD2,0xA9,0xFF,0x31,0xD0,0xA3,0xFF,
  0x31,0xCF,0x9D,0xFF,0x34,0xD6,0xA0,0xFF,0x34,0xD7,0xA2,0xFF,
  0x34,0xDA,0xA5,0xFF,0x33,0xD3,0x9A,0xFF,0x37,0xA9,0x5C,0xFF,
  0x33,0xB7,0x73,0xFF,0x30,0xCD,0x9C,0xFF,0x33,0xCB,0x99,0xFF,
  0x2D,0xCF,0xA9,0xFF,0x31,0x97,0x58,0xFF,0x32,0x7A,0x26,0xFF,
  0x2C,0x8E,0x3E,0xFF,0x2E,0x90,0x40,0xFF,0x30,0x8F,0x3C,0xFF,
  0x35,0x92,0x45,0xFF,0x2A,0xB0,0x6C,0xFF,0x2E,0x87,0x30,0xFE,
  0x35,0x85,0x28,0xF9,0x2C,0x85,0x29,0xFA,0x2E,0x63,0x1D,0xFF,
  0x38,0x6E,0x19,0xF2,0x39,0x73,0x1D,0xED,0x38,0x71,0x22,0xEC,
  0x31,0x74,0x2A,0xEA,0x36,0x6C,0x2D,0xF7,0x34,0x70,0x2E,0xF7,
  0x36,0x74,0x29,0xF8,0x3A,0x80,0x17,0xFF,0x3C,0x80,0x10,0xFF,
  0x3E,0x7B,0x11,0xFF,0x3B,0x9D,0x43,0xFF,0x37,0xA6,0x50,0xFF,
  0x38,0xA1,0x4C,0xFF,0x35,0x9A,0x48,0xFF,0x34,0xAC,0x73,0xFF,
  0x3A,0xB1,0x7B,0xFF,0x38,0xAF,0x76,0xFF,0x37,0xAF,0x7B,0xFF,
  0x32,0x7D,0x29,0xF8,0x38,0x76,0x1C,0xF3,0x3B,0x73,0x2A,0xFF,
  0x3B,0x7A,0x24,0xFF,0x3C,0x80,0x14,0xFF,0x3F,0x85,0x1C,0xFF,
  0x44,0x83,0x1A,0xFF,0x3F,0x98,0x3F,0xFF,0x38,0xC9,0x85,0xFF,
  0x3A,0xC2,0x7C,0xFF,0x3C,0xC4,0x7B,0xFF,0x3A,0xC3,0x7C,0xFF,
  0x35,0xBF,0x80,0xFF,0x37,0xB8,0x7A,0xFF,0x36,0xC1,0x92,0xFF,
  0x31,0xCE,0xB0,0xFF,0x34,0xCD,0xAE,0xFF,0x2F,0xC8,0xA7,0xFF,
  0x2F,0xBB,0x8D,0xFF,0x31,0xC2,0x91,0xFF,0x30,0xC3,0x93,0xFF,
  0x32,0xC7,0x96,0xFF,0x33,0xCE,0x9B,0xFF,0x36,0xD1,0x9F,0xFF,
  0x32,0xD1,0xA6,0xFF,0x31,0xD0,0xA7,0xFF,0x30,0xD2,0xA9,0xFF,
  0x34,0xC7,0x91,0xFF,0x37,0xBF,0x7B,0xFF,0x35,0xB8,0x70,0xFF,
  0x38,0xB1,0x6E,0xFF,0x2F,0xCA,0x9D,0xFF,0x2F,0xD5,0xB0,0xFF,
  0x30,0xD2,0xB1,0xFF,0x36,0xCB,0xA3,0xFF,0x35,0xCC,0x9A,0xFF,
  0x31,0xC9,0x9A,0xFF,0x30,0xBC,0x7B,0xFF,0x33,0xB6,0x61,0xFF,
  0x38,0xB2,0x63,0xFF,0x34,0xBD,0x83,0xFF,0x2E,0xCF,0xAB,0xFF,
  0x33,0xCF,0xA3,0xFF,0x2F,0xCF,0x9F,0xFF,0x37,0xB5,0x67,0xFF,
  0x34,0xB5,0x61,0xFF,0x32,0xBA,0x6D,0xFF,0x30,0xBF,0x7D,0xFF,
  0x32,0xC7,0x87,0xFF,0x36,0xC8,0x8F,0xFF,0x2F,0xD3,0x9D,0xFF,
  0x2D,0xD7,0x9B,0xFF,0x31,0xD4,0x97,0xFF,0x2F,0xC7,0x91,0xFF,
  0x37,0x8A,0x42,0xFF,0x34,0x90,0x3E,0xFF,0x31,0x93,0x45,0xFF,
  0x38,0x96,0x47,0xFF,0x30,0x9A,0x3D,0xFF,0x35,0x9A,0x3E,0xFF,
  0x33,0x9A,0x40,0xFF,0x34,0x99,0x41,0xFF,0x34,0x99,0x43,0xFF,
  0x2F,0x9C,0x49,0xFF,0x31,0x8E,0x3A,0xFF,0x37,0x7D,0x23,0xFF,
  0x35,0x86,0x25,0xFF,0x37,0x8A,0x20,0xFF,0x3A,0x96,0x35,0xFF,
  0x32,0xAB,0x59,0xFF,0x30,0xAB,0x5D,0xFF,0x2E,0xAE,0x5F,0xFF,
  0x3A,0x85,0x39,0xFF,0x3A,0x7D,0x3A,0xFD,0x39,0x89,0x3B,0xFF,
  0x3B,0x93,0x26,0xFF,0x3D,0x94,0x25,0xFF,0x41,0x90,0x27,0xFF,
  0x2F,0xB8,0x6E,0xFF,0x30,0xCB,0x95,0xFF,0x33,0xC5,0x8C,0xFF,
  0x31,0xC2,0x8C,0xFF,0x33,0xBF,0x86,0xFF,0x34,0xBD,0x84,0xFF,
  0x33,0xBE,0x87,0xFF,0x32,0xBC,0x89,0xFF,0x32,0xBC,0x88,0xFF,
  0x32,0xBC,0x89,0xFF,0x32,0xC7,0x9D,0xFF,0x34,0xD4,0xB1,0xFF,
  0x39,0xD6,0xB3,0xFF,0x3A,0xD4,0xB1,0xFF,0x3B,0xD0,0xA7,0xFF,
  0x36,0xD3,0xAB,0xFF,0x32,0xCA,0xA1,0xFF,0x31,0xB2,0x73,0xFF,
  0x30,0xAF,0x71,0xFF,0x2E,0xB0,0x7A,0xFF,0x36,0x98,0x4B,0xFF,
  0x37,0x90,0x37,0xFF,0x36,0x95,0x3F,0xFF,0x39,0x9A,0x41,0xFF,
  0x3A,0x9D,0x45,0xFF,0x38,0xA0,0x48,0xFF,0x37,0x9C,0x46,0xFF,
  0x38,0x96,0x3E,0xFF,0x38,0x93,0x3D,0xFF,0x39,0x92,0x3C,0xFF,
  0x38,0x8F,0x3C,0xFF,0x38,0x8D,0x3B,0xFF,0x39,0x8D,0x3B,0xFF,
  0x34,0x8D,0x40,0xFD,0x34,0x80,0x38,0xFD,0x38,0x7E,0x2D,0xFF,
  0x35,0x7F,0x2C,0xFE,0x34,0x83,0x2B,0xFF,0x37,0x88,0x28,0xFF,
  0x38,0x89,0x24,0xFF,0x39,0x8B,0x27,0xFF,0x3B,0x8D,0x2D,0xFF,
  0x43,0x89,0x37,0xFF,0x41,0x81,0x3A,0xFF,0x3E,0x9B,0x49,0xFF,
  0x38,0xC6,0x6F,0xFF,0x3A,0xBD,0x6E,0xFF,0x34,0xBC,0x72,0xFF,
  0x30,0xAA,0x62,0xFF,0x34,0x99,0x46,0xFF,0x32,0x9A,0x49,0xFF,
  0x32,0x9A,0x46,0xFF,0x36,0x9D,0x3F,0xFF,0x36,0xA0,0x3E,0xFF,
  0x39,0xA4,0x4C,0xFF,0x33,0xB1,0x6F,0xFF,0x30,0xB2,0x70,0xFF,
  0x36,0xB4,0x70,0xFF,0x33,0xB5,0x74,0xFF,0x33,0xB4,0x72,0xFF,
  0x32,0xB2,0x72,0xFF,0x30,0xAE,0x70,0xFF,0x32,0xAC,0x69,0xFF,
  0x34,0xAD,0x6C,0xFF,0x31,0xB1,0x72,0xFF,0x34,0xB0,0x71,0xFF,
  0x35,0xAE,0x71,0xFF,0x30,0xBC,0x8A,0xFF,0x30,0xBF,0x91,0xFF,
  0x33,0xC1,0x92,0xFF,0x35,0xC4,0x93,0xFF,0x37,0xCC,0x9C,0xFF,
  0x37,0xBF,0x8A,0xFF,0x38,0xB6,0x6D,0xFF,0x32,0xC0,0x71,0xFF,
  0x31,0xA8,0x61,0xFE,0x37,0x7A,0x2B,0xF7,0x39,0x7F,0x2D,0xFF,
  0x3A,0x7C,0x34,0xFF,0x3F,0x76,0x3F,0xFF,0x34,0x7F,0x30,0xFF,
  0x33,0x7B,0x1D,0xFF,0x31,0x8D,0x3C,0xFF,0x2C,0xA0,0x53,0xFF,
  0x31,0x99,0x4F,0xFF,0x33,0x9C,0x50,0xFF,0x34,0x9D,0x50,0xFF,
  0x36,0xA1,0x51,0xFF,0x3A,0xA1,0x57,0xFF,0x35,0xB5,0x76,0xFF,
  0x3A,0xC2,0x80,0xFF,0x3A,0xC7,0x86,0xFF,0x3A,0xCB,0x8E,0xFF,
  0x35,0xCB,0x90,0xFF,0x34,0xC8,0x91,0xFF,0x34,0xCE,0x9C,0xFF,
  0x37,0xCB,0x97,0xFF,0x35,0xCD,0x9D,0xFF,0x36,0xB2,0x73,0xFF,
  0x37,0xAA,0x64,0xFF,0x31,0xA9,0x6D,0xFF,0x36,0x8B,0x4C,0xFF,
  0x39,0x7E,0x3B,0xFF,0x38,0x82,0x3D,0xFF,0x3C,0x7C,0x27,0xFF,
  0x35,0x91,0x41,0xFF,0x30,0xA0,0x56,0xFF,0x32,0x9D,0x54,0xFF,
  0x33,0x9C,0x53,0xFF,0x30,0xA0,0x5B,0xFF,0x2B,0x93,0x42,0xFF,
  0x37,0x68,0x0F,0xFF,0x39,0x5F,0x30,0xFA,0x35,0x79,0x44,0xFA,
  0x30,0xAB,0x4A,0xFF,0x37,0xAE,0x51,0xFF,0x39,0xA8,0x53,0xFF,
  0x3D,0xA3,0x50,0xFF,0x3C,0xA6,0x53,0xFF,0x3C,0xA5,0x54,0xFF,
  0x35,0xB7,0x7D,0xFF,0x34,0xBD,0x8A,0xFF,0x32,0xBD,0x87,0xFF,
  0x32,0xC1,0x86,0xFF,0x35,0xCA,0x8E,0xFF,0x35,0xCC,0x8F,0xFF,
  0x35,0xCF,0x93,0xFF,0x36,0xC8,0x8A,0xFF,0x35,0xA0,0x52,0xFF,
  0x34,0xA6,0x5B,0xFF,0x34,0xB1,0x76,0xFF,0x33,0xAA,0x73,0xFF,
  0x2F,0xB1,0x7F,0xFF,0x33,0x8E,0x48,0xFF,0x34,0x7A,0x27,0xFF,
  0x2D,0x7F,0x3B,0xFF,0x2D,0x76,0x39,0xFB,0x33,0x82,0x35,0xFE,
  0x39,0x89,0x3A,0xFF,0x2F,0x91,0x4A,0xFF,0x32,0x76,0x26,0xFF,
  0x39,0x74,0x23,0xFF,0x31,0x74,0x24,0xFF,0x2D,0x5A,0x1B,0xF6,
  0x35,0x4E,0x09,0xA6,0x31,0x55,0x0E,0x8C,0x33,0x58,0x12,0x87,
  0x2D,0x52,0x26,0x92,0x33,0x3D,0x26,0xD6,0x33,0x46,0x27,0xD3,
  0x35,0x49,0x1D,0xD5,0x3E,0x70,0x12,0xFF,0x3F,0x82,0x10,0xFE,
  0x40,0x7A,0x10,0xFF,0x3D,0x85,0x27,0xFF,0x38,0x88,0x2D,0xFF,
  0x3A,0x84,0x29,0xFF,0x3A,0x7F,0x21,0xFF,0x34,0x87,0x3A,0xFF,
  0x34,0x86,0x3A,0xFF,0x34,0x85,0x39,0xFE,0x37,0x85,0x3A,0xFF,
  0x2D,0x5B,0x19,0xCF,0x31,0x4D,0x1B,0xC2,0x38,0x42,0x26,0xFD,
  0x36,0x4D,0x1E,0xFF,0x3C,0x66,0x0A,0xFF,0x42,0x6B,0x13,0xFF,
  0x49,0x69,0x15,0xFF,0x45,0x76,0x21,0xFF,0x39,0x9E,0x3F,0xFF,
  0x3C,0x9C,0x39,0xFF,0x43,0x9A,0x35,0xFF,0x40,0xA4,0x46,0xFF,
  0x37,0xB2,0x67,0xFF,0x3D,0xA7,0x5C,0xFF,0x3B,0xAE,0x6E,0xFF,
  0x32,0xBC,0x91,0xFF,0x35,0xBB,0x90,0xFF,0x34,0xB8,0x8E,0xFF,
  0x36,0xAB,0x73,0xFF,0x33,0xB3,0x7A,0xFF,0x33,0xB3,0x78,0xFF,
  0x34,0xAD,0x6B,0xFF,0x34,0xB4,0x6F,0xFF,0x39,0xB7,0x73,0xFF,
  0x33,0xD0,0xA1,0xFF,0x32,0xD3,0xAB,0xFF,0x32,0xD2,0xA9,0xFF,
  0x32,0xD2,0xA5,0xFF,0x34,0xCE,0x9B,0xFF,0x32,0xC7,0x94,0xFF,
  0x36,0xBE,0x86,0xFF,0x32,0xB8,0x7E,0xFF,0x32,0xC0,0x8E,0xFF,
  0x33,0xBC,0x8D,0xFF,0x3E,0x9B,0x50,0xFF,0x3B,0x95,0x39,0xFF,
  0x3D,0x95,0x37,0xFF,0x39,0x9F,0x47,0xFF,0x34,0xAE,0x57,0xFF,
  0x3C,0xA7,0x51,0xFF,0x3C,0xAC,0x64,0xFF,0x31,0xBF,0x8C,0xFF,
  0x34,0xBF,0x87,0xFF,0x31,0xBF,0x81,0xFF,0x39,0xAB,0x57,0xFF,
  0x36,0xAC,0x56,0xFF,0x38,0xB2,0x5F,0xFF,0x3D,0x83,0x35,0xFF,
  0x3B,0x74,0x28,0xFF,0x3E,0x73,0x29,0xFF,0x38,0x96,0x4B,0xFF,
  0x34,0xB7,0x5E,0xFF,0x39,0xAE,0x5A,0xFF,0x35,0xA0,0x54,0xFF,
  0x37,0x52,0x18,0xFF,0x36,0x53,0x15,0xFF,0x37,0x5A,0x1F,0xFF,
  0x3C,0x61,0x22,0xFF,0x31,0x80,0x1F,0xFF,0x36,0x84,0x21,0xFF,
  0x35,0x84,0x26,0xFF,0x35,0x84,0x28,0xFF,0x36,0x83,0x2A,0xFF,
  0x34,0x88,0x2E,0xFF,0x38,0x67,0x17,0xFF,0x3D,0x54,0x08,0xFF,
  0x3C,0x60,0x0B,0xFF,0x3C,0x7A,0x10,0xFF,0x3D,0x7E,0x15,0xFF,
  0x37,0x83,0x22,0xFF,0x36,0x85,0x28,0xFF,0x37,0x82,0x2B,0xFF,
  0x3C,0x54,0x1D,0xFF,0x37,0x43,0x26,0xF6,0x38,0x52,0x29,0xFE,
  0x3D,0x77,0x15,0xFF,0x40,0x7D,0x11,0xFF,0x48,0x76,0x11,0xFF,
  0x38,0x92,0x3B,0xFF,0x33,0xA7,0x5E,0xFF,0x37,0xA3,0x59,0xFF,
  0x34,0xA6,0x60,0xFF,0x37,0xA8,0x5F,0xFF,0x3C,0xA5,0x5D,0xFF,
  0x38,0xB5,0x78,0xFF,0x31,0xBE,0x8C,0xFF,0x32,0xBD,0x8A,0xFF,
  0x32,0xBF,0x8B,0xFF,0x31,0xC2,0x95,0xFF,0x32,0xC8,0x9C,0xFF,
  0x36,0xCD,0xA4,0xFF,0x3B,0xC1,0x90,0xFF,0x3A,0xB1,0x74,0xFF,
  0x35,0xB6,0x7B,0xFF,0x32,0xAA,0x67,0xFF,0x34,0x90,0x38,0xFF,
  0x31,0x8D,0x3C,0xFF,0x30,0x8A,0x40,0xFF,0x3A,0x77,0x1E,0xFF,
  0x36,0x76,0x18,0xFF,0x35,0x7B,0x21,0xFF,0x39,0x80,0x24,0xFF,
  0x3B,0x85,0x25,0xFF,0x3D,0x8B,0x2A,0xFF,0x3B,0x7D,0x24,0xFF,
  0x3A,0x6D,0x17,0xFF,0x3A,0x6D,0x16,0xFF,0x3A,0x6C,0x16,0xFF,
  0x39,0x68,0x16,0xFF,0x39,0x65,0x16,0xFE,0x3A,0x68,0x15,0xFF,
  0x32,0x5B,0x1F,0xF3,0x30,0x45,0x28,0xF3,0x33,0x46,0x26,0xFF,
  0x30,0x47,0x24,0xFB,0x2E,0x4A,0x22,0xFF,0x32,0x5E,0x19,0xFF,
  0x37,0x71,0x13,0xFF,0x3C,0x75,0x15,0xFF,0x37,0x60,0x26,0xFF,
  0x3C,0x52,0x35,0xFF,0x3C,0x4F,0x30,0xFF,0x3E,0x76,0x2D,0xFF,
  0x37,0xA5,0x41,0xFF,0x3B,0x9E,0x44,0xFF,0x38,0x9D,0x46,0xFF,
  0x36,0x91,0x3C,0xFF,0x38,0x89,0x31,0xFF,0x33,0x89,0x35,0xFF,
  0x33,0x80,0x2C,0xFF,0x39,0x7C,0x20,0xFF,0x3C,0x82,0x1C,0xFF,
  0x43,0x83,0x1F,0xFF,0x3E,0x87,0x2C,0xFF,0x39,0x89,0x31,0xFF,
  0x40,0x85,0x31,0xFF,0x38,0x94,0x4B,0xFF,0x35,0x9F,0x53,0xFF,
  0x38,0x9B,0x54,0xFF,0x37,0x9A,0x53,0xFF,0x3B,0x96,0x49,0xFF,
  0x3F,0x96,0x49,0xFF,0x33,0xA9,0x67,0xFF,0x34,0xAA,0x69,0xFF,
  0x36,0xA4,0x62,0xFF,0x31,0xA3,0x62,0xFF,0x31,0xA4,0x66,0xFF,
  0x34,0xA4,0x67,0xFF,0x35,0xA8,0x66,0xFF,0x36,0xAF,0x6D,0xFF,
  0x3B,0x9B,0x4F,0xFF,0x3C,0x8F,0x33,0xFF,0x3B,0x99,0x30,0xFF,
  0x39,0x7D,0x28,0xF7,0x35,0x49,0x1E,0xD6,0x38,0x45,0x26,0xFF,
  0x3A,0x44,0x2D,0xFE,0x3E,0x3C,0x33,0xFF,0x35,0x69,0x2A,0xFF,
  0x36,0x7C,0x19,0xFF,0x36,0x75,0x1F,0xFF,0x31,0x72,0x21,0xFF,
  0x37,0x6F,0x1D,0xFF,0x3B,0x73,0x1D,0xFF,0x3A,0x76,0x1D,0xFF,
  0x3B,0x7A,0x1F,0xFF,0x41,0x7B,0x23,0xFF,0x38,0x89,0x31,0xFF,
  0x38,0x95,0x37,0xFF,0x3B,0x9C,0x40,0xFF,0x40,0x9E,0x4B,0xFF,
  0x3B,0xAB,0x5D,0xFF,0x39,0xB0,0x68,0xFF,0x37,0xB3,0x75,0xFF,
  0x37,0xAE,0x6F,0xFF,0x35,0xAE,0x71,0xFF,0x40,0x8A,0x3E,0xFF,
  0x45,0x78,0x22,0xFF,0x43,0x77,0x28,0xFF,0x45,0x5A,0x19,0xFF,
  0x45,0x4C,0x11,0xFF,0x44,0x59,0x18,0xFF,0x43,0x6A,0x11,0xFF,
  0x3A,0x7A,0x23,0xFF,0x32,0x83,0x30,0xFF,0x33,0x82,0x32,0xFF,
  0x35,0x82,0x34,0xFF,0x36,0x85,0x37,0xFE,0x33,0x78,0x26,0xFF,
  0x37,0x4A,0x0B,0xF7,0x36,0x39,0x26,0xE6,0x36,0x44,0x27,0xE8,
  0x34,0x81,0x28,0xFF,0x37,0x91,0x31,0xFF,0x3D,0x8F,0x36,0xFF,
  0x40,0x8D,0x33,0xFF,0x3D,0x92,0x38,0xFF,0x3E,0x90,0x37,0xFF,
  0x38,0x91,0x41,0xFF,0x36,0x94,0x4B,0xFF,0x36,0x96,0x4D,0xFF,
  0x35,0xA0,0x52,0xFF,0x35,0xAB,0x61,0xFF,0x35,0xAF,0x65,0xFF,
  0x36,0xB2,0x68,0xFF,0x37,0xAB,0x60,0xFF,0x38,0x90,0x3B,0xFF,
  0x37,0x89,0x32,0xFF,0x33,0x78,0x30,0xFF,0x30,0x6D,0x29,0xFF,
  0x2F,0x78,0x2D,0xFF,0x37,0x7B,0x2C,0xFF,0x36,0x78,0x30,0xFF,
  0x2A,0x58,0x30,0xFF,0x28,0x3F,0x23,0xED,0x3A,0x69,0x1F,0xFA,
  0x41,0x75,0x1F,0xFF,0x39,0x69,0x1D,0xFE,0x3F,0x57,0x11,0xFF,
  0x40,0x48,0x0D,0xFF,0x38,0x48,0x0D,0xFF,0x2F,0x47,0x12,0xB7,
  0x31,0x2A,0x00,0x48,0x23,0x23,0x00,0x33,0x2D,0x2D,0x00,0x2D,
  0x33,0x19,0x23,0x81,0x36,0x18,0x22,0xDB,0x37,0x20,0x21,0xCC,
  0x38,0x24,0x18,0xB0,0x40,0x66,0x0F,0xF8,0x41,0x83,0x10,0xFE,
  0x42,0x79,0x0E,0xFF,0x40,0x75,0x12,0xFF,0x3C,0x73,0x13,0xFF,
  0x3D,0x6F,0x0F,0xFF,0x3D,0x6D,0x08,0xFF,0x35,0x73,0x1C,0xFF,
  0x34,0x70,0x1A,0xFF,0x34,0x6F,0x1A,0xFD,0x3A,0x70,0x19,0xFF,
  0x2B,0x3E,0x12,0xA4,0x2D,0x1D,0x1D,0xB7,0x37,0x1C,0x22,0xFD,
  0x34,0x2B,0x1C,0xEC,0x3F,0x55,0x05,0xFC,0x48,0x55,0x0B,0xFF,
  0x4D,0x52,0x10,0xFF,0x49,0x5F,0x0D,0xFF,0x3D,0x85,0x12,0xFF,
  0x41,0x82,0x0F,0xFF,0x48,0x7C,0x09,0xFF,0x43,0x8F,0x28,0xFF,
  0x39,0xA9,0x5A,0xFF,0x3F,0x9C,0x4D,0xFF,0x3E,0xA6,0x5E,0xFF,
  0x35,0xB1,0x7F,0xFF,0x36,0xAF,0x7C,0xFF,0x36,0xAE,0x7E,0xFF,
  0x3A,0xA4,0x68,0xFF,0x33,0xAA,0x6E,0xFF,0x36,0xAA,0x69,0xFF,
  0x39,0x99,0x4B,0xFF,0x38,0x9F,0x4D,0xFF,0x3C,0xA3,0x51,0xFF,
  0x35,0xCE,0x9C,0xFF,0x32,0xD5,0xAD,0xFF,0x34,0xD2,0xA8,0xFF,
  0x32,0xD6,0xAC,0xFF,0x32,0xD3,0xAB,0xFF,0x2E,0xCF,0xAA,0xFF,
  0x33,0xC5,0x97,0xFF,0x37,0xAD,0x6E,0xFF,0x34,0xB1,0x78,0xFF,
  0x35,0xAF,0x77,0xFF,0x44,0x7F,0x22,0xFF,0x3F,0x72,0x06,0xFF,
  0x45,0x74,0x05,0xFF,0x3F,0x8B,0x2A,0xFF,0x37,0xA5,0x4F,0xFF,
  0x3E,0x9D,0x46,0xFF,0x40,0xA3,0x55,0xFF,0x34,0xB6,0x7E,0xFF,
  0x34,0xB5,0x79,0xFF,0x32,0xB6,0x73,0xFF,0x3C,0xA5,0x4F,0xFF,
  0x37,0xA5,0x51,0xFF,0x3B,0xAB,0x56,0xFF,0x48,0x5F,0x10,0xFF,
  0x46,0x44,0x00,0xFF,0x49,0x41,0x00,0xFF,0x42,0x71,0x1C,0xFF,
  0x39,0xA3,0x3A,0xFF,0x3E,0x97,0x35,0xFF,0x39,0x8A,0x31,0xFF,
  0x39,0x37,0x05,0xEB,0x38,0x31,0x02,0xE2,0x35,0x37,0x0B,0xC5,
  0x39,0x40,0x0F,0xBB,0x34,0x70,0x0F,0xFF,0x37,0x76,0x0E,0xFF,
  0x38,0x74,0x14,0xFF,0x37,0x74,0x16,0xFF,0x38,0x74,0x18,0xFF,
  0x38,0x7A,0x1C,0xFF,0x40,0x50,0x04,0xFF,0x45,0x3D,0x00,0xFF,
  0x41,0x4B,0x00,0xFF,0x3E,0x73,0x08,0xFF,0x3F,0x72,0x07,0xFF,
  0x3D,0x6F,0x09,0xFF,0x3B,0x6E,0x0E,0xFF,0x3D,0x6B,0x13,0xFF,
  0x3E,0x37,0x14,0xF7,0x37,0x1F,0x1F,0xF5,0x39,0x2E,0x20,0xFE,
  0x41,0x66,0x0D,0xFF,0x43,0x6E,0x07,0xFF,0x4B,0x67,0x05,0xFF,
  0x40,0x7C,0x1A,0xFF,0x39,0x8D,0x33,0xFF,0x3F,0x86,0x2D,0xFF,
  0x3A,0x90,0x3B,0xFF,0x3B,0x95,0x40,0xFF,0x43,0x91,0x3C,0xFF,
  0x3A,0xAD,0x6B,0xFF,0x30,0xC0,0x8E,0xFF,0x32,0xBD,0x8A,0xFF,
  0x32,0xC0,0x8D,0xFF,0x32,0xC0,0x90,0xFF,0x33,0xC3,0x91,0xFF,
  0x34,0xCA,0x9B,0xFF,0x3C,0xB7,0x7C,0xFF,0x3A,0x9F,0x56,0xFF,
  0x34,0xA4,0x5D,0xFF,0x35,0x97,0x45,0xFF,0x38,0x7C,0x15,0xFF,
  0x34,0x7B,0x1C,0xFF,0x33,0x73,0x1A,0xFF,0x3C,0x64,0x06,0xFF,
  0x37,0x67,0x09,0xFF,0x35,0x6A,0x0E,0xFF,0x39,0x6F,0x10,0xFF,
  0x3D,0x74,0x0F,0xFF,0x41,0x7A,0x11,0xFF,0x40,0x69,0x0D,0xFF,
  0x40,0x58,0x04,0xFF,0x3E,0x5A,0x02,0xFF,0x3D,0x57,0x02,0xFF,
  0x3C,0x53,0x03,0xFF,0x3B,0x4E,0x04,0xFE,0x3C,0x4E,0x01,0xFE,
  0x33,0x36,0x12,0xE8,0x2D,0x1B,0x24,0xF5,0x2F,0x1E,0x24,0xFF,
  0x2F,0x20,0x22,0xFC,0x29,0x20,0x1F,0xF1,0x2D,0x3F,0x10,0xEC,
  0x38,0x61,0x09,0xFF,0x3F,0x64,0x0B,0xFE,0x39,0x3F,0x26,0xFF,
  0x38,0x2A,0x38,0xFF,0x39,0x2C,0x2E,0xFF,0x3F,0x5F,0x1E,0xFF,
  0x39,0x8E,0x1E,0xFF,0x3C,0x87,0x21,0xFF,0x3B,0x85,0x23,0xFF,
  0x3B,0x7F,0x1F,0xFF,0x3A,0x7C,0x1E,0xFF,0x34,0x7B,0x21,0xFF,
  0x36,0x6D,0x16,0xFF,0x3C,0x65,0x0A,0xFF,0x41,0x6C,0x07,0xFF,
  0x48,0x6D,0x04,0xFF,0x46,0x6C,0x05,0xFF,0x43,0x6D,0x0A,0xFF,
  0x49,0x64,0x08,0xFF,0x3C,0x7E,0x2C,0xFF,0x37,0x91,0x3D,0xFF,
  0x3D,0x8A,0x3B,0xFF,0x3E,0x8A,0x3B,0xFF,0x43,0x86,0x36,0xFF,
  0x47,0x86,0x35,0xFF,0x36,0xA2,0x5E,0xFF,0x34,0xA4,0x63,0xFF,
  0x38,0x9E,0x5B,0xFF,0x35,0x98,0x52,0xFF,0x34,0x96,0x54,0xFF,
  0x35,0x96,0x54,0xFF,0x36,0x99,0x52,0xFF,0x36,0x9F,0x56,0xFF,
  0x3F,0x8B,0x36,0xFF,0x42,0x7C,0x1A,0xFF,0x42,0x84,0x12,0xFF,
  0x41,0x67,0x0B,0xF4,0x36,0x24,0x1B,0xC9,0x39,0x22,0x27,0xFF,
  0x38,0x21,0x2B,0xFE,0x3C,0x18,0x2E,0xFF,0x37,0x5A,0x29,0xFF,
  0x37,0x7E,0x17,0xFF,0x3A,0x68,0x0F,0xFF,0x39,0x56,0x06,0xFF,
  0x3C,0x55,0x02,0xFF,0x3F,0x58,0x01,0xFF,0x3F,0x5D,0x01,0xFF,
  0x40,0x62,0x05,0xFF,0x45,0x64,0x07,0xFF,0x3A,0x73,0x11,0xFF,
  0x39,0x82,0x1A,0xFF,0x3E,0x85,0x21,0xFF,0x42,0x87,0x2D,0xFF,
  0x3C,0x9D,0x4A,0xFF,0x3A,0xA2,0x54,0xFF,0x3A,0xA0,0x59,0xFF,
  0x39,0x97,0x51,0xFF,0x37,0x91,0x4B,0xFF,0x4A,0x71,0x21,0xFF,
  0x51,0x5F,0x06,0xFF,0x4F,0x5B,0x04,0xFF,0x4F,0x42,0x00,0xFF,
  0x4E,0x37,0x01,0xFF,0x4B,0x44,0x07,0xFF,0x45,0x60,0x07,0xFF,
  0x3E,0x6A,0x0E,0xFF,0x37,0x6E,0x14,0xFF,0x36,0x6D,0x16,0xFF,
  0x38,0x6C,0x19,0xFF,0x3A,0x6C,0x19,0xFE,0x39,0x60,0x10,0xFC,
  0x3B,0x36,0x0C,0xDB,0x38,0x25,0x22,0xEA,0x3B,0x25,0x1C,0xE5,
  0x36,0x64,0x14,0xFB,0x37,0x7C,0x15,0xFF,0x3E,0x79,0x1A,0xFF,
  0x41,0x7B,0x18,0xFF,0x3D,0x82,0x1F,0xFF,0x3F,0x81,0x1E,0xFF,
  0x3D,0x7D,0x1D,0xFF,0x3A,0x7C,0x25,0xFF,0x3B,0x7F,0x28,0xFF,
  0x39,0x88,0x2F,0xFF,0x36,0x91,0x3C,0xFF,0x37,0x95,0x42,0xFF,
  0x39,0x97,0x45,0xFF,0x37,0x92,0x40,0xFF,0x3A,0x86,0x2E,0xFF,
  0x38,0x78,0x1D,0xFF,0x35,0x56,0x0A,0xFF,0x33,0x4A,0x03,0xFF,
  0x36,0x57,0x02,0xFF,0x3D,0x70,0x1C,0xFF,0x38,0x70,0x3B,0xFF,
  0x2B,0x38,0x33,0xFF,0x2A,0x1E,0x1E,0xEF,0x40,0x5A,0x13,0xFA,
  0x45,0x69,0x0D,0xFE,0x43,0x56,0x09,0xFE,0x45,0x45,0x0A,0xF2,
  0x3E,0x2A,0x00,0xA3,0x3A,0x2B,0x00,0x9D,0x31,0x31,0x08,0x57,
  0x55,0x00,0x00,0x03,0x00,0x00,0x00,0x04,0x00,0x00,0x00,0x02,
  0x3A,0x13,0x25,0xAB,0x3C,0x16,0x25,0xFD,0x3A,0x1B,0x23,0xE1,
  0x3F,0x1E,0x20,0xA5,0x43,0x69,0x11,0xED,0x42,0x83,0x0E,0xFF,
  0x42,0x78,0x0D,0xFE,0x42,0x73,0x0D,0xFF,0x40,0x6D,0x0C,0xFF,
  0x40,0x68,0x08,0xFF,0x3C,0x68,0x06,0xFF,0x37,0x74,0x1F,0xFF,
  0x39,0x72,0x1F,0xFF,0x39,0x6F,0x1D,0xFD,0x3B,0x73,0x1D,0xFF,
  0x29,0x3C,0x1E,0x8C,0x33,0x12,0x20,0xD7,0x3A,0x11,0x21,0xFF,
  0x3C,0x20,0x21,0xCE,0x47,0x52,0x07,0xF6,0x4D,0x4C,0x08,0xFF,
  0x4F,0x46,0x0D,0xFF,0x49,0x5A,0x0C,0xFF,0x41,0x85,0x0D,0xFF,
  0x45,0x7E,0x0A,0xFF,0x47,0x75,0x05,0xFF,0x41,0x8B,0x2A,0xFF,
  0x3A,0xA7,0x5C,0xFF,0x3C,0x9B,0x50,0xFF,0x3C,0xA8,0x65,0xFF,
  0x37,0xB2,0x7E,0xFF,0x36,0xAE,0x79,0xFF,0x36,0xAD,0x7B,0xFF,
  0x3A,0xA8,0x6C,0xFF,0x33,0xAC,0x6F,0xFF,0x36,0xAA,0x68,0xFF,
  0x3E,0x95,0x43,0xFF,0x3C,0x98,0x44,0xFF,0x3E,0x9E,0x46,0xFF,
  0x35,0xCE,0x9A,0xFF,0x32,0xD4,0xAD,0xFF,0x35,0xD1,0xA6,0xFF,
  0x33,0xD1,0xA8,0xFF,0x32,0xCE,0xA7,0xFF,0x2D,0xCD,0xAA,0xFF,
  0x31,0xC4,0x98,0xFF,0x39,0xAD,0x6F,0xFF,0x33,0xAC,0x73,0xFF,
  0x32,0xAF,0x77,0xFF,0x43,0x7E,0x25,0xFF,0x40,0x6F,0x0C,0xFF,
  0x43,0x6F,0x0E,0xFF,0x40,0x85,0x2A,0xFF,0x39,0x9F,0x4D,0xFF,
  0x3E,0x98,0x45,0xFF,0x3E,0xA2,0x58,0xFF,0x34,0xB4,0x80,0xFF,
  0x32,0xB3,0x7B,0xFF,0x31,0xB6,0x74,0xFF,0x3E,0xA3,0x50,0xFF,
  0x37,0xA3,0x51,0xFF,0x39,0xA7,0x55,0xFF,0x4C,0x5C,0x15,0xFF,
  0x4E,0x45,0x02,0xFF,0x51,0x40,0x00,0xFF,0x46,0x6F,0x1F,0xFF,
  0x3B,0xA4,0x38,0xFF,0x3E,0x95,0x32,0xFF,0x39,0x8B,0x2F,0xFF,
  0x3F,0x42,0x0E,0xCE,0x3F,0x37,0x0F,0xB9,0x37,0x41,0x1A,0x69,
  0x41,0x5B,0x24,0x46,0x38,0x6F,0x12,0xFF,0x37,0x72,0x0E,0xFE,
  0x39,0x70,0x11,0xFF,0x38,0x72,0x13,0xFF,0x37,0x71,0x14,0xFF,
  0x37,0x78,0x18,0xFF,0x46,0x4F,0x06,0xFF,0x4B,0x3F,0x00,0xFF,
  0x43,0x4B,0x03,0xFF,0x3C,0x73,0x0C,0xFF,0x3D,0x74,0x0B,0xFF,
  0x40,0x70,0x0F,0xFF,0x3D,0x6C,0x13,0xFE,0x3D,0x6D,0x19,0xFF,
  0x3E,0x37,0x22,0xEE,0x38,0x1C,0x28,0xFA,0x3C,0x28,0x25,0xFF,
  0x45,0x63,0x11,0xFF,0x46,0x6C,0x09,0xFF,0x49,0x66,0x07,0xFF,
  0x43,0x7C,0x18,0xFF,0x3E,0x87,0x25,0xFF,0x45,0x7B,0x1B,0xFF,
  0x3F,0x8A,0x2C,0xFF,0x3C,0x8F,0x35,0xFF,0x43,0x88,0x30,0xFF,
  0x39,0xAA,0x67,0xFF,0x2F,0xC0,0x8F,0xFF,0x33,0xBD,0x8A,0xFF,
  0x33,0xBF,0x8E,0xFF,0x35,0xC2,0x91,0xFF,0x36,0xC5,0x93,0xFF,
  0x34,0xCD,0x9C,0xFF,0x3C,0xB9,0x7B,0xFF,0x3A,0xA0,0x54,0xFF,
  0x33,0xA4,0x5A,0xFF,0x37,0x97,0x44,0xFF,0x3A,0x7D,0x14,0xFF,
  0x37,0x7C,0x19,0xFF,0x35,0x71,0x14,0xFF,0x3B,0x65,0x09,0xFF,
  0x38,0x68,0x0D,0xFF,0x36,0x68,0x0D,0xFF,0x3A,0x6C,0x0B,0xFF,
  0x3E,0x70,0x09,0xFF,0x41,0x75,0x08,0xFF,0x42,0x66,0x09,0xFF,
  0x45,0x5A,0x09,0xFF,0x43,0x5E,0x07,0xFF,0x42,0x59,0x05,0xFF,
  0x40,0x55,0x06,0xFF,0x3E,0x4E,0x08,0xFF,0x3E,0x4B,0x06,0xFD,
  0x37,0x2E,0x1F,0xE6,0x2E,0x14,0x2C,0xFE,0x2E,0x17,0x28,0xFE,
  0x30,0x19,0x25,0xFF,0x29,0x15,0x25,0xE1,0x2D,0x38,0x12,0xCE,
  0x3B,0x5E,0x08,0xFF,0x40,0x60,0x0B,0xFD,0x3F,0x37,0x2C,0xFF,
  0x3A,0x1F,0x3E,0xFF,0x3B,0x24,0x34,0xFF,0x42,0x5C,0x20,0xFF,
  0x3D,0x89,0x14,0xFF,0x3F,0x80,0x14,0xFF,0x3E,0x7F,0x16,0xFF,
  0x3E,0x7D,0x17,0xFF,0x3A,0x79,0x16,0xFF,0x35,0x77,0x17,0xFF,
  0x38,0x67,0x0F,0xFF,0x3F,0x5F,0x07,0xFF,0x44,0x67,0x07,0xFF,
  0x46,0x69,0x03,0xFF,0x48,0x68,0x04,0xFF,0x4A,0x67,0x07,0xFF,
  0x4D,0x5B,0x02,0xFF,0x3E,0x7A,0x24,0xFF,0x38,0x8F,0x38,0xFF,
  0x3F,0x85,0x32,0xFF,0x41,0x85,0x32,0xFF,0x45,0x85,0x35,0xFF,
  0x47,0x86,0x35,0xFF,0x38,0xA0,0x5A,0xFF,0x35,0xA2,0x60,0xFF,
  0x38,0x9D,0x5C,0xFF,0x38,0x9C,0x5A,0xFF,0x38,0x99,0x5A,0xFF,
  0x37,0x99,0x59,0xFF,0x36,0x9B,0x57,0xFF,0x34,0xA0,0x5A,0xFF,
  0x3F,0x92,0x41,0xFF,0x46,0x81,0x24,0xFF,0x43,0x85,0x19,0xFF,
  0x45,0x6A,0x13,0xF7,0x37,0x22,0x26,0xDB,0x3A,0x20,0x2F,0xFF,
  0x37,0x1E,0x30,0xFE,0x3C,0x15,0x33,0xFF,0x39,0x58,0x2C,0xFF,
  0x36,0x7D,0x16,0xFF,0x3C,0x69,0x11,0xFF,0x3E,0x55,0x07,0xFF,
  0x3F,0x53,0x04,0xFF,0x3F,0x57,0x04,0xFF,0x40,0x5C,0x04,0xFF,
  0x42,0x61,0x08,0xFF,0x43,0x62,0x0A,0xFF,0x3B,0x79,0x1B,0xFF,
  0x3C,0x8B,0x29,0xFF,0x3F,0x89,0x2C,0xFF,0x3F,0x8B,0x37,0xFF,
  0x37,0xA3,0x56,0xFF,0x37,0xA3,0x58,0xFF,0x3B,0x9C,0x54,0xFF,
  0x3B,0x91,0x47,0xFF,0x38,0x83,0x3B,0xFF,0x4D,0x6F,0x24,0xFF,
  0x55,0x61,0x0F,0xFF,0x51,0x59,0x07,0xFF,0x50,0x47,0x07,0xFF,
  0x4F,0x3F,0x0C,0xFF,0x4A,0x47,0x0D,0xFF,0x40,0x62,0x0A,0xFF,
  0x3E,0x67,0x0D,0xFF,0x3C,0x69,0x0E,0xFF,0x3A,0x66,0x0D,0xFF,
  0x3A,0x64,0x0E,0xFF,0x3A,0x61,0x0F,0xFF,0x38,0x56,0x0B,0xF8,
  0x3E,0x35,0x15,0xBD,0x3D,0x29,0x28,0xFE,0x40,0x29,0x26,0xF2,
  0x39,0x5E,0x14,0xF5,0x37,0x75,0x08,0xFF,0x3D,0x71,0x0B,0xFF,
  0x40,0x76,0x0B,0xFF,0x3E,0x7F,0x14,0xFF,0x3D,0x7F,0x16,0xFF,
  0x3F,0x7E,0x1A,0xFF,0x3D,0x7D,0x21,0xFF,0x3C,0x7E,0x23,0xFF,
  0x3A,0x83,0x28,0xFF,0x37,0x86,0x2E,0xFF,0x3A,0x89,0x34,0xFF,
  0x3B,0x8A,0x35,0xFF,0x38,0x87,0x35,0xFF,0x38,0x82,0x2E,0xFF,
  0x36,0x77,0x21,0xFF,0x3A,0x54,0x0D,0xFF,0x3B,0x49,0x08,0xFF,
  0x40,0x5A,0x07,0xFF,0x43,0x71,0x1C,0xFF,0x37,0x65,0x46,0xFF,
  0x2D,0x2C,0x44,0xFF,0x30,0x20,0x2E,0xFE,0x43,0x5B,0x16,0xFF,
  0x45,0x67,0x0A,0xFD,0x48,0x5B,0x0D,0xFF,0x43,0x46,0x11,0xDA,
  0x33,0x19,0x00,0x0A,0x33,0x19,0x00,0x0A,0x3F,0x3F,0x00,0x04,
  0x00,0x00,0x01,0x00,0x00,0x00,0x00,0x00,0x00,0x00,0x00,0x00,
  0x37,0x16,0x27,0xAA,0x3E,0x19,0x26,0xFF,0x3A,0x1E,0x22,0xED,
  0x3E,0x21,0x23,0xBD,0x44,0x69,0x12,0xF0,0x42,0x83,0x0D,0xFF,
  0x41,0x79,0x0E,0xFE,0x41,0x74,0x0D,0xFF,0x40,0x6E,0x0C,0xFF,
  0x3E,0x69,0x08,0xFF,0x39,0x68,0x08,0xFF,0x36,0x75,0x21,0xFF,
  0x38,0x76,0x22,0xFF,0x38,0x72,0x1F,0xFD,0x37,0x77,0x20,0xFF,
  0x29,0x3D,0x27,0x8E,0x37,0x15,0x22,0xEF,0x3D,0x14,0x23,0xFF,
  0x41,0x22,0x22,0xD5,0x49,0x53,0x08,0xF7,0x4E,0x4C,0x0A,0xFF,
  0x50,0x46,0x0F,0xFF,0x47,0x59,0x0F,0xFF,0x3F,0x84,0x11,0xFF,
  0x42,0x7E,0x0E,0xFF,0x43,0x76,0x08,0xFF,0x3D,0x8B,0x2E,0xFF,
  0x38,0xA6,0x5C,0xFF,0x39,0x9B,0x50,0xFF,0x3A,0xA8,0x67,0xFF,
  0x37,0xB3,0x7D,0xFF,0x35,0xAF,0x78,0xFF,0x35,0xAF,0x7A,0xFF,
  0x38,0xAA,0x6C,0xFF,0x32,0xAE,0x6F,0xFF,0x33,0xAC,0x68,0xFF,
  0x3D,0x97,0x46,0xFF,0x3C,0x9B,0x46,0xFF,0x3D,0xA1,0x49,0xFF,
  0x34,0xCE,0x9A,0xFF,0x32,0xD4,0xAD,0xFF,0x36,0xD0,0xA5,0xFF,
  0x34,0xCF,0xA5,0xFF,0x31,0xCC,0xA3,0xFF,0x2D,0xCD,0xA6,0xFF,
  0x31,0xC5,0x97,0xFF,0x38,0xAE,0x6F,0xFF,0x32,0xAC,0x72,0xFF,
  0x2E,0xAF,0x78,0xFF,0x3F,0x81,0x2A,0xFF,0x3E,0x70,0x13,0xFF,
  0x3E,0x6F,0x16,0xFF,0x3D,0x84,0x2E,0xFF,0x39,0x9D,0x4D,0xFF,
  0x3C,0x97,0x45,0xFF,0x3B,0xA1,0x5A,0xFF,0x32,0xB2,0x80,0xFF,
  0x2F,0xB2,0x7A,0xFF,0x2E,0xB6,0x74,0xFF,0x3D,0xA4,0x50,0xFF,
  0x36,0xA3,0x50,0xFF,0x35,0xA6,0x56,0xFF,0x49,0x60,0x19,0xFF,
  0x50,0x4A,0x08,0xFF,0x50,0x45,0x06,0xFF,0x43,0x71,0x23,0xFF,
  0x39,0xA7,0x3A,0xFF,0x3B,0x98,0x31,0xFF,0x35,0x90,0x30,0xFF,
  0x3A,0x45,0x12,0xE2,0x3D,0x38,0x14,0xD4,0x36,0x41,0x20,0x84,
  0x3B,0x55,0x32,0x51,0x37,0x6F,0x16,0xFF,0x36,0x72,0x10,0xFE,
  0x37,0x71,0x12,0xFF,0x36,0x74,0x14,0xFF,0x36,0x72,0x14,0xFF,
  0x34,0x7C,0x18,0xFF,0x44,0x55,0x0A,0xFF,0x4B,0x43,0x02,0xFF,
  0x43,0x4C,0x06,0xFF,0x3B,0x72,0x0D,0xFF,0x3A,0x74,0x0D,0xFF,
  0x3D,0x70,0x11,0xFF,0x3B,0x6B,0x14,0xFE,0x39,0x6F,0x1B,0xFF,
  0x39,0x37,0x25,0xF4,0x37,0x1F,0x2A,0xFE,0x3C,0x28,0x27,0xFF,
  0x45,0x62,0x12,0xFF,0x45,0x6D,0x0A,0xFF,0x47,0x67,0x08,0xFF,
  0x41,0x7D,0x1B,0xFF,0x3C,0x88,0x27,0xFF,0x41,0x7D,0x1D,0xFF,
  0x3E,0x8C,0x2D,0xFF,0x3B,0x91,0x37,0xFF,0x3E,0x89,0x31,0xFF,
  0x36,0xAA,0x68,0xFF,0x30,0xC1,0x8F,0xFF,0x33,0xBE,0x8B,0xFF,
  0x34,0xC0,0x8F,0xFF,0x36,0xC4,0x92,0xFF,0x37,0xC7,0x94,0xFF,
  0x33,0xCF,0x9D,0xFF,0x3A,0xBC,0x7D,0xFF,0x39,0xA2,0x55,0xFF,
  0x32,0xA7,0x5B,0xFF,0x35,0x9C,0x47,0xFF,0x38,0x81,0x18,0xFF,
  0x36,0x7F,0x1B,0xFF,0x34,0x77,0x18,0xFF,0x39,0x69,0x0C,0xFF,
  0x37,0x6A,0x0F,0xFF,0x36,0x69,0x0D,0xFF,0x39,0x6D,0x0B,0xFF,
  0x3D,0x71,0x08,0xFF,0x40,0x75,0x08,0xFF,0x40,0x68,0x0A,0xFF,
  0x43,0x5D,0x0C,0xFF,0x42,0x62,0x0A,0xFF,0x42,0x5E,0x08,0xFF,
  0x40,0x5A,0x09,0xFF,0x3D,0x52,0x0B,0xFF,0x3C,0x4F,0x0A,0xFE,
  0x36,0x2F,0x22,0xF3,0x2E,0x16,0x2F,0xFF,0x2E,0x1A,0x28,0xFE,
  0x2E,0x1C,0x26,0xFF,0x2B,0x18,0x26,0xE5,0x2E,0x37,0x14,0xD4,
  0x3B,0x5D,0x09,0xFF,0x40,0x61,0x0B,0xFD,0x3F,0x3A,0x2B,0xFF,
  0x3A,0x1F,0x3E,0xFF,0x3C,0x25,0x35,0xFF,0x41,0x5D,0x24,0xFF,
  0x3D,0x8A,0x16,0xFF,0x3E,0x82,0x15,0xFF,0x3D,0x82,0x18,0xFF,
  0x3C,0x7F,0x19,0xFF,0x38,0x7B,0x18,0xFF,0x35,0x79,0x19,0xFF,
  0x36,0x69,0x11,0xFF,0x3E,0x60,0x08,0xFF,0x42,0x68,0x09,0xFF,
  0x44,0x6A,0x06,0xFF,0x46,0x69,0x07,0xFF,0x48,0x69,0x08,0xFF,
  0x49,0x5D,0x02,0xFF,0x3D,0x7E,0x25,0xFF,0x37,0x8F,0x37,0xFF,
  0x3D,0x87,0x32,0xFF,0x3F,0x87,0x32,0xFF,0x42,0x89,0x36,0xFF,
  0x43,0x8A,0x37,0xFF,0x37,0xA1,0x59,0xFF,0x35,0xA4,0x60,0xFF,
  0x36,0x9F,0x5D,0xFF,0x36,0x9E,0x5C,0xFF,0x36,0x9B,0x5C,0xFF,
  0x34,0x9B,0x5A,0xFF,0x34,0x9C,0x58,0xFF,0x32,0xA1,0x5C,0xFF,
  0x3C,0x96,0x45,0xFF,0x44,0x84,0x26,0xFF,0x40,0x88,0x1B,0xFF,
  0x41,0x6C,0x17,0xFB,0x35,0x23,0x28,0xF1,0x39,0x22,0x30,0xFF,
  0x36,0x22,0x30,0xFF,0x3C,0x18,0x36,0xFF,0x3A,0x57,0x2D,0xFF,
  0x36,0x7B,0x18,0xFF,0x3A,0x6B,0x16,0xFF,0x3D,0x59,0x0C,0xFF,
  0x3D,0x56,0x09,0xFF,0x3D,0x5A,0x09,0xFF,0x3E,0x61,0x09,0xFF,
  0x41,0x67,0x0D,0xFF,0x41,0x65,0x0E,0xFF,0x3A,0x7F,0x23,0xFF,
  0x3A,0x92,0x32,0xFF,0x3C,0x8D,0x30,0xFF,0x3B,0x8E,0x39,0xFF,
  0x35,0xA7,0x59,0xFF,0x34,0xA6,0x59,0xFF,0x3A,0x9F,0x55,0xFF,
  0x3A,0x94,0x47,0xFF,0x36,0x85,0x39,0xFF,0x49,0x76,0x29,0xFF,
  0x51,0x63,0x11,0xFF,0x4E,0x59,0x09,0xFF,0x4D,0x4C,0x09,0xFF,
  0x4D,0x45,0x0F,0xFF,0x48,0x4C,0x0F,0xFF,0x3E,0x64,0x0B,0xFF,
  0x3D,0x68,0x10,0xFF,0x3B,0x6A,0x11,0xFF,0x39,0x69,0x0F,0xFF,
  0x39,0x66,0x10,0xFF,0x38,0x62,0x11,0xFF,0x35,0x58,0x0E,0xFA,
  0x39,0x37,0x16,0xBE,0x3B,0x2C,0x27,0xFC,0x3F,0x29,0x28,0xF9,
  0x39,0x5B,0x16,0xF9,0x37,0x76,0x07,0xFF,0x3C,0x73,0x09,0xFF,
  0x3E,0x79,0x0C,0xFF,0x3E,0x83,0x17,0xFF,0x3C,0x83,0x19,0xFF,
  0x3C,0x84,0x1F,0xFF,0x3B,0x84,0x27,0xFF,0x39,0x83,0x28,0xFF,
  0x37,0x85,0x2A,0xFF,0x37,0x87,0x2E,0xFF,0x3A,0x89,0x33,0xFF,
  0x3B,0x88,0x34,0xFF,0x38,0x86,0x34,0xFF,0x35,0x7F,0x2D,0xFF,
  0x33,0x79,0x26,0xFF,0x39,0x59,0x13,0xFF,0x3C,0x4D,0x0D,0xFF,
  0x44,0x62,0x0C,0xFF,0x43,0x73,0x1D,0xFF,0x36,0x61,0x4F,0xFF,
  0x2C,0x26,0x4D,0xFF,0x33,0x25,0x37,0xFF,0x44,0x5F,0x17,0xFF,
  0x44,0x67,0x09,0xFD,0x46,0x60,0x10,0xFF,0x3B,0x47,0x16,0xD5,
  0x00,0x00,0x00,0x00,0x00,0x00,0x00,0x00,0x00,0x00,0x00,0x00,
  0x00,0x7F,0x00,0x02,0x00,0x33,0x00,0x05,0x00,0x7F,0x00,0x02,
  0x32,0x1A,0x27,0x93,0x3A,0x1C,0x24,0xFF,0x37,0x21,0x20,0xF3,
  0x3A,0x25,0x20,0xDF,0x43,0x66,0x11,0xFA,0x42,0x82,0x0D,0xFF,
  0x41,0x79,0x0F,0xFF,0x3F,0x75,0x0F,0xFF,0x3C,0x72,0x0E,0xFF,
  0x3A,0x6C,0x0A,0xFF,0x37,0x69,0x09,0xFF,0x34,0x75,0x20,0xFF,
  0x36,0x77,0x20,0xFF,0x36,0x73,0x1E,0xFE,0x33,0x78,0x20,0xFF,
  0x28,0x3B,0x26,0xA4,0x39,0x1A,0x21,0xFB,0x3F,0x1A,0x27,0xFF,
  0x42,0x27,0x23,0xED,0x48,0x54,0x09,0xFB,0x4D,0x4E,0x0D,0xFF,
  0x50,0x4A,0x13,0xFF,0x44,0x59,0x14,0xFF,0x3B,0x82,0x16,0xFF,
  0x3C,0x7E,0x12,0xFF,0x3D,0x78,0x0B,0xFF,0x38,0x8A,0x31,0xFF,
  0x35,0xA6,0x5B,0xFF,0x35,0x9C,0x4E,0xFF,0x38,0xA7,0x65,0xFF,
  0x36,0xB4,0x7C,0xFF,0x34,0xB1,0x78,0xFF,0x34,0xB2,0x78,0xFF,
  0x34,0xAB,0x6A,0xFF,0x31,0xAF,0x6C,0xFF,0x31,0xAE,0x67,0xFF,
  0x3A,0x9C,0x4B,0xFF,0x3B,0xA1,0x4C,0xFF,0x3A,0xA6,0x4F,0xFF,
  0x33,0xCE,0x9A,0xFF,0x32,0xD4,0xAC,0xFF,0x35,0xCF,0xA4,0xFF,
  0x33,0xCF,0xA4,0xFF,0x30,0xCD,0xA0,0xFF,0x2D,0xCD,0xA2,0xFF,
  0x31,0xC5,0x94,0xFF,0x35,0xAF,0x6E,0xFF,0x30,0xAE,0x71,0xFF,
  0x2B,0xAF,0x78,0xFF,0x3A,0x81,0x2B,0xFF,0x3A,0x70,0x13,0xFF,
  0x38,0x70,0x18,0xFF,0x39,0x84,0x30,0xFF,0x37,0x9D,0x4C,0xFF,
  0x39,0x98,0x45,0xFF,0x38,0x9F,0x57,0xFF,0x2E,0xB1,0x7C,0xFF,
  0x2D,0xB1,0x77,0xFF,0x2C,0xB5,0x73,0xFF,0x3B,0xA4,0x4F,0xFF,
  0x36,0xA3,0x4F,0xFF,0x33,0xA7,0x57,0xFF,0x43,0x64,0x1B,0xFF,
  0x4F,0x4E,0x06,0xFF,0x4B,0x48,0x08,0xFF,0x3E,0x71,0x26,0xFF,
  0x36,0xA8,0x39,0xFF,0x39,0x9A,0x30,0xFF,0x32,0x94,0x30,0xFF,
  0x36,0x44,0x12,0xFF,0x3B,0x37,0x13,0xFF,0x34,0x39,0x19,0xCF,
  0x34,0x43,0x27,0x93,0x35,0x6E,0x19,0xFF,0x35,0x73,0x13,0xFE,
  0x34,0x73,0x14,0xFF,0x33,0x76,0x15,0xFF,0x35,0x76,0x14,0xFF,
  0x30,0x82,0x19,0xFF,0x3F,0x5A,0x0B,0xFF,0x49,0x44,0x01,0xFF,
  0x42,0x4B,0x06,0xFF,0x3A,0x6F,0x0D,0xFF,0x38,0x70,0x0C,0xFF,
  0x38,0x6E,0x0F,0xFF,0x38,0x69,0x12,0xFF,0x35,0x6D,0x18,0xFF,
  0x35,0x36,0x23,0xFF,0x36,0x21,0x28,0xFF,0x3B,0x2A,0x27,0xFF,
  0x44,0x62,0x12,0xFF,0x44,0x6D,0x0A,0xFF,0x45,0x67,0x08,0xFF,
  0x3E,0x7D,0x1F,0xFF,0x37,0x8A,0x2D,0xFF,0x39,0x82,0x24,0xFF,
  0x39,0x90,0x33,0xFF,0x37,0x95,0x3C,0xFF,0x37,0x8E,0x35,0xFF,
  0x34,0xAB,0x69,0xFF,0x30,0xC1,0x8F,0xFF,0x33,0xBF,0x8B,0xFF,
  0x34,0xC2,0x8F,0xFF,0x36,0xC5,0x92,0xFF,0x36,0xC7,0x93,0xFF,
  0x33,0xD0,0x9C,0xFF,0x39,0xBE,0x7D,0xFF,0x37,0xA4,0x55,0xFF,
  0x31,0xAB,0x5B,0xFF,0x32,0x9F,0x4A,0xFF,0x36,0x82,0x1A,0xFF,
  0x33,0x80,0x1D,0xFF,0x30,0x7C,0x1D,0xFF,0x35,0x6B,0x0C,0xFF,
  0x35,0x6B,0x0E,0xFF,0x35,0x6B,0x0D,0xFF,0x38,0x6F,0x0B,0xFF,
  0x3C,0x72,0x09,0xFF,0x3F,0x77,0x0B,0xFF,0x3E,0x6A,0x0D,0xFF,
  0x3E,0x5E,0x0C,0xFF,0x40,0x63,0x0A,0xFF,0x41,0x60,0x09,0xFF,
  0x3F,0x5D,0x09,0xFF,0x3C,0x55,0x0B,0xFF,0x3B,0x54,0x0B,0xFF,
  0x34,0x33,0x23,0xFF,0x2C,0x1B,0x2D,0xFF,0x2E,0x20,0x27,0xFF,
  0x2C,0x21,0x26,0xFF,0x2B,0x1F,0x27,0xF5,0x2E,0x37,0x15,0xED,
  0x39,0x5C,0x09,0xFF,0x3F,0x63,0x0B,0xFE,0x3C,0x40,0x29,0xFF,
  0x39,0x26,0x3D,0xFF,0x3C,0x2A,0x35,0xFF,0x40,0x5E,0x25,0xFF,
  0x3D,0x8C,0x1B,0xFF,0x3D,0x87,0x1B,0xFF,0x3C,0x87,0x1D,0xFF,
  0x3A,0x82,0x1D,0xFF,0x37,0x7E,0x1C,0xFF,0x34,0x7E,0x1F,0xFF,
  0x34,0x6E,0x16,0xFF,0x3C,0x64,0x0A,0xFF,0x3F,0x6C,0x0B,0xFF,
  0x42,0x6C,0x09,0xFF,0x43,0x6A,0x0A,0xFF,0x42,0x6B,0x09,0xFF,
  0x43,0x60,0x05,0xFF,0x39,0x80,0x28,0xFF,0x35,0x90,0x37,0xFF,
  0x38,0x8B,0x33,0xFF,0x3A,0x8C,0x33,0xFF,0x3D,0x8E,0x35,0xFF,
  0x3E,0x8F,0x37,0xFF,0x36,0xA3,0x59,0xFF,0x34,0xA7,0x60,0xFF,
  0x33,0xA2,0x5C,0xFF,0x32,0x9E,0x5A,0xFF,0x32,0x9B,0x59,0xFF,
  0x30,0x9B,0x57,0xFF,0x32,0x9D,0x54,0xFF,0x30,0xA1,0x59,0xFF,
  0x39,0x95,0x43,0xFF,0x40,0x83,0x22,0xFF,0x3C,0x89,0x19,0xFF,
  0x3B,0x6B,0x16,0xFF,0x33,0x25,0x26,0xFF,0x37,0x24,0x2E,0xFF,
  0x35,0x24,0x2F,0xFF,0x3C,0x1B,0x36,0xFF,0x3A,0x57,0x2D,0xFF,
  0x37,0x79,0x19,0xFF,0x38,0x6C,0x1A,0xFF,0x38,0x5C,0x0F,0xFF,
  0x39,0x5A,0x0B,0xFF,0x3B,0x5F,0x0C,0xFF,0x3B,0x64,0x0B,0xFF,
  0x3E,0x6B,0x0E,0xFF,0x3F,0x67,0x0E,0xFF,0x38,0x80,0x24,0xFF,
  0x38,0x93,0x31,0xFF,0x37,0x8D,0x2D,0xFF,0x37,0x8D,0x34,0xFF,
  0x33,0xA5,0x53,0xFF,0x32,0xA6,0x57,0xFF,0x36,0xA2,0x56,0xFF,
  0x36,0x97,0x49,0xFF,0x32,0x8C,0x3E,0xFF,0x42,0x7A,0x29,0xFF,
  0x4B,0x64,0x0F,0xFF,0x49,0x59,0x07,0xFF,0x49,0x4D,0x08,0xFF,
  0x49,0x45,0x0D,0xFF,0x44,0x4E,0x0D,0xFF,0x3D,0x65,0x0B,0xFF,
  0x3C,0x6A,0x14,0xFF,0x39,0x6C,0x16,0xFF,0x37,0x6C,0x14,0xFF,
  0x38,0x6B,0x15,0xFF,0x36,0x68,0x16,0xFF,0x31,0x61,0x13,0xFF,
  0x34,0x39,0x15,0xCC,0x38,0x2D,0x23,0xF8,0x3D,0x2A,0x26,0xFF,
  0x39,0x58,0x19,0xFF,0x37,0x78,0x0B,0xFF,0x3B,0x77,0x0D,0xFF,
  0x3B,0x7E,0x11,0xFF,0x3C,0x89,0x1D,0xFF,0x3B,0x88,0x1E,0xFF,
  0x38,0x87,0x21,0xFF,0x37,0x87,0x2B,0xFF,0x35,0x86,0x2C,0xFF,
  0x33,0x87,0x2E,0xFF,0x34,0x89,0x32,0xFF,0x37,0x8B,0x35,0xFF,
  0x38,0x8A,0x36,0xFF,0x38,0x88,0x36,0xFF,0x33,0x7D,0x2C,0xFF,
  0x2E,0x7A,0x27,0xFF,0x35,0x5B,0x16,0xFF,0x3A,0x51,0x0E,0xFF,
  0x43,0x69,0x0F,0xFF,0x41,0x75,0x1E,0xFF,0x33,0x60,0x56,0xFF,
  0x2B,0x27,0x53,0xFF,0x32,0x29,0x3B,0xFF,0x43,0x61,0x16,0xFF,
  0x43,0x67,0x08,0xFD,0x41,0x60,0x0F,0xFF,0x34,0x47,0x15,0xDA,
  0x33,0x33,0x00,0x05,0x33,0x66,0x00,0x05,0x55,0x55,0x00,0x03,
  0x00,0x00,0x00,0x01,0x3F,0x00,0x00,0x04,0x00,0x00,0x00,0x01,
  0x30,0x1A,0x27,0x8E,0x3A,0x1D,0x25,0xFF,0x37,0x22,0x21,0xF7,
  0x39,0x27,0x1F,0xEB,0x43,0x64,0x11,0xFE,0x41,0x7F,0x0C,0xFF,
  0x41,0x77,0x0E,0xFF,0x3D,0x75,0x0F,0xFF,0x3A,0x71,0x0D,0xFF,
  0x37,0x6C,0x09,0xFF,0x36,0x67,0x09,0xFF,0x33,0x74,0x1F,0xFF,
  0x35,0x76,0x1F,0xFF,0x37,0x73,0x1E,0xFE,0x34,0x77,0x20,0xFF,
  0x2A,0x35,0x26,0xB9,0x3A,0x1B,0x22,0xFF,0x40,0x1A,0x29,0xFF,
  0x42,0x28,0x25,0xF7,0x48,0x52,0x09,0xFD,0x4C,0x4D,0x0E,0xFF,
  0x4E,0x48,0x14,0xFE,0x42,0x55,0x18,0xFE,0x3A,0x7E,0x18,0xFF,
  0x3A,0x7C,0x12,0xFF,0x3B,0x76,0x0C,0xFF,0x37,0x86,0x31,0xFF,
  0x34,0xA4,0x57,0xFF,0x33,0x9C,0x4D,0xFF,0x37,0xA7,0x63,0xFF,
  0x35,0xB6,0x79,0xFF,0x32,0xB3,0x77,0xFF,0x33,0xB3,0x75,0xFF,
  0x33,0xAD,0x68,0xFF,0x30,0xB1,0x69,0xFF,0x30,0xB0,0x64,0xFF,
  0x3A,0x9D,0x4C,0xFF,0x39,0xA3,0x4D,0xFF,0x38,0xA7,0x4E,0xFF,
  0x31,0xCC,0x98,0xFF,0x30,0xD4,0xAA,0xFF,0x32,0xCF,0xA2,0xFF,
  0x30,0xCF,0xA1,0xFF,0x2D,0xCD,0x9E,0xFF,0x2B,0xCC,0x9F,0xFF,
  0x30,0xC2,0x91,0xFF,0x34,0xAD,0x6B,0xFF,0x2D,0xAE,0x6F,0xFF,
  0x2B,0xAF,0x75,0xFF,0x3A,0x7E,0x2A,0xFF,0x37,0x6D,0x12,0xFF,
  0x36,0x6E,0x17,0xFF,0x37,0x82,0x30,0xFF,0x34,0x9C,0x48,0xFF,
  0x37,0x97,0x42,0xFF,0x36,0x9D,0x53,0xFF,0x2D,0xB0,0x78,0xFF,
  0x2B,0xB2,0x74,0xFF,0x2B,0xB5,0x73,0xFF,0x3A,0xA2,0x4D,0xFF,
  0x36,0xA2,0x4C,0xFF,0x33,0xA7,0x57,0xFF,0x42,0x64,0x1C,0xFF,
  0x4F,0x4F,0x05,0xFF,0x4B,0x46,0x09,0xFF,0x3E,0x70,0x28,0xFF,
  0x36,0xA6,0x37,0xFF,0x39,0x99,0x2F,0xFF,0x33,0x93,0x31,0xFF,
  0x36,0x45,0x15,0xFF,0x3D,0x39,0x15,0xFF,0x33,0x38,0x18,0xE2,
  0x30,0x40,0x28,0xA2,0x34,0x6D,0x1B,0xFF,0x34,0x73,0x14,0xFF,
  0x33,0x73,0x15,0xFF,0x32,0x76,0x14,0xFF,0x34,0x78,0x14,0xFF,
  0x2E,0x83,0x19,0xFF,0x3C,0x5C,0x0D,0xFF,0x48,0x44,0x01,0xFF,
  0x40,0x48,0x07,0xFE,0x39,0x6C,0x0D,0xFF,0x37,0x6C,0x0C,0xFF,
  0x37,0x69,0x0F,0xFF,0x37,0x65,0x11,0xFF,0x35,0x68,0x18,0xFF,
  0x34,0x35,0x25,0xFF,0x35,0x22,0x29,0xFF,0x39,0x2B,0x29,0xFF,
  0x43,0x61,0x13,0xFF,0x43,0x6C,0x0A,0xFF,0x45,0x67,0x09,0xFF,
  0x3D,0x7B,0x20,0xFF,0x34,0x89,0x2A,0xFF,0x37,0x81,0x22,0xFF,
  0x37,0x8F,0x31,0xFF,0x35,0x95,0x3A,0xFF,0x35,0x8E,0x32,0xFF,
  0x34,0xAA,0x66,0xFF,0x2F,0xBF,0x8D,0xFF,0x32,0xBE,0x89,0xFF,
  0x33,0xC2,0x8D,0xFF,0x35,0xC4,0x90,0xFF,0x35,0xC6,0x91,0xFF,
  0x33,0xCE,0x98,0xFF,0x39,0xBC,0x7B,0xFF,0x36,0xA4,0x54,0xFF,
  0x30,0xAB,0x58,0xFF,0x31,0x9E,0x49,0xFF,0x35,0x81,0x19,0xFF,
  0x32,0x80,0x1D,0xFF,0x2F,0x7C,0x1E,0xFF,0x34,0x6B,0x0D,0xFF,
  0x34,0x6B,0x0D,0xFF,0x35,0x6B,0x0D,0xFF,0x38,0x6E,0x0A,0xFF,
  0x3C,0x70,0x09,0xFF,0x3F,0x76,0x0B,0xFF,0x3C,0x69,0x0D,0xFF,
  0x3D,0x5D,0x0D,0xFF,0x3F,0x62,0x0B,0xFF,0x41,0x5F,0x0A,0xFF,
  0x40,0x5D,0x09,0xFF,0x3F,0x56,0x0B,0xFF,0x3E,0x55,0x0C,0xFF,
  0x33,0x34,0x26,0xFF,0x2B,0x1D,0x2D,0xFF,0x2C,0x20,0x28,0xFF,
  0x2C,0x23,0x29,0xFF,0x2A,0x20,0x29,0xFE,0x2D,0x37,0x16,0xF6,
  0x37,0x5B,0x0A,0xFF,0x40,0x61,0x0C,0xFE,0x3A,0x44,0x2A,0xFF,
  0x37,0x2A,0x3F,0xFF,0x3C,0x2E,0x38,0xFF,0x41,0x5D,0x27,0xFF,
  0x3F,0x8A,0x1E,0xFF,0x3D,0x86,0x1B,0xFF,0x3B,0x86,0x1C,0xFF,
  0x39,0x82,0x1D,0xFF,0x38,0x7F,0x1B,0xFF,0x35,0x80,0x1F,0xFF,
  0x33,0x6E,0x17,0xFF,0x3A,0x63,0x0A,0xFF,0x3E,0x6B,0x0C,0xFF,
  0x41,0x6B,0x09,0xFF,0x41,0x68,0x0A,0xFF,0x40,0x67,0x08,0xFF,
  0x41,0x5D,0x05,0xFF,0x37,0x7B,0x26,0xFF,0x33,0x8F,0x35,0xFF,
  0x36,0x8B,0x31,0xFF,0x38,0x8C,0x31,0xFF,0x3B,0x8F,0x31,0xFF,
  0x3E,0x90,0x34,0xFF,0x35,0xA5,0x57,0xFF,0x32,0xA8,0x5E,0xFF,
  0x31,0xA3,0x5A,0xFF,0x31,0x9F,0x58,0xFF,0x30,0x9B,0x56,0xFF,
  0x2F,0x9C,0x55,0xFF,0x31,0x9D,0x52,0xFF,0x30,0xA1,0x56,0xFF,
  0x37,0x93,0x43,0xFF,0x3F,0x81,0x20,0xFF,0x3C,0x88,0x19,0xFF,
  0x3B,0x68,0x19,0xFF,0x32,0x25,0x28,0xFF,0x35,0x23,0x2E,0xFF,
  0x34,0x23,0x2F,0xFF,0x3A,0x1B,0x37,0xFF,0x3A,0x57,0x2E,0xFF,
  0x38,0x76,0x1A,0xFF,0x37,0x6B,0x1B,0xFF,0x36,0x5C,0x10,0xFF,
  0x3A,0x5A,0x0B,0xFF,0x3B,0x60,0x0D,0xFF,0x3A,0x63,0x0C,0xFF,
  0x3B,0x69,0x0C,0xFF,0x3E,0x66,0x0E,0xFF,0x38,0x7D,0x24,0xFF,
  0x37,0x90,0x2F,0xFF,0x36,0x8B,0x2A,0xFF,0x35,0x89,0x31,0xFF,
  0x30,0x9E,0x4F,0xFF,0x31,0xA1,0x54,0xFF,0x34,0x9F,0x54,0xFF,
  0x33,0x94,0x47,0xFF,0x2E,0x8A,0x3D,0xFF,0x3C,0x73,0x27,0xFF,
  0x4A,0x67,0x11,0xFF,0x48,0x59,0x09,0xFF,0x48,0x4D,0x0A,0xFF,
  0x47,0x43,0x0D,0xFF,0x42,0x4D,0x0C,0xFF,0x3B,0x64,0x0C,0xFF,
  0x3B,0x6A,0x13,0xFF,0x38,0x6C,0x15,0xFF,0x37,0x6A,0x13,0xFF,
  0x37,0x69,0x14,0xFF,0x37,0x69,0x15,0xFE,0x30,0x65,0x17,0xFF,
  0x33,0x3C,0x17,0xCD,0x37,0x2E,0x24,0xFE,0x3F,0x2C,0x28,0xFF,
  0x3A,0x54,0x1B,0xFF,0x37,0x76,0x0B,0xFF,0x3A,0x75,0x0C,0xFF,
  0x39,0x7E,0x12,0xFF,0x3A,0x88,0x1D,0xFF,0x3A,0x86,0x1C,0xFF,
  0x38,0x86,0x1F,0xFF,0x37,0x85,0x28,0xFF,0x34,0x85,0x2B,0xFF,
  0x32,0x85,0x2E,0xFF,0x32,0x85,0x30,0xFF,0x35,0x87,0x31,0xFF,
  0x36,0x88,0x33,0xFF,0x37,0x86,0x36,0xFF,0x31,0x7B,0x2C,0xFF,
  0x2B,0x78,0x28,0xFF,0x32,0x58,0x16,0xFF,0x3A,0x52,0x0F,0xFF,
  0x44,0x6E,0x10,0xFF,0x42,0x75,0x20,0xFF,0x31,0x5A,0x5D,0xFF,
  0x2A,0x29,0x5D,0xFF,0x34,0x2F,0x40,0xFF,0x42,0x62,0x15,0xFF,
  0x43,0x63,0x09,0xFD,0x40,0x5C,0x10,0xFF,0x31,0x43,0x14,0xD7,
  0x55,0x55,0x00,0x03,0x55,0xAA,0x00,0x03,0x00,0x00,0x00,0x02,
  0x00,0x00,0x00,0x00,0x55,0x00,0x00,0x03,0x00,0x00,0x00,0x00,
  0x2D,0x1A,0x29,0x75,0x38,0x1B,0x22,0xFA,0x36,0x22,0x21,0xDF,
  0x38,0x27,0x1D,0xCA,0x44,0x68,0x0D,0xFF,0x41,0x83,0x0A,0xFF,
  0x40,0x7A,0x0B,0xFF,0x3C,0x78,0x0B,0xFF,0x38,0x73,0x0A,0xFE,
  0x37,0x6D,0x07,0xFE,0x37,0x68,0x09,0xFE,0x32,0x76,0x1D,0xFF,
  0x35,0x77,0x1D,0xFF,0x37,0x74,0x1E,0xFE,0x35,0x78,0x1E,0xFF,
  0x2B,0x36,0x25,0xAA,0x3A,0x17,0x20,0xF5,0x40,0x18,0x27,0xFF,
  0x43,0x27,0x23,0xEE,0x49,0x53,0x09,0xFC,0x4C,0x4C,0x0C,0xFF,
  0x4D,0x47,0x13,0xFF,0x43,0x54,0x17,0xFF,0x39,0x7D,0x16,0xFE,
  0x39,0x7A,0x0F,0xFE,0x3B,0x72,0x0C,0xFD,0x35,0x84,0x31,0xFE,
  0x33,0xA2,0x55,0xFF,0x33,0x9B,0x4B,0xFF,0x37,0xA6,0x61,0xFF,
  0x34,0xB6,0x79,0xFF,0x32,0xB4,0x77,0xFF,0x33,0xB4,0x75,0xFF,
  0x33,0xAE,0x68,0xFF,0x31,0xB2,0x65,0xFF,0x2F,0xAF,0x61,0xFF,
  0x3A,0x9F,0x4A,0xFF,0x39,0xA3,0x4C,0xFF,0x38,0xA6,0x4D,0xFF,
  0x31,0xCC,0x99,0xFF,0x2F,0xD5,0xAC,0xFF,0x31,0xCF,0xA4,0xFF,
  0x2F,0xCF,0xA2,0xFF,0x2D,0xCE,0xA0,0xFF,0x2C,0xCC,0xA2,0xFF,
  0x30,0xC2,0x94,0xFF,0x33,0xAD,0x6D,0xFF,0x2D,0xAE,0x70,0xFF,
  0x2B,0xAF,0x76,0xFF,0x3A,0x7D,0x28,0xFD,0x37,0x6E,0x0E,0xFE,
  0x37,0x6E,0x15,0xFE,0x36,0x83,0x2F,0xFE,0x32,0x9D,0x47,0xFF,
  0x36,0x96,0x41,0xFF,0x36,0x9D,0x51,0xFF,0x2C,0xAF,0x77,0xFF,
  0x2B,0xB1,0x74,0xFF,0x2A,0xB4,0x74,0xFF,0x39,0xA2,0x4D,0xFE,
  0x37,0xA4,0x4A,0xFF,0x33,0xA7,0x57,0xFF,0x44,0x64,0x1C,0xFF,
  0x51,0x4D,0x04,0xFF,0x4B,0x44,0x0B,0xFF,0x3F,0x71,0x29,0xFF,
  0x36,0xA7,0x33,0xFF,0x39,0x98,0x2D,0xFF,0x35,0x93,0x2F,0xFF,
  0x36,0x44,0x12,0xFA,0x3C,0x38,0x0E,0xF5,0x33,0x3A,0x12,0xD1,
  0x37,0x46,0x22,0x86,0x36,0x70,0x13,0xFF,0x35,0x75,0x0C,0xFF,
  0x36,0x75,0x0C,0xFF,0x33,0x7C,0x10,0xFF,0x34,0x7F,0x12,0xFF,
  0x2E,0x88,0x18,0xFF,0x3D,0x5F,0x0F,0xFF,0x48,0x44,0x01,0xFF,
  0x40,0x48,0x07,0xFF,0x37,0x6E,0x0D,0xFF,0x36,0x6D,0x0A,0xFF,
  0x37,0x6A,0x0D,0xFF,0x38,0x67,0x0F,0xFE,0x38,0x69,0x18,0xFF,
  0x31,0x33,0x23,0xE4,0x33,0x1E,0x25,0xF9,0x37,0x29,0x26,0xFF,
  0x43,0x60,0x12,0xFE,0x43,0x6A,0x0A,0xFF,0x45,0x67,0x09,0xFF,
  0x3C,0x7F,0x20,0xFF,0x34,0x90,0x27,0xFF,0x37,0x86,0x22,0xFD,
  0x36,0x90,0x30,0xFE,0x34,0x95,0x38,0xFF,0x36,0x8C,0x31,0xFF,
  0x34,0xAA,0x67,0xFF,0x2E,0xC1,0x90,0xFF,0x32,0xC0,0x8C,0xFF,
  0x33,0xC4,0x90,0xFF,0x34,0xC6,0x93,0xFF,0x34,0xC8,0x94,0xFF,
  0x35,0xCF,0x9A,0xFF,0x39,0xBC,0x7C,0xFF,0x36,0xA6,0x52,0xFF,
  0x31,0xAB,0x56,0xFF,0x33,0x9D,0x49,0xFF,0x35,0x82,0x17,0xFF,
  0x32,0x83,0x1A,0xFF,0x2F,0x7F,0x1B,0xFF,0x35,0x6D,0x0B,0xFF,
  0x35,0x6D,0x0C,0xFF,0x35,0x6E,0x0C,0xFF,0x39,0x71,0x08,0xFF,
  0x3C,0x72,0x07,0xFF,0x3F,0x77,0x09,0xFF,0x3C,0x6A,0x0D,0xFF,
  0x3B,0x5D,0x0D,0xFF,0x3F,0x61,0x0B,0xFF,0x41,0x5F,0x0A,0xFF,
  0x41,0x5D,0x07,0xFF,0x41,0x58,0x07,0xFF,0x42,0x56,0x0B,0xFF,
  0x34,0x34,0x23,0xFE,0x2B,0x1B,0x2A,0xFF,0x2D,0x1E,0x26,0xFE,
  0x2C,0x1E,0x24,0xF9,0x28,0x1D,0x28,0xD7,0x2F,0x3A,0x0E,0xCD,
  0x3A,0x5C,0x01,0xFF,0x43,0x60,0x04,0xFE,0x3D,0x41,0x1E,0xFD,
  0x35,0x24,0x34,0xFE,0x3D,0x29,0x2E,0xFF,0x46,0x5D,0x21,0xFF,
  0x3F,0x8C,0x1C,0xFF,0x3C,0x89,0x19,0xFF,0x3A,0x89,0x18,0xFF,
  0x38,0x87,0x1A,0xFF,0x38,0x85,0x17,0xFF,0x35,0x85,0x1D,0xFF,
  0x33,0x71,0x17,0xFF,0x3A,0x65,0x09,0xFF,0x3E,0x6B,0x0B,0xFF,
  0x41,0x6A,0x09,0xFF,0x41,0x67,0x08,0xFF,0x3E,0x66,0x06,0xFF,
  0x41,0x5C,0x05,0xFE,0x36,0x7A,0x25,0xFE,0x33,0x8E,0x34,0xFF,
  0x36,0x8B,0x30,0xFF,0x38,0x8E,0x30,0xFF,0x3B,0x91,0x30,0xFF,
  0x3E,0x92,0x35,0xFF,0x33,0xA7,0x58,0xFF,0x31,0xAA,0x60,0xFF,
  0x31,0xA5,0x5C,0xFF,0x31,0xA1,0x5A,0xFF,0x30,0x9C,0x56,0xFF,
  0x2F,0x9C,0x56,0xFF,0x31,0x9C,0x52,0xFF,0x32,0x9F,0x57,0xFF,
  0x36,0x91,0x43,0xFF,0x3F,0x81,0x1C,0xFF,0x3C,0x87,0x17,0xFF,
  0x3B,0x65,0x17,0xFB,0x2F,0x22,0x24,0xF0,0x35,0x20,0x27,0xFF,
  0x32,0x1F,0x29,0xFF,0x38,0x19,0x30,0xFF,0x3C,0x59,0x2C,0xFF,
  0x3A,0x7B,0x18,0xFF,0x39,0x71,0x17,0xFF,0x38,0x62,0x0E,0xFF,
  0x3D,0x5E,0x09,0xFF,0x3F,0x63,0x0A,0xFF,0x3F,0x6A,0x0C,0xFF,
  0x3F,0x6E,0x0D,0xFF,0x41,0x6A,0x11,0xFF,0x38,0x7C,0x24,0xFF,
  0x37,0x8C,0x2D,0xFF,0x36,0x88,0x28,0xFF,0x37,0x8B,0x32,0xFF,
  0x2F,0xA0,0x4E,0xFF,0x2F,0xA1,0x52,0xFF,0x30,0x9C,0x50,0xFF,
  0x31,0x93,0x44,0xFF,0x2C,0x8A,0x3E,0xFF,0x3B,0x71,0x27,0xFF,
  0x4C,0x68,0x11,0xFF,0x4A,0x58,0x0A,0xFF,0x4A,0x4F,0x0D,0xFF,
  0x47,0x43,0x0F,0xFF,0x43,0x50,0x0C,0xFF,0x3D,0x6B,0x0C,0xFF,
  0x3B,0x71,0x10,0xFF,0x38,0x70,0x11,0xFF,0x37,0x6E,0x10,0xFF,
  0x38,0x6C,0x13,0xFF,0x38,0x6A,0x11,0xFE,0x35,0x65,0x14,0xFF,
  0x3B,0x3C,0x0E,0xBE,0x3B,0x31,0x24,0xB4,0x3E,0x2A,0x26,0xE4,
  0x3B,0x52,0x18,0xF9,0x37,0x75,0x09,0xFF,0x38,0x75,0x0A,0xFF,
  0x39,0x81,0x10,0xFF,0x39,0x8C,0x19,0xFF,0x3B,0x8C,0x1A,0xFF,
  0x3A,0x8C,0x1C,0xFF,0x37,0x89,0x23,0xFF,0x36,0x87,0x2A,0xFF,
  0x34,0x87,0x2D,0xFF,0x33,0x89,0x2F,0xFE,0x34,0x89,0x31,0xFE,
  0x34,0x89,0x32,0xFE,0x35,0x87,0x33,0xFF,0x2F,0x7E,0x29,0xFF,
  0x2A,0x7C,0x25,0xFF,0x33,0x5C,0x14,0xFF,0x3C,0x52,0x0B,0xFF,
  0x47,0x70,0x0D,0xFF,0x44,0x75,0x1E,0xFF,0x32,0x57,0x63,0xFF,
  0x2C,0x29,0x67,0xFF,0x37,0x32,0x44,0xFF,0x44,0x63,0x11,0xFF,
  0x43,0x63,0x05,0xFD,0x40,0x5B,0x0D,0xFF,0x32,0x43,0x11,0xCB,
  0x00,0x00,0x00,0x00,0x00,0xFF,0x00,0x01,0x00,0x00,0x00,0x00,
  0x00,0x00,0x00,0x00,0x55,0x00,0x00,0x03,0x00,0x00,0x00,0x00,
  0x2B,0x18,0x2B,0x5E,0x37,0x19,0x21,0xEF,0x37,0x21,0x25,0xC0,
  0x38,0x27,0x1E,0xA6,0x45,0x6C,0x0A,0xFF,0x42,0x87,0x09,0xFF,
  0x3F,0x7C,0x0B,0xFF,0x3C,0x7B,0x0B,0xFF,0x38,0x75,0x09,0xFE,
  0x38,0x6F,0x07,0xFD,0x37,0x69,0x0B,0xFC,0x30,0x79,0x1C,0xFE,
  0x34,0x79,0x1C,0xFF,0x36,0x75,0x1D,0xFE,0x34,0x79,0x1F,0xFF,
  0x2C,0x3B,0x27,0x96,0x3B,0x17,0x20,0xEA,0x41,0x19,0x25,0xFF,
  0x47,0x29,0x22,0xE2,0x49,0x52,0x0B,0xF9,0x4A,0x4A,0x0C,0xFF,
  0x4C,0x43,0x13,0xFF,0x43,0x51,0x15,0xFF,0x38,0x7C,0x14,0xFE,
  0x37,0x77,0x0E,0xFC,0x3A,0x6F,0x0C,0xFB,0x32,0x82,0x31,0xFE,
  0x33,0xA1,0x55,0xFF,0x34,0x99,0x4A,0xFF,0x38,0xA6,0x60,0xFF,
  0x34,0xB7,0x7A,0xFF,0x33,0xB6,0x78,0xFF,0x32,0xB6,0x77,0xFF,
  0x33,0xB0,0x68,0xFF,0x32,0xB3,0x64,0xFF,0x2E,0xAE,0x60,0xFF,
  0x3A,0xA1,0x49,0xFF,0x3A,0xA4,0x4C,0xFF,0x39,0xA5,0x4E,0xFF,
  0x30,0xCC,0x9B,0xFF,0x2E,0xD5,0xAE,0xFF,0x32,0xCE,0xA5,0xFF,
  0x31,0xCE,0xA4,0xFF,0x30,0xCD,0xA2,0xFF,0x2E,0xCC,0xA4,0xFF,
  0x2E,0xC2,0x98,0xFF,0x33,0xAD,0x70,0xFF,0x30,0xAE,0x73,0xFF,
  0x29,0xAF,0x79,0xFF,0x39,0x80,0x26,0xFB,0x38,0x70,0x0C,0xFC,
  0x38,0x6E,0x15,0xFC,0x35,0x85,0x2E,0xFD,0x2F,0x9D,0x47,0xFF,
  0x35,0x94,0x41,0xFF,0x37,0x9B,0x52,0xFF,0x2B,0xAE,0x78,0xFF,
  0x2C,0xAF,0x75,0xFF,0x28,0xB3,0x75,0xFF,0x38,0xA3,0x4D,0xFD,
  0x39,0xA5,0x48,0xFE,0x34,0xA6,0x55,0xFF,0x47,0x64,0x1B,0xFF,
  0x51,0x4B,0x06,0xFF,0x4B,0x42,0x10,0xFF,0x40,0x72,0x2B,0xFF,
  0x37,0xA7,0x33,0xFF,0x39,0x98,0x2C,0xFF,0x35,0x94,0x2F,0xFF,
  0x36,0x44,0x10,0xF7,0x3D,0x37,0x0D,0xE5,0x35,0x3A,0x0E,0xC3,
  0x48,0x4C,0x18,0x74,0x38,0x72,0x10,0xFF,0x37,0x76,0x0B,0xFF,
  0x37,0x77,0x0A,0xFF,0x35,0x81,0x0F,0xFF,0x34,0x82,0x14,0xFF,
  0x2F,0x8B,0x1F,0xFF,0x42,0x60,0x13,0xFF,0x4A,0x42,0x03,0xFF,
  0x40,0x47,0x09,0xFF,0x36,0x70,0x0D,0xFF,0x33,0x70,0x0A,0xFF,
  0x36,0x6B,0x0B,0xFF,0x38,0x69,0x0F,0xFD,0x3A,0x6A,0x1B,0xFF,
  0x31,0x34,0x24,0xBD,0x33,0x1B,0x23,0xEF,0x36,0x28,0x23,0xFE,
  0x44,0x61,0x12,0xFC,0x42,0x69,0x0B,0xFF,0x45,0x67,0x0A,0xFF,
  0x3C,0x84,0x20,0xFF,0x35,0x95,0x2A,0xFE,0x38,0x8A,0x27,0xFB,
  0x36,0x93,0x30,0xFD,0x35,0x95,0x37,0xFF,0x38,0x8B,0x33,0xFF,
  0x32,0xAA,0x69,0xFF,0x2F,0xC3,0x93,0xFF,0x32,0xC1,0x8E,0xFF,
  0x33,0xC5,0x93,0xFF,0x35,0xC8,0x95,0xFF,0x35,0xCA,0x95,0xFF,
  0x37,0xD0,0x9C,0xFF,0x37,0xBD,0x7F,0xFF,0x36,0xA8,0x52,0xFF,
  0x33,0xAB,0x57,0xFF,0x33,0x9E,0x49,0xFF,0x36,0x83,0x17,0xFF,
  0x33,0x85,0x1B,0xFF,0x31,0x82,0x1A,0xFF,0x37,0x6F,0x0B,0xFF,
  0x38,0x6F,0x0E,0xFF,0x36,0x70,0x0E,0xFF,0x3B,0x75,0x09,0xFF,
  0x3D,0x75,0x09,0xFF,0x3E,0x77,0x09,0xFF,0x3B,0x6A,0x0D,0xFF,
  0x3A,0x5C,0x10,0xFF,0x3F,0x5E,0x0D,0xFF,0x42,0x5E,0x0C,0xFF,
  0x41,0x5D,0x08,0xFF,0x41,0x58,0x08,0xFF,0x45,0x57,0x0E,0xFF,
  0x38,0x34,0x21,0xFF,0x2E,0x1B,0x28,0xFF,0x31,0x1D,0x25,0xFC,
  0x2E,0x1B,0x21,0xEE,0x29,0x1B,0x2B,0xA6,0x36,0x41,0x09,0x9B,
  0x3D,0x5E,0x00,0xFF,0x46,0x60,0x03,0xFD,0x43,0x3E,0x17,0xFA,
  0x33,0x1E,0x2B,0xFD,0x3D,0x24,0x28,0xFF,0x48,0x5F,0x21,0xFF,
  0x3D,0x8F,0x1F,0xFF,0x3B,0x8A,0x1C,0xFF,0x39,0x8B,0x1A,0xFF,
  0x37,0x8A,0x1C,0xFF,0x38,0x8A,0x18,0xFF,0x35,0x89,0x1D,0xFF,
  0x33,0x74,0x19,0xFF,0x3B,0x67,0x0B,0xFF,0x3E,0x6B,0x0E,0xFF,
  0x40,0x69,0x09,0xFF,0x40,0x66,0x08,0xFF,0x3C,0x65,0x06,0xFF,
  0x41,0x5C,0x06,0xFD,0x36,0x7D,0x25,0xFE,0x33,0x8D,0x34,0xFF,
  0x37,0x89,0x31,0xFF,0x38,0x8F,0x31,0xFF,0x3E,0x92,0x31,0xFF,
  0x3F,0x94,0x37,0xFF,0x32,0xA9,0x59,0xFF,0x32,0xAA,0x62,0xFF,
  0x33,0xA5,0x5E,0xFF,0x31,0xA1,0x5C,0xFF,0x30,0x9C,0x58,0xFF,
  0x31,0x9A,0x57,0xFF,0x32,0x99,0x55,0xFF,0x32,0x9C,0x59,0xFF,
  0x34,0x8F,0x46,0xFF,0x3D,0x80,0x19,0xFF,0x3C,0x86,0x15,0xFF,
  0x3C,0x65,0x15,0xF4,0x2D,0x1F,0x23,0xD3,0x36,0x1F,0x23,0xFF,
  0x30,0x1F,0x24,0xFE,0x37,0x1A,0x2C,0xFF,0x3E,0x59,0x2D,0xFF,
  0x3B,0x7E,0x19,0xFF,0x3A,0x76,0x16,0xFF,0x3D,0x68,0x0F,0xFF,
  0x41,0x63,0x0B,0xFF,0x42,0x67,0x0C,0xFF,0x45,0x70,0x10,0xFF,
  0x46,0x71,0x14,0xFF,0x45,0x6C,0x19,0xFF,0x38,0x7F,0x25,0xFF,
  0x38,0x8A,0x2D,0xFF,0x35,0x85,0x29,0xFF,0x39,0x89,0x34,0xFF,
  0x30,0xA0,0x50,0xFF,0x2D,0xA2,0x52,0xFF,0x2D,0x9B,0x4D,0xFF,
  0x2E,0x93,0x46,0xFF,0x2B,0x8B,0x45,0xFF,0x3C,0x73,0x2C,0xFF,
  0x4C,0x62,0x14,0xFF,0x49,0x54,0x0F,0xFF,0x4A,0x50,0x14,0xFF,
  0x47,0x44,0x17,0xFF,0x44,0x53,0x12,0xFF,0x40,0x70,0x0F,0xFF,
  0x3D,0x77,0x11,0xFF,0x37,0x74,0x10,0xFF,0x36,0x73,0x12,0xFF,
  0x3A,0x6F,0x15,0xFF,0x37,0x6A,0x13,0xFD,0x38,0x63,0x19,0xFF,
  0x49,0x3D,0x0C,0xB5,0x4C,0x43,0x31,0x57,0x40,0x2E,0x27,0xAE,
  0x3C,0x55,0x16,0xF0,0x36,0x75,0x0A,0xFF,0x39,0x76,0x0B,0xFE,
  0x3A,0x82,0x12,0xFF,0x3C,0x8E,0x19,0xFF,0x3E,0x8F,0x1D,0xFF,
  0x3C,0x90,0x1C,0xFF,0x39,0x8E,0x24,0xFF,0x37,0x8A,0x2C,0xFF,
  0x36,0x8A,0x2E,0xFF,0x35,0x8E,0x31,0xFD,0x35,0x8D,0x34,0xFC,
  0x34,0x8C,0x33,0xFD,0x32,0x87,0x32,0xFF,0x2D,0x7E,0x28,0xFF,
  0x2B,0x7F,0x25,0xFF,0x38,0x61,0x18,0xFF,0x3F,0x52,0x0C,0xFF,
  0x4B,0x72,0x0D,0xFF,0x45,0x76,0x22,0xFF,0x34,0x53,0x6C,0xFF,
  0x2F,0x26,0x70,0xFF,0x38,0x32,0x4D,0xFF,0x45,0x64,0x14,0xFF,
  0x42,0x65,0x06,0xFC,0x40,0x5B,0x0F,0xFF,0x33,0x44,0x15,0xC1,
  0x00,0x00,0x00,0x00,0x00,0xFF,0x00,0x01,0x00,0x00,0x00,0x00,
  0x00,0x00,0x00,0x00,0x55,0x00,0x00,0x03,0x00,0x00,0x00,0x00,
  0x2D,0x19,0x25,0x7A,0x38,0x1A,0x23,0xF4,0x3A,0x20,0x25,0xD5,
  0x3E,0x26,0x22,0xC7,0x45,0x69,0x0E,0xFF,0x43,0x80,0x0A,0xFF,
  0x40,0x78,0x0E,0xFF,0x3E,0x77,0x10,0xFF,0x3C,0x74,0x10,0xFF,
  0x3A,0x6E,0x0E,0xFF,0x3A,0x69,0x11,0xFF,0x31,0x7E,0x1C,0xFF,
  0x35,0x7E,0x1C,0xFF,0x36,0x79,0x1D,0xFF,0x34,0x7B,0x22,0xFF,
  0x38,0x39,0x29,0xC3,0x41,0x1B,0x25,0xF1,0x48,0x1F,0x27,0xFF,
  0x4A,0x29,0x23,0xED,0x47,0x4A,0x0E,0xFB,0x48,0x43,0x0F,0xF9,
  0x49,0x3C,0x14,0xF6,0x43,0x4D,0x13,0xE6,0x3E,0x7D,0x15,0xFF,
  0x3C,0x79,0x12,0xFF,0x3F,0x6E,0x13,0xFF,0x34,0x83,0x37,0xFF,
  0x34,0xA4,0x59,0xFF,0x34,0x9D,0x52,0xFF,0x38,0xAD,0x6A,0xFF,
  0x36,0xBD,0x80,0xFF,0x35,0xBD,0x7E,0xFF,0x31,0xC0,0x80,0xFF,
  0x31,0xBD,0x72,0xFF,0x2E,0xBE,0x6E,0xFF,0x2B,0xB9,0x6C,0xFF,
  0x38,0xA4,0x4B,0xFF,0x3A,0xA4,0x4B,0xFF,0x3A,0xA5,0x4F,0xFF,
  0x2F,0xCC,0x9B,0xFF,0x2D,0xD5,0xAD,0xFF,0x31,0xCF,0xA7,0xFF,
  0x31,0xCE,0xA6,0xFF,0x31,0xCC,0xA0,0xFF,0x30,0xCC,0xA4,0xFF,
  0x2C,0xC4,0x9F,0xFF,0x32,0xAF,0x76,0xFF,0x30,0xB1,0x7A,0xFF,
  0x28,0xB5,0x83,0xFF,0x3B,0x82,0x2C,0xFF,0x3E,0x71,0x0F,0xFF,
  0x3D,0x70,0x1C,0xFF,0x36,0x84,0x32,0xFF,0x2E,0x9D,0x48,0xFF,
  0x33,0x96,0x47,0xFF,0x35,0x9E,0x5C,0xFF,0x2B,0xB2,0x7E,0xFF,
  0x2D,0xB3,0x7B,0xFF,0x27,0xB8,0x7D,0xFF,0x3D,0xA7,0x4F,0xFF,
  0x3E,0xA9,0x48,0xFF,0x36,0xAE,0x59,0xFF,0x47,0x67,0x1D,0xFF,
  0x50,0x47,0x0B,0xFF,0x4D,0x3F,0x15,0xFF,0x42,0x73,0x30,0xFF,
  0x39,0xA9,0x37,0xFF,0x3A,0x9A,0x2D,0xFF,0x35,0x97,0x32,0xFF,
  0x3A,0x44,0x17,0xFA,0x3D,0x33,0x18,0xED,0x3A,0x36,0x17,0xDB,
  0x4B,0x35,0x16,0xB2,0x35,0x68,0x20,0xFF,0x36,0x6E,0x21,0xFF,
  0x33,0x74,0x1D,0xFF,0x36,0x7A,0x13,0xFF,0x36,0x79,0x1E,0xFF,
  0x31,0x80,0x2C,0xFF,0x46,0x58,0x19,0xFF,0x4C,0x3D,0x09,0xFB,
  0x40,0x45,0x0E,0xE6,0x3A,0x6D,0x12,0xFF,0x34,0x6D,0x0C,0xFE,
  0x36,0x68,0x0E,0xFF,0x38,0x65,0x12,0xFE,0x39,0x65,0x21,0xFF,
  0x35,0x33,0x26,0xD3,0x37,0x20,0x26,0xF4,0x3A,0x2B,0x26,0xFE,
  0x46,0x61,0x12,0xFD,0x43,0x6D,0x0B,0xFF,0x47,0x6A,0x0A,0xFF,
  0x3E,0x7F,0x21,0xFF,0x36,0x88,0x31,0xFF,0x3F,0x84,0x31,0xFF,
  0x3B,0x93,0x34,0xFF,0x36,0x95,0x38,0xFF,0x38,0x8C,0x38,0xFF,
  0x31,0xA8,0x69,0xFF,0x31,0xC1,0x90,0xFF,0x34,0xBF,0x8D,0xFF,
  0x34,0xC3,0x92,0xFF,0x36,0xC6,0x94,0xFF,0x37,0xC8,0x94,0xFF,
  0x37,0xD1,0x9C,0xFF,0x35,0xC0,0x84,0xFF,0x37,0xAC,0x57,0xFF,
  0x34,0xB1,0x5F,0xFF,0x32,0xA3,0x4D,0xFF,0x35,0x84,0x19,0xFF,
  0x35,0x85,0x1E,0xFF,0x34,0x80,0x1B,0xFF,0x3C,0x6D,0x0C,0xFF,
  0x3E,0x6D,0x10,0xFF,0x39,0x70,0x0C,0xFF,0x41,0x76,0x0B,0xFF,
  0x43,0x76,0x0D,0xFF,0x40,0x7A,0x0C,0xFF,0x3F,0x6C,0x0E,0xFF,
  0x3D,0x56,0x14,0xFF,0x41,0x57,0x13,0xFF,0x45,0x59,0x0F,0xFF,
  0x43,0x5C,0x0A,0xFF,0x42,0x57,0x0E,0xFF,0x49,0x54,0x11,0xFF,
  0x40,0x34,0x1C,0xFF,0x34,0x1D,0x22,0xFF,0x3A,0x1F,0x1F,0xFD,
  0x30,0x1F,0x20,0xF3,0x2D,0x1F,0x22,0xC5,0x37,0x38,0x12,0xBE,
  0x3C,0x5C,0x0D,0xFF,0x44,0x5C,0x19,0xFE,0x3F,0x3C,0x2A,0xFC,
  0x32,0x26,0x38,0xFE,0x3A,0x2A,0x3A,0xFF,0x3F,0x5B,0x32,0xFF,
  0x3C,0x89,0x2A,0xFF,0x3C,0x84,0x27,0xFF,0x3B,0x86,0x25,0xFF,
  0x3B,0x85,0x25,0xFF,0x3C,0x88,0x1D,0xFF,0x39,0x88,0x1F,0xFF,
  0x37,0x75,0x1C,0xFF,0x3D,0x66,0x11,0xFF,0x40,0x69,0x10,0xFF,
  0x41,0x69,0x0A,0xFF,0x41,0x64,0x0B,0xFF,0x3B,0x63,0x0B,0xFF,
  0x44,0x5B,0x0D,0xFF,0x39,0x7F,0x29,0xFF,0x33,0x8C,0x37,0xFF,
  0x36,0x88,0x35,0xFF,0x37,0x8F,0x34,0xFF,0x40,0x90,0x33,0xFF,
  0x41,0x94,0x3A,0xFF,0x33,0xA8,0x58,0xFF,0x35,0xA8,0x61,0xFF,
  0x35,0xA5,0x61,0xFF,0x30,0xA1,0x60,0xFF,0x30,0x9F,0x5E,0xFF,
  0x33,0x9C,0x5F,0xFF,0x33,0x99,0x5E,0xFF,0x30,0x9B,0x61,0xFF,
  0x30,0x92,0x4D,0xFF,0x3C,0x84,0x1A,0xFF,0x3A,0x89,0x16,0xFF,
  0x3D,0x65,0x18,0xF8,0x2D,0x22,0x2B,0xE1,0x35,0x23,0x2E,0xFF,
  0x31,0x27,0x30,0xFE,0x37,0x23,0x39,0xFF,0x3C,0x55,0x36,0xFF,
  0x3C,0x75,0x1F,0xFF,0x3D,0x74,0x1B,0xFF,0x42,0x67,0x13,0xFF,
  0x46,0x60,0x12,0xFF,0x44,0x65,0x17,0xFF,0x44,0x61,0x1A,0xFF,
  0x43,0x5D,0x1D,0xFF,0x42,0x5C,0x1D,0xFF,0x38,0x7D,0x25,0xFF,
  0x38,0x88,0x2D,0xFF,0x35,0x85,0x2A,0xFF,0x36,0x76,0x30,0xFF,
  0x31,0x8D,0x4F,0xFF,0x2D,0x9F,0x5A,0xFF,0x2C,0x99,0x53,0xFF,
  0x2B,0x92,0x4F,0xFF,0x2B,0x8C,0x51,0xFF,0x3B,0x6C,0x2F,0xFF,
  0x4A,0x52,0x11,0xFF,0x44,0x48,0x0F,0xFF,0x45,0x47,0x1A,0xFF,
  0x46,0x41,0x25,0xFF,0x40,0x4A,0x23,0xFF,0x3E,0x61,0x1B,0xFF,
  0x3E,0x70,0x1A,0xFF,0x38,0x75,0x19,0xFF,0x36,0x6F,0x1A,0xFF,
  0x3E,0x6B,0x1B,0xFF,0x36,0x68,0x1C,0xFE,0x34,0x5F,0x31,0xFF,
  0x49,0x43,0x24,0xD6,0x44,0x3D,0x28,0x91,0x3B,0x2B,0x23,0xC8,
  0x3C,0x50,0x16,0xF5,0x36,0x72,0x10,0xFF,0x3C,0x73,0x11,0xFE,
  0x3D,0x7A,0x16,0xFF,0x40,0x85,0x20,0xFF,0x41,0x82,0x24,0xFF,
  0x40,0x87,0x21,0xFF,0x3A,0x89,0x27,0xFF,0x3A,0x84,0x2E,0xFF,
  0x37,0x86,0x2E,0xFF,0x3A,0x88,0x31,0xFF,0x3A,0x87,0x38,0xFF,
  0x36,0x8D,0x37,0xFF,0x31,0x84,0x33,0xFF,0x2F,0x7A,0x2B,0xFF,
  0x2F,0x7A,0x29,0xFF,0x3C,0x5A,0x21,0xFF,0x40,0x53,0x1B,0xFF,
  0x4C,0x73,0x16,0xFF,0x44,0x74,0x33,0xFF,0x31,0x41,0x6C,0xFF,
  0x2F,0x1B,0x6B,0xFF,0x34,0x2B,0x58,0xFF,0x41,0x5C,0x20,0xFF,
  0x41,0x5F,0x0A,0xFC,0x3B,0x52,0x14,0xFF,0x30,0x3B,0x1B,0xCB,
  0x00,0x00,0x00,0x00,0x00,0x00,0x00,0x01,0x00,0x00,0x00,0x00,
  0x00,0x00,0x00,0x00,0x00,0x00,0x00,0x02,0x00,0x00,0x00,0x00,
  0x31,0x1F,0x2D,0xB3,0x3B,0x21,0x37,0xFF,0x3E,0x25,0x34,0xFE,
  0x42,0x29,0x34,0xFF,0x42,0x57,0x1B,0xFF,0x40,0x67,0x14,0xFF,
  0x40,0x63,0x1B,0xFF,0x3F,0x62,0x1B,0xFF,0x39,0x62,0x16,0xFD,
  0x35,0x5D,0x13,0xFD,0x33,0x5A,0x14,0xFB,0x30,0x71,0x1D,0xFE,
  0x36,0x73,0x1E,0xFF,0x36,0x6C,0x1D,0xFF,0x34,0x69,0x26,0xFF,
  0x3E,0x33,0x31,0xFF,0x44,0x23,0x34,0xFF,0x4A,0x26,0x34,0xFF,
  0x48,0x29,0x32,0xFF,0x41,0x3B,0x1F,0xFF,0x44,0x38,0x20,0xF5,
  0x44,0x30,0x24,0xEE,0x42,0x41,0x22,0xD2,0x3C,0x6B,0x18,0xFD,
  0x34,0x69,0x16,0xF8,0x36,0x5B,0x18,0xF9,0x34,0x75,0x33,0xFD,
  0x35,0x9B,0x4E,0xFF,0x34,0x96,0x4D,0xFF,0x39,0xA9,0x66,0xFF,
  0x38,0xBA,0x79,0xFF,0x38,0xBC,0x79,0xFF,0x32,0xBD,0x7B,0xFF,
  0x33,0xB5,0x67,0xFF,0x2D,0xB4,0x64,0xFF,0x2E,0xB2,0x64,0xFF,
  0x37,0xA6,0x4D,0xFF,0x3A,0xA5,0x4B,0xFF,0x3A,0xA5,0x4F,0xFF,
  0x2E,0xC3,0x89,0xFF,0x2C,0xC7,0x97,0xFF,0x2F,0xC5,0x94,0xFF,
  0x30,0xC4,0x91,0xFF,0x32,0xC0,0x8A,0xFF,0x31,0xC2,0x8F,0xFF,
  0x2D,0xB8,0x8C,0xFF,0x33,0xA3,0x61,0xFF,0x32,0xA7,0x66,0xFF,
  0x2C,0xAC,0x73,0xFF,0x35,0x6F,0x2B,0xF9,0x36,0x5D,0x13,0xF9,
  0x34,0x5C,0x1F,0xF9,0x30,0x70,0x2C,0xFC,0x2F,0x8E,0x3A,0xFF,
  0x33,0x88,0x3C,0xFF,0x35,0x93,0x54,0xFF,0x2D,0xAE,0x74,0xFF,
  0x30,0xAF,0x71,0xFF,0x2A,0xB5,0x74,0xFF,0x3F,0x93,0x41,0xFD,
  0x3F,0x91,0x3B,0xFE,0x39,0x9C,0x4C,0xFF,0x45,0x60,0x21,0xFF,
  0x4A,0x41,0x19,0xFF,0x4C,0x39,0x21,0xFF,0x43,0x65,0x39,0xFF,
  0x3B,0x95,0x3D,0xFF,0x3A,0x8A,0x30,0xFF,0x35,0x88,0x37,0xFF,
  0x3B,0x42,0x36,0xFF,0x3B,0x32,0x3E,0xFF,0x3B,0x33,0x38,0xFF,
  0x44,0x2F,0x39,0xFF,0x2F,0x5E,0x58,0xFF,0x33,0x63,0x5C,0xFF,
  0x2E,0x6C,0x52,0xFF,0x35,0x63,0x29,0xFF,0x36,0x62,0x36,0xFF,
  0x32,0x65,0x45,0xFF,0x46,0x48,0x25,0xFF,0x4C,0x36,0x12,0xF8,
  0x3F,0x3A,0x1A,0xD2,0x3B,0x57,0x1C,0xFF,0x35,0x59,0x19,0xFE,
  0x35,0x54,0x1A,0xFF,0x35,0x4F,0x1D,0xFF,0x35,0x52,0x32,0xFF,
  0x37,0x34,0x3C,0xFF,0x3A,0x2C,0x40,0xFF,0x3D,0x32,0x41,0xFF,
  0x44,0x5D,0x20,0xFF,0x42,0x67,0x11,0xFF,0x46,0x62,0x14,0xFF,
  0x3D,0x65,0x25,0xFF,0x33,0x63,0x31,0xFE,0x37,0x63,0x30,0xF8,
  0x3A,0x84,0x30,0xFC,0x38,0x92,0x34,0xFF,0x37,0x87,0x35,0xFF,
  0x33,0x99,0x56,0xFF,0x34,0xAC,0x73,0xFF,0x37,0xAC,0x74,0xFF,
  0x36,0xB0,0x77,0xFF,0x38,0xB3,0x78,0xFF,0x3A,0xB5,0x79,0xFF,
  0x38,0xBF,0x81,0xFF,0x35,0xAC,0x73,0xFF,0x37,0x96,0x4F,0xFF,
  0x35,0x9E,0x56,0xFF,0x32,0x92,0x45,0xFF,0x33,0x79,0x27,0xFF,
  0x35,0x76,0x30,0xFF,0x34,0x6F,0x2A,0xFF,0x3C,0x60,0x1E,0xFF,
  0x3F,0x5F,0x23,0xFF,0x39,0x62,0x1D,0xFF,0x42,0x63,0x17,0xFF,
  0x44,0x63,0x18,0xFF,0x3F,0x69,0x17,0xFF,0x40,0x5D,0x18,0xFF,
  0x3F,0x49,0x28,0xFF,0x41,0x4A,0x26,0xFF,0x45,0x4C,0x1E,0xFF,
  0x40,0x53,0x24,0xFF,0x40,0x50,0x32,0xFF,0x46,0x4C,0x2C,0xFF,
  0x42,0x35,0x33,0xFF,0x36,0x26,0x38,0xFF,0x3D,0x28,0x34,0xFF,
  0x30,0x35,0x48,0xFF,0x31,0x34,0x46,0xFF,0x33,0x3E,0x44,0xFF,
  0x37,0x5B,0x47,0xFF,0x3C,0x5C,0x58,0xFF,0x36,0x4B,0x65,0xFF,
  0x32,0x44,0x6C,0xFF,0x36,0x47,0x71,0xFF,0x35,0x5E,0x62,0xFF,
  0x39,0x72,0x42,0xFF,0x3B,0x6D,0x40,0xFF,0x3B,0x6E,0x40,0xFF,
  0x3D,0x6D,0x3F,0xFF,0x3D,0x70,0x33,0xFF,0x3A,0x74,0x31,0xFF,
  0x38,0x66,0x2D,0xFF,0x3D,0x57,0x21,0xFF,0x3F,0x5A,0x1E,0xFF,
  0x3E,0x5B,0x14,0xFF,0x3D,0x53,0x13,0xFF,0x37,0x53,0x15,0xFF,
  0x3C,0x49,0x14,0xFC,0x35,0x71,0x25,0xFD,0x35,0x84,0x2F,0xFF,
  0x37,0x81,0x30,0xFF,0x3A,0x83,0x2D,0xFF,0x45,0x80,0x29,0xFF,
  0x47,0x84,0x31,0xFF,0x38,0x9D,0x49,0xFF,0x39,0x9C,0x4F,0xFF,
  0x39,0x9A,0x52,0xFF,0x33,0x94,0x53,0xFF,0x33,0x90,0x52,0xFF,
  0x37,0x8E,0x53,0xFF,0x35,0x8B,0x53,0xFF,0x2E,0x90,0x55,0xFF,
  0x2F,0x88,0x4A,0xFF,0x3A,0x7A,0x23,0xFF,0x36,0x7C,0x1E,0xFF,
  0x3B,0x5D,0x29,0xFF,0x2C,0x29,0x46,0xFF,0x31,0x2C,0x4D,0xFF,
  0x31,0x32,0x4C,0xFF,0x36,0x2F,0x55,0xFF,0x38,0x48,0x47,0xFF,
  0x3B,0x5B,0x2C,0xFF,0x3C,0x5F,0x2D,0xFF,0x41,0x55,0x26,0xFF,
  0x45,0x50,0x26,0xFF,0x42,0x55,0x2E,0xFF,0x3E,0x43,0x29,0xFF,
  0x3B,0x3C,0x28,0xFF,0x38,0x40,0x20,0xFF,0x37,0x78,0x25,0xFF,
  0x38,0x86,0x2C,0xFF,0x34,0x80,0x2B,0xFF,0x31,0x52,0x28,0xFF,
  0x31,0x62,0x44,0xFF,0x2E,0x85,0x5B,0xFF,0x2C,0x87,0x5D,0xFF,
  0x2B,0x83,0x5C,0xFF,0x2B,0x7E,0x60,0xFF,0x36,0x5E,0x43,0xFF,
  0x43,0x46,0x2B,0xFF,0x3B,0x41,0x2C,0xFF,0x3E,0x3C,0x2A,0xFF,
  0x43,0x38,0x33,0xFF,0x3B,0x39,0x36,0xFF,0x3A,0x43,0x2B,0xFF,
  0x3E,0x55,0x28,0xFF,0x3A,0x63,0x29,0xFF,0x36,0x5C,0x2D,0xFF,
  0x40,0x57,0x27,0xFF,0x32,0x60,0x3A,0xFF,0x29,0x5B,0x62,0xFF,
  0x3D,0x4D,0x53,0xFF,0x39,0x40,0x42,0xFF,0x36,0x30,0x3A,0xFF,
  0x39,0x45,0x23,0xFF,0x36,0x66,0x20,0xFF,0x3D,0x62,0x21,0xFF,
  0x3E,0x64,0x27,0xFF,0x41,0x67,0x2F,0xFF,0x41,0x5F,0x2E,0xFF,
  0x41,0x68,0x2A,0xFF,0x3A,0x74,0x34,0xFF,0x39,0x6F,0x3A,0xFF,
  0x36,0x70,0x34,0xFF,0x34,0x6B,0x2A,0xFC,0x32,0x6A,0x31,0xF9,
  0x30,0x77,0x33,0xFB,0x30,0x72,0x40,0xFF,0x30,0x67,0x3D,0xFF,
  0x32,0x62,0x38,0xFF,0x3B,0x45,0x36,0xFF,0x3D,0x4E,0x3B,0xFF,
  0x49,0x6A,0x2D,0xFF,0x3D,0x6F,0x58,0xFF,0x29,0x3C,0x82,0xFF,
  0x2D,0x24,0x78,0xFF,0x2E,0x33,0x7B,0xFF,0x38,0x56,0x4F,0xFF,
  0x3B,0x56,0x33,0xFD,0x33,0x4B,0x3F,0xFF,0x2E,0x35,0x36,0xDC,
  0x00,0x00,0x00,0x00,0x00,0x00,0x01,0x00,0x00,0x00,0x00,0x00,
  0x00,0x00,0x00,0x01,0x00,0x00,0x01,0x00,0x00,0x00,0x00,0x03,
  0x34,0x28,0x45,0xD6,0x3E,0x30,0x60,0xFF,0x3E,0x30,0x5D,0xFF,
  0x44,0x2F,0x5A,0xFF,0x3A,0x3B,0x2E,0xFF,0x37,0x42,0x29,0xFF,
  0x39,0x3E,0x2F,0xFF,0x3A,0x3E,0x26,0xFD,0x36,0x4A,0x1A,0xD1,
  0x31,0x4A,0x14,0xC7,0x2B,0x4B,0x13,0xA9,0x2E,0x51,0x1E,0xED,
  0x35,0x51,0x21,0xFF,0x33,0x47,0x1F,0xFE,0x31,0x3E,0x28,0xFF,
  0x3D,0x28,0x43,0xFF,0x3F,0x27,0x4B,0xFF,0x40,0x2B,0x4C,0xFF,
  0x41,0x28,0x4F,0xFF,0x39,0x2E,0x3E,0xFF,0x3B,0x2B,0x3D,0xFB,
  0x3C,0x24,0x42,0xF6,0x3B,0x2D,0x3C,0xEB,0x35,0x4A,0x20,0xD3,
  0x27,0x5E,0x1F,0x89,0x29,0x4A,0x23,0x82,0x32,0x60,0x22,0xD1,
  0x36,0x7D,0x2A,0xFF,0x36,0x77,0x2C,0xFD,0x3B,0x8C,0x41,0xFF,
  0x38,0xA6,0x58,0xFF,0x39,0xAA,0x5E,0xFF,0x37,0xA3,0x5B,0xFF,
  0x3E,0x85,0x33,0xFF,0x38,0x84,0x32,0xFF,0x39,0x88,0x36,0xFF,
  0x38,0xA5,0x4D,0xFF,0x39,0xA7,0x4F,0xFF,0x3A,0xA6,0x4E,0xFF,
  0x31,0xAC,0x64,0xFF,0x2F,0xAA,0x69,0xFF,0x31,0xA8,0x66,0xFF,
  0x31,0xA8,0x63,0xFF,0x35,0xA6,0x5E,0xFF,0x33,0xA9,0x63,0xFF,
  0x33,0x9B,0x56,0xFF,0x3A,0x83,0x29,0xFF,0x38,0x8A,0x2F,0xFD,
  0x36,0x8A,0x38,0xFF,0x33,0x67,0x2B,0x87,0x29,0x48,0x1E,0x8C,
  0x22,0x3D,0x29,0x8C,0x2A,0x57,0x1E,0xC1,0x32,0x6C,0x1A,0xFF,
  0x37,0x5F,0x18,0xFD,0x3F,0x73,0x2E,0xFF,0x33,0x9A,0x51,0xFF,
  0x35,0x9A,0x4F,0xFE,0x33,0xA0,0x50,0xFF,0x41,0x6C,0x24,0xCD,
  0x3C,0x58,0x1B,0xE9,0x3E,0x5E,0x22,0xFF,0x41,0x48,0x27,0xFF,
  0x41,0x39,0x35,0xFF,0x45,0x31,0x38,0xFF,0x3D,0x46,0x43,0xFF,
  0x39,0x64,0x42,0xFF,0x37,0x61,0x36,0xFF,0x34,0x5D,0x3B,0xFF,
  0x38,0x3D,0x6B,0xFF,0x38,0x37,0x7A,0xFF,0x39,0x36,0x6E,0xFF,
  0x3D,0x3D,0x84,0xFF,0x2A,0x60,0xAB,0xFF,0x2F,0x61,0xAB,0xFF,
  0x2D,0x64,0x9C,0xFF,0x32,0x46,0x4F,0xFF,0x32,0x44,0x5A,0xFF,
  0x2F,0x42,0x65,0xFF,0x41,0x35,0x37,0xFF,0x45,0x2B,0x1C,0xFC,
  0x37,0x23,0x23,0xEB,0x32,0x2E,0x29,0xFF,0x31,0x36,0x32,0xFF,
  0x2F,0x30,0x2E,0xFF,0x2E,0x2C,0x2E,0xFF,0x2E,0x39,0x50,0xFF,
  0x35,0x38,0x6A,0xFF,0x38,0x38,0x6E,0xFF,0x39,0x39,0x74,0xFF,
  0x39,0x4F,0x3D,0xFF,0x3B,0x52,0x20,0xFF,0x3B,0x48,0x2C,0xFE,
  0x36,0x3C,0x2A,0xFF,0x2E,0x37,0x27,0xE3,0x24,0x43,0x33,0x71,
  0x3C,0x7C,0x27,0xC1,0x3A,0x87,0x25,0xFF,0x36,0x7A,0x25,0xFC,
  0x38,0x7E,0x2E,0xFF,0x35,0x83,0x3C,0xFF,0x37,0x85,0x40,0xFF,
  0x3A,0x89,0x40,0xFF,0x3B,0x8D,0x41,0xFF,0x3D,0x8F,0x42,0xFF,
  0x3C,0x95,0x45,0xFF,0x38,0x7A,0x43,0xFF,0x37,0x5C,0x30,0xFF,
  0x35,0x64,0x31,0xFF,0x35,0x5E,0x29,0xFF,0x31,0x5E,0x44,0xFF,
  0x2E,0x59,0x51,0xFF,0x2E,0x51,0x4A,0xFF,0x33,0x48,0x49,0xFF,
  0x33,0x45,0x4B,0xFF,0x31,0x47,0x4B,0xFF,0x37,0x3B,0x31,0xFF,
  0x38,0x38,0x29,0xFF,0x35,0x3E,0x26,0xFF,0x37,0x39,0x2B,0xFF,
  0x3A,0x34,0x4E,0xFF,0x39,0x38,0x47,0xFF,0x3D,0x37,0x3B,0xFF,
  0x35,0x42,0x5C,0xFF,0x36,0x46,0x74,0xFF,0x39,0x44,0x69,0xFF,
  0x37,0x3A,0x71,0xFF,0x31,0x34,0x73,0xFF,0x33,0x39,0x72,0xFF,
  0x2A,0x5E,0xA1,0xFF,0x2F,0x5D,0xA0,0xFF,0x32,0x5B,0xA3,0xFF,
  0x30,0x63,0xA7,0xFF,0x33,0x66,0xB2,0xFF,0x31,0x66,0xB6,0xFF,
  0x32,0x6D,0xB6,0xFF,0x36,0x72,0xBB,0xFF,0x34,0x6F,0xA6,0xFF,
  0x30,0x4E,0x60,0xFF,0x33,0x46,0x61,0xFF,0x32,0x47,0x65,0xFF,
  0x35,0x45,0x66,0xFF,0x34,0x46,0x5C,0xFF,0x32,0x4B,0x56,0xFF,
  0x31,0x45,0x4B,0xFF,0x36,0x3B,0x3C,0xFF,0x35,0x3C,0x3B,0xFF,
  0x33,0x3D,0x29,0xFF,0x32,0x32,0x1E,0xFE,0x2E,0x33,0x1E,0xFF,
  0x2D,0x2C,0x1F,0xC3,0x2F,0x61,0x1A,0xD7,0x39,0x76,0x19,0xFF,
  0x3B,0x70,0x1C,0xFD,0x43,0x68,0x18,0xFF,0x4E,0x60,0x12,0xFF,
  0x50,0x62,0x15,0xFF,0x3F,0x85,0x29,0xFF,0x3D,0x85,0x2A,0xFF,
  0x3F,0x7E,0x2D,0xFF,0x3D,0x75,0x2C,0xFF,0x3A,0x69,0x2C,0xFF,
  0x3B,0x67,0x2A,0xFF,0x39,0x69,0x28,0xFF,0x31,0x75,0x28,0xFF,
  0x33,0x69,0x36,0xFF,0x38,0x58,0x35,0xFF,0x31,0x58,0x2C,0xFF,
  0x34,0x46,0x43,0xFF,0x27,0x32,0x73,0xFF,0x2C,0x35,0x72,0xFF,
  0x2C,0x36,0x6E,0xFF,0x31,0x34,0x72,0xFF,0x33,0x35,0x59,0xFF,
  0x33,0x39,0x3E,0xFF,0x34,0x3C,0x46,0xFF,0x39,0x37,0x44,0xFF,
  0x3C,0x37,0x45,0xFF,0x3D,0x3C,0x49,0xFF,0x3A,0x28,0x38,0xFF,
  0x37,0x23,0x32,0xFF,0x30,0x26,0x24,0xFB,0x36,0x70,0x25,0xFD,
  0x38,0x84,0x29,0xFF,0x33,0x74,0x28,0xFF,0x2E,0x30,0x24,0xF6,
  0x31,0x30,0x2E,0xFF,0x30,0x52,0x49,0xFF,0x2C,0x63,0x61,0xFF,
  0x2E,0x61,0x64,0xFF,0x2D,0x5F,0x6B,0xFF,0x2F,0x53,0x72,0xFF,
  0x38,0x49,0x71,0xFF,0x34,0x4C,0x75,0xFF,0x38,0x39,0x49,0xFF,
  0x3E,0x2B,0x3A,0xFF,0x39,0x29,0x3F,0xFF,0x39,0x29,0x36,0xFF,
  0x3A,0x31,0x30,0xFF,0x39,0x3F,0x36,0xFF,0x34,0x3F,0x47,0xFF,
  0x3D,0x35,0x39,0xFF,0x2B,0x54,0x6E,0xFF,0x21,0x59,0x9D,0xFF,
  0x2E,0x57,0x94,0xFF,0x2E,0x55,0x8D,0xFF,0x2E,0x40,0x78,0xFF,
  0x35,0x3C,0x3B,0xFF,0x34,0x4F,0x38,0xFF,0x38,0x44,0x39,0xFF,
  0x39,0x43,0x44,0xFF,0x3A,0x3C,0x41,0xFF,0x3C,0x33,0x35,0xFF,
  0x3F,0x3E,0x34,0xFF,0x38,0x53,0x4E,0xFF,0x34,0x4F,0x54,0xFF,
  0x32,0x4D,0x43,0xFF,0x2A,0x4B,0x27,0xBC,0x24,0x57,0x2D,0x86,
  0x29,0x5F,0x33,0xAD,0x2E,0x54,0x5C,0xFF,0x2C,0x48,0x5E,0xFD,
  0x30,0x3D,0x4E,0xFF,0x33,0x2E,0x53,0xFF,0x36,0x41,0x5F,0xFF,
  0x42,0x53,0x49,0xFF,0x34,0x67,0x87,0xFF,0x21,0x56,0xBA,0xFF,
  0x2A,0x4E,0xAD,0xFF,0x2B,0x56,0xB8,0xFF,0x2E,0x5E,0xA1,0xFF,
  0x2F,0x52,0x87,0xFD,0x2C,0x51,0x95,0xFF,0x2D,0x40,0x69,0xDE,
  0x01,0x00,0x00,0x00,0x00,0x01,0x02,0x00,0x00,0x00,0x00,0x00,
  0x00,0x00,0x00,0x01,0x00,0x00,0x01,0x00,0x00,0x00,0x00,0x04,
  0x36,0x2D,0x54,0xDF,0x3E,0x39,0x78,0xFF,0x3B,0x36,0x76,0xFB,
  0x3F,0x31,0x6F,0xFC,0x37,0x28,0x3E,0xFF,0x34,0x2A,0x3C,0xFF,
  0x36,0x26,0x3F,0xFF,0x38,0x27,0x2F,0xFC,0x36,0x32,0x1E,0xBF,
  0x31,0x39,0x1A,0x9C,0x24,0x39,0x18,0x6A,0x30,0x35,0x26,0xE3,
  0x36,0x32,0x2B,0xFF,0x32,0x27,0x27,0xFE,0x32,0x1F,0x2E,0xFF,
  0x36,0x1D,0x4C,0xFC,0x38,0x28,0x57,0xFE,0x37,0x2B,0x5A,0xFF,
  0x3A,0x26,0x5F,0xFE,0x35,0x27,0x55,0xFF,0x37,0x24,0x53,0xFF,
  0x37,0x20,0x55,0xFF,0x38,0x25,0x4E,0xFF,0x2E,0x27,0x2B,0xC2,
  0x13,0x26,0x2B,0x5D,0x12,0x0F,0x33,0x55,0x30,0x4A,0x14,0xBD,
  0x38,0x65,0x10,0xFF,0x3A,0x5F,0x10,0xFC,0x3F,0x75,0x1F,0xFF,
  0x3A,0x96,0x38,0xFF,0x39,0x9A,0x42,0xFF,0x41,0x8A,0x39,0xFF,
  0x4D,0x58,0x09,0xFF,0x48,0x57,0x08,0xFF,0x47,0x61,0x0F,0xFF,
  0x39,0xA4,0x4A,0xFF,0x37,0xA8,0x51,0xFF,0x3A,0xA6,0x4E,0xFF,
  0x36,0x9E,0x4D,0xFF,0x35,0x97,0x4C,0xFF,0x35,0x96,0x49,0xFF,
  0x34,0x96,0x46,0xFF,0x36,0x97,0x44,0xFF,0x33,0x9A,0x49,0xFF,
  0x39,0x89,0x32,0xFF,0x43,0x6F,0x04,0xFF,0x3F,0x75,0x08,0xFC,
  0x40,0x72,0x0C,0xFF,0x36,0x42,0x26,0x50,0x20,0x13,0x2D,0x75,
  0x15,0x02,0x2D,0x76,0x2A,0x38,0x15,0xB5,0x35,0x54,0x06,0xFF,
  0x3C,0x42,0x00,0xFC,0x46,0x5E,0x13,0xFF,0x39,0x8B,0x34,0xFF,
  0x3A,0x87,0x32,0xFE,0x3B,0x8D,0x2E,0xFF,0x44,0x48,0x0B,0x89,
  0x38,0x28,0x09,0xBC,0x3F,0x2B,0x0A,0xEC,0x3E,0x31,0x30,0xFB,
  0x3C,0x33,0x4C,0xFF,0x3E,0x2A,0x4B,0xFF,0x3A,0x2D,0x52,0xFF,
  0x3A,0x3C,0x4E,0xFF,0x38,0x3E,0x45,0xFF,0x36,0x39,0x45,0xFF,
  0x34,0x37,0x8B,0xFF,0x35,0x3A,0x9B,0xFE,0x35,0x36,0x8B,0xFD,
  0x33,0x47,0xB0,0xFB,0x29,0x66,0xDB,0xFF,0x2D,0x63,0xD8,0xFF,
  0x2F,0x60,0xC6,0xFF,0x33,0x34,0x6C,0xFF,0x31,0x32,0x73,0xFF,
  0x2D,0x2E,0x7B,0xFF,0x3D,0x2B,0x44,0xFF,0x41,0x24,0x25,0xFF,
  0x35,0x19,0x29,0xFF,0x2C,0x16,0x33,0xFF,0x2F,0x1E,0x46,0xFF,
  0x2E,0x1A,0x3F,0xFF,0x2C,0x16,0x3D,0xFF,0x2A,0x29,0x68,0xFF,
  0x30,0x38,0x88,0xFD,0x34,0x3B,0x8A,0xFF,0x35,0x3B,0x96,0xFF,
  0x33,0x40,0x58,0xFF,0x38,0x3C,0x31,0xFF,0x35,0x33,0x44,0xFE,
  0x33,0x23,0x31,0xFF,0x2C,0x1B,0x1F,0xDE,0x10,0x00,0x29,0x4F,
  0x3C,0x6A,0x1E,0xAD,0x3A,0x7E,0x1B,0xFF,0x36,0x70,0x18,0xFB,
  0x3B,0x6C,0x16,0xFF,0x37,0x69,0x18,0xFF,0x38,0x6C,0x1B,0xFF,
  0x3D,0x6F,0x1B,0xFF,0x3E,0x73,0x1B,0xFF,0x40,0x75,0x1C,0xFF,
  0x41,0x78,0x1D,0xFF,0x3F,0x55,0x23,0xFF,0x38,0x2B,0x1E,0xFF,
  0x37,0x32,0x1A,0xFF,0x39,0x32,0x1E,0xFF,0x30,0x45,0x62,0xFF,
  0x2B,0x41,0x6E,0xFF,0x2B,0x3A,0x68,0xFF,0x2F,0x36,0x6C,0xFF,
  0x2C,0x33,0x6B,0xFF,0x2C,0x33,0x70,0xFF,0x32,0x1F,0x45,0xFF,
  0x33,0x1B,0x36,0xFF,0x31,0x1E,0x33,0xFF,0x32,0x1F,0x3A,0xFF,
  0x35,0x27,0x67,0xFF,0x34,0x2C,0x5D,0xFF,0x37,0x29,0x52,0xFF,
  0x2C,0x36,0x84,0xFF,0x2E,0x3E,0x9D,0xFF,0x30,0x3F,0x94,0xFF,
  0x2E,0x3E,0x9C,0xFF,0x2D,0x3D,0x9D,0xFF,0x2C,0x42,0x9D,0xFF,
  0x26,0x74,0xD9,0xFE,0x29,0x74,0xDB,0xFC,0x2B,0x6C,0xDF,0xFC,
  0x2C,0x68,0xE0,0xFF,0x2C,0x6C,0xE3,0xFF,0x2F,0x76,0xE0,0xFF,
  0x32,0x81,0xDD,0xFF,0x35,0x88,0xE1,0xFF,0x36,0x7A,0xCD,0xFF,
  0x2D,0x37,0x73,0xFF,0x2F,0x2D,0x75,0xFF,0x2C,0x2E,0x7B,0xFF,
  0x30,0x2C,0x7E,0xFF,0x2F,0x2C,0x7A,0xFF,0x2D,0x2F,0x75,0xFF,
  0x2E,0x2D,0x63,0xFF,0x33,0x27,0x51,0xFF,0x31,0x26,0x54,0xFF,
  0x2E,0x24,0x3A,0xFF,0x2D,0x1B,0x28,0xFE,0x2A,0x1D,0x25,0xFF,
  0x24,0x0F,0x28,0xB5,0x2E,0x4E,0x11,0xCD,0x3D,0x6B,0x0B,0xFF,
  0x41,0x64,0x0F,0xFD,0x4D,0x55,0x0A,0xFF,0x59,0x4B,0x03,0xFF,
  0x58,0x4B,0x03,0xFF,0x45,0x75,0x13,0xFF,0x42,0x77,0x13,0xFF,
  0x45,0x6C,0x13,0xFF,0x46,0x61,0x13,0xFF,0x42,0x4F,0x12,0xFF,
  0x40,0x4A,0x0D,0xFF,0x3E,0x52,0x0B,0xFF,0x36,0x65,0x0D,0xFF,
  0x3A,0x4F,0x2D,0xFF,0x37,0x34,0x49,0xFF,0x30,0x33,0x3D,0xFF,
  0x2F,0x2E,0x57,0xFF,0x23,0x35,0x8C,0xFE,0x29,0x37,0x84,0xFF,
  0x28,0x35,0x7E,0xFF,0x2D,0x35,0x80,0xFF,0x32,0x29,0x62,0xFF,
  0x30,0x25,0x4E,0xFF,0x31,0x26,0x5A,0xFF,0x34,0x24,0x5B,0xFF,
  0x36,0x28,0x5D,0xFF,0x3A,0x2B,0x59,0xFF,0x39,0x1B,0x40,0xFF,
  0x37,0x1B,0x38,0xFF,0x30,0x1B,0x29,0xFA,0x35,0x68,0x27,0xFD,
  0x36,0x7C,0x25,0xFF,0x33,0x67,0x25,0xFF,0x2D,0x1E,0x25,0xF4,
  0x30,0x16,0x24,0xFF,0x31,0x2C,0x3B,0xFF,0x2D,0x43,0x66,0xFF,
  0x32,0x43,0x6B,0xFF,0x30,0x42,0x71,0xFF,0x2D,0x4A,0x95,0xFF,
  0x34,0x50,0xA7,0xFF,0x32,0x56,0xAC,0xFF,0x37,0x37,0x62,0xFF,
  0x3C,0x23,0x3D,0xFF,0x3A,0x23,0x43,0xFF,0x3B,0x1F,0x3D,0xFF,
  0x38,0x1D,0x36,0xFF,0x39,0x26,0x3F,0xFF,0x35,0x2B,0x5D,0xFF,
  0x3A,0x20,0x4D,0xFF,0x26,0x4B,0x93,0xFF,0x1E,0x59,0xBD,0xFF,
  0x22,0x58,0xB7,0xFD,0x20,0x5D,0xBD,0xFA,0x26,0x49,0xA0,0xFD,
  0x33,0x35,0x4E,0xFF,0x35,0x3D,0x4C,0xFF,0x35,0x2E,0x4B,0xFF,
  0x37,0x2E,0x59,0xFF,0x37,0x22,0x4D,0xFF,0x3A,0x1B,0x3B,0xFF,
  0x3E,0x25,0x3E,0xFF,0x38,0x3C,0x64,0xFF,0x32,0x3B,0x6B,0xFF,
  0x30,0x35,0x54,0xFF,0x25,0x28,0x27,0xAF,0x1B,0x27,0x22,0x6F,
  0x26,0x35,0x30,0x93,0x2E,0x3B,0x75,0xFF,0x2B,0x33,0x79,0xFD,
  0x2F,0x26,0x61,0xFF,0x30,0x23,0x69,0xFF,0x31,0x34,0x76,0xFF,
  0x3C,0x3D,0x60,0xFF,0x2D,0x5C,0xA3,0xFF,0x1F,0x6F,0xE1,0xFF,
  0x29,0x6F,0xD4,0xFF,0x2A,0x70,0xDD,0xFF,0x29,0x66,0xD4,0xFF,
  0x29,0x52,0xC1,0xFD,0x2A,0x5B,0xD0,0xFF,0x2E,0x4A,0x91,0xDA,
  0x01,0x00,0x00,0x00,0x00,0x01,0x02,0x00,0x00,0x00,0x00,0x00,
  0x00,0x00,0x00,0x00,0x00,0x00,0xFF,0x01,0x00,0x00,0x00,0x01,
  0x37,0x2E,0x55,0xDC,0x3E,0x38,0x75,0xFF,0x3C,0x37,0x72,0xFD,
  0x3D,0x31,0x6A,0xFF,0x38,0x26,0x44,0xFF,0x38,0x27,0x46,0xFF,
  0x39,0x25,0x47,0xFE,0x3D,0x28,0x35,0xFE,0x3B,0x30,0x21,0xDB,
  0x35,0x3C,0x23,0x99,0x28,0x3D,0x23,0x6C,0x36,0x31,0x31,0xE7,
  0x39,0x29,0x3B,0xFF,0x35,0x1F,0x34,0xFE,0x35,0x1D,0x3A,0xFF,
  0x37,0x1E,0x4A,0xFF,0x38,0x26,0x54,0xFF,0x37,0x29,0x57,0xFF,
  0x39,0x26,0x5C,0xFF,0x37,0x25,0x58,0xFF,0x38,0x23,0x56,0xFF,
  0x36,0x21,0x54,0xFF,0x37,0x23,0x52,0xFF,0x2F,0x1E,0x33,0xDA,
  0x22,0x17,0x22,0xA5,0x22,0x0F,0x28,0xA5,0x34,0x46,0x1B,0xD5,
  0x3D,0x60,0x0F,0xFF,0x3F,0x5A,0x0B,0xFE,0x45,0x73,0x14,0xFF,
  0x3F,0x96,0x2A,0xFF,0x3A,0x98,0x33,0xFF,0x48,0x83,0x27,0xFF,
  0x59,0x4A,0x01,0xFF,0x54,0x4A,0x01,0xFF,0x50,0x56,0x09,0xFF,
  0x37,0xA6,0x48,0xFF,0x36,0xA7,0x50,0xFF,0x38,0xA5,0x4E,0xFF,
  0x39,0x9F,0x4F,0xFF,0x3A,0x99,0x50,0xFF,0x38,0x99,0x4C,0xFF,
  0x35,0x99,0x4A,0xFF,0x35,0x99,0x49,0xFF,0x31,0x9C,0x50,0xFF,
  0x3A,0x8D,0x36,0xFF,0x4A,0x71,0x07,0xFF,0x44,0x73,0x0A,0xFD,
  0x44,0x73,0x0B,0xFF,0x3A,0x30,0x25,0x8F,0x2F,0x12,0x24,0xDD,
  0x2A,0x0C,0x24,0xE0,0x32,0x33,0x1E,0xEE,0x35,0x51,0x0B,0xFF,
  0x3D,0x42,0x05,0xFE,0x45,0x60,0x16,0xFF,0x3A,0x8A,0x2F,0xFF,
  0x3C,0x84,0x29,0xFD,0x3D,0x89,0x24,0xFF,0x43,0x4F,0x18,0x53,
  0x33,0x1D,0x1F,0x91,0x3E,0x1E,0x17,0xD1,0x3E,0x27,0x3C,0xF3,
  0x3D,0x2F,0x58,0xFF,0x3C,0x27,0x54,0xFE,0x3C,0x27,0x60,0xFF,
  0x40,0x2F,0x62,0xFF,0x3D,0x30,0x5A,0xFF,0x3B,0x2F,0x54,0xFF,
  0x34,0x36,0x89,0xFF,0x33,0x3B,0x93,0xFF,0x34,0x34,0x84,0xFF,
  0x33,0x48,0xA4,0xFE,0x2C,0x68,0xD7,0xFF,0x2C,0x66,0xD7,0xFF,
  0x30,0x5F,0xC5,0xFF,0x36,0x30,0x76,0xFF,0x34,0x30,0x7A,0xFF,
  0x2F,0x2D,0x81,0xFF,0x3D,0x2A,0x49,0xFF,0x40,0x24,0x29,0xFF,
  0x36,0x1B,0x2C,0xFF,0x31,0x18,0x39,0xFF,0x32,0x1D,0x4D,0xFF,
  0x32,0x1B,0x47,0xFF,0x30,0x17,0x45,0xFF,0x2C,0x29,0x6F,0xFF,
  0x30,0x36,0x88,0xFF,0x31,0x38,0x8A,0xFF,0x32,0x38,0x98,0xFF,
  0x35,0x36,0x65,0xFF,0x3A,0x31,0x40,0xFF,0x3A,0x2D,0x52,0xFF,
  0x35,0x23,0x38,0xFE,0x30,0x1D,0x22,0xF8,0x2A,0x13,0x21,0xC4,
  0x3B,0x5B,0x22,0xD6,0x39,0x7B,0x1B,0xFF,0x37,0x6E,0x18,0xFD,
  0x3B,0x6D,0x19,0xFF,0x39,0x6A,0x18,0xFF,0x3B,0x6C,0x17,0xFF,
  0x3E,0x70,0x17,0xFF,0x40,0x72,0x18,0xFF,0x42,0x72,0x1B,0xFF,
  0x44,0x78,0x1C,0xFF,0x44,0x51,0x25,0xFF,0x3A,0x1D,0x27,0xFF,
  0x39,0x24,0x24,0xFF,0x3B,0x27,0x2D,0xFF,0x30,0x39,0x77,0xFF,
  0x2D,0x38,0x7D,0xFF,0x2F,0x35,0x77,0xFF,0x32,0x32,0x78,0xFF,
  0x2F,0x31,0x77,0xFF,0x2E,0x2F,0x7B,0xFF,0x36,0x1F,0x4B,0xFF,
  0x38,0x1C,0x3A,0xFF,0x36,0x1D,0x39,0xFF,0x35,0x1D,0x3D,0xFF,
  0x35,0x26,0x67,0xFF,0x34,0x2A,0x60,0xFF,0x36,0x26,0x59,0xFF,
  0x2D,0x34,0x88,0xFF,0x2E,0x3D,0x9B,0xFF,0x31,0x3D,0x98,0xFF,
  0x30,0x3E,0x9D,0xFF,0x2F,0x3C,0x9E,0xFF,0x30,0x3F,0x9F,0xFF,
  0x29,0x6E,0xD3,0xFF,0x26,0x6D,0xD5,0xFF,0x28,0x68,0xD8,0xFF,
  0x29,0x66,0xDC,0xFF,0x2B,0x6B,0xDC,0xFF,0x2E,0x72,0xD9,0xFF,
  0x2F,0x79,0xD4,0xFF,0x32,0x81,0xD8,0xFF,0x34,0x77,0xCB,0xFF,
  0x2F,0x34,0x79,0xFF,0x31,0x2A,0x78,0xFF,0x2F,0x2C,0x7E,0xFF,
  0x32,0x2C,0x80,0xFF,0x32,0x2C,0x7F,0xFF,0x30,0x2D,0x7F,0xFF,
  0x31,0x2A,0x6B,0xFF,0x36,0x23,0x58,0xFF,0x35,0x22,0x5E,0xFF,
  0x32,0x1E,0x42,0xFF,0x31,0x18,0x2C,0xFF,0x2C,0x1B,0x2A,0xFF,
  0x2D,0x11,0x28,0xEB,0x35,0x45,0x16,0xF0,0x3E,0x68,0x0F,0xFF,
  0x44,0x62,0x12,0xFF,0x53,0x53,0x0A,0xFF,0x5F,0x49,0x04,0xFF,
  0x5A,0x4B,0x04,0xFF,0x48,0x73,0x13,0xFF,0x46,0x78,0x15,0xFF,
  0x47,0x6F,0x13,0xFF,0x48,0x66,0x16,0xFF,0x47,0x50,0x15,0xFF,
  0x45,0x49,0x0F,0xFF,0x43,0x53,0x10,0xFF,0x3B,0x69,0x18,0xFF,
  0x3F,0x47,0x39,0xFF,0x37,0x20,0x59,0xFF,0x31,0x1F,0x4C,0xFF,
  0x2F,0x21,0x5D,0xFF,0x25,0x33,0x89,0xFF,0x29,0x32,0x80,0xFF,
  0x29,0x32,0x7C,0xFF,0x2D,0x34,0x7D,0xFF,0x32,0x29,0x65,0xFF,
  0x32,0x23,0x56,0xFF,0x34,0x24,0x61,0xFF,0x37,0x24,0x62,0xFF,
  0x37,0x29,0x65,0xFF,0x38,0x28,0x5C,0xFF,0x38,0x1C,0x42,0xFF,
  0x37,0x1D,0x3B,0xFF,0x34,0x1B,0x31,0xFE,0x36,0x5F,0x29,0xFF,
  0x34,0x70,0x22,0xFF,0x31,0x60,0x23,0xFF,0x2E,0x1F,0x27,0xFD,
  0x2E,0x1A,0x2A,0xFF,0x30,0x25,0x3F,0xFF,0x2F,0x36,0x6E,0xFF,
  0x35,0x37,0x72,0xFF,0x32,0x34,0x77,0xFF,0x30,0x45,0x9E,0xFF,
  0x37,0x51,0xAF,0xFF,0x33,0x54,0xB5,0xFF,0x38,0x35,0x6B,0xFF,
  0x3D,0x24,0x42,0xFF,0x3B,0x25,0x48,0xFF,0x3D,0x23,0x42,0xFF,
  0x3A,0x1F,0x3D,0xFF,0x3A,0x23,0x44,0xFF,0x38,0x29,0x67,0xFF,
  0x3B,0x20,0x5D,0xFF,0x25,0x49,0x9D,0xFF,0x1F,0x5A,0xBB,0xFF,
  0x23,0x57,0xB4,0xFF,0x23,0x5A,0xB8,0xFE,0x26,0x48,0x9E,0xFF,
  0x35,0x31,0x56,0xFF,0x38,0x35,0x55,0xFF,0x37,0x29,0x51,0xFF,
  0x38,0x2D,0x5E,0xFF,0x39,0x23,0x4F,0xFF,0x3B,0x1C,0x3F,0xFF,
  0x3D,0x25,0x46,0xFF,0x3A,0x37,0x6F,0xFF,0x35,0x39,0x77,0xFF,
  0x32,0x32,0x61,0xFF,0x2F,0x24,0x29,0xED,0x2C,0x23,0x21,0xDF,
  0x2D,0x2A,0x30,0xCE,0x2F,0x31,0x7F,0xFF,0x2F,0x30,0x85,0xFF,
  0x32,0x26,0x6C,0xFF,0x34,0x28,0x72,0xFF,0x32,0x2F,0x7A,0xFF,
  0x3A,0x30,0x6D,0xFF,0x2C,0x51,0xA5,0xFF,0x24,0x71,0xE1,0xFF,
  0x2B,0x71,0xD3,0xFF,0x29,0x71,0xD9,0xFF,0x2A,0x66,0xD3,0xFF,
  0x2D,0x53,0xC4,0xFD,0x2C,0x5F,0xD4,0xFF,0x30,0x4C,0x95,0xD9,
  0x00,0x00,0x00,0x00,0x00,0xFF,0xFF,0x01,0x00,0x00,0x00,0x00,
  0x00,0x00,0x00,0x00,0x00,0x00,0xFF,0x01,0x00,0x00,0x00,0x00,
  0x38,0x30,0x55,0xD7,0x3E,0x37,0x70,0xFF,0x3C,0x36,0x6D,0xFD,
  0x3B,0x31,0x65,0xFF,0x39,0x28,0x45,0xFF,0x39,0x2A,0x47,0xFF,
  0x3A,0x29,0x47,0xFE,0x3E,0x2C,0x36,0xFF,0x3B,0x34,0x21,0xEB,
  0x34,0x3E,0x25,0xA4,0x2B,0x3E,0x23,0x82,0x38,0x34,0x34,0xEB,
  0x3B,0x29,0x42,0xFF,0x36,0x20,0x39,0xFE,0x37,0x22,0x3F,0xFF,
  0x37,0x21,0x45,0xFF,0x38,0x26,0x51,0xFF,0x39,0x28,0x54,0xFF,
  0x39,0x26,0x57,0xFF,0x37,0x25,0x56,0xFF,0x37,0x23,0x54,0xFF,
  0x35,0x22,0x4F,0xFE,0x34,0x23,0x4F,0xFE,0x2F,0x20,0x34,0xE7,
  0x24,0x1A,0x1F,0xCB,0x25,0x15,0x23,0xD5,0x37,0x46,0x20,0xE6,
  0x3E,0x62,0x14,0xFF,0x40,0x5D,0x0E,0xFE,0x46,0x77,0x15,0xFF,
  0x40,0x99,0x29,0xFF,0x39,0x9B,0x32,0xFF,0x46,0x87,0x27,0xFF,
  0x5B,0x4C,0x05,0xFF,0x57,0x4C,0x05,0xFF,0x53,0x58,0x0E,0xFF,
  0x37,0xA6,0x49,0xFF,0x36,0xA6,0x50,0xFF,0x37,0xA5,0x4E,0xFF,
  0x38,0xA1,0x52,0xFF,0x3A,0x9D,0x54,0xFF,0x36,0x9D,0x50,0xFF,
  0x34,0x9D,0x4F,0xFF,0x32,0x9C,0x4F,0xFF,0x2E,0xA0,0x56,0xFF,
  0x38,0x92,0x3D,0xFF,0x4A,0x77,0x0F,0xFF,0x44,0x77,0x11,0xFF,
  0x41,0x79,0x10,0xFF,0x37,0x30,0x25,0xCE,0x35,0x19,0x26,0xFF,
  0x33,0x16,0x25,0xFF,0x37,0x37,0x23,0xFF,0x33,0x53,0x11,0xFF,
  0x3B,0x46,0x0B,0xFF,0x40,0x65,0x1C,0xFF,0x39,0x8B,0x32,0xFF,
  0x3B,0x85,0x2C,0xFD,0x39,0x8B,0x25,0xFF,0x3A,0x60,0x2C,0x4A,
  0x30,0x20,0x2D,0x9E,0x3A,0x21,0x22,0xD6,0x3E,0x28,0x42,0xF5,
  0x3C,0x2D,0x5C,0xFF,0x3B,0x27,0x56,0xFE,0x3E,0x28,0x65,0xFF,
  0x42,0x2E,0x6B,0xFF,0x3F,0x30,0x64,0xFF,0x3D,0x31,0x5C,0xFF,
  0x35,0x38,0x81,0xFF,0x33,0x3C,0x8A,0xFF,0x34,0x34,0x7C,0xFF,
  0x34,0x48,0x97,0xFF,0x2D,0x68,0xCC,0xFF,0x2B,0x68,0xCE,0xFF,
  0x30,0x61,0xBD,0xFF,0x36,0x31,0x77,0xFF,0x34,0x32,0x7A,0xFF,
  0x30,0x30,0x82,0xFF,0x3C,0x2C,0x4B,0xFF,0x3F,0x24,0x2B,0xFF,
  0x35,0x1E,0x2C,0xFE,0x33,0x1E,0x38,0xFF,0x33,0x21,0x4C,0xFF,
  0x32,0x1F,0x47,0xFF,0x32,0x1D,0x46,0xFF,0x2E,0x2D,0x6E,0xFF,
  0x30,0x36,0x84,0xFF,0x31,0x36,0x86,0xFF,0x31,0x36,0x94,0xFF,
  0x37,0x32,0x6B,0xFF,0x3B,0x2C,0x47,0xFF,0x3C,0x2D,0x56,0xFF,
  0x35,0x28,0x3B,0xFD,0x30,0x23,0x25,0xFF,0x2C,0x1C,0x22,0xFF,
  0x39,0x56,0x24,0xF0,0x39,0x79,0x1F,0xFF,0x37,0x6F,0x1C,0xFE,
  0x38,0x71,0x1E,0xFF,0x37,0x70,0x1D,0xFF,0x39,0x70,0x1B,0xFF,
  0x3C,0x74,0x1C,0xFF,0x3E,0x76,0x1D,0xFF,0x40,0x76,0x20,0xFF,
  0x42,0x7C,0x23,0xFF,0x42,0x56,0x2C,0xFF,0x38,0x1C,0x2F,0xFE,
  0x37,0x24,0x2D,0xFF,0x3A,0x27,0x39,0xFF,0x2F,0x35,0x7F,0xFF,
  0x2F,0x36,0x81,0xFF,0x31,0x35,0x7C,0xFF,0x33,0x32,0x79,0xFF,
  0x30,0x33,0x78,0xFF,0x2F,0x31,0x7A,0xFF,0x38,0x24,0x4B,0xFF,
  0x3A,0x22,0x39,0xFF,0x37,0x21,0x39,0xFF,0x36,0x21,0x3A,0xFF,
  0x34,0x28,0x60,0xFF,0x33,0x2A,0x5D,0xFF,0x35,0x26,0x59,0xFF,
  0x2F,0x36,0x81,0xFF,0x2E,0x3D,0x91,0xFF,0x32,0x3D,0x93,0xFF,
  0x32,0x3E,0x97,0xFF,0x30,0x3A,0x99,0xFF,0x34,0x3C,0x9C,0xFF,
  0x2D,0x67,0xCA,0xFF,0x26,0x67,0xCC,0xFF,0x26,0x65,0xCE,0xFF,
  0x28,0x67,0xD0,0xFF,0x2B,0x6A,0xCF,0xFF,0x2D,0x6D,0xCD,0xFF,
  0x2F,0x70,0xCA,0xFF,0x31,0x78,0xCD,0xFF,0x33,0x74,0xC4,0xFF,
  0x2F,0x37,0x79,0xFF,0x31,0x2E,0x76,0xFF,0x2F,0x2F,0x7A,0xFF,
  0x31,0x30,0x7C,0xFF,0x32,0x30,0x7D,0xFF,0x31,0x31,0x7F,0xFF,
  0x33,0x2D,0x6B,0xFF,0x37,0x25,0x58,0xFF,0x36,0x23,0x5E,0xFF,
  0x35,0x20,0x45,0xFF,0x32,0x1A,0x2B,0xFF,0x2A,0x1D,0x29,0xFE,
  0x30,0x15,0x28,0xFF,0x38,0x44,0x1C,0xFF,0x3E,0x67,0x14,0xFF,
  0x43,0x63,0x19,0xFF,0x51,0x55,0x0D,0xFF,0x5E,0x4D,0x06,0xFF,
  0x59,0x50,0x07,0xFF,0x48,0x74,0x17,0xFF,0x45,0x7C,0x1A,0xFF,
  0x45,0x73,0x17,0xFF,0x44,0x6E,0x1B,0xFF,0x46,0x56,0x1A,0xFF,
  0x45,0x4E,0x15,0xFF,0x42,0x57,0x15,0xFF,0x3C,0x6E,0x22,0xFF,
  0x3E,0x46,0x43,0xFF,0x35,0x1B,0x5D,0xFF,0x32,0x1C,0x50,0xFF,
  0x31,0x20,0x5E,0xFF,0x27,0x31,0x81,0xFF,0x29,0x30,0x7B,0xFF,
  0x2B,0x30,0x79,0xFF,0x2C,0x34,0x7A,0xFF,0x31,0x2D,0x64,0xFF,
  0x32,0x26,0x57,0xFF,0x35,0x28,0x61,0xFF,0x38,0x28,0x62,0xFF,
  0x37,0x2C,0x65,0xFF,0x37,0x2A,0x5A,0xFF,0x37,0x20,0x40,0xFF,
  0x35,0x20,0x3A,0xFF,0x35,0x1E,0x35,0xFF,0x36,0x59,0x2C,0xFF,
  0x34,0x69,0x24,0xFF,0x30,0x5E,0x24,0xFF,0x2D,0x27,0x2B,0xFF,
  0x2A,0x21,0x2E,0xFF,0x2F,0x29,0x43,0xFF,0x2F,0x36,0x72,0xFF,
  0x35,0x36,0x74,0xFF,0x34,0x34,0x7B,0xFF,0x33,0x48,0x9D,0xFF,
  0x38,0x50,0xA9,0xFF,0x33,0x50,0xAF,0xFF,0x38,0x37,0x6E,0xFF,
  0x3D,0x26,0x45,0xFF,0x3A,0x29,0x4A,0xFF,0x3C,0x27,0x44,0xFF,
  0x39,0x25,0x40,0xFF,0x39,0x27,0x44,0xFF,0x39,0x2D,0x69,0xFF,
  0x3B,0x25,0x63,0xFF,0x27,0x4C,0x9C,0xFF,0x21,0x5C,0xB6,0xFF,
  0x25,0x57,0xAE,0xFF,0x25,0x58,0xB2,0xFF,0x26,0x47,0x99,0xFF,
  0x35,0x31,0x57,0xFF,0x38,0x35,0x57,0xFF,0x36,0x2A,0x51,0xFF,
  0x38,0x31,0x5C,0xFF,0x37,0x29,0x4C,0xFF,0x38,0x21,0x3D,0xFF,
  0x3A,0x28,0x46,0xFF,0x39,0x38,0x70,0xFF,0x36,0x3B,0x79,0xFF,
  0x32,0x34,0x66,0xFF,0x34,0x2B,0x2D,0xFF,0x34,0x2C,0x26,0xFF,
  0x2F,0x2E,0x31,0xF1,0x30,0x31,0x7F,0xFF,0x30,0x32,0x84,0xFF,
  0x33,0x2B,0x6E,0xFF,0x35,0x2D,0x72,0xFF,0x32,0x2F,0x79,0xFF,
  0x3A,0x2E,0x73,0xFF,0x2F,0x4E,0xA2,0xFF,0x28,0x6E,0xD9,0xFF,
  0x2B,0x6B,0xCC,0xFF,0x29,0x6E,0xD0,0xFF,0x2B,0x65,0xC8,0xFF,
  0x30,0x55,0xBC,0xFD,0x2E,0x5F,0xCC,0xFF,0x30,0x4B,0x90,0xD9,
  0x00,0x00,0x00,0x00,0x00,0xFF,0xFF,0x01,0x00,0x00,0x00,0x00,
  0x00,0x00,0x00,0x00,0x00,0x00,0xFF,0x01,0x00,0x00,0x00,0x00,
  0x3A,0x32,0x56,0xD9,0x3F,0x39,0x73,0xFF,0x3B,0x37,0x6F,0xFD,
  0x3A,0x33,0x67,0xFF,0x36,0x28,0x45,0xFF,0x36,0x2B,0x45,0xFF,
  0x37,0x2A,0x45,0xFE,0x3B,0x2D,0x34,0xFF,0x39,0x35,0x20,0xE4,
  0x32,0x3C,0x22,0xAC,0x28,0x3C,0x1A,0x90,0x34,0x34,0x31,0xE4,
  0x39,0x29,0x41,0xFF,0x34,0x21,0x38,0xFE,0x35,0x23,0x3C,0xFF,
  0x37,0x23,0x44,0xFF,0x37,0x28,0x52,0xFF,0x39,0x28,0x55,0xFF,
  0x38,0x27,0x57,0xFF,0x35,0x24,0x55,0xFF,0x34,0x23,0x53,0xFF,
  0x32,0x21,0x4E,0xFE,0x30,0x23,0x4E,0xFF,0x2A,0x20,0x35,0xE5,
  0x1F,0x1B,0x1F,0xC1,0x23,0x15,0x23,0xD2,0x36,0x44,0x1F,0xE9,
  0x3C,0x63,0x16,0xFF,0x3C,0x60,0x11,0xFE,0x42,0x79,0x19,0xFF,
  0x3D,0x9B,0x2E,0xFF,0x37,0x9E,0x37,0xFF,0x3E,0x8C,0x30,0xFF,
  0x56,0x50,0x08,0xFF,0x54,0x52,0x08,0xFF,0x50,0x5B,0x11,0xFF,
  0x38,0xA6,0x4B,0xFF,0x36,0xA6,0x50,0xFF,0x37,0xA4,0x4D,0xFF,
  0x36,0xA0,0x4F,0xFF,0x35,0x9D,0x4E,0xFF,0x32,0x9C,0x4B,0xFF,
  0x31,0x9C,0x4B,0xFF,0x30,0x9B,0x4B,0xFF,0x2C,0x9F,0x51,0xFF,
  0x35,0x91,0x3C,0xFF,0x46,0x76,0x0F,0xFF,0x41,0x77,0x11,0xFF,
  0x3C,0x78,0x11,0xFF,0x31,0x2E,0x24,0xE6,0x2E,0x18,0x26,0xFF,
  0x2D,0x13,0x24,0xFF,0x33,0x35,0x21,0xFF,0x31,0x52,0x10,0xFF,
  0x37,0x46,0x0A,0xFF,0x3B,0x63,0x1C,0xFF,0x37,0x8A,0x34,0xFF,
  0x38,0x84,0x2F,0xFE,0x33,0x8C,0x29,0xFF,0x34,0x51,0x27,0x61,
  0x2F,0x1E,0x24,0xC8,0x36,0x23,0x1D,0xEF,0x3B,0x2B,0x42,0xFF,
  0x39,0x2B,0x5E,0xFF,0x38,0x27,0x58,0xFF,0x3D,0x29,0x64,0xFF,
  0x3F,0x2F,0x68,0xFF,0x3E,0x32,0x64,0xFF,0x3D,0x34,0x5D,0xFF,
  0x35,0x3B,0x81,0xFF,0x32,0x3D,0x8C,0xFF,0x33,0x36,0x7F,0xFF,
  0x33,0x49,0x9A,0xFF,0x2C,0x67,0xCD,0xFF,0x29,0x68,0xD0,0xFF,
  0x2E,0x62,0xC0,0xFF,0x33,0x30,0x79,0xFF,0x31,0x30,0x7B,0xFF,
  0x2E,0x2F,0x84,0xFF,0x3A,0x2C,0x4C,0xFF,0x3D,0x25,0x2B,0xFF,
  0x33,0x20,0x2C,0xFF,0x31,0x1E,0x34,0xFF,0x31,0x21,0x4A,0xFF,
  0x2F,0x20,0x46,0xFF,0x31,0x1F,0x43,0xFF,0x2F,0x2E,0x6E,0xFF,
  0x2F,0x38,0x86,0xFF,0x31,0x37,0x89,0xFF,0x30,0x37,0x96,0xFF,
  0x36,0x31,0x71,0xFF,0x3B,0x2C,0x4A,0xFF,0x39,0x2F,0x56,0xFF,
  0x31,0x27,0x3C,0xFE,0x2B,0x21,0x22,0xFF,0x24,0x17,0x22,0xE5,
  0x36,0x54,0x23,0xE9,0x39,0x77,0x21,0xFF,0x36,0x6E,0x1F,0xFE,
  0x35,0x70,0x1D,0xFF,0x34,0x6F,0x1C,0xFF,0x35,0x70,0x1A,0xFF,
  0x38,0x72,0x1B,0xFF,0x3A,0x76,0x1D,0xFF,0x3C,0x75,0x20,0xFF,
  0x3E,0x7B,0x23,0xFF,0x3C,0x56,0x2B,0xFF,0x33,0x1C,0x2E,0xFF,
  0x33,0x24,0x2B,0xFF,0x36,0x27,0x3B,0xFF,0x2E,0x33,0x80,0xFF,
  0x2E,0x35,0x82,0xFF,0x2F,0x33,0x7D,0xFF,0x2F,0x32,0x7B,0xFF,
  0x2D,0x32,0x79,0xFF,0x2D,0x32,0x7A,0xFF,0x35,0x25,0x4A,0xFF,
  0x36,0x22,0x38,0xFF,0x33,0x22,0x37,0xFF,0x33,0x23,0x38,0xFF,
  0x31,0x28,0x5D,0xFF,0x30,0x29,0x5C,0xFF,0x33,0x27,0x57,0xFF,
  0x2F,0x37,0x7D,0xFF,0x2E,0x3D,0x91,0xFF,0x31,0x3D,0x93,0xFF,
  0x31,0x3E,0x99,0xFF,0x30,0x3A,0x9C,0xFF,0x34,0x3C,0xA1,0xFF,
  0x2F,0x69,0xD1,0xFF,0x28,0x6A,0xD3,0xFF,0x27,0x68,0xD3,0xFF,
  0x28,0x69,0xD2,0xFF,0x2A,0x6B,0xD0,0xFF,0x2C,0x6E,0xCF,0xFF,
  0x2E,0x72,0xCF,0xFF,0x31,0x77,0xD1,0xFF,0x32,0x74,0xC5,0xFF,
  0x2C,0x37,0x79,0xFF,0x2C,0x2E,0x76,0xFF,0x2C,0x2F,0x7B,0xFF,
  0x2E,0x2F,0x7D,0xFF,0x2F,0x2F,0x7E,0xFF,0x2F,0x31,0x80,0xFF,
  0x32,0x2E,0x6C,0xFF,0x35,0x26,0x57,0xFF,0x34,0x24,0x5E,0xFF,
  0x33,0x23,0x48,0xFF,0x2E,0x1B,0x2A,0xFF,0x27,0x1D,0x27,0xFF,
  0x2B,0x13,0x26,0xFF,0x36,0x41,0x1E,0xFF,0x3D,0x66,0x16,0xFF,
  0x3F,0x63,0x1B,0xFF,0x4A,0x56,0x0D,0xFF,0x58,0x4E,0x04,0xFF,
  0x56,0x50,0x06,0xFF,0x48,0x71,0x17,0xFF,0x43,0x7B,0x1A,0xFF,
  0x42,0x73,0x16,0xFF,0x3F,0x71,0x19,0xFF,0x42,0x58,0x18,0xFF,
  0x43,0x50,0x15,0xFF,0x3F,0x58,0x14,0xFF,0x3B,0x6A,0x24,0xFF,
  0x3A,0x42,0x45,0xFF,0x32,0x1F,0x5B,0xFF,0x30,0x1F,0x4F,0xFF,
  0x31,0x24,0x5E,0xFF,0x28,0x31,0x81,0xFF,0x29,0x31,0x7D,0xFF,
  0x2B,0x30,0x7B,0xFF,0x2B,0x34,0x7C,0xFF,0x2F,0x2F,0x64,0xFF,
  0x2F,0x26,0x56,0xFF,0x32,0x28,0x60,0xFF,0x35,0x29,0x62,0xFF,
  0x34,0x2A,0x64,0xFF,0x34,0x2A,0x59,0xFF,0x34,0x21,0x40,0xFF,
  0x31,0x1F,0x39,0xFF,0x32,0x1C,0x35,0xFF,0x37,0x56,0x30,0xFF,
  0x35,0x67,0x2A,0xFF,0x30,0x5D,0x26,0xFF,0x2C,0x2B,0x2C,0xFF,
  0x27,0x1E,0x2B,0xFF,0x2F,0x2A,0x43,0xFF,0x2F,0x38,0x72,0xFF,
  0x33,0x37,0x73,0xFF,0x35,0x38,0x7E,0xFF,0x33,0x4B,0x9E,0xFF,
  0x35,0x4E,0xA8,0xFF,0x32,0x50,0xAE,0xFF,0x36,0x39,0x70,0xFF,
  0x3A,0x26,0x47,0xFF,0x38,0x29,0x4B,0xFF,0x39,0x26,0x45,0xFF,
  0x37,0x26,0x41,0xFF,0x37,0x29,0x43,0xFF,0x38,0x2F,0x68,0xFF,
  0x39,0x26,0x64,0xFF,0x28,0x4E,0x9F,0xFF,0x21,0x5D,0xBB,0xFF,
  0x26,0x59,0xB2,0xFF,0x25,0x5A,0xB6,0xFF,0x25,0x4A,0x9E,0xFF,
  0x33,0x31,0x58,0xFF,0x35,0x35,0x55,0xFF,0x33,0x2A,0x50,0xFF,
  0x35,0x30,0x59,0xFF,0x32,0x28,0x48,0xFF,0x32,0x20,0x37,0xFF,
  0x36,0x27,0x42,0xFF,0x37,0x37,0x6F,0xFF,0x34,0x39,0x79,0xFF,
  0x30,0x34,0x68,0xFF,0x30,0x29,0x2B,0xFF,0x2C,0x2A,0x23,0xFF,
  0x2E,0x30,0x31,0xED,0x30,0x33,0x7B,0xFF,0x2F,0x31,0x80,0xFF,
  0x31,0x2C,0x6F,0xFF,0x32,0x2D,0x72,0xFF,0x31,0x31,0x7B,0xFF,
  0x39,0x30,0x76,0xFF,0x30,0x4F,0xA3,0xFF,0x27,0x6D,0xD8,0xFF,
  0x2A,0x6A,0xCE,0xFF,0x29,0x6E,0xD1,0xFF,0x29,0x65,0xC9,0xFF,
  0x2E,0x55,0xBB,0xFD,0x2D,0x5F,0xCD,0xFF,0x30,0x4A,0x8E,0xD9,
  0x00,0x00,0x00,0x00,0x00,0xFF,0xFF,0x01,0x00,0x00,0x00,0x00,
  0x00,0x00,0x00,0x02,0x3F,0x3F,0x7F,0x04,0x55,0x00,0x00,0x03,
  0x3A,0x33,0x57,0xDA,0x3F,0x3A,0x74,0xFF,0x3A,0x37,0x70,0xFD,
  0x39,0x34,0x68,0xFF,0x35,0x2A,0x46,0xFF,0x36,0x2E,0x48,0xFF,
  0x36,0x2C,0x48,0xFE,0x39,0x2F,0x35,0xFF,0x38,0x37,0x1F,0xE3,
  0x30,0x3C,0x22,0xB1,0x29,0x3C,0x18,0x94,0x31,0x36,0x32,0xD3,
  0x37,0x27,0x41,0xFF,0x33,0x21,0x39,0xFD,0x34,0x23,0x3C,0xFF,
  0x35,0x24,0x45,0xFF,0x37,0x29,0x53,0xFF,0x38,0x28,0x55,0xFF,
  0x37,0x27,0x56,0xFF,0x34,0x24,0x55,0xFF,0x32,0x24,0x53,0xFF,
  0x31,0x21,0x4E,0xFE,0x2E,0x23,0x50,0xFF,0x28,0x20,0x36,0xED,
  0x21,0x1D,0x21,0xD5,0x26,0x19,0x24,0xED,0x36,0x43,0x21,0xF3,
  0x3B,0x61,0x17,0xFF,0x3B,0x5F,0x11,0xFE,0x41,0x79,0x1B,0xFF,
  0x3D,0x9A,0x31,0xFF,0x37,0x9C,0x3A,0xFF,0x3B,0x8A,0x35,0xFF,
  0x54,0x51,0x0A,0xFF,0x52,0x53,0x0A,0xFF,0x4E,0x5A,0x14,0xFF,
  0x37,0xA4,0x4B,0xFF,0x36,0xA6,0x4F,0xFF,0x37,0xA3,0x4C,0xFF,
  0x36,0xA0,0x4D,0xFF,0x34,0x9D,0x4C,0xFF,0x32,0x9C,0x49,0xFF,
  0x31,0x9C,0x49,0xFF,0x30,0x9B,0x48,0xFF,0x2D,0x9F,0x4F,0xFF,
  0x34,0x90,0x3C,0xFF,0x45,0x75,0x0F,0xFF,0x41,0x76,0x12,0xFF,
  0x3B,0x76,0x16,0xFF,0x30,0x2D,0x26,0xF8,0x2D,0x19,0x28,0xFC,
  0x2C,0x13,0x26,0xFC,0x32,0x34,0x22,0xFD,0x31,0x51,0x0F,0xFF,
  0x36,0x46,0x0A,0xFF,0x39,0x62,0x1C,0xFF,0x37,0x87,0x34,0xFF,
  0x39,0x81,0x30,0xFE,0x32,0x88,0x2D,0xFF,0x2D,0x4C,0x2D,0x75,
  0x2B,0x1F,0x24,0xD3,0x33,0x24,0x1F,0xF6,0x38,0x2A,0x45,0xFF,
  0x36,0x2A,0x61,0xFF,0x37,0x27,0x5C,0xFF,0x3C,0x2B,0x66,0xFF,
  0x3D,0x31,0x69,0xFF,0x3D,0x34,0x66,0xFF,0x3D,0x36,0x60,0xFF,
  0x33,0x3B,0x81,0xFF,0x31,0x3D,0x8C,0xFF,0x33,0x36,0x80,0xFF,
  0x32,0x48,0x9B,0xFF,0x2B,0x66,0xCC,0xFF,0x29,0x67,0xCE,0xFF,
  0x2D,0x62,0xC1,0xFF,0x32,0x30,0x7B,0xFF,0x30,0x2F,0x7D,0xFF,
  0x2E,0x2F,0x84,0xFF,0x38,0x2B,0x4B,0xFF,0x3C,0x26,0x2B,0xFF,
  0x33,0x22,0x2C,0xFF,0x31,0x21,0x34,0xFF,0x31,0x22,0x4D,0xFF,
  0x2F,0x21,0x49,0xFF,0x32,0x22,0x45,0xFF,0x2F,0x2F,0x70,0xFF,
  0x2F,0x39,0x88,0xFF,0x32,0x37,0x8A,0xFF,0x2F,0x38,0x98,0xFF,
  0x35,0x33,0x77,0xFF,0x3C,0x2F,0x4F,0xFF,0x37,0x31,0x5B,0xFF,
  0x30,0x29,0x41,0xFF,0x2C,0x23,0x24,0xFF,0x22,0x18,0x23,0xE5,
  0x34,0x53,0x23,0xE7,0x3B,0x75,0x22,0xFF,0x38,0x6B,0x21,0xFE,
  0x36,0x6E,0x1D,0xFF,0x34,0x6D,0x1C,0xFF,0x34,0x6E,0x1A,0xFF,
  0x37,0x70,0x1B,0xFF,0x3A,0x74,0x1E,0xFF,0x3D,0x74,0x22,0xFF,
  0x3D,0x78,0x25,0xFF,0x3A,0x55,0x2D,0xFF,0x31,0x1D,0x2F,0xFF,
  0x30,0x25,0x2C,0xFF,0x34,0x28,0x3D,0xFF,0x2D,0x32,0x81,0xFF,
  0x2E,0x34,0x83,0xFF,0x2E,0x32,0x7F,0xFF,0x2D,0x32,0x7E,0xFF,
  0x2D,0x32,0x7C,0xFF,0x2C,0x32,0x7E,0xFF,0x34,0x27,0x4C,0xFF,
  0x35,0x23,0x38,0xFF,0x32,0x24,0x38,0xFF,0x32,0x24,0x38,0xFF,
  0x2F,0x28,0x5D,0xFF,0x2E,0x28,0x5C,0xFF,0x33,0x28,0x57,0xFF,
  0x2F,0x37,0x7B,0xFF,0x2D,0x3C,0x90,0xFF,0x30,0x3C,0x92,0xFF,
  0x31,0x3D,0x9A,0xFF,0x30,0x3A,0x9E,0xFF,0x33,0x3D,0xA5,0xFF,
  0x2E,0x6A,0xD4,0xFF,0x29,0x6B,0xD4,0xFF,0x28,0x69,0xD2,0xFF,
  0x29,0x69,0xD1,0xFF,0x2A,0x6B,0xCE,0xFF,0x2B,0x6D,0xCE,0xFF,
  0x2C,0x71,0xCF,0xFF,0x2E,0x74,0xCF,0xFF,0x2F,0x70,0xC3,0xFF,
  0x2B,0x37,0x7A,0xFF,0x2B,0x2F,0x78,0xFF,0x2B,0x30,0x7E,0xFF,
  0x2D,0x30,0x80,0xFF,0x2F,0x30,0x82,0xFF,0x30,0x33,0x84,0xFF,
  0x32,0x30,0x6E,0xFF,0x34,0x27,0x57,0xFF,0x33,0x26,0x60,0xFF,
  0x33,0x27,0x4E,0xFF,0x2E,0x1F,0x2E,0xFF,0x29,0x22,0x2B,0xFF,
  0x30,0x18,0x29,0xFF,0x38,0x41,0x21,0xFF,0x3C,0x66,0x18,0xFF,
  0x3E,0x62,0x1C,0xFF,0x46,0x56,0x0D,0xFF,0x53,0x4F,0x04,0xFF,
  0x54,0x4F,0x07,0xFF,0x48,0x6E,0x19,0xFF,0x43,0x7A,0x1B,0xFF,
  0x41,0x73,0x17,0xFF,0x3D,0x72,0x1A,0xFF,0x41,0x5A,0x1A,0xFF,
  0x45,0x53,0x17,0xFF,0x3F,0x59,0x18,0xFF,0x3B,0x66,0x2D,0xFF,
  0x38,0x3E,0x4B,0xFF,0x30,0x22,0x5C,0xFF,0x2E,0x21,0x51,0xFF,
  0x2F,0x24,0x5E,0xFF,0x28,0x31,0x81,0xFF,0x2A,0x31,0x7E,0xFF,
  0x2B,0x30,0x7D,0xFF,0x2B,0x34,0x7E,0xFF,0x2E,0x2F,0x65,0xFF,
  0x2F,0x28,0x58,0xFF,0x31,0x29,0x61,0xFF,0x33,0x2A,0x63,0xFF,
  0x33,0x2C,0x66,0xFF,0x33,0x2A,0x5A,0xFF,0x33,0x22,0x42,0xFF,
  0x31,0x22,0x3D,0xFF,0x33,0x1D,0x37,0xFF,0x3A,0x56,0x34,0xFF,
  0x35,0x63,0x2B,0xFF,0x31,0x5B,0x29,0xFF,0x2D,0x2C,0x2A,0xFF,
  0x28,0x1E,0x2B,0xFF,0x2F,0x28,0x44,0xFF,0x2E,0x36,0x70,0xFF,
  0x32,0x35,0x71,0xFF,0x34,0x38,0x80,0xFF,0x31,0x47,0x9C,0xFF,
  0x34,0x4D,0xA9,0xFF,0x33,0x52,0xB0,0xFF,0x36,0x37,0x72,0xFF,
  0x38,0x25,0x49,0xFF,0x36,0x29,0x4B,0xFF,0x36,0x26,0x45,0xFF,
  0x36,0x26,0x41,0xFF,0x37,0x29,0x43,0xFF,0x37,0x2E,0x68,0xFF,
  0x38,0x27,0x67,0xFF,0x28,0x4F,0xA2,0xFF,0x21,0x5E,0xBE,0xFF,
  0x26,0x59,0xB4,0xFF,0x25,0x5A,0xB8,0xFF,0x25,0x4C,0xA2,0xFF,
  0x33,0x32,0x5A,0xFF,0x33,0x34,0x54,0xFF,0x31,0x2A,0x4E,0xFF,
  0x33,0x30,0x58,0xFF,0x2F,0x26,0x47,0xFF,0x30,0x20,0x35,0xFF,
  0x34,0x28,0x42,0xFF,0x35,0x35,0x70,0xFF,0x33,0x37,0x7A,0xFF,
  0x30,0x33,0x6C,0xFF,0x30,0x2A,0x2D,0xFD,0x2B,0x2B,0x23,0xFC,
  0x2E,0x2F,0x32,0xF7,0x2F,0x34,0x7C,0xFF,0x2E,0x32,0x83,0xFF,
  0x30,0x2F,0x76,0xFF,0x31,0x30,0x77,0xFF,0x31,0x33,0x7C,0xFF,
  0x37,0x30,0x76,0xFF,0x2E,0x4C,0xA0,0xFF,0x26,0x6B,0xD6,0xFF,
  0x2A,0x68,0xCD,0xFF,0x28,0x6C,0xD0,0xFF,0x28,0x64,0xC9,0xFF,
  0x2D,0x55,0xB9,0xFD,0x2B,0x5F,0xCD,0xFF,0x30,0x48,0x8B,0xD9,
  0x00,0x00,0x00,0x01,0x00,0xFF,0xFF,0x01,0x00,0x00,0x00,0x00,
  0x00,0x00,0x00,0x00,0x00,0x00,0x01,0x00,0x00,0x00,0x00,0x00,
  0x3B,0x33,0x5C,0xD8,0x3E,0x3A,0x75,0xFF,0x3A,0x38,0x71,0xFD,
  0x38,0x34,0x68,0xFF,0x34,0x26,0x40,0xFF,0x35,0x2A,0x43,0xFF,
  0x35,0x28,0x43,0xFE,0x37,0x2D,0x31,0xFF,0x37,0x38,0x1D,0xDE,
  0x30,0x3B,0x1D,0xB4,0x29,0x3F,0x12,0x8C,0x30,0x38,0x34,0xBC,
  0x36,0x26,0x44,0xFF,0x32,0x20,0x3A,0xFD,0x33,0x22,0x3D,0xFF,
  0x34,0x24,0x47,0xFF,0x37,0x29,0x53,0xFF,0x38,0x28,0x54,0xFF,
  0x37,0x26,0x55,0xFF,0x34,0x24,0x53,0xFF,0x32,0x22,0x50,0xFF,
  0x30,0x1F,0x4C,0xFE,0x2E,0x1E,0x4C,0xFF,0x29,0x1A,0x32,0xF1,
  0x23,0x18,0x1D,0xD2,0x26,0x15,0x1F,0xD9,0x39,0x42,0x1F,0xEC,
  0x3B,0x62,0x17,0xFF,0x39,0x5F,0x0E,0xFE,0x40,0x7B,0x18,0xFF,
  0x3E,0x9D,0x2E,0xFF,0x37,0x9D,0x38,0xFF,0x39,0x8B,0x34,0xFF,
  0x53,0x50,0x08,0xFF,0x51,0x52,0x08,0xFF,0x4B,0x59,0x15,0xFF,
  0x35,0xA6,0x4B,0xFF,0x36,0xA6,0x4E,0xFF,0x37,0xA3,0x4B,0xFF,
  0x36,0xA0,0x4C,0xFF,0x34,0x9D,0x4B,0xFF,0x32,0x9C,0x49,0xFF,
  0x31,0x9C,0x48,0xFF,0x30,0x9B,0x47,0xFF,0x2E,0x9F,0x4E,0xFF,
  0x35,0x90,0x3C,0xFF,0x45,0x76,0x0D,0xFF,0x42,0x76,0x12,0xFF,
  0x3C,0x76,0x19,0xFF,0x31,0x2C,0x26,0xED,0x2E,0x17,0x27,0xFE,
  0x2D,0x11,0x26,0xFF,0x33,0x34,0x22,0xFF,0x31,0x52,0x0E,0xFF,
  0x34,0x46,0x08,0xFF,0x39,0x65,0x1B,0xFF,0x36,0x8B,0x31,0xFF,
  0x39,0x84,0x2E,0xFE,0x33,0x89,0x2F,0xFF,0x2C,0x51,0x2F,0x67,
  0x26,0x1D,0x23,0xB4,0x30,0x23,0x1E,0xE5,0x36,0x26,0x44,0xFF,
  0x35,0x27,0x60,0xFF,0x37,0x24,0x5E,0xFF,0x3B,0x29,0x64,0xFF,
  0x3C,0x2F,0x68,0xFF,0x3B,0x32,0x64,0xFF,0x3C,0x33,0x5D,0xFF,
  0x32,0x39,0x82,0xFF,0x31,0x3C,0x8D,0xFF,0x33,0x35,0x81,0xFF,
  0x31,0x47,0x9C,0xFF,0x2B,0x66,0xCB,0xFF,0x2A,0x66,0xCD,0xFF,
  0x2E,0x61,0xC1,0xFF,0x30,0x2B,0x7A,0xFF,0x2F,0x2B,0x7C,0xFF,
  0x2C,0x2A,0x80,0xFF,0x37,0x28,0x49,0xFF,0x3B,0x26,0x2A,0xFF,
  0x33,0x22,0x29,0xFF,0x34,0x22,0x32,0xFF,0x31,0x20,0x4D,0xFF,
  0x30,0x1F,0x48,0xFF,0x34,0x20,0x42,0xFF,0x2F,0x2E,0x72,0xFF,
  0x2F,0x38,0x8A,0xFF,0x32,0x37,0x8A,0xFF,0x2E,0x36,0x97,0xFF,
  0x34,0x2F,0x76,0xFF,0x3D,0x2A,0x4D,0xFF,0x39,0x2D,0x57,0xFF,
  0x2F,0x24,0x3B,0xFC,0x26,0x20,0x1F,0xF3,0x1D,0x17,0x21,0xC0,
  0x37,0x5D,0x20,0xD5,0x3C,0x79,0x1F,0xFF,0x38,0x6D,0x1E,0xFE,
  0x37,0x72,0x1A,0xFF,0x35,0x71,0x19,0xFF,0x35,0x72,0x17,0xFF,
  0x38,0x74,0x18,0xFF,0x3B,0x76,0x1C,0xFF,0x3E,0x75,0x20,0xFF,
  0x40,0x79,0x25,0xFF,0x3A,0x52,0x29,0xFB,0x30,0x18,0x28,0xFA,
  0x30,0x22,0x27,0xFF,0x33,0x24,0x37,0xFD,0x2C,0x2D,0x80,0xFF,
  0x2D,0x30,0x82,0xFF,0x2D,0x2F,0x7F,0xFF,0x2D,0x2F,0x7E,0xFF,
  0x2D,0x2F,0x7B,0xFF,0x29,0x2D,0x7C,0xFF,0x33,0x25,0x4A,0xFF,
  0x35,0x23,0x36,0xFF,0x32,0x22,0x37,0xFF,0x33,0x24,0x36,0xFF,
  0x2F,0x27,0x5B,0xFF,0x2E,0x26,0x59,0xFF,0x33,0x26,0x54,0xFF,
  0x2E,0x36,0x7B,0xFF,0x2C,0x3C,0x91,0xFF,0x30,0x3B,0x93,0xFF,
  0x31,0x3C,0x9B,0xFF,0x31,0x38,0x9D,0xFF,0x32,0x3B,0xA4,0xFF,
  0x2D,0x6B,0xD8,0xFF,0x29,0x6B,0xD5,0xFF,0x29,0x69,0xD2,0xFF,
  0x2A,0x69,0xD1,0xFF,0x2A,0x6A,0xCE,0xFF,0x2B,0x6D,0xD0,0xFF,
  0x2B,0x73,0xD3,0xFF,0x2D,0x77,0xD2,0xFF,0x2E,0x71,0xC4,0xFF,
  0x2B,0x32,0x75,0xFF,0x2B,0x2B,0x74,0xFF,0x2B,0x2C,0x7B,0xFF,
  0x2D,0x2D,0x7E,0xFF,0x2F,0x2E,0x7F,0xFF,0x30,0x31,0x81,0xFF,
  0x31,0x2D,0x6B,0xFF,0x33,0x25,0x53,0xFF,0x33,0x25,0x5D,0xFF,
  0x33,0x25,0x4D,0xFF,0x30,0x1B,0x28,0xFF,0x28,0x1B,0x24,0xFA,
  0x2E,0x11,0x20,0xF2,0x39,0x3F,0x1C,0xFC,0x3B,0x67,0x16,0xFF,
  0x3E,0x62,0x17,0xFF,0x46,0x57,0x08,0xFF,0x50,0x4F,0x00,0xFF,
  0x53,0x4E,0x03,0xFF,0x47,0x6D,0x17,0xFF,0x43,0x7B,0x19,0xFF,
  0x42,0x75,0x15,0xFF,0x3D,0x74,0x19,0xFF,0x41,0x5C,0x18,0xFF,
  0x48,0x56,0x16,0xFF,0x40,0x5A,0x1B,0xFF,0x3C,0x5C,0x31,0xFF,
  0x39,0x37,0x4E,0xFF,0x30,0x1F,0x5B,0xFF,0x2C,0x1F,0x52,0xFF,
  0x2B,0x21,0x5F,0xFF,0x27,0x2F,0x81,0xFF,0x2A,0x30,0x7E,0xFF,
  0x2B,0x30,0x7D,0xFF,0x2B,0x34,0x7E,0xFF,0x2D,0x2C,0x65,0xFF,
  0x2F,0x27,0x59,0xFF,0x30,0x29,0x60,0xFF,0x33,0x29,0x62,0xFF,
  0x33,0x2A,0x61,0xFF,0x33,0x25,0x54,0xFF,0x33,0x1E,0x3F,0xFF,
  0x32,0x1E,0x39,0xFF,0x35,0x18,0x30,0xFF,0x3D,0x56,0x38,0xFF,
  0x35,0x60,0x2D,0xFF,0x34,0x5B,0x2D,0xFF,0x31,0x2D,0x29,0xFF,
  0x2D,0x1C,0x2A,0xFF,0x31,0x27,0x48,0xFF,0x2D,0x32,0x70,0xFF,
  0x32,0x33,0x73,0xFF,0x33,0x39,0x87,0xFF,0x2F,0x42,0x9D,0xFF,
  0x33,0x4B,0xA8,0xFF,0x34,0x50,0xAF,0xFF,0x36,0x31,0x71,0xFF,
  0x37,0x23,0x4B,0xFF,0x35,0x28,0x4D,0xFF,0x35,0x26,0x48,0xFF,
  0x35,0x26,0x46,0xFF,0x37,0x29,0x49,0xFF,0x37,0x2D,0x6B,0xFF,
  0x37,0x25,0x68,0xFF,0x28,0x4E,0xA5,0xFF,0x21,0x5F,0xC2,0xFF,
  0x25,0x59,0xB6,0xFF,0x25,0x5A,0xB9,0xFF,0x26,0x4C,0xA3,0xFF,
  0x31,0x2B,0x55,0xFF,0x31,0x2F,0x50,0xFF,0x30,0x29,0x4C,0xFF,
  0x30,0x2D,0x56,0xFF,0x2E,0x23,0x46,0xFF,0x2F,0x1D,0x30,0xFF,
  0x32,0x25,0x3E,0xFF,0x34,0x34,0x73,0xFF,0x33,0x36,0x7C,0xFF,
  0x30,0x32,0x6E,0xFF,0x30,0x28,0x2B,0xFF,0x2D,0x29,0x20,0xFF,
  0x30,0x28,0x2E,0xFF,0x2E,0x2C,0x76,0xFF,0x2E,0x2B,0x7E,0xFF,
  0x2E,0x2A,0x75,0xFF,0x2F,0x2C,0x75,0xFF,0x30,0x31,0x7A,0xFF,
  0x34,0x2D,0x74,0xFF,0x2C,0x4C,0xA2,0xFF,0x25,0x6F,0xDC,0xFF,
  0x2A,0x6C,0xD2,0xFF,0x28,0x6C,0xD2,0xFF,0x28,0x63,0xC9,0xFF,
  0x2C,0x54,0xB9,0xFD,0x2A,0x61,0xD0,0xFF,0x30,0x48,0x89,0xD9,
  0x00,0x00,0x00,0x00,0x00,0x7F,0xFF,0x02,0x00,0x00,0x00,0x00,
  0x00,0x00,0x01,0x00,0x00,0x00,0x02,0x00,0x00,0x00,0x02,0x00,
  0x3B,0x35,0x60,0xD7,0x3E,0x3C,0x77,0xFF,0x3A,0x3A,0x72,0xFD,
  0x38,0x33,0x67,0xFF,0x32,0x20,0x36,0xFF,0x33,0x22,0x37,0xFF,
  0x32,0x21,0x36,0xFF,0x34,0x2A,0x2A,0xFD,0x36,0x3A,0x1D,0xD7,
  0x2E,0x3B,0x16,0xBE,0x29,0x3E,0x0C,0x8E,0x33,0x3C,0x36,0xAD,
  0x36,0x26,0x46,0xFF,0x32,0x1F,0x3C,0xFD,0x33,0x21,0x3E,0xFF,
  0x35,0x24,0x47,0xFF,0x38,0x29,0x53,0xFF,0x39,0x29,0x53,0xFF,
  0x38,0x26,0x53,0xFF,0x34,0x22,0x4F,0xFF,0x32,0x1F,0x4B,0xFF,
  0x2E,0x1C,0x47,0xFE,0x2D,0x1A,0x44,0xFF,0x2B,0x14,0x2D,0xEB,
  0x1F,0x0E,0x19,0xAC,0x1C,0x05,0x1C,0x8D,0x3C,0x45,0x1F,0xD4,
  0x3A,0x63,0x17,0xFF,0x37,0x61,0x0D,0xFD,0x3E,0x80,0x14,0xFF,
  0x3C,0xA3,0x28,0xFF,0x34,0xA2,0x32,0xFF,0x34,0x91,0x32,0xFF,
  0x51,0x51,0x08,0xFF,0x4F,0x51,0x08,0xFF,0x49,0x5A,0x16,0xFF,
  0x33,0xAA,0x4A,0xFF,0x36,0xA5,0x4C,0xFF,0x37,0xA1,0x4B,0xFF,
  0x36,0x9E,0x4B,0xFF,0x34,0x9B,0x4A,0xFF,0x31,0x9C,0x49,0xFF,
  0x31,0x9D,0x48,0xFF,0x31,0x9C,0x48,0xFF,0x2E,0x9D,0x4D,0xFF,
  0x35,0x90,0x3A,0xFF,0x41,0x77,0x0C,0xFF,0x3F,0x78,0x10,0xFF,
  0x3C,0x77,0x1A,0xFF,0x31,0x2A,0x28,0xD2,0x2F,0x14,0x27,0xFD,
  0x2E,0x10,0x26,0xFF,0x34,0x36,0x22,0xFF,0x2E,0x54,0x0D,0xFF,
  0x32,0x48,0x07,0xFF,0x37,0x6A,0x1A,0xFF,0x32,0x94,0x2F,0xFF,
  0x36,0x8B,0x2C,0xFE,0x31,0x8F,0x30,0xFF,0x2C,0x62,0x2C,0x4B,
  0x22,0x1C,0x27,0x8D,0x2F,0x22,0x1C,0xD0,0x36,0x24,0x42,0xFF,
  0x35,0x24,0x60,0xFF,0x37,0x23,0x5E,0xFF,0x38,0x27,0x60,0xFF,
  0x3A,0x2C,0x64,0xFF,0x37,0x2F,0x60,0xFF,0x3B,0x30,0x56,0xFF,
  0x32,0x38,0x82,0xFF,0x32,0x3C,0x8D,0xFF,0x35,0x33,0x81,0xFF,
  0x31,0x47,0x9D,0xFF,0x2C,0x66,0xCA,0xFF,0x2B,0x66,0xCC,0xFF,
  0x30,0x60,0xBF,0xFF,0x2E,0x28,0x7B,0xFF,0x2D,0x2A,0x7D,0xFF,
  0x29,0x29,0x7F,0xFF,0x34,0x27,0x4B,0xFF,0x39,0x25,0x2A,0xFF,
  0x33,0x21,0x27,0xFF,0x38,0x21,0x2F,0xFF,0x31,0x20,0x4A,0xFF,
  0x30,0x1D,0x45,0xFF,0x35,0x1D,0x3D,0xFF,0x2D,0x2D,0x72,0xFF,
  0x2D,0x36,0x8C,0xFF,0x32,0x36,0x89,0xFF,0x2F,0x35,0x96,0xFF,
  0x35,0x27,0x71,0xFF,0x3E,0x20,0x49,0xFE,0x3C,0x25,0x4D,0xFF,
  0x30,0x1D,0x32,0xEC,0x1C,0x1D,0x1D,0xB4,0x0A,0x11,0x20,0x75,
  0x3B,0x6F,0x1B,0xB7,0x3B,0x80,0x1C,0xFF,0x35,0x73,0x1B,0xFC,
  0x36,0x79,0x16,0xFF,0x36,0x7B,0x14,0xFF,0x35,0x7C,0x11,0xFF,
  0x38,0x7C,0x14,0xFF,0x39,0x7B,0x1B,0xFF,0x3D,0x79,0x1F,0xFE,
  0x42,0x7E,0x24,0xFF,0x3E,0x55,0x27,0xE6,0x33,0x13,0x23,0xDF,
  0x33,0x1F,0x21,0xFF,0x36,0x1F,0x30,0xF5,0x29,0x28,0x7E,0xFF,
  0x2C,0x2C,0x82,0xFF,0x2D,0x2C,0x7F,0xFF,0x2C,0x2B,0x7C,0xFF,
  0x2B,0x2B,0x78,0xFF,0x26,0x28,0x74,0xFF,0x32,0x21,0x44,0xFF,
  0x33,0x21,0x34,0xFF,0x30,0x20,0x33,0xFF,0x35,0x23,0x30,0xFF,
  0x2F,0x26,0x58,0xFF,0x2F,0x25,0x56,0xFF,0x33,0x24,0x51,0xFF,
  0x2E,0x34,0x7A,0xFF,0x2D,0x3C,0x92,0xFF,0x31,0x3B,0x94,0xFF,
  0x32,0x3B,0x9B,0xFF,0x31,0x38,0x9C,0xFF,0x33,0x3B,0xA1,0xFF,
  0x2D,0x6C,0xDA,0xFF,0x2A,0x6A,0xD7,0xFF,0x2B,0x6A,0xD3,0xFF,
  0x2B,0x69,0xD2,0xFF,0x2B,0x6A,0xCE,0xFF,0x2C,0x6E,0xD2,0xFF,
  0x2E,0x75,0xD5,0xFF,0x30,0x7B,0xD5,0xFF,0x32,0x75,0xC7,0xFF,
  0x2A,0x2C,0x6F,0xFF,0x29,0x26,0x6D,0xFF,0x29,0x27,0x73,0xFF,
  0x2C,0x28,0x78,0xFF,0x2E,0x2B,0x78,0xFF,0x2F,0x2D,0x79,0xFF,
  0x30,0x28,0x64,0xFF,0x31,0x24,0x4F,0xFF,0x33,0x21,0x55,0xFF,
  0x34,0x1F,0x45,0xFE,0x31,0x12,0x1F,0xFF,0x26,0x0D,0x19,0xE0,
  0x26,0x00,0x17,0xAD,0x38,0x3C,0x19,0xEF,0x3A,0x65,0x18,0xFF,
  0x3E,0x60,0x15,0xFE,0x47,0x58,0x05,0xFF,0x4D,0x50,0x00,0xFF,
  0x52,0x4D,0x01,0xFF,0x44,0x6E,0x15,0xFF,0x3F,0x7D,0x18,0xFF,
  0x42,0x76,0x14,0xFF,0x3E,0x76,0x18,0xFF,0x41,0x5B,0x15,0xFF,
  0x48,0x56,0x18,0xFF,0x41,0x59,0x1F,0xFF,0x3B,0x4E,0x30,0xFF,
  0x3A,0x2F,0x4F,0xFF,0x30,0x1D,0x5C,0xFF,0x2B,0x1F,0x56,0xFF,
  0x2A,0x22,0x64,0xFF,0x25,0x2E,0x80,0xFF,0x2A,0x30,0x7E,0xFF,
  0x2A,0x30,0x7C,0xFF,0x2A,0x34,0x7D,0xFF,0x2D,0x2C,0x65,0xFF,
  0x2D,0x26,0x58,0xFF,0x2F,0x28,0x5D,0xFF,0x35,0x28,0x5F,0xFF,
  0x34,0x26,0x59,0xFF,0x34,0x21,0x4D,0xFF,0x32,0x19,0x3B,0xFF,
  0x2F,0x16,0x31,0xFF,0x34,0x11,0x29,0xFF,0x3C,0x51,0x3E,0xFF,
  0x36,0x5C,0x34,0xFF,0x35,0x5C,0x36,0xFF,0x36,0x32,0x2F,0xFF,
  0x33,0x1B,0x2C,0xFF,0x33,0x2D,0x56,0xFF,0x2C,0x33,0x75,0xFF,
  0x32,0x35,0x7B,0xFF,0x33,0x40,0x95,0xFF,0x2E,0x45,0xA3,0xFF,
  0x31,0x49,0xA5,0xFF,0x32,0x4B,0xAA,0xFF,0x37,0x2F,0x73,0xFF,
  0x37,0x23,0x51,0xFF,0x34,0x28,0x54,0xFF,0x36,0x28,0x52,0xFF,
  0x34,0x28,0x52,0xFF,0x36,0x2B,0x54,0xFF,0x37,0x2D,0x6F,0xFF,
  0x37,0x22,0x69,0xFF,0x28,0x4E,0xA8,0xFF,0x22,0x62,0xC5,0xFF,
  0x26,0x5A,0xB9,0xFF,0x26,0x5C,0xBC,0xFF,0x26,0x4C,0xA3,0xFF,
  0x2A,0x23,0x50,0xFF,0x2D,0x2B,0x4F,0xFF,0x2F,0x27,0x4C,0xFF,
  0x2E,0x2A,0x54,0xFF,0x2E,0x23,0x48,0xFF,0x2D,0x19,0x2B,0xFF,
  0x2F,0x20,0x37,0xFF,0x33,0x34,0x75,0xFF,0x33,0x36,0x7E,0xFF,
  0x31,0x31,0x6B,0xFF,0x2D,0x23,0x2A,0xFF,0x2F,0x28,0x23,0xFF,
  0x31,0x22,0x30,0xFF,0x2C,0x20,0x6C,0xFF,0x2D,0x22,0x74,0xFF,
  0x2B,0x22,0x6D,0xFF,0x2C,0x26,0x6D,0xFF,0x2E,0x2D,0x76,0xFF,
  0x32,0x2B,0x73,0xFF,0x2B,0x50,0xA7,0xFF,0x26,0x76,0xE3,0xFF,
  0x2C,0x70,0xD8,0xFF,0x2A,0x6D,0xD3,0xFF,0x29,0x62,0xC8,0xFF,
  0x2B,0x53,0xB9,0xFD,0x2A,0x63,0xD1,0xFF,0x2F,0x48,0x84,0xDA,
  0x66,0x33,0x66,0x05,0x38,0x38,0x71,0x09,0x33,0x33,0x33,0x05,
  0x00,0x00,0x00,0x0A,0x2C,0x16,0x00,0x17,0x1F,0x00,0x00,0x10,
  0x3A,0x35,0x5E,0xDE,0x3C,0x3C,0x77,0xFF,0x39,0x39,0x6F,0xFD,
  0x38,0x33,0x68,0xFF,0x33,0x25,0x3E,0xFF,0x33,0x28,0x3D,0xFF,
  0x32,0x29,0x41,0xFF,0x33,0x30,0x34,0xFD,0x34,0x37,0x21,0xE4,
  0x2F,0x38,0x18,0xDA,0x2E,0x38,0x11,0xB9,0x35,0x35,0x37,0xC9,
  0x35,0x24,0x45,0xFF,0x32,0x1F,0x3E,0xFE,0x33,0x21,0x40,0xFF,
  0x35,0x24,0x47,0xFF,0x38,0x29,0x53,0xFF,0x39,0x29,0x53,0xFF,
  0x38,0x27,0x53,0xFF,0x32,0x22,0x51,0xFF,0x30,0x20,0x4D,0xFF,
  0x2E,0x1D,0x4A,0xFE,0x2B,0x1B,0x49,0xFF,0x2B,0x18,0x3D,0xEF,
  0x25,0x1B,0x38,0xBA,0x21,0x15,0x42,0x99,0x3C,0x43,0x2A,0xDA,
  0x3D,0x63,0x1D,0xFF,0x38,0x65,0x11,0xFD,0x3D,0x87,0x14,0xFF,
  0x3C,0xA9,0x26,0xFF,0x33,0xA7,0x35,0xFF,0x31,0x95,0x37,0xFF,
  0x51,0x52,0x08,0xFF,0x52,0x53,0x0B,0xFF,0x4C,0x59,0x1A,0xFF,
  0x31,0xAB,0x4B,0xFF,0x36,0xA5,0x4F,0xFF,0x37,0xA2,0x50,0xFF,
  0x36,0x9F,0x51,0xFF,0x35,0x9E,0x4F,0xFF,0x32,0x9F,0x4D,0xFF,
  0x32,0xA0,0x4B,0xFF,0x33,0x9F,0x4B,0xFF,0x2E,0xA3,0x52,0xFF,
  0x35,0x97,0x3B,0xFF,0x42,0x7C,0x0B,0xFF,0x40,0x7D,0x10,0xFF,
  0x3C,0x76,0x24,0xFF,0x31,0x28,0x31,0xD7,0x31,0x14,0x29,0xFD,
  0x31,0x12,0x28,0xFF,0x36,0x36,0x22,0xFF,0x2F,0x53,0x0D,0xFF,
  0x32,0x4A,0x06,0xFF,0x39,0x6F,0x18,0xFF,0x31,0x98,0x30,0xFF,
  0x33,0x8F,0x31,0xFE,0x2E,0x8F,0x37,0xFF,0x30,0x40,0x26,0x83,
  0x25,0x19,0x28,0xA9,0x2F,0x20,0x24,0xDA,0x33,0x20,0x48,0xFF,
  0x31,0x20,0x64,0xFF,0x33,0x21,0x60,0xFF,0x33,0x25,0x61,0xFF,
  0x39,0x2E,0x67,0xFF,0x35,0x2F,0x64,0xFF,0x39,0x31,0x5B,0xFF,
  0x33,0x38,0x83,0xFF,0x32,0x3C,0x8C,0xFF,0x35,0x33,0x81,0xFF,
  0x30,0x47,0x9D,0xFF,0x2C,0x65,0xCA,0xFF,0x2D,0x65,0xCA,0xFF,
  0x30,0x61,0xC3,0xFF,0x31,0x3C,0x97,0xFF,0x2F,0x41,0x9B,0xFF,
  0x2B,0x44,0xA3,0xFF,0x34,0x30,0x60,0xFF,0x37,0x24,0x34,0xFF,
  0x33,0x23,0x38,0xFF,0x37,0x24,0x40,0xFF,0x31,0x27,0x57,0xFF,
  0x30,0x23,0x52,0xFF,0x35,0x22,0x4B,0xFF,0x2D,0x31,0x7D,0xFF,
  0x2D,0x39,0x94,0xFF,0x33,0x3A,0x92,0xFF,0x32,0x3A,0x9B,0xFF,
  0x37,0x2E,0x7F,0xFF,0x3E,0x29,0x63,0xFE,0x3C,0x2F,0x66,0xFF,
  0x33,0x23,0x44,0xED,0x1F,0x1E,0x26,0xB8,0x17,0x15,0x30,0x8D,
  0x3D,0x67,0x21,0xC8,0x3C,0x7C,0x1D,0xFF,0x38,0x73,0x19,0xFD,
  0x38,0x7B,0x15,0xFF,0x39,0x7B,0x15,0xFF,0x37,0x7C,0x14,0xFF,
  0x3B,0x7D,0x13,0xFF,0x3B,0x7E,0x17,0xFF,0x3F,0x7A,0x1E,0xFE,
  0x46,0x7E,0x25,0xFF,0x3F,0x55,0x2F,0xE8,0x34,0x17,0x2E,0xE0,
  0x34,0x21,0x29,0xFF,0x39,0x1F,0x33,0xF6,0x29,0x28,0x81,0xFF,
  0x2A,0x2B,0x86,0xFF,0x2A,0x2B,0x84,0xFF,0x2B,0x2C,0x83,0xFF,
  0x2A,0x2E,0x7F,0xFF,0x27,0x2B,0x7D,0xFF,0x33,0x24,0x4A,0xFF,
  0x33,0x22,0x39,0xFF,0x30,0x21,0x36,0xFF,0x36,0x24,0x33,0xFF,
  0x2E,0x28,0x5E,0xFF,0x2F,0x27,0x5D,0xFF,0x31,0x27,0x5C,0xFF,
  0x2E,0x35,0x80,0xFF,0x2D,0x3B,0x91,0xFF,0x31,0x3B,0x94,0xFF,
  0x32,0x3C,0x9C,0xFF,0x30,0x3C,0xA0,0xFF,0x34,0x42,0xA7,0xFF,
  0x2A,0x66,0xD5,0xFF,0x29,0x66,0xD4,0xFF,0x2D,0x6A,0xD5,0xFF,
  0x2B,0x69,0xD2,0xFF,0x2C,0x6B,0xD1,0xFF,0x2E,0x69,0xCA,0xFF,
  0x2E,0x63,0xBE,0xFF,0x2F,0x6B,0xC2,0xFF,0x31,0x69,0xB9,0xFF,
  0x2A,0x2D,0x77,0xFF,0x28,0x27,0x73,0xFF,0x27,0x2B,0x79,0xFF,
  0x2B,0x2D,0x80,0xFF,0x2E,0x31,0x82,0xFF,0x2E,0x35,0x85,0xFF,
  0x31,0x2B,0x6A,0xFF,0x32,0x26,0x56,0xFF,0x33,0x24,0x5B,0xFF,
  0x33,0x22,0x50,0xFE,0x30,0x1B,0x39,0xFF,0x27,0x18,0x3B,0xE2,
  0x26,0x11,0x49,0xB1,0x33,0x37,0x37,0xF0,0x36,0x57,0x2E,0xFF,
  0x38,0x57,0x24,0xFE,0x43,0x55,0x13,0xFF,0x4A,0x50,0x0F,0xFF,
  0x50,0x4F,0x16,0xFF,0x44,0x6D,0x22,0xFF,0x3D,0x7B,0x1D,0xFF,
  0x42,0x77,0x19,0xFF,0x3F,0x72,0x1F,0xFF,0x40,0x57,0x21,0xFF,
  0x47,0x56,0x27,0xFF,0x3F,0x59,0x2B,0xFF,0x39,0x48,0x3D,0xFF,
  0x39,0x30,0x60,0xFF,0x2D,0x23,0x6C,0xFF,0x2B,0x27,0x69,0xFF,
  0x2A,0x29,0x72,0xFF,0x25,0x2F,0x82,0xFF,0x29,0x31,0x81,0xFF,
  0x2A,0x32,0x7F,0xFF,0x29,0x35,0x80,0xFF,0x2E,0x31,0x6D,0xFF,
  0x2E,0x2C,0x62,0xFF,0x30,0x2D,0x64,0xFF,0x34,0x2C,0x66,0xFF,
  0x34,0x2F,0x6A,0xFF,0x34,0x2C,0x64,0xFF,0x32,0x24,0x56,0xFF,
  0x2E,0x22,0x50,0xFF,0x32,0x1C,0x4A,0xFF,0x36,0x45,0x4E,0xFF,
  0x35,0x52,0x40,0xFF,0x33,0x55,0x41,0xFF,0x35,0x39,0x45,0xFF,
  0x34,0x25,0x42,0xFF,0x33,0x39,0x70,0xFF,0x2C,0x3A,0x85,0xFF,
  0x30,0x3E,0x8E,0xFF,0x32,0x4B,0xA6,0xFF,0x2E,0x4C,0xAC,0xFF,
  0x2F,0x4B,0xA8,0xFF,0x30,0x4C,0xAB,0xFF,0x38,0x37,0x83,0xFF,
  0x37,0x29,0x64,0xFF,0x32,0x2B,0x61,0xFF,0x36,0x2D,0x61,0xFF,
  0x34,0x2B,0x63,0xFF,0x36,0x2E,0x66,0xFF,0x37,0x32,0x7B,0xFF,
  0x36,0x26,0x75,0xFF,0x27,0x50,0xAE,0xFF,0x22,0x62,0xC7,0xFF,
  0x26,0x5C,0xBC,0xFF,0x26,0x5D,0xBF,0xFF,0x28,0x50,0xAA,0xFF,
  0x2A,0x2F,0x6C,0xFF,0x2E,0x39,0x6C,0xFF,0x2F,0x2A,0x55,0xFF,
  0x2E,0x2D,0x5E,0xFF,0x30,0x2C,0x5B,0xFF,0x2F,0x23,0x43,0xFF,
  0x30,0x24,0x44,0xFF,0x33,0x34,0x77,0xFF,0x32,0x36,0x7E,0xFF,
  0x31,0x32,0x70,0xFF,0x2D,0x2B,0x49,0xFF,0x31,0x2F,0x47,0xFF,
  0x2F,0x2E,0x57,0xFE,0x2A,0x2D,0x83,0xFF,0x2D,0x2B,0x82,0xFF,
  0x2C,0x2B,0x7D,0xFF,0x2B,0x2B,0x77,0xFF,0x2B,0x2C,0x78,0xFF,
  0x32,0x2C,0x77,0xFF,0x2D,0x4D,0xA3,0xFF,0x27,0x6C,0xD5,0xFF,
  0x2B,0x69,0xCE,0xFF,0x29,0x67,0xCE,0xFF,0x2A,0x5F,0xC5,0xFF,
  0x2B,0x52,0xB6,0xFD,0x29,0x5E,0xCB,0xFF,0x2E,0x42,0x7D,0xD6,
  0x00,0x00,0x00,0x00,0x00,0x00,0x00,0x00,0x00,0x00,0x00,0x00,
  0x26,0x1E,0x29,0x43,0x2F,0x22,0x22,0x67,0x30,0x15,0x1B,0x54,
  0x3A,0x35,0x5E,0xED,0x39,0x3D,0x78,0xFF,0x38,0x38,0x6F,0xFE,
  0x36,0x38,0x6E,0xFF,0x36,0x39,0x5C,0xFF,0x36,0x3F,0x5B,0xFF,
  0x33,0x40,0x65,0xFF,0x34,0x3C,0x4F,0xFF,0x32,0x32,0x2F,0xFC,
  0x32,0x33,0x2A,0xFC,0x32,0x30,0x29,0xF8,0x34,0x2B,0x3C,0xFA,
  0x34,0x20,0x43,0xFF,0x33,0x20,0x41,0xFF,0x34,0x20,0x41,0xFF,
  0x35,0x24,0x49,0xFF,0x38,0x29,0x54,0xFF,0x39,0x29,0x52,0xFF,
  0x37,0x2A,0x57,0xFF,0x2F,0x2A,0x5E,0xFF,0x2E,0x29,0x5C,0xFF,
  0x2F,0x26,0x59,0xFF,0x2A,0x28,0x63,0xFF,0x2B,0x2B,0x64,0xFD,
  0x2D,0x33,0x63,0xF8,0x2D,0x32,0x6B,0xF4,0x3B,0x3E,0x41,0xFB,
  0x41,0x57,0x28,0xFF,0x3C,0x5F,0x1F,0xFF,0x3C,0x7F,0x1F,0xFF,
  0x3C,0x99,0x2D,0xFF,0x35,0x95,0x3F,0xFF,0x32,0x82,0x42,0xFF,
  0x4F,0x4B,0x13,0xFF,0x52,0x4F,0x18,0xFF,0x4E,0x51,0x25,0xFF,
  0x31,0xA0,0x48,0xFF,0x37,0x9E,0x4C,0xFF,0x38,0x9D,0x4F,0xFF,
  0x38,0x9C,0x51,0xFF,0x38,0x9D,0x4F,0xFF,0x34,0x9E,0x4E,0xFF,
  0x35,0x9A,0x46,0xFF,0x37,0x98,0x46,0xFF,0x2F,0xA3,0x4F,0xFF,
  0x34,0x93,0x3B,0xFF,0x41,0x73,0x11,0xFF,0x3D,0x74,0x16,0xFF,
  0x39,0x67,0x33,0xFF,0x30,0x26,0x44,0xFB,0x33,0x1B,0x38,0xFF,
  0x34,0x1A,0x39,0xFF,0x35,0x33,0x2D,0xFF,0x31,0x4A,0x13,0xFF,
  0x33,0x46,0x0E,0xFF,0x3B,0x64,0x1A,0xFF,0x32,0x84,0x32,0xFF,
  0x31,0x7D,0x37,0xFF,0x2B,0x78,0x3E,0xFF,0x30,0x2E,0x31,0xF3,
  0x2B,0x1E,0x33,0xF6,0x31,0x24,0x37,0xFB,0x2E,0x23,0x63,0xFF,
  0x2C,0x29,0x7E,0xFF,0x2D,0x2B,0x76,0xFF,0x2F,0x31,0x78,0xFF,
  0x37,0x37,0x7A,0xFF,0x34,0x38,0x78,0xFF,0x37,0x38,0x75,0xFF,
  0x33,0x39,0x86,0xFF,0x31,0x3A,0x8A,0xFF,0x35,0x34,0x82,0xFF,
  0x2F,0x45,0x9E,0xFF,0x2A,0x64,0xC9,0xFF,0x2E,0x62,0xC6,0xFF,
  0x2D,0x65,0xC9,0xFF,0x35,0x5C,0xC2,0xFF,0x33,0x63,0xC7,0xFF,
  0x2F,0x6C,0xD8,0xFF,0x34,0x3D,0x7E,0xFF,0x35,0x23,0x46,0xFF,
  0x32,0x27,0x53,0xFF,0x32,0x29,0x5C,0xFF,0x30,0x33,0x72,0xFF,
  0x31,0x30,0x6E,0xFF,0x34,0x2E,0x6A,0xFF,0x2E,0x3A,0x93,0xFF,
  0x2E,0x40,0xA1,0xFF,0x34,0x43,0xA0,0xFF,0x34,0x44,0xA7,0xFF,
  0x35,0x46,0xA3,0xFF,0x39,0x45,0x9A,0xFF,0x35,0x4A,0xA0,0xFF,
  0x35,0x37,0x71,0xFD,0x2C,0x25,0x40,0xF7,0x29,0x1E,0x46,0xF3,
  0x37,0x4A,0x34,0xF9,0x3B,0x64,0x29,0xFF,0x3C,0x64,0x24,0xFF,
  0x38,0x69,0x1C,0xFF,0x39,0x62,0x1D,0xFF,0x38,0x63,0x1E,0xFF,
  0x3E,0x6A,0x18,0xFF,0x3D,0x72,0x1E,0xFF,0x40,0x70,0x2B,0xFF,
  0x45,0x6D,0x31,0xFF,0x3A,0x4D,0x48,0xFC,0x30,0x28,0x52,0xFC,
  0x31,0x2E,0x4D,0xFF,0x39,0x2B,0x4F,0xFE,0x29,0x36,0x94,0xFF,
  0x28,0x39,0x9B,0xFF,0x29,0x39,0x9A,0xFF,0x2B,0x3B,0x9D,0xFF,
  0x2C,0x3F,0x9B,0xFF,0x2A,0x41,0xA1,0xFF,0x35,0x2E,0x5D,0xFF,
  0x34,0x26,0x44,0xFF,0x33,0x25,0x43,0xFF,0x36,0x27,0x41,0xFF,
  0x2A,0x2D,0x71,0xFF,0x2E,0x2D,0x6F,0xFF,0x2F,0x2F,0x74,0xFF,
  0x2D,0x37,0x8A,0xFF,0x2D,0x3A,0x90,0xFF,0x30,0x3A,0x94,0xFF,
  0x33,0x41,0xA3,0xFF,0x2E,0x49,0xB0,0xFF,0x32,0x52,0xBA,0xFF,
  0x27,0x62,0xCF,0xFF,0x29,0x63,0xD0,0xFF,0x2E,0x6B,0xD6,0xFF,
  0x2A,0x69,0xD3,0xFF,0x2C,0x6D,0xD5,0xFF,0x30,0x60,0xBD,0xFF,
  0x2D,0x47,0x9A,0xFF,0x2B,0x4E,0xA2,0xFF,0x2C,0x50,0xA2,0xFF,
  0x29,0x3C,0x92,0xFF,0x28,0x38,0x8E,0xFF,0x28,0x3D,0x95,0xFF,
  0x29,0x40,0x9B,0xFF,0x2E,0x43,0xA1,0xFF,0x2D,0x49,0xA8,0xFF,
  0x35,0x38,0x82,0xFF,0x35,0x2E,0x6A,0xFF,0x34,0x2F,0x70,0xFF,
  0x30,0x2E,0x6E,0xFF,0x2D,0x35,0x77,0xFF,0x2B,0x3C,0x7D,0xFC,
  0x2E,0x36,0x85,0xF6,0x2D,0x34,0x67,0xFD,0x2F,0x41,0x58,0xFF,
  0x2F,0x48,0x4D,0xFF,0x3B,0x4B,0x32,0xFF,0x44,0x48,0x30,0xFF,
  0x49,0x49,0x3B,0xFF,0x44,0x5F,0x3B,0xFF,0x3C,0x6D,0x33,0xFF,
  0x40,0x6D,0x2E,0xFF,0x3E,0x62,0x36,0xFF,0x3D,0x4B,0x3F,0xFF,
  0x44,0x51,0x41,0xFF,0x3B,0x56,0x43,0xFF,0x36,0x4A,0x5C,0xFF,
  0x35,0x39,0x7C,0xFF,0x28,0x37,0x8E,0xFF,0x2A,0x3B,0x8D,0xFF,
  0x2B,0x38,0x8C,0xFF,0x27,0x36,0x89,0xFF,0x28,0x37,0x88,0xFF,
  0x2A,0x38,0x88,0xFF,0x29,0x3A,0x89,0xFF,0x30,0x38,0x7A,0xFF,
  0x30,0x38,0x74,0xFF,0x31,0x37,0x74,0xFF,0x32,0x34,0x77,0xFF,
  0x32,0x41,0x8E,0xFF,0x31,0x40,0x90,0xFF,0x31,0x3D,0x8B,0xFF,
  0x2F,0x41,0x90,0xFF,0x30,0x37,0x8A,0xFF,0x2F,0x38,0x67,0xFF,
  0x32,0x43,0x52,0xFF,0x2F,0x48,0x50,0xFF,0x30,0x3D,0x65,0xFF,
  0x31,0x35,0x65,0xFF,0x30,0x42,0x8A,0xFF,0x2B,0x43,0x9A,0xFF,
  0x2D,0x49,0xA2,0xFF,0x2F,0x52,0xB2,0xFF,0x2D,0x55,0xB6,0xFF,
  0x2E,0x56,0xB4,0xFF,0x2F,0x57,0xB8,0xFF,0x37,0x4A,0xA1,0xFF,
  0x36,0x36,0x83,0xFF,0x2E,0x31,0x73,0xFF,0x35,0x30,0x6E,0xFF,
  0x35,0x2F,0x71,0xFF,0x35,0x32,0x76,0xFF,0x39,0x36,0x87,0xFF,
  0x34,0x34,0x8E,0xFF,0x25,0x56,0xBC,0xFF,0x23,0x62,0xC9,0xFF,
  0x27,0x5E,0xC1,0xFF,0x27,0x5F,0xC2,0xFF,0x2A,0x58,0xB8,0xFF,
  0x2E,0x4C,0xA1,0xFF,0x30,0x51,0x9C,0xFF,0x2F,0x2F,0x65,0xFF,
  0x2F,0x34,0x6E,0xFF,0x31,0x38,0x76,0xFF,0x33,0x35,0x6C,0xFF,
  0x32,0x30,0x61,0xFF,0x31,0x34,0x7A,0xFF,0x31,0x35,0x7E,0xFF,
  0x31,0x36,0x7C,0xFF,0x30,0x3B,0x7D,0xFF,0x31,0x3B,0x7E,0xFF,
  0x2B,0x48,0x98,0xFF,0x26,0x52,0xB7,0xFF,0x2D,0x4A,0xAB,0xFF,
  0x2F,0x48,0xA7,0xFF,0x2C,0x43,0x9C,0xFF,0x29,0x37,0x8A,0xFF,
  0x32,0x31,0x81,0xFF,0x2F,0x41,0x93,0xFF,0x28,0x52,0xAF,0xFF,
  0x2B,0x53,0xAF,0xFF,0x2A,0x5E,0xC2,0xFF,0x2B,0x5F,0xC4,0xFF,
  0x2B,0x54,0xB6,0xFD,0x27,0x56,0xC3,0xFF,0x2E,0x38,0x73,0xD8,
  0x00,0x00,0x00,0x04,0x00,0x00,0x00,0x00,0x00,0x00,0x00,0x00,
  0x34,0x33,0x5D,0xAF,0x34,0x36,0x60,0xC6,0x36,0x34,0x5B,0xBA,
  0x38,0x3B,0x6F,0xF9,0x38,0x41,0x7D,0xFF,0x38,0x40,0x78,0xFF,
  0x35,0x41,0x7D,0xFF,0x37,0x4F,0x7E,0xFF,0x36,0x55,0x7E,0xFF,
  0x32,0x55,0x8A,0xFF,0x34,0x42,0x69,0xFF,0x34,0x30,0x4B,0xFF,
  0x33,0x30,0x4E,0xFF,0x33,0x2F,0x51,0xFF,0x35,0x2A,0x4C,0xFF,
  0x34,0x1F,0x3F,0xFF,0x34,0x21,0x44,0xFF,0x34,0x20,0x42,0xFF,
  0x36,0x25,0x4A,0xFF,0x38,0x29,0x55,0xFF,0x39,0x28,0x50,0xFF,
  0x35,0x30,0x60,0xFF,0x2F,0x3C,0x78,0xFF,0x30,0x38,0x73,0xFF,
  0x30,0x33,0x6E,0xFF,0x2A,0x42,0x8B,0xFF,0x2C,0x45,0x93,0xFF,
  0x32,0x4B,0x93,0xFF,0x34,0x4D,0xA3,0xFF,0x3A,0x3B,0x60,0xFF,
  0x3E,0x3D,0x31,0xFF,0x3B,0x48,0x34,0xFF,0x38,0x5A,0x32,0xFF,
  0x36,0x64,0x39,0xFF,0x35,0x60,0x45,0xFF,0x37,0x51,0x48,0xFF,
  0x47,0x39,0x31,0xFF,0x48,0x3E,0x30,0xFF,0x48,0x40,0x33,0xFF,
  0x31,0x86,0x35,0xFF,0x36,0x8A,0x38,0xFF,0x37,0x89,0x3B,0xFF,
  0x39,0x8A,0x3E,0xFF,0x3A,0x8D,0x3E,0xFF,0x38,0x91,0x42,0xFF,
  0x37,0x81,0x32,0xFF,0x39,0x7C,0x2C,0xFF,0x34,0x8C,0x33,0xFF,
  0x31,0x71,0x30,0xFF,0x35,0x4A,0x1F,0xFF,0x30,0x4E,0x23,0xFF,
  0x2F,0x41,0x3B,0xFF,0x32,0x29,0x61,0xFF,0x33,0x29,0x58,0xFF,
  0x34,0x27,0x5E,0xFF,0x32,0x2E,0x47,0xFF,0x2F,0x38,0x23,0xFF,
  0x31,0x36,0x26,0xFF,0x35,0x41,0x26,0xFF,0x31,0x4D,0x2F,0xFF,
  0x31,0x49,0x31,0xFF,0x2A,0x46,0x37,0xFF,0x33,0x2D,0x51,0xFF,
  0x32,0x2A,0x56,0xFF,0x35,0x2C,0x56,0xFF,0x2E,0x3A,0x96,0xFF,
  0x2B,0x51,0xB9,0xFF,0x2E,0x52,0xAC,0xFF,0x30,0x54,0xAE,0xFF,
  0x35,0x44,0x96,0xFF,0x33,0x45,0x9A,0xFF,0x35,0x44,0x97,0xFF,
  0x32,0x39,0x89,0xFF,0x31,0x39,0x88,0xFF,0x36,0x34,0x82,0xFF,
  0x2F,0x45,0x9E,0xFF,0x2A,0x64,0xC9,0xFF,0x2E,0x61,0xC5,0xFF,
  0x2C,0x66,0xCB,0xFF,0x30,0x69,0xD3,0xFF,0x2F,0x6D,0xD5,0xFF,
  0x2B,0x77,0xE8,0xFF,0x30,0x40,0x89,0xFF,0x34,0x22,0x52,0xFF,
  0x32,0x27,0x61,0xFF,0x2F,0x2A,0x6A,0xFF,0x2F,0x3A,0x84,0xFF,
  0x31,0x38,0x81,0xFF,0x32,0x36,0x80,0xFF,0x2C,0x41,0xA2,0xFF,
  0x2D,0x46,0xAC,0xFF,0x34,0x48,0xA9,0xFF,0x34,0x4A,0xAE,0xFF,
  0x2C,0x5D,0xC3,0xFF,0x2F,0x5F,0xC6,0xFF,0x28,0x63,0xD0,0xFF,
  0x32,0x4B,0xA1,0xFF,0x32,0x30,0x6B,0xFF,0x32,0x2A,0x76,0xFF,
  0x31,0x36,0x54,0xFF,0x30,0x41,0x41,0xFF,0x30,0x44,0x45,0xFF,
  0x2C,0x40,0x30,0xFF,0x2E,0x36,0x22,0xFF,0x30,0x37,0x25,0xFF,
  0x36,0x3F,0x1F,0xFF,0x34,0x52,0x3F,0xFF,0x37,0x53,0x4C,0xFF,
  0x3B,0x4D,0x47,0xFF,0x2F,0x44,0x73,0xFF,0x2E,0x40,0x8D,0xFF,
  0x30,0x46,0x84,0xFF,0x36,0x43,0x86,0xFF,0x27,0x56,0xBD,0xFF,
  0x2B,0x5C,0xC5,0xFF,0x2D,0x5B,0xC5,0xFF,0x31,0x5E,0xC8,0xFF,
  0x32,0x61,0xC9,0xFF,0x2F,0x65,0xD3,0xFF,0x35,0x39,0x72,0xFF,
  0x35,0x29,0x4F,0xFF,0x35,0x2B,0x52,0xFF,0x36,0x2A,0x50,0xFF,
  0x25,0x32,0x87,0xFF,0x2A,0x34,0x87,0xFF,0x2B,0x35,0x8A,0xFF,
  0x2B,0x38,0x90,0xFF,0x2D,0x3A,0x90,0xFF,0x30,0x39,0x93,0xFF,
  0x33,0x4E,0xB1,0xFF,0x2B,0x63,0xCB,0xFF,0x30,0x67,0xD1,0xFF,
  0x2A,0x69,0xD4,0xFF,0x2C,0x68,0xD3,0xFF,0x2E,0x6B,0xD6,0xFF,
  0x2A,0x69,0xD4,0xFF,0x2B,0x6E,0xD6,0xFF,0x32,0x5D,0xB7,0xFF,
  0x30,0x3E,0x90,0xFF,0x2C,0x41,0x96,0xFF,0x2B,0x44,0x98,0xFF,
  0x28,0x52,0xB3,0xFF,0x29,0x53,0xB5,0xFF,0x2A,0x56,0xBA,0xFF,
  0x28,0x58,0xBE,0xFF,0x2D,0x5A,0xC4,0xFF,0x2B,0x60,0xCE,0xFF,
  0x35,0x45,0x9A,0xFF,0x39,0x38,0x7F,0xFF,0x37,0x3A,0x84,0xFF,
  0x32,0x38,0x83,0xFF,0x2D,0x4D,0xA9,0xFF,0x30,0x5B,0xB4,0xFF,
  0x33,0x55,0xB7,0xFF,0x2D,0x36,0x8A,0xFF,0x2C,0x33,0x7E,0xFF,
  0x27,0x3D,0x7F,0xFF,0x31,0x38,0x54,0xFF,0x3C,0x34,0x48,0xFF,
  0x3E,0x34,0x51,0xFF,0x3C,0x41,0x4E,0xFF,0x37,0x55,0x56,0xFF,
  0x38,0x55,0x53,0xFF,0x38,0x48,0x57,0xFF,0x3B,0x3B,0x5C,0xFF,
  0x3F,0x42,0x57,0xFF,0x36,0x4C,0x5B,0xFF,0x34,0x48,0x77,0xFF,
  0x32,0x3D,0x8C,0xFF,0x25,0x52,0xB3,0xFF,0x2B,0x55,0xB1,0xFF,
  0x2C,0x4B,0xA6,0xFF,0x28,0x3F,0x93,0xFF,0x29,0x40,0x94,0xFF,
  0x2A,0x41,0x96,0xFF,0x2A,0x43,0x97,0xFF,0x30,0x3B,0x82,0xFF,
  0x2F,0x3D,0x80,0xFF,0x31,0x3D,0x82,0xFF,0x2F,0x3B,0x86,0xFF,
  0x2E,0x49,0xA1,0xFF,0x2F,0x4A,0xA8,0xFF,0x30,0x4F,0xB2,0xFF,
  0x2E,0x56,0xBC,0xFF,0x2D,0x4B,0xB2,0xFF,0x2E,0x33,0x78,0xFF,
  0x31,0x3A,0x66,0xFF,0x2B,0x3E,0x63,0xFF,0x2D,0x3B,0x79,0xFF,
  0x2F,0x3B,0x79,0xFF,0x2F,0x42,0x8E,0xFF,0x2C,0x46,0xA1,0xFF,
  0x2B,0x4A,0xA7,0xFF,0x2D,0x50,0xB0,0xFF,0x2B,0x5B,0xBB,0xFF,
  0x2D,0x64,0xC4,0xFF,0x2F,0x65,0xC9,0xFF,0x34,0x5E,0xBF,0xFF,
  0x34,0x47,0xA2,0xFF,0x2C,0x36,0x82,0xFF,0x33,0x2D,0x6F,0xFF,
  0x35,0x2F,0x73,0xFF,0x35,0x31,0x77,0xFF,0x3A,0x34,0x88,0xFF,
  0x33,0x48,0xA9,0xFF,0x23,0x64,0xCE,0xFF,0x25,0x64,0xCC,0xFF,
  0x29,0x64,0xC8,0xFF,0x28,0x62,0xC6,0xFF,0x29,0x5E,0xC3,0xFF,
  0x2C,0x5E,0xC4,0xFF,0x2D,0x5B,0xB6,0xFF,0x2E,0x32,0x6F,0xFF,
  0x2F,0x38,0x75,0xFF,0x30,0x3B,0x7F,0xFF,0x32,0x3B,0x80,0xFF,
  0x30,0x37,0x76,0xFF,0x30,0x34,0x7C,0xFF,0x31,0x36,0x7F,0xFF,
  0x31,0x39,0x86,0xFF,0x31,0x41,0x99,0xFF,0x31,0x3D,0x94,0xFF,
  0x28,0x55,0xBA,0xFF,0x24,0x6B,0xD8,0xFF,0x2D,0x66,0xCB,0xFF,
  0x30,0x65,0xCE,0xFF,0x2E,0x68,0xCD,0xFF,0x2B,0x4F,0xAC,0xFF,
  0x30,0x35,0x8A,0xFF,0x30,0x38,0x84,0xFF,0x2B,0x3B,0x88,0xFF,
  0x2F,0x3A,0x85,0xFF,0x2F,0x5A,0xB7,0xFF,0x2C,0x64,0xC8,0xFF,
  0x2E,0x5D,0xBE,0xFE,0x27,0x57,0xC2,0xFF,0x31,0x36,0x6D,0xEC,
  0x2F,0x27,0x40,0x86,0x37,0x2E,0x4B,0x7D,0x33,0x30,0x3B,0x45,
  0x3B,0x3C,0x72,0xFF,0x39,0x42,0x84,0xFF,0x3A,0x43,0x7B,0xFF,
  0x37,0x41,0x80,0xFF,0x38,0x44,0x81,0xFF,0x38,0x48,0x82,0xFF,
  0x35,0x48,0x88,0xFF,0x37,0x57,0x8D,0xFF,0x36,0x5D,0x8D,0xFF,
  0x31,0x5C,0x97,0xFF,0x34,0x3F,0x74,0xFF,0x35,0x2E,0x61,0xFF,
  0x31,0x2B,0x69,0xFE,0x2F,0x2A,0x6E,0xFE,0x33,0x27,0x54,0xFE,
  0x35,0x1F,0x3E,0xFF,0x34,0x21,0x46,0xFF,0x35,0x21,0x43,0xFF,
  0x37,0x25,0x4B,0xFF,0x39,0x2A,0x55,0xFF,0x3A,0x27,0x4E,0xFF,
  0x34,0x35,0x68,0xFF,0x30,0x4A,0x8B,0xFF,0x33,0x42,0x84,0xFF,
  0x30,0x3B,0x7C,0xFF,0x2C,0x54,0xA4,0xFF,0x2D,0x55,0xAD,0xFF,
  0x30,0x54,0xA9,0xFE,0x2F,0x57,0xBF,0xFD,0x37,0x35,0x74,0xFE,
  0x3A,0x25,0x37,0xFF,0x39,0x2E,0x46,0xFF,0x36,0x30,0x44,0xFF,
  0x34,0x2E,0x46,0xFF,0x38,0x2D,0x4A,0xFF,0x3C,0x24,0x4E,0xFF,
  0x3E,0x27,0x4F,0xFF,0x3C,0x2A,0x48,0xFF,0x40,0x30,0x40,0xFF,
  0x32,0x6F,0x22,0xFF,0x36,0x78,0x22,0xFF,0x37,0x74,0x25,0xFF,
  0x3B,0x76,0x28,0xFF,0x3B,0x7A,0x29,0xFF,0x3A,0x81,0x30,0xFF,
  0x3A,0x69,0x1E,0xFF,0x3B,0x61,0x13,0xFF,0x3A,0x6F,0x15,0xFF,
  0x31,0x49,0x26,0xFF,0x2B,0x1F,0x30,0xFF,0x26,0x25,0x30,0xFF,
  0x29,0x1E,0x3B,0xFF,0x32,0x2A,0x72,0xFE,0x33,0x34,0x72,0xFF,
  0x33,0x31,0x7B,0xFF,0x2F,0x2A,0x5F,0xFF,0x2E,0x25,0x35,0xFF,
  0x2F,0x24,0x3D,0xFF,0x30,0x1F,0x37,0xFF,0x31,0x1C,0x31,0xFF,
  0x32,0x1A,0x2C,0xFF,0x2B,0x1C,0x30,0xFF,0x30,0x2A,0x68,0xFD,
  0x32,0x31,0x70,0xFD,0x35,0x2F,0x67,0xFE,0x2F,0x4F,0xB8,0xFF,
  0x2C,0x74,0xE7,0xFF,0x30,0x72,0xD8,0xFF,0x31,0x71,0xD7,0xFF,
  0x32,0x4C,0xA8,0xFF,0x31,0x4D,0xB0,0xFF,0x32,0x4B,0xAD,0xFF,
  0x30,0x39,0x8A,0xFF,0x31,0x39,0x87,0xFF,0x36,0x33,0x81,0xFF,
  0x30,0x45,0x9D,0xFF,0x2A,0x64,0xCA,0xFF,0x2E,0x60,0xC5,0xFF,
  0x2B,0x65,0xCA,0xFF,0x29,0x66,0xCE,0xFF,0x29,0x65,0xCD,0xFF,
  0x25,0x6D,0xDD,0xFF,0x2D,0x3B,0x88,0xFF,0x34,0x22,0x55,0xFF,
  0x32,0x26,0x61,0xFF,0x30,0x29,0x68,0xFF,0x2F,0x3B,0x88,0xFF,
  0x30,0x39,0x87,0xFF,0x30,0x38,0x86,0xFF,0x2A,0x44,0xA5,0xFF,
  0x2C,0x48,0xB0,0xFF,0x32,0x48,0xAA,0xFF,0x33,0x4B,0xAE,0xFF,
  0x24,0x67,0xCF,0xFF,0x26,0x6A,0xD4,0xFF,0x1E,0x6B,0xE1,0xFF,
  0x2E,0x52,0xB4,0xFF,0x30,0x34,0x86,0xFE,0x2D,0x2E,0x93,0xFD,
  0x2A,0x26,0x69,0xFE,0x28,0x26,0x58,0xFF,0x24,0x29,0x65,0xFF,
  0x22,0x1D,0x41,0xFF,0x26,0x15,0x25,0xFF,0x2A,0x17,0x29,0xFF,
  0x2F,0x1B,0x28,0xFF,0x2C,0x34,0x64,0xFF,0x30,0x39,0x6E,0xFF,
  0x32,0x32,0x5E,0xFF,0x26,0x3B,0x92,0xFF,0x2B,0x4F,0xB3,0xFF,
  0x2F,0x56,0xAA,0xFF,0x33,0x55,0xAD,0xFF,0x25,0x6F,0xD9,0xFF,
  0x2D,0x77,0xE3,0xFF,0x31,0x76,0xE2,0xFF,0x35,0x78,0xE4,0xFF,
  0x36,0x78,0xE5,0xFF,0x31,0x7D,0xF0,0xFF,0x35,0x3D,0x7B,0xFF,
  0x36,0x2A,0x54,0xFF,0x36,0x2D,0x5A,0xFF,0x36,0x2B,0x57,0xFF,
  0x23,0x35,0x91,0xFF,0x27,0x38,0x95,0xFF,0x29,0x37,0x94,0xFF,
  0x29,0x38,0x91,0xFF,0x2D,0x3B,0x92,0xFF,0x31,0x38,0x92,0xFF,
  0x32,0x58,0xB9,0xFF,0x2A,0x76,0xDE,0xFF,0x2E,0x74,0xDD,0xFF,
  0x30,0x73,0xDB,0xFF,0x30,0x6E,0xD7,0xFF,0x2D,0x6B,0xD5,0xFF,
  0x2A,0x6A,0xD4,0xFF,0x2A,0x6E,0xD6,0xFF,0x33,0x5E,0xB8,0xFF,
  0x34,0x44,0x98,0xFF,0x2F,0x42,0x9A,0xFF,0x2C,0x43,0x99,0xFF,
  0x27,0x5F,0xC6,0xFF,0x29,0x64,0xCC,0xFF,0x2A,0x63,0xCE,0xFF,
  0x28,0x66,0xD1,0xFF,0x2B,0x67,0xD6,0xFF,0x29,0x6B,0xE0,0xFF,
  0x34,0x4C,0xA8,0xFF,0x3B,0x3D,0x8A,0xFF,0x3A,0x40,0x8E,0xFF,
  0x37,0x3D,0x89,0xFF,0x2F,0x57,0xBB,0xFF,0x32,0x66,0xC8,0xFF,
  0x31,0x5F,0xC4,0xFE,0x2E,0x38,0x92,0xFF,0x2C,0x30,0x90,0xFF,
  0x24,0x39,0x9E,0xFF,0x2D,0x26,0x66,0xFF,0x36,0x20,0x4D,0xFF,
  0x35,0x1E,0x52,0xFF,0x34,0x27,0x56,0xFF,0x34,0x3F,0x73,0xFF,
  0x33,0x3C,0x71,0xFF,0x35,0x32,0x70,0xFF,0x3B,0x2E,0x6B,0xFF,
  0x3E,0x30,0x5E,0xFF,0x35,0x40,0x6A,0xFF,0x34,0x43,0x86,0xFF,
  0x33,0x3B,0x8C,0xFF,0x25,0x64,0xC8,0xFF,0x2C,0x66,0xC6,0xFF,
  0x2B,0x57,0xB5,0xFF,0x28,0x44,0x99,0xFF,0x29,0x46,0x9C,0xFF,
  0x2A,0x48,0xA1,0xFF,0x2B,0x4A,0xA1,0xFF,0x2F,0x3B,0x84,0xFF,
  0x2E,0x3C,0x82,0xFF,0x30,0x3D,0x87,0xFF,0x2E,0x3E,0x8C,0xFF,
  0x2D,0x46,0xA0,0xFF,0x2E,0x48,0xA7,0xFF,0x2F,0x55,0xBE,0xFF,
  0x2C,0x5A,0xC8,0xFF,0x2A,0x50,0xBA,0xFF,0x30,0x34,0x7D,0xFF,
  0x31,0x38,0x74,0xFF,0x2B,0x39,0x71,0xFF,0x2D,0x35,0x7D,0xFF,
  0x2E,0x37,0x79,0xFF,0x2F,0x3A,0x83,0xFF,0x2D,0x43,0x9D,0xFF,
  0x2B,0x45,0xA2,0xFF,0x2D,0x49,0xA7,0xFF,0x29,0x5C,0xBC,0xFF,
  0x2C,0x6E,0xCE,0xFF,0x2E,0x6F,0xD3,0xFF,0x31,0x68,0xCE,0xFF,
  0x32,0x4F,0xB2,0xFF,0x2C,0x38,0x89,0xFF,0x32,0x29,0x6A,0xFF,
  0x34,0x2D,0x6D,0xFF,0x35,0x2F,0x70,0xFF,0x3B,0x30,0x81,0xFF,
  0x32,0x54,0xB8,0xFF,0x22,0x6E,0xD9,0xFF,0x27,0x66,0xCF,0xFF,
  0x2A,0x67,0xCC,0xFF,0x29,0x64,0xC9,0xFF,0x28,0x60,0xC8,0xFF,
  0x28,0x61,0xCD,0xFF,0x28,0x57,0xB9,0xFF,0x2E,0x32,0x72,0xFF,
  0x2F,0x37,0x75,0xFF,0x2E,0x38,0x7C,0xFF,0x2F,0x38,0x81,0xFF,
  0x2E,0x38,0x7E,0xFF,0x30,0x34,0x7E,0xFF,0x32,0x36,0x81,0xFF,
  0x30,0x39,0x89,0xFF,0x30,0x3E,0x9B,0xFF,0x32,0x3A,0x90,0xFF,
  0x28,0x57,0xBC,0xFF,0x23,0x72,0xE0,0xFF,0x2C,0x72,0xD7,0xFF,
  0x2F,0x74,0xDD,0xFF,0x2F,0x80,0xE8,0xFF,0x2E,0x60,0xC3,0xFF,
  0x2E,0x36,0x8D,0xFF,0x31,0x36,0x7D,0xFF,0x2E,0x2F,0x73,0xFF,
  0x33,0x2C,0x6C,0xFF,0x34,0x5C,0xB3,0xFF,0x2C,0x69,0xCD,0xFF,
  0x30,0x66,0xC8,0xFF,0x28,0x5D,0xC8,0xFF,0x33,0x36,0x6B,0xFF,
  0x36,0x2E,0x4C,0xFF,0x39,0x32,0x53,0xFF,0x34,0x2C,0x41,0x9F,
  0x3B,0x3C,0x77,0xFF,0x3C,0x43,0x87,0xFF,0x3C,0x45,0x83,0xFF,
  0x38,0x42,0x82,0xFF,0x37,0x44,0x81,0xFF,0x36,0x48,0x82,0xFF,
  0x35,0x48,0x85,0xFF,0x38,0x50,0x83,0xFF,0x37,0x54,0x82,0xFF,
  0x32,0x54,0x8A,0xFF,0x36,0x3A,0x6F,0xFF,0x37,0x2C,0x65,0xFF,
  0x33,0x29,0x6B,0xFE,0x30,0x27,0x6B,0xFE,0x34,0x24,0x51,0xFE,
  0x36,0x1F,0x3E,0xFF,0x35,0x21,0x47,0xFF,0x36,0x21,0x44,0xFF,
  0x37,0x25,0x4B,0xFF,0x39,0x2B,0x56,0xFF,0x3A,0x27,0x4E,0xFF,
  0x33,0x36,0x69,0xFF,0x2E,0x48,0x8B,0xFF,0x33,0x3F,0x83,0xFF,
  0x31,0x3A,0x7A,0xFF,0x2E,0x52,0xA1,0xFF,0x2C,0x54,0xAC,0xFF,
  0x2E,0x52,0xA6,0xFE,0x2C,0x55,0xB8,0xFD,0x37,0x32,0x75,0xFE,
  0x39,0x1E,0x3D,0xFF,0x39,0x21,0x4C,0xFF,0x3B,0x1F,0x4D,0xFF,
  0x3D,0x1F,0x51,0xFF,0x3D,0x1F,0x53,0xFF,0x3F,0x1C,0x56,0xFF,
  0x3D,0x22,0x59,0xFF,0x3A,0x22,0x54,0xFF,0x3E,0x29,0x4A,0xFF,
  0x35,0x6F,0x20,0xFF,0x38,0x74,0x1D,0xFF,0x3A,0x6F,0x20,0xFF,
  0x3E,0x72,0x20,0xFF,0x3C,0x75,0x21,0xFF,0x3A,0x7A,0x25,0xFF,
  0x3E,0x64,0x1C,0xFF,0x3F,0x5B,0x12,0xFF,0x3D,0x65,0x0E,0xFF,
  0x38,0x3D,0x29,0xFF,0x2F,0x15,0x3E,0xFF,0x2A,0x1A,0x39,0xFF,
  0x2E,0x18,0x3B,0xFF,0x33,0x2E,0x6F,0xFE,0x33,0x34,0x71,0xFF,
  0x31,0x31,0x78,0xFF,0x30,0x27,0x63,0xFF,0x32,0x1E,0x3C,0xFF,
  0x31,0x1D,0x45,0xFF,0x33,0x18,0x44,0xFF,0x35,0x16,0x3F,0xFF,
  0x35,0x14,0x3A,0xFF,0x31,0x19,0x3A,0xFF,0x32,0x2B,0x6A,0xFD,
  0x32,0x31,0x6E,0xFE,0x35,0x2D,0x62,0xFE,0x30,0x4F,0xAC,0xFF,
  0x2C,0x75,0xE2,0xFF,0x2D,0x6F,0xD5,0xFF,0x2D,0x6B,0xD1,0xFF,
  0x2F,0x49,0xA4,0xFF,0x2F,0x4B,0xAD,0xFF,0x2F,0x49,0xAB,0xFF,
  0x30,0x39,0x88,0xFF,0x30,0x38,0x85,0xFF,0x35,0x33,0x81,0xFF,
  0x31,0x46,0x9D,0xFF,0x2A,0x65,0xCB,0xFF,0x2D,0x60,0xC6,0xFF,
  0x2B,0x64,0xC9,0xFF,0x29,0x65,0xCD,0xFF,0x29,0x63,0xCC,0xFF,
  0x26,0x69,0xD9,0xFF,0x2E,0x39,0x88,0xFF,0x34,0x22,0x55,0xFF,
  0x33,0x25,0x5E,0xFF,0x34,0x29,0x63,0xFF,0x32,0x3A,0x85,0xFF,
  0x31,0x39,0x86,0xFF,0x32,0x38,0x82,0xFF,0x2C,0x44,0xA1,0xFF,
  0x2B,0x47,0xAF,0xFF,0x30,0x46,0xA9,0xFF,0x34,0x48,0xA8,0xFF,
  0x25,0x63,0xC8,0xFF,0x23,0x65,0xCD,0xFF,0x1E,0x64,0xD5,0xFF,
  0x2F,0x4C,0xAA,0xFF,0x31,0x31,0x81,0xFE,0x2C,0x30,0x8B,0xFD,
  0x2E,0x25,0x6A,0xFE,0x2D,0x23,0x60,0xFF,0x27,0x25,0x6D,0xFF,
  0x26,0x19,0x45,0xFF,0x2A,0x14,0x28,0xFF,0x2D,0x18,0x2D,0xFF,
  0x31,0x1A,0x30,0xFF,0x2F,0x2D,0x74,0xFF,0x34,0x31,0x7C,0xFF,
  0x34,0x2E,0x6D,0xFF,0x29,0x3C,0x96,0xFF,0x2D,0x50,0xB0,0xFF,
  0x2F,0x51,0xA7,0xFF,0x34,0x52,0xAA,0xFF,0x28,0x6D,0xD2,0xFF,
  0x2B,0x73,0xDC,0xFF,0x2F,0x72,0xDB,0xFF,0x32,0x74,0xDC,0xFF,
  0x34,0x75,0xDC,0xFF,0x30,0x78,0xE5,0xFF,0x35,0x3B,0x77,0xFF,
  0x36,0x29,0x54,0xFF,0x35,0x2B,0x59,0xFF,0x36,0x2A,0x53,0xFF,
  0x26,0x35,0x8E,0xFF,0x28,0x37,0x94,0xFF,0x29,0x37,0x92,0xFF,
  0x2A,0x38,0x90,0xFF,0x2D,0x3C,0x94,0xFF,0x31,0x38,0x92,0xFF,
  0x30,0x58,0xB6,0xFF,0x2B,0x76,0xDA,0xFF,0x2F,0x73,0xD8,0xFF,
  0x32,0x73,0xD9,0xFF,0x30,0x6E,0xD7,0xFF,0x2D,0x6C,0xD5,0xFF,
  0x2B,0x6B,0xD4,0xFF,0x29,0x6D,0xD6,0xFF,0x31,0x5E,0xBA,0xFF,
  0x32,0x44,0x9A,0xFF,0x2E,0x44,0x9C,0xFF,0x2C,0x42,0x99,0xFF,
  0x25,0x5A,0xC1,0xFF,0x26,0x5E,0xC6,0xFF,0x27,0x5E,0xC7,0xFF,
  0x26,0x61,0xCB,0xFF,0x29,0x62,0xCF,0xFF,0x27,0x67,0xDA,0xFF,
  0x33,0x4B,0xA7,0xFF,0x3A,0x3D,0x8A,0xFF,0x3B,0x40,0x8E,0xFF,
  0x3C,0x3E,0x85,0xFF,0x33,0x56,0xB5,0xFF,0x33,0x63,0xC3,0xFF,
  0x30,0x5F,0xBA,0xFE,0x30,0x39,0x8B,0xFF,0x2E,0x31,0x8B,0xFF,
  0x26,0x38,0x9E,0xFF,0x30,0x21,0x62,0xFF,0x35,0x19,0x45,0xFF,
  0x34,0x18,0x4B,0xFF,0x34,0x21,0x57,0xFF,0x37,0x34,0x7B,0xFF,
  0x37,0x30,0x77,0xFF,0x39,0x2B,0x73,0xFF,0x3D,0x27,0x66,0xFF,
  0x41,0x25,0x57,0xFF,0x39,0x37,0x6E,0xFF,0x36,0x3E,0x8A,0xFF,
  0x35,0x38,0x88,0xFF,0x25,0x62,0xC5,0xFF,0x29,0x64,0xC7,0xFF,
  0x29,0x54,0xB3,0xFF,0x27,0x42,0x98,0xFF,0x27,0x44,0x9B,0xFF,
  0x29,0x48,0xA1,0xFF,0x2A,0x49,0xA1,0xFF,0x2F,0x3A,0x82,0xFF,
  0x2E,0x39,0x81,0xFF,0x2F,0x3A,0x85,0xFF,0x31,0x3C,0x8B,0xFF,
  0x30,0x42,0x99,0xFF,0x30,0x45,0xA0,0xFF,0x31,0x54,0xBB,0xFF,
  0x2C,0x57,0xC5,0xFF,0x29,0x4C,0xB2,0xFF,0x30,0x34,0x7A,0xFF,
  0x30,0x35,0x75,0xFF,0x2E,0x36,0x74,0xFF,0x2E,0x33,0x79,0xFF,
  0x2D,0x32,0x76,0xFF,0x30,0x34,0x7C,0xFF,0x2E,0x40,0x9A,0xFF,
  0x2C,0x44,0xA2,0xFF,0x2D,0x46,0xA3,0xFF,0x29,0x5A,0xBA,0xFF,
  0x2A,0x6E,0xCE,0xFF,0x2D,0x70,0xD2,0xFF,0x2F,0x66,0xCA,0xFF,
  0x30,0x48,0xAE,0xFF,0x2C,0x37,0x8B,0xFF,0x32,0x28,0x69,0xFF,
  0x33,0x2C,0x6B,0xFF,0x34,0x2F,0x6F,0xFF,0x3A,0x2E,0x7F,0xFF,
  0x30,0x51,0xB6,0xFF,0x21,0x6D,0xD7,0xFF,0x28,0x66,0xCF,0xFF,
  0x2A,0x66,0xCD,0xFF,0x29,0x63,0xC9,0xFF,0x28,0x5F,0xC7,0xFF,
  0x27,0x5D,0xCA,0xFF,0x28,0x53,0xB8,0xFF,0x2F,0x32,0x74,0xFF,
  0x2E,0x36,0x76,0xFF,0x2E,0x36,0x7C,0xFF,0x2F,0x37,0x81,0xFF,
  0x2E,0x37,0x7F,0xFF,0x30,0x33,0x7E,0xFF,0x31,0x35,0x82,0xFF,
  0x30,0x37,0x88,0xFF,0x2F,0x3C,0x97,0xFF,0x33,0x39,0x8C,0xFF,
  0x2C,0x56,0xB6,0xFF,0x24,0x70,0xDC,0xFF,0x2B,0x6F,0xD4,0xFF,
  0x2E,0x70,0xD6,0xFF,0x30,0x7C,0xDD,0xFF,0x2D,0x5A,0xBC,0xFF,
  0x2F,0x36,0x8D,0xFF,0x31,0x36,0x7D,0xFF,0x2F,0x30,0x73,0xFF,
  0x35,0x2E,0x6D,0xFF,0x35,0x60,0xB4,0xFF,0x2A,0x68,0xCD,0xFF,
  0x2D,0x66,0xCA,0xFF,0x27,0x5E,0xCB,0xFF,0x33,0x34,0x6C,0xFF,
  0x39,0x32,0x57,0xFF,0x3B,0x37,0x65,0xFF,0x33,0x2B,0x47,0xC0,
  0x39,0x38,0x6F,0xFA,0x39,0x3E,0x7A,0xFB,0x39,0x40,0x7B,0xFA,
  0x39,0x40,0x7C,0xFF,0x37,0x42,0x7E,0xFF,0x36,0x47,0x80,0xFF,
  0x37,0x46,0x7F,0xFF,0x3A,0x48,0x76,0xFF,0x39,0x4C,0x76,0xFF,
  0x34,0x4C,0x7C,0xFF,0x37,0x38,0x68,0xFF,0x38,0x2C,0x63,0xFF,
  0x35,0x29,0x64,0xFF,0x32,0x26,0x61,0xFF,0x35,0x24,0x4B,0xFF,
  0x36,0x21,0x40,0xFF,0x35,0x21,0x47,0xFF,0x36,0x21,0x45,0xFF,
  0x37,0x25,0x4D,0xFF,0x39,0x2B,0x56,0xFF,0x3A,0x27,0x4E,0xFF,
  0x35,0x35,0x68,0xFF,0x2E,0x42,0x86,0xFF,0x32,0x3A,0x7F,0xFF,
  0x31,0x36,0x77,0xFF,0x30,0x4B,0x98,0xFF,0x2C,0x4E,0xA2,0xFF,
  0x2E,0x4D,0x9D,0xFF,0x2B,0x51,0xAA,0xFF,0x37,0x33,0x71,0xFF,
  0x39,0x20,0x40,0xFF,0x3A,0x21,0x4B,0xFF,0x3E,0x20,0x50,0xFF,
  0x40,0x23,0x55,0xFF,0x3E,0x24,0x58,0xFF,0x3E,0x24,0x5A,0xFF,
  0x3C,0x24,0x59,0xFF,0x39,0x21,0x56,0xFF,0x3E,0x28,0x4F,0xFF,
  0x37,0x73,0x25,0xFF,0x38,0x77,0x20,0xFF,0x3B,0x72,0x22,0xFF,
  0x3D,0x75,0x22,0xFF,0x3B,0x77,0x21,0xFF,0x3A,0x7B,0x22,0xFF,
  0x3D,0x69,0x1F,0xFF,0x40,0x60,0x18,0xFF,0x3E,0x67,0x12,0xFF,
  0x3C,0x43,0x30,0xFF,0x34,0x1A,0x43,0xFF,0x31,0x1F,0x3A,0xFF,
  0x33,0x20,0x3B,0xFF,0x35,0x30,0x66,0xFF,0x33,0x31,0x6A,0xFF,
  0x30,0x30,0x6E,0xFF,0x31,0x2A,0x5F,0xFF,0x34,0x1F,0x3D,0xFF,
  0x33,0x1E,0x44,0xFF,0x36,0x1D,0x48,0xFF,0x36,0x20,0x48,0xFF,
  0x34,0x1E,0x43,0xFF,0x34,0x24,0x42,0xFF,0x34,0x2F,0x64,0xFF,
  0x31,0x30,0x65,0xFF,0x33,0x2A,0x5A,0xFF,0x31,0x48,0x9A,0xFF,
  0x2D,0x69,0xD1,0xFF,0x2C,0x63,0xC7,0xFF,0x2D,0x5F,0xC2,0xFF,
  0x2F,0x45,0x9D,0xFF,0x2F,0x45,0xA3,0xFF,0x2E,0x45,0xA2,0xFF,
  0x30,0x39,0x86,0xFF,0x30,0x38,0x83,0xFF,0x35,0x34,0x81,0xFF,
  0x33,0x48,0x9D,0xFF,0x2A,0x67,0xCB,0xFF,0x2D,0x62,0xC6,0xFF,
  0x2D,0x64,0xC9,0xFF,0x2C,0x65,0xCB,0xFF,0x2C,0x63,0xCC,0xFF,
  0x2A,0x68,0xD7,0xFF,0x30,0x39,0x88,0xFF,0x34,0x22,0x55,0xFF,
  0x33,0x25,0x5B,0xFF,0x35,0x29,0x5F,0xFF,0x35,0x39,0x82,0xFF,
  0x31,0x38,0x83,0xFF,0x34,0x37,0x7D,0xFF,0x2F,0x43,0x9D,0xFF,
  0x2B,0x45,0xAD,0xFF,0x2F,0x43,0xA8,0xFF,0x35,0x45,0xA6,0xFF,
  0x29,0x5D,0xBE,0xFF,0x24,0x5E,0xC2,0xFF,0x21,0x5C,0xC7,0xFF,
  0x32,0x47,0x9C,0xFF,0x33,0x2E,0x75,0xFF,0x2C,0x32,0x7A,0xFF,
  0x31,0x2B,0x64,0xFF,0x32,0x29,0x5E,0xFF,0x2C,0x2C,0x68,0xFF,
  0x2B,0x22,0x41,0xFF,0x2F,0x1F,0x27,0xFE,0x31,0x24,0x2C,0xFE,
  0x34,0x25,0x30,0xFF,0x34,0x30,0x73,0xFF,0x38,0x34,0x7B,0xFF,
  0x36,0x34,0x71,0xFF,0x30,0x41,0x90,0xFF,0x30,0x4C,0xA3,0xFF,
  0x30,0x49,0x9B,0xFF,0x37,0x4B,0x9F,0xFF,0x2D,0x64,0xC5,0xFF,
  0x2B,0x68,0xD0,0xFF,0x2F,0x68,0xCF,0xFF,0x31,0x6A,0xCF,0xFF,
  0x34,0x6C,0xCE,0xFF,0x31,0x6D,0xD4,0xFF,0x35,0x37,0x72,0xFF,
  0x35,0x28,0x52,0xFF,0x34,0x28,0x55,0xFF,0x36,0x29,0x4F,0xFF,
  0x29,0x34,0x88,0xFF,0x2A,0x36,0x8F,0xFF,0x2B,0x36,0x8D,0xFF,
  0x2C,0x38,0x8F,0xFF,0x2D,0x3C,0x94,0xFF,0x31,0x39,0x93,0xFF,
  0x30,0x57,0xB2,0xFF,0x2E,0x70,0xD2,0xFF,0x32,0x6F,0xD1,0xFF,
  0x32,0x70,0xD5,0xFF,0x2F,0x6D,0xD6,0xFF,0x2D,0x6C,0xD5,0xFF,
  0x2D,0x6B,0xD4,0xFF,0x29,0x6D,0xD6,0xFF,0x2F,0x5E,0xBC,0xFF,
  0x2F,0x44,0x9C,0xFF,0x2C,0x46,0x9E,0xFF,0x2C,0x43,0x9A,0xFF,
  0x27,0x53,0xB7,0xFF,0x25,0x56,0xBB,0xFF,0x26,0x56,0xBC,0xFF,
  0x27,0x59,0xC0,0xFF,0x28,0x5A,0xC3,0xFF,0x27,0x5F,0xCF,0xFF,
  0x34,0x48,0xA3,0xFF,0x3A,0x3C,0x86,0xFF,0x3B,0x3D,0x8B,0xFF,
  0x3D,0x3D,0x83,0xFF,0x36,0x52,0xAC,0xFF,0x33,0x5C,0xBA,0xFF,
  0x30,0x5B,0xAF,0xFF,0x30,0x3B,0x84,0xFF,0x2D,0x34,0x80,0xFF,
  0x29,0x3C,0x92,0xFF,0x32,0x23,0x5A,0xFF,0x36,0x1B,0x3E,0xFF,
  0x34,0x1C,0x44,0xFF,0x35,0x27,0x54,0xFF,0x3A,0x35,0x74,0xFF,
  0x3B,0x30,0x6F,0xFF,0x3C,0x2F,0x6B,0xFF,0x3E,0x28,0x5D,0xFF,
  0x42,0x24,0x52,0xFF,0x3C,0x37,0x6F,0xFF,0x37,0x3D,0x89,0xFF,
  0x36,0x38,0x87,0xFF,0x27,0x5D,0xBF,0xFF,0x27,0x5E,0xC2,0xFF,
  0x28,0x50,0xAF,0xFF,0x28,0x3F,0x96,0xFF,0x27,0x41,0x97,0xFF,
  0x28,0x45,0x9E,0xFF,0x2A,0x48,0x9E,0xFF,0x30,0x39,0x7F,0xFF,
  0x2E,0x38,0x7E,0xFF,0x2F,0x39,0x82,0xFF,0x32,0x3A,0x89,0xFF,
  0x31,0x3F,0x93,0xFF,0x33,0x42,0x9A,0xFF,0x32,0x51,0xB4,0xFF,
  0x2E,0x52,0xBC,0xFF,0x2B,0x49,0xA9,0xFF,0x2E,0x35,0x76,0xFF,
  0x2F,0x35,0x72,0xFF,0x2F,0x36,0x73,0xFF,0x30,0x35,0x77,0xFF,
  0x2D,0x33,0x78,0xFF,0x30,0x35,0x7B,0xFF,0x2E,0x43,0x9A,0xFF,
  0x2E,0x45,0xA4,0xFF,0x2E,0x46,0xA3,0xFF,0x2B,0x5A,0xB9,0xFF,
  0x29,0x6B,0xCB,0xFF,0x2C,0x6D,0xCF,0xFF,0x30,0x64,0xC5,0xFF,
  0x31,0x43,0xA7,0xFF,0x2D,0x36,0x89,0xFF,0x33,0x28,0x69,0xFF,
  0x33,0x2C,0x6B,0xFF,0x34,0x2F,0x70,0xFF,0x3A,0x30,0x80,0xFF,
  0x31,0x4E,0xB2,0xFF,0x23,0x69,0xD3,0xFF,0x28,0x65,0xCE,0xFF,
  0x29,0x65,0xCC,0xFF,0x29,0x62,0xC9,0xFF,0x28,0x5E,0xC4,0xFF,
  0x28,0x59,0xC4,0xFF,0x2A,0x52,0xB6,0xFF,0x30,0x32,0x76,0xFF,
  0x2E,0x35,0x78,0xFF,0x2F,0x36,0x7D,0xFF,0x2F,0x37,0x80,0xFF,
  0x2F,0x36,0x7D,0xFF,0x31,0x33,0x7E,0xFF,0x31,0x36,0x81,0xFF,
  0x30,0x37,0x87,0xFF,0x2F,0x3C,0x93,0xFF,0x33,0x39,0x8B,0xFF,
  0x2F,0x56,0xB1,0xFF,0x26,0x6C,0xD5,0xFF,0x2C,0x68,0xCD,0xFF,
  0x30,0x6B,0xCB,0xFF,0x32,0x73,0xCE,0xFF,0x2E,0x50,0xAF,0xFF,
  0x2F,0x36,0x8C,0xFF,0x30,0x37,0x7F,0xFF,0x2D,0x34,0x7A,0xFF,
  0x34,0x34,0x75,0xFF,0x34,0x63,0xB7,0xFF,0x29,0x65,0xCA,0xFF,
  0x2A,0x63,0xCA,0xFF,0x27,0x60,0xCE,0xFF,0x32,0x34,0x6B,0xFE,
  0x36,0x30,0x55,0xF6,0x37,0x35,0x67,0xF7,0x33,0x2B,0x4B,0xC0,
  0x3B,0x3A,0x6C,0xFE,0x3A,0x3F,0x79,0xFF,0x39,0x40,0x78,0xFE,
  0x39,0x40,0x79,0xFF,0x39,0x42,0x7C,0xFF,0x38,0x46,0x81,0xFF,
  0x38,0x47,0x7F,0xFF,0x3B,0x49,0x77,0xFF,0x3B,0x4C,0x79,0xFF,
  0x37,0x4F,0x7F,0xFF,0x36,0x3B,0x6A,0xFF,0x39,0x2E,0x65,0xFF,
  0x36,0x2B,0x66,0xFF,0x34,0x29,0x62,0xFF,0x36,0x27,0x4B,0xFF,
  0x36,0x22,0x42,0xFF,0x36,0x22,0x47,0xFF,0x35,0x22,0x47,0xFF,
  0x38,0x26,0x4F,0xFF,0x3A,0x2A,0x57,0xFF,0x3B,0x26,0x4F,0xFF,
  0x37,0x35,0x6A,0xFF,0x30,0x41,0x88,0xFF,0x33,0x3A,0x82,0xFF,
  0x31,0x37,0x7A,0xFF,0x30,0x4C,0x9B,0xFF,0x2E,0x4F,0xA4,0xFF,
  0x2E,0x4F,0xA1,0xFF,0x2D,0x55,0xAE,0xFF,0x35,0x36,0x73,0xFF,
  0x37,0x22,0x41,0xFF,0x39,0x25,0x4A,0xFF,0x3C,0x22,0x50,0xFF,
  0x3A,0x23,0x55,0xFF,0x39,0x25,0x56,0xFF,0x3A,0x25,0x59,0xFF,
  0x39,0x26,0x58,0xFF,0x36,0x21,0x57,0xFF,0x3D,0x26,0x51,0xFF,
  0x38,0x6E,0x28,0xFF,0x35,0x76,0x1F,0xFF,0x38,0x73,0x22,0xFF,
  0x3A,0x76,0x22,0xFF,0x3A,0x79,0x22,0xFF,0x38,0x7D,0x22,0xFF,
  0x3B,0x6E,0x1D,0xFF,0x3D,0x63,0x18,0xFF,0x3D,0x6A,0x14,0xFF,
  0x3A,0x48,0x32,0xFF,0x31,0x1D,0x44,0xFF,0x30,0x22,0x39,0xFF,
  0x32,0x23,0x3B,0xFF,0x35,0x30,0x65,0xFF,0x34,0x30,0x6B,0xFF,
  0x32,0x32,0x6F,0xFF,0x31,0x2E,0x5F,0xFF,0x32,0x22,0x3C,0xFF,
  0x33,0x22,0x44,0xFF,0x35,0x1F,0x48,0xFF,0x32,0x20,0x46,0xFF,
  0x32,0x1F,0x41,0xFF,0x33,0x26,0x42,0xFF,0x34,0x32,0x62,0xFF,
  0x30,0x30,0x66,0xFF,0x31,0x2A,0x5E,0xFF,0x32,0x48,0x9B,0xFF,
  0x30,0x68,0xD0,0xFF,0x2F,0x63,0xC7,0xFF,0x31,0x60,0xC4,0xFF,
  0x31,0x44,0x9F,0xFF,0x2F,0x44,0xA2,0xFF,0x2E,0x45,0xA1,0xFF,
  0x31,0x39,0x85,0xFF,0x30,0x38,0x82,0xFF,0x35,0x35,0x82,0xFF,
  0x34,0x49,0x9E,0xFF,0x2B,0x68,0xCC,0xFF,0x2C,0x64,0xC7,0xFF,
  0x2D,0x66,0xCA,0xFF,0x2D,0x66,0xCB,0xFF,0x2E,0x64,0xCB,0xFF,
  0x2C,0x6A,0xD6,0xFF,0x2F,0x3B,0x87,0xFF,0x33,0x22,0x56,0xFF,
  0x31,0x25,0x5C,0xFF,0x33,0x29,0x60,0xFF,0x34,0x39,0x83,0xFF,
  0x31,0x38,0x84,0xFF,0x34,0x37,0x7F,0xFF,0x30,0x42,0x9E,0xFF,
  0x2C,0x45,0xAE,0xFF,0x30,0x43,0xA8,0xFF,0x34,0x44,0xA8,0xFF,
  0x29,0x5F,0xBF,0xFF,0x25,0x5E,0xC3,0xFF,0x23,0x5F,0xC9,0xFF,
  0x33,0x48,0xA0,0xFF,0x34,0x2F,0x76,0xFF,0x2D,0x34,0x7B,0xFF,
  0x2E,0x2E,0x65,0xFF,0x2E,0x2B,0x5C,0xFF,0x2B,0x2E,0x66,0xFF,
  0x29,0x26,0x3E,0xFE,0x2D,0x21,0x22,0xFD,0x30,0x25,0x27,0xFD,
  0x33,0x27,0x29,0xFD,0x34,0x31,0x6E,0xFF,0x35,0x35,0x7A,0xFF,
  0x33,0x35,0x70,0xFF,0x32,0x43,0x91,0xFF,0x31,0x4D,0xA8,0xFF,
  0x32,0x4B,0xA1,0xFF,0x36,0x4D,0xA5,0xFF,0x31,0x64,0xC9,0xFF,
  0x2E,0x69,0xD2,0xFF,0x32,0x6A,0xD2,0xFF,0x35,0x6C,0xD2,0xFF,
  0x37,0x6E,0xD2,0xFF,0x35,0x6F,0xD7,0xFF,0x35,0x37,0x74,0xFF,
  0x34,0x28,0x51,0xFF,0x33,0x29,0x55,0xFF,0x35,0x2A,0x51,0xFF,
  0x2B,0x35,0x88,0xFF,0x2A,0x36,0x90,0xFF,0x2C,0x38,0x8E,0xFF,
  0x2D,0x3A,0x90,0xFF,0x2E,0x3C,0x93,0xFF,0x31,0x3A,0x94,0xFF,
  0x32,0x59,0xB3,0xFF,0x30,0x70,0xD3,0xFF,0x34,0x6F,0xD2,0xFF,
  0x33,0x70,0xD5,0xFF,0x2F,0x6D,0xD6,0xFF,0x2E,0x6C,0xD5,0xFF,
  0x2E,0x6C,0xD4,0xFF,0x2B,0x6E,0xD7,0xFF,0x2F,0x60,0xBF,0xFF,
  0x2F,0x44,0x9E,0xFF,0x2B,0x45,0xA0,0xFF,0x2B,0x44,0x9C,0xFF,
  0x2B,0x55,0xB9,0xFF,0x28,0x57,0xBD,0xFF,0x29,0x58,0xBE,0xFF,
  0x29,0x59,0xC0,0xFF,0x28,0x5A,0xC2,0xFF,0x27,0x5E,0xCE,0xFF,
  0x35,0x49,0xA4,0xFF,0x3C,0x3C,0x85,0xFF,0x3B,0x3E,0x8D,0xFF,
  0x3C,0x3F,0x89,0xFF,0x37,0x55,0xB0,0xFF,0x35,0x5E,0xBE,0xFF,
  0x32,0x5C,0xB3,0xFF,0x2D,0x3C,0x87,0xFF,0x2A,0x35,0x7C,0xFF,
  0x28,0x3F,0x8D,0xFF,0x2E,0x27,0x5A,0xFF,0x34,0x1E,0x41,0xFF,
  0x32,0x1F,0x45,0xFF,0x35,0x2B,0x52,0xFF,0x39,0x37,0x6D,0xFF,
  0x39,0x34,0x69,0xFF,0x3A,0x33,0x66,0xFF,0x3C,0x2B,0x5C,0xFF,
  0x3F,0x29,0x57,0xFF,0x3C,0x3C,0x73,0xFF,0x35,0x3F,0x8C,0xFF,
  0x33,0x3B,0x8E,0xFF,0x2A,0x60,0xC5,0xFF,0x28,0x60,0xC4,0xFF,
  0x2B,0x53,0xB1,0xFF,0x2B,0x40,0x99,0xFF,0x2A,0x41,0x98,0xFF,
  0x27,0x46,0xA0,0xFF,0x2B,0x49,0x9F,0xFF,0x30,0x37,0x7F,0xFF,
  0x2E,0x38,0x7E,0xFF,0x30,0x3A,0x83,0xFF,0x31,0x3B,0x8A,0xFF,
  0x30,0x3F,0x94,0xFF,0x32,0x42,0x9C,0xFF,0x32,0x52,0xB6,0xFF,
  0x2F,0x52,0xBC,0xFF,0x2D,0x4C,0xAB,0xFF,0x2D,0x36,0x79,0xFF,
  0x30,0x36,0x75,0xFF,0x2F,0x38,0x75,0xFF,0x31,0x38,0x7D,0xFF,
  0x2F,0x3A,0x82,0xFF,0x2F,0x3B,0x81,0xFF,0x2E,0x47,0x9D,0xFF,
  0x2E,0x46,0xA5,0xFF,0x2F,0x46,0xA5,0xFF,0x2B,0x5D,0xBB,0xFF,
  0x2A,0x6B,0xCC,0xFF,0x2B,0x6E,0xD0,0xFF,0x33,0x68,0xC8,0xFF,
  0x33,0x47,0xA7,0xFF,0x2E,0x38,0x89,0xFF,0x33,0x29,0x6A,0xFF,
  0x33,0x2C,0x6B,0xFF,0x33,0x2F,0x71,0xFF,0x3A,0x34,0x83,0xFF,
  0x34,0x52,0xB6,0xFF,0x26,0x6A,0xD4,0xFF,0x28,0x65,0xCE,0xFF,
  0x28,0x66,0xCC,0xFF,0x2A,0x64,0xC9,0xFF,0x2A,0x5E,0xC5,0xFF,
  0x29,0x5B,0xC6,0xFF,0x2B,0x54,0xB9,0xFF,0x30,0x33,0x78,0xFF,
  0x2E,0x35,0x7A,0xFF,0x2F,0x37,0x7F,0xFF,0x2F,0x39,0x82,0xFF,
  0x30,0x37,0x7F,0xFF,0x31,0x34,0x7E,0xFF,0x32,0x37,0x80,0xFF,
  0x31,0x39,0x88,0xFF,0x2F,0x3D,0x94,0xFF,0x31,0x39,0x8F,0xFF,
  0x2D,0x59,0xB4,0xFF,0x2A,0x6E,0xD6,0xFF,0x2F,0x6A,0xCF,0xFF,
  0x33,0x6E,0xCD,0xFF,0x36,0x75,0xD1,0xFF,0x32,0x4E,0xAD,0xFF,
  0x2D,0x37,0x8C,0xFF,0x2E,0x35,0x7D,0xFF,0x2B,0x32,0x77,0xFF,
  0x32,0x33,0x71,0xFF,0x35,0x63,0xB5,0xFF,0x29,0x65,0xC9,0xFF,
  0x29,0x63,0xCA,0xFF,0x29,0x65,0xD2,0xFF,0x34,0x38,0x6E,0xFF,
  0x38,0x30,0x52,0xFC,0x39,0x36,0x63,0xFE,0x35,0x2F,0x4B,0xBD,
  0x3C,0x3A,0x69,0xFF,0x39,0x3F,0x79,0xFF,0x39,0x3F,0x75,0xFF,
  0x38,0x3D,0x75,0xFF,0x39,0x41,0x7B,0xFF,0x37,0x44,0x80,0xFF,
  0x37,0x46,0x7F,0xFF,0x3A,0x4A,0x78,0xFF,0x3B,0x4D,0x7A,0xFF,
  0x36,0x4F,0x80,0xFF,0x35,0x3B,0x6A,0xFF,0x39,0x2E,0x65,0xFF,
  0x36,0x2D,0x69,0xFF,0x35,0x2C,0x65,0xFF,0x37,0x27,0x4C,0xFF,
  0x36,0x22,0x43,0xFF,0x36,0x22,0x47,0xFF,0x35,0x22,0x48,0xFF,
  0x38,0x27,0x50,0xFF,0x3B,0x2A,0x59,0xFF,0x3C,0x27,0x50,0xFF,
  0x37,0x35,0x6B,0xFF,0x32,0x41,0x89,0xFF,0x33,0x3A,0x82,0xFF,
  0x30,0x37,0x7B,0xFF,0x2F,0x4B,0x9C,0xFF,0x2D,0x50,0xA5,0xFF,
  0x2E,0x4F,0xA3,0xFF,0x2D,0x56,0xB0,0xFF,0x34,0x38,0x74,0xFF,
  0x37,0x26,0x45,0xFF,0x39,0x29,0x4C,0xFF,0x3A,0x26,0x51,0xFF,
  0x38,0x26,0x57,0xFF,0x38,0x2A,0x59,0xFF,0x39,0x29,0x5B,0xFF,
  0x37,0x27,0x58,0xFF,0x36,0x23,0x58,0xFF,0x3D,0x26,0x52,0xFF,
  0x39,0x6A,0x2B,0xFF,0x35,0x75,0x1F,0xFF,0x37,0x72,0x23,0xFF,
  0x38,0x74,0x24,0xFF,0x38,0x78,0x22,0xFF,0x36,0x7D,0x22,0xFF,
  0x39,0x70,0x1C,0xFF,0x3D,0x66,0x18,0xFF,0x3D,0x6C,0x18,0xFF,
  0x38,0x4C,0x33,0xFF,0x2F,0x1F,0x43,0xFF,0x2E,0x25,0x38,0xFF,
  0x31,0x26,0x3C,0xFF,0x34,0x30,0x65,0xFF,0x34,0x30,0x6B,0xFF,
  0x32,0x32,0x6F,0xFF,0x31,0x30,0x5F,0xFF,0x32,0x25,0x3D,0xFF,
  0x33,0x25,0x46,0xFF,0x34,0x22,0x4A,0xFF,0x33,0x22,0x48,0xFF,
  0x33,0x23,0x44,0xFF,0x34,0x2A,0x46,0xFF,0x33,0x32,0x63,0xFF,
  0x30,0x2F,0x66,0xFF,0x31,0x29,0x60,0xFF,0x31,0x46,0x9A,0xFF,
  0x31,0x67,0xCE,0xFF,0x30,0x63,0xC5,0xFF,0x31,0x61,0xC4,0xFF,
  0x30,0x43,0xA0,0xFF,0x2E,0x43,0xA0,0xFF,0x2D,0x44,0xA0,0xFF,
  0x30,0x38,0x84,0xFF,0x2F,0x38,0x81,0xFF,0x34,0x34,0x82,0xFF,
  0x33,0x48,0x9D,0xFF,0x2A,0x68,0xCC,0xFF,0x2B,0x64,0xC7,0xFF,
  0x2C,0x65,0xCA,0xFF,0x2D,0x66,0xCB,0xFF,0x2E,0x64,0xCA,0xFF,
  0x2C,0x6B,0xD5,0xFF,0x2E,0x3A,0x86,0xFF,0x33,0x22,0x55,0xFF,
  0x31,0x25,0x5C,0xFF,0x33,0x29,0x62,0xFF,0x34,0x39,0x83,0xFF,
  0x31,0x38,0x84,0xFF,0x33,0x37,0x7F,0xFF,0x30,0x41,0x9E,0xFF,
  0x2C,0x44,0xAE,0xFF,0x2F,0x43,0xA7,0xFF,0x31,0x43,0xA8,0xFF,
  0x27,0x5F,0xC1,0xFF,0x25,0x5E,0xC4,0xFF,0x22,0x61,0xCA,0xFF,
  0x32,0x49,0xA2,0xFF,0x34,0x30,0x78,0xFF,0x2D,0x36,0x7B,0xFF,
  0x2C,0x2F,0x65,0xFF,0x2C,0x2B,0x5A,0xFF,0x29,0x30,0x65,0xFF,
  0x2B,0x2A,0x3E,0xFF,0x30,0x25,0x22,0xFF,0x33,0x29,0x27,0xFF,
  0x37,0x2C,0x28,0xFF,0x34,0x35,0x6D,0xFF,0x34,0x38,0x7C,0xFF,
  0x34,0x38,0x72,0xFF,0x32,0x44,0x93,0xFF,0x31,0x4D,0xAB,0xFF,
  0x32,0x4B,0xA5,0xFF,0x35,0x4D,0xA9,0xFF,0x30,0x63,0xCB,0xFF,
  0x2D,0x69,0xD2,0xFF,0x31,0x69,0xD2,0xFF,0x33,0x6B,0xD2,0xFF,
  0x35,0x6D,0xD3,0xFF,0x34,0x6E,0xD8,0xFF,0x34,0x37,0x73,0xFF,
  0x33,0x28,0x50,0xFF,0x32,0x29,0x54,0xFF,0x35,0x2A,0x51,0xFF,
  0x2A,0x35,0x88,0xFF,0x29,0x36,0x8F,0xFF,0x2C,0x38,0x8E,0xFF,
  0x2D,0x3B,0x90,0xFF,0x2E,0x3C,0x93,0xFF,0x31,0x3A,0x94,0xFF,
  0x31,0x59,0xB4,0xFF,0x2F,0x6E,0xD3,0xFF,0x33,0x6E,0xD1,0xFF,
  0x32,0x70,0xD4,0xFF,0x2F,0x6D,0xD6,0xFF,0x2E,0x6C,0xD5,0xFF,
  0x2F,0x6C,0xD4,0xFF,0x2B,0x6F,0xD8,0xFF,0x2F,0x61,0xC1,0xFF,
  0x2F,0x44,0xA0,0xFF,0x2B,0x45,0xA1,0xFF,0x2A,0x44,0x9D,0xFF,
  0x2A,0x54,0xB9,0xFF,0x28,0x57,0xBC,0xFF,0x28,0x57,0xBD,0xFF,
  0x28,0x58,0xBF,0xFF,0x27,0x5A,0xC2,0xFF,0x26,0x61,0xD0,0xFF,
  0x34,0x4A,0xA4,0xFF,0x3C,0x3C,0x84,0xFF,0x3A,0x3E,0x8D,0xFF,
  0x3A,0x3F,0x8C,0xFF,0x37,0x56,0xB2,0xFF,0x35,0x5E,0xC0,0xFF,
  0x32,0x5C,0xB7,0xFF,0x2D,0x3C,0x89,0xFF,0x2B,0x35,0x79,0xFF,
  0x28,0x40,0x8B,0xFF,0x2D,0x2B,0x5E,0xFF,0x35,0x22,0x45,0xFF,
  0x34,0x24,0x4A,0xFF,0x36,0x2E,0x52,0xFF,0x37,0x38,0x67,0xFF,
  0x39,0x36,0x64,0xFF,0x3A,0x35,0x62,0xFF,0x3A,0x2D,0x5C,0xFF,
  0x3D,0x2B,0x59,0xFF,0x39,0x3B,0x73,0xFF,0x33,0x3F,0x8C,0xFF,
  0x31,0x3B,0x90,0xFF,0x29,0x5F,0xC6,0xFF,0x2A,0x60,0xC4,0xFF,
  0x2B,0x53,0xB2,0xFF,0x2B,0x40,0x9B,0xFF,0x2A,0x41,0x98,0xFF,
  0x26,0x46,0xA0,0xFF,0x2A,0x47,0x9E,0xFF,0x2F,0x35,0x7E,0xFF,
  0x2D,0x37,0x7D,0xFF,0x2F,0x39,0x82,0xFF,0x30,0x3B,0x89,0xFF,
  0x2F,0x3E,0x93,0xFF,0x31,0x41,0x9B,0xFF,0x31,0x51,0xB7,0xFF,
  0x2E,0x52,0xBC,0xFF,0x2D,0x4C,0xAA,0xFF,0x2D,0x37,0x7C,0xFF,
  0x31,0x39,0x7A,0xFF,0x30,0x39,0x7A,0xFF,0x31,0x3A,0x83,0xFF,
  0x30,0x3E,0x89,0xFF,0x30,0x3D,0x87,0xFF,0x2D,0x44,0x9B,0xFF,
  0x2D,0x45,0xA3,0xFF,0x2F,0x45,0xA4,0xFF,0x2A,0x5C,0xBC,0xFF,
  0x29,0x6B,0xCE,0xFF,0x2B,0x6F,0xD2,0xFF,0x32,0x68,0xCA,0xFF,
  0x35,0x45,0xA3,0xFF,0x2E,0x35,0x86,0xFF,0x33,0x29,0x6A,0xFF,
  0x33,0x2C,0x6B,0xFF,0x32,0x2E,0x71,0xFF,0x39,0x33,0x82,0xFF,
  0x35,0x50,0xB4,0xFF,0x26,0x69,0xD3,0xFF,0x27,0x64,0xCD,0xFF,
  0x27,0x65,0xCB,0xFF,0x29,0x63,0xC9,0xFF,0x2A,0x5E,0xC6,0xFF,
  0x29,0x5C,0xC7,0xFF,0x2B,0x55,0xB9,0xFF,0x30,0x33,0x7A,0xFF,
  0x2E,0x35,0x7B,0xFF,0x2F,0x37,0x80,0xFF,0x2F,0x39,0x83,0xFF,
  0x30,0x37,0x7F,0xFF,0x2F,0x32,0x7A,0xFF,0x30,0x34,0x7B,0xFF,
  0x30,0x38,0x87,0xFF,0x2E,0x3C,0x94,0xFF,0x2F,0x38,0x91,0xFF,
  0x2C,0x58,0xB6,0xFF,0x2C,0x6F,0xD5,0xFF,0x31,0x6C,0xCE,0xFF,
  0x33,0x70,0xCE,0xFF,0x36,0x76,0xD3,0xFF,0x33,0x4A,0xAA,0xFF,
  0x2D,0x38,0x8C,0xFF,0x2D,0x34,0x7A,0xFF,0x2B,0x31,0x74,0xFF,
  0x31,0x32,0x6E,0xFF,0x33,0x5E,0xAF,0xFF,0x28,0x63,0xC7,0xFF,
  0x29,0x61,0xC8,0xFF,0x28,0x66,0xD1,0xFF,0x34,0x3A,0x71,0xFF,
  0x3A,0x30,0x52,0xFD,0x3B,0x37,0x62,0xFF,0x39,0x32,0x4D,0xB1,
  0x3A,0x3A,0x68,0xFF,0x38,0x3E,0x78,0xFF,0x38,0x3D,0x73,0xFF,
  0x37,0x3C,0x72,0xFF,0x37,0x42,0x7C,0xFF,0x35,0x44,0x82,0xFF,
  0x35,0x47,0x81,0xFF,0x38,0x4A,0x77,0xFF,0x39,0x4C,0x78,0xFF,
  0x33,0x4D,0x7E,0xFF,0x35,0x39,0x68,0xFF,0x3A,0x2D,0x64,0xFF,
  0x37,0x2E,0x6A,0xFF,0x36,0x2C,0x63,0xFF,0x38,0x26,0x4A,0xFF,
  0x36,0x22,0x43,0xFF,0x35,0x22,0x47,0xFF,0x35,0x23,0x48,0xFF,
  0x38,0x26,0x4F,0xFF,0x3C,0x29,0x57,0xFF,0x3C,0x26,0x4E,0xFF,
  0x36,0x34,0x6C,0xFF,0x32,0x41,0x89,0xFF,0x32,0x3A,0x7F,0xFF,
  0x2F,0x36,0x79,0xFF,0x2D,0x4B,0x9C,0xFF,0x2C,0x51,0xA6,0xFF,
  0x2D,0x4F,0xA4,0xFF,0x2C,0x54,0xAF,0xFF,0x34,0x36,0x71,0xFF,
  0x37,0x26,0x46,0xFF,0x38,0x28,0x4B,0xFF,0x39,0x26,0x4F,0xFF,
  0x38,0x25,0x55,0xFF,0x38,0x29,0x58,0xFF,0x38,0x28,0x58,0xFF,
  0x36,0x25,0x57,0xFF,0x35,0x22,0x57,0xFF,0x3C,0x25,0x50,0xFF,
  0x3A,0x69,0x2B,0xFF,0x36,0x75,0x1F,0xFF,0x37,0x71,0x22,0xFF,
  0x38,0x74,0x24,0xFF,0x37,0x7A,0x21,0xFF,0x35,0x7E,0x21,0xFF,
  0x39,0x72,0x1B,0xFF,0x3F,0x67,0x16,0xFF,0x3F,0x6B,0x1A,0xFF,
  0x39,0x4C,0x34,0xFF,0x30,0x1E,0x42,0xFF,0x2E,0x25,0x37,0xFF,
  0x31,0x25,0x3A,0xFF,0x33,0x30,0x66,0xFF,0x34,0x30,0x6C,0xFF,
  0x32,0x32,0x6F,0xFF,0x31,0x2E,0x5F,0xFF,0x33,0x24,0x3E,0xFF,
  0x34,0x24,0x46,0xFF,0x35,0x21,0x4A,0xFF,0x35,0x22,0x48,0xFF,
  0x35,0x22,0x45,0xFF,0x35,0x29,0x47,0xFF,0x33,0x2F,0x64,0xFF,
  0x30,0x2D,0x66,0xFF,0x31,0x27,0x5E,0xFF,0x30,0x44,0x97,0xFF,
  0x31,0x68,0xCD,0xFF,0x30,0x64,0xC4,0xFF,0x2E,0x61,0xC3,0xFF,
  0x2D,0x42,0x9F,0xFF,0x2D,0x42,0x9E,0xFF,0x2C,0x43,0x9F,0xFF,
  0x2F,0x38,0x85,0xFF,0x2F,0x38,0x82,0xFF,0x33,0x34,0x83,0xFF,
  0x32,0x48,0xA0,0xFF,0x29,0x6A,0xCF,0xFF,0x2B,0x65,0xC9,0xFF,
  0x2B,0x66,0xCB,0xFF,0x2C,0x67,0xCC,0xFF,0x2E,0x66,0xCB,0xFF,
  0x2B,0x6C,0xD5,0xFF,0x2D,0x3A,0x86,0xFF,0x33,0x21,0x54,0xFF,
  0x31,0x25,0x5B,0xFF,0x33,0x29,0x62,0xFF,0x33,0x38,0x83,0xFF,
  0x31,0x38,0x84,0xFF,0x32,0x36,0x7E,0xFF,0x2F,0x3F,0x9D,0xFF,
  0x2C,0x43,0xAE,0xFF,0x2E,0x43,0xA6,0xFF,0x2F,0x42,0xA5,0xFF,
  0x25,0x5D,0xC0,0xFF,0x25,0x5F,0xC3,0xFF,0x21,0x61,0xC8,0xFF,
  0x30,0x48,0xA0,0xFF,0x34,0x2F,0x75,0xFF,0x2D,0x35,0x78,0xFF,
  0x2D,0x2E,0x65,0xFF,0x2D,0x2B,0x5B,0xFF,0x2A,0x2F,0x68,0xFF,
  0x2D,0x29,0x3D,0xFF,0x31,0x24,0x20,0xFF,0x34,0x28,0x25,0xFF,
  0x39,0x2B,0x25,0xFF,0x35,0x35,0x6B,0xFF,0x34,0x36,0x7B,0xFF,
  0x35,0x36,0x71,0xFF,0x31,0x43,0x93,0xFF,0x31,0x4D,0xAE,0xFF,
  0x32,0x4A,0xA6,0xFF,0x33,0x4D,0xAA,0xFF,0x2D,0x64,0xCC,0xFF,
  0x2C,0x69,0xD2,0xFF,0x2E,0x69,0xD1,0xFF,0x30,0x6A,0xD1,0xFF,
  0x31,0x6C,0xD2,0xFF,0x30,0x6C,0xD7,0xFF,0x32,0x36,0x71,0xFF,
  0x32,0x27,0x4F,0xFF,0x30,0x28,0x52,0xFF,0x35,0x29,0x51,0xFF,
  0x29,0x35,0x89,0xFF,0x28,0x36,0x8F,0xFF,0x2B,0x39,0x8E,0xFF,
  0x2C,0x3B,0x90,0xFF,0x2D,0x3C,0x93,0xFF,0x30,0x3A,0x93,0xFF,
  0x2F,0x59,0xB6,0xFF,0x2D,0x70,0xD6,0xFF,0x30,0x6F,0xD2,0xFF,
  0x31,0x6F,0xD4,0xFF,0x2F,0x6D,0xD6,0xFF,0x2E,0x6C,0xD6,0xFF,
  0x2F,0x6C,0xD4,0xFF,0x2B,0x70,0xD9,0xFF,0x2F,0x61,0xC3,0xFF,
  0x2F,0x44,0xA2,0xFF,0x2B,0x45,0xA3,0xFF,0x2A,0x43,0x9E,0xFF,
  0x28,0x53,0xB8,0xFF,0x27,0x57,0xBC,0xFF,0x26,0x57,0xBD,0xFF,
  0x26,0x58,0xBF,0xFF,0x26,0x5A,0xC1,0xFF,0x25,0x61,0xCE,0xFF,
  0x32,0x49,0xA2,0xFF,0x3A,0x3B,0x82,0xFF,0x39,0x3E,0x8C,0xFF,
  0x3A,0x3E,0x8B,0xFF,0x36,0x55,0xB1,0xFF,0x35,0x5E,0xC0,0xFF,
  0x32,0x5C,0xB8,0xFF,0x2E,0x3B,0x86,0xFF,0x2C,0x32,0x73,0xFF,
  0x28,0x3B,0x83,0xFF,0x30,0x29,0x59,0xFF,0x37,0x20,0x42,0xFF,
  0x36,0x24,0x47,0xFF,0x38,0x2C,0x4D,0xFF,0x36,0x34,0x61,0xFF,
  0x39,0x33,0x5E,0xFF,0x3A,0x32,0x5E,0xFF,0x39,0x2D,0x5C,0xFF,
  0x3C,0x2B,0x59,0xFF,0x38,0x38,0x74,0xFF,0x34,0x3D,0x8D,0xFF,
  0x30,0x39,0x90,0xFF,0x27,0x5D,0xC6,0xFF,0x2A,0x5F,0xC3,0xFF,
  0x29,0x52,0xB2,0xFF,0x29,0x41,0x9B,0xFF,0x29,0x42,0x9A,0xFF,
  0x25,0x46,0xA1,0xFF,0x28,0x44,0x9D,0xFF,0x2D,0x34,0x7E,0xFF,
  0x2C,0x37,0x7E,0xFF,0x2D,0x39,0x82,0xFF,0x2F,0x3A,0x86,0xFF,
  0x2F,0x3C,0x90,0xFF,0x30,0x3F,0x99,0xFF,0x30,0x4F,0xB4,0xFF,
  0x2D,0x51,0xBA,0xFF,0x2C,0x48,0xA7,0xFF,0x2D,0x35,0x7B,0xFF,
  0x31,0x38,0x7B,0xFF,0x31,0x38,0x7B,0xFF,0x31,0x38,0x82,0xFF,
  0x31,0x3D,0x8B,0xFF,0x31,0x3E,0x8D,0xFF,0x2B,0x3F,0x99,0xFF,
  0x2C,0x43,0xA1,0xFF,0x2F,0x45,0xA4,0xFF,0x28,0x59,0xBC,0xFF,
  0x28,0x6C,0xCF,0xFF,0x2B,0x6F,0xD1,0xFF,0x2F,0x66,0xC8,0xFF,
  0x34,0x42,0x9F,0xFF,0x2E,0x31,0x83,0xFF,0x32,0x28,0x69,0xFF,
  0x32,0x2C,0x6A,0xFF,0x31,0x2D,0x70,0xFF,0x37,0x31,0x80,0xFF,
  0x33,0x4E,0xB1,0xFF,0x26,0x6A,0xD4,0xFF,0x26,0x65,0xCD,0xFF,
  0x27,0x65,0xCC,0xFF,0x28,0x62,0xC9,0xFF,0x2A,0x5F,0xC7,0xFF,
  0x29,0x5C,0xC7,0xFF,0x2A,0x55,0xBA,0xFF,0x30,0x33,0x7C,0xFF,
  0x2E,0x36,0x7D,0xFF,0x2E,0x38,0x81,0xFF,0x2E,0x38,0x84,0xFF,
  0x30,0x36,0x7E,0xFF,0x2C,0x34,0x7F,0xFF,0x2C,0x35,0x80,0xFF,
  0x2E,0x36,0x88,0xFF,0x2D,0x3A,0x93,0xFF,0x2E,0x37,0x90,0xFF,
  0x2C,0x58,0xB7,0xFF,0x2C,0x70,0xD4,0xFF,0x32,0x6D,0xCD,0xFF,
  0x32,0x71,0xCF,0xFF,0x34,0x73,0xD1,0xFF,0x31,0x43,0xA3,0xFF,
  0x2C,0x37,0x8A,0xFF,0x2D,0x34,0x78,0xFF,0x2B,0x31,0x72,0xFF,
  0x30,0x31,0x6C,0xFF,0x32,0x5E,0xB0,0xFF,0x28,0x64,0xC9,0xFF,
  0x29,0x62,0xCA,0xFF,0x27,0x68,0xD4,0xFF,0x33,0x3B,0x74,0xFF,
  0x3A,0x31,0x56,0xFC,0x3C,0x38,0x65,0xFF,0x3C,0x35,0x51,0xA8,
  0x39,0x3A,0x66,0xFF,0x38,0x3E,0x76,0xFF,0x38,0x3D,0x72,0xFF,
  0x37,0x3C,0x72,0xFF,0x37,0x45,0x81,0xFF,0x36,0x49,0x89,0xFF,
  0x35,0x4B,0x86,0xFF,0x37,0x4A,0x76,0xFF,0x37,0x4B,0x77,0xFF,
  0x33,0x4D,0x7E,0xFF,0x37,0x3A,0x68,0xFF,0x3C,0x2F,0x63,0xFF,
  0x37,0x2E,0x67,0xFF,0x38,0x29,0x59,0xFF,0x38,0x23,0x43,0xFF,
  0x36,0x24,0x44,0xFF,0x36,0x23,0x48,0xFF,0x37,0x25,0x49,0xFF,
  0x38,0x23,0x4A,0xFF,0x3C,0x25,0x50,0xFF,0x3C,0x23,0x49,0xFF,
  0x36,0x33,0x6A,0xFF,0x32,0x41,0x88,0xFF,0x31,0x3A,0x7B,0xFF,
  0x2E,0x35,0x77,0xFF,0x2D,0x4C,0x9D,0xFF,0x2C,0x52,0xA7,0xFF,
  0x2D,0x4F,0xA5,0xFF,0x2E,0x55,0xAF,0xFF,0x35,0x31,0x67,0xFF,
  0x35,0x21,0x3F,0xFF,0x37,0x24,0x42,0xFF,0x39,0x24,0x46,0xFF,
  0x36,0x1F,0x4A,0xFF,0x34,0x20,0x4A,0xFF,0x32,0x1F,0x49,0xFF,
  0x33,0x22,0x50,0xFF,0x32,0x1D,0x51,0xFF,0x39,0x22,0x4B,0xFF,
  0x3B,0x6B,0x29,0xFF,0x34,0x78,0x1E,0xFF,0x34,0x74,0x21,0xFF,
  0x35,0x7C,0x22,0xFF,0x36,0x86,0x1F,0xFF,0x36,0x87,0x20,0xFF,
  0x38,0x76,0x1B,0xFF,0x3E,0x67,0x16,0xFF,0x3F,0x69,0x1E,0xFF,
  0x3C,0x4F,0x36,0xFF,0x30,0x1D,0x3D,0xFF,0x2E,0x23,0x32,0xFF,
  0x31,0x23,0x34,0xFF,0x33,0x30,0x66,0xFF,0x34,0x30,0x6C,0xFF,
  0x34,0x33,0x6F,0xFF,0x32,0x2C,0x5B,0xFF,0x31,0x1F,0x39,0xFF,
  0x34,0x22,0x3F,0xFF,0x37,0x1D,0x3F,0xFF,0x36,0x1C,0x3C,0xFF,
  0x36,0x1C,0x39,0xFF,0x34,0x21,0x3A,0xFF,0x33,0x2D,0x62,0xFF,
  0x30,0x2C,0x66,0xFF,0x31,0x23,0x5B,0xFF,0x31,0x45,0x95,0xFF,
  0x33,0x6B,0xCD,0xFF,0x33,0x67,0xC5,0xFF,0x30,0x64,0xC3,0xFF,
  0x2C,0x42,0x9E,0xFF,0x2C,0x42,0x9C,0xFF,0x2B,0x42,0x9E,0xFF,
  0x2F,0x3A,0x88,0xFF,0x30,0x3A,0x85,0xFF,0x32,0x36,0x88,0xFF,
  0x31,0x4D,0xA9,0xFF,0x2A,0x71,0xD7,0xFF,0x2D,0x6B,0xD0,0xFF,
  0x2D,0x6B,0xD0,0xFF,0x2D,0x6B,0xCF,0xFF,0x2F,0x69,0xCF,0xFF,
  0x2C,0x71,0xD9,0xFF,0x2E,0x3C,0x87,0xFF,0x32,0x21,0x53,0xFF,
  0x31,0x26,0x5A,0xFF,0x33,0x29,0x61,0xFF,0x32,0x38,0x82,0xFF,
  0x30,0x38,0x83,0xFF,0x32,0x36,0x7D,0xFF,0x2F,0x3F,0x9D,0xFF,
  0x2B,0x43,0xAE,0xFF,0x2E,0x43,0xA5,0xFF,0x2F,0x42,0xA3,0xFF,
  0x26,0x5C,0xBE,0xFF,0x27,0x5F,0xC1,0xFF,0x22,0x63,0xC7,0xFF,
  0x30,0x45,0x9C,0xFF,0x36,0x2C,0x6F,0xFF,0x2D,0x33,0x73,0xFF,
  0x2E,0x2D,0x63,0xFF,0x2D,0x2B,0x5C,0xFE,0x2D,0x30,0x69,0xFF,
  0x2D,0x26,0x39,0xE8,0x2F,0x20,0x17,0xCB,0x34,0x27,0x1E,0xC7,
  0x3D,0x26,0x19,0xD3,0x38,0x2F,0x5C,0xFF,0x33,0x30,0x71,0xFE,
  0x32,0x2F,0x64,0xFF,0x30,0x3F,0x8D,0xFF,0x32,0x4F,0xB0,0xFF,
  0x33,0x4C,0xA7,0xFF,0x33,0x50,0xAD,0xFF,0x2D,0x68,0xD0,0xFF,
  0x2E,0x6C,0xD5,0xFF,0x30,0x6D,0xD3,0xFF,0x31,0x6D,0xD2,0xFF,
  0x32,0x6D,0xD3,0xFF,0x30,0x6D,0xD8,0xFF,0x31,0x36,0x6F,0xFF,
  0x32,0x27,0x4D,0xFF,0x30,0x28,0x50,0xFF,0x35,0x2A,0x51,0xFF,
  0x29,0x37,0x8C,0xFF,0x28,0x38,0x91,0xFF,0x2C,0x3B,0x90,0xFF,
  0x2C,0x3C,0x91,0xFF,0x2D,0x3C,0x93,0xFF,0x30,0x3A,0x93,0xFF,
  0x30,0x5C,0xBA,0xFF,0x2C,0x78,0xE0,0xFF,0x2F,0x74,0xDA,0xFF,
  0x30,0x6F,0xD6,0xFF,0x2E,0x6D,0xD6,0xFF,0x2F,0x6C,0xD6,0xFF,
  0x2F,0x6C,0xD4,0xFF,0x2C,0x71,0xDA,0xFF,0x2F,0x62,0xC5,0xFF,
  0x2F,0x43,0xA5,0xFF,0x2C,0x45,0xA5,0xFF,0x2B,0x43,0xA0,0xFF,
  0x28,0x55,0xB9,0xFF,0x28,0x5A,0xBE,0xFF,0x27,0x59,0xC0,0xFF,
  0x26,0x59,0xC0,0xFF,0x27,0x58,0xBD,0xFF,0x25,0x5C,0xC5,0xFF,
  0x32,0x45,0x9B,0xFF,0x39,0x3B,0x81,0xFF,0x3A,0x3E,0x8B,0xFF,
  0x39,0x3B,0x85,0xFF,0x35,0x54,0xAE,0xFF,0x35,0x60,0xC2,0xFF,
  0x33,0x5D,0xB9,0xFF,0x2E,0x37,0x80,0xFF,0x2A,0x2A,0x66,0xFF,
  0x2A,0x31,0x70,0xFF,0x31,0x20,0x46,0xFF,0x36,0x18,0x33,0xFF,
  0x36,0x1C,0x35,0xFF,0x39,0x24,0x3E,0xFF,0x36,0x2E,0x55,0xFF,
  0x38,0x2D,0x51,0xFF,0x39,0x2D,0x56,0xFF,0x3A,0x2D,0x5C,0xFF,
  0x3C,0x2D,0x5B,0xFF,0x3A,0x3B,0x79,0xFF,0x35,0x3D,0x8E,0xFF,
  0x30,0x39,0x92,0xFF,0x28,0x5E,0xC9,0xFF,0x2A,0x5D,0xC2,0xFF,
  0x29,0x52,0xB2,0xFF,0x29,0x43,0x9C,0xFF,0x2A,0x45,0x9D,0xFF,
  0x25,0x48,0xA4,0xFF,0x28,0x46,0x9F,0xFF,0x2E,0x36,0x82,0xFF,
  0x2B,0x39,0x81,0xFF,0x2E,0x3B,0x84,0xFF,0x2E,0x38,0x83,0xFF,
  0x2F,0x3A,0x8D,0xFF,0x31,0x40,0x98,0xFF,0x2F,0x4C,0xAD,0xFF,
  0x2D,0x51,0xB7,0xFF,0x2C,0x47,0xA4,0xFF,0x2C,0x31,0x76,0xFF,
  0x2F,0x33,0x75,0xFF,0x30,0x32,0x73,0xFF,0x32,0x33,0x79,0xFF,
  0x31,0x3B,0x8A,0xFF,0x31,0x41,0x99,0xFF,0x2C,0x41,0x9E,0xFF,
  0x2D,0x46,0xA4,0xFF,0x2F,0x48,0xA8,0xFF,0x28,0x59,0xBD,0xFF,
  0x28,0x6B,0xCD,0xFF,0x2B,0x6D,0xCE,0xFF,0x30,0x67,0xC5,0xFF,
  0x34,0x43,0x9E,0xFF,0x2E,0x31,0x82,0xFF,0x2F,0x26,0x66,0xFF,
  0x31,0x2A,0x66,0xFF,0x31,0x2F,0x70,0xFF,0x37,0x32,0x80,0xFF,
  0x34,0x53,0xB5,0xFF,0x27,0x6E,0xD7,0xFF,0x28,0x69,0xD1,0xFF,
  0x2A,0x6A,0xD1,0xFF,0x2A,0x64,0xCC,0xFF,0x2B,0x60,0xC8,0xFF,
  0x2B,0x5C,0xC7,0xFF,0x2A,0x56,0xBC,0xFF,0x30,0x34,0x7E,0xFF,
  0x2E,0x37,0x7F,0xFF,0x2E,0x39,0x82,0xFF,0x2E,0x39,0x85,0xFF,
  0x2F,0x36,0x7F,0xFF,0x2B,0x42,0x98,0xFF,0x2B,0x43,0x9B,0xFF,
  0x2C,0x37,0x8C,0xFF,0x2C,0x39,0x92,0xFF,0x2E,0x36,0x8F,0xFF,
  0x2D,0x5B,0xB9,0xFF,0x2E,0x74,0xD7,0xFF,0x34,0x70,0xD0,0xFF,
  0x32,0x73,0xD1,0xFF,0x34,0x71,0xCF,0xFF,0x2E,0x3B,0x98,0xFF,
  0x29,0x33,0x86,0xFF,0x2D,0x33,0x77,0xFF,0x2A,0x30,0x6F,0xFF,
  0x2E,0x31,0x6E,0xFF,0x36,0x6A,0xBE,0xFF,0x2A,0x6D,0xD4,0xFF,
  0x2B,0x68,0xD1,0xFF,0x28,0x6E,0xDC,0xFF,0x33,0x3E,0x79,0xFF,
  0x3B,0x31,0x57,0xFC,0x3D,0x3A,0x67,0xFF,0x3E,0x36,0x53,0xA7,
  0x39,0x3A,0x65,0xFF,0x38,0x3E,0x73,0xFF,0x38,0x3D,0x71,0xFF,
  0x37,0x3D,0x72,0xFF,0x36,0x43,0x7E,0xFF,0x36,0x49,0x88,0xFF,
  0x36,0x4C,0x85,0xFF,0x36,0x4A,0x76,0xFF,0x35,0x49,0x78,0xFF,
  0x33,0x4C,0x81,0xFF,0x37,0x3B,0x6B,0xFF,0x3D,0x2E,0x5E,0xFF,
  0x38,0x30,0x66,0xFF,0x37,0x2C,0x5E,0xFF,0x38,0x27,0x4A,0xFF,
  0x37,0x25,0x45,0xFF,0x36,0x24,0x48,0xFF,0x38,0x25,0x48,0xFF,
  0x37,0x23,0x4B,0xFF,0x37,0x26,0x54,0xFF,0x39,0x24,0x4C,0xFF,
  0x34,0x33,0x6E,0xFF,0x30,0x41,0x8A,0xFF,0x30,0x3C,0x7F,0xFF,
  0x2E,0x39,0x7E,0xFF,0x2D,0x4C,0x9B,0xFF,0x2C,0x50,0xA5,0xFF,
  0x2E,0x52,0xA8,0xFF,0x2F,0x58,0xB1,0xFF,0x35,0x31,0x6A,0xFF,
  0x33,0x22,0x45,0xFF,0x34,0x25,0x46,0xFF,0x37,0x27,0x4E,0xFF,
  0x32,0x2A,0x59,0xFF,0x30,0x28,0x56,0xFF,0x2E,0x27,0x54,0xFF,
  0x32,0x25,0x51,0xFF,0x30,0x1C,0x4E,0xFF,0x36,0x23,0x4B,0xFF,
  0x3A,0x6B,0x29,0xFF,0x33,0x79,0x1D,0xFF,0x34,0x77,0x20,0xFF,
  0x33,0x7D,0x22,0xFF,0x34,0x82,0x23,0xFF,0x34,0x83,0x28,0xFF,
  0x36,0x75,0x20,0xFF,0x3D,0x67,0x17,0xFF,0x41,0x66,0x21,0xFF,
  0x3F,0x4E,0x3B,0xFF,0x31,0x1F,0x40,0xFF,0x2E,0x22,0x33,0xFF,
  0x32,0x23,0x36,0xFF,0x34,0x30,0x66,0xFF,0x34,0x30,0x6C,0xFF,
  0x35,0x33,0x6D,0xFF,0x32,0x2E,0x62,0xFF,0x30,0x26,0x50,0xFF,
  0x34,0x29,0x4E,0xFF,0x37,0x23,0x4A,0xFF,0x35,0x21,0x44,0xFF,
  0x36,0x21,0x42,0xFF,0x34,0x25,0x46,0xFF,0x34,0x2F,0x67,0xFF,
  0x30,0x2C,0x6A,0xFF,0x31,0x24,0x5E,0xFF,0x31,0x44,0x95,0xFF,
  0x30,0x64,0xC5,0xFF,0x32,0x5F,0xBC,0xFF,0x30,0x5E,0xBB,0xFF,
  0x2C,0x42,0x9D,0xFF,0x2C,0x42,0x9B,0xFF,0x2B,0x42,0x9E,0xFF,
  0x30,0x3A,0x84,0xFF,0x31,0x39,0x81,0xFF,0x33,0x37,0x86,0xFF,
  0x32,0x4D,0xA7,0xFF,0x2B,0x6D,0xD1,0xFF,0x2F,0x69,0xCC,0xFF,
  0x2E,0x69,0xCD,0xFF,0x2E,0x68,0xCC,0xFF,0x30,0x66,0xCB,0xFF,
  0x2D,0x6E,0xD4,0xFF,0x2F,0x3D,0x83,0xFF,0x32,0x22,0x52,0xFF,
  0x31,0x26,0x59,0xFF,0x33,0x29,0x61,0xFF,0x31,0x38,0x82,0xFF,
  0x2F,0x38,0x82,0xFF,0x32,0x36,0x7C,0xFF,0x2F,0x3F,0x9C,0xFF,
  0x2B,0x43,0xAD,0xFF,0x2E,0x42,0xA4,0xFF,0x30,0x42,0xA2,0xFF,
  0x27,0x57,0xB6,0xFF,0x28,0x5A,0xBB,0xFF,0x24,0x5F,0xC1,0xFF,
  0x30,0x45,0x9C,0xFF,0x36,0x2C,0x6F,0xFF,0x2D,0x32,0x72,0xFF,
  0x2E,0x2D,0x63,0xFF,0x2E,0x2C,0x5D,0xFE,0x2E,0x31,0x68,0xFF,
  0x2F,0x27,0x3F,0xE2,0x31,0x26,0x27,0xBB,0x36,0x2C,0x2F,0xB6,
  0x42,0x2A,0x2C,0xC5,0x38,0x30,0x62,0xFF,0x32,0x30,0x73,0xFD,
  0x2F,0x30,0x69,0xFF,0x30,0x40,0x91,0xFF,0x32,0x4F,0xB0,0xFF,
  0x33,0x4D,0xA8,0xFF,0x34,0x51,0xAE,0xFF,0x2C,0x66,0xCE,0xFF,
  0x2D,0x69,0xD2,0xFF,0x31,0x6A,0xD0,0xFF,0x31,0x6A,0xCF,0xFF,
  0x33,0x6A,0xD0,0xFF,0x30,0x6C,0xD4,0xFF,0x31,0x36,0x6C,0xFF,
  0x32,0x27,0x4A,0xFF,0x30,0x28,0x4F,0xFF,0x35,0x2A,0x51,0xFF,
  0x29,0x38,0x8B,0xFF,0x29,0x39,0x90,0xFF,0x2D,0x3C,0x8F,0xFF,
  0x2D,0x3C,0x91,0xFF,0x2D,0x3D,0x94,0xFF,0x30,0x3A,0x93,0xFF,
  0x31,0x57,0xB4,0xFF,0x2C,0x71,0xD7,0xFF,0x30,0x70,0xD7,0xFF,
  0x2F,0x6F,0xD7,0xFF,0x2E,0x6D,0xD6,0xFF,0x2F,0x6C,0xD5,0xFF,
  0x2F,0x6C,0xD4,0xFF,0x2C,0x71,0xDA,0xFF,0x2F,0x62,0xC6,0xFF,
  0x2F,0x43,0xA6,0xFF,0x2C,0x45,0xA7,0xFF,0x2B,0x43,0xA1,0xFF,
  0x29,0x54,0xB6,0xFF,0x29,0x58,0xBB,0xFF,0x28,0x58,0xBD,0xFF,
  0x27,0x51,0xB4,0xFF,0x29,0x4C,0xA7,0xFF,0x28,0x4D,0xAA,0xFF,
  0x32,0x3F,0x8F,0xFF,0x38,0x3B,0x81,0xFF,0x3A,0x3E,0x88,0xFF,
  0x37,0x3E,0x89,0xFF,0x34,0x56,0xB1,0xFF,0x35,0x61,0xC3,0xFF,
  0x34,0x5D,0xB9,0xFF,0x2F,0x38,0x82,0xFF,0x2B,0x2C,0x6B,0xFF,
  0x2C,0x34,0x75,0xFF,0x32,0x27,0x55,0xFF,0x37,0x22,0x45,0xFF,
  0x35,0x25,0x46,0xFF,0x39,0x2C,0x4E,0xFF,0x37,0x33,0x61,0xFF,
  0x35,0x33,0x5F,0xFF,0x36,0x30,0x5F,0xFF,0x3A,0x2D,0x5C,0xFF,
  0x3C,0x2E,0x5D,0xFF,0x3B,0x3E,0x7B,0xFF,0x36,0x3E,0x8F,0xFF,
  0x31,0x39,0x93,0xFF,0x28,0x59,0xC3,0xFF,0x29,0x58,0xBD,0xFF,
  0x2A,0x51,0xB2,0xFF,0x2A,0x44,0x9D,0xFF,0x2B,0x46,0x9C,0xFF,
  0x27,0x49,0xA5,0xFF,0x2A,0x45,0x9B,0xFF,0x31,0x35,0x7B,0xFF,
  0x2C,0x38,0x7B,0xFF,0x30,0x3A,0x7E,0xFF,0x2E,0x39,0x85,0xFF,
  0x2E,0x3C,0x91,0xFF,0x31,0x43,0x99,0xFF,0x2F,0x48,0xA3,0xFF,
  0x2D,0x4C,0xAC,0xFF,0x2C,0x45,0x9F,0xFF,0x2C,0x31,0x79,0xFF,
  0x2D,0x33,0x79,0xFF,0x2F,0x34,0x78,0xFF,0x32,0x38,0x82,0xFF,
  0x31,0x46,0x9C,0xFF,0x30,0x4E,0xAD,0xFF,0x2D,0x48,0xA8,0xFF,
  0x2D,0x49,0xA9,0xFF,0x2F,0x4C,0xAC,0xFF,0x29,0x58,0xB9,0xFF,
  0x29,0x64,0xC3,0xFF,0x2B,0x65,0xC3,0xFF,0x2F,0x63,0xC0,0xFF,
  0x32,0x48,0xA6,0xFF,0x2D,0x3B,0x90,0xFF,0x2E,0x2E,0x74,0xFF,
  0x30,0x2C,0x6B,0xFF,0x32,0x30,0x6E,0xFF,0x39,0x33,0x7C,0xFF,
  0x36,0x55,0xB4,0xFF,0x28,0x6B,0xD6,0xFF,0x29,0x68,0xD0,0xFF,
  0x2C,0x6A,0xCF,0xFF,0x2B,0x63,0xCB,0xFF,0x2C,0x5D,0xC5,0xFF,
  0x2C,0x5A,0xC5,0xFF,0x2B,0x56,0xBB,0xFF,0x30,0x35,0x81,0xFF,
  0x2E,0x37,0x80,0xFF,0x2E,0x39,0x83,0xFF,0x2F,0x39,0x85,0xFF,
  0x2E,0x36,0x80,0xFF,0x2B,0x4E,0xAC,0xFF,0x29,0x51,0xB5,0xFF,
  0x2C,0x3A,0x91,0xFF,0x2C,0x39,0x92,0xFF,0x2E,0x36,0x8F,0xFF,
  0x2D,0x5A,0xB5,0xFF,0x2D,0x71,0xD5,0xFF,0x33,0x6F,0xD0,0xFF,
  0x32,0x73,0xD2,0xFF,0x32,0x6E,0xCE,0xFF,0x2C,0x3C,0x99,0xFF,
  0x26,0x34,0x87,0xFF,0x2D,0x33,0x75,0xFF,0x2A,0x30,0x6E,0xFF,
  0x2D,0x31,0x6E,0xFF,0x38,0x6B,0xBB,0xFF,0x30,0x6E,0xD0,0xFF,
  0x30,0x6B,0xD1,0xFF,0x2B,0x73,0xDF,0xFF,0x33,0x41,0x7D,0xFF,
  0x3B,0x31,0x58,0xFC,0x3D,0x3A,0x68,0xFF,0x3E,0x36,0x53,0xA8,
  0x37,0x38,0x64,0xFF,0x37,0x3D,0x71,0xFF,0x37,0x3C,0x6F,0xFF,
  0x38,0x3D,0x70,0xFF,0x34,0x3A,0x6D,0xFF,0x32,0x40,0x77,0xFF,
  0x35,0x44,0x77,0xFF,0x34,0x4A,0x77,0xFF,0x32,0x48,0x7D,0xFF,
  0x30,0x49,0x87,0xFF,0x33,0x3C,0x76,0xFF,0x3A,0x2C,0x5D,0xFF,
  0x39,0x35,0x71,0xFF,0x32,0x38,0x7D,0xFF,0x38,0x32,0x64,0xFF,
  0x39,0x25,0x44,0xFF,0x36,0x25,0x4A,0xFF,0x3A,0x22,0x46,0xFF,
  0x35,0x2B,0x5A,0xFF,0x30,0x34,0x6E,0xFF,0x34,0x2E,0x63,0xFF,
  0x31,0x3A,0x7C,0xFF,0x2E,0x44,0x92,0xFF,0x2F,0x43,0x8E,0xFF,
  0x2F,0x43,0x90,0xFF,0x2D,0x48,0x97,0xFF,0x2B,0x4D,0xA0,0xFF,
  0x2F,0x57,0xAF,0xFF,0x2E,0x5B,0xB8,0xFF,0x33,0x3D,0x83,0xFF,
  0x32,0x31,0x67,0xFF,0x30,0x2F,0x64,0xFF,0x30,0x35,0x71,0xFF,
  0x2E,0x48,0x8B,0xFF,0x2D,0x46,0x88,0xFF,0x2F,0x46,0x84,0xFF,
  0x33,0x2F,0x5E,0xFF,0x32,0x23,0x53,0xFF,0x36,0x27,0x53,0xFF,
  0x36,0x61,0x30,0xFF,0x33,0x71,0x20,0xFF,0x37,0x71,0x23,0xFF,
  0x34,0x6B,0x28,0xFF,0x33,0x60,0x2F,0xFF,0x30,0x66,0x37,0xFF,
  0x34,0x67,0x2E,0xFF,0x3C,0x63,0x20,0xFF,0x41,0x5F,0x29,0xFF,
  0x3E,0x48,0x46,0xFF,0x33,0x25,0x50,0xFF,0x2F,0x26,0x40,0xFF,
  0x34,0x27,0x45,0xFF,0x34,0x2F,0x68,0xFF,0x34,0x30,0x6B,0xFF,
  0x35,0x30,0x6A,0xFF,0x30,0x35,0x74,0xFF,0x31,0x3C,0x84,0xFF,
  0x34,0x3A,0x7A,0xFF,0x36,0x36,0x72,0xFF,0x34,0x38,0x71,0xFF,
  0x35,0x37,0x70,0xFF,0x35,0x3C,0x7A,0xFF,0x34,0x35,0x78,0xFF,
  0x2F,0x2F,0x73,0xFF,0x31,0x2B,0x6B,0xFF,0x2E,0x40,0x95,0xFF,
  0x29,0x51,0xB3,0xFF,0x2B,0x4C,0xAA,0xFF,0x2A,0x4C,0xAA,0xFF,
  0x2C,0x41,0x9C,0xFF,0x2B,0x41,0x9A,0xFF,0x2B,0x41,0x9C,0xFF,
  0x31,0x36,0x76,0xFF,0x30,0x33,0x72,0xFF,0x35,0x35,0x7A,0xFF,
  0x34,0x44,0x94,0xFF,0x29,0x5C,0xBC,0xFF,0x2E,0x5C,0xBB,0xFF,
  0x2C,0x5D,0xBE,0xFF,0x2D,0x5C,0xBD,0xFF,0x2F,0x5A,0xBB,0xFF,
  0x2B,0x5E,0xBF,0xFF,0x2F,0x39,0x79,0xFF,0x32,0x23,0x51,0xFF,
  0x30,0x25,0x58,0xFF,0x32,0x29,0x61,0xFF,0x30,0x37,0x81,0xFF,
  0x2E,0x37,0x80,0xFF,0x32,0x35,0x7A,0xFF,0x2F,0x40,0x9A,0xFF,
  0x2A,0x42,0xAB,0xFF,0x2D,0x41,0xA4,0xFF,0x2F,0x40,0xA0,0xFF,
  0x28,0x4E,0xAD,0xFF,0x2A,0x51,0xB1,0xFF,0x26,0x56,0xB5,0xFF,
  0x2E,0x4B,0xA5,0xFF,0x33,0x36,0x7E,0xFF,0x2B,0x39,0x7F,0xFF,
  0x2D,0x30,0x6A,0xFF,0x30,0x2D,0x5E,0xFF,0x2E,0x30,0x69,0xFF,
  0x35,0x30,0x55,0xF7,0x36,0x32,0x4E,0xED,0x39,0x35,0x55,0xEB,
  0x42,0x39,0x5E,0xEF,0x33,0x40,0x8B,0xFF,0x32,0x3D,0x8D,0xFE,
  0x30,0x40,0x8C,0xFF,0x31,0x4A,0xA4,0xFF,0x30,0x4C,0xAD,0xFF,
  0x32,0x4C,0xA9,0xFF,0x33,0x4C,0xAA,0xFF,0x27,0x5B,0xC3,0xFF,
  0x2A,0x5E,0xC7,0xFF,0x2C,0x5E,0xC6,0xFF,0x2D,0x5F,0xC5,0xFF,
  0x30,0x60,0xC5,0xFF,0x2D,0x63,0xCA,0xFF,0x30,0x33,0x68,0xFF,
  0x30,0x27,0x49,0xFF,0x30,0x28,0x4E,0xFF,0x34,0x2A,0x53,0xFF,
  0x29,0x37,0x86,0xFF,0x2A,0x38,0x88,0xFF,0x2E,0x3A,0x88,0xFF,
  0x2D,0x3C,0x8F,0xFF,0x2E,0x3E,0x95,0xFF,0x30,0x3D,0x94,0xFF,
  0x2F,0x47,0xA1,0xFF,0x2A,0x55,0xB6,0xFF,0x31,0x5E,0xBF,0xFF,
  0x2E,0x6F,0xD8,0xFF,0x2D,0x6C,0xD5,0xFF,0x2E,0x6C,0xD4,0xFF,
  0x2F,0x6C,0xD3,0xFF,0x2B,0x71,0xDA,0xFF,0x2F,0x63,0xC8,0xFF,
  0x2F,0x44,0xA7,0xFF,0x2C,0x46,0xA9,0xFF,0x2B,0x44,0xA2,0xFF,
  0x28,0x4B,0xAE,0xFF,0x28,0x4E,0xB0,0xFF,0x27,0x4F,0xB1,0xFF,
  0x28,0x40,0x9A,0xFF,0x2B,0x36,0x85,0xFF,0x2C,0x39,0x87,0xFF,
  0x32,0x38,0x83,0xFF,0x36,0x3B,0x80,0xFF,0x38,0x3D,0x85,0xFF,
  0x35,0x4A,0x9D,0xFF,0x32,0x5B,0xBC,0xFF,0x34,0x60,0xC1,0xFF,
  0x33,0x5D,0xBA,0xFF,0x31,0x42,0x93,0xFF,0x30,0x3C,0x8B,0xFF,
  0x2D,0x47,0x9D,0xFF,0x34,0x45,0x93,0xFF,0x39,0x42,0x84,0xFF,
  0x36,0x46,0x87,0xFF,0x37,0x46,0x87,0xFF,0x37,0x43,0x87,0xFF,
  0x33,0x45,0x8D,0xFF,0x33,0x3D,0x7D,0xFF,0x39,0x2B,0x5B,0xFF,
  0x3A,0x2C,0x5E,0xFF,0x3A,0x3A,0x78,0xFF,0x36,0x3E,0x8F,0xFF,
  0x32,0x39,0x92,0xFF,0x26,0x4A,0xB1,0xFF,0x28,0x51,0xB6,0xFF,
  0x2A,0x4F,0xB0,0xFF,0x2B,0x43,0x9C,0xFF,0x2D,0x40,0x94,0xFF,
  0x2A,0x47,0x9F,0xFF,0x2D,0x3F,0x8D,0xFF,0x33,0x2C,0x67,0xFF,
  0x2E,0x31,0x69,0xFF,0x31,0x32,0x6B,0xFF,0x2E,0x3E,0x8D,0xFF,
  0x2C,0x43,0x9D,0xFF,0x30,0x43,0x9B,0xFF,0x2F,0x42,0x98,0xFF,
  0x2F,0x43,0x9A,0xFF,0x2E,0x42,0x9B,0xFF,0x2C,0x3C,0x8E,0xFF,
  0x2E,0x41,0x93,0xFF,0x30,0x47,0x98,0xFF,0x32,0x4E,0xA6,0xFF,
  0x31,0x5F,0xC2,0xFF,0x31,0x60,0xC6,0xFF,0x2E,0x4D,0xB0,0xFF,
  0x2C,0x49,0xAC,0xFF,0x2F,0x4D,0xB0,0xFF,0x2A,0x54,0xB3,0xFF,
  0x29,0x58,0xB3,0xFF,0x2A,0x5A,0xB5,0xFF,0x2B,0x5A,0xBA,0xFF,
  0x30,0x50,0xB3,0xFF,0x2B,0x4A,0xAB,0xFF,0x2D,0x3F,0x95,0xFF,
  0x30,0x34,0x79,0xFF,0x32,0x2E,0x66,0xFF,0x3A,0x30,0x70,0xFF,
  0x37,0x4D,0xA7,0xFF,0x28,0x60,0xCA,0xFF,0x29,0x5C,0xC3,0xFF,
  0x2C,0x5D,0xC1,0xFF,0x2A,0x5B,0xC5,0xFF,0x2B,0x57,0xBF,0xFF,
  0x2B,0x55,0xBF,0xFF,0x2B,0x53,0xB9,0xFF,0x2F,0x37,0x84,0xFF,
  0x2F,0x37,0x81,0xFF,0x2F,0x3A,0x85,0xFF,0x2F,0x39,0x85,0xFF,
  0x2E,0x36,0x7F,0xFF,0x2A,0x4E,0xAC,0xFF,0x27,0x53,0xBA,0xFF,
  0x2C,0x3A,0x95,0xFF,0x2B,0x38,0x91,0xFF,0x2E,0x36,0x8E,0xFF,
  0x2A,0x50,0xAB,0xFF,0x29,0x65,0xCB,0xFF,0x2F,0x66,0xC8,0xFF,
  0x30,0x6F,0xCF,0xFF,0x30,0x6C,0xCE,0xFF,0x2C,0x4A,0xAA,0xFF,
  0x24,0x3F,0x94,0xFF,0x2E,0x32,0x72,0xFF,0x2B,0x30,0x6D,0xFF,
  0x2E,0x30,0x6A,0xFF,0x37,0x53,0x96,0xFF,0x36,0x5D,0xAE,0xFF,
  0x37,0x63,0xBB,0xFF,0x2F,0x6C,0xCD,0xFF,0x34,0x40,0x7D,0xFF,
  0x3B,0x32,0x5B,0xFC,0x3E,0x39,0x68,0xFF,0x3C,0x34,0x53,0xA5,
  0x36,0x39,0x6D,0xFC,0x36,0x3E,0x79,0xFC,0x36,0x3D,0x73,0xFD,
  0x37,0x39,0x68,0xFF,0x33,0x2F,0x58,0xFF,0x30,0x31,0x5D,0xFF,
  0x35,0x33,0x5D,0xFF,0x34,0x48,0x79,0xFF,0x30,0x49,0x86,0xFF,
  0x2E,0x47,0x8F,0xFF,0x2F,0x41,0x8B,0xFF,0x35,0x36,0x78,0xFF,
  0x36,0x41,0x8E,0xFF,0x2E,0x47,0xA3,0xFF,0x36,0x3C,0x7F,0xFF,
  0x39,0x25,0x45,0xFF,0x37,0x26,0x4E,0xFF,0x3B,0x21,0x49,0xFF,
  0x34,0x3D,0x7A,0xFF,0x2E,0x4E,0x9D,0xFF,0x33,0x45,0x8D,0xFF,
  0x30,0x49,0x97,0xFF,0x2E,0x4C,0xA0,0xFF,0x2F,0x4D,0xA1,0xFF,
  0x30,0x4C,0x9F,0xFF,0x2D,0x43,0x92,0xFF,0x2B,0x49,0x9B,0xFF,
  0x2F,0x5C,0xB6,0xFF,0x2C,0x5D,0xBC,0xFF,0x30,0x4E,0xA4,0xFF,
  0x32,0x49,0x97,0xFF,0x2F,0x45,0x93,0xFF,0x2D,0x46,0x98,0xFF,
  0x2D,0x5A,0xAE,0xFF,0x2D,0x5A,0xAC,0xFF,0x2E,0x5A,0xA8,0xFF,
  0x32,0x36,0x6B,0xFF,0x35,0x2B,0x5C,0xFF,0x36,0x2B,0x5E,0xFF,
  0x31,0x49,0x3C,0xFF,0x30,0x54,0x2D,0xFF,0x34,0x56,0x33,0xFF,
  0x33,0x46,0x36,0xFF,0x34,0x34,0x37,0xFF,0x32,0x3B,0x3C,0xFF,
  0x35,0x4E,0x3E,0xFF,0x38,0x57,0x39,0xFF,0x3C,0x50,0x42,0xFF,
  0x38,0x3E,0x5A,0xFF,0x34,0x2A,0x61,0xFF,0x30,0x2B,0x55,0xFF,
  0x33,0x2B,0x58,0xFF,0x33,0x2F,0x69,0xFF,0x34,0x30,0x6B,0xFF,
  0x36,0x2E,0x68,0xFF,0x30,0x38,0x7E,0xFF,0x31,0x48,0xA3,0xFF,
  0x34,0x43,0x97,0xFF,0x34,0x45,0x99,0xFF,0x32,0x54,0xAC,0xFF,
  0x35,0x52,0xA9,0xFF,0x35,0x58,0xB2,0xFF,0x33,0x3C,0x8A,0xFF,
  0x2F,0x31,0x7A,0xFF,0x30,0x30,0x78,0xFF,0x2D,0x3E,0x95,0xFF,
  0x26,0x44,0xA7,0xFF,0x28,0x41,0xA0,0xFF,0x27,0x41,0x9F,0xFF,
  0x2C,0x41,0x9C,0xFF,0x2B,0x41,0x9A,0xFF,0x2C,0x41,0x9B,0xFF,
  0x32,0x31,0x67,0xFF,0x30,0x2E,0x62,0xFF,0x36,0x30,0x6B,0xFF,
  0x36,0x3B,0x81,0xFF,0x28,0x4E,0xAA,0xFF,0x2E,0x4E,0xAA,0xFF,
  0x2C,0x4F,0xAD,0xFF,0x2D,0x4E,0xAB,0xFF,0x2E,0x4C,0xA9,0xFF,
  0x2B,0x4E,0xAA,0xFF,0x2F,0x31,0x6E,0xFF,0x32,0x23,0x51,0xFF,
  0x30,0x25,0x56,0xFF,0x32,0x29,0x61,0xFF,0x30,0x37,0x81,0xFF,
  0x2E,0x37,0x7E,0xFF,0x32,0x35,0x7A,0xFF,0x2F,0x40,0x9A,0xFF,
  0x2A,0x42,0xAB,0xFF,0x2D,0x41,0xA4,0xFF,0x2F,0x40,0xA0,0xFF,
  0x29,0x49,0xA8,0xFF,0x2D,0x4B,0xAC,0xFF,0x2B,0x4E,0xAB,0xFF,
  0x2C,0x56,0xB4,0xFF,0x2E,0x4E,0xA4,0xFF,0x29,0x50,0xA7,0xFF,
  0x2B,0x39,0x7D,0xFF,0x30,0x2D,0x62,0xFF,0x2E,0x31,0x71,0xFF,
  0x36,0x37,0x74,0xFF,0x3B,0x3D,0x79,0xFF,0x3D,0x3C,0x7C,0xFF,
  0x3E,0x47,0x92,0xFF,0x30,0x56,0xBB,0xFF,0x35,0x51,0xB3,0xFF,
  0x33,0x56,0xB7,0xFF,0x31,0x53,0xB7,0xFF,0x2F,0x49,0xAA,0xFF,
  0x31,0x4A,0xA9,0xFF,0x31,0x48,0xA6,0xFF,0x25,0x53,0xBB,0xFF,
  0x26,0x54,0xBD,0xFF,0x28,0x52,0xBA,0xFF,0x29,0x53,0xB9,0xFF,
  0x2B,0x53,0xB8,0xFF,0x29,0x56,0xBD,0xFF,0x30,0x30,0x65,0xFF,
  0x30,0x27,0x49,0xFF,0x30,0x28,0x4E,0xFF,0x34,0x2B,0x56,0xFF,
  0x2A,0x34,0x7C,0xFF,0x2C,0x34,0x7A,0xFF,0x2E,0x34,0x7B,0xFF,
  0x2D,0x3B,0x8C,0xFF,0x2F,0x40,0x97,0xFF,0x30,0x3F,0x96,0xFF,
  0x2F,0x3E,0x95,0xFF,0x2D,0x3E,0x99,0xFF,0x33,0x4C,0xA8,0xFF,
  0x2E,0x6F,0xD8,0xFF,0x2D,0x6C,0xD5,0xFF,0x2E,0x6C,0xD4,0xFF,
  0x2F,0x6C,0xD3,0xFF,0x2C,0x71,0xDA,0xFF,0x2F,0x63,0xC9,0xFF,
  0x2F,0x44,0xA8,0xFF,0x2C,0x46,0xA9,0xFF,0x2B,0x45,0xA4,0xFF,
  0x28,0x44,0xA6,0xFF,0x27,0x45,0xA5,0xFF,0x27,0x45,0xA6,0xFF,
  0x29,0x35,0x89,0xFF,0x2D,0x2D,0x77,0xFF,0x2E,0x31,0x79,0xFF,
  0x32,0x36,0x7E,0xFF,0x34,0x3B,0x80,0xFF,0x36,0x3B,0x83,0xFF,
  0x32,0x56,0xB2,0xFF,0x30,0x60,0xC8,0xFF,0x34,0x5E,0xC0,0xFF,
  0x31,0x5D,0xBC,0xFF,0x31,0x50,0xAC,0xFF,0x32,0x51,0xAF,0xFF,
  0x2F,0x59,0xC1,0xFF,0x33,0x5D,0xC4,0xFF,0x37,0x5D,0xBB,0xFF,
  0x34,0x61,0xBF,0xFF,0x33,0x59,0xB3,0xFF,0x34,0x4C,0xA1,0xFF,
  0x31,0x51,0xAB,0xFF,0x30,0x46,0x93,0xFF,0x37,0x29,0x5C,0xFF,
  0x38,0x2B,0x5F,0xFF,0x37,0x34,0x72,0xFF,0x35,0x3B,0x8C,0xFF,
  0x32,0x38,0x8F,0xFF,0x27,0x3C,0x9F,0xFF,0x29,0x4E,0xB2,0xFF,
  0x2B,0x51,0xB1,0xFF,0x2C,0x40,0x97,0xFF,0x2E,0x37,0x87,0xFF,
  0x2C,0x3E,0x92,0xFF,0x31,0x37,0x7D,0xFF,0x35,0x26,0x54,0xFF,
  0x30,0x2A,0x57,0xFF,0x33,0x2A,0x58,0xFF,0x2F,0x41,0x91,0xFF,
  0x2B,0x47,0xA5,0xFF,0x2E,0x43,0x9B,0xFF,0x2F,0x40,0x93,0xFF,
  0x32,0x3D,0x8E,0xFF,0x30,0x43,0x9B,0xFF,0x2E,0x53,0xB3,0xFF,
  0x31,0x58,0xB9,0xFF,0x32,0x5D,0xBF,0xFF,0x32,0x63,0xC9,0xFF,
  0x30,0x6D,0xD7,0xFF,0x31,0x6B,0xD4,0xFF,0x2F,0x53,0xBA,0xFF,
  0x2D,0x4E,0xB5,0xFF,0x2F,0x51,0xB7,0xFF,0x2A,0x50,0xB1,0xFF,
  0x2A,0x52,0xB0,0xFF,0x2C,0x57,0xB5,0xFF,0x2A,0x59,0xBD,0xFF,
  0x2E,0x54,0xBC,0xFF,0x29,0x52,0xBC,0xFF,0x2C,0x4B,0xB0,0xFF,
  0x2F,0x38,0x84,0xFF,0x32,0x2A,0x5E,0xFF,0x3A,0x2E,0x65,0xFF,
  0x37,0x43,0x97,0xFF,0x29,0x52,0xBB,0xFF,0x2A,0x4D,0xB1,0xFF,
  0x2B,0x4B,0xAC,0xFF,0x2B,0x55,0xC0,0xFF,0x2C,0x54,0xBE,0xFF,
  0x2A,0x51,0xBC,0xFF,0x2B,0x51,0xB8,0xFF,0x2F,0x38,0x87,0xFF,
  0x2F,0x38,0x84,0xFF,0x2F,0x3A,0x86,0xFF,0x2F,0x39,0x85,0xFF,
  0x2E,0x37,0x7F,0xFF,0x2B,0x48,0xA2,0xFF,0x27,0x4D,0xB2,0xFF,
  0x2C,0x3A,0x95,0xFF,0x2B,0x38,0x91,0xFF,0x2E,0x36,0x8E,0xFF,
  0x28,0x46,0xA0,0xFF,0x25,0x59,0xC0,0xFF,0x2B,0x5A,0xBE,0xFF,
  0x2E,0x67,0xC9,0xFF,0x2E,0x6C,0xD0,0xFF,0x2C,0x5C,0xC2,0xFF,
  0x24,0x50,0xAB,0xFF,0x2E,0x32,0x71,0xFF,0x2B,0x30,0x6E,0xFF,
  0x2F,0x2F,0x66,0xFF,0x35,0x35,0x66,0xFF,0x39,0x42,0x7C,0xFF,
  0x3A,0x4B,0x8B,0xFF,0x33,0x50,0x99,0xFF,0x36,0x3B,0x73,0xFF,
  0x3B,0x35,0x5E,0xFC,0x3E,0x39,0x67,0xFF,0x3A,0x36,0x54,0xA0,
  0x36,0x3A,0x6E,0xFC,0x36,0x3D,0x79,0xFC,0x36,0x3D,0x72,0xFD,
  0x35,0x34,0x5E,0xFF,0x33,0x28,0x4C,0xFF,0x30,0x26,0x4B,0xFF,
  0x36,0x24,0x46,0xFF,0x33,0x45,0x7B,0xFF,0x2E,0x4A,0x90,0xFF,
  0x2F,0x47,0x95,0xFF,0x2E,0x48,0xA0,0xFF,0x31,0x48,0x9F,0xFF,
  0x32,0x4D,0xAC,0xFF,0x2D,0x50,0xBA,0xFF,0x33,0x40,0x8D,0xFF,
  0x3A,0x25,0x48,0xFF,0x39,0x29,0x54,0xFF,0x3D,0x23,0x50,0xFF,
  0x35,0x4D,0x99,0xFF,0x32,0x66,0xC6,0xFF,0x34,0x5B,0xB6,0xFF,
  0x32,0x58,0xB1,0xFF,0x30,0x55,0xAC,0xFF,0x30,0x54,0xAD,0xFF,
  0x30,0x51,0xA7,0xFF,0x2D,0x3F,0x8E,0xFF,0x2B,0x46,0x99,0xFF,
  0x2F,0x5F,0xBA,0xFF,0x2C,0x5E,0xBE,0xFF,0x2E,0x5B,0xBD,0xFF,
  0x31,0x5C,0xBC,0xFF,0x30,0x59,0xBA,0xFF,0x30,0x52,0xB1,0xFF,
  0x2F,0x59,0xB4,0xFF,0x2E,0x5B,0xB5,0xFF,0x2C,0x5C,0xB3,0xFF,
  0x30,0x36,0x71,0xFF,0x37,0x2F,0x64,0xFF,0x36,0x2D,0x66,0xFF,
  0x2E,0x2E,0x49,0xFF,0x2D,0x2F,0x40,0xFF,0x2E,0x32,0x48,0xFF,
  0x31,0x21,0x46,0xFF,0x38,0x15,0x3A,0xFF,0x38,0x1A,0x38,0xFF,
  0x37,0x36,0x4E,0xFF,0x33,0x48,0x5E,0xFF,0x35,0x40,0x65,0xFF,
  0x32,0x35,0x6E,0xFF,0x33,0x2B,0x69,0xFF,0x30,0x2E,0x65,0xFF,
  0x31,0x2D,0x65,0xFF,0x32,0x2E,0x68,0xFF,0x34,0x31,0x6B,0xFF,
  0x37,0x2E,0x69,0xFF,0x33,0x36,0x7D,0xFF,0x32,0x46,0xA4,0xFF,
  0x33,0x41,0x9D,0xFF,0x34,0x4A,0xAB,0xFF,0x32,0x67,0xD6,0xFF,
  0x35,0x65,0xD2,0xFF,0x34,0x69,0xD5,0xFF,0x32,0x3F,0x94,0xFF,
  0x30,0x32,0x7F,0xFF,0x2F,0x31,0x7E,0xFF,0x2D,0x3E,0x96,0xFF,
  0x29,0x43,0xA5,0xFF,0x2B,0x41,0xA1,0xFF,0x2A,0x40,0x9F,0xFF,
  0x2C,0x40,0x9C,0xFF,0x2B,0x41,0x9A,0xFF,0x2C,0x41,0x9B,0xFF,
  0x33,0x2E,0x5E,0xFF,0x32,0x2C,0x59,0xFF,0x36,0x2D,0x61,0xFF,
  0x36,0x37,0x7A,0xFF,0x2A,0x49,0xA5,0xFF,0x2E,0x46,0xA1,0xFF,
  0x2E,0x45,0xA1,0xFF,0x2E,0x44,0x9F,0xFF,0x2E,0x43,0x9D,0xFF,
  0x2C,0x44,0x9E,0xFF,0x2F,0x2B,0x66,0xFF,0x31,0x23,0x51,0xFF,
  0x30,0x24,0x54,0xFF,0x32,0x29,0x61,0xFF,0x30,0x38,0x80,0xFF,
  0x2F,0x36,0x7D,0xFF,0x33,0x34,0x7A,0xFF,0x2F,0x40,0x9B,0xFF,
  0x29,0x43,0xAC,0xFF,0x2C,0x41,0xA5,0xFF,0x2E,0x40,0xA1,0xFF,
  0x2B,0x49,0xAA,0xFF,0x2F,0x4B,0xAD,0xFF,0x2F,0x4A,0xA7,0xFF,
  0x2D,0x5F,0xC1,0xFF,0x2A,0x66,0xCB,0xFF,0x27,0x69,0xD5,0xFF,
  0x2A,0x43,0x92,0xFF,0x30,0x2D,0x67,0xFF,0x30,0x33,0x7B,0xFF,
  0x33,0x39,0x8B,0xFF,0x37,0x3F,0x95,0xFF,0x39,0x3B,0x95,0xFF,
  0x35,0x4B,0xB0,0xFF,0x31,0x64,0xD9,0xFF,0x38,0x60,0xCF,0xFF,
  0x36,0x63,0xD4,0xFF,0x30,0x58,0xC1,0xFF,0x2F,0x47,0xA8,0xFF,
  0x30,0x4A,0xAA,0xFF,0x30,0x46,0xA5,0xFF,0x27,0x53,0xBB,0xFF,
  0x26,0x52,0xBB,0xFF,0x27,0x4C,0xB3,0xFF,0x28,0x4A,0xB0,0xFF,
  0x28,0x4A,0xAE,0xFF,0x26,0x4A,0xB2,0xFF,0x30,0x2E,0x62,0xFF,
  0x30,0x27,0x48,0xFF,0x31,0x28,0x4E,0xFF,0x34,0x2C,0x5B,0xFF,
  0x2C,0x31,0x74,0xFF,0x2E,0x30,0x6F,0xFF,0x2F,0x2F,0x70,0xFF,
  0x2D,0x3A,0x88,0xFF,0x2F,0x41,0x99,0xFF,0x30,0x40,0x97,0xFF,
  0x31,0x3D,0x93,0xFF,0x31,0x36,0x8E,0xFF,0x34,0x41,0x9C,0xFF,
  0x2D,0x6E,0xD7,0xFF,0x2C,0x6B,0xD4,0xFF,0x2D,0x6A,0xD4,0xFF,
  0x2F,0x6C,0xD4,0xFF,0x2D,0x71,0xDA,0xFF,0x2F,0x63,0xCA,0xFF,
  0x2F,0x43,0xA9,0xFF,0x2C,0x46,0xAA,0xFF,0x2B,0x45,0xA7,0xFF,
  0x29,0x41,0xA3,0xFF,0x27,0x3F,0x9F,0xFF,0x27,0x3F,0xA0,0xFF,
  0x2B,0x35,0x87,0xFF,0x2D,0x30,0x7B,0xFF,0x2F,0x35,0x7F,0xFF,
  0x32,0x37,0x7F,0xFF,0x33,0x3A,0x81,0xFF,0x36,0x38,0x82,0xFF,
  0x30,0x5D,0xBE,0xFF,0x2F,0x63,0xCE,0xFF,0x34,0x5D,0xC1,0xFF,
  0x30,0x5D,0xBF,0xFF,0x30,0x5A,0xBE,0xFF,0x30,0x5E,0xC5,0xFF,
  0x30,0x60,0xCE,0xFF,0x32,0x64,0xD3,0xFF,0x33,0x66,0xD2,0xFF,
  0x30,0x69,0xD5,0xFF,0x2F,0x5C,0xC0,0xFF,0x32,0x49,0xA3,0xFF,
  0x31,0x50,0xAF,0xFF,0x2E,0x45,0x9A,0xFF,0x36,0x28,0x5E,0xFF,
  0x38,0x2C,0x60,0xFF,0x35,0x2F,0x6B,0xFF,0x34,0x37,0x88,0xFF,
  0x32,0x35,0x8C,0xFF,0x2B,0x34,0x94,0xFF,0x2C,0x4F,0xB2,0xFF,
  0x2D,0x56,0xB5,0xFF,0x2D,0x3E,0x94,0xFF,0x30,0x30,0x7D,0xFF,
  0x2D,0x35,0x86,0xFF,0x33,0x30,0x72,0xFF,0x36,0x25,0x4C,0xFF,
  0x30,0x26,0x4D,0xFF,0x34,0x25,0x4B,0xFF,0x30,0x41,0x90,0xFF,
  0x2B,0x47,0xA5,0xFF,0x2E,0x42,0x9A,0xFF,0x30,0x40,0x93,0xFF,
  0x34,0x3D,0x8C,0xFF,0x31,0x46,0x9E,0xFF,0x31,0x6A,0xD3,0xFF,
  0x34,0x6B,0xD7,0xFF,0x34,0x6C,0xDA,0xFF,0x32,0x6E,0xDA,0xFF,
  0x30,0x6B,0xD7,0xFF,0x32,0x6B,0xD7,0xFF,0x31,0x55,0xBD,0xFF,
  0x31,0x52,0xBA,0xFF,0x31,0x55,0xBD,0xFF,0x29,0x52,0xB9,0xFF,
  0x2B,0x55,0xB9,0xFF,0x2F,0x5C,0xC0,0xFF,0x2D,0x5E,0xC5,0xFF,
  0x2D,0x53,0xBD,0xFF,0x29,0x51,0xBC,0xFF,0x29,0x4C,0xB8,0xFF,
  0x2D,0x36,0x85,0xFF,0x31,0x26,0x57,0xFF,0x38,0x2C,0x5F,0xFF,
  0x35,0x3B,0x8B,0xFF,0x2C,0x48,0xB0,0xFF,0x2D,0x41,0xA3,0xFF,
  0x2B,0x3D,0x9C,0xFF,0x2E,0x55,0xBF,0xFF,0x2D,0x55,0xC0,0xFF,
  0x2A,0x51,0xBD,0xFF,0x2B,0x51,0xBB,0xFF,0x30,0x39,0x8B,0xFF,
  0x30,0x39,0x87,0xFF,0x30,0x3A,0x87,0xFF,0x2E,0x3A,0x87,0xFF,
  0x2E,0x37,0x81,0xFF,0x2C,0x42,0x9A,0xFF,0x29,0x44,0xA7,0xFF,
  0x2C,0x38,0x94,0xFF,0x2A,0x39,0x92,0xFF,0x2C,0x36,0x8E,0xFF,
  0x28,0x41,0x9B,0xFF,0x26,0x54,0xBC,0xFF,0x29,0x51,0xB6,0xFF,
  0x2D,0x60,0xC2,0xFF,0x2E,0x6B,0xD0,0xFF,0x2B,0x67,0xD3,0xFF,
  0x25,0x5E,0xC1,0xFF,0x2D,0x32,0x72,0xFF,0x2C,0x30,0x6F,0xFF,
  0x2F,0x2F,0x65,0xFF,0x34,0x22,0x46,0xFF,0x38,0x2B,0x55,0xFF,
  0x38,0x31,0x5D,0xFF,0x36,0x30,0x62,0xFF,0x39,0x34,0x67,0xFF,
  0x3C,0x37,0x61,0xFC,0x3F,0x39,0x66,0xFF,0x3C,0x37,0x57,0x98,
  0x3E,0x37,0x58,0xFF,0x3D,0x3A,0x64,0xFF,0x3A,0x3A,0x64,0xFF,
  0x33,0x30,0x5A,0xFF,0x34,0x2A,0x51,0xFF,0x32,0x26,0x4E,0xFF,
  0x37,0x23,0x46,0xFF,0x32,0x44,0x7E,0xFF,0x2D,0x4A,0x95,0xFF,
  0x30,0x46,0x96,0xFF,0x2F,0x49,0xA4,0xFF,0x30,0x4D,0xAB,0xFF,
  0x32,0x4E,0xB1,0xFF,0x2E,0x4E,0xBA,0xFF,0x33,0x3E,0x8E,0xFF,
  0x3B,0x26,0x4B,0xFF,0x3A,0x2A,0x59,0xFF,0x3E,0x23,0x55,0xFF,
  0x35,0x4D,0x9C,0xFF,0x32,0x67,0xCA,0xFF,0x32,0x5D,0xBD,0xFF,
  0x31,0x5A,0xB6,0xFF,0x30,0x56,0xAE,0xFF,0x2F,0x54,0xAE,0xFF,
  0x2F,0x51,0xA7,0xFF,0x2D,0x3E,0x8D,0xFF,0x2B,0x45,0x99,0xFF,
  0x2E,0x5F,0xBA,0xFF,0x2D,0x5E,0xBE,0xFF,0x2F,0x5D,0xC0,0xFF,
  0x31,0x5E,0xC2,0xFF,0x30,0x5C,0xC0,0xFF,0x31,0x54,0xB4,0xFF,
  0x31,0x55,0xB3,0xFF,0x2F,0x57,0xB5,0xFF,0x2D,0x57,0xB3,0xFF,
  0x32,0x35,0x73,0xFF,0x36,0x2E,0x66,0xFF,0x36,0x2D,0x67,0xFF,
  0x32,0x24,0x50,0xFF,0x31,0x21,0x4D,0xFF,0x2F,0x23,0x52,0xFF,
  0x33,0x19,0x4B,0xFF,0x3A,0x12,0x3B,0xFF,0x3C,0x16,0x36,0xFF,
  0x38,0x2D,0x59,0xFF,0x32,0x3E,0x7A,0xFF,0x33,0x3A,0x7D,0xFF,
  0x31,0x32,0x77,0xFF,0x32,0x29,0x64,0xFF,0x30,0x2B,0x65,0xFF,
  0x30,0x2C,0x65,0xFF,0x32,0x2E,0x67,0xFF,0x34,0x31,0x6B,0xFF,
  0x37,0x2E,0x6A,0xFF,0x36,0x35,0x7C,0xFF,0x33,0x44,0xA1,0xFF,
  0x34,0x3F,0x9D,0xFF,0x37,0x49,0xAB,0xFF,0x36,0x68,0xD9,0xFF,
  0x36,0x67,0xD6,0xFF,0x32,0x67,0xD9,0xFF,0x32,0x3E,0x95,0xFF,
  0x31,0x32,0x81,0xFF,0x2F,0x30,0x7E,0xFF,0x2D,0x3E,0x96,0xFF,
  0x2A,0x43,0xA5,0xFF,0x2C,0x41,0xA1,0xFF,0x2A,0x41,0x9F,0xFF,
  0x2B,0x40,0x9B,0xFF,0x2A,0x40,0x9A,0xFF,0x2B,0x41,0x9B,0xFF,
  0x33,0x2E,0x5C,0xFF,0x33,0x2C,0x59,0xFF,0x36,0x2D,0x61,0xFF,
  0x35,0x37,0x7B,0xFF,0x2A,0x49,0xA6,0xFF,0x2E,0x45,0xA1,0xFF,
  0x2F,0x45,0x9F,0xFF,0x2F,0x44,0x9D,0xFF,0x2E,0x42,0x9A,0xFF,
  0x2C,0x42,0x9D,0xFF,0x2F,0x2A,0x64,0xFF,0x30,0x22,0x50,0xFF,
  0x2F,0x23,0x52,0xFF,0x32,0x28,0x60,0xFF,0x2F,0x38,0x7F,0xFF,
  0x2F,0x35,0x7D,0xFF,0x33,0x33,0x7B,0xFF,0x2E,0x40,0x9B,0xFF,
  0x28,0x43,0xAC,0xFF,0x2B,0x41,0xA5,0xFF,0x2D,0x40,0xA2,0xFF,
  0x2C,0x49,0xAB,0xFF,0x2E,0x4B,0xAD,0xFF,0x2F,0x49,0xA6,0xFF,
  0x2E,0x5F,0xC3,0xFF,0x28,0x69,0xD6,0xFF,0x25,0x6C,0xE2,0xFF,
  0x29,0x45,0x98,0xFF,0x31,0x2C,0x6B,0xFF,0x31,0x34,0x7F,0xFF,
  0x34,0x39,0x8E,0xFE,0x35,0x3E,0x9A,0xFD,0x38,0x3A,0x98,0xFD,
  0x36,0x4A,0xAD,0xFE,0x33,0x63,0xD9,0xFF,0x38,0x61,0xCF,0xFF,
  0x35,0x63,0xD4,0xFF,0x30,0x57,0xC1,0xFF,0x2F,0x47,0xA7,0xFF,
  0x2F,0x49,0xAA,0xFF,0x30,0x47,0xA6,0xFF,0x29,0x56,0xBE,0xFF,
  0x27,0x53,0xBD,0xFF,0x29,0x4C,0xB2,0xFF,0x29,0x49,0xAE,0xFF,
  0x28,0x47,0xAB,0xFF,0x26,0x46,0xAF,0xFF,0x30,0x2E,0x60,0xFF,
  0x30,0x27,0x47,0xFF,0x32,0x27,0x4E,0xFF,0x34,0x2D,0x5D,0xFF,
  0x2E,0x32,0x74,0xFF,0x2F,0x30,0x6E,0xFF,0x30,0x2F,0x70,0xFF,
  0x2E,0x3B,0x88,0xFF,0x2F,0x41,0x99,0xFF,0x30,0x3F,0x97,0xFF,
  0x30,0x3E,0x94,0xFF,0x31,0x36,0x8E,0xFF,0x32,0x40,0x99,0xFF,
  0x2C,0x6D,0xD6,0xFF,0x2B,0x69,0xD4,0xFF,0x2C,0x69,0xD4,0xFF,
  0x2E,0x6B,0xD4,0xFF,0x2D,0x70,0xDA,0xFF,0x2F,0x63,0xCB,0xFF,
  0x2F,0x43,0xAA,0xFF,0x2B,0x46,0xAB,0xFF,0x2B,0x44,0xA8,0xFF,
  0x2A,0x41,0xA4,0xFF,0x28,0x3F,0xA0,0xFF,0x26,0x3E,0x9F,0xFF,
  0x2A,0x35,0x87,0xFF,0x2C,0x32,0x7D,0xFF,0x2F,0x36,0x81,0xFF,
  0x31,0x37,0x7F,0xFF,0x32,0x39,0x82,0xFF,0x36,0x37,0x81,0xFF,
  0x2F,0x5C,0xBB,0xFF,0x2E,0x62,0xCD,0xFF,0x33,0x5C,0xC1,0xFF,
  0x30,0x5C,0xBF,0xFF,0x30,0x5B,0xC1,0xFF,0x30,0x5D,0xC6,0xFF,
  0x32,0x5E,0xCB,0xFF,0x33,0x62,0xCF,0xFF,0x33,0x64,0xCF,0xFF,
  0x30,0x66,0xD2,0xFF,0x30,0x5A,0xBF,0xFF,0x33,0x46,0xA2,0xFF,
  0x32,0x4D,0xAD,0xFF,0x2E,0x43,0x9B,0xFF,0x35,0x27,0x5F,0xFF,
  0x37,0x2A,0x60,0xFF,0x35,0x2D,0x66,0xFF,0x34,0x35,0x85,0xFF,
  0x31,0x33,0x8A,0xFF,0x2D,0x34,0x91,0xFF,0x2D,0x51,0xB2,0xFF,
  0x2D,0x56,0xB6,0xFF,0x2E,0x40,0x96,0xFF,0x32,0x30,0x7E,0xFF,
  0x2E,0x33,0x84,0xFF,0x32,0x2F,0x72,0xFF,0x36,0x26,0x4C,0xFF,
  0x30,0x26,0x4D,0xFF,0x33,0x25,0x4B,0xFF,0x2F,0x40,0x8E,0xFF,
  0x2A,0x45,0xA3,0xFF,0x2E,0x41,0x99,0xFF,0x30,0x40,0x95,0xFF,
  0x33,0x3E,0x8E,0xFF,0x31,0x47,0x9E,0xFF,0x31,0x6C,0xD6,0xFF,
  0x34,0x6C,0xD9,0xFF,0x34,0x6C,0xDA,0xFF,0x34,0x6D,0xD8,0xFF,
  0x32,0x69,0xD4,0xFF,0x34,0x6B,0xD5,0xFF,0x31,0x4E,0xB0,0xFF,
  0x31,0x4B,0xAE,0xFF,0x32,0x55,0xBC,0xFF,0x28,0x57,0xC4,0xFF,
  0x2B,0x5B,0xC2,0xFF,0x2F,0x61,0xC7,0xFF,0x2D,0x61,0xC9,0xFF,
  0x2D,0x52,0xBB,0xFF,0x2A,0x4D,0xBA,0xFF,0x28,0x48,0xB6,0xFF,
  0x2D,0x32,0x81,0xFF,0x31,0x25,0x55,0xFF,0x36,0x2C,0x5E,0xFF,
  0x34,0x37,0x87,0xFF,0x2C,0x46,0xAD,0xFF,0x2E,0x3E,0xA2,0xFF,
  0x2C,0x3B,0x9C,0xFF,0x2E,0x56,0xC0,0xFF,0x2D,0x55,0xC1,0xFF,
  0x2A,0x52,0xBF,0xFF,0x2A,0x51,0xBE,0xFF,0x30,0x3A,0x8D,0xFF,
  0x31,0x3A,0x89,0xFF,0x30,0x3A,0x88,0xFF,0x2E,0x39,0x88,0xFF,
  0x2D,0x36,0x81,0xFF,0x2C,0x3C,0x94,0xFF,0x2A,0x3E,0xA0,0xFF,
  0x2B,0x37,0x94,0xFF,0x2A,0x38,0x93,0xFF,0x2B,0x35,0x8E,0xFF,
  0x2A,0x43,0x9E,0xFF,0x28,0x57,0xC0,0xFF,0x2A,0x51,0xB6,0xFF,
  0x2D,0x5E,0xC0,0xFF,0x2E,0x6A,0xCF,0xFF,0x2A,0x67,0xD4,0xFF,
  0x24,0x61,0xC9,0xFF,0x2D,0x32,0x73,0xFF,0x2D,0x30,0x6F,0xFF,
  0x2F,0x2F,0x67,0xFF,0x34,0x21,0x44,0xFF,0x36,0x29,0x51,0xFF,
  0x36,0x2C,0x57,0xFF,0x36,0x2B,0x5B,0xFF,0x3A,0x32,0x65,0xFF,
  0x3B,0x36,0x61,0xFB,0x3F,0x38,0x64,0xFF,0x3E,0x37,0x59,0x8E,
  0x38,0x2A,0x36,0xEC,0x37,0x2D,0x40,0xEC,0x37,0x2F,0x47,0xF4,
  0x35,0x30,0x59,0xFF,0x34,0x2F,0x5B,0xFF,0x33,0x2C,0x5A,0xFF,
  0x37,0x29,0x52,0xFF,0x31,0x44,0x80,0xFF,0x2D,0x49,0x96,0xFF,
  0x30,0x46,0x95,0xFF,0x30,0x48,0x9F,0xFF,0x31,0x4B,0xA6,0xFF,
  0x33,0x4B,0xAA,0xFF,0x31,0x4A,0xB1,0xFF,0x34,0x3B,0x8B,0xFF,
  0x3C,0x27,0x4F,0xFF,0x3A,0x2A,0x5B,0xFF,0x3E,0x23,0x57,0xFF,
  0x36,0x45,0x90,0xFF,0x31,0x5E,0xBD,0xFF,0x31,0x56,0xB3,0xFF,
  0x30,0x57,0xB0,0xFF,0x30,0x54,0xAC,0xFF,0x2E,0x52,0xAB,0xFF,
  0x2F,0x50,0xA6,0xFF,0x2D,0x3E,0x8E,0xFF,0x2B,0x45,0x99,0xFF,
  0x2E,0x5E,0xB9,0xFF,0x2F,0x5E,0xBD,0xFF,0x31,0x58,0xB9,0xFF,
  0x31,0x57,0xB9,0xFF,0x31,0x56,0xB7,0xFF,0x32,0x52,0xAE,0xFF,
  0x33,0x54,0xAF,0xFF,0x30,0x54,0xB2,0xFF,0x2E,0x54,0xB1,0xFF,
  0x34,0x34,0x74,0xFF,0x35,0x2B,0x65,0xFF,0x35,0x2C,0x65,0xFF,
  0x36,0x27,0x52,0xFF,0x36,0x24,0x50,0xFF,0x32,0x26,0x52,0xFF,
  0x34,0x23,0x47,0xFF,0x3A,0x1F,0x3A,0xFF,0x3B,0x22,0x36,0xFF,
  0x38,0x30,0x60,0xFF,0x32,0x3B,0x87,0xFF,0x33,0x3B,0x86,0xFF,
  0x31,0x34,0x77,0xFF,0x31,0x27,0x5C,0xFF,0x2F,0x27,0x5D,0xFF,
  0x30,0x2A,0x5F,0xFF,0x32,0x2E,0x66,0xFF,0x33,0x30,0x6B,0xFF,
  0x36,0x2E,0x6B,0xFF,0x37,0x35,0x7D,0xFF,0x34,0x43,0xA1,0xFF,
  0x34,0x3E,0x9C,0xFF,0x39,0x47,0xA4,0xFF,0x39,0x61,0xCB,0xFF,
  0x37,0x60,0xCA,0xFF,0x30,0x5F,0xD0,0xFF,0x32,0x3C,0x94,0xFF,
  0x31,0x31,0x82,0xFF,0x2F,0x30,0x7D,0xFF,0x2D,0x3E,0x96,0xFF,
  0x2A,0x44,0xA5,0xFF,0x2B,0x42,0xA0,0xFF,0x2A,0x42,0x9F,0xFF,
  0x2B,0x40,0x9B,0xFF,0x2A,0x40,0x99,0xFF,0x2A,0x41,0x9B,0xFF,
  0x32,0x30,0x5F,0xFF,0x33,0x2D,0x5D,0xFF,0x36,0x2E,0x65,0xFF,
  0x34,0x38,0x7F,0xFF,0x2A,0x4A,0xA9,0xFF,0x2E,0x48,0xA3,0xFF,
  0x2F,0x48,0xA2,0xFF,0x2F,0x48,0x9F,0xFF,0x2E,0x44,0x9B,0xFF,
  0x2B,0x44,0xA0,0xFF,0x2E,0x2C,0x63,0xFF,0x2F,0x22,0x4E,0xFF,
  0x2E,0x22,0x51,0xFF,0x31,0x28,0x5F,0xFF,0x2F,0x37,0x7E,0xFF,
  0x2E,0x35,0x7D,0xFF,0x33,0x33,0x7B,0xFF,0x2E,0x40,0x9B,0xFF,
  0x28,0x43,0xAC,0xFF,0x2B,0x41,0xA5,0xFF,0x2D,0x41,0xA2,0xFF,
  0x2C,0x4A,0xAB,0xFF,0x2D,0x4C,0xAD,0xFF,0x2E,0x4A,0xA6,0xFF,
  0x2F,0x5D,0xC1,0xFF,0x29,0x62,0xD0,0xFF,0x25,0x64,0xDB,0xFF,
  0x2A,0x43,0x96,0xFF,0x31,0x2C,0x6D,0xFF,0x31,0x34,0x7E,0xFF,
  0x36,0x38,0x88,0xFF,0x34,0x3C,0x92,0xFF,0x37,0x3A,0x90,0xFF,
  0x3A,0x48,0x9F,0xFF,0x37,0x5C,0xCC,0xFF,0x38,0x5C,0xC5,0xFF,
  0x34,0x5C,0xCA,0xFF,0x31,0x56,0xBE,0xFF,0x2F,0x47,0xA7,0xFF,
  0x2F,0x49,0xAA,0xFF,0x31,0x48,0xA7,0xFF,0x2B,0x5A,0xC2,0xFF,
  0x29,0x57,0xC0,0xFF,0x2B,0x4F,0xB4,0xFF,0x2A,0x4B,0xAF,0xFF,
  0x2A,0x48,0xAD,0xFF,0x27,0x48,0xB1,0xFF,0x30,0x2E,0x5F,0xFF,
  0x30,0x27,0x46,0xFF,0x32,0x27,0x4E,0xFF,0x34,0x2D,0x5E,0xFF,
  0x2F,0x33,0x77,0xFF,0x2F,0x32,0x74,0xFF,0x30,0x32,0x76,0xFF,
  0x2E,0x3C,0x8A,0xFF,0x2E,0x41,0x99,0xFF,0x2F,0x3F,0x96,0xFF,
  0x2F,0x3E,0x95,0xFF,0x2F,0x39,0x91,0xFF,0x2F,0x43,0x9B,0xFF,
  0x2B,0x6C,0xD4,0xFF,0x2B,0x68,0xD3,0xFF,0x2C,0x68,0xD3,0xFF,
  0x2E,0x6A,0xD3,0xFF,0x2D,0x70,0xDA,0xFF,0x30,0x63,0xCB,0xFF,
  0x2E,0x43,0xAA,0xFF,0x2B,0x46,0xAC,0xFF,0x2B,0x44,0xA8,0xFF,
  0x2A,0x42,0xA6,0xFF,0x29,0x41,0xA2,0xFF,0x26,0x40,0xA1,0xFF,
  0x29,0x36,0x88,0xFF,0x2B,0x32,0x7B,0xFF,0x2E,0x35,0x7F,0xFF,
  0x31,0x36,0x7E,0xFF,0x32,0x39,0x82,0xFF,0x36,0x38,0x81,0xFF,
  0x30,0x59,0xB3,0xFF,0x2E,0x60,0xC9,0xFF,0x31,0x5C,0xC1,0xFF,
  0x30,0x5C,0xBF,0xFF,0x30,0x58,0xBC,0xFF,0x30,0x57,0xBE,0xFF,
  0x33,0x5B,0xC3,0xFF,0x36,0x5F,0xC7,0xFF,0x36,0x5E,0xC4,0xFF,
  0x32,0x60,0xC9,0xFF,0x32,0x57,0xBA,0xFF,0x34,0x45,0xA1,0xFF,
  0x32,0x4B,0xA9,0xFF,0x2F,0x42,0x9A,0xFF,0x34,0x27,0x60,0xFF,
  0x36,0x29,0x5F,0xFF,0x35,0x2D,0x65,0xFF,0x34,0x35,0x83,0xFF,
  0x30,0x32,0x88,0xFF,0x2E,0x38,0x92,0xFF,0x2D,0x52,0xB3,0xFF,
  0x2C,0x56,0xB6,0xFF,0x2E,0x45,0x9C,0xFF,0x33,0x35,0x83,0xFF,
  0x2E,0x36,0x88,0xFF,0x30,0x31,0x76,0xFF,0x35,0x27,0x50,0xFF,
  0x30,0x27,0x52,0xFF,0x31,0x26,0x50,0xFF,0x2E,0x40,0x8D,0xFF,
  0x2A,0x44,0xA2,0xFF,0x2E,0x41,0x99,0xFF,0x2F,0x41,0x96,0xFF,
  0x31,0x3F,0x90,0xFF,0x32,0x47,0x9D,0xFF,0x31,0x65,0xCB,0xFF,
  0x33,0x65,0xCF,0xFF,0x34,0x66,0xCE,0xFF,0x36,0x68,0xD0,0xFF,
  0x36,0x69,0xD3,0xFF,0x35,0x6B,0xD4,0xFF,0x31,0x46,0xA1,0xFF,
  0x30,0x3F,0x9A,0xFF,0x33,0x50,0xB3,0xFF,0x28,0x5D,0xCC,0xFF,
  0x2B,0x5F,0xC8,0xFF,0x2E,0x62,0xC9,0xFF,0x2C,0x62,0xC9,0xFF,
  0x2D,0x51,0xB9,0xFF,0x2B,0x4B,0xB6,0xFF,0x28,0x44,0xB0,0xFF,
  0x2D,0x30,0x7C,0xFF,0x31,0x26,0x55,0xFF,0x34,0x2C,0x5F,0xFF,
  0x33,0x38,0x87,0xFF,0x2C,0x49,0xAF,0xFF,0x2D,0x42,0xA7,0xFF,
  0x2D,0x40,0xA3,0xFF,0x2D,0x57,0xC1,0xFF,0x2C,0x56,0xC2,0xFF,
  0x2A,0x53,0xC0,0xFF,0x2A,0x52,0xC0,0xFF,0x30,0x3B,0x8F,0xFF,
  0x31,0x3A,0x89,0xFF,0x30,0x3B,0x88,0xFF,0x2F,0x39,0x89,0xFF,
  0x2C,0x35,0x81,0xFF,0x2B,0x3B,0x93,0xFF,0x2A,0x3D,0x9F,0xFF,
  0x2B,0x37,0x94,0xFF,0x2A,0x38,0x93,0xFF,0x2A,0x35,0x8E,0xFF,
  0x2B,0x48,0xA4,0xFF,0x2A,0x5D,0xC5,0xFF,0x2B,0x55,0xB9,0xFF,
  0x2D,0x5F,0xC1,0xFF,0x2F,0x69,0xCE,0xFF,0x2A,0x62,0xCE,0xFF,
  0x23,0x5E,0xC7,0xFF,0x2D,0x33,0x74,0xFF,0x2D,0x2F,0x6E,0xFF,
  0x2E,0x30,0x69,0xFF,0x34,0x29,0x51,0xFF,0x34,0x30,0x5E,0xFF,
  0x34,0x33,0x66,0xFF,0x35,0x34,0x6B,0xFF,0x39,0x33,0x67,0xFF,
  0x3A,0x35,0x60,0xFB,0x3E,0x38,0x64,0xFF,0x3D,0x35,0x5A,0x85,
  0x37,0x26,0x2D,0x49,0x36,0x28,0x36,0x46,0x37,0x28,0x2F,0x92,
  0x38,0x30,0x56,0xFF,0x32,0x2E,0x5F,0xFB,0x32,0x2C,0x5B,0xFF,
  0x35,0x2C,0x55,0xFF,0x31,0x45,0x83,0xFF,0x2D,0x49,0x98,0xFF,
  0x30,0x47,0x96,0xFF,0x32,0x49,0x9E,0xFF,0x32,0x4B,0xA7,0xFF,
  0x35,0x4B,0xAB,0xFF,0x33,0x4B,0xB1,0xFF,0x36,0x3D,0x8E,0xFF,
  0x3C,0x29,0x51,0xFF,0x39,0x2A,0x5C,0xFF,0x3C,0x25,0x59,0xFF,
  0x39,0x45,0x8F,0xFF,0x33,0x5D,0xBF,0xFF,0x32,0x57,0xB3,0xFF,
  0x31,0x58,0xB1,0xFF,0x31,0x55,0xAD,0xFF,0x30,0x54,0xAD,0xFF,
  0x30,0x52,0xA8,0xFF,0x2D,0x40,0x8F,0xFF,0x2B,0x46,0x99,0xFF,
  0x2F,0x5F,0xB9,0xFF,0x31,0x5F,0xBD,0xFF,0x32,0x59,0xB9,0xFF,
  0x33,0x57,0xBA,0xFF,0x34,0x58,0xB8,0xFF,0x32,0x53,0xAF,0xFF,
  0x33,0x55,0xAF,0xFF,0x30,0x54,0xB2,0xFF,0x2E,0x55,0xB3,0xFF,
  0x34,0x34,0x77,0xFF,0x36,0x2A,0x66,0xFF,0x33,0x2D,0x64,0xFF,
  0x35,0x28,0x52,0xFF,0x35,0x26,0x50,0xFF,0x30,0x29,0x51,0xFF,
  0x31,0x27,0x45,0xFF,0x37,0x23,0x37,0xFF,0x38,0x28,0x34,0xFF,
  0x36,0x34,0x64,0xFF,0x31,0x3C,0x8B,0xFF,0x30,0x3C,0x86,0xFF,
  0x30,0x36,0x76,0xFF,0x31,0x28,0x5C,0xFF,0x2F,0x27,0x5C,0xFF,
  0x30,0x2A,0x5D,0xFF,0x31,0x2E,0x65,0xFF,0x32,0x30,0x6B,0xFF,
  0x34,0x2F,0x6C,0xFF,0x35,0x36,0x7E,0xFF,0x33,0x43,0xA2,0xFF,
  0x33,0x3F,0x9E,0xFF,0x38,0x48,0xA6,0xFF,0x3A,0x61,0xCC,0xFF,
  0x38,0x60,0xCB,0xFF,0x30,0x60,0xD1,0xFF,0x33,0x3B,0x98,0xFF,
  0x31,0x31,0x84,0xFF,0x2F,0x31,0x7D,0xFF,0x2D,0x3F,0x96,0xFF,
  0x29,0x45,0xA4,0xFF,0x2A,0x44,0x9E,0xFF,0x2A,0x43,0x9F,0xFF,
  0x2B,0x42,0x9B,0xFF,0x2A,0x41,0x99,0xFF,0x2A,0x41,0x9A,0xFF,
  0x31,0x31,0x60,0xFF,0x33,0x2D,0x5D,0xFF,0x34,0x2F,0x66,0xFF,
  0x34,0x38,0x7F,0xFF,0x2B,0x4A,0xA9,0xFF,0x2D,0x49,0xA2,0xFF,
  0x2D,0x48,0xA1,0xFF,0x2D,0x48,0x9E,0xFF,0x2C,0x44,0x9A,0xFF,
  0x29,0x45,0x9F,0xFF,0x2C,0x2C,0x61,0xFF,0x2E,0x22,0x4C,0xFF,
  0x2D,0x22,0x4F,0xFF,0x2F,0x29,0x5D,0xFF,0x2F,0x36,0x7D,0xFF,
  0x2E,0x35,0x7C,0xFF,0x31,0x34,0x7A,0xFF,0x2E,0x41,0x9B,0xFF,
  0x29,0x45,0xAC,0xFF,0x2C,0x42,0xA5,0xFF,0x2D,0x43,0xA3,0xFF,
  0x2C,0x4C,0xAC,0xFF,0x2D,0x4E,0xAE,0xFF,0x2D,0x4C,0xA8,0xFF,
  0x30,0x5E,0xC2,0xFF,0x2C,0x61,0xD3,0xFF,0x28,0x65,0xDC,0xFF,
  0x2D,0x43,0x97,0xFF,0x30,0x2C,0x70,0xFF,0x30,0x34,0x7D,0xFF,
  0x36,0x39,0x89,0xFF,0x34,0x3C,0x92,0xFF,0x35,0x3B,0x91,0xFF,
  0x38,0x49,0xA0,0xFF,0x39,0x5C,0xCC,0xFF,0x3A,0x5D,0xC5,0xFF,
  0x35,0x5D,0xCB,0xFF,0x31,0x57,0xBE,0xFF,0x2F,0x47,0xA6,0xFF,
  0x2F,0x4A,0xA8,0xFF,0x32,0x49,0xA6,0xFF,0x2C,0x5B,0xC2,0xFF,
  0x2A,0x58,0xC1,0xFF,0x2B,0x50,0xB4,0xFF,0x2A,0x4B,0xAD,0xFF,
  0x2A,0x49,0xAD,0xFF,0x26,0x49,0xB2,0xFF,0x30,0x2F,0x5F,0xFF,
  0x30,0x28,0x46,0xFF,0x31,0x29,0x4E,0xFF,0x34,0x2E,0x5F,0xFF,
  0x2E,0x33,0x78,0xFF,0x2E,0x33,0x76,0xFF,0x2E,0x34,0x78,0xFF,
  0x2D,0x3D,0x8A,0xFF,0x2E,0x42,0x98,0xFF,0x2E,0x40,0x95,0xFF,
  0x2E,0x3E,0x94,0xFF,0x2D,0x3A,0x8F,0xFF,0x2D,0x43,0x9A,0xFF,
  0x2C,0x6C,0xD2,0xFF,0x2B,0x69,0xD2,0xFF,0x2C,0x69,0xD2,0xFF,
  0x2F,0x6A,0xD3,0xFF,0x2F,0x70,0xD9,0xFF,0x31,0x63,0xCA,0xFF,
  0x2E,0x43,0xAA,0xFF,0x2C,0x46,0xAC,0xFF,0x2C,0x46,0xA9,0xFF,
  0x2B,0x44,0xA6,0xFF,0x2A,0x43,0xA2,0xFF,0x26,0x42,0xA3,0xFF,
  0x29,0x38,0x8A,0xFF,0x2B,0x34,0x7B,0xFF,0x2E,0x35,0x7F,0xFF,
  0x31,0x37,0x7E,0xFF,0x31,0x3A,0x82,0xFF,0x35,0x3A,0x81,0xFF,
  0x34,0x59,0xB2,0xFF,0x2F,0x60,0xC8,0xFF,0x2F,0x5C,0xC1,0xFF,
  0x31,0x5C,0xBF,0xFF,0x32,0x59,0xBE,0xFF,0x31,0x58,0xC0,0xFF,
  0x34,0x5C,0xC5,0xFF,0x38,0x60,0xC8,0xFF,0x38,0x5F,0xC5,0xFF,
  0x34,0x62,0xCB,0xFF,0x32,0x58,0xBC,0xFF,0x33,0x46,0xA2,0xFF,
  0x31,0x4B,0xA9,0xFF,0x2F,0x43,0x9C,0xFF,0x33,0x27,0x61,0xFF,
  0x34,0x2A,0x5F,0xFF,0x34,0x2D,0x64,0xFF,0x33,0x35,0x82,0xFF,
  0x2E,0x33,0x86,0xFF,0x2E,0x39,0x91,0xFF,0x2E,0x53,0xB4,0xFF,
  0x2C,0x59,0xB8,0xFF,0x2D,0x4A,0xA1,0xFF,0x31,0x37,0x85,0xFF,
  0x2D,0x38,0x88,0xFF,0x2E,0x33,0x76,0xFF,0x33,0x28,0x51,0xFF,
  0x2E,0x28,0x52,0xFF,0x30,0x28,0x50,0xFF,0x2E,0x41,0x8E,0xFF,
  0x2B,0x45,0xA3,0xFF,0x2D,0x41,0x99,0xFF,0x2D,0x42,0x96,0xFF,
  0x2F,0x40,0x91,0xFF,0x33,0x48,0x9E,0xFF,0x33,0x64,0xCC,0xFF,
  0x35,0x66,0xCF,0xFF,0x37,0x67,0xCF,0xFF,0x38,0x69,0xD0,0xFF,
  0x37,0x6B,0xD5,0xFF,0x36,0x6D,0xD6,0xFF,0x31,0x44,0x9D,0xFF,
  0x2D,0x39,0x8F,0xFF,0x32,0x4A,0xA9,0xFF,0x2A,0x60,0xD0,0xFF,
  0x2B,0x60,0xC9,0xFF,0x2C,0x62,0xCA,0xFF,0x2B,0x63,0xCB,0xFF,
  0x2D,0x51,0xBA,0xFF,0x2C,0x4C,0xB5,0xFF,0x28,0x45,0xAF,0xFF,
  0x2E,0x31,0x7B,0xFF,0x30,0x28,0x55,0xFF,0x31,0x2D,0x5F,0xFF,
  0x32,0x39,0x86,0xFF,0x2C,0x49,0xAF,0xFF,0x2B,0x43,0xA5,0xFF,
  0x2C,0x42,0xA4,0xFF,0x2E,0x59,0xC2,0xFF,0x2C,0x58,0xC2,0xFF,
  0x2A,0x55,0xC1,0xFF,0x2A,0x54,0xC2,0xFF,0x2F,0x3C,0x91,0xFF,
  0x31,0x3B,0x89,0xFF,0x30,0x3C,0x88,0xFF,0x2F,0x3A,0x89,0xFF,
  0x2C,0x36,0x81,0xFF,0x2B,0x3C,0x93,0xFF,0x2A,0x40,0x9F,0xFF,
  0x2B,0x39,0x94,0xFF,0x2A,0x39,0x93,0xFF,0x2A,0x36,0x8E,0xFF,
  0x2B,0x48,0xA4,0xFF,0x2A,0x5E,0xC4,0xFF,0x2A,0x57,0xB9,0xFF,
  0x2D,0x61,0xC1,0xFF,0x30,0x69,0xCD,0xFF,0x2C,0x62,0xCE,0xFF,
  0x25,0x5F,0xC8,0xFF,0x2D,0x35,0x77,0xFF,0x2D,0x2E,0x6D,0xFF,
  0x2D,0x31,0x69,0xFF,0x32,0x2A,0x52,0xFF,0x31,0x30,0x5E,0xFF,
  0x32,0x33,0x66,0xFF,0x33,0x34,0x6A,0xFF,0x36,0x33,0x66,0xFF,
  0x3A,0x34,0x5F,0xFB,0x3C,0x38,0x65,0xFB,0x35,0x33,0x57,0x7D,
  0x00,0x00,0x00,0x00,0x00,0x00,0x00,0x00,0x39,0x20,0x11,0x47,
  0x38,0x2F,0x54,0xFE,0x32,0x2C,0x5D,0xFB,0x31,0x2C,0x59,0xFF,
  0x34,0x2C,0x53,0xFF,0x33,0x45,0x82,0xFF,0x2D,0x48,0x97,0xFF,
  0x30,0x46,0x95,0xFF,0x32,0x48,0x9C,0xFF,0x33,0x4A,0xA5,0xFF,
  0x36,0x4C,0xAB,0xFF,0x34,0x4B,0xAF,0xFF,0x36,0x3D,0x8C,0xFF,
  0x3C,0x29,0x50,0xFF,0x39,0x2A,0x5A,0xFF,0x3A,0x25,0x56,0xFF,
  0x3A,0x44,0x8D,0xFF,0x34,0x5D,0xC1,0xFF,0x33,0x57,0xB2,0xFF,
  0x33,0x57,0xB0,0xFF,0x32,0x55,0xAC,0xFF,0x31,0x55,0xAD,0xFF,
  0x30,0x53,0xA8,0xFF,0x2D,0x40,0x8E,0xFF,0x2D,0x47,0x98,0xFF,
  0x30,0x5F,0xB8,0xFF,0x31,0x5E,0xBB,0xFF,0x31,0x58,0xB7,0xFF,
  0x33,0x57,0xB9,0xFF,0x33,0x56,0xB6,0xFF,0x32,0x52,0xAE,0xFF,
  0x31,0x54,0xAD,0xFF,0x30,0x54,0xB0,0xFF,0x2E,0x54,0xB1,0xFF,
  0x34,0x34,0x75,0xFF,0x36,0x2B,0x66,0xFF,0x31,0x2E,0x63,0xFF,
  0x32,0x29,0x51,0xFF,0x33,0x28,0x4E,0xFF,0x2F,0x2B,0x4F,0xFF,
  0x2F,0x29,0x45,0xFF,0x36,0x25,0x35,0xFF,0x39,0x2A,0x30,0xFF,
  0x34,0x36,0x63,0xFF,0x31,0x3D,0x88,0xFF,0x2F,0x3C,0x81,0xFF,
  0x2F,0x36,0x72,0xFF,0x31,0x28,0x5B,0xFF,0x2F,0x27,0x5B,0xFF,
  0x31,0x29,0x5A,0xFF,0x31,0x2E,0x63,0xFF,0x31,0x2F,0x6A,0xFF,
  0x34,0x2F,0x6A,0xFF,0x34,0x36,0x7C,0xFF,0x33,0x43,0xA1,0xFF,
  0x33,0x40,0x9E,0xFF,0x37,0x49,0xA5,0xFF,0x38,0x60,0xCD,0xFF,
  0x38,0x5F,0xCB,0xFF,0x32,0x61,0xD0,0xFF,0x33,0x3A,0x96,0xFF,
  0x31,0x30,0x83,0xFF,0x30,0x32,0x7C,0xFF,0x2F,0x3E,0x93,0xFF,
  0x29,0x44,0xA1,0xFF,0x2A,0x43,0x9B,0xFF,0x2A,0x42,0x9C,0xFF,
  0x2B,0x41,0x99,0xFF,0x2C,0x40,0x96,0xFF,0x2A,0x40,0x97,0xFF,
  0x32,0x2F,0x5D,0xFF,0x31,0x2D,0x5C,0xFF,0x33,0x2E,0x63,0xFF,
  0x35,0x37,0x7A,0xFF,0x2B,0x48,0xA6,0xFF,0x2D,0x48,0x9E,0xFF,
  0x2D,0x48,0x9D,0xFF,0x2C,0x46,0x9A,0xFF,0x2C,0x42,0x97,0xFF,
  0x29,0x43,0x9A,0xFF,0x2C,0x2A,0x5C,0xFF,0x2D,0x21,0x49,0xFF,
  0x2D,0x22,0x4C,0xFF,0x2F,0x29,0x5A,0xFF,0x2F,0x35,0x7A,0xFF,
  0x2E,0x34,0x79,0xFF,0x31,0x34,0x77,0xFF,0x30,0x41,0x98,0xFF,
  0x2A,0x45,0xAB,0xFF,0x2D,0x43,0xA4,0xFF,0x2E,0x44,0xA2,0xFF,
  0x2C,0x4D,0xAB,0xFF,0x2D,0x4E,0xAD,0xFF,0x2E,0x4C,0xA7,0xFF,
  0x31,0x5E,0xC2,0xFF,0x2E,0x62,0xD4,0xFF,0x2B,0x65,0xDC,0xFF,
  0x2F,0x41,0x95,0xFF,0x30,0x2A,0x6F,0xFF,0x30,0x33,0x7C,0xFF,
  0x35,0x39,0x88,0xFF,0x34,0x3C,0x92,0xFF,0x35,0x3B,0x8F,0xFF,
  0x37,0x48,0xA1,0xFF,0x38,0x5D,0xCD,0xFF,0x3A,0x5C,0xC5,0xFF,
  0x35,0x5D,0xCB,0xFF,0x31,0x55,0xBA,0xFF,0x2F,0x46,0xA2,0xFF,
  0x2F,0x49,0xA5,0xFF,0x33,0x49,0xA1,0xFF,0x2E,0x5A,0xBE,0xFF,
  0x2B,0x57,0xBE,0xFF,0x2B,0x4F,0xB1,0xFF,0x2B,0x4B,0xAA,0xFF,
  0x2A,0x48,0xAA,0xFF,0x26,0x48,0xAF,0xFF,0x32,0x2F,0x5D,0xFF,
  0x30,0x28,0x45,0xFF,0x31,0x29,0x4D,0xFF,0x34,0x2E,0x5C,0xFF,
  0x2E,0x33,0x77,0xFF,0x2E,0x33,0x75,0xFF,0x2F,0x34,0x76,0xFF,
  0x2E,0x3D,0x87,0xFF,0x2E,0x42,0x95,0xFF,0x2E,0x3F,0x92,0xFF,
  0x2E,0x3E,0x91,0xFF,0x2C,0x3A,0x8B,0xFF,0x30,0x43,0x93,0xFF,
  0x2D,0x6B,0xCF,0xFF,0x2B,0x68,0xCF,0xFF,0x2C,0x68,0xD1,0xFF,
  0x2F,0x69,0xD1,0xFF,0x31,0x6F,0xD6,0xFF,0x33,0x62,0xC6,0xFF,
  0x2F,0x42,0xA6,0xFF,0x2C,0x45,0xA9,0xFF,0x2D,0x46,0xA8,0xFF,
  0x2C,0x44,0xA5,0xFF,0x2A,0x43,0xA1,0xFF,0x28,0x42,0xA2,0xFF,
  0x2B,0x38,0x88,0xFF,0x2C,0x34,0x7A,0xFF,0x2E,0x34,0x7D,0xFF,
  0x31,0x37,0x7D,0xFF,0x31,0x3A,0x81,0xFF,0x36,0x3A,0x7F,0xFF,
  0x36,0x58,0xB0,0xFF,0x2F,0x5F,0xC6,0xFF,0x2F,0x5B,0xBE,0xFF,
  0x31,0x5B,0xBD,0xFF,0x32,0x58,0xBC,0xFF,0x31,0x58,0xC0,0xFF,
  0x34,0x5C,0xC5,0xFF,0x38,0x5F,0xC8,0xFF,0x38,0x5F,0xC6,0xFF,
  0x34,0x62,0xCA,0xFF,0x32,0x57,0xBB,0xFF,0x32,0x46,0xA1,0xFF,
  0x32,0x4C,0xA9,0xFF,0x30,0x45,0x9A,0xFF,0x33,0x27,0x5E,0xFF,
  0x33,0x29,0x5C,0xFF,0x34,0x2C,0x60,0xFF,0x33,0x34,0x7F,0xFF,
  0x2E,0x32,0x82,0xFF,0x2E,0x38,0x8C,0xFF,0x2E,0x52,0xB2,0xFF,
  0x2D,0x58,0xB7,0xFF,0x2D,0x4B,0xA0,0xFF,0x30,0x36,0x82,0xFF,
  0x2D,0x37,0x85,0xFF,0x2E,0x33,0x73,0xFF,0x33,0x28,0x4F,0xFF,
  0x2E,0x28,0x51,0xFF,0x30,0x28,0x4D,0xFF,0x2E,0x40,0x8B,0xFF,
  0x2C,0x45,0xA3,0xFF,0x2D,0x41,0x96,0xFF,0x2D,0x42,0x95,0xFF,
  0x2F,0x40,0x90,0xFF,0x35,0x47,0x9A,0xFF,0x34,0x63,0xCC,0xFF,
  0x34,0x65,0xCF,0xFF,0x37,0x67,0xCF,0xFF,0x38,0x68,0xD0,0xFF,
  0x37,0x6A,0xD3,0xFF,0x34,0x6C,0xD5,0xFF,0x2F,0x43,0x9A,0xFF,
  0x2C,0x35,0x89,0xFF,0x31,0x47,0xA4,0xFF,0x2B,0x5F,0xCF,0xFF,
  0x2B,0x5E,0xC8,0xFF,0x2B,0x60,0xC9,0xFF,0x2B,0x62,0xCA,0xFF,
  0x2E,0x50,0xB7,0xFF,0x2D,0x4B,0xB2,0xFF,0x2A,0x46,0xAC,0xFF,
  0x2E,0x30,0x77,0xFF,0x2E,0x27,0x52,0xFF,0x31,0x2C,0x5B,0xFF,
  0x33,0x38,0x81,0xFF,0x2C,0x48,0xAA,0xFF,0x2A,0x42,0xA0,0xFF,
  0x2D,0x43,0xA0,0xFF,0x2E,0x5A,0xC1,0xFF,0x2C,0x57,0xC0,0xFF,
  0x2A,0x55,0xC0,0xFF,0x2A,0x53,0xBF,0xFF,0x2F,0x3C,0x8F,0xFF,
  0x31,0x3A,0x88,0xFF,0x30,0x3B,0x87,0xFF,0x2F,0x3B,0x88,0xFF,
  0x2E,0x37,0x7F,0xFF,0x2C,0x3D,0x91,0xFF,0x2A,0x41,0x9E,0xFF,
  0x2B,0x3A,0x93,0xFF,0x2A,0x39,0x91,0xFF,0x2A,0x36,0x8B,0xFF,
  0x2C,0x46,0x9F,0xFF,0x2A,0x5C,0xC1,0xFF,0x2B,0x57,0xB6,0xFF,
  0x2D,0x60,0xBE,0xFF,0x2E,0x68,0xCC,0xFF,0x2D,0x61,0xCD,0xFF,
  0x27,0x5F,0xC8,0xFF,0x2F,0x35,0x77,0xFF,0x2D,0x2D,0x6C,0xFF,
  0x2C,0x31,0x68,0xFF,0x31,0x28,0x4F,0xFF,0x31,0x2E,0x5C,0xFF,
  0x32,0x31,0x63,0xFF,0x31,0x32,0x65,0xFF,0x33,0x33,0x63,0xFF,
  0x37,0x32,0x5D,0xFB,0x3C,0x36,0x5E,0xFF,0x31,0x2D,0x48,0x86,
  0x00,0x00,0x00,0x00,0x00,0x00,0x00,0x00,0x3E,0x24,0x1A,0x31,
  0x34,0x2C,0x53,0xF8,0x34,0x2C,0x5A,0xFE,0x31,0x2C,0x59,0xFE,
  0x36,0x2C,0x51,0xFF,0x33,0x44,0x82,0xFF,0x2E,0x48,0x98,0xFF,
  0x30,0x46,0x95,0xFF,0x31,0x48,0x9C,0xFF,0x33,0x4B,0xA5,0xFF,
  0x36,0x4B,0xAA,0xFF,0x34,0x4A,0xAD,0xFF,0x35,0x3C,0x87,0xFF,
  0x3C,0x28,0x4D,0xFF,0x38,0x29,0x58,0xFF,0x39,0x23,0x53,0xFF,
  0x39,0x41,0x8A,0xFF,0x33,0x5D,0xC0,0xFF,0x33,0x57,0xB0,0xFF,
  0x33,0x56,0xB0,0xFF,0x32,0x56,0xAC,0xFF,0x31,0x55,0xAB,0xFF,
  0x30,0x52,0xA6,0xFF,0x2E,0x3F,0x8C,0xFF,0x2E,0x46,0x96,0xFF,
  0x30,0x5F,0xB8,0xFF,0x31,0x5C,0xBA,0xFF,0x30,0x57,0xB6,0xFF,
  0x31,0x57,0xB6,0xFF,0x31,0x53,0xB1,0xFF,0x31,0x52,0xAC,0xFF,
  0x2F,0x53,0xAB,0xFF,0x2F,0x53,0xAC,0xFF,0x2D,0x52,0xAD,0xFF,
  0x33,0x33,0x73,0xFF,0x35,0x2C,0x66,0xFF,0x31,0x2E,0x64,0xFF,
  0x32,0x28,0x52,0xFF,0x33,0x28,0x4F,0xFF,0x30,0x2A,0x51,0xFF,
  0x30,0x28,0x47,0xFF,0x37,0x25,0x34,0xFE,0x3B,0x2A,0x2F,0xFE,
  0x32,0x35,0x65,0xFF,0x2F,0x3B,0x88,0xFF,0x2F,0x3B,0x80,0xFF,
  0x2E,0x35,0x70,0xFF,0x30,0x27,0x57,0xFF,0x2E,0x26,0x58,0xFF,
  0x31,0x28,0x59,0xFF,0x32,0x2D,0x63,0xFF,0x30,0x2E,0x68,0xFF,
  0x34,0x2D,0x68,0xFF,0x35,0x36,0x79,0xFF,0x32,0x43,0x9E,0xFF,
  0x33,0x3F,0x9B,0xFF,0x38,0x48,0xA3,0xFF,0x36,0x60,0xCC,0xFF,
  0x37,0x5F,0xC9,0xFF,0x30,0x60,0xCD,0xFF,0x33,0x38,0x91,0xFF,
  0x2F,0x2F,0x82,0xFF,0x30,0x32,0x7A,0xFF,0x30,0x3D,0x90,0xFF,
  0x2A,0x43,0x9F,0xFF,0x2A,0x42,0x99,0xFF,0x2A,0x41,0x9B,0xFF,
  0x2B,0x40,0x98,0xFF,0x2D,0x3F,0x95,0xFF,0x2B,0x40,0x95,0xFF,
  0x32,0x2E,0x59,0xFF,0x30,0x2C,0x5A,0xFF,0x33,0x2D,0x60,0xFF,
  0x35,0x37,0x75,0xFF,0x2A,0x47,0xA3,0xFF,0x2E,0x46,0x9B,0xFF,
  0x2D,0x47,0x9A,0xFF,0x2D,0x45,0x97,0xFF,0x2D,0x42,0x93,0xFF,
  0x28,0x41,0x95,0xFF,0x2B,0x27,0x57,0xFF,0x2C,0x20,0x47,0xFF,
  0x2C,0x21,0x49,0xFF,0x2F,0x28,0x58,0xFF,0x2D,0x35,0x78,0xFF,
  0x2E,0x33,0x76,0xFF,0x31,0x33,0x74,0xFF,0x30,0x40,0x94,0xFF,
  0x2A,0x44,0xAA,0xFF,0x2D,0x43,0xA5,0xFF,0x2E,0x43,0xA2,0xFF,
  0x2C,0x4D,0xAA,0xFF,0x2B,0x4E,0xAC,0xFF,0x2E,0x4B,0xA6,0xFF,
  0x31,0x5E,0xC2,0xFF,0x2E,0x63,0xD4,0xFF,0x2C,0x65,0xDC,0xFF,
  0x2E,0x3F,0x92,0xFF,0x30,0x28,0x6E,0xFF,0x30,0x32,0x7B,0xFF,
  0x34,0x38,0x86,0xFF,0x32,0x3B,0x90,0xFF,0x34,0x3A,0x8B,0xFF,
  0x37,0x47,0x9D,0xFF,0x36,0x5D,0xCC,0xFF,0x38,0x5B,0xC2,0xFF,
  0x34,0x5C,0xC8,0xFF,0x2F,0x52,0xB6,0xFF,0x2F,0x44,0x9D,0xFF,
  0x2E,0x47,0xA2,0xFF,0x33,0x48,0x9C,0xFF,0x2F,0x59,0xBA,0xFF,
  0x2B,0x56,0xBD,0xFF,0x2B,0x4D,0xAE,0xFF,0x2C,0x4A,0xA8,0xFF,
  0x29,0x46,0xA7,0xFF,0x26,0x46,0xAC,0xFF,0x33,0x2E,0x5B,0xFF,
  0x31,0x27,0x44,0xFF,0x32,0x28,0x4A,0xFF,0x35,0x2D,0x5A,0xFF,
  0x2E,0x33,0x76,0xFF,0x2E,0x34,0x74,0xFF,0x30,0x34,0x74,0xFF,
  0x30,0x3C,0x83,0xFF,0x2D,0x41,0x92,0xFF,0x2D,0x3E,0x8F,0xFF,
  0x2D,0x3E,0x8C,0xFF,0x2C,0x38,0x85,0xFF,0x32,0x42,0x8D,0xFF,
  0x2D,0x6A,0xCB,0xFF,0x2A,0x66,0xCD,0xFF,0x2B,0x67,0xD0,0xFF,
  0x2E,0x68,0xCF,0xFF,0x32,0x6D,0xD2,0xFF,0x33,0x62,0xC2,0xFF,
  0x2F,0x41,0xA3,0xFF,0x2C,0x44,0xA8,0xFF,0x2D,0x44,0xA6,0xFF,
  0x2D,0x44,0xA4,0xFF,0x2B,0x42,0xA1,0xFF,0x29,0x41,0x9F,0xFF,
  0x2C,0x38,0x85,0xFF,0x2D,0x33,0x79,0xFF,0x2E,0x34,0x7C,0xFF,
  0x30,0x36,0x7C,0xFF,0x31,0x3A,0x80,0xFF,0x36,0x3A,0x7D,0xFF,
  0x35,0x58,0xAD,0xFF,0x2E,0x5E,0xC5,0xFF,0x2F,0x5A,0xBB,0xFF,
  0x30,0x5A,0xBA,0xFF,0x30,0x58,0xBB,0xFF,0x31,0x58,0xBF,0xFF,
  0x32,0x5A,0xC4,0xFF,0x35,0x5D,0xC6,0xFF,0x36,0x5F,0xC5,0xFF,
  0x32,0x61,0xC7,0xFF,0x31,0x56,0xB7,0xFF,0x32,0x46,0x9F,0xFF,
  0x32,0x4D,0xA9,0xFF,0x31,0x46,0x99,0xFF,0x32,0x27,0x5C,0xFF,
  0x32,0x28,0x5A,0xFF,0x33,0x2B,0x5B,0xFF,0x31,0x31,0x7A,0xFF,
  0x2F,0x30,0x7C,0xFF,0x2F,0x36,0x86,0xFF,0x2D,0x52,0xB0,0xFF,
  0x2E,0x57,0xB6,0xFF,0x2D,0x4A,0x9E,0xFF,0x30,0x35,0x7F,0xFF,
  0x2E,0x36,0x82,0xFF,0x2F,0x32,0x70,0xFF,0x34,0x27,0x4C,0xFF,
  0x30,0x28,0x50,0xFF,0x31,0x27,0x4A,0xFF,0x2E,0x40,0x88,0xFF,
  0x2B,0x45,0xA2,0xFF,0x2D,0x41,0x95,0xFF,0x2C,0x41,0x94,0xFF,
  0x2F,0x3F,0x8E,0xFF,0x35,0x46,0x96,0xFF,0x31,0x64,0xCC,0xFF,
  0x31,0x64,0xCE,0xFF,0x33,0x66,0xCF,0xFF,0x35,0x67,0xCF,0xFF,
  0x35,0x68,0xD1,0xFF,0x32,0x68,0xD0,0xFF,0x2C,0x3F,0x95,0xFF,
  0x2C,0x35,0x88,0xFF,0x30,0x4B,0xA8,0xFF,0x2A,0x5E,0xCF,0xFF,
  0x2C,0x5D,0xC9,0xFF,0x2A,0x5F,0xCB,0xFF,0x2A,0x61,0xC9,0xFF,
  0x2E,0x4E,0xB3,0xFF,0x2E,0x49,0xAF,0xFF,0x2B,0x44,0xA8,0xFF,
  0x2D,0x2D,0x71,0xFF,0x2D,0x24,0x4F,0xFF,0x31,0x29,0x58,0xFF,
  0x34,0x37,0x7D,0xFF,0x2C,0x47,0xA5,0xFF,0x2A,0x40,0x9C,0xFF,
  0x2E,0x43,0x9C,0xFF,0x2E,0x5A,0xBF,0xFF,0x2C,0x56,0xBE,0xFF,
  0x2B,0x54,0xBF,0xFF,0x2A,0x53,0xBC,0xFF,0x2F,0x3C,0x8B,0xFF,
  0x31,0x39,0x86,0xFF,0x30,0x3B,0x85,0xFF,0x2F,0x3B,0x86,0xFF,
  0x2F,0x36,0x7D,0xFF,0x2C,0x3C,0x8D,0xFF,0x2A,0x3F,0x9C,0xFF,
  0x2B,0x39,0x91,0xFF,0x28,0x38,0x8F,0xFF,0x2A,0x35,0x88,0xFF,
  0x2D,0x46,0x9A,0xFF,0x2A,0x5D,0xBD,0xFF,0x2B,0x57,0xB3,0xFF,
  0x2D,0x60,0xBC,0xFF,0x2C,0x66,0xCA,0xFF,0x2D,0x61,0xCB,0xFF,
  0x26,0x5F,0xC7,0xFF,0x30,0x34,0x76,0xFF,0x2E,0x2D,0x6A,0xFF,
  0x2B,0x31,0x67,0xFF,0x32,0x27,0x4F,0xFF,0x32,0x2E,0x5B,0xFF,
  0x32,0x31,0x61,0xFF,0x31,0x32,0x62,0xFF,0x31,0x32,0x60,0xFF,
  0x35,0x30,0x5B,0xFA,0x3A,0x2E,0x4C,0xFF,0x33,0x2B,0x39,0x86,
  0x3F,0x1F,0x1F,0x08,0x48,0x24,0x48,0x07,0x3D,0x2E,0x2E,0x21,
  0x33,0x2F,0x5A,0xEE,0x35,0x30,0x62,0xFF,0x31,0x2E,0x61,0xFD,
  0x35,0x2D,0x5C,0xFF,0x31,0x4A,0x95,0xFF,0x2D,0x4F,0xAA,0xFF,
  0x2F,0x4D,0xA8,0xFF,0x30,0x4F,0xAF,0xFF,0x31,0x53,0xB9,0xFF,
  0x32,0x52,0xBD,0xFF,0x30,0x52,0xBE,0xFF,0x33,0x40,0x96,0xFF,
  0x3C,0x29,0x55,0xFF,0x38,0x2B,0x5E,0xFF,0x38,0x23,0x59,0xFF,
  0x38,0x47,0x98,0xFF,0x32,0x6A,0xD3,0xFF,0x33,0x63,0xC4,0xFF,
  0x32,0x61,0xC5,0xFF,0x31,0x5F,0xC0,0xFF,0x30,0x5D,0xBE,0xFF,
  0x2F,0x59,0xB7,0xFF,0x2D,0x41,0x97,0xFF,0x2C,0x4A,0xA4,0xFF,
  0x2F,0x67,0xCA,0xFF,0x2E,0x64,0xC9,0xFF,0x2E,0x60,0xC7,0xFF,
  0x2E,0x5F,0xC5,0xFF,0x2E,0x5B,0xC1,0xFF,0x2D,0x5A,0xBF,0xFF,
  0x2D,0x5B,0xBC,0xFF,0x2E,0x5A,0xBB,0xFF,0x2B,0x59,0xBB,0xFF,
  0x31,0x35,0x7E,0xFF,0x36,0x30,0x70,0xFF,0x31,0x31,0x6F,0xFF,
  0x30,0x29,0x5E,0xFF,0x32,0x29,0x5A,0xFF,0x30,0x2A,0x5C,0xFF,
  0x30,0x29,0x52,0xFF,0x37,0x27,0x3A,0xFF,0x3B,0x2A,0x37,0xFF,
  0x2C,0x37,0x78,0xFF,0x2D,0x3E,0x96,0xFF,0x2F,0x3E,0x8F,0xFF,
  0x2D,0x37,0x7E,0xFF,0x2F,0x29,0x5E,0xFF,0x2D,0x27,0x60,0xFF,
  0x2F,0x29,0x63,0xFF,0x31,0x2E,0x70,0xFF,0x2F,0x30,0x75,0xFF,
  0x32,0x2E,0x75,0xFF,0x32,0x39,0x86,0xFF,0x31,0x49,0xA9,0xFF,
  0x31,0x44,0xA6,0xFF,0x33,0x4E,0xB4,0xFF,0x30,0x68,0xDF,0xFF,
  0x32,0x67,0xDC,0xFF,0x29,0x6A,0xDF,0xFF,0x2F,0x3E,0xA0,0xFF,
  0x2D,0x34,0x8D,0xFF,0x2E,0x34,0x88,0xFF,0x2B,0x42,0xA4,0xFF,
  0x26,0x49,0xAF,0xFF,0x28,0x48,0xA9,0xFF,0x27,0x47,0xAB,0xFF,
  0x29,0x45,0xA8,0xFF,0x2C,0x45,0xA5,0xFF,0x27,0x46,0xA4,0xFF,
  0x30,0x30,0x65,0xFF,0x2F,0x2E,0x62,0xFF,0x31,0x2E,0x68,0xFF,
  0x32,0x39,0x82,0xFF,0x28,0x4E,0xB3,0xFF,0x2C,0x4C,0xA9,0xFF,
  0x2A,0x4C,0xA9,0xFF,0x28,0x48,0xA5,0xFF,0x2A,0x45,0xA0,0xFF,
  0x25,0x44,0xA1,0xFF,0x29,0x28,0x60,0xFF,0x2C,0x21,0x4B,0xFF,
  0x2B,0x21,0x4F,0xFF,0x2D,0x2A,0x61,0xFF,0x2B,0x38,0x81,0xFF,
  0x2D,0x35,0x7E,0xFF,0x2F,0x35,0x7D,0xFF,0x2E,0x45,0xA1,0xFF,
  0x29,0x4A,0xB8,0xFF,0x2C,0x48,0xB4,0xFF,0x2C,0x48,0xB4,0xFF,
  0x2A,0x53,0xB9,0xFF,0x2A,0x55,0xB8,0xFF,0x2B,0x51,0xB7,0xFF,
  0x2D,0x68,0xD8,0xFF,0x2C,0x6F,0xE9,0xFF,0x28,0x73,0xF1,0xFF,
  0x27,0x43,0xA2,0xFF,0x2E,0x2A,0x77,0xFF,0x2C,0x34,0x8A,0xFF,
  0x31,0x3A,0x94,0xFF,0x2F,0x3D,0x9C,0xFF,0x32,0x3B,0x94,0xFF,
  0x36,0x4D,0xAC,0xFF,0x33,0x66,0xDE,0xFF,0x35,0x63,0xD3,0xFF,
  0x30,0x66,0xDA,0xFF,0x2A,0x5A,0xC9,0xFF,0x2B,0x49,0xAC,0xFF,
  0x2A,0x4C,0xAF,0xFF,0x2E,0x4B,0xAD,0xFF,0x2A,0x60,0xCC,0xFF,
  0x28,0x5E,0xCD,0xFF,0x28,0x54,0xBF,0xFF,0x27,0x4F,0xB8,0xFF,
  0x26,0x4C,0xB6,0xFF,0x23,0x4C,0xBC,0xFF,0x32,0x2F,0x65,0xFF,
  0x31,0x28,0x49,0xFF,0x32,0x29,0x51,0xFF,0x34,0x2E,0x63,0xFF,
  0x2D,0x35,0x81,0xFF,0x2C,0x37,0x7D,0xFF,0x2E,0x35,0x7F,0xFF,
  0x2D,0x3D,0x8C,0xFF,0x2B,0x44,0x9E,0xFF,0x2B,0x40,0x9A,0xFF,
  0x2B,0x40,0x95,0xFF,0x2B,0x38,0x8C,0xFF,0x2F,0x44,0x98,0xFF,
  0x29,0x77,0xDF,0xFF,0x28,0x72,0xE0,0xFF,0x29,0x71,0xE3,0xFF,
  0x2C,0x72,0xE3,0xFF,0x2E,0x79,0xE5,0xFF,0x2E,0x6B,0xD6,0xFF,
  0x2D,0x45,0xB4,0xFF,0x2B,0x4A,0xBA,0xFF,0x2B,0x49,0xB6,0xFF,
  0x2B,0x49,0xB5,0xFF,0x29,0x47,0xB1,0xFF,0x27,0x46,0xAE,0xFF,
  0x2A,0x3A,0x95,0xFF,0x2D,0x36,0x88,0xFF,0x2E,0x39,0x8A,0xFF,
  0x30,0x3A,0x89,0xFF,0x31,0x3D,0x8C,0xFF,0x33,0x3C,0x8B,0xFF,
  0x31,0x61,0xC2,0xFF,0x2C,0x6A,0xD6,0xFF,0x2D,0x64,0xCE,0xFF,
  0x2D,0x63,0xCD,0xFF,0x2D,0x61,0xD0,0xFF,0x2D,0x61,0xD5,0xFF,
  0x2E,0x63,0xD9,0xFF,0x31,0x67,0xDB,0xFF,0x32,0x69,0xDB,0xFF,
  0x2D,0x6B,0xDD,0xFF,0x2C,0x5F,0xCA,0xFF,0x2E,0x4D,0xB0,0xFF,
  0x2F,0x55,0xB9,0xFF,0x2C,0x4B,0xAB,0xFF,0x31,0x29,0x67,0xFF,
  0x31,0x2B,0x64,0xFF,0x31,0x2D,0x65,0xFF,0x2F,0x34,0x84,0xFF,
  0x2D,0x30,0x84,0xFF,0x2A,0x39,0x91,0xFF,0x2C,0x5E,0xC6,0xFF,
  0x2D,0x64,0xCB,0xFF,0x2B,0x53,0xB2,0xFF,0x30,0x38,0x89,0xFF,
  0x2E,0x39,0x8A,0xFF,0x2E,0x34,0x79,0xFF,0x34,0x29,0x54,0xFF,
  0x30,0x2A,0x57,0xFF,0x2F,0x28,0x55,0xFF,0x2B,0x48,0x9D,0xFF,
  0x29,0x4D,0xB5,0xFF,0x2B,0x48,0xA8,0xFF,0x2A,0x47,0xA3,0xFF,
  0x2B,0x43,0x9C,0xFF,0x30,0x4A,0xA6,0xFF,0x2D,0x71,0xDF,0xFF,
  0x2D,0x71,0xE1,0xFF,0x2E,0x72,0xE5,0xFF,0x31,0x73,0xE4,0xFF,
  0x31,0x74,0xE7,0xFF,0x2F,0x71,0xE1,0xFF,0x28,0x41,0x9F,0xFF,
  0x2A,0x3C,0x99,0xFF,0x2D,0x5A,0xC5,0xFF,0x29,0x6A,0xE4,0xFF,
  0x2A,0x69,0xDE,0xFF,0x28,0x6A,0xDF,0xFF,0x26,0x69,0xDC,0xFF,
  0x2C,0x55,0xC4,0xFF,0x2B,0x4F,0xBE,0xFF,0x28,0x4A,0xB6,0xFF,
  0x28,0x2F,0x7C,0xFF,0x2C,0x26,0x59,0xFF,0x2E,0x2C,0x67,0xFF,
  0x2F,0x3A,0x8E,0xFF,0x28,0x4A,0xB3,0xFF,0x27,0x42,0xA6,0xFF,
  0x2C,0x49,0xAB,0xFF,0x2B,0x62,0xCF,0xFF,0x2A,0x5D,0xCD,0xFF,
  0x2A,0x5B,0xD1,0xFF,0x29,0x5B,0xCF,0xFF,0x2D,0x41,0x9A,0xFF,
  0x31,0x3E,0x93,0xFF,0x2F,0x3F,0x90,0xFF,0x2E,0x3E,0x90,0xFF,
  0x2C,0x38,0x88,0xFF,0x29,0x3F,0x9B,0xFF,0x27,0x42,0xAB,0xFF,
  0x28,0x3D,0xA0,0xFF,0x26,0x3D,0x9C,0xFF,0x28,0x37,0x95,0xFF,
  0x2A,0x4C,0xA9,0xFF,0x26,0x66,0xCB,0xFF,0x27,0x60,0xC5,0xFF,
  0x29,0x6A,0xD2,0xFF,0x29,0x6F,0xDD,0xFF,0x2A,0x6B,0xDE,0xFF,
  0x24,0x6B,0xDA,0xFF,0x2E,0x39,0x83,0xFF,0x2D,0x2F,0x72,0xFF,
  0x2A,0x33,0x73,0xFF,0x30,0x2B,0x60,0xFF,0x30,0x30,0x66,0xFF,
  0x31,0x33,0x6A,0xFF,0x30,0x34,0x6A,0xFF,0x30,0x33,0x68,0xFD,
  0x36,0x33,0x5E,0xFF,0x36,0x25,0x3A,0xE0,0x35,0x2C,0x32,0x5B,
  0x00,0x00,0x00,0x01,0x00,0x00,0x00,0x00,0x3A,0x3A,0x3A,0x0D,
  0x36,0x31,0x55,0xE2,0x37,0x31,0x5E,0xFF,0x32,0x2E,0x5C,0xFD,
  0x34,0x2D,0x5B,0xFF,0x2F,0x49,0x93,0xFF,0x2D,0x4F,0xA5,0xFF,
  0x2F,0x4D,0xA4,0xFF,0x30,0x50,0xAA,0xFF,0x31,0x53,0xB1,0xFF,
  0x31,0x52,0xB2,0xFF,0x2F,0x52,0xB3,0xFF,0x32,0x42,0x92,0xFF,
  0x3B,0x2A,0x52,0xFF,0x38,0x2B,0x58,0xFF,0x38,0x22,0x55,0xFF,
  0x37,0x47,0x92,0xFF,0x32,0x6A,0xC9,0xFF,0x33,0x63,0xBE,0xFF,
  0x32,0x63,0xC0,0xFF,0x32,0x5F,0xBC,0xFF,0x30,0x5E,0xBA,0xFF,
  0x2E,0x59,0xB2,0xFF,0x2C,0x40,0x8F,0xFF,0x2B,0x48,0x9C,0xFF,
  0x2F,0x66,0xC4,0xFF,0x2C,0x63,0xC3,0xFF,0x2D,0x5F,0xC1,0xFF,
  0x2D,0x5D,0xBC,0xFF,0x2E,0x5A,0xB9,0xFF,0x2B,0x58,0xB8,0xFF,
  0x2D,0x59,0xB5,0xFF,0x2D,0x58,0xB3,0xFF,0x2A,0x58,0xB4,0xFF,
  0x2F,0x36,0x7D,0xFF,0x37,0x31,0x6D,0xFF,0x32,0x32,0x6E,0xFF,
  0x30,0x2A,0x5D,0xFF,0x33,0x2A,0x59,0xFF,0x31,0x2A,0x5B,0xFF,
  0x31,0x29,0x52,0xFF,0x37,0x26,0x38,0xFE,0x38,0x28,0x38,0xFE,
  0x29,0x37,0x7D,0xFF,0x2B,0x3D,0x92,0xFF,0x2E,0x3C,0x8B,0xFF,
  0x2C,0x36,0x7D,0xFF,0x2F,0x29,0x5B,0xFF,0x2E,0x27,0x5D,0xFF,
  0x2E,0x29,0x5F,0xFF,0x31,0x2E,0x6C,0xFF,0x2F,0x31,0x73,0xFF,
  0x31,0x2E,0x73,0xFF,0x30,0x39,0x82,0xFF,0x31,0x48,0xA1,0xFF,
  0x30,0x44,0x9E,0xFF,0x2F,0x4D,0xAE,0xFF,0x2C,0x64,0xD2,0xFF,
  0x2F,0x65,0xD0,0xFF,0x24,0x68,0xD4,0xFF,0x2D,0x40,0x9A,0xFF,
  0x2E,0x36,0x83,0xFF,0x2D,0x35,0x83,0xFF,0x29,0x43,0xA1,0xFF,
  0x25,0x48,0xA7,0xFF,0x28,0x47,0xA3,0xFF,0x27,0x46,0xA5,0xFF,
  0x29,0x46,0xA2,0xFF,0x2C,0x47,0xA0,0xFF,0x25,0x47,0xA0,0xFF,
  0x2D,0x30,0x64,0xFF,0x2F,0x2E,0x5C,0xFF,0x30,0x2E,0x64,0xFF,
  0x30,0x39,0x80,0xFF,0x29,0x4D,0xAB,0xFF,0x2C,0x4B,0xA0,0xFF,
  0x29,0x49,0xA1,0xFF,0x27,0x47,0x9E,0xFF,0x28,0x44,0x97,0xFF,
  0x24,0x43,0x9A,0xFF,0x27,0x28,0x5E,0xFF,0x2C,0x22,0x47,0xFF,
  0x2A,0x21,0x4C,0xFF,0x2C,0x2A,0x5E,0xFF,0x2B,0x38,0x7C,0xFF,
  0x2C,0x36,0x7A,0xFF,0x2E,0x35,0x79,0xFF,0x2D,0x46,0x9B,0xFF,
  0x29,0x4C,0xB2,0xFF,0x2C,0x48,0xB0,0xFF,0x2B,0x49,0xB2,0xFF,
  0x2A,0x52,0xB4,0xFF,0x2A,0x54,0xB1,0xFF,0x27,0x51,0xB4,0xFF,
  0x2A,0x67,0xD1,0xFF,0x2C,0x6E,0xDE,0xFF,0x25,0x74,0xE5,0xFF,
  0x22,0x45,0x9D,0xFF,0x2C,0x2B,0x6F,0xFF,0x2A,0x34,0x83,0xFF,
  0x31,0x3A,0x8D,0xFF,0x2F,0x3D,0x92,0xFF,0x31,0x3B,0x8B,0xFF,
  0x35,0x4D,0xA7,0xFF,0x33,0x65,0xD1,0xFF,0x34,0x62,0xC7,0xFF,
  0x2E,0x65,0xCE,0xFF,0x27,0x5A,0xC1,0xFF,0x29,0x48,0xA3,0xFF,
  0x29,0x4B,0xA5,0xFF,0x2B,0x4A,0xA9,0xFF,0x29,0x5E,0xC3,0xFF,
  0x28,0x5C,0xC1,0xFF,0x27,0x54,0xB8,0xFF,0x26,0x4D,0xB0,0xFF,
  0x27,0x4B,0xAD,0xFF,0x22,0x4C,0xB4,0xFF,0x30,0x2E,0x63,0xFF,
  0x32,0x29,0x46,0xFF,0x32,0x29,0x4F,0xFF,0x34,0x2F,0x62,0xFF,
  0x2D,0x36,0x7E,0xFF,0x2C,0x37,0x79,0xFF,0x2D,0x34,0x7C,0xFF,
  0x2B,0x3A,0x84,0xFF,0x2B,0x41,0x95,0xFF,0x2B,0x3F,0x91,0xFF,
  0x2B,0x3E,0x8B,0xFF,0x2B,0x36,0x81,0xFF,0x2B,0x41,0x92,0xFF,
  0x26,0x74,0xD3,0xFF,0x28,0x70,0xD3,0xFF,0x29,0x6F,0xD7,0xFF,
  0x2B,0x6F,0xD7,0xFF,0x2B,0x76,0xD9,0xFF,0x2B,0x68,0xCD,0xFF,
  0x2B,0x43,0xAD,0xFF,0x2B,0x48,0xB0,0xFF,0x2B,0x48,0xAE,0xFF,
  0x2B,0x47,0xAB,0xFF,0x2A,0x45,0xA8,0xFF,0x27,0x44,0xA6,0xFF,
  0x2A,0x3A,0x92,0xFF,0x2E,0x38,0x84,0xFF,0x30,0x3B,0x87,0xFF,
  0x31,0x3B,0x87,0xFF,0x31,0x3D,0x86,0xFF,0x31,0x3B,0x87,0xFF,
  0x2F,0x60,0xBD,0xFF,0x2C,0x69,0xCA,0xFF,0x2D,0x63,0xC4,0xFF,
  0x2C,0x62,0xC4,0xFF,0x2C,0x60,0xC8,0xFF,0x2C,0x61,0xCC,0xFF,
  0x2D,0x63,0xCF,0xFF,0x30,0x66,0xD1,0xFF,0x30,0x67,0xCF,0xFF,
  0x2B,0x6A,0xD1,0xFF,0x2A,0x5E,0xC1,0xFF,0x2C,0x4D,0xA8,0xFF,
  0x2D,0x55,0xAD,0xFF,0x29,0x4A,0xA6,0xFF,0x30,0x2A,0x65,0xFF,
  0x30,0x2C,0x60,0xFF,0x2F,0x2E,0x62,0xFF,0x2F,0x35,0x7B,0xFF,
  0x2B,0x2F,0x79,0xFF,0x28,0x39,0x8B,0xFF,0x2D,0x5F,0xC2,0xFF,
  0x2D,0x65,0xC4,0xFF,0x2A,0x54,0xB1,0xFF,0x2F,0x39,0x88,0xFF,
  0x2E,0x3A,0x82,0xFF,0x2E,0x34,0x73,0xFF,0x35,0x2A,0x52,0xFF,
  0x31,0x2A,0x53,0xFF,0x2E,0x28,0x55,0xFF,0x2A,0x48,0x9B,0xFF,
  0x29,0x4E,0xB0,0xFF,0x2A,0x49,0xA3,0xFF,0x29,0x46,0x9C,0xFF,
  0x29,0x41,0x95,0xFF,0x2D,0x48,0xA1,0xFF,0x2C,0x70,0xD3,0xFF,
  0x2C,0x71,0xD6,0xFF,0x2C,0x71,0xD9,0xFF,0x2F,0x71,0xD7,0xFF,
  0x2E,0x72,0xD9,0xFF,0x2D,0x6C,0xD1,0xFF,0x27,0x40,0x95,0xFF,
  0x27,0x3F,0x96,0xFF,0x2B,0x5D,0xC5,0xFF,0x2A,0x6A,0xD9,0xFF,
  0x2B,0x6A,0xD5,0xFF,0x29,0x6A,0xD5,0xFF,0x25,0x69,0xD4,0xFF,
  0x2B,0x57,0xC0,0xFF,0x2A,0x50,0xB5,0xFF,0x27,0x4B,0xAC,0xFF,
  0x26,0x2F,0x76,0xFF,0x2C,0x28,0x58,0xFF,0x2C,0x2E,0x69,0xFF,
  0x2C,0x3A,0x8C,0xFF,0x28,0x48,0xA9,0xFF,0x26,0x41,0x9C,0xFF,
  0x2B,0x47,0xA3,0xFF,0x2B,0x5F,0xC1,0xFF,0x2B,0x5B,0xC1,0xFF,
  0x2B,0x59,0xC6,0xFF,0x2A,0x59,0xC6,0xFF,0x2D,0x41,0x94,0xFF,
  0x33,0x3E,0x8B,0xFF,0x30,0x3F,0x88,0xFF,0x2F,0x3D,0x87,0xFF,
  0x2B,0x37,0x81,0xFF,0x28,0x3E,0x93,0xFF,0x26,0x42,0xA2,0xFF,
  0x28,0x3E,0x99,0xFF,0x27,0x3E,0x93,0xFF,0x28,0x38,0x8F,0xFF,
  0x28,0x4C,0xA4,0xFF,0x26,0x64,0xBE,0xFF,0x25,0x5E,0xBE,0xFF,
  0x28,0x67,0xCA,0xFF,0x2A,0x6B,0xD0,0xFF,0x2A,0x69,0xD1,0xFF,
  0x25,0x6B,0xCF,0xFF,0x2E,0x3B,0x7E,0xFF,0x2E,0x30,0x69,0xFF,
  0x2C,0x33,0x6C,0xFF,0x31,0x2E,0x61,0xFF,0x30,0x30,0x5F,0xFF,
  0x32,0x32,0x60,0xFF,0x32,0x33,0x61,0xFF,0x31,0x32,0x61,0xFB,
  0x38,0x33,0x53,0xFE,0x36,0x20,0x2B,0x87,0x34,0x34,0x2B,0x1D,
  0x00,0x00,0x00,0x00,0x00,0x00,0x00,0x01,0x00,0x7F,0x7F,0x02,
  0x36,0x29,0x3B,0xDB,0x39,0x2A,0x41,0xFF,0x35,0x27,0x3C,0xFD,
  0x37,0x28,0x3D,0xFF,0x32,0x3B,0x66,0xFF,0x32,0x3E,0x73,0xFF,
  0x33,0x3F,0x73,0xFF,0x35,0x42,0x74,0xFF,0x37,0x44,0x77,0xFF,
  0x38,0x42,0x75,0xFF,0x35,0x42,0x74,0xFF,0x34,0x38,0x65,0xFF,
  0x39,0x26,0x39,0xFF,0x37,0x26,0x3D,0xFF,0x39,0x21,0x3B,0xFF,
  0x38,0x3A,0x63,0xFF,0x33,0x50,0x8B,0xFF,0x34,0x4C,0x84,0xFF,
  0x33,0x4E,0x88,0xFF,0x35,0x4C,0x87,0xFF,0x32,0x4D,0x88,0xFF,
  0x31,0x49,0x82,0xFF,0x2F,0x35,0x64,0xFF,0x2F,0x3B,0x6E,0xFF,
  0x31,0x50,0x92,0xFF,0x2E,0x4E,0x92,0xFF,0x2E,0x49,0x8C,0xFF,
  0x2D,0x47,0x85,0xFF,0x2F,0x44,0x81,0xFF,0x2D,0x43,0x7F,0xFF,
  0x2F,0x45,0x7C,0xFF,0x2F,0x45,0x7C,0xFF,0x2B,0x46,0x81,0xFF,
  0x30,0x30,0x5D,0xFF,0x37,0x2D,0x52,0xFF,0x34,0x2D,0x53,0xFF,
  0x35,0x27,0x41,0xFF,0x36,0x27,0x41,0xFF,0x33,0x27,0x45,0xFE,
  0x34,0x25,0x3C,0xFF,0x39,0x21,0x29,0xEF,0x39,0x23,0x29,0xEF,
  0x2D,0x2E,0x5C,0xFF,0x2C,0x31,0x68,0xFF,0x2D,0x30,0x63,0xFF,
  0x2B,0x2B,0x5A,0xFF,0x30,0x24,0x41,0xFF,0x30,0x24,0x42,0xFF,
  0x30,0x25,0x40,0xFF,0x33,0x28,0x47,0xFF,0x32,0x2A,0x50,0xFF,
  0x35,0x2A,0x51,0xFF,0x35,0x32,0x5B,0xFF,0x32,0x3C,0x73,0xFF,
  0x31,0x38,0x70,0xFF,0x31,0x3D,0x77,0xFF,0x2F,0x4B,0x90,0xFF,
  0x31,0x4D,0x91,0xFF,0x29,0x4E,0x91,0xFF,0x31,0x34,0x66,0xFF,
  0x33,0x2F,0x55,0xFF,0x32,0x2F,0x59,0xFF,0x31,0x38,0x6D,0xFF,
  0x2E,0x3A,0x72,0xFF,0x2F,0x39,0x6F,0xFF,0x2E,0x39,0x73,0xFF,
  0x30,0x3B,0x71,0xFF,0x30,0x3B,0x70,0xFF,0x29,0x3B,0x74,0xFF,
  0x2F,0x29,0x43,0xFF,0x32,0x28,0x3D,0xFF,0x35,0x29,0x44,0xFF,
  0x36,0x30,0x5A,0xFF,0x32,0x3D,0x74,0xFF,0x34,0x3D,0x6C,0xFF,
  0x31,0x3C,0x6E,0xFF,0x2F,0x3B,0x6D,0xFF,0x2E,0x38,0x67,0xFF,
  0x28,0x37,0x6D,0xFF,0x29,0x23,0x42,0xFF,0x2D,0x1F,0x31,0xFF,
  0x2C,0x1E,0x35,0xFF,0x2F,0x25,0x41,0xFF,0x2F,0x31,0x5A,0xFF,
  0x2F,0x30,0x5B,0xFF,0x33,0x30,0x5A,0xFF,0x33,0x3B,0x71,0xFF,
  0x2F,0x40,0x86,0xFF,0x30,0x3E,0x89,0xFF,0x2E,0x40,0x8A,0xFF,
  0x2E,0x45,0x8A,0xFF,0x2D,0x46,0x88,0xFF,0x2A,0x43,0x88,0xFF,
  0x2E,0x4D,0x92,0xFF,0x31,0x52,0x99,0xFF,0x29,0x56,0x9D,0xFF,
  0x27,0x3B,0x6E,0xFF,0x2F,0x27,0x48,0xFF,0x30,0x2E,0x55,0xFF,
  0x37,0x33,0x5E,0xFF,0x35,0x36,0x65,0xFF,0x36,0x35,0x63,0xFF,
  0x38,0x40,0x78,0xFF,0x35,0x4D,0x91,0xFF,0x35,0x4B,0x89,0xFF,
  0x30,0x4C,0x8B,0xFF,0x2D,0x46,0x82,0xFF,0x2E,0x3A,0x6C,0xFF,
  0x30,0x3D,0x70,0xFF,0x32,0x3E,0x77,0xFF,0x31,0x48,0x85,0xFF,
  0x2F,0x47,0x86,0xFF,0x2E,0x42,0x7F,0xFF,0x2E,0x3E,0x79,0xFF,
  0x2F,0x3D,0x77,0xFF,0x29,0x3E,0x7D,0xFF,0x32,0x29,0x47,0xFF,
  0x34,0x26,0x33,0xFF,0x35,0x27,0x3C,0xFF,0x37,0x2C,0x48,0xFF,
  0x32,0x31,0x5E,0xFF,0x31,0x31,0x59,0xFF,0x34,0x2E,0x5A,0xFF,
  0x32,0x30,0x5B,0xFF,0x31,0x34,0x66,0xFF,0x30,0x34,0x65,0xFF,
  0x31,0x34,0x5E,0xFF,0x30,0x2E,0x58,0xFF,0x2E,0x35,0x65,0xFF,
  0x2A,0x50,0x8E,0xFF,0x2C,0x4F,0x8F,0xFF,0x2C,0x51,0x94,0xFF,
  0x2F,0x51,0x93,0xFF,0x2E,0x55,0x94,0xFF,0x2E,0x4D,0x8F,0xFF,
  0x2F,0x37,0x76,0xFF,0x2F,0x3A,0x76,0xFF,0x2F,0x3A,0x75,0xFF,
  0x32,0x3B,0x72,0xFF,0x31,0x39,0x70,0xFF,0x2E,0x38,0x73,0xFF,
  0x2F,0x31,0x67,0xFF,0x32,0x31,0x5D,0xFF,0x34,0x33,0x62,0xFF,
  0x34,0x33,0x64,0xFF,0x33,0x34,0x63,0xFF,0x34,0x32,0x5F,0xFF,
  0x33,0x48,0x81,0xFF,0x31,0x4D,0x8C,0xFF,0x31,0x4B,0x87,0xFF,
  0x2F,0x4A,0x88,0xFF,0x30,0x4A,0x8A,0xFF,0x30,0x4A,0x89,0xFF,
  0x31,0x4B,0x8A,0xFF,0x33,0x4C,0x8B,0xFF,0x34,0x4C,0x87,0xFF,
  0x30,0x4D,0x87,0xFF,0x2F,0x47,0x80,0xFF,0x32,0x3F,0x71,0xFF,
  0x32,0x45,0x74,0xFF,0x2F,0x3F,0x72,0xFF,0x31,0x27,0x46,0xFF,
  0x31,0x26,0x40,0xFF,0x32,0x27,0x40,0xFF,0x32,0x2D,0x4D,0xFF,
  0x2F,0x29,0x4F,0xFF,0x2E,0x30,0x5F,0xFF,0x31,0x48,0x86,0xFF,
  0x30,0x4B,0x89,0xFF,0x2C,0x43,0x83,0xFF,0x30,0x32,0x6A,0xFF,
  0x30,0x31,0x5E,0xFF,0x31,0x2C,0x50,0xFF,0x36,0x25,0x39,0xFF,
  0x33,0x25,0x38,0xFF,0x33,0x24,0x39,0xFF,0x2E,0x39,0x67,0xFF,
  0x2E,0x3E,0x7A,0xFF,0x2F,0x3B,0x71,0xFF,0x2D,0x3A,0x6B,0xFF,
  0x2D,0x36,0x65,0xFF,0x31,0x3A,0x6D,0xFF,0x31,0x53,0x92,0xFF,
  0x31,0x54,0x96,0xFF,0x30,0x53,0x92,0xFF,0x32,0x51,0x8B,0xFF,
  0x30,0x50,0x8B,0xFF,0x2D,0x4B,0x85,0xFF,0x29,0x35,0x67,0xFF,
  0x29,0x37,0x6F,0xFF,0x2E,0x48,0x8B,0xFF,0x31,0x51,0x96,0xFF,
  0x32,0x53,0x96,0xFF,0x32,0x53,0x96,0xFF,0x2D,0x54,0x9A,0xFF,
  0x31,0x49,0x8F,0xFF,0x32,0x44,0x81,0xFF,0x2D,0x3F,0x74,0xFF,
  0x2B,0x29,0x4D,0xFF,0x2F,0x25,0x3A,0xFF,0x32,0x29,0x46,0xFF,
  0x33,0x31,0x5D,0xFF,0x30,0x3B,0x73,0xFF,0x2F,0x36,0x6B,0xFF,
  0x32,0x39,0x6D,0xFF,0x32,0x47,0x81,0xFF,0x32,0x46,0x84,0xFF,
  0x30,0x45,0x89,0xFF,0x2E,0x44,0x88,0xFF,0x32,0x35,0x64,0xFF,
  0x36,0x33,0x5E,0xFF,0x33,0x34,0x5E,0xFF,0x34,0x33,0x5B,0xFF,
  0x31,0x2F,0x56,0xFF,0x2E,0x33,0x60,0xFF,0x2D,0x35,0x6C,0xFF,
  0x2F,0x35,0x68,0xFF,0x2E,0x36,0x66,0xFF,0x2E,0x32,0x65,0xFF,
  0x2F,0x3F,0x73,0xFF,0x2D,0x4C,0x83,0xFF,0x2B,0x47,0x83,0xFF,
  0x2C,0x4B,0x8A,0xFF,0x2F,0x4E,0x8E,0xFF,0x2F,0x4E,0x8F,0xFF,
  0x2B,0x52,0x91,0xFF,0x33,0x33,0x58,0xFF,0x33,0x29,0x43,0xFF,
  0x34,0x2C,0x45,0xFF,0x3A,0x2A,0x3E,0xFF,0x39,0x29,0x38,0xFF,
  0x39,0x2A,0x38,0xFF,0x39,0x2B,0x3A,0xFE,0x37,0x2B,0x3E,0xFD,
  0x37,0x2B,0x37,0xEE,0x3A,0x27,0x27,0x27,0x7F,0x7F,0x00,0x02,
  0x00,0x00,0x00,0x00,0x00,0x00,0x00,0x01,0x00,0x00,0x00,0x00,
  0x36,0x24,0x29,0xD9,0x3A,0x25,0x2E,0xFF,0x38,0x23,0x26,0xFD,
  0x3A,0x24,0x27,0xFF,0x35,0x30,0x46,0xFF,0x35,0x32,0x51,0xFF,
  0x36,0x34,0x50,0xFF,0x38,0x37,0x4F,0xFF,0x3B,0x38,0x4E,0xFF,
  0x3D,0x37,0x4B,0xFF,0x39,0x36,0x4A,0xFF,0x35,0x30,0x46,0xFF,
  0x38,0x23,0x27,0xFF,0x37,0x23,0x2B,0xFF,0x39,0x20,0x29,0xFF,
  0x38,0x2F,0x43,0xFF,0x34,0x3D,0x61,0xFF,0x34,0x3B,0x5D,0xFF,
  0x34,0x3E,0x61,0xFF,0x36,0x3E,0x62,0xFF,0x33,0x40,0x65,0xFF,
  0x33,0x3D,0x60,0xFF,0x32,0x2E,0x48,0xFF,0x32,0x33,0x4F,0xFF,
  0x32,0x41,0x6F,0xFF,0x31,0x3F,0x70,0xFF,0x2F,0x3A,0x68,0xFF,
  0x2E,0x37,0x60,0xFF,0x2F,0x35,0x5B,0xFF,0x2F,0x34,0x58,0xFF,
  0x30,0x36,0x55,0xFF,0x30,0x37,0x56,0xFF,0x2C,0x3A,0x5F,0xFF,
  0x31,0x2C,0x46,0xFF,0x37,0x29,0x3F,0xFF,0x35,0x29,0x40,0xFF,
  0x38,0x25,0x2D,0xFF,0x37,0x24,0x2F,0xFF,0x34,0x24,0x35,0xFE,
  0x37,0x22,0x2C,0xFF,0x3B,0x1E,0x1E,0xE5,0x3B,0x20,0x1E,0xE4,
  0x30,0x27,0x42,0xFF,0x2D,0x29,0x4B,0xFF,0x2D,0x27,0x47,0xFF,
  0x2B,0x24,0x42,0xFF,0x30,0x21,0x2F,0xFF,0x31,0x21,0x30,0xFF,
  0x33,0x22,0x2A,0xFF,0x34,0x24,0x2D,0xFF,0x35,0x26,0x38,0xFF,
  0x38,0x27,0x3A,0xFF,0x39,0x2D,0x40,0xFF,0x33,0x33,0x54,0xFF,
  0x32,0x30,0x51,0xFF,0x34,0x32,0x51,0xFF,0x33,0x3A,0x65,0xFF,
  0x33,0x3C,0x66,0xFF,0x2E,0x3B,0x64,0xFF,0x34,0x2C,0x43,0xFF,
  0x36,0x2A,0x36,0xFF,0x36,0x2B,0x3B,0xFF,0x37,0x30,0x48,0xFF,
  0x34,0x2F,0x4E,0xFF,0x33,0x2F,0x4C,0xFF,0x32,0x2F,0x50,0xFF,
  0x34,0x33,0x4F,0xFF,0x33,0x33,0x4F,0xFF,0x2D,0x32,0x55,0xFF,
  0x32,0x24,0x2C,0xFF,0x33,0x24,0x29,0xFF,0x38,0x25,0x2E,0xFF,
  0x3B,0x2A,0x3F,0xFF,0x37,0x32,0x4E,0xFF,0x39,0x32,0x49,0xFF,
  0x36,0x33,0x4C,0xFF,0x35,0x33,0x4B,0xFF,0x33,0x30,0x47,0xFF,
  0x2B,0x2E,0x4E,0xFF,0x2A,0x20,0x2F,0xFF,0x2E,0x1C,0x22,0xFF,
  0x2D,0x1D,0x26,0xFF,0x32,0x21,0x2E,0xFF,0x32,0x2C,0x43,0xFF,
  0x32,0x2C,0x46,0xFF,0x36,0x2D,0x44,0xFF,0x37,0x34,0x53,0xFF,
  0x33,0x37,0x67,0xFF,0x33,0x37,0x6D,0xFF,0x31,0x39,0x6D,0xFF,
  0x31,0x3B,0x6C,0xFF,0x30,0x3B,0x6C,0xFF,0x2D,0x39,0x69,0xFF,
  0x32,0x3B,0x67,0xFF,0x34,0x3E,0x6A,0xFF,0x2D,0x40,0x6C,0xFF,
  0x2C,0x34,0x4E,0xFF,0x32,0x24,0x2D,0xFF,0x34,0x2A,0x36,0xFF,
  0x3B,0x2E,0x3E,0xFF,0x39,0x31,0x47,0xFF,0x3A,0x31,0x48,0xFF,
  0x3A,0x37,0x58,0xFF,0x36,0x3C,0x66,0xFF,0x36,0x3B,0x5F,0xFF,
  0x33,0x3A,0x5D,0xFF,0x31,0x37,0x57,0xFF,0x32,0x30,0x47,0xFF,
  0x34,0x33,0x4D,0xFF,0x37,0x36,0x54,0xFF,0x38,0x38,0x5B,0xFF,
  0x34,0x38,0x5E,0xFF,0x32,0x36,0x59,0xFF,0x35,0x33,0x54,0xFF,
  0x34,0x33,0x53,0xFF,0x2E,0x34,0x57,0xFF,0x33,0x25,0x33,0xFF,
  0x35,0x24,0x27,0xFF,0x38,0x26,0x2E,0xFF,0x3A,0x29,0x35,0xFF,
  0x35,0x2D,0x48,0xFF,0x35,0x2D,0x43,0xFF,0x38,0x2A,0x43,0xFF,
  0x37,0x2B,0x40,0xFF,0x35,0x2C,0x47,0xFF,0x34,0x2D,0x47,0xFF,
  0x35,0x2E,0x40,0xFF,0x34,0x29,0x3D,0xFF,0x32,0x2D,0x47,0xFF,
  0x2D,0x38,0x5F,0xFF,0x2F,0x38,0x61,0xFF,0x2F,0x3B,0x66,0xFF,
  0x32,0x3D,0x65,0xFF,0x31,0x3E,0x66,0xFF,0x31,0x3A,0x65,0xFF,
  0x33,0x2E,0x50,0xFF,0x32,0x2F,0x4F,0xFF,0x32,0x2F,0x4F,0xFF,
  0x36,0x32,0x4B,0xFF,0x36,0x30,0x4B,0xFF,0x33,0x30,0x50,0xFF,
  0x33,0x2B,0x48,0xFF,0x35,0x2C,0x41,0xFF,0x37,0x2D,0x48,0xFF,
  0x35,0x2E,0x4C,0xFF,0x34,0x2D,0x4B,0xFF,0x37,0x2B,0x44,0xFF,
  0x36,0x37,0x57,0xFF,0x34,0x3A,0x62,0xFF,0x34,0x39,0x5D,0xFF,
  0x32,0x3A,0x5E,0xFF,0x33,0x3A,0x5F,0xFF,0x34,0x3A,0x5B,0xFF,
  0x35,0x3B,0x5C,0xFF,0x36,0x3A,0x5C,0xFF,0x37,0x39,0x56,0xFF,
  0x34,0x39,0x55,0xFF,0x33,0x37,0x53,0xFF,0x37,0x34,0x4B,0xFF,
  0x36,0x39,0x4D,0xFF,0x33,0x37,0x4F,0xFF,0x31,0x24,0x30,0xFF,
  0x31,0x21,0x2A,0xFF,0x35,0x23,0x29,0xFF,0x34,0x26,0x2F,0xFF,
  0x32,0x26,0x33,0xFF,0x33,0x2A,0x41,0xFF,0x34,0x36,0x5C,0xFF,
  0x33,0x38,0x60,0xFF,0x2F,0x36,0x61,0xFF,0x30,0x2D,0x54,0xFF,
  0x31,0x2A,0x46,0xFF,0x34,0x27,0x39,0xFF,0x36,0x21,0x27,0xFF,
  0x34,0x22,0x26,0xFF,0x37,0x21,0x25,0xFF,0x32,0x2D,0x42,0xFF,
  0x31,0x32,0x55,0xFF,0x33,0x30,0x4E,0xFF,0x30,0x31,0x49,0xFF,
  0x31,0x2E,0x45,0xFF,0x34,0x30,0x4A,0xFF,0x34,0x3F,0x66,0xFF,
  0x34,0x3E,0x6B,0xFF,0x33,0x3D,0x61,0xFF,0x35,0x3A,0x59,0xFF,
  0x33,0x39,0x56,0xFF,0x2E,0x35,0x53,0xFF,0x2A,0x2D,0x48,0xFF,
  0x2B,0x30,0x53,0xFF,0x31,0x38,0x61,0xFF,0x35,0x3E,0x68,0xFF,
  0x37,0x43,0x6B,0xFF,0x37,0x43,0x6C,0xFF,0x32,0x45,0x73,0xFF,
  0x35,0x3E,0x6D,0xFF,0x37,0x3C,0x5E,0xFF,0x32,0x36,0x4F,0xFF,
  0x2F,0x25,0x31,0xFF,0x32,0x22,0x26,0xFF,0x37,0x25,0x2C,0xFF,
  0x38,0x2A,0x3C,0xFF,0x35,0x32,0x4F,0xFF,0x35,0x2F,0x4B,0xFF,
  0x36,0x2F,0x49,0xFF,0x36,0x37,0x57,0xFF,0x36,0x37,0x5B,0xFF,
  0x34,0x36,0x5F,0xFF,0x31,0x35,0x5E,0xFF,0x35,0x2D,0x42,0xFF,
  0x37,0x2B,0x40,0xFF,0x36,0x2D,0x42,0xFF,0x37,0x2C,0x3E,0xFF,
  0x35,0x2A,0x39,0xFF,0x33,0x2B,0x3E,0xFF,0x31,0x2D,0x48,0xFF,
  0x34,0x2E,0x46,0xFF,0x32,0x2F,0x47,0xFF,0x32,0x2E,0x49,0xFF,
  0x34,0x35,0x51,0xFF,0x32,0x3B,0x5C,0xFF,0x30,0x37,0x5C,0xFF,
  0x30,0x37,0x5D,0xFF,0x33,0x3B,0x61,0xFF,0x33,0x3B,0x62,0xFF,
  0x2F,0x40,0x67,0xFF,0x36,0x2D,0x3D,0xFF,0x37,0x25,0x2B,0xFF,
  0x38,0x28,0x2B,0xFF,0x3F,0x26,0x24,0xFF,0x3F,0x25,0x1E,0xFF,
  0x3D,0x25,0x1D,0xFF,0x3D,0x26,0x20,0xFD,0x3B,0x27,0x27,0xFF,
  0x37,0x26,0x24,0xE2,0x00,0x02,0x02,0x00,0x00,0x00,0x00,0x00,
};

const lv_image_dsc_t windmill_grass = {
    .header = {
        .magic = LV_IMAGE_HEADER_MAGIC,
        .cf = LV_COLOR_FORMAT_ARGB8888,
        .flags = 0,
        .w = 240,
        .h = 128,
        .stride = 960,
    },
    .data = windmill_grass_data,
    .data_size = 122880,
};
