// 自动生成，勿手改。源: windmill/scene。LV_COLOR_FORMAT_ARGB8888(字节序 B,G,R,A)。
#include "lvgl.h"

static const uint8_t windmill_rotor_data[] = {
  0x00,0x00,0x00,0x00,0x00,0x00,0x00,0x00,0x00,0x00,0x00,0x00,
  0x00,0x00,0x00,0x00,0x00,0x00,0x00,0x00,0x00,0x00,0x00,0x00,
  0x00,0x00,0x00,0x00,0x00,0x00,0x00,0x00,0x00,0x00,0x00,0x00,
  0x00,0x00,0x00,0x00,0x00,0x00,0x00,0x00,0x00,0x00,0x00,0x00,
  0x00,0x00,0x00,0x00,0x00,0x00,0x00,0x00,0x00,0x00,0x00,0x00,
  0x00,0x00,0x00,0x00,0x00,0x00,0x00,0x00,0x00,0x00,0x00,0x00,
  0x00,0x00,0x00,0x00,0x00,0x00,0x00,0x00,0x00,0x00,0x00,0x00,
  0x00,0x00,0x00,0x00,0x00,0x00,0x00,0x00,0x00,0x00,0x00,0x00,
  0x00,0x00,0x00,0x00,0x00,0x00,0x00,0x00,0x00,0x00,0x00,0x00,
  0x00,0x00,0x00,0x00,0x00,0x00,0x00,0x00,0x00,0x00,0x00,0x00,
  0x00,0x00,0x00,0x00,0x00,0x00,0x00,0x00,0x00,0x00,0x00,0x00,
  0x00,0x00,0x00,0x00,0x00,0x00,0x00,0x00,0x00,0x00,0x00,0x00,
  0x00,0x00,0x00,0x00,0x00,0x00,0x00,0x00,0x00,0x00,0x00,0x00,
  0x00,0x00,0x00,0x00,0x00,0x00,0x00,0x00,0x00,0x00,0x00,0x00,
  0x00,0x00,0x00,0x00,0x00,0x00,0x00,0x00,0x00,0x00,0x00,0x00,
  0x00,0x00,0x00,0x00,0x00,0x00,0x00,0x00,0x00,0x00,0x00,0x00,
  0x00,0x00,0x00,0x00,0x00,0x00,0x00,0x00,0x00,0x00,0x00,0x00,
  0x00,0x00,0x00,0x00,0x00,0x00,0x00,0x00,0x00,0x00,0x00,0x00,
  0x00,0x00,0x00,0x00,0x00,0x00,0x00,0x00,0x00,0x00,0x00,0x00,
  0x00,0x00,0x00,0x00,0x00,0x00,0x00,0x00,0x00,0x00,0x00,0x00,
  0x00,0x00,0x00,0x00,0x00,0x00,0x00,0x00,0x00,0x00,0x00,0x00,
  0x00,0x00,0x00,0x00,0x00,0x00,0x00,0x00,0x00,0x00,0x00,0x00,
  0x00,0x00,0x00,0x00,0x00,0x00,0x00,0x00,0x00,0x00,0x00,0x00,
  0x00,0x00,0x00,0x00,0x00,0x00,0x00,0x00,0x00,0x00,0x00,0x00,
  0x00,0x00,0x00,0x00,0x00,0x00,0x00,0x00,0x00,0x00,0x00,0x00,
  0x00,0x00,0x00,0x00,0x00,0x00,0x00,0x00,0x00,0x00,0x00,0x00,
  0x00,0x00,0x00,0x00,0x00,0x00,0x00,0x00,0x00,0x00,0x00,0x00,
  0x00,0x00,0x00,0x00,0x00,0x00,0x00,0x00,0x00,0x00,0x00,0x00,
  0x00,0x00,0x00,0x00,0x00,0x00,0x00,0x00,0x00,0x00,0x00,0x00,
  0x00,0x00,0x00,0x00,0x00,0x00,0x00,0x00,0x00,0x00,0x00,0x00,
  0x00,0x00,0x00,0x00,0x00,0x00,0x00,0x00,0x00,0x00,0x00,0x00,
  0x00,0x00,0x00,0x00,0x00,0x00,0x00,0x00,0x00,0x00,0x00,0x00,
  0x00,0x00,0x00,0x00,0x00,0x00,0x00,0x00,0x00,0x00,0x00,0x00,
  0x00,0x00,0x00,0x00,0x00,0x00,0x00,0x00,0x00,0x00,0x00,0x00,
  0x00,0x00,0x00,0x00,0x00,0x00,0x00,0x00,0x00,0x00,0x00,0x00,
  0x00,0x00,0x00,0x00,0x00,0x00,0x00,0x00,0x00,0x00,0x00,0x00,
  0x00,0x00,0x00,0x00,0x00,0x00,0x00,0x00,0x00,0x00,0x00,0x00,
  0x00,0x00,0x00,0x00,0x00,0x00,0x00,0x00,0x00,0x00,0x00,0x00,
  0x00,0x00,0x00,0x00,0x00,0x00,0x00,0x00,0x00,0x00,0x00,0x00,
  0x00,0x00,0x00,0x00,0x00,0x00,0x00,0x00,0x00,0x00,0x00,0x00,
  0x00,0x00,0x00,0x00,0x00,0x00,0x00,0x00,0x00,0x00,0x00,0x00,
  0x00,0x00,0x00,0x00,0x00,0x00,0x00,0x00,0x00,0x00,0x00,0x00,
  0x00,0x00,0x00,0x00,0x00,0x00,0x00,0x00,0x00,0x00,0x00,0x00,
  0x00,0x00,0x00,0x00,0x00,0x00,0x00,0x00,0x00,0x00,0x00,0x00,
  0x00,0x00,0x00,0x00,0x00,0x00,0x00,0x00,0x00,0x00,0x00,0x00,
  0x00,0x00,0x00,0x00,0x00,0x00,0x00,0x00,0x00,0x00,0x00,0x00,
  0x00,0x00,0x00,0x00,0x00,0x00,0x00,0x00,0x00,0x00,0x00,0x00,
  0x00,0x00,0x00,0x00,0x00,0x00,0x00,0x00,0x00,0x00,0x00,0x00,
  0x00,0x00,0x00,0x00,0x00,0x00,0x00,0x00,0x00,0x00,0x00,0x00,
  0x00,0x00,0x00,0x00,0x00,0x00,0x00,0x00,0x00,0x00,0x00,0x00,
  0x00,0x00,0x00,0x00,0x00,0x00,0x00,0x00,0x00,0x00,0x00,0x00,
  0x00,0x00,0x00,0x00,0x00,0x00,0x00,0x00,0x00,0x00,0x00,0x00,
  0x00,0x00,0x00,0x00,0x00,0x00,0x00,0x00,0x00,0x00,0x00,0x00,
  0x00,0x00,0x00,0x00,0x00,0x00,0x00,0x00,0x00,0x00,0x00,0x00,
  0x00,0x00,0x00,0x00,0x00,0x00,0x00,0x00,0x00,0x00,0x00,0x00,
  0x00,0x00,0x00,0x00,0x00,0x00,0x00,0x00,0x00,0x00,0x00,0x00,
  0x00,0x00,0x00,0x00,0x00,0x00,0x00,0x00,0x00,0x00,0x00,0x00,
  0x00,0x00,0x00,0x00,0x00,0x00,0x00,0x00,0x00,0x00,0x00,0x00,
  0x00,0x00,0x00,0x00,0x00,0x00,0x00,0x00,0x00,0x00,0x00,0x00,
  0x00,0x00,0x00,0x00,0x00,0x00,0x00,0x00,0x00,0x00,0x00,0x00,
  0x00,0x00,0x00,0x00,0x00,0x00,0x00,0x00,0x00,0x00,0x00,0x00,
  0x00,0x00,0x00,0x00,0x00,0x00,0x00,0x00,0x00,0x00,0x00,0x00,
  0x00,0x00,0x00,0x00,0x00,0x00,0x00,0x00,0x00,0x00,0x00,0x00,
  0x00,0x00,0x00,0x00,0x00,0x00,0x00,0x00,0x00,0x00,0x00,0x00,
  0x00,0x00,0x00,0x00,0x00,0x00,0x00,0x00,0x00,0x00,0x00,0x00,
  0x00,0x00,0x00,0x00,0x00,0x00,0x00,0x00,0x00,0x00,0x00,0x00,
  0x00,0x00,0x00,0x00,0x00,0x00,0x00,0x00,0x00,0x00,0x00,0x00,
  0x00,0x00,0x00,0x00,0x00,0x00,0x00,0x00,0x00,0x00,0x00,0x00,
  0x00,0x00,0x00,0x00,0x00,0x00,0x00,0x00,0x00,0x00,0x00,0x00,
  0x00,0x00,0x00,0x00,0x00,0x00,0x00,0x00,0x00,0x00,0x00,0x00,
  0x00,0x00,0x00,0x00,0x00,0x00,0x00,0x00,0x00,0x00,0x00,0x00,
  0x00,0x00,0x00,0x00,0x00,0x00,0x00,0x00,0x00,0x00,0x00,0x00,
  0x00,0x00,0x00,0x00,0x00,0x00,0x00,0x00,0x00,0x00,0x00,0x00,
  0x00,0x00,0x00,0x00,0x00,0x00,0x00,0x00,0x00,0x00,0x00,0x00,
  0x00,0x00,0x00,0x00,0x00,0x00,0x00,0x00,0x00,0x00,0x00,0x00,
  0x00,0x00,0x00,0x00,0x00,0x00,0x00,0x00,0x00,0x00,0x00,0x00,
  0x00,0x00,0x00,0x00,0x00,0x00,0x00,0x00,0x00,0x00,0x00,0x00,
  0x00,0x00,0x00,0x00,0x00,0x00,0x00,0x00,0x00,0x00,0x00,0x00,
  0x00,0x00,0x00,0x00,0x00,0x00,0x00,0x00,0x00,0x00,0x00,0x00,
  0x00,0x00,0x00,0x00,0x00,0x00,0x00,0x00,0x00,0x00,0x00,0x00,
  0x00,0x00,0x00,0x00,0x00,0x00,0x00,0x00,0x00,0x00,0x00,0x00,
  0x00,0x00,0x00,0x00,0x00,0x00,0x00,0x00,0x00,0x00,0x00,0x00,
  0x00,0x00,0x00,0x00,0x00,0x00,0x00,0x00,0x00,0x00,0x00,0x00,
  0x00,0x00,0x00,0x00,0x00,0x00,0x00,0x00,0x00,0x00,0x00,0x00,
  0x00,0x00,0x00,0x00,0x00,0x00,0x00,0x00,0x00,0x00,0x00,0x00,
  0x00,0x00,0x00,0x00,0x00,0x00,0x00,0x00,0x00,0x00,0x00,0x00,
  0x00,0x00,0x00,0x00,0x00,0x00,0x00,0x00,0x00,0x00,0x00,0x00,
  0x00,0x00,0x00,0x00,0x00,0x00,0x00,0x00,0x00,0x00,0x00,0x00,
  0x00,0x00,0x00,0x00,0x00,0x00,0x00,0x00,0x00,0x00,0x00,0x00,
  0x00,0x00,0x00,0x00,0x00,0x00,0x00,0x00,0x00,0x00,0x00,0x00,
  0x00,0x00,0x00,0x00,0x00,0x00,0x00,0x00,0x00,0x00,0x00,0x00,
  0x00,0x00,0x00,0x00,0x00,0x00,0x00,0x00,0x00,0x00,0x00,0x00,
  0x00,0x00,0x00,0x00,0x00,0x00,0x00,0x00,0x00,0x00,0x00,0x00,
  0x00,0x00,0x00,0x00,0x00,0x00,0x00,0x00,0x00,0x00,0x00,0x00,
  0x00,0x00,0x00,0x00,0x00,0x00,0x00,0x00,0x00,0x00,0x00,0x00,
  0x00,0x00,0x00,0x00,0x00,0x00,0x00,0x00,0x00,0x00,0x00,0x00,
  0x00,0x00,0x00,0x00,0x00,0x00,0x00,0x00,0x00,0x00,0x00,0x00,
  0x00,0x00,0x00,0x00,0x00,0x00,0x00,0x00,0x00,0x00,0x00,0x00,
  0x00,0x00,0x00,0x00,0x00,0x00,0x00,0x00,0x00,0x00,0x00,0x00,
  0x00,0x00,0x00,0x00,0x00,0x00,0x00,0x00,0x00,0x00,0x00,0x00,
  0x00,0x00,0x00,0x00,0x00,0x00,0x00,0x00,0x00,0x00,0x00,0x00,
  0x00,0x00,0x00,0x00,0x00,0x00,0x00,0x00,0x00,0x00,0x00,0x00,
  0x00,0x00,0x00,0x00,0x00,0x00,0x00,0x00,0x00,0x00,0x00,0x00,
  0x00,0x00,0x00,0x00,0x00,0x00,0x00,0x00,0x00,0x00,0x00,0x00,
  0x00,0x00,0x00,0x00,0x00,0x00,0x00,0x00,0x00,0x00,0x00,0x00,
  0x00,0x00,0x00,0x00,0x00,0x00,0x00,0x00,0x00,0x00,0x00,0x00,
  0x00,0x00,0x00,0x00,0x00,0x00,0x00,0x00,0x00,0x00,0x00,0x00,
  0x00,0x00,0x00,0x00,0x00,0x00,0x00,0x00,0x00,0x00,0x00,0x00,
  0x00,0x00,0x00,0x00,0x00,0x00,0x00,0x00,0x00,0x00,0x00,0x00,
  0x00,0x00,0x00,0x00,0x00,0x00,0x00,0x00,0x00,0x00,0x00,0x00,
  0x00,0x00,0x00,0x00,0x00,0x00,0x00,0x00,0x00,0x00,0x00,0x00,
  0x00,0x00,0x00,0x00,0x00,0x00,0x00,0x00,0x00,0x00,0x00,0x00,
  0x00,0x00,0x00,0x00,0x00,0x00,0x00,0x00,0x00,0x00,0x00,0x00,
  0x00,0x00,0x00,0x00,0x00,0x00,0x00,0x00,0x00,0x00,0x00,0x00,
  0x00,0x00,0x00,0x00,0x00,0x00,0x00,0x00,0x00,0x00,0x00,0x00,
  0x00,0x00,0x00,0x00,0x00,0x00,0x00,0x00,0x00,0x00,0x00,0x00,
  0x00,0x00,0x00,0x00,0x00,0x00,0x00,0x00,0x00,0x00,0x00,0x00,
  0x00,0x00,0x00,0x00,0x00,0x00,0x00,0x00,0x00,0x00,0x00,0x00,
  0x00,0x00,0x00,0x00,0x00,0x00,0x00,0x00,0x00,0x00,0x00,0x00,
  0x00,0x00,0x00,0x00,0x00,0x00,0x00,0x00,0x00,0x00,0x00,0x00,
  0x00,0x00,0x00,0x00,0x00,0x00,0x00,0x00,0x00,0x00,0x00,0x00,
  0x00,0x00,0x00,0x00,0x00,0x00,0x00,0x00,0x00,0x00,0x00,0x00,
  0x00,0x00,0x00,0x00,0x00,0x00,0x00,0x00,0x00,0x00,0x00,0x00,
  0x00,0x00,0x00,0x00,0x00,0x00,0x00,0x00,0x00,0x00,0x00,0x00,
  0x00,0x00,0x00,0x00,0x00,0x00,0x00,0x00,0x00,0x00,0x00,0x00,
  0x00,0x00,0x00,0x00,0x00,0x00,0x00,0x00,0x00,0x00,0x00,0x00,
  0x00,0x00,0x00,0x00,0x00,0x00,0x00,0x00,0x00,0x00,0x00,0x00,
  0x00,0x00,0x00,0x00,0x00,0x00,0x00,0x00,0x00,0x00,0x00,0x00,
  0x00,0x00,0x00,0x00,0x00,0x00,0x00,0x00,0x00,0x00,0x00,0x00,
  0x00,0x00,0x00,0x00,0x00,0x00,0x00,0x00,0x00,0x00,0x00,0x00,
  0x00,0x00,0x00,0x00,0x00,0x00,0x00,0x00,0x00,0x00,0x00,0x00,
  0x00,0x00,0x00,0x00,0x00,0x00,0x00,0x00,0x00,0x00,0x00,0x00,
  0x00,0x00,0x00,0x00,0x00,0x00,0x00,0x00,0x00,0x00,0x00,0x00,
  0x00,0x00,0x00,0x00,0x00,0x00,0x00,0x00,0x00,0x00,0x00,0x00,
  0x00,0x00,0x00,0x00,0x00,0x00,0x00,0x00,0x00,0x00,0x00,0x00,
  0x00,0x00,0x00,0x00,0x00,0x00,0x00,0x00,0x00,0x00,0x00,0x00,
  0x00,0x00,0x00,0x00,0x00,0x00,0x00,0x00,0x00,0x00,0x00,0x00,
  0x00,0x00,0x00,0x00,0x00,0x00,0x00,0x00,0x00,0x00,0x00,0x00,
  0x00,0x00,0x00,0x00,0x00,0x00,0x00,0x00,0x00,0x00,0x00,0x00,
  0x00,0x00,0x00,0x00,0x00,0x00,0x00,0x00,0x00,0x00,0x00,0x00,
  0x00,0x00,0x00,0x00,0x00,0x00,0x00,0x00,0x00,0x00,0x00,0x00,
  0x00,0x00,0x00,0x00,0x00,0x00,0x00,0x00,0x00,0x00,0x00,0x00,
  0x00,0x00,0x00,0x00,0x00,0x00,0x00,0x00,0x00,0x00,0x00,0x00,
  0x00,0x00,0x00,0x00,0x00,0x00,0x00,0x00,0x00,0x00,0x00,0x00,
  0x00,0x00,0x00,0x00,0x00,0x00,0x00,0x00,0x00,0x00,0x00,0x00,
  0x00,0x00,0x00,0x00,0x00,0x00,0x00,0x00,0x00,0x00,0x00,0x00,
  0x00,0x00,0x00,0x00,0x00,0x00,0x00,0x00,0x00,0x00,0x00,0x00,
  0x00,0x00,0x00,0x00,0x00,0x00,0x00,0x00,0x00,0x00,0x00,0x00,
  0x00,0x00,0x00,0x00,0x00,0x00,0x00,0x00,0x00,0x00,0x00,0x00,
  0x00,0x00,0x00,0x00,0x00,0x00,0x00,0x00,0x00,0x00,0x00,0x00,
  0x00,0x00,0x00,0x00,0x00,0x00,0x00,0x00,0x00,0x00,0x00,0x00,
  0x00,0x00,0x00,0x00,0x00,0x00,0x00,0x00,0x00,0x00,0x00,0x00,
  0x00,0x00,0x00,0x00,0x00,0x00,0x00,0x00,0x00,0x00,0x00,0x00,
  0x00,0x00,0x00,0x00,0x00,0x00,0x00,0x00,0x00,0x00,0x00,0x00,
  0x00,0x00,0x00,0x00,0x00,0x00,0x00,0x00,0x00,0x00,0x00,0x00,
  0x00,0x00,0x00,0x00,0x00,0x00,0x00,0x00,0x00,0x00,0x00,0x00,
  0x00,0x00,0x00,0x00,0x00,0x00,0x00,0x00,0x00,0x00,0x00,0x00,
  0x00,0x00,0x00,0x00,0x00,0x00,0x00,0x00,0x00,0x00,0x00,0x00,
  0x00,0x00,0x00,0x00,0x00,0x00,0x00,0x00,0x00,0x00,0x00,0x00,
  0x00,0x00,0x00,0x00,0x00,0x00,0x00,0x00,0x00,0x00,0x00,0x00,
  0x00,0x00,0x00,0x00,0x00,0x00,0x00,0x00,0x00,0x00,0x00,0x00,
  0x00,0x00,0x00,0x00,0x00,0x00,0x00,0x00,0x00,0x00,0x00,0x00,
  0x00,0x00,0x00,0x00,0x00,0x00,0x00,0x00,0x00,0x00,0x00,0x00,
  0x00,0x00,0x00,0x00,0x00,0x00,0x00,0x00,0x00,0x00,0x00,0x00,
  0x00,0x00,0x00,0x00,0x00,0x00,0x00,0x00,0x00,0x00,0x00,0x00,
  0x00,0x00,0x00,0x00,0x00,0x00,0x00,0x00,0x00,0x00,0x00,0x00,
  0x00,0x00,0x00,0x00,0x00,0x00,0x00,0x00,0x00,0x00,0x00,0x00,
  0x00,0x00,0x00,0x00,0x00,0x00,0x00,0x00,0x00,0x00,0x00,0x00,
  0x00,0x00,0x00,0x00,0x00,0x00,0x00,0x00,0x00,0x00,0x00,0x00,
  0x00,0x00,0x00,0x00,0x00,0x00,0x00,0x00,0x00,0x00,0x00,0x00,
  0x00,0x00,0x00,0x00,0x00,0x00,0x00,0x00,0x00,0x00,0x00,0x00,
  0x00,0x00,0x00,0x00,0x00,0x00,0x00,0x00,0x00,0x00,0x00,0x00,
  0x00,0x00,0x00,0x00,0x00,0x00,0x00,0x00,0x00,0x00,0x00,0x00,
  0x00,0x00,0x00,0x00,0x00,0x00,0x00,0x00,0x00,0x00,0x00,0x00,
  0x00,0x00,0x00,0x00,0x00,0x00,0x00,0x00,0x00,0x00,0x00,0x00,
  0x00,0x00,0x00,0x00,0x00,0x00,0x00,0x00,0x00,0x00,0x00,0x00,
  0x00,0x00,0x00,0x00,0x00,0x00,0x00,0x00,0x00,0x00,0x00,0x00,
  0x00,0x00,0x00,0x00,0x00,0x00,0x00,0x00,0x00,0x00,0x00,0x00,
  0x00,0x00,0x00,0x00,0x00,0x00,0x00,0x00,0x00,0x00,0x00,0x00,
  0x00,0x00,0x00,0x00,0x00,0x00,0x00,0x00,0x00,0x00,0x00,0x00,
  0x00,0x00,0x00,0x00,0x00,0x00,0x00,0x00,0x00,0x00,0x00,0x00,
  0x00,0x00,0x00,0x00,0x00,0x00,0x00,0x00,0x00,0x00,0x00,0x00,
  0x00,0x00,0x00,0x00,0x00,0x00,0x00,0x00,0x00,0x00,0x00,0x00,
  0x00,0x00,0x00,0x00,0x00,0x00,0x00,0x00,0x00,0x00,0x00,0x00,
  0x00,0x00,0x00,0x00,0x00,0x00,0x00,0x00,0x00,0x00,0x00,0x00,
  0x00,0x00,0x00,0x00,0x00,0x00,0x00,0x00,0x00,0x00,0x00,0x00,
  0x00,0x00,0x00,0x00,0x00,0x00,0x00,0x00,0x00,0x00,0x00,0x00,
  0x00,0x00,0x00,0x00,0x00,0x00,0x00,0x00,0x00,0x00,0x00,0x00,
  0x00,0x00,0x00,0x00,0x00,0x00,0x00,0x00,0x00,0x00,0x00,0x00,
  0x00,0x00,0x00,0x00,0x00,0x00,0x00,0x00,0x00,0x00,0x00,0x00,
  0x00,0x00,0x00,0x00,0x00,0x00,0x00,0x00,0x00,0x00,0x00,0x00,
  0x00,0x00,0x00,0x00,0x00,0x00,0x00,0x00,0x00,0x00,0x00,0x00,
  0x00,0x00,0x00,0x00,0x00,0x00,0x00,0x00,0x00,0x00,0x00,0x00,
  0x00,0x00,0x00,0x00,0x00,0x00,0x00,0x00,0x00,0x00,0x00,0x00,
  0x00,0x00,0x00,0x00,0x00,0x00,0x00,0x00,0x00,0x00,0x00,0x00,
  0x00,0x00,0x00,0x00,0x00,0x00,0x00,0x00,0x00,0x00,0x00,0x00,
  0x00,0x00,0x00,0x00,0x00,0x00,0x00,0x00,0x00,0x00,0x00,0x00,
  0x00,0x00,0x00,0x00,0x00,0x00,0x00,0x00,0x00,0x00,0x00,0x00,
  0x00,0x00,0x00,0x00,0x00,0x00,0x00,0x00,0x00,0x00,0x00,0x00,
  0x00,0x00,0x00,0x00,0x00,0x00,0x00,0x00,0x00,0x00,0x00,0x00,
  0x00,0x00,0x00,0x00,0x00,0x00,0x00,0x00,0x00,0x00,0x00,0x00,
  0x00,0x00,0x00,0x00,0x00,0x00,0x00,0x00,0x00,0x00,0x00,0x00,
  0x00,0x00,0x00,0x00,0x00,0x00,0x00,0x00,0x00,0x00,0x00,0x00,
  0x00,0x00,0x00,0x00,0x00,0x00,0x00,0x00,0x00,0x00,0x00,0x00,
  0x00,0x00,0x00,0x00,0x00,0x00,0x00,0x00,0x00,0x00,0x00,0x00,
  0x00,0x00,0x00,0x00,0x00,0x00,0x00,0x00,0x00,0x00,0x00,0x00,
  0x00,0x00,0x00,0x00,0x00,0x00,0x00,0x00,0x00,0x00,0x00,0x00,
  0x00,0x00,0x00,0x00,0x00,0x00,0x00,0x00,0x00,0x00,0x00,0x00,
  0x00,0x00,0x00,0x00,0x00,0x00,0x00,0x00,0x00,0x00,0x00,0x00,
  0x00,0x00,0x00,0x00,0x00,0x00,0x00,0x00,0x00,0x00,0x00,0x00,
  0x00,0x00,0x00,0x00,0x00,0x00,0x00,0x00,0x00,0x00,0x00,0x00,
  0x00,0x00,0x00,0x00,0x00,0x00,0x00,0x00,0x00,0x00,0x00,0x00,
  0x00,0x00,0x00,0x00,0x00,0x00,0x00,0x00,0x00,0x00,0x00,0x00,
  0x00,0x00,0x00,0x00,0x00,0x00,0x00,0x00,0x00,0x00,0x00,0x00,
  0x00,0x00,0x00,0x00,0x00,0x00,0x00,0x00,0x00,0x00,0x00,0x00,
  0x00,0x00,0x00,0x00,0x00,0x00,0x00,0x00,0x00,0x00,0x00,0x00,
  0x00,0x00,0x00,0x00,0x00,0x00,0x00,0x00,0x00,0x00,0x00,0x00,
  0x00,0x00,0x00,0x00,0x00,0x00,0x00,0x00,0x00,0x00,0x00,0x00,
  0x00,0x00,0x00,0x00,0x00,0x00,0x00,0x00,0x00,0x00,0x00,0x00,
  0x00,0x00,0x00,0x00,0x00,0x00,0x00,0x00,0x00,0x00,0x00,0x00,
  0x00,0x00,0x00,0x00,0x00,0x00,0x00,0x00,0x00,0x00,0x00,0x00,
  0x00,0x00,0x00,0x00,0x00,0x00,0x00,0x00,0x00,0x00,0x00,0x00,
  0x00,0x00,0x00,0x00,0x00,0x00,0x00,0x00,0x00,0x00,0x00,0x00,
  0x00,0x00,0x00,0x00,0x00,0x00,0x00,0x00,0x00,0x00,0x00,0x00,
  0x00,0x00,0x00,0x00,0x00,0x00,0x00,0x00,0x00,0x00,0x00,0x00,
  0x00,0x00,0x00,0x00,0x00,0x00,0x00,0x00,0x00,0x00,0x00,0x00,
  0x00,0x00,0x00,0x00,0x00,0x00,0x00,0x00,0x00,0x00,0x00,0x00,
  0x00,0x00,0x00,0x00,0x00,0x00,0x00,0x00,0x00,0x00,0x00,0x00,
  0x00,0x00,0x00,0x00,0x00,0x00,0x00,0x00,0x00,0x00,0x00,0x00,
  0x00,0x00,0x00,0x00,0x00,0x00,0x00,0x00,0x00,0x00,0x00,0x00,
  0x00,0x00,0x00,0x00,0x00,0x00,0x00,0x00,0x00,0x00,0x00,0x00,
  0x00,0x00,0x00,0x00,0x00,0x00,0x00,0x00,0x00,0x00,0x00,0x00,
  0x00,0x00,0x00,0x00,0x00,0x00,0x00,0x00,0x00,0x00,0x00,0x00,
  0x00,0x00,0x00,0x00,0x00,0x00,0x00,0x00,0x00,0x00,0x00,0x00,
  0x00,0x00,0x00,0x00,0x00,0x00,0x00,0x00,0x00,0x00,0x00,0x00,
  0x00,0x00,0x00,0x00,0x00,0x00,0x00,0x00,0x00,0x00,0x00,0x00,
  0x00,0x00,0x00,0x00,0x00,0x00,0x00,0x00,0x00,0x00,0x00,0x00,
  0x00,0x00,0x00,0x00,0x00,0x00,0x00,0x00,0x00,0x00,0x00,0x00,
  0x00,0x00,0x00,0x00,0x00,0x00,0x00,0x00,0x00,0x00,0x00,0x00,
  0x00,0x00,0x00,0x00,0x00,0x00,0x00,0x00,0x00,0x00,0x00,0x00,
  0x00,0x00,0x00,0x00,0x00,0x00,0x00,0x00,0x00,0x00,0x00,0x00,
  0x00,0x00,0x00,0x00,0x00,0x00,0x00,0x00,0x00,0x00,0x00,0x00,
  0x00,0x00,0x00,0x00,0x00,0x00,0x00,0x00,0x00,0x00,0x00,0x00,
  0x00,0x00,0x00,0x00,0x00,0x00,0x00,0x00,0x00,0x00,0x00,0x00,
  0x00,0x00,0x00,0x00,0x00,0x00,0x00,0x00,0x00,0x00,0x00,0x00,
  0x00,0x00,0x00,0x00,0x00,0x00,0x00,0x00,0x00,0x00,0x00,0x00,
  0x00,0x00,0x00,0x00,0x00,0x00,0x00,0x00,0x00,0x00,0x00,0x00,
  0x00,0x00,0x00,0x00,0x00,0x00,0x00,0x00,0x00,0x00,0x00,0x00,
  0x00,0x00,0x00,0x00,0x00,0x00,0x00,0x00,0x00,0x00,0x00,0x00,
  0x00,0x00,0x00,0x00,0x00,0x00,0x00,0x00,0x00,0x00,0x00,0x00,
  0x00,0x00,0x00,0x00,0x00,0x00,0x00,0x00,0x00,0x00,0x00,0x00,
  0x00,0x00,0x00,0x00,0x00,0x00,0x00,0x00,0x00,0x00,0x7F,0x02,
  0x00,0x00,0x7F,0x04,0x00,0x00,0x7F,0x04,0x00,0x00,0x7F,0x04,
  0x00,0x00,0x7F,0x04,0x00,0x00,0x55,0x03,0x00,0x00,0x00,0x00,
  0x00,0x00,0x00,0x00,0x00,0x00,0x00,0x00,0x00,0x00,0x00,0x00,
  0x00,0x00,0x00,0x00,0x00,0x00,0x00,0x00,0x00,0x00,0x00,0x00,
  0x00,0x00,0x00,0x00,0x00,0x00,0x00,0x00,0x00,0x00,0x00,0x00,
  0x00,0x00,0x00,0x00,0x00,0x00,0x00,0x00,0x00,0x00,0x00,0x00,
  0x00,0x00,0x00,0x00,0x00,0x00,0x00,0x00,0x00,0x00,0x00,0x00,
  0x00,0x00,0x00,0x00,0x00,0x00,0x00,0x00,0x00,0x00,0x00,0x00,
  0x00,0x00,0x00,0x00,0x00,0x00,0x00,0x00,0x00,0x00,0x00,0x00,
  0x00,0x00,0x00,0x00,0x00,0x00,0x00,0x00,0x00,0x00,0x00,0x00,
  0x00,0x00,0x00,0x00,0x00,0x00,0x00,0x00,0x00,0x00,0x00,0x00,
  0x00,0x00,0x00,0x00,0x00,0x00,0x00,0x00,0x00,0x00,0x00,0x00,
  0x00,0x00,0x00,0x00,0x00,0x00,0x00,0x00,0x00,0x00,0x00,0x00,
  0x00,0x00,0x00,0x00,0x00,0x00,0x00,0x00,0x00,0x00,0x00,0x00,
  0x00,0x00,0x00,0x00,0x00,0x00,0x00,0x00,0x00,0x00,0x00,0x00,
  0x00,0x00,0x00,0x00,0x00,0x00,0x00,0x00,0x00,0x00,0x00,0x00,
  0x00,0x00,0x00,0x00,0x00,0x00,0x00,0x00,0x00,0x00,0x00,0x00,
  0x00,0x00,0x00,0x00,0x00,0x00,0x00,0x00,0x00,0x00,0x00,0x00,
  0x00,0x00,0x00,0x00,0x00,0x00,0x00,0x00,0x00,0x00,0x00,0x00,
  0x00,0x00,0x00,0x00,0x00,0x00,0x00,0x00,0x00,0x00,0x00,0x00,
  0x00,0x00,0x00,0x00,0x00,0x00,0x00,0x00,0x00,0x00,0x00,0x00,
  0x00,0x00,0x00,0x00,0x00,0x00,0x00,0x00,0x00,0x00,0x00,0x00,
  0x00,0x00,0x00,0x00,0x00,0x00,0x00,0x00,0x00,0x00,0x00,0x00,
  0x00,0x00,0x00,0x00,0x00,0x00,0x00,0x00,0x00,0x00,0x00,0x00,
  0x00,0x00,0x00,0x00,0x00,0x00,0x00,0x00,0x00,0x00,0x00,0x00,
  0x00,0x00,0x00,0x00,0x00,0x00,0x00,0x00,0x00,0x00,0x00,0x00,
  0x00,0x00,0x00,0x00,0x00,0x00,0x00,0x00,0x00,0x00,0x00,0x00,
  0x00,0x00,0x00,0x00,0x00,0x00,0x00,0x00,0x00,0x00,0x00,0x00,
  0x00,0x00,0x00,0x00,0x00,0x00,0x00,0x00,0x00,0x00,0x00,0x00,
  0x00,0x00,0x00,0x00,0x00,0x00,0x00,0x00,0x00,0x00,0x00,0x00,
  0x00,0x00,0x00,0x00,0x00,0x00,0x00,0x00,0x00,0x00,0x00,0x00,
  0x00,0x00,0x00,0x00,0x00,0x00,0x00,0x00,0x00,0x00,0x00,0x00,
  0x00,0x00,0x00,0x00,0x00,0x00,0x00,0x00,0x00,0x00,0x00,0x00,
  0x00,0x00,0x00,0x00,0x00,0x00,0x00,0x00,0x00,0x00,0x00,0x00,
  0x00,0x00,0x00,0x00,0x00,0x00,0x00,0x00,0x00,0x00,0x00,0x00,
  0x00,0x00,0x00,0x00,0x00,0x00,0x00,0x00,0x00,0x00,0x00,0x00,
  0x00,0x00,0x00,0x00,0x00,0x00,0x00,0x00,0x00,0x00,0x00,0x00,
  0x00,0x00,0x00,0x00,0x00,0x00,0x00,0x00,0x00,0x00,0x00,0x00,
  0x00,0x00,0x00,0x00,0x00,0x00,0x00,0x00,0x00,0x00,0x00,0x00,
  0x00,0x00,0x00,0x00,0x00,0x00,0x00,0x00,0x00,0x00,0x00,0x00,
  0x00,0x00,0x00,0x00,0x00,0x00,0x00,0x00,0x00,0x00,0x00,0x00,
  0x00,0x00,0x00,0x00,0x00,0x00,0x00,0x00,0x00,0x00,0x00,0x00,
  0x00,0x00,0x00,0x00,0x00,0x00,0x00,0x00,0x00,0x00,0x00,0x00,
  0x00,0x00,0x00,0x00,0x00,0x00,0x00,0x00,0x00,0x00,0x00,0x00,
  0x00,0x00,0x00,0x00,0x00,0x00,0x00,0x00,0x00,0x00,0x00,0x00,
  0x00,0x00,0x00,0x00,0x00,0x00,0x00,0x00,0x00,0x00,0x00,0x00,
  0x00,0x00,0x00,0x00,0x00,0x00,0x00,0x00,0x00,0x00,0x00,0x00,
  0x00,0x00,0x00,0x00,0x00,0x00,0x00,0x00,0x00,0x00,0x00,0x00,
  0x00,0x00,0x00,0x00,0x00,0x00,0x00,0x00,0x00,0x00,0x00,0x00,
  0x00,0x00,0x00,0x00,0x00,0x00,0x00,0x00,0x00,0x00,0x00,0x00,
  0x00,0x00,0x00,0x00,0x00,0x00,0x00,0x00,0x00,0x00,0x00,0x00,
  0x00,0x00,0x00,0x00,0x00,0x00,0x00,0x00,0x00,0x00,0x00,0x00,
  0x00,0x00,0x00,0x00,0x00,0x00,0x00,0x00,0x00,0x00,0x00,0x00,
  0x00,0x00,0x00,0x00,0x00,0x00,0x00,0x00,0x00,0x00,0x00,0x00,
  0x00,0x00,0x00,0x00,0x00,0x00,0x00,0x00,0x00,0x00,0x00,0x00,
  0x00,0x00,0x00,0x00,0x00,0x00,0x00,0x00,0x00,0x00,0x00,0x00,
  0x00,0x00,0x7F,0x02,0x00,0x00,0xFF,0x01,0x00,0x00,0x00,0x00,
  0x00,0x00,0x00,0x00,0x00,0x00,0x00,0x00,0x00,0x00,0x00,0x00,
  0x00,0x00,0x00,0x00,0x00,0x00,0x00,0x00,0x00,0x00,0x00,0x00,
  0x00,0x00,0x00,0x00,0x00,0x00,0x00,0x00,0x00,0x00,0x00,0x00,
  0x00,0x00,0x00,0x00,0x00,0x00,0x00,0x00,0x00,0x00,0x00,0x00,
  0x00,0x00,0x00,0x00,0x00,0x00,0x00,0x00,0x00,0x00,0x00,0x00,
  0x00,0x00,0x00,0x00,0x00,0x00,0x00,0x00,0x00,0x00,0x00,0x00,
  0x00,0x00,0x00,0x00,0x00,0x00,0x00,0x00,0x00,0x00,0x00,0x00,
  0x00,0x00,0x00,0x00,0x00,0x00,0x00,0x00,0x00,0x00,0x00,0x00,
  0x00,0x00,0x00,0x00,0x00,0x00,0x00,0x00,0x00,0x00,0x00,0x00,
  0x00,0x00,0x00,0x00,0x00,0x00,0x00,0x00,0x00,0x00,0x00,0x00,
  0x00,0x00,0x00,0x00,0x00,0x00,0x00,0x00,0x00,0x00,0x00,0x00,
  0x00,0x00,0x00,0x00,0x00,0x00,0x00,0x00,0x00,0x00,0x00,0x00,
  0x00,0x00,0x00,0x00,0x00,0x00,0x00,0x00,0x00,0x00,0x00,0x00,
  0x00,0x00,0x00,0x00,0x00,0x00,0x00,0x00,0x00,0x00,0x00,0x00,
  0x00,0x00,0x00,0x00,0x00,0x00,0x00,0x00,0x00,0x00,0x00,0x00,
  0x00,0x00,0x00,0x00,0x00,0x00,0x00,0x00,0x00,0x00,0x00,0x00,
  0x00,0x00,0x00,0x00,0x00,0x00,0x00,0x00,0x00,0x00,0x00,0x00,
  0x00,0x00,0x00,0x00,0x00,0x00,0x00,0x00,0x00,0x00,0x00,0x00,
  0x00,0x00,0x00,0x00,0x00,0x00,0x00,0x00,0x00,0x00,0x00,0x00,
  0x00,0x00,0x00,0x00,0x00,0x00,0x00,0x00,0x00,0x00,0x00,0x00,
  0x00,0x00,0x00,0x00,0x00,0x00,0x00,0x00,0x00,0x00,0x00,0x00,
  0x00,0x00,0x00,0x00,0x00,0x00,0x00,0x00,0x00,0x00,0x00,0x00,
  0x00,0x00,0x00,0x00,0x00,0x00,0x00,0x00,0x00,0x00,0x00,0x00,
  0x00,0x00,0x00,0x00,0x00,0x00,0x00,0x00,0x00,0x00,0x00,0x00,
  0x00,0x00,0x00,0x00,0x00,0x00,0x00,0x00,0x00,0x00,0x00,0x00,
  0x00,0x00,0x00,0x00,0x00,0x00,0x00,0x00,0x00,0x00,0x00,0x00,
  0x00,0x00,0x00,0x00,0x00,0x00,0x00,0x00,0x00,0x00,0x00,0x00,
  0x00,0x00,0x00,0x00,0x00,0x00,0x00,0x00,0x00,0x00,0x00,0x00,
  0x00,0x00,0x00,0x00,0x00,0x00,0x00,0x00,0x00,0x00,0x00,0x00,
  0x00,0x00,0x00,0x00,0x00,0x00,0x00,0x00,0x00,0x00,0x00,0x00,
  0x00,0x00,0x00,0x00,0x00,0x00,0x00,0x00,0x00,0x00,0x00,0x00,
  0x00,0x00,0x00,0x00,0x00,0x00,0x00,0x00,0x00,0x00,0x00,0x00,
  0x00,0x00,0x00,0x00,0x00,0x00,0x00,0x00,0x00,0x00,0x00,0x00,
  0x00,0x00,0x00,0x00,0x00,0x00,0x00,0x00,0x00,0x00,0x00,0x00,
  0x00,0x00,0x00,0x00,0x00,0x00,0x00,0x00,0x00,0x00,0x00,0x00,
  0x00,0x00,0x00,0x00,0x00,0x00,0x00,0x00,0x00,0x00,0x00,0x00,
  0x00,0x00,0x00,0x00,0x00,0x00,0x00,0x00,0x00,0x00,0x00,0x00,
  0x00,0x00,0x00,0x00,0x00,0x00,0x00,0x00,0x00,0x00,0x00,0x00,
  0x00,0x00,0x00,0x00,0x00,0x00,0x00,0x00,0x00,0x00,0x00,0x00,
  0x00,0x00,0x00,0x00,0x00,0x00,0x00,0x00,0x00,0x00,0x00,0x00,
  0x00,0x00,0x00,0x00,0x00,0x00,0x00,0x00,0x00,0x00,0x00,0x00,
  0x00,0x00,0x00,0x00,0x00,0x00,0x00,0x00,0x00,0x00,0x00,0x00,
  0x00,0x00,0x00,0x00,0x00,0x00,0x00,0x00,0x00,0x00,0x00,0x00,
  0x00,0x00,0x00,0x00,0x00,0x00,0x00,0x00,0x00,0x00,0x00,0x00,
  0x00,0x00,0x00,0x00,0x00,0x00,0x00,0x00,0x00,0x00,0x00,0x00,
  0x00,0x00,0x00,0x00,0x00,0x00,0x00,0x00,0x00,0x00,0x00,0x00,
  0x00,0x00,0x00,0x00,0x00,0x00,0x00,0x00,0x00,0x00,0x00,0x00,
  0x00,0x00,0x00,0x00,0x00,0x00,0x00,0x00,0x00,0x00,0x00,0x00,
  0x00,0x00,0x00,0x00,0x00,0x00,0x00,0x00,0x00,0x00,0x00,0x00,
  0x00,0x00,0x00,0x00,0x00,0x00,0x00,0x00,0x00,0x00,0x00,0x00,
  0x00,0x00,0x00,0x00,0x00,0x00,0x00,0x00,0x00,0x7F,0x7F,0x02,
  0x00,0x00,0x00,0x01,0x3B,0x44,0x84,0x38,0x0B,0x15,0x66,0x81,
  0x0A,0x12,0x65,0x7B,0x0A,0x14,0x66,0x7A,0x07,0x13,0x68,0x81,
  0x15,0x1E,0x6B,0x53,0x00,0x00,0x00,0x00,0x00,0x00,0x00,0x00,
  0x00,0x00,0x00,0x00,0x00,0x00,0x00,0x00,0x00,0x00,0x00,0x00,
  0x00,0x00,0x00,0x00,0x00,0x00,0x00,0x00,0x00,0x00,0x00,0x00,
  0x00,0x00,0x00,0x00,0x00,0x00,0x00,0x00,0x00,0x00,0x00,0x00,
  0x00,0x00,0x00,0x00,0x00,0x00,0x00,0x00,0x00,0x00,0x00,0x00,
  0x00,0x00,0x00,0x00,0x00,0x00,0x00,0x00,0x00,0x00,0x00,0x00,
  0x00,0x00,0x00,0x00,0x00,0x00,0x00,0x00,0x00,0x00,0x00,0x00,
  0x00,0x00,0x00,0x00,0x00,0x00,0x00,0x00,0x00,0x00,0x00,0x00,
  0x00,0x00,0x00,0x00,0x00,0x00,0x00,0x00,0x00,0x00,0x00,0x00,
  0x00,0x00,0x00,0x00,0x00,0x00,0x00,0x00,0x00,0x00,0x00,0x00,
  0x00,0x00,0x00,0x00,0x00,0x00,0x00,0x00,0x00,0x00,0x00,0x00,
  0x00,0x00,0x00,0x00,0x00,0x00,0x00,0x00,0x00,0x00,0x00,0x00,
  0x00,0x00,0x00,0x00,0x00,0x00,0x00,0x00,0x00,0x00,0x00,0x00,
  0x00,0x00,0x00,0x00,0x00,0x00,0x00,0x00,0x00,0x00,0x00,0x00,
  0x00,0x00,0x00,0x00,0x00,0x00,0x00,0x00,0x00,0x00,0x00,0x00,
  0x00,0x00,0x00,0x00,0x00,0x00,0x00,0x00,0x00,0x00,0x00,0x00,
  0x00,0x00,0x00,0x00,0x00,0x00,0x00,0x00,0x00,0x00,0x00,0x00,
  0x00,0x00,0x00,0x00,0x00,0x00,0x00,0x00,0x00,0x00,0x00,0x00,
  0x00,0x00,0x00,0x00,0x00,0x00,0x00,0x00,0x00,0x00,0x00,0x00,
  0x00,0x00,0x00,0x00,0x00,0x00,0x00,0x00,0x00,0x00,0x00,0x00,
  0x00,0x00,0x00,0x00,0x00,0x00,0x00,0x00,0x00,0x00,0x00,0x00,
  0x00,0x00,0x00,0x00,0x00,0x00,0x00,0x00,0x00,0x00,0x00,0x00,
  0x00,0x00,0x00,0x00,0x00,0x00,0x00,0x00,0x00,0x00,0x00,0x00,
  0x00,0x00,0x00,0x00,0x00,0x00,0x00,0x00,0x00,0x00,0x00,0x00,
  0x00,0x00,0x00,0x00,0x00,0x00,0x00,0x00,0x00,0x00,0x00,0x00,
  0x00,0x00,0x00,0x00,0x00,0x00,0x00,0x00,0x00,0x00,0x00,0x00,
  0x00,0x00,0x00,0x00,0x00,0x00,0x00,0x00,0x00,0x00,0x00,0x00,
  0x00,0x00,0x00,0x00,0x00,0x00,0x00,0x00,0x00,0x00,0x00,0x00,
  0x00,0x00,0x00,0x00,0x00,0x00,0x00,0x00,0x00,0x00,0x00,0x00,
  0x00,0x00,0x00,0x00,0x00,0x00,0x00,0x00,0x00,0x00,0x00,0x00,
  0x00,0x00,0x00,0x00,0x00,0x00,0x00,0x00,0x00,0x00,0x00,0x00,
  0x00,0x00,0x00,0x00,0x00,0x00,0x00,0x00,0x00,0x00,0x00,0x00,
  0x00,0x00,0x00,0x00,0x00,0x00,0x00,0x00,0x00,0x00,0x00,0x00,
  0x00,0x00,0x00,0x00,0x00,0x00,0x00,0x00,0x00,0x00,0x00,0x00,
  0x00,0x00,0x00,0x00,0x00,0x00,0x00,0x00,0x00,0x00,0x00,0x00,
  0x00,0x00,0x00,0x00,0x00,0x00,0x00,0x00,0x00,0x00,0x00,0x00,
  0x00,0x00,0x00,0x00,0x00,0x00,0x00,0x00,0x00,0x00,0x00,0x00,
  0x00,0x00,0x00,0x00,0x00,0x00,0x00,0x00,0x00,0x00,0x00,0x00,
  0x00,0x00,0x00,0x00,0x00,0x00,0x00,0x00,0x00,0x00,0x00,0x00,
  0x00,0x00,0x00,0x00,0x00,0x00,0x00,0x00,0x00,0x00,0x00,0x00,
  0x00,0x00,0x00,0x00,0x00,0x00,0x00,0x00,0x00,0x00,0x00,0x00,
  0x00,0x00,0x00,0x00,0x00,0x00,0x00,0x00,0x00,0x00,0x00,0x00,
  0x00,0x00,0x00,0x00,0x00,0x00,0x00,0x00,0x00,0x00,0x00,0x00,
  0x00,0x00,0x00,0x00,0x00,0x00,0x00,0x00,0x00,0x00,0x00,0x00,
  0x00,0x00,0x00,0x00,0x00,0x00,0x00,0x00,0x00,0x00,0x00,0x00,
  0x00,0x00,0x00,0x00,0x00,0x00,0x00,0x00,0x00,0x00,0x00,0x00,
  0x00,0x00,0x00,0x00,0x00,0x00,0x00,0x00,0x00,0x00,0x00,0x00,
  0x00,0x00,0x00,0x00,0x00,0x00,0x00,0x00,0x00,0x00,0x00,0x00,
  0x00,0x00,0x00,0x00,0x00,0x00,0x00,0x00,0x00,0x00,0x00,0x00,
  0x00,0x00,0x00,0x00,0x00,0x00,0x00,0x00,0x00,0x00,0x00,0x00,
  0x00,0x00,0x00,0x00,0x00,0x00,0x00,0x00,0x00,0x00,0x00,0x00,
  0x00,0x00,0x00,0x00,0x00,0x00,0x00,0x00,0x00,0x00,0x00,0x00,
  0x3F,0x3F,0x7F,0x04,0x00,0x00,0x00,0x00,0x3C,0x45,0x83,0x76,
  0x0C,0x17,0x72,0xFF,0x08,0x13,0x6A,0xFF,0x09,0x15,0x6E,0xFF,
  0x07,0x13,0x72,0xFF,0x15,0x1E,0x69,0xC9,0x36,0x41,0x77,0x2F,
  0x33,0x3D,0x70,0x19,0x00,0x00,0x55,0x03,0x00,0x00,0x7F,0x04,
  0x00,0x00,0x7F,0x02,0x00,0x00,0x00,0x00,0x00,0x00,0x00,0x00,
  0x00,0x00,0x00,0x00,0x00,0x00,0x00,0x00,0x00,0x00,0x00,0x00,
  0x00,0x00,0x00,0x00,0x00,0x00,0x00,0x00,0x00,0x00,0x00,0x00,
  0x00,0x00,0x00,0x00,0x00,0x00,0x00,0x00,0x00,0x00,0x00,0x00,
  0x00,0x00,0x00,0x00,0x00,0x00,0x00,0x00,0x00,0x00,0x00,0x00,
  0x00,0x00,0x00,0x00,0x00,0x00,0x00,0x00,0x00,0x00,0x00,0x00,
  0x00,0x00,0x00,0x00,0x00,0x00,0x00,0x00,0x00,0x00,0x00,0x00,
  0x00,0x00,0x00,0x00,0x00,0x00,0x00,0x00,0x00,0x00,0x00,0x00,
  0x00,0x00,0x00,0x00,0x00,0x00,0x00,0x00,0x00,0x00,0x00,0x00,
  0x00,0x00,0x00,0x00,0x00,0x00,0x00,0x00,0x00,0x00,0x00,0x00,
  0x00,0x00,0x00,0x00,0x00,0x00,0x00,0x00,0x00,0x00,0x00,0x00,
  0x00,0x00,0x00,0x00,0x00,0x00,0x00,0x00,0x00,0x00,0x00,0x00,
  0x00,0x00,0x00,0x00,0x00,0x00,0x00,0x00,0x00,0x00,0x00,0x00,
  0x00,0x00,0x00,0x00,0x00,0x00,0x00,0x00,0x00,0x00,0x00,0x00,
  0x00,0x00,0x00,0x00,0x00,0x00,0x00,0x00,0x00,0x00,0x00,0x00,
  0x00,0x00,0x00,0x00,0x00,0x00,0x00,0x00,0x00,0x00,0x00,0x00,
  0x00,0x00,0x00,0x00,0x00,0x00,0x00,0x00,0x00,0x00,0x00,0x00,
  0x00,0x00,0x00,0x00,0x00,0x00,0x00,0x00,0x00,0x00,0x00,0x00,
  0x00,0x00,0x00,0x00,0x00,0x00,0x00,0x00,0x00,0x00,0x00,0x00,
  0x00,0x00,0x00,0x00,0x00,0x00,0x00,0x00,0x00,0x00,0x00,0x00,
  0x00,0x00,0x00,0x00,0x00,0x00,0x00,0x00,0x00,0x00,0x00,0x00,
  0x00,0x00,0x00,0x00,0x00,0x00,0x00,0x00,0x00,0x00,0x00,0x00,
  0x00,0x00,0x00,0x00,0x00,0x00,0x00,0x00,0x00,0x00,0x00,0x00,
  0x00,0x00,0x00,0x00,0x00,0x00,0x00,0x00,0x00,0x00,0x00,0x00,
  0x00,0x00,0x00,0x00,0x00,0x00,0x00,0x00,0x00,0x00,0x00,0x00,
  0x00,0x00,0x00,0x00,0x00,0x00,0x00,0x00,0x00,0x00,0x00,0x00,
  0x00,0x00,0x00,0x00,0x00,0x00,0x00,0x00,0x00,0x00,0x00,0x00,
  0x00,0x00,0x00,0x00,0x00,0x00,0x00,0x00,0x00,0x00,0x00,0x00,
  0x00,0x00,0x00,0x00,0x00,0x00,0x00,0x00,0x00,0x00,0x00,0x00,
  0x00,0x00,0x00,0x00,0x00,0x00,0x00,0x00,0x00,0x00,0x00,0x00,
  0x00,0x00,0x00,0x00,0x00,0x00,0x00,0x00,0x00,0x00,0x00,0x00,
  0x00,0x00,0x00,0x00,0x00,0x00,0x00,0x00,0x00,0x00,0x00,0x00,
  0x00,0x00,0x00,0x00,0x00,0x00,0x00,0x00,0x00,0x00,0x00,0x00,
  0x00,0x00,0x00,0x00,0x00,0x00,0x00,0x00,0x00,0x00,0x00,0x00,
  0x00,0x00,0x00,0x00,0x00,0x00,0x00,0x00,0x00,0x00,0x00,0x00,
  0x00,0x00,0x00,0x00,0x00,0x00,0x00,0x00,0x00,0x00,0x00,0x00,
  0x00,0x00,0x00,0x00,0x00,0x00,0x00,0x00,0x00,0x00,0x00,0x00,
  0x00,0x00,0x00,0x00,0x00,0x00,0x00,0x00,0x00,0x00,0x00,0x00,
  0x00,0x00,0x00,0x00,0x00,0x00,0x00,0x00,0x00,0x00,0x00,0x00,
  0x00,0x00,0x00,0x00,0x00,0x00,0x00,0x00,0x00,0x00,0x00,0x00,
  0x00,0x00,0x00,0x00,0x00,0x00,0x00,0x00,0x00,0x00,0x00,0x00,
  0x00,0x00,0x00,0x00,0x00,0x00,0x00,0x00,0x00,0x00,0x00,0x00,
  0x00,0x00,0x00,0x00,0x00,0x00,0x00,0x00,0x00,0x00,0x00,0x00,
  0x00,0x00,0x00,0x00,0x00,0x00,0x00,0x00,0x00,0x00,0x00,0x00,
  0x00,0x00,0x00,0x00,0x00,0x00,0x00,0x00,0x00,0x00,0x00,0x00,
  0x00,0x00,0x00,0x00,0x00,0x00,0x00,0x00,0x00,0x00,0x00,0x00,
  0x00,0x00,0x00,0x00,0x00,0x00,0x00,0x00,0x00,0x00,0x00,0x00,
  0x00,0x00,0x00,0x00,0x00,0x00,0x00,0x00,0x00,0x00,0x00,0x00,
  0x00,0x00,0x00,0x00,0x00,0x00,0x00,0x00,0x00,0x00,0x00,0x00,
  0x00,0x00,0x00,0x00,0x00,0x00,0x00,0x00,0x00,0x00,0x00,0x00,
  0x00,0x00,0x00,0x00,0x55,0x55,0xAA,0x03,0xFF,0xFF,0xFF,0x04,
  0x47,0x54,0x99,0x76,0x19,0x32,0xA6,0xFB,0x18,0x32,0xA4,0xF8,
  0x18,0x33,0xA4,0xFB,0x1A,0x37,0xAA,0xFB,0x13,0x25,0x82,0xF9,
  0x08,0x10,0x5E,0xFC,0x1F,0x28,0x6C,0x71,0x00,0x00,0x00,0x00,
  0x00,0x00,0x00,0x00,0x00,0x00,0x00,0x00,0x00,0x00,0x00,0x00,
  0x00,0x00,0x00,0x00,0x00,0x00,0x00,0x00,0x00,0x00,0x00,0x00,
  0x00,0x00,0x00,0x00,0x00,0x00,0x00,0x00,0x00,0x00,0x00,0x00,
  0x00,0x00,0x00,0x00,0x00,0x00,0x00,0x00,0x00,0x00,0x00,0x00,
  0x00,0x00,0x00,0x00,0x00,0x00,0x00,0x00,0x00,0x00,0x00,0x00,
  0x00,0x00,0x00,0x00,0x00,0x00,0x00,0x00,0x00,0x00,0x00,0x00,
  0x00,0x00,0x00,0x00,0x00,0x00,0x00,0x00,0x00,0x00,0x00,0x00,
  0x00,0x00,0x00,0x00,0x00,0x00,0x00,0x00,0x00,0x00,0x00,0x00,
  0x00,0x00,0x00,0x00,0x00,0x00,0x00,0x00,0x00,0x00,0x00,0x00,
  0x00,0x00,0x00,0x00,0x00,0x00,0x00,0x00,0x00,0x00,0x00,0x00,
  0x00,0x00,0x00,0x00,0x00,0x00,0x00,0x00,0x00,0x00,0x00,0x00,
  0x00,0x00,0x00,0x00,0x00,0x00,0x00,0x00,0x00,0x00,0x00,0x00,
  0x00,0x00,0x00,0x00,0x00,0x00,0x00,0x00,0x00,0x00,0x00,0x00,
  0x00,0x00,0x00,0x00,0x00,0x00,0x00,0x00,0x00,0x00,0x00,0x00,
  0x00,0x00,0x00,0x00,0x00,0x00,0x00,0x00,0x00,0x00,0x00,0x00,
  0x00,0x00,0x00,0x00,0x00,0x00,0x00,0x00,0x00,0x00,0x00,0x00,
  0x00,0x00,0x00,0x00,0x00,0x00,0x00,0x00,0x00,0x00,0x00,0x00,
  0x00,0x00,0x00,0x00,0x00,0x00,0x00,0x00,0x00,0x00,0x00,0x00,
  0x00,0x00,0x00,0x00,0x00,0x00,0x00,0x00,0x00,0x00,0x00,0x00,
  0x00,0x00,0x00,0x00,0x00,0x00,0x00,0x00,0x00,0x00,0x00,0x00,
  0x00,0x00,0x00,0x00,0x00,0x00,0x00,0x00,0x00,0x00,0x00,0x00,
  0x00,0x00,0x00,0x00,0x00,0x00,0x00,0x00,0x00,0x00,0x00,0x00,
  0x00,0x00,0x00,0x00,0x00,0x00,0x00,0x00,0x00,0x00,0x00,0x00,
  0x00,0x00,0x00,0x00,0x00,0x00,0x00,0x00,0x00,0x00,0x00,0x00,
  0x00,0x00,0x00,0x00,0x00,0x00,0x00,0x00,0x00,0x00,0x00,0x00,
  0x00,0x00,0x00,0x00,0x00,0x00,0x00,0x00,0x00,0x00,0x00,0x00,
  0x00,0x00,0x00,0x00,0x00,0x00,0x00,0x00,0x00,0x00,0x00,0x00,
  0x00,0x00,0x00,0x00,0x00,0x00,0x00,0x00,0x00,0x00,0x00,0x00,
  0x00,0x00,0x00,0x00,0x00,0x00,0x00,0x00,0x00,0x00,0x00,0x00,
  0x00,0x00,0x00,0x00,0x00,0x00,0x00,0x00,0x00,0x00,0x00,0x00,
  0x00,0x00,0x00,0x00,0x00,0x00,0x00,0x00,0x00,0x00,0x00,0x00,
  0x00,0x00,0x00,0x00,0x00,0x00,0x00,0x00,0x00,0x00,0x00,0x00,
  0x00,0x00,0x00,0x00,0x00,0x00,0x00,0x00,0x00,0x00,0x00,0x00,
  0x00,0x00,0x00,0x00,0x00,0x00,0x00,0x00,0x00,0x00,0x00,0x00,
  0x00,0x00,0x00,0x00,0x00,0x00,0x00,0x00,0x00,0x00,0x00,0x00,
  0x00,0x00,0x00,0x00,0x00,0x00,0x00,0x00,0x00,0x00,0x00,0x00,
  0x00,0x00,0x00,0x00,0x00,0x00,0x00,0x00,0x00,0x00,0x00,0x00,
  0x00,0x00,0x00,0x00,0x00,0x00,0x00,0x00,0x00,0x00,0x00,0x00,
  0x00,0x00,0x00,0x00,0x00,0x00,0x00,0x00,0x00,0x00,0x00,0x00,
  0x00,0x00,0x00,0x00,0x00,0x00,0x00,0x00,0x00,0x00,0x00,0x00,
  0x00,0x00,0x00,0x00,0x00,0x00,0x00,0x00,0x00,0x00,0x00,0x00,
  0x00,0x00,0x00,0x00,0x00,0x00,0x00,0x00,0x00,0x00,0x00,0x00,
  0x00,0x00,0x00,0x00,0x00,0x00,0x00,0x00,0x00,0x00,0x00,0x00,
  0x00,0x00,0x00,0x00,0x00,0x00,0x00,0x00,0x00,0x00,0x00,0x00,
  0x00,0x00,0x00,0x00,0x00,0x00,0x00,0x00,0x00,0x00,0x00,0x00,
  0x00,0x00,0x00,0x00,0x00,0x00,0x00,0x00,0x00,0x00,0x00,0x00,
  0x00,0x00,0x00,0x00,0x00,0x00,0x00,0x00,0x00,0x00,0x00,0x00,
  0x00,0x00,0x00,0x00,0x00,0x00,0x00,0x00,0x00,0x00,0x00,0x00,
  0x00,0x00,0x00,0x00,0x00,0x00,0x00,0x00,0x00,0x00,0x00,0x00,
  0x00,0x00,0x00,0x00,0x00,0x00,0x00,0x00,0x00,0x00,0x00,0x00,
  0xFF,0xFF,0xFF,0x01,0x00,0x00,0x00,0x00,0xC3,0xD2,0xF0,0x11,
  0x23,0x2A,0x6C,0xC1,0x17,0x25,0x7A,0xEC,0x1A,0x37,0xAE,0xFE,
  0x1B,0x38,0xB1,0xFE,0x1C,0x3A,0xB1,0xFF,0x1E,0x3E,0xB8,0xFF,
  0x15,0x2C,0x96,0xFD,0x0B,0x1A,0x7A,0xFF,0x22,0x2F,0x78,0xB2,
  0x2E,0x36,0x70,0x5D,0x2E,0x38,0x79,0x6D,0x48,0x50,0x88,0x3C,
  0x00,0x00,0x7F,0x02,0x00,0x00,0x55,0x03,0x00,0x00,0x00,0x01,
  0x00,0x00,0x00,0x00,0x00,0x00,0x00,0x00,0x00,0x00,0x00,0x00,
  0x00,0x00,0x00,0x00,0x00,0x00,0x00,0x00,0x00,0x00,0x00,0x00,
  0x00,0x00,0x00,0x00,0x00,0x00,0x00,0x00,0x00,0x00,0x00,0x00,
  0x00,0x00,0x00,0x00,0x00,0x00,0x00,0x00,0x00,0x00,0x00,0x00,
  0x00,0x00,0x00,0x00,0x00,0x00,0x00,0x00,0x00,0x00,0x00,0x00,
  0x00,0x00,0x00,0x00,0x00,0x00,0x00,0x00,0x00,0x00,0x00,0x00,
  0x00,0x00,0x00,0x00,0x00,0x00,0x00,0x00,0x00,0x00,0x00,0x00,
  0x00,0x00,0x00,0x00,0x00,0x00,0x00,0x00,0x00,0x00,0x00,0x00,
  0x00,0x00,0x00,0x00,0x00,0x00,0x00,0x00,0x00,0x00,0x00,0x00,
  0x00,0x00,0x00,0x00,0x00,0x00,0x00,0x00,0x00,0x00,0x00,0x00,
  0x00,0x00,0x00,0x00,0x00,0x00,0x00,0x00,0x00,0x00,0x00,0x00,
  0x00,0x00,0x00,0x00,0x00,0x00,0x00,0x00,0x00,0x00,0x00,0x00,
  0x00,0x00,0x00,0x00,0x00,0x00,0x00,0x00,0x00,0x00,0x00,0x00,
  0x00,0x00,0x00,0x00,0x00,0x00,0x00,0x00,0x00,0x00,0x00,0x00,
  0x00,0x00,0x00,0x00,0x00,0x00,0x00,0x00,0x00,0x00,0x00,0x00,
  0x00,0x00,0x00,0x00,0x00,0x00,0x00,0x00,0x00,0x00,0x00,0x00,
  0x00,0x00,0x00,0x00,0x00,0x00,0x00,0x00,0x00,0x00,0x00,0x00,
  0x00,0x00,0x00,0x00,0x00,0x00,0x00,0x00,0x00,0x00,0x00,0x00,
  0x00,0x00,0x00,0x00,0x00,0x00,0x00,0x00,0x00,0x00,0x00,0x00,
  0x00,0x00,0x00,0x00,0x00,0x00,0x00,0x00,0x00,0x00,0x00,0x00,
  0x00,0x00,0x00,0x00,0x00,0x00,0x00,0x00,0x00,0x00,0x00,0x00,
  0x00,0x00,0x00,0x00,0x00,0x00,0x00,0x00,0x00,0x00,0x00,0x00,
  0x00,0x00,0x00,0x00,0x00,0x00,0x00,0x00,0x00,0x00,0x00,0x00,
  0x00,0x00,0x00,0x00,0x00,0x00,0x00,0x00,0x00,0x00,0x00,0x00,
  0x00,0x00,0x00,0x00,0x00,0x00,0x00,0x00,0x00,0x00,0x00,0x00,
  0x00,0x00,0x00,0x00,0x00,0x00,0x00,0x00,0x00,0x00,0x00,0x00,
  0x00,0x00,0x00,0x00,0x00,0x00,0x00,0x00,0x00,0x00,0x00,0x00,
  0x00,0x00,0x00,0x00,0x00,0x00,0x00,0x00,0x00,0x00,0x00,0x00,
  0x00,0x00,0x00,0x00,0x00,0x00,0x00,0x00,0x00,0x00,0x00,0x00,
  0x00,0x00,0x00,0x00,0x00,0x00,0x00,0x00,0x00,0x00,0x00,0x00,
  0x00,0x00,0x00,0x00,0x00,0x00,0x00,0x00,0x00,0x00,0x00,0x00,
  0x00,0x00,0x00,0x00,0x00,0x00,0x00,0x00,0x00,0x00,0x00,0x00,
  0x00,0x00,0x00,0x00,0x00,0x00,0x00,0x00,0x00,0x00,0x00,0x00,
  0x00,0x00,0x00,0x00,0x00,0x00,0x00,0x00,0x00,0x00,0x00,0x00,
  0x00,0x00,0x00,0x00,0x00,0x00,0x00,0x00,0x00,0x00,0x00,0x00,
  0x00,0x00,0x00,0x00,0x00,0x00,0x00,0x00,0x00,0x00,0x00,0x00,
  0x00,0x00,0x00,0x00,0x00,0x00,0x00,0x00,0x00,0x00,0x00,0x00,
  0x00,0x00,0x00,0x00,0x00,0x00,0x00,0x00,0x00,0x00,0x00,0x00,
  0x00,0x00,0x00,0x00,0x00,0x00,0x00,0x00,0x00,0x00,0x00,0x00,
  0x00,0x00,0x00,0x00,0x00,0x00,0x00,0x00,0x00,0x00,0x00,0x00,
  0x00,0x00,0x00,0x00,0x00,0x00,0x00,0x00,0x00,0x00,0x00,0x00,
  0x00,0x00,0x00,0x00,0x00,0x00,0x00,0x00,0x00,0x00,0x00,0x00,
  0x00,0x00,0x00,0x00,0x00,0x00,0x00,0x00,0x00,0x00,0x00,0x00,
  0x00,0x00,0x00,0x00,0x00,0x00,0x00,0x00,0x00,0x00,0x00,0x00,
  0x00,0x00,0x00,0x00,0x00,0x00,0x00,0x00,0x00,0x00,0x00,0x00,
  0x00,0x00,0x00,0x00,0x00,0x00,0x00,0x00,0x00,0x00,0x00,0x00,
  0x00,0x00,0x00,0x00,0x00,0x00,0x00,0x00,0x00,0x00,0x00,0x00,
  0x00,0x00,0x00,0x00,0x00,0x00,0x00,0x00,0x00,0x00,0x00,0x00,
  0x00,0x00,0x00,0x00,0xFF,0xFF,0xFF,0x01,0x00,0x00,0x00,0x00,
  0xAD,0xB7,0xD6,0x19,0x10,0x19,0x65,0xF6,0x07,0x16,0x74,0xFF,
  0x18,0x35,0xAA,0xFE,0x19,0x35,0xAB,0xFF,0x19,0x36,0xAC,0xFF,
  0x19,0x36,0xAD,0xFF,0x19,0x37,0xAF,0xFF,0x1D,0x3D,0xB9,0xFE,
  0x11,0x24,0x81,0xFF,0x08,0x10,0x5C,0xFF,0x0B,0x16,0x6C,0xFF,
  0x22,0x2B,0x6C,0x86,0x01,0x00,0x00,0x00,0x01,0x00,0x00,0x00,
  0x00,0x00,0x00,0x00,0x00,0x00,0x00,0x01,0x00,0x00,0xFF,0x01,
  0x00,0x00,0x00,0x01,0x00,0x00,0x00,0x00,0x00,0x00,0x00,0x00,
  0x00,0x00,0x00,0x00,0x00,0x00,0x00,0x00,0x00,0x00,0x00,0x00,
  0x00,0x00,0x00,0x00,0x00,0x00,0x00,0x00,0x00,0x00,0x00,0x00,
  0x00,0x00,0x00,0x00,0x00,0x00,0x00,0x00,0x00,0x00,0x00,0x00,
  0x00,0x00,0x00,0x00,0x00,0x00,0x00,0x00,0x00,0x00,0x00,0x00,
  0x00,0x00,0x00,0x00,0x00,0x00,0x00,0x00,0x00,0x00,0x00,0x00,
  0x00,0x00,0x00,0x00,0x00,0x00,0x00,0x00,0x00,0x00,0x00,0x00,
  0x00,0x00,0x00,0x00,0x00,0x00,0x00,0x00,0x00,0x00,0x00,0x00,
  0x00,0x00,0x00,0x00,0x00,0x00,0x00,0x00,0x00,0x00,0x00,0x00,
  0x00,0x00,0x00,0x00,0x00,0x00,0x00,0x00,0x00,0x00,0x00,0x00,
  0x00,0x00,0x00,0x00,0x00,0x00,0x00,0x00,0x00,0x00,0x00,0x00,
  0x00,0x00,0x00,0x00,0x00,0x00,0x00,0x00,0x00,0x00,0x00,0x00,
  0x00,0x00,0x00,0x00,0x00,0x00,0x00,0x00,0x00,0x00,0x00,0x00,
  0x00,0x00,0x00,0x00,0x00,0x00,0x00,0x00,0x00,0x00,0x00,0x00,
  0x00,0x00,0x00,0x00,0x00,0x00,0x00,0x00,0x00,0x00,0x00,0x00,
  0x00,0x00,0x00,0x00,0x00,0x00,0x00,0x00,0x00,0x00,0x00,0x00,
  0x00,0x00,0x00,0x00,0x00,0x00,0x00,0x00,0x00,0x00,0x00,0x00,
  0x00,0x00,0x00,0x00,0x00,0x00,0x00,0x00,0x00,0x00,0x00,0x00,
  0x00,0x00,0x00,0x00,0x00,0x00,0x00,0x00,0x00,0x00,0x00,0x00,
  0x00,0x00,0x00,0x00,0x00,0x00,0x00,0x00,0x00,0x00,0x00,0x00,
  0x00,0x00,0x00,0x00,0x00,0x00,0x00,0x00,0x00,0x00,0x00,0x00,
  0x00,0x00,0x00,0x00,0x00,0x00,0x00,0x00,0x00,0x00,0x00,0x00,
  0x00,0x00,0x00,0x00,0x00,0x00,0x00,0x00,0x00,0x00,0x00,0x00,
  0x00,0x00,0x00,0x00,0x00,0x00,0x00,0x00,0x00,0x00,0x00,0x00,
  0x00,0x00,0x00,0x00,0x00,0x00,0x00,0x00,0x00,0x00,0x00,0x00,
  0x00,0x00,0x00,0x00,0x00,0x00,0x00,0x00,0x00,0x00,0x00,0x00,
  0x00,0x00,0x00,0x00,0x00,0x00,0x00,0x00,0x00,0x00,0x00,0x00,
  0x00,0x00,0x00,0x00,0x00,0x00,0x00,0x00,0x00,0x00,0x00,0x00,
  0x00,0x00,0x00,0x00,0x00,0x00,0x00,0x00,0x00,0x00,0x00,0x00,
  0x00,0x00,0x00,0x00,0x00,0x00,0x00,0x00,0x00,0x00,0x00,0x00,
  0x00,0x00,0x00,0x00,0x00,0x00,0x00,0x00,0x00,0x00,0x00,0x00,
  0x00,0x00,0x00,0x00,0x00,0x00,0x00,0x00,0x00,0x00,0x00,0x00,
  0x00,0x00,0x00,0x00,0x00,0x00,0x00,0x00,0x00,0x00,0x00,0x00,
  0x00,0x00,0x00,0x00,0x00,0x00,0x00,0x00,0x00,0x00,0x00,0x00,
  0x00,0x00,0x00,0x00,0x00,0x00,0x00,0x00,0x00,0x00,0x00,0x00,
  0x00,0x00,0x00,0x00,0x00,0x00,0x00,0x00,0x00,0x00,0x00,0x00,
  0x00,0x00,0x00,0x00,0x00,0x00,0x00,0x00,0x00,0x00,0x00,0x00,
  0x00,0x00,0x00,0x00,0x00,0x00,0x00,0x00,0x00,0x00,0x00,0x00,
  0x00,0x00,0x00,0x00,0x00,0x00,0x00,0x00,0x00,0x00,0x00,0x00,
  0x00,0x00,0x00,0x00,0x00,0x00,0x00,0x00,0x00,0x00,0x00,0x00,
  0x00,0x00,0x00,0x00,0x00,0x00,0x00,0x00,0x00,0x00,0x00,0x00,
  0x00,0x00,0x00,0x00,0x00,0x00,0x00,0x00,0x00,0x00,0x00,0x00,
  0x00,0x00,0x00,0x00,0x00,0x00,0x00,0x00,0x00,0x00,0x00,0x00,
  0x00,0x00,0x00,0x00,0x00,0x00,0x00,0x00,0x00,0x00,0x00,0x00,
  0x00,0x00,0x00,0x00,0x00,0x00,0x00,0x00,0x00,0x00,0x00,0x00,
  0x00,0x00,0x00,0x00,0x00,0x00,0x00,0x00,0x00,0x00,0x00,0x00,
  0x00,0x00,0x00,0x00,0x00,0x00,0x00,0x00,0x00,0x00,0x00,0x00,
  0x00,0x00,0x00,0x00,0x00,0x00,0x00,0x00,0xFF,0xFF,0xFF,0x01,
  0x00,0x00,0x00,0x00,0x91,0x9D,0xCE,0x15,0x11,0x1B,0x68,0xEA,
  0x0B,0x1A,0x75,0xFE,0x19,0x35,0xA9,0xFE,0x19,0x35,0xA9,0xFF,
  0x1A,0x36,0xAA,0xFF,0x1A,0x36,0xAC,0xFF,0x17,0x35,0xAC,0xFF,
  0x1A,0x38,0xAF,0xFF,0x17,0x33,0xA2,0xFE,0x16,0x2D,0x97,0xFB,
  0x17,0x2F,0x9E,0xFC,0x14,0x22,0x75,0xD1,0x0C,0x14,0x5F,0xA1,
  0x15,0x1F,0x69,0xB1,0x1C,0x26,0x65,0x35,0x00,0x00,0x00,0x00,
  0x00,0x00,0x00,0x00,0x00,0x00,0x00,0x00,0x00,0x00,0x00,0x00,
  0x00,0x00,0x00,0x00,0x00,0x00,0x00,0x00,0x00,0x00,0x00,0x00,
  0x00,0x00,0x00,0x00,0x00,0x00,0x00,0x00,0x00,0x00,0x00,0x00,
  0x00,0x00,0x00,0x00,0x00,0x00,0x00,0x00,0x00,0x00,0x00,0x00,
  0x00,0x00,0x00,0x00,0x00,0x00,0x00,0x00,0x00,0x00,0x00,0x00,
  0x00,0x00,0x00,0x00,0x00,0x00,0x00,0x00,0x00,0x00,0x00,0x00,
  0x00,0x00,0x00,0x00,0x00,0x00,0x00,0x00,0x00,0x00,0x00,0x00,
  0x00,0x00,0x00,0x00,0x00,0x00,0x00,0x00,0x00,0x00,0x00,0x00,
  0x00,0x00,0x00,0x00,0x00,0x00,0x00,0x00,0x00,0x00,0x00,0x00,
  0x00,0x00,0x00,0x00,0x00,0x00,0x00,0x00,0x00,0x00,0x00,0x00,
  0x00,0x00,0x00,0x00,0x00,0x00,0x00,0x00,0x00,0x00,0x00,0x00,
  0x00,0x00,0x00,0x00,0x00,0x00,0x00,0x00,0x00,0x00,0x00,0x00,
  0x00,0x00,0x00,0x00,0x00,0x00,0x00,0x00,0x00,0x00,0x00,0x00,
  0x00,0x00,0x00,0x00,0x00,0x00,0x00,0x00,0x00,0x00,0x00,0x00,
  0x00,0x00,0x00,0x00,0x00,0x00,0x00,0x00,0x00,0x00,0x00,0x00,
  0x00,0x00,0x00,0x00,0x00,0x00,0x00,0x00,0x00,0x00,0x00,0x00,
  0x00,0x00,0x00,0x00,0x00,0x00,0x00,0x00,0x00,0x00,0x00,0x00,
  0x00,0x00,0x00,0x00,0x00,0x00,0x00,0x00,0x00,0x00,0x00,0x00,
  0x00,0x00,0x00,0x00,0x00,0x00,0x00,0x00,0x00,0x00,0x00,0x00,
  0x00,0x00,0x00,0x00,0x00,0x00,0x00,0x00,0x00,0x00,0x00,0x00,
  0x00,0x00,0x00,0x00,0x00,0x00,0x00,0x00,0x00,0x00,0x00,0x00,
  0x00,0x00,0x00,0x00,0x00,0x00,0x00,0x00,0x00,0x00,0x00,0x00,
  0x00,0x00,0x00,0x00,0x00,0x00,0x00,0x00,0x00,0x00,0x00,0x00,
  0x00,0x00,0x00,0x00,0x00,0x00,0x00,0x00,0x00,0x00,0x00,0x00,
  0x00,0x00,0x00,0x00,0x00,0x00,0x00,0x00,0x00,0x00,0x00,0x00,
  0x00,0x00,0x00,0x00,0x00,0x00,0x00,0x00,0x00,0x00,0x00,0x00,
  0x00,0x00,0x00,0x00,0x00,0x00,0x00,0x00,0x00,0x00,0x00,0x00,
  0x00,0x00,0x00,0x00,0x00,0x00,0x00,0x00,0x00,0x00,0x00,0x00,
  0x00,0x00,0x00,0x00,0x00,0x00,0x00,0x00,0x00,0x00,0x00,0x00,
  0x00,0x00,0x00,0x00,0x00,0x00,0x00,0x00,0x00,0x00,0x00,0x00,
  0x00,0x00,0x00,0x00,0x00,0x00,0x00,0x00,0x00,0x00,0x00,0x00,
  0x00,0x00,0x00,0x00,0x00,0x00,0x00,0x00,0x00,0x00,0x00,0x00,
  0x00,0x00,0x00,0x00,0x00,0x00,0x00,0x00,0x00,0x00,0x00,0x00,
  0x00,0x00,0x00,0x00,0x00,0x00,0x00,0x00,0x00,0x00,0x00,0x00,
  0x00,0x00,0x00,0x00,0x00,0x00,0x00,0x00,0x00,0x00,0x00,0x00,
  0x00,0x00,0x00,0x00,0x00,0x00,0x00,0x00,0x00,0x00,0x00,0x00,
  0x00,0x00,0x00,0x00,0x00,0x00,0x00,0x00,0x00,0x00,0x00,0x00,
  0x00,0x00,0x00,0x00,0x00,0x00,0x00,0x00,0x00,0x00,0x00,0x00,
  0x00,0x00,0x00,0x00,0x00,0x00,0x00,0x00,0x00,0x00,0x00,0x00,
  0x00,0x00,0x00,0x00,0x00,0x00,0x00,0x00,0x00,0x00,0x00,0x00,
  0x00,0x00,0x00,0x00,0x00,0x00,0x00,0x00,0x00,0x00,0x00,0x00,
  0x00,0x00,0x00,0x00,0x00,0x00,0x00,0x00,0x00,0x00,0x00,0x00,
  0x00,0x00,0x00,0x00,0x00,0x00,0x00,0x00,0x00,0x00,0x00,0x00,
  0x00,0x00,0x00,0x00,0x00,0x00,0x00,0x00,0x00,0x00,0x00,0x00,
  0x00,0x00,0x00,0x00,0x00,0x00,0x00,0x00,0x00,0x00,0x00,0x00,
  0x00,0x00,0x00,0x00,0x00,0x00,0x00,0x00,0x00,0x00,0x00,0x00,
  0x00,0x00,0x00,0x00,0x00,0x00,0x00,0x00,0x00,0x00,0x00,0x00,
  0x00,0x00,0x00,0x00,0x00,0x00,0x00,0x00,0x00,0x00,0x00,0x00,
  0x00,0x00,0xFF,0x01,0x02,0x02,0x01,0x00,0xBF,0xCC,0xCC,0x14,
  0x0F,0x17,0x63,0xEC,0x0A,0x19,0x75,0xFF,0x1A,0x37,0xAA,0xFE,
  0x17,0x2F,0xA5,0xFF,0x2F,0x81,0xD5,0xFF,0x3B,0xB0,0xEE,0xFF,
  0x3A,0xAE,0xED,0xFF,0x2E,0x84,0xD7,0xFF,0x14,0x29,0xA8,0xFF,
  0x16,0x2E,0xAC,0xFF,0x18,0x34,0xB2,0xFF,0x0F,0x20,0x83,0xFF,
  0x08,0x13,0x6C,0xFF,0x0A,0x18,0x74,0xFF,0x17,0x21,0x68,0x62,
  0x44,0x44,0x77,0x0F,0x39,0x45,0x73,0x16,0x55,0x6A,0x94,0x0C,
  0x00,0x7F,0x7F,0x02,0x00,0x00,0xFF,0x01,0x00,0x00,0xFF,0x01,
  0x00,0x00,0x00,0x00,0x00,0x00,0x00,0x00,0x00,0x00,0x00,0x00,
  0x00,0x00,0x00,0x00,0x00,0x00,0x00,0x00,0x00,0x00,0x00,0x00,
  0x00,0x00,0x00,0x00,0x00,0x00,0x00,0x00,0x00,0x00,0x00,0x00,
  0x00,0x00,0x00,0x00,0x00,0x00,0x00,0x00,0x00,0x00,0x00,0x00,
  0x00,0x00,0x00,0x00,0x00,0x00,0x00,0x00,0x00,0x00,0x00,0x00,
  0x00,0x00,0x00,0x00,0x00,0x00,0x00,0x00,0x00,0x00,0x00,0x00,
  0x00,0x00,0x00,0x00,0x00,0x00,0x00,0x00,0x00,0x00,0x00,0x00,
  0x00,0x00,0x00,0x00,0x00,0x00,0x00,0x00,0x00,0x00,0x00,0x00,
  0x00,0x00,0x00,0x00,0x00,0x00,0x00,0x00,0x00,0x00,0x00,0x00,
  0x00,0x00,0x00,0x00,0x00,0x00,0x00,0x00,0x00,0x00,0x00,0x00,
  0x00,0x00,0x00,0x00,0x00,0x00,0x00,0x00,0x00,0x00,0x00,0x00,
  0x00,0x00,0x00,0x00,0x00,0x00,0x00,0x00,0x00,0x00,0x00,0x00,
  0x00,0x00,0x00,0x00,0x00,0x00,0x00,0x00,0x00,0x00,0x00,0x00,
  0x00,0x00,0x00,0x00,0x00,0x00,0x00,0x00,0x00,0x00,0x00,0x00,
  0x00,0x00,0x00,0x00,0x00,0x00,0x00,0x00,0x00,0x00,0x00,0x00,
  0x00,0x00,0x00,0x00,0x00,0x00,0x00,0x00,0x00,0x00,0x00,0x00,
  0x00,0x00,0x00,0x00,0x00,0x00,0x00,0x00,0x00,0x00,0x00,0x00,
  0x00,0x00,0x00,0x00,0x00,0x00,0x00,0x00,0x00,0x00,0x00,0x00,
  0x00,0x00,0x00,0x00,0x00,0x00,0x00,0x00,0x00,0x00,0x00,0x00,
  0x00,0x00,0x00,0x00,0x00,0x00,0x00,0x00,0x00,0x00,0x00,0x00,
  0x00,0x00,0x00,0x00,0x00,0x00,0x00,0x00,0x00,0x00,0x00,0x00,
  0x00,0x00,0x00,0x00,0x00,0x00,0x00,0x00,0x00,0x00,0x00,0x00,
  0x00,0x00,0x00,0x00,0x00,0x00,0x00,0x00,0x00,0x00,0x00,0x00,
  0x00,0x00,0x00,0x00,0x00,0x00,0x00,0x00,0x00,0x00,0x00,0x00,
  0x00,0x00,0x00,0x00,0x00,0x00,0x00,0x00,0x00,0x00,0x00,0x00,
  0x00,0x00,0x00,0x00,0x00,0x00,0x00,0x00,0x00,0x00,0x00,0x00,
  0x00,0x00,0x00,0x00,0x00,0x00,0x00,0x00,0x00,0x00,0x00,0x00,
  0x00,0x00,0x00,0x00,0x00,0x00,0x00,0x00,0x00,0x00,0x00,0x00,
  0x00,0x00,0x00,0x00,0x00,0x00,0x00,0x00,0x00,0x00,0x00,0x00,
  0x00,0x00,0x00,0x00,0x00,0x00,0x00,0x00,0x00,0x00,0x00,0x00,
  0x00,0x00,0x00,0x00,0x00,0x00,0x00,0x00,0x00,0x00,0x00,0x00,
  0x00,0x00,0x00,0x00,0x00,0x00,0x00,0x00,0x00,0x00,0x00,0x00,
  0x00,0x00,0x00,0x00,0x00,0x00,0x00,0x00,0x00,0x00,0x00,0x00,
  0x00,0x00,0x00,0x00,0x00,0x00,0x00,0x00,0x00,0x00,0x00,0x00,
  0x00,0x00,0x00,0x00,0x00,0x00,0x00,0x00,0x00,0x00,0x00,0x00,
  0x00,0x00,0x00,0x00,0x00,0x00,0x00,0x00,0x00,0x00,0x00,0x00,
  0x00,0x00,0x00,0x00,0x00,0x00,0x00,0x00,0x00,0x00,0x00,0x00,
  0x00,0x00,0x00,0x00,0x00,0x00,0x00,0x00,0x00,0x00,0x00,0x00,
  0x00,0x00,0x00,0x00,0x00,0x00,0x00,0x00,0x00,0x00,0x00,0x00,
  0x00,0x00,0x00,0x00,0x00,0x00,0x00,0x00,0x00,0x00,0x00,0x00,
  0x00,0x00,0x00,0x00,0x00,0x00,0x00,0x00,0x00,0x00,0x00,0x00,
  0x00,0x00,0x00,0x00,0x00,0x00,0x00,0x00,0x00,0x00,0x00,0x00,
  0x00,0x00,0x00,0x00,0x00,0x00,0x00,0x00,0x00,0x00,0x00,0x00,
  0x00,0x00,0x00,0x00,0x00,0x00,0x00,0x00,0x00,0x00,0x00,0x00,
  0x00,0x00,0x00,0x00,0x00,0x00,0x00,0x00,0x00,0x00,0x00,0x00,
  0x00,0x00,0x00,0x00,0x00,0x00,0x00,0x00,0x00,0x00,0x00,0x01,
  0x00,0x00,0x00,0x00,0xFF,0xFF,0xFF,0x02,0x26,0x2B,0x6A,0x99,
  0x1D,0x2B,0x77,0xCD,0x18,0x2E,0x96,0xFA,0x16,0x2D,0x9A,0xFF,
  0x1A,0x37,0xAA,0xFF,0x17,0x2D,0xA6,0xFF,0x34,0x97,0xE4,0xFF,
  0x43,0xD6,0xFF,0xFF,0x40,0xD0,0xFF,0xFF,0x3C,0xB1,0xF0,0xFF,
  0x2F,0x6E,0xC7,0xFF,0x35,0x7B,0xCB,0xFF,0x28,0x5D,0xBE,0xFF,
  0x15,0x30,0xA9,0xFD,0x18,0x35,0xAB,0xFB,0x1A,0x38,0xB0,0xFC,
  0x12,0x21,0x79,0xEC,0x0D,0x15,0x5F,0xDE,0x0F,0x1A,0x69,0xE6,
  0x1B,0x24,0x68,0x92,0x00,0x00,0x00,0x00,0x00,0x00,0x00,0x00,
  0x00,0x00,0x00,0x00,0x00,0x00,0x00,0x00,0x00,0x00,0x00,0x00,
  0x00,0x00,0x00,0x00,0x00,0x00,0x00,0x00,0x00,0x00,0x00,0x00,
  0x00,0x00,0x00,0x00,0x00,0x00,0x00,0x00,0x00,0x00,0x00,0x00,
  0x00,0x00,0x00,0x00,0x00,0x00,0x00,0x00,0x00,0x00,0x00,0x00,
  0x00,0x00,0x00,0x00,0x00,0x00,0x00,0x00,0x00,0x00,0x00,0x00,
  0x00,0x00,0x00,0x00,0x00,0x00,0x00,0x00,0x00,0x00,0x00,0x00,
  0x00,0x00,0x00,0x00,0x00,0x00,0x00,0x00,0x00,0x00,0x00,0x00,
  0x00,0x00,0x00,0x00,0x00,0x00,0x00,0x00,0x00,0x00,0x00,0x00,
  0x00,0x00,0x00,0x00,0x00,0x00,0x00,0x00,0x00,0x00,0x00,0x00,
  0x00,0x00,0x00,0x00,0x00,0x00,0x00,0x00,0x00,0x00,0x00,0x00,
  0x00,0x00,0x00,0x00,0x00,0x00,0x00,0x00,0x00,0x00,0x00,0x00,
  0x00,0x00,0x00,0x00,0x00,0x00,0x00,0x00,0x00,0x00,0x00,0x00,
  0x00,0x00,0x00,0x00,0x00,0x00,0x00,0x00,0x00,0x00,0x00,0x00,
  0x00,0x00,0x00,0x00,0x00,0x00,0x00,0x00,0x00,0x00,0x00,0x00,
  0x00,0x00,0x00,0x00,0x00,0x00,0x00,0x00,0x00,0x00,0x00,0x00,
  0x00,0x00,0x00,0x00,0x00,0x00,0x00,0x00,0x00,0x00,0x00,0x00,
  0x00,0x00,0x00,0x00,0x00,0x00,0x00,0x00,0x00,0x00,0x00,0x00,
  0x00,0x00,0x00,0x00,0x00,0x00,0x00,0x00,0x00,0x00,0x00,0x00,
  0x00,0x00,0x00,0x00,0x00,0x00,0x00,0x00,0x00,0x00,0x00,0x00,
  0x00,0x00,0x00,0x00,0x00,0x00,0x00,0x00,0x00,0x00,0x00,0x00,
  0x00,0x00,0x00,0x00,0x00,0x00,0x00,0x00,0x00,0x00,0x00,0x00,
  0x00,0x00,0x00,0x00,0x00,0x00,0x00,0x00,0x00,0x00,0x00,0x00,
  0x00,0x00,0x00,0x00,0x00,0x00,0x00,0x00,0x00,0x00,0x00,0x00,
  0x00,0x00,0x00,0x00,0x00,0x00,0x00,0x00,0x00,0x00,0x00,0x00,
  0x00,0x00,0x00,0x00,0x00,0x00,0x00,0x00,0x00,0x00,0x00,0x00,
  0x00,0x00,0x00,0x00,0x00,0x00,0x00,0x00,0x00,0x00,0x00,0x00,
  0x00,0x00,0x00,0x00,0x00,0x00,0x00,0x00,0x00,0x00,0x00,0x00,
  0x00,0x00,0x00,0x00,0x00,0x00,0x00,0x00,0x00,0x00,0x00,0x00,
  0x00,0x00,0x00,0x00,0x00,0x00,0x00,0x00,0x00,0x00,0x00,0x00,
  0x00,0x00,0x00,0x00,0x00,0x00,0x00,0x00,0x00,0x00,0x00,0x00,
  0x00,0x00,0x00,0x00,0x00,0x00,0x00,0x00,0x00,0x00,0x00,0x00,
  0x00,0x00,0x00,0x00,0x00,0x00,0x00,0x00,0x00,0x00,0x00,0x00,
  0x00,0x00,0x00,0x00,0x00,0x00,0x00,0x00,0x00,0x00,0x00,0x00,
  0x00,0x00,0x00,0x00,0x00,0x00,0x00,0x00,0x00,0x00,0x00,0x00,
  0x00,0x00,0x00,0x00,0x00,0x00,0x00,0x00,0x00,0x00,0x00,0x00,
  0x00,0x00,0x00,0x00,0x00,0x00,0x00,0x00,0x00,0x00,0x00,0x00,
  0x00,0x00,0x00,0x00,0x00,0x00,0x00,0x00,0x00,0x00,0x00,0x00,
  0x00,0x00,0x00,0x00,0x00,0x00,0x00,0x00,0x00,0x00,0x00,0x00,
  0x00,0x00,0x00,0x00,0x00,0x00,0x00,0x00,0x00,0x00,0x00,0x00,
  0x00,0x00,0x00,0x00,0x00,0x00,0x00,0x00,0x00,0x00,0x00,0x00,
  0x00,0x00,0x00,0x00,0x00,0x00,0x00,0x00,0x00,0x00,0x00,0x00,
  0x00,0x00,0x00,0x00,0x00,0x00,0x00,0x00,0x00,0x00,0x00,0x00,
  0x00,0x00,0x00,0x00,0x00,0x00,0x00,0x00,0x00,0x00,0x00,0x00,
  0x00,0x00,0x00,0x00,0x00,0x00,0x00,0x00,0x00,0x00,0x00,0x00,
  0x00,0x00,0x00,0x00,0x00,0x00,0x00,0x00,0x00,0x00,0x00,0x00,
  0x00,0x00,0x00,0x00,0x00,0x00,0x00,0x00,0x00,0x00,0x00,0x00,
  0x00,0x00,0x00,0x01,0x00,0x00,0x00,0x00,0xFF,0xFF,0xFF,0x03,
  0x15,0x1D,0x66,0xD7,0x0C,0x1A,0x7C,0xFF,0x1B,0x38,0xB0,0xFE,
  0x1A,0x37,0xAE,0xFF,0x18,0x35,0xA9,0xFF,0x13,0x29,0xA1,0xFF,
  0x33,0x91,0xDF,0xFF,0x41,0xD0,0xFE,0xFF,0x3D,0xC2,0xFC,0xFF,
  0x40,0xC9,0xFF,0xFF,0x49,0xD2,0xFF,0xFF,0x69,0xF2,0xFF,0xFF,
  0x4F,0xA9,0xDD,0xFE,0x16,0x31,0xAB,0xFF,0x1C,0x3E,0xB4,0xFF,
  0x1B,0x3D,0xB8,0xFF,0x12,0x27,0x8C,0xFF,0x0D,0x1A,0x73,0xFF,
  0x0D,0x1D,0x7F,0xFF,0x1D,0x2A,0x79,0xB6,0x7F,0x7F,0x9A,0x1C,
  0x55,0x5F,0x94,0x18,0x7F,0x8B,0xAD,0x16,0x5F,0x7F,0x9F,0x08,
  0x00,0x00,0x55,0x03,0x00,0x00,0x00,0x01,0x00,0x00,0x00,0x00,
  0x00,0x00,0x00,0x00,0x00,0x00,0x00,0x00,0x00,0x00,0x00,0x00,
  0x00,0x00,0x00,0x00,0x00,0x00,0x00,0x00,0x00,0x00,0x00,0x00,
  0x00,0x00,0x00,0x00,0x00,0x00,0x00,0x00,0x00,0x00,0x00,0x00,
  0x00,0x00,0x00,0x00,0x00,0x00,0x00,0x00,0x00,0x00,0x00,0x00,
  0x00,0x00,0x00,0x00,0x00,0x00,0x00,0x00,0x00,0x00,0x00,0x00,
  0x00,0x00,0x00,0x00,0x00,0x00,0x00,0x00,0x00,0x00,0x00,0x00,
  0x00,0x00,0x00,0x00,0x00,0x00,0x00,0x00,0x00,0x00,0x00,0x00,
  0x00,0x00,0x00,0x00,0x00,0x00,0x00,0x00,0x00,0x00,0x00,0x00,
  0x00,0x00,0x00,0x00,0x00,0x00,0x00,0x00,0x00,0x00,0x00,0x00,
  0x00,0x00,0x00,0x00,0x00,0x00,0x00,0x00,0x00,0x00,0x00,0x00,
  0x00,0x00,0x00,0x00,0x00,0x00,0x00,0x00,0x00,0x00,0x00,0x00,
  0x00,0x00,0x00,0x00,0x00,0x00,0x00,0x00,0x00,0x00,0x00,0x00,
  0x00,0x00,0x00,0x00,0x00,0x00,0x00,0x00,0x00,0x00,0x00,0x00,
  0x00,0x00,0x00,0x00,0x00,0x00,0x00,0x00,0x00,0x00,0x00,0x00,
  0x00,0x00,0x00,0x00,0x00,0x00,0x00,0x00,0x00,0x00,0x00,0x00,
  0x00,0x00,0x00,0x00,0x00,0x00,0x00,0x00,0x00,0x00,0x00,0x00,
  0x00,0x00,0x00,0x00,0x00,0x00,0x00,0x00,0x00,0x00,0x00,0x00,
  0x00,0x00,0x00,0x00,0x00,0x00,0x00,0x00,0x00,0x00,0x00,0x00,
  0x00,0x00,0x00,0x00,0x00,0x00,0x00,0x00,0x00,0x00,0x00,0x00,
  0x00,0x00,0x00,0x00,0x00,0x00,0x00,0x00,0x00,0x00,0x00,0x00,
  0x00,0x00,0x00,0x00,0x00,0x00,0x00,0x00,0x00,0x00,0x00,0x00,
  0x00,0x00,0x00,0x00,0x00,0x00,0x00,0x00,0x00,0x00,0x00,0x00,
  0x00,0x00,0x00,0x00,0x00,0x00,0x00,0x00,0x00,0x00,0x00,0x00,
  0x00,0x00,0x00,0x00,0x00,0x00,0x00,0x00,0x00,0x00,0x00,0x00,
  0x00,0x00,0x00,0x00,0x00,0x00,0x00,0x00,0x00,0x00,0x00,0x00,
  0x00,0x00,0x00,0x00,0x00,0x00,0x00,0x00,0x00,0x00,0x00,0x00,
  0x00,0x00,0x00,0x00,0x00,0x00,0x00,0x00,0x00,0x00,0x00,0x00,
  0x00,0x00,0x00,0x00,0x00,0x00,0x00,0x00,0x00,0x00,0x00,0x00,
  0x00,0x00,0x00,0x00,0x00,0x00,0x00,0x00,0x00,0x00,0x00,0x00,
  0x00,0x00,0x00,0x00,0x00,0x00,0x00,0x00,0x00,0x00,0x00,0x00,
  0x00,0x00,0x00,0x00,0x00,0x00,0x00,0x00,0x00,0x00,0x00,0x00,
  0x00,0x00,0x00,0x00,0x00,0x00,0x00,0x00,0x00,0x00,0x00,0x00,
  0x00,0x00,0x00,0x00,0x00,0x00,0x00,0x00,0x00,0x00,0x00,0x00,
  0x00,0x00,0x00,0x00,0x00,0x00,0x00,0x00,0x00,0x00,0x00,0x00,
  0x00,0x00,0x00,0x00,0x00,0x00,0x00,0x00,0x00,0x00,0x00,0x00,
  0x00,0x00,0x00,0x00,0x00,0x00,0x00,0x00,0x00,0x00,0x00,0x00,
  0x00,0x00,0x00,0x00,0x00,0x00,0x00,0x00,0x00,0x00,0x00,0x00,
  0x00,0x00,0x00,0x00,0x00,0x00,0x00,0x00,0x00,0x00,0x00,0x00,
  0x00,0x00,0x00,0x00,0x00,0x00,0x00,0x00,0x00,0x00,0x00,0x00,
  0x00,0x00,0x00,0x00,0x00,0x00,0x00,0x00,0x00,0x00,0x00,0x00,
  0x00,0x00,0x00,0x00,0x00,0x00,0x00,0x00,0x00,0x00,0x00,0x00,
  0x00,0x00,0x00,0x00,0x00,0x00,0x00,0x00,0x00,0x00,0x00,0x00,
  0x00,0x00,0x00,0x00,0x00,0x00,0x00,0x00,0x00,0x00,0x00,0x00,
  0x00,0x00,0x00,0x00,0x00,0x00,0x00,0x00,0x00,0x00,0x00,0x00,
  0x00,0x00,0x00,0x00,0x00,0x00,0x00,0x01,0x00,0x00,0x00,0x01,
  0xBF,0xBF,0xFF,0x04,0x17,0x20,0x67,0xCC,0x0E,0x1C,0x79,0xFD,
  0x19,0x37,0xAC,0xFD,0x15,0x2E,0xA4,0xFF,0x22,0x5D,0xC1,0xFF,
  0x35,0xA4,0xE7,0xFF,0x3C,0xB7,0xF5,0xFF,0x3D,0xC8,0xFE,0xFF,
  0x3C,0xC4,0xFE,0xFF,0x3C,0xC5,0xFE,0xFF,0x39,0xC1,0xFD,0xFF,
  0x61,0xDE,0xFC,0xFF,0x70,0xE0,0xF7,0xFF,0x6E,0xD3,0xF0,0xFF,
  0x68,0xC6,0xE9,0xFF,0x1F,0x41,0xB0,0xFF,0x17,0x2D,0xAB,0xFE,
  0x1B,0x3A,0xB2,0xFD,0x1D,0x3E,0xB9,0xFE,0x1A,0x32,0x98,0xF9,
  0x10,0x17,0x5F,0xED,0x0E,0x17,0x65,0xE7,0x17,0x21,0x6A,0xE3,
  0x6C,0x7B,0xA2,0x21,0x00,0x00,0x00,0x00,0x00,0x00,0x00,0x00,
  0x00,0x00,0x00,0x00,0x00,0x00,0x00,0x00,0x00,0x00,0x00,0x00,
  0x00,0x00,0x00,0x00,0x00,0x00,0x00,0x00,0x00,0x00,0x00,0x00,
  0x00,0x00,0x00,0x00,0x00,0x00,0x00,0x00,0x00,0x00,0x00,0x00,
  0x00,0x00,0x00,0x00,0x00,0x00,0x00,0x00,0x00,0x00,0x00,0x00,
  0x00,0x00,0x00,0x00,0x00,0x00,0x00,0x00,0x00,0x00,0x00,0x00,
  0x00,0x00,0x00,0x00,0x00,0x00,0x00,0x00,0x00,0x00,0x00,0x00,
  0x00,0x00,0x00,0x00,0x00,0x00,0x00,0x00,0x00,0x00,0x00,0x00,
  0x00,0x00,0x00,0x00,0x00,0x00,0x00,0x00,0x00,0x00,0x00,0x00,
  0x00,0x00,0x00,0x00,0x00,0x00,0x00,0x00,0x00,0x00,0x00,0x00,
  0x00,0x00,0x00,0x00,0x00,0x00,0x00,0x00,0x00,0x00,0x00,0x00,
  0x00,0x00,0x00,0x00,0x00,0x00,0x00,0x00,0x00,0x00,0x00,0x00,
  0x00,0x00,0x00,0x00,0x00,0x00,0x00,0x00,0x00,0x00,0x00,0x00,
  0x00,0x00,0x00,0x00,0x00,0x00,0x00,0x00,0x00,0x00,0x00,0x00,
  0x00,0x00,0x00,0x00,0x00,0x00,0x00,0x00,0x00,0x00,0x00,0x00,
  0x00,0x00,0x00,0x00,0x00,0x00,0x00,0x00,0x00,0x00,0x00,0x00,
  0x00,0x00,0x00,0x00,0x00,0x00,0x00,0x00,0x00,0x00,0x00,0x00,
  0x00,0x00,0x00,0x00,0x00,0x00,0x00,0x00,0x00,0x00,0x00,0x00,
  0x00,0x00,0x00,0x00,0x00,0x00,0x00,0x00,0x00,0x00,0x00,0x00,
  0x00,0x00,0x00,0x00,0x00,0x00,0x00,0x00,0x00,0x00,0x00,0x00,
  0x00,0x00,0x00,0x00,0x00,0x00,0x00,0x00,0x00,0x00,0x00,0x00,
  0x00,0x00,0x00,0x00,0x00,0x00,0x00,0x00,0x00,0x00,0x00,0x00,
  0x00,0x00,0x00,0x00,0x00,0x00,0x00,0x00,0x00,0x00,0x00,0x00,
  0x00,0x00,0x00,0x00,0x00,0x00,0x00,0x00,0x00,0x00,0x00,0x00,
  0x00,0x00,0x00,0x00,0x00,0x00,0x00,0x00,0x00,0x00,0x00,0x00,
  0x00,0x00,0x00,0x00,0x00,0x00,0x00,0x00,0x00,0x00,0x00,0x00,
  0x00,0x00,0x00,0x00,0x00,0x00,0x00,0x00,0x00,0x00,0x00,0x00,
  0x00,0x00,0x00,0x00,0x00,0x00,0x00,0x00,0x00,0x00,0x00,0x00,
  0x00,0x00,0x00,0x00,0x00,0x00,0x00,0x00,0x00,0x00,0x00,0x00,
  0x00,0x00,0x00,0x00,0x00,0x00,0x00,0x00,0x00,0x00,0x00,0x00,
  0x00,0x00,0x00,0x00,0x00,0x00,0x00,0x00,0x00,0x00,0x00,0x00,
  0x00,0x00,0x00,0x00,0x00,0x00,0x00,0x00,0x00,0x00,0x00,0x00,
  0x00,0x00,0x00,0x00,0x00,0x00,0x00,0x00,0x00,0x00,0x00,0x00,
  0x00,0x00,0x00,0x00,0x00,0x00,0x00,0x00,0x00,0x00,0x00,0x00,
  0x00,0x00,0x00,0x00,0x00,0x00,0x00,0x00,0x00,0x00,0x00,0x00,
  0x00,0x00,0x00,0x00,0x00,0x00,0x00,0x00,0x00,0x00,0x00,0x00,
  0x00,0x00,0x00,0x00,0x00,0x00,0x00,0x00,0x00,0x00,0x00,0x00,
  0x00,0x00,0x00,0x00,0x00,0x00,0x00,0x00,0x00,0x00,0x00,0x00,
  0x00,0x00,0x00,0x00,0x00,0x00,0x00,0x00,0x00,0x00,0x00,0x00,
  0x00,0x00,0x00,0x00,0x00,0x00,0x00,0x00,0x00,0x00,0x00,0x00,
  0x00,0x00,0x00,0x00,0x00,0x00,0x00,0x00,0x00,0x00,0x00,0x00,
  0x00,0x00,0x00,0x00,0x00,0x00,0x00,0x00,0x00,0x00,0x00,0x00,
  0x00,0x00,0x00,0x00,0x00,0x00,0x00,0x00,0x00,0x00,0x00,0x00,
  0x00,0x00,0x00,0x00,0x00,0x00,0x00,0x00,0x00,0x00,0x00,0x00,
  0x00,0x00,0x00,0x00,0x00,0x00,0x00,0x00,0x00,0x00,0x00,0x00,
  0x00,0x00,0x00,0x00,0x00,0x00,0x00,0x00,0x00,0x00,0x00,0x02,
  0x01,0x01,0x00,0x00,0x0A,0x0A,0x05,0x00,0x17,0x1F,0x62,0xCC,
  0x0C,0x1A,0x76,0xFF,0x1A,0x38,0xAD,0xFD,0x13,0x2B,0xA3,0xFF,
  0x27,0x6D,0xCC,0xFF,0x41,0xD4,0xFF,0xFF,0x3D,0xC6,0xFF,0xFF,
  0x3B,0xC3,0xFE,0xFF,0x3B,0xC4,0xFE,0xFF,0x3D,0xC5,0xFE,0xFF,
  0x48,0xCA,0xFD,0xFF,0x68,0xE1,0xFD,0xFF,0x76,0xED,0xFF,0xFF,
  0x7B,0xF3,0xFF,0xFF,0x63,0xDC,0xFE,0xFF,0x29,0x84,0xDD,0xFF,
  0x26,0x6F,0xCF,0xFF,0x18,0x3B,0xB3,0xFF,0x19,0x38,0xB4,0xFF,
  0x17,0x33,0xA6,0xFF,0x13,0x28,0x8F,0xFF,0x14,0x2A,0x94,0xFF,
  0x15,0x28,0x8C,0xFF,0x1D,0x27,0x6C,0x9B,0x22,0x29,0x6D,0x87,
  0x2C,0x37,0x74,0x2E,0x00,0x00,0x7F,0x04,0x00,0x00,0x7F,0x04,
  0x00,0x00,0x00,0x00,0x00,0x00,0x00,0x00,0x00,0x00,0x00,0x00,
  0x00,0x00,0x00,0x00,0x00,0x00,0x00,0x00,0x00,0x00,0x00,0x00,
  0x00,0x00,0x00,0x00,0x00,0x00,0x00,0x00,0x00,0x00,0x00,0x00,
  0x00,0x00,0x00,0x00,0x00,0x00,0x00,0x00,0x00,0x00,0x00,0x00,
  0x00,0x00,0x00,0x00,0x00,0x00,0x00,0x00,0x00,0x00,0x00,0x00,
  0x00,0x00,0x00,0x00,0x00,0x00,0x00,0x00,0x00,0x00,0x00,0x00,
  0x00,0x00,0x00,0x00,0x00,0x00,0x00,0x00,0x00,0x00,0x00,0x00,
  0x00,0x00,0x00,0x00,0x00,0x00,0x00,0x00,0x00,0x00,0x00,0x00,
  0x00,0x00,0x00,0x00,0x00,0x00,0x00,0x00,0x00,0x00,0x00,0x00,
  0x00,0x00,0x00,0x00,0x00,0x00,0x00,0x00,0x00,0x00,0x00,0x00,
  0x00,0x00,0x00,0x00,0x00,0x00,0x00,0x00,0x00,0x00,0x00,0x00,
  0x00,0x00,0x00,0x00,0x00,0x00,0x00,0x00,0x00,0x00,0x00,0x00,
  0x00,0x00,0x00,0x00,0x00,0x00,0x00,0x00,0x00,0x00,0x00,0x00,
  0x00,0x00,0x00,0x00,0x00,0x00,0x00,0x00,0x00,0x00,0x00,0x00,
  0x00,0x00,0x00,0x00,0x00,0x00,0x00,0x00,0x00,0x00,0x00,0x00,
  0x00,0x00,0x00,0x00,0x00,0x00,0x00,0x00,0x00,0x00,0x00,0x00,
  0x00,0x00,0x00,0x00,0x00,0x00,0x00,0x00,0x00,0x00,0x00,0x00,
  0x00,0x00,0x00,0x00,0x00,0x00,0x00,0x00,0x00,0x00,0x00,0x00,
  0x00,0x00,0x00,0x00,0x00,0x00,0x00,0x00,0x00,0x00,0x00,0x00,
  0x00,0x00,0x00,0x00,0x00,0x00,0x00,0x00,0x00,0x00,0x00,0x00,
  0x00,0x00,0x00,0x00,0x00,0x00,0x00,0x00,0x00,0x00,0x00,0x00,
  0x00,0x00,0x00,0x00,0x00,0x00,0x00,0x00,0x00,0x00,0x00,0x00,
  0x00,0x00,0x00,0x00,0x00,0x00,0x00,0x00,0x00,0x00,0x00,0x00,
  0x00,0x00,0x00,0x00,0x00,0x00,0x00,0x00,0x00,0x00,0x00,0x00,
  0x00,0x00,0x00,0x00,0x00,0x00,0x00,0x00,0x00,0x00,0x00,0x00,
  0x00,0x00,0x00,0x00,0x00,0x00,0x00,0x00,0x00,0x00,0x00,0x00,
  0x00,0x00,0x00,0x00,0x00,0x00,0x00,0x00,0x00,0x00,0x00,0x00,
  0x00,0x00,0x00,0x00,0x00,0x00,0x00,0x00,0x00,0x00,0x00,0x00,
  0x00,0x00,0x00,0x00,0x00,0x00,0x00,0x00,0x00,0x00,0x00,0x00,
  0x00,0x00,0x00,0x00,0x00,0x00,0x00,0x00,0x00,0x00,0x00,0x00,
  0x00,0x00,0x00,0x00,0x00,0x00,0x00,0x00,0x00,0x00,0x00,0x00,
  0x00,0x00,0x00,0x00,0x00,0x00,0x00,0x00,0x00,0x00,0x00,0x00,
  0x00,0x00,0x00,0x00,0x00,0x00,0x00,0x00,0x00,0x00,0x00,0x00,
  0x00,0x00,0x00,0x00,0x00,0x00,0x00,0x00,0x00,0x00,0x00,0x00,
  0x00,0x00,0x00,0x00,0x00,0x00,0x00,0x00,0x00,0x00,0x00,0x00,
  0x00,0x00,0x00,0x00,0x00,0x00,0x00,0x00,0x00,0x00,0x00,0x00,
  0x00,0x00,0x00,0x00,0x00,0x00,0x00,0x00,0x00,0x00,0x00,0x00,
  0x00,0x00,0x00,0x00,0x00,0x00,0x00,0x00,0x00,0x00,0x00,0x00,
  0x00,0x00,0x00,0x00,0x00,0x00,0x00,0x00,0x00,0x00,0x00,0x00,
  0x00,0x00,0x00,0x00,0x00,0x00,0x00,0x00,0x00,0x00,0x00,0x00,
  0x00,0x00,0x00,0x00,0x00,0x00,0x00,0x00,0x00,0x00,0x00,0x00,
  0x00,0x00,0x00,0x00,0x00,0x00,0x00,0x00,0x00,0x00,0x00,0x00,
  0x00,0x00,0x00,0x00,0x00,0x00,0x00,0x00,0x00,0x00,0x00,0x00,
  0x00,0x00,0x00,0x00,0x00,0x00,0x00,0x00,0x00,0x7F,0x7F,0x02,
  0x00,0x00,0x00,0x00,0x3F,0x48,0x83,0x3C,0x24,0x2D,0x76,0xBE,
  0x17,0x28,0x83,0xF0,0x15,0x2C,0x96,0xFF,0x19,0x37,0xAA,0xFE,
  0x12,0x28,0xA2,0xFF,0x25,0x69,0xC9,0xFF,0x3F,0xCB,0xFE,0xFF,
  0x3C,0xC3,0xFD,0xFF,0x3C,0xC5,0xFE,0xFF,0x39,0xC2,0xFE,0xFF,
  0x43,0xC8,0xFD,0xFF,0x77,0xEA,0xFE,0xFF,0x75,0xEA,0xFE,0xFF,
  0x73,0xE9,0xFE,0xFF,0x80,0xF0,0xFD,0xFF,0x52,0xCC,0xFD,0xFF,
  0x2C,0xBC,0xFF,0xFF,0x30,0xAB,0xF4,0xFF,0x1A,0x3E,0xB2,0xFF,
  0x16,0x37,0xAF,0xFF,0x19,0x3B,0xB3,0xFF,0x1E,0x3D,0xB5,0xFE,
  0x1F,0x41,0xB9,0xFE,0x1D,0x39,0xAC,0xFE,0x08,0x13,0x66,0xFF,
  0x0A,0x13,0x69,0xFF,0x1B,0x25,0x67,0x4A,0x00,0x00,0x00,0x00,
  0x00,0x00,0x00,0x00,0x00,0x00,0x00,0x00,0x00,0x00,0x00,0x00,
  0x00,0x00,0x00,0x00,0x00,0x00,0x00,0x00,0x00,0x00,0x00,0x00,
  0x00,0x00,0x00,0x00,0x00,0x00,0x00,0x00,0x00,0x00,0x00,0x00,
  0x00,0x00,0x00,0x00,0x00,0x00,0x00,0x00,0x00,0x00,0x00,0x00,
  0x00,0x00,0x00,0x00,0x00,0x00,0x00,0x00,0x00,0x00,0x00,0x00,
  0x00,0x00,0x00,0x00,0x00,0x00,0x00,0x00,0x00,0x00,0x00,0x00,
  0x00,0x00,0x00,0x00,0x00,0x00,0x00,0x00,0x00,0x00,0x00,0x00,
  0x00,0x00,0x00,0x00,0x00,0x00,0x00,0x00,0x00,0x00,0x00,0x00,
  0x00,0x00,0x00,0x00,0x00,0x00,0x00,0x00,0x00,0x00,0x00,0x00,
  0x00,0x00,0x00,0x00,0x00,0x00,0x00,0x00,0x00,0x00,0x00,0x00,
  0x00,0x00,0x00,0x00,0x00,0x00,0x00,0x00,0x00,0x00,0x00,0x00,
  0x00,0x00,0x00,0x00,0x00,0x00,0x00,0x00,0x00,0x00,0x00,0x00,
  0x00,0x00,0x00,0x00,0x00,0x00,0x00,0x00,0x00,0x00,0x00,0x00,
  0x00,0x00,0x00,0x00,0x00,0x00,0x00,0x00,0x00,0x00,0x00,0x00,
  0x00,0x00,0x00,0x00,0x00,0x00,0x00,0x00,0x00,0x00,0x00,0x00,
  0x00,0x00,0x00,0x00,0x00,0x00,0x00,0x00,0x00,0x00,0x00,0x00,
  0x00,0x00,0x00,0x00,0x00,0x00,0x00,0x00,0x00,0x00,0x00,0x00,
  0x00,0x00,0x00,0x00,0x00,0x00,0x00,0x00,0x00,0x00,0x00,0x00,
  0x00,0x00,0x00,0x00,0x00,0x00,0x00,0x00,0x00,0x00,0x00,0x00,
  0x00,0x00,0x00,0x00,0x00,0x00,0x00,0x00,0x00,0x00,0x00,0x00,
  0x00,0x00,0x00,0x00,0x00,0x00,0x00,0x00,0x00,0x00,0x00,0x00,
  0x00,0x00,0x00,0x00,0x00,0x00,0x00,0x00,0x00,0x00,0x00,0x00,
  0x00,0x00,0x00,0x00,0x00,0x00,0x00,0x00,0x00,0x00,0x00,0x00,
  0x00,0x00,0x00,0x00,0x00,0x00,0x00,0x00,0x00,0x00,0x00,0x00,
  0x00,0x00,0x00,0x00,0x00,0x00,0x00,0x00,0x00,0x00,0x00,0x00,
  0x00,0x00,0x00,0x00,0x00,0x00,0x00,0x00,0x00,0x00,0x00,0x00,
  0x00,0x00,0x00,0x00,0x00,0x00,0x00,0x00,0x00,0x00,0x00,0x00,
  0x00,0x00,0x00,0x00,0x00,0x00,0x00,0x00,0x00,0x00,0x00,0x00,
  0x00,0x00,0x00,0x00,0x00,0x00,0x00,0x00,0x00,0x00,0x00,0x00,
  0x00,0x00,0x00,0x00,0x00,0x00,0x00,0x00,0x00,0x00,0x00,0x00,
  0x00,0x00,0x00,0x00,0x00,0x00,0x00,0x00,0x00,0x00,0x00,0x00,
  0x00,0x00,0x00,0x00,0x00,0x00,0x00,0x00,0x00,0x00,0x00,0x00,
  0x00,0x00,0x00,0x00,0x00,0x00,0x00,0x00,0x00,0x00,0x00,0x00,
  0x00,0x00,0x00,0x00,0x00,0x00,0x00,0x00,0x00,0x00,0x00,0x00,
  0x00,0x00,0x00,0x00,0x00,0x00,0x00,0x00,0x00,0x00,0x00,0x00,
  0x00,0x00,0x00,0x00,0x00,0x00,0x00,0x00,0x00,0x00,0x00,0x00,
  0x00,0x00,0x00,0x00,0x00,0x00,0x00,0x00,0x00,0x00,0x00,0x00,
  0x00,0x00,0x00,0x00,0x00,0x00,0x00,0x00,0x00,0x00,0x00,0x00,
  0x00,0x00,0x00,0x00,0x00,0x00,0x00,0x00,0x00,0x00,0x00,0x00,
  0x00,0x00,0x00,0x00,0x00,0x00,0x00,0x00,0x00,0x00,0x00,0x00,
  0x00,0x00,0x00,0x00,0x00,0x00,0x00,0x00,0x00,0x00,0x00,0x00,
  0x00,0x00,0x00,0x00,0x00,0x00,0x00,0x00,0x00,0x00,0x00,0x00,
  0x00,0x00,0x00,0x00,0x00,0x00,0x00,0x00,0x00,0x00,0x00,0x00,
  0x00,0x00,0x00,0x00,0x00,0x00,0x00,0x00,0x00,0x00,0x00,0x00,
  0x33,0x33,0x66,0x05,0x55,0x6A,0x7F,0x0C,0x2E,0x38,0x7D,0x68,
  0x06,0x11,0x6C,0xFF,0x14,0x2B,0x94,0xFF,0x1E,0x3C,0xB2,0xFF,
  0x1A,0x37,0xA9,0xFF,0x17,0x35,0xAA,0xFF,0x29,0x75,0xD1,0xFF,
  0x41,0xCD,0xFF,0xFF,0x3D,0xC4,0xFD,0xFF,0x3C,0xC5,0xFE,0xFF,
  0x35,0xBF,0xFE,0xFF,0x3E,0xC4,0xFE,0xFF,0x78,0xE9,0xFE,0xFF,
  0x79,0xEB,0xFE,0xFF,0x75,0xE9,0xFE,0xFF,0x5A,0xD6,0xFE,0xFF,
  0x3E,0xBF,0xFD,0xFF,0x2B,0xB1,0xFD,0xFF,0x30,0xB2,0xFB,0xFF,
  0x31,0xA4,0xEF,0xFF,0x36,0xAE,0xF1,0xFF,0x2F,0x83,0xD7,0xFF,
  0x18,0x2E,0xA8,0xFF,0x1A,0x35,0xAE,0xFF,0x1A,0x35,0xAC,0xFF,
  0x17,0x2F,0x99,0xFB,0x16,0x2D,0x96,0xFC,0x18,0x24,0x7B,0xB4,
  0x16,0x1F,0x6E,0x94,0x22,0x2D,0x74,0x70,0xFF,0xFF,0xFF,0x03,
  0x7F,0x7F,0x7F,0x02,0x00,0x00,0x00,0x01,0x00,0x00,0x00,0x00,
  0x00,0x00,0x00,0x00,0x00,0x00,0x00,0x00,0x00,0x00,0x00,0x00,
  0x00,0x00,0x00,0x00,0x00,0x00,0x00,0x00,0x00,0x00,0x00,0x00,
  0x00,0x00,0x00,0x00,0x00,0x00,0x00,0x00,0x00,0x00,0x00,0x00,
  0x00,0x00,0x00,0x00,0x00,0x00,0x00,0x00,0x00,0x00,0x00,0x00,
  0x00,0x00,0x00,0x00,0x00,0x00,0x00,0x00,0x00,0x00,0x00,0x00,
  0x00,0x00,0x00,0x00,0x00,0x00,0x00,0x00,0x00,0x00,0x00,0x00,
  0x00,0x00,0x00,0x00,0x00,0x00,0x00,0x00,0x00,0x00,0x00,0x00,
  0x00,0x00,0x00,0x00,0x00,0x00,0x00,0x00,0x00,0x00,0x00,0x00,
  0x00,0x00,0x00,0x00,0x00,0x00,0x00,0x00,0x00,0x00,0x00,0x00,
  0x00,0x00,0x00,0x00,0x00,0x00,0x00,0x00,0x00,0x00,0x00,0x00,
  0x00,0x00,0x00,0x00,0x00,0x00,0x00,0x00,0x00,0x00,0x00,0x00,
  0x00,0x00,0x00,0x00,0x00,0x00,0x00,0x00,0x00,0x00,0x00,0x00,
  0x00,0x00,0x00,0x00,0x00,0x00,0x00,0x00,0x00,0x00,0x00,0x00,
  0x00,0x00,0x00,0x00,0x00,0x00,0x00,0x00,0x00,0x00,0x00,0x00,
  0x00,0x00,0x00,0x00,0x00,0x00,0x00,0x00,0x00,0x00,0x00,0x00,
  0x00,0x00,0x00,0x00,0x00,0x00,0x00,0x00,0x00,0x00,0x00,0x00,
  0x00,0x00,0x00,0x00,0x00,0x00,0x00,0x00,0x00,0x00,0x00,0x00,
  0x00,0x00,0x00,0x00,0x00,0x00,0x00,0x00,0x00,0x00,0x00,0x00,
  0x00,0x00,0x00,0x00,0x00,0x00,0x00,0x00,0x00,0x00,0x00,0x00,
  0x00,0x00,0x00,0x00,0x00,0x00,0x00,0x00,0x00,0x00,0x00,0x00,
  0x00,0x00,0x00,0x00,0x00,0x00,0x00,0x00,0x00,0x00,0x00,0x00,
  0x00,0x00,0x00,0x00,0x00,0x00,0x00,0x00,0x00,0x00,0x00,0x00,
  0x00,0x00,0x00,0x00,0x00,0x00,0x00,0x00,0x00,0x00,0x00,0x00,
  0x00,0x00,0x00,0x00,0x00,0x00,0x00,0x00,0x00,0x00,0x00,0x00,
  0x00,0x00,0x00,0x00,0x00,0x00,0x00,0x00,0x00,0x00,0x00,0x00,
  0x00,0x00,0x00,0x00,0x00,0x00,0x00,0x00,0x00,0x00,0x00,0x00,
  0x00,0x00,0x00,0x00,0x00,0x00,0x00,0x00,0x00,0x00,0x00,0x00,
  0x00,0x00,0x00,0x00,0x00,0x00,0x00,0x00,0x00,0x00,0x00,0x00,
  0x00,0x00,0x00,0x00,0x00,0x00,0x00,0x00,0x00,0x00,0x00,0x00,
  0x00,0x00,0x00,0x00,0x00,0x00,0x00,0x00,0x00,0x00,0x00,0x00,
  0x00,0x00,0x00,0x00,0x00,0x00,0x00,0x00,0x00,0x00,0x00,0x00,
  0x00,0x00,0x00,0x00,0x00,0x00,0x00,0x00,0x00,0x00,0x00,0x00,
  0x00,0x00,0x00,0x00,0x00,0x00,0x00,0x00,0x00,0x00,0x00,0x00,
  0x00,0x00,0x00,0x00,0x00,0x00,0x00,0x00,0x00,0x00,0x00,0x00,
  0x00,0x00,0x00,0x00,0x00,0x00,0x00,0x00,0x00,0x00,0x00,0x00,
  0x00,0x00,0x00,0x00,0x00,0x00,0x00,0x00,0x00,0x00,0x00,0x00,
  0x00,0x00,0x00,0x00,0x00,0x00,0x00,0x00,0x00,0x00,0x00,0x00,
  0x00,0x00,0x00,0x00,0x00,0x00,0x00,0x00,0x00,0x00,0x00,0x00,
  0x00,0x00,0x00,0x00,0x00,0x00,0x00,0x00,0x00,0x00,0x00,0x00,
  0x00,0x00,0x00,0x00,0x00,0x00,0x00,0x00,0x00,0x00,0x00,0x00,
  0x00,0x00,0x00,0x00,0x00,0x00,0x00,0x00,0x00,0x00,0x00,0x00,
  0x00,0x00,0x00,0x00,0x00,0x00,0x00,0x00,0x00,0x00,0xFF,0x01,
  0x00,0x00,0x00,0x00,0x51,0x5C,0x8B,0x16,0x18,0x20,0x67,0xCD,
  0x13,0x22,0x7D,0xE8,0x17,0x2F,0x9B,0xFC,0x19,0x33,0xA1,0xFE,
  0x19,0x34,0xA9,0xFF,0x1B,0x3B,0xAB,0xFF,0x37,0xA1,0xE8,0xFF,
  0x3E,0xBF,0xFA,0xFF,0x3E,0xC5,0xFE,0xFF,0x3E,0xC5,0xFE,0xFF,
  0x3B,0xC4,0xFE,0xFF,0x3C,0xC4,0xFD,0xFF,0x4F,0xD0,0xFD,0xFF,
  0x77,0xE8,0xFE,0xFF,0x7A,0xEB,0xFE,0xFF,0x76,0xE8,0xFE,0xFF,
  0x32,0xB6,0xFD,0xFF,0x27,0xAD,0xFE,0xFF,0x2C,0xB3,0xFE,0xFF,
  0x2E,0xB5,0xFD,0xFF,0x31,0xBA,0xFF,0xFF,0x37,0xC5,0xFF,0xFF,
  0x35,0x9C,0xE7,0xFF,0x20,0x48,0xB4,0xFF,0x23,0x51,0xBB,0xFF,
  0x21,0x4B,0xB9,0xFF,0x1E,0x3F,0xB7,0xFF,0x1F,0x40,0xB8,0xFF,
  0x0E,0x1F,0x82,0xFF,0x07,0x15,0x78,0xFF,0x14,0x1E,0x6E,0xBE,
  0x00,0x00,0x00,0x00,0x00,0x00,0x00,0x00,0x00,0x00,0x00,0x00,
  0x00,0x00,0x00,0x00,0x00,0x00,0x00,0x00,0x00,0x00,0x00,0x00,
  0x00,0x00,0x00,0x00,0x00,0x00,0x00,0x00,0x00,0x00,0x00,0x00,
  0x00,0x00,0x00,0x00,0x00,0x00,0x00,0x00,0x00,0x00,0x00,0x00,
  0x00,0x00,0x00,0x00,0x00,0x00,0x00,0x00,0x00,0x00,0x00,0x00,
  0x00,0x00,0x00,0x00,0x00,0x00,0x00,0x00,0x00,0x00,0x00,0x00,
  0x00,0x00,0x00,0x00,0x00,0x00,0x00,0x00,0x00,0x00,0x00,0x00,
  0x00,0x00,0x00,0x00,0x00,0x00,0x00,0x00,0x00,0x00,0x00,0x00,
  0x00,0x00,0x00,0x00,0x00,0x00,0x00,0x00,0x00,0x00,0x00,0x00,
  0x00,0x00,0x00,0x00,0x00,0x00,0x00,0x00,0x00,0x00,0x00,0x00,
  0x00,0x00,0x00,0x00,0x00,0x00,0x00,0x00,0x00,0x00,0x00,0x00,
  0x00,0x00,0x00,0x00,0x00,0x00,0x00,0x00,0x00,0x00,0x00,0x00,
  0x00,0x00,0x00,0x00,0x00,0x00,0x00,0x00,0x00,0x00,0x00,0x00,
  0x00,0x00,0x00,0x00,0x00,0x00,0x00,0x00,0x00,0x00,0x00,0x00,
  0x00,0x00,0x00,0x00,0x00,0x00,0x00,0x00,0x00,0x00,0x00,0x00,
  0x00,0x00,0x00,0x00,0x00,0x00,0x00,0x00,0x00,0x00,0x00,0x00,
  0x00,0x00,0x00,0x00,0x00,0x00,0x00,0x00,0x00,0x00,0x00,0x00,
  0x00,0x00,0x00,0x00,0x00,0x00,0x00,0x00,0x00,0x00,0x00,0x00,
  0x00,0x00,0x00,0x00,0x00,0x00,0x00,0x00,0x00,0x00,0x00,0x00,
  0x00,0x00,0x00,0x00,0x00,0x00,0x00,0x00,0x00,0x00,0x00,0x00,
  0x00,0x00,0x00,0x00,0x00,0x00,0x00,0x00,0x00,0x00,0x00,0x00,
  0x00,0x00,0x00,0x00,0x00,0x00,0x00,0x00,0x00,0x00,0x00,0x00,
  0x00,0x00,0x00,0x00,0x00,0x00,0x00,0x00,0x00,0x00,0x00,0x00,
  0x00,0x00,0x00,0x00,0x00,0x00,0x00,0x00,0x00,0x00,0x00,0x00,
  0x00,0x00,0x00,0x00,0x00,0x00,0x00,0x00,0x00,0x00,0x00,0x00,
  0x00,0x00,0x00,0x00,0x00,0x00,0x00,0x00,0x00,0x00,0x00,0x00,
  0x00,0x00,0x00,0x00,0x00,0x00,0x00,0x00,0x00,0x00,0x00,0x00,
  0x00,0x00,0x00,0x00,0x00,0x00,0x00,0x00,0x00,0x00,0x00,0x00,
  0x00,0x00,0x00,0x00,0x00,0x00,0x00,0x00,0x00,0x00,0x00,0x00,
  0x00,0x00,0x00,0x00,0x00,0x00,0x00,0x00,0x00,0x00,0x00,0x00,
  0x00,0x00,0x00,0x00,0x00,0x00,0x00,0x00,0x00,0x00,0x00,0x00,
  0x00,0x00,0x00,0x00,0x00,0x00,0x00,0x00,0x00,0x00,0x00,0x00,
  0x00,0x00,0x00,0x00,0x00,0x00,0x00,0x00,0x00,0x00,0x00,0x00,
  0x00,0x00,0x00,0x00,0x00,0x00,0x00,0x00,0x00,0x00,0x00,0x00,
  0x00,0x00,0x00,0x00,0x00,0x00,0x00,0x00,0x00,0x00,0x00,0x00,
  0x00,0x00,0x00,0x00,0x00,0x00,0x00,0x00,0x00,0x00,0x00,0x00,
  0x00,0x00,0x00,0x00,0x00,0x00,0x00,0x00,0x00,0x00,0x00,0x00,
  0x00,0x00,0x00,0x00,0x00,0x00,0x00,0x00,0x00,0x00,0x00,0x00,
  0x00,0x00,0x00,0x00,0x00,0x00,0x00,0x00,0x00,0x00,0x00,0x00,
  0x00,0x00,0x00,0x00,0x00,0x00,0x00,0x00,0x00,0x00,0x00,0x00,
  0x00,0x00,0x00,0x00,0x00,0x00,0x00,0x00,0x00,0x00,0x00,0x00,
  0x00,0x00,0x00,0x00,0x00,0x00,0x00,0x00,0x00,0x00,0x00,0x00,
  0x00,0x00,0x00,0x00,0x00,0x00,0x00,0x00,0x00,0x00,0x00,0x00,
  0x00,0x00,0xFF,0x01,0x00,0x00,0x00,0x00,0x55,0x55,0x8A,0x18,
  0x0D,0x17,0x63,0xF3,0x0C,0x1D,0x80,0xFF,0x1C,0x3A,0xB2,0xFE,
  0x1A,0x36,0xAC,0xFF,0x17,0x33,0xA8,0xFF,0x19,0x38,0xAB,0xFF,
  0x3D,0xB6,0xF3,0xFF,0x42,0xCF,0xFF,0xFF,0x3F,0xC4,0xFD,0xFF,
  0x40,0xC6,0xFE,0xFF,0x38,0xC2,0xFE,0xFF,0x4E,0xD1,0xFD,0xFF,
  0x7D,0xEF,0xFE,0xFF,0x77,0xEA,0xFE,0xFF,0x7C,0xEE,0xFE,0xFF,
  0x79,0xEC,0xFD,0xFF,0x37,0xB9,0xFD,0xFF,0x2A,0xAF,0xFE,0xFF,
  0x2D,0xB3,0xFE,0xFF,0x2D,0xB3,0xFD,0xFF,0x2F,0xB4,0xFC,0xFF,
  0x32,0xB7,0xFD,0xFF,0x38,0xBA,0xFC,0xFF,0x35,0xB9,0xFA,0xFF,
  0x3D,0xC9,0xFC,0xFF,0x34,0x99,0xE3,0xFF,0x10,0x27,0xA8,0xFF,
  0x18,0x36,0xB1,0xFF,0x10,0x22,0x84,0xFA,0x06,0x14,0x75,0xFB,
  0x1E,0x2A,0x78,0xC0,0xB6,0xC2,0xD4,0x2A,0x99,0x9F,0xC5,0x28,
  0x62,0x75,0x9C,0x0D,0x00,0x00,0x00,0x00,0x00,0x00,0x00,0x01,
  0x00,0x00,0x00,0x00,0x00,0x00,0x00,0x00,0x00,0x00,0x00,0x00,
  0x00,0x00,0x00,0x00,0x00,0x00,0x00,0x00,0x00,0x00,0x00,0x00,
  0x00,0x00,0x00,0x00,0x00,0x00,0x00,0x00,0x00,0x00,0x00,0x00,
  0x00,0x00,0x00,0x00,0x00,0x00,0x00,0x00,0x00,0x00,0x00,0x00,
  0x00,0x00,0x00,0x00,0x00,0x00,0x00,0x00,0x00,0x00,0x00,0x00,
  0x00,0x00,0x00,0x00,0x00,0x00,0x00,0x00,0x00,0x00,0x00,0x00,
  0x00,0x00,0x00,0x00,0x00,0x00,0x00,0x00,0x00,0x00,0x00,0x00,
  0x00,0x00,0x00,0x00,0x00,0x00,0x00,0x00,0x00,0x00,0x00,0x00,
  0x00,0x00,0x00,0x00,0x00,0x00,0x00,0x00,0x00,0x00,0x00,0x00,
  0x00,0x00,0x00,0x00,0x00,0x00,0x00,0x00,0x00,0x00,0x00,0x00,
  0x00,0x00,0x00,0x00,0x00,0x00,0x00,0x00,0x00,0x00,0x00,0x00,
  0x00,0x00,0x00,0x00,0x00,0x00,0x00,0x00,0x00,0x00,0x00,0x00,
  0x00,0x00,0x00,0x00,0x00,0x00,0x00,0x00,0x00,0x00,0x00,0x00,
  0x00,0x00,0x00,0x00,0x00,0x00,0x00,0x00,0x00,0x00,0x00,0x00,
  0x00,0x00,0x00,0x00,0x00,0x00,0x00,0x00,0x00,0x00,0x00,0x00,
  0x00,0x00,0x00,0x00,0x00,0x00,0x00,0x00,0x00,0x00,0x00,0x00,
  0x00,0x00,0x00,0x00,0x00,0x00,0x00,0x00,0x00,0x00,0x00,0x00,
  0x00,0x00,0x00,0x00,0x00,0x00,0x00,0x00,0x00,0x00,0x00,0x00,
  0x00,0x00,0x00,0x00,0x00,0x00,0x00,0x00,0x00,0x00,0x00,0x00,
  0x00,0x00,0x00,0x00,0x00,0x00,0x00,0x00,0x00,0x00,0x00,0x00,
  0x00,0x00,0x00,0x00,0x00,0x00,0x00,0x00,0x00,0x00,0x00,0x00,
  0x00,0x00,0x00,0x00,0x00,0x00,0x00,0x00,0x00,0x00,0x00,0x00,
  0x00,0x00,0x00,0x00,0x00,0x00,0x00,0x00,0x00,0x00,0x00,0x00,
  0x00,0x00,0x00,0x00,0x00,0x00,0x00,0x00,0x00,0x00,0x00,0x00,
  0x00,0x00,0x00,0x00,0x00,0x00,0x00,0x00,0x00,0x00,0x00,0x00,
  0x00,0x00,0x00,0x00,0x00,0x00,0x00,0x00,0x00,0x00,0x00,0x00,
  0x00,0x00,0x00,0x00,0x00,0x00,0x00,0x00,0x00,0x00,0x00,0x00,
  0x00,0x00,0x00,0x00,0x00,0x00,0x00,0x00,0x00,0x00,0x00,0x00,
  0x00,0x00,0x00,0x00,0x00,0x00,0x00,0x00,0x00,0x00,0x00,0x00,
  0x00,0x00,0x00,0x00,0x00,0x00,0x00,0x00,0x00,0x00,0x00,0x00,
  0x00,0x00,0x00,0x00,0x00,0x00,0x00,0x00,0x00,0x00,0x00,0x00,
  0x00,0x00,0x00,0x00,0x00,0x00,0x00,0x00,0x00,0x00,0x00,0x00,
  0x00,0x00,0x00,0x00,0x00,0x00,0x00,0x00,0x00,0x00,0x00,0x00,
  0x00,0x00,0x00,0x00,0x00,0x00,0x00,0x00,0x00,0x00,0x00,0x00,
  0x00,0x00,0x00,0x00,0x00,0x00,0x00,0x00,0x00,0x00,0x00,0x00,
  0x00,0x00,0x00,0x00,0x00,0x00,0x00,0x00,0x00,0x00,0x00,0x00,
  0x00,0x00,0x00,0x00,0x00,0x00,0x00,0x00,0x00,0x00,0x00,0x00,
  0x00,0x00,0x00,0x00,0x00,0x00,0x00,0x00,0x00,0x00,0x00,0x00,
  0x00,0x00,0x00,0x00,0x00,0x00,0x00,0x00,0x00,0x00,0x00,0x00,
  0x00,0x00,0x00,0x00,0x00,0x00,0x00,0x00,0x00,0x00,0x00,0x00,
  0x00,0x00,0x00,0x00,0x00,0x00,0x00,0x00,0x00,0x00,0x00,0x00,
  0x00,0x00,0x00,0x00,0x00,0x00,0xFF,0x01,0x00,0x00,0x7F,0x02,
  0x48,0x48,0x88,0x1C,0x0D,0x17,0x65,0xED,0x0C,0x1D,0x7D,0xFE,
  0x1B,0x38,0xAE,0xFE,0x19,0x35,0xAB,0xFF,0x16,0x32,0xA8,0xFF,
  0x18,0x37,0xA7,0xFF,0x34,0xA1,0xED,0xFF,0x39,0xBD,0xFF,0xFF,
  0x3F,0xC4,0xFD,0xFF,0x40,0xC6,0xFE,0xFF,0x41,0xC8,0xFD,0xFF,
  0x5C,0xD8,0xFD,0xFF,0x77,0xEB,0xFE,0xFF,0x79,0xED,0xFE,0xFF,
  0x5E,0xD7,0xFD,0xFF,0x44,0xC2,0xFD,0xFF,0x30,0xB2,0xFE,0xFF,
  0x2A,0xAE,0xFE,0xFF,0x2B,0xB1,0xFE,0xFF,0x2C,0xB2,0xFE,0xFF,
  0x2E,0xB4,0xFD,0xFF,0x30,0xB5,0xFD,0xFF,0x39,0xBD,0xFD,0xFF,
  0x58,0xD5,0xFE,0xFF,0x5E,0xDE,0xFF,0xFF,0x55,0xC1,0xF0,0xFF,
  0x42,0x8B,0xD2,0xFF,0x36,0x70,0xC7,0xFF,0x1A,0x39,0xB1,0xFF,
  0x1C,0x3E,0xB6,0xFF,0x14,0x26,0x87,0xFE,0x12,0x1C,0x6C,0xF7,
  0x12,0x1F,0x7B,0xF8,0x19,0x26,0x75,0x98,0x01,0x00,0x00,0x00,
  0x00,0x00,0x55,0x03,0x00,0x00,0x00,0x00,0x00,0x00,0x00,0x00,
  0x00,0x00,0x00,0x00,0x00,0x00,0x00,0x00,0x00,0x00,0x00,0x00,
  0x00,0x00,0x00,0x00,0x00,0x00,0x00,0x00,0x00,0x00,0x00,0x00,
  0x00,0x00,0x00,0x00,0x00,0x00,0x00,0x00,0x00,0x00,0x00,0x00,
  0x00,0x00,0x00,0x00,0x00,0x00,0x00,0x00,0x00,0x00,0x00,0x00,
  0x00,0x00,0x00,0x00,0x00,0x00,0x00,0x00,0x00,0x00,0x00,0x00,
  0x00,0x00,0x00,0x00,0x00,0x00,0x00,0x00,0x00,0x00,0x00,0x00,
  0x00,0x00,0x00,0x00,0x00,0x00,0x00,0x00,0x00,0x00,0x00,0x00,
  0x00,0x00,0x00,0x00,0x00,0x00,0x00,0x00,0x00,0x00,0x00,0x00,
  0x00,0x00,0x00,0x00,0x00,0x00,0x00,0x00,0x00,0x00,0x00,0x00,
  0x00,0x00,0x00,0x00,0x00,0x00,0x00,0x00,0x00,0x00,0x00,0x00,
  0x00,0x00,0x00,0x00,0x00,0x00,0x00,0x00,0x00,0x00,0x00,0x00,
  0x00,0x00,0x00,0x00,0x00,0x00,0x00,0x00,0x00,0x00,0x00,0x00,
  0x00,0x00,0x00,0x00,0x00,0x00,0x00,0x00,0x00,0x00,0x00,0x00,
  0x00,0x00,0x00,0x00,0x00,0x00,0x00,0x00,0x00,0x00,0x00,0x00,
  0x00,0x00,0x00,0x00,0x00,0x00,0x00,0x00,0x00,0x00,0x00,0x00,
  0x00,0x00,0x00,0x00,0x00,0x00,0x00,0x00,0x00,0x00,0x00,0x00,
  0x00,0x00,0x00,0x00,0x00,0x00,0x00,0x00,0x00,0x00,0x00,0x00,
  0x00,0x00,0x00,0x00,0x00,0x00,0x00,0x00,0x00,0x00,0x00,0x00,
  0x00,0x00,0x00,0x00,0x00,0x00,0x00,0x00,0x00,0x00,0x00,0x00,
  0x00,0x00,0x00,0x00,0x00,0x00,0x00,0x00,0x00,0x00,0x00,0x00,
  0x00,0x00,0x00,0x00,0x00,0x00,0x00,0x00,0x00,0x00,0x00,0x00,
  0x00,0x00,0x00,0x00,0x00,0x00,0x00,0x00,0x00,0x00,0x00,0x00,
  0x00,0x00,0x00,0x00,0x00,0x00,0x00,0x00,0x00,0x00,0x00,0x00,
  0x00,0x00,0x00,0x00,0x00,0x00,0x00,0x00,0x00,0x00,0x00,0x00,
  0x00,0x00,0x00,0x00,0x00,0x00,0x00,0x00,0x00,0x00,0x00,0x00,
  0x00,0x00,0x00,0x00,0x00,0x00,0x00,0x00,0x00,0x00,0x00,0x00,
  0x00,0x00,0x00,0x00,0x00,0x00,0x00,0x00,0x00,0x00,0x00,0x00,
  0x00,0x00,0x00,0x00,0x00,0x00,0x00,0x00,0x00,0x00,0x00,0x00,
  0x00,0x00,0x00,0x00,0x00,0x00,0x00,0x00,0x00,0x00,0x00,0x00,
  0x00,0x00,0x00,0x00,0x00,0x00,0x00,0x00,0x00,0x00,0x00,0x00,
  0x00,0x00,0x00,0x00,0x00,0x00,0x00,0x00,0x00,0x00,0x00,0x00,
  0x00,0x00,0x00,0x00,0x00,0x00,0x00,0x00,0x00,0x00,0x00,0x00,
  0x00,0x00,0x00,0x00,0x00,0x00,0x00,0x00,0x00,0x00,0x00,0x00,
  0x00,0x00,0x00,0x00,0x00,0x00,0x00,0x00,0x00,0x00,0x00,0x00,
  0x00,0x00,0x00,0x00,0x00,0x00,0x00,0x00,0x00,0x00,0x00,0x00,
  0x00,0x00,0x00,0x00,0x00,0x00,0x00,0x00,0x00,0x00,0x00,0x00,
  0x00,0x00,0x00,0x00,0x00,0x00,0x00,0x00,0x00,0x00,0x00,0x00,
  0x00,0x00,0x00,0x00,0x00,0x00,0x00,0x00,0x00,0x00,0x00,0x00,
  0x00,0x00,0x00,0x00,0x00,0x00,0x00,0x00,0x00,0x00,0x00,0x00,
  0x00,0x00,0x00,0x00,0x00,0x00,0x00,0x00,0x00,0x00,0x00,0x00,
  0x00,0x00,0x00,0x00,0x00,0x00,0x00,0x00,0x00,0x00,0x7F,0x02,
  0x00,0x00,0x00,0x00,0x9B,0x9B,0xB8,0x12,0x0E,0x15,0x5E,0xF4,
  0x0A,0x19,0x76,0xFF,0x1C,0x38,0xB0,0xFE,0x19,0x36,0xAB,0xFF,
  0x16,0x32,0xA8,0xFF,0x17,0x33,0xA7,0xFF,0x1F,0x7F,0xEE,0xFF,
  0x1D,0x8F,0xFF,0xFF,0x40,0xC2,0xFC,0xFF,0x42,0xCD,0xFD,0xFF,
  0x5B,0xDB,0xFD,0xFF,0x77,0xEB,0xFE,0xFF,0x72,0xE9,0xFE,0xFF,
  0x7A,0xEE,0xFE,0xFF,0x47,0xC5,0xFD,0xFF,0x20,0xA6,0xFE,0xFF,
  0x2B,0xAF,0xFE,0xFF,0x2B,0xAE,0xFE,0xFF,0x2B,0xB0,0xFE,0xFF,
  0x2C,0xB2,0xFE,0xFF,0x2D,0xB3,0xFE,0xFF,0x2E,0xB5,0xFE,0xFF,
  0x3D,0xBE,0xFC,0xFF,0x7B,0xE9,0xFD,0xFF,0x7D,0xEC,0xFE,0xFF,
  0x7B,0xEB,0xFE,0xFF,0x86,0xFF,0xFF,0xFF,0x5A,0xB3,0xE1,0xFF,
  0x14,0x2D,0xAC,0xFF,0x1B,0x39,0xB4,0xFF,0x18,0x38,0xAD,0xFF,
  0x16,0x32,0xA7,0xFE,0x0C,0x20,0x8E,0xFF,0x14,0x1F,0x6F,0xA3,
  0x01,0x00,0x00,0x00,0x00,0x00,0x55,0x03,0x00,0x00,0x00,0x00,
  0x00,0x00,0x00,0x00,0x00,0x00,0x00,0x00,0x00,0x00,0x00,0x00,
  0x00,0x00,0x00,0x00,0x00,0x00,0x00,0x00,0x00,0x00,0x00,0x00,
  0x00,0x00,0x00,0x00,0x00,0x00,0x00,0x00,0x00,0x00,0x00,0x00,
  0x00,0x00,0x00,0x00,0x00,0x00,0x00,0x00,0x00,0x00,0x00,0x00,
  0x00,0x00,0x00,0x00,0x00,0x00,0x00,0x00,0x00,0x00,0x00,0x00,
  0x00,0x00,0x00,0x00,0x00,0x00,0x00,0x00,0x00,0x00,0x00,0x00,
  0x00,0x00,0x00,0x00,0x00,0x00,0x00,0x00,0x00,0x00,0x00,0x00,
  0x00,0x00,0x00,0x00,0x00,0x00,0x00,0x00,0x00,0x00,0x00,0x00,
  0x00,0x00,0x00,0x00,0x00,0x00,0x00,0x00,0x00,0x00,0x00,0x00,
  0x00,0x00,0x00,0x00,0x00,0x00,0x00,0x00,0x00,0x00,0x00,0x00,
  0x00,0x00,0x00,0x00,0x00,0x00,0x00,0x00,0x00,0x00,0x00,0x00,
  0x00,0x00,0x00,0x00,0x00,0x00,0x00,0x00,0x00,0x00,0x00,0x00,
  0x00,0x00,0x00,0x00,0x00,0x00,0x00,0x00,0x00,0x00,0x00,0x00,
  0x00,0x00,0x00,0x00,0x00,0x00,0x00,0x00,0x00,0x00,0x00,0x00,
  0x00,0x00,0x00,0x00,0x00,0x00,0x00,0x00,0x00,0x00,0x00,0x00,
  0x00,0x00,0x00,0x00,0x00,0x00,0x00,0x00,0x00,0x00,0x00,0x00,
  0x00,0x00,0x00,0x00,0x00,0x00,0x00,0x00,0x00,0x00,0x00,0x00,
  0x00,0x00,0x00,0x00,0x00,0x00,0x00,0x00,0x00,0x00,0x00,0x00,
  0x00,0x00,0x00,0x00,0x00,0x00,0x00,0x00,0x00,0x00,0x00,0x00,
  0x00,0x00,0x00,0x00,0x00,0x00,0x00,0x00,0x00,0x00,0x00,0x00,
  0x00,0x00,0x00,0x00,0x00,0x00,0x00,0x00,0x00,0x00,0x00,0x00,
  0x00,0x00,0x00,0x00,0x00,0x00,0x00,0x00,0x00,0x00,0x00,0x00,
  0x00,0x00,0x00,0x00,0x00,0x00,0x00,0x00,0x00,0x00,0x00,0x00,
  0x00,0x00,0x00,0x00,0x00,0x00,0x00,0x00,0x00,0x00,0x00,0x00,
  0x00,0x00,0x00,0x00,0x00,0x00,0x00,0x00,0x00,0x00,0x00,0x00,
  0x00,0x00,0x00,0x00,0x00,0x00,0x00,0x00,0x00,0x00,0x00,0x00,
  0x00,0x00,0x00,0x00,0x00,0x00,0x00,0x00,0x00,0x00,0x00,0x00,
  0x00,0x00,0x00,0x00,0x00,0x00,0x00,0x00,0x00,0x00,0x00,0x00,
  0x00,0x00,0x00,0x00,0x00,0x00,0x00,0x00,0x00,0x00,0x00,0x00,
  0x00,0x00,0x00,0x00,0x00,0x00,0x00,0x00,0x00,0x00,0x00,0x00,
  0x00,0x00,0x00,0x00,0x00,0x00,0x00,0x00,0x00,0x00,0x00,0x00,
  0x00,0x00,0x00,0x00,0x00,0x00,0x00,0x00,0x00,0x00,0x00,0x00,
  0x00,0x00,0x00,0x00,0x00,0x00,0x00,0x00,0x00,0x00,0x00,0x00,
  0x00,0x00,0x00,0x00,0x00,0x00,0x00,0x00,0x00,0x00,0x00,0x00,
  0x00,0x00,0x00,0x00,0x00,0x00,0x00,0x00,0x00,0x00,0x00,0x00,
  0x00,0x00,0x00,0x00,0x00,0x00,0x00,0x00,0x00,0x00,0x00,0x00,
  0x00,0x00,0x00,0x00,0x00,0x00,0x00,0x00,0x00,0x00,0x00,0x00,
  0x00,0x00,0x00,0x00,0x00,0x00,0x00,0x00,0x00,0x00,0x00,0x00,
  0x00,0x00,0x00,0x00,0x00,0x00,0x00,0x00,0x00,0x00,0x00,0x00,
  0x00,0x00,0x00,0x00,0x00,0x00,0x00,0x00,0x00,0x00,0x00,0x00,
  0x00,0x00,0x00,0x00,0x00,0x00,0x00,0x00,0x00,0x00,0x7F,0x02,
  0x00,0x00,0x00,0x00,0x31,0x3C,0x78,0x61,0x28,0x31,0x7A,0xA4,
  0x16,0x27,0x83,0xF8,0x12,0x28,0x92,0xFF,0x19,0x38,0xAF,0xFE,
  0x17,0x2D,0xA6,0xFF,0x1D,0x4C,0xBF,0xFF,0x24,0x85,0xED,0xFF,
  0x20,0x8C,0xFA,0xFF,0x1D,0x8C,0xFE,0xFF,0x29,0x9D,0xFC,0xFF,
  0x24,0x9C,0xFD,0xFF,0x4D,0xC5,0xFD,0xFF,0x7E,0xF3,0xFE,0xFF,
  0x77,0xEC,0xFE,0xFF,0x7D,0xF1,0xFE,0xFF,0x4C,0xC9,0xFD,0xFF,
  0x26,0xAB,0xFE,0xFF,0x2B,0xB0,0xFE,0xFF,0x2B,0xAF,0xFE,0xFF,
  0x2D,0xB1,0xFE,0xFF,0x2D,0xB3,0xFE,0xFF,0x2C,0xB1,0xFE,0xFF,
  0x34,0xB9,0xFD,0xFF,0x68,0xE0,0xFD,0xFF,0x76,0xE9,0xFE,0xFF,
  0x78,0xEA,0xFE,0xFF,0x7C,0xEC,0xFE,0xFF,0x78,0xEC,0xFE,0xFF,
  0x41,0xB4,0xF0,0xFF,0x2A,0x8B,0xDE,0xFF,0x2A,0x7F,0xD7,0xFF,
  0x18,0x35,0xB2,0xFF,0x1D,0x3E,0xBD,0xFB,0x12,0x28,0x96,0xFE,
  0x14,0x1F,0x6D,0xA0,0x01,0x00,0x00,0x00,0x00,0x00,0x55,0x03,
  0x00,0x00,0x00,0x00,0x00,0x00,0x00,0x00,0x00,0x00,0x00,0x00,
  0x00,0x00,0x00,0x00,0x00,0x00,0x00,0x00,0x00,0x00,0x00,0x00,
  0x00,0x00,0x00,0x00,0x00,0x00,0x00,0x00,0x00,0x00,0x00,0x00,
  0x00,0x00,0x00,0x00,0x00,0x00,0x00,0x00,0x00,0x00,0x00,0x00,
  0x00,0x00,0x00,0x00,0x00,0x00,0x00,0x00,0x00,0x00,0x00,0x00,
  0x00,0x00,0x00,0x00,0x00,0x00,0x00,0x00,0x00,0x00,0x00,0x00,
  0x00,0x00,0x00,0x00,0x00,0x00,0x00,0x00,0x00,0x00,0x00,0x00,
  0x00,0x00,0x00,0x00,0x00,0x00,0x00,0x00,0x00,0x00,0x00,0x00,
  0x00,0x00,0x00,0x00,0x00,0x00,0x00,0x00,0x00,0x00,0x00,0x00,
  0x00,0x00,0x00,0x00,0x00,0x00,0x00,0x00,0x00,0x00,0x00,0x00,
  0x00,0x00,0x00,0x00,0x00,0x00,0x00,0x00,0x00,0x00,0x00,0x00,
  0x00,0x00,0x00,0x00,0x00,0x00,0x00,0x00,0x00,0x00,0x00,0x00,
  0x00,0x00,0x00,0x00,0x00,0x00,0x00,0x00,0x00,0x00,0x00,0x00,
  0x00,0x00,0x00,0x00,0x00,0x00,0x00,0x00,0x00,0x00,0x00,0x00,
  0x00,0x00,0x00,0x00,0x00,0x00,0x00,0x00,0x00,0x00,0x00,0x00,
  0x00,0x00,0x00,0x00,0x00,0x00,0x00,0x00,0x00,0x00,0x00,0x00,
  0x00,0x00,0x00,0x00,0x00,0x00,0x00,0x00,0x00,0x00,0x00,0x00,
  0x00,0x00,0x00,0x00,0x00,0x00,0x00,0x00,0x00,0x00,0x00,0x00,
  0x00,0x00,0x00,0x00,0x00,0x00,0x00,0x00,0x00,0x00,0x00,0x00,
  0x00,0x00,0x00,0x00,0x00,0x00,0x00,0x00,0x00,0x00,0x00,0x00,
  0x00,0x00,0x00,0x00,0x00,0x00,0x00,0x00,0x00,0x00,0x00,0x00,
  0x00,0x00,0x00,0x00,0x00,0x00,0x00,0x00,0x00,0x00,0x00,0x00,
  0x00,0x00,0x00,0x00,0x00,0x00,0x00,0x00,0x00,0x00,0x00,0x00,
  0x00,0x00,0x00,0x00,0x00,0x00,0x00,0x00,0x00,0x00,0x00,0x00,
  0x00,0x00,0x00,0x00,0x00,0x00,0x00,0x00,0x00,0x00,0x00,0x00,
  0x00,0x00,0x00,0x00,0x00,0x00,0x00,0x00,0x00,0x00,0x00,0x00,
  0x00,0x00,0x00,0x00,0x00,0x00,0x00,0x00,0x00,0x00,0x00,0x00,
  0x00,0x00,0x00,0x00,0x00,0x00,0x00,0x00,0x00,0x00,0x00,0x00,
  0x00,0x00,0x00,0x00,0x00,0x00,0x00,0x00,0x00,0x00,0x00,0x00,
  0x00,0x00,0x00,0x00,0x00,0x00,0x00,0x00,0x00,0x00,0x00,0x00,
  0x00,0x00,0x00,0x00,0x00,0x00,0x00,0x00,0x00,0x00,0x00,0x00,
  0x00,0x00,0x00,0x00,0x00,0x00,0x00,0x00,0x00,0x00,0x00,0x00,
  0x00,0x00,0x00,0x00,0x00,0x00,0x00,0x00,0x00,0x00,0x00,0x00,
  0x00,0x00,0x00,0x00,0x00,0x00,0x00,0x00,0x00,0x00,0x00,0x00,
  0x00,0x00,0x00,0x00,0x00,0x00,0x00,0x00,0x00,0x00,0x00,0x00,
  0x00,0x00,0x00,0x00,0x00,0x00,0x00,0x00,0x00,0x00,0x00,0x00,
  0x00,0x00,0x00,0x00,0x00,0x00,0x00,0x00,0x00,0x00,0x00,0x00,
  0x00,0x00,0x00,0x00,0x00,0x00,0x00,0x00,0x00,0x00,0x00,0x00,
  0x00,0x00,0x00,0x00,0x00,0x00,0x00,0x00,0x00,0x00,0x00,0x00,
  0x00,0x00,0x00,0x00,0x00,0x00,0x00,0x00,0x00,0x00,0x00,0x00,
  0x00,0x00,0x00,0x00,0x00,0x00,0x00,0x00,0x00,0x00,0x00,0x00,
  0x00,0x00,0x55,0x03,0x00,0x00,0x00,0x00,0x19,0x24,0x6B,0xBC,
  0x0D,0x1A,0x7A,0xFF,0x1A,0x39,0xB2,0xFC,0x1A,0x39,0xB3,0xFF,
  0x18,0x34,0xAB,0xFF,0x1C,0x3D,0xAE,0xFF,0x24,0x6C,0xD3,0xFF,
  0x22,0x9D,0xFF,0xFF,0x1E,0x8E,0xFD,0xFF,0x1E,0x8D,0xFD,0xFF,
  0x1C,0x8A,0xFD,0xFF,0x17,0x85,0xFD,0xFF,0x38,0xAB,0xFC,0xFF,
  0x5B,0xD2,0xFB,0xFF,0x58,0xD0,0xFC,0xFF,0x5A,0xD4,0xFD,0xFF,
  0x3D,0xBE,0xFE,0xFF,0x28,0xAB,0xFE,0xFF,0x2B,0xAF,0xFE,0xFF,
  0x2B,0xAF,0xFE,0xFF,0x2D,0xB3,0xFE,0xFF,0x30,0xB4,0xFD,0xFF,
  0x34,0xB7,0xFD,0xFF,0x4E,0xCC,0xFE,0xFF,0x7A,0xED,0xFE,0xFF,
  0x79,0xEA,0xFE,0xFF,0x7A,0xEB,0xFE,0xFF,0x79,0xEB,0xFE,0xFF,
  0x6D,0xE1,0xFD,0xFF,0x35,0xBC,0xFF,0xFF,0x37,0xC8,0xFF,0xFF,
  0x35,0xB0,0xF4,0xFF,0x21,0x59,0xC1,0xFF,0x1E,0x44,0xBA,0xFC,
  0x10,0x25,0x94,0xFF,0x14,0x21,0x72,0xA1,0x01,0x00,0x00,0x00,
  0x00,0x00,0x55,0x03,0x00,0x00,0x00,0x00,0x00,0x00,0x00,0x00,
  0x00,0x00,0x00,0x00,0x00,0x00,0x00,0x00,0x00,0x00,0x00,0x00,
  0x00,0x00,0x00,0x00,0x00,0x00,0x00,0x00,0x00,0x00,0x00,0x00,
  0x00,0x00,0x00,0x00,0x00,0x00,0x00,0x00,0x00,0x00,0x00,0x00,
  0x00,0x00,0x00,0x00,0x00,0x00,0x00,0x00,0x00,0x00,0x00,0x00,
  0x00,0x00,0x00,0x00,0x00,0x00,0x00,0x00,0x00,0x00,0x00,0x00,
  0x00,0x00,0x00,0x00,0x00,0x00,0x00,0x00,0x00,0x00,0x00,0x00,
  0x00,0x00,0x00,0x00,0x00,0x00,0x00,0x00,0x00,0x00,0x00,0x00,
  0x00,0x00,0x00,0x00,0x00,0x00,0x00,0x00,0x00,0x00,0x00,0x00,
  0x00,0x00,0x00,0x00,0x00,0x00,0x00,0x00,0x00,0x00,0x00,0x00,
  0x00,0x00,0x00,0x00,0x00,0x00,0x00,0x00,0x00,0x00,0x00,0x00,
  0x00,0x00,0x00,0x00,0x00,0x00,0x00,0x00,0x00,0x00,0x00,0x00,
  0x00,0x00,0x00,0x00,0x00,0x00,0x00,0x00,0x00,0x00,0x00,0x00,
  0x00,0x00,0x00,0x00,0x00,0x00,0x00,0x00,0x00,0x00,0x00,0x00,
  0x00,0x00,0x00,0x00,0x00,0x00,0x00,0x00,0x00,0x00,0x00,0x00,
  0x00,0x00,0x00,0x00,0x00,0x00,0x00,0x00,0x00,0x00,0x00,0x00,
  0x00,0x00,0x00,0x00,0x00,0x00,0x00,0x00,0x00,0x00,0x00,0x00,
  0x00,0x00,0x00,0x00,0x00,0x00,0x00,0x00,0x00,0x00,0x00,0x00,
  0x00,0x00,0x00,0x00,0x00,0x00,0x00,0x00,0x00,0x00,0x00,0x00,
  0x00,0x00,0x00,0x00,0x00,0x00,0x00,0x00,0x00,0x00,0x00,0x00,
  0x00,0x00,0x00,0x00,0x00,0x00,0x00,0x00,0x00,0x00,0x00,0x00,
  0x00,0x00,0x00,0x00,0x00,0x00,0x00,0x00,0x00,0x00,0x00,0x00,
  0x00,0x00,0x00,0x00,0x00,0x00,0x00,0x00,0x00,0x00,0x00,0x00,
  0x00,0x00,0x00,0x00,0x00,0x00,0x00,0x00,0x00,0x00,0x00,0x00,
  0x00,0x00,0x00,0x00,0x00,0x00,0x00,0x00,0x00,0x00,0x00,0x00,
  0x00,0x00,0x00,0x00,0x00,0x00,0x00,0x00,0x00,0x00,0x00,0x00,
  0x00,0x00,0x00,0x00,0x00,0x00,0x00,0x00,0x00,0x00,0x00,0x00,
  0x00,0x00,0x00,0x00,0x00,0x00,0x00,0x00,0x00,0x00,0x00,0x00,
  0x00,0x00,0x00,0x00,0x00,0x00,0x00,0x00,0x00,0x00,0x00,0x00,
  0x00,0x00,0x00,0x00,0x00,0x00,0x00,0x00,0x00,0x00,0x00,0x00,
  0x00,0x00,0x00,0x00,0x00,0x00,0x00,0x00,0x00,0x00,0x00,0x00,
  0x00,0x00,0x00,0x00,0x00,0x00,0x00,0x00,0x00,0x00,0x00,0x00,
  0x00,0x00,0x00,0x00,0x00,0x00,0x00,0x00,0x00,0x00,0x00,0x00,
  0x00,0x00,0x00,0x00,0x00,0x00,0x00,0x00,0x00,0x00,0x00,0x00,
  0x00,0x00,0x00,0x00,0x00,0x00,0x00,0x00,0x00,0x00,0x00,0x00,
  0x00,0x00,0x00,0x00,0x00,0x00,0x00,0x00,0x00,0x00,0x00,0x00,
  0x00,0x00,0x00,0x00,0x00,0x00,0x00,0x00,0x00,0x00,0x00,0x00,
  0x00,0x00,0x00,0x00,0x00,0x00,0x00,0x00,0x00,0x00,0x00,0x00,
  0x00,0x00,0x00,0x00,0x00,0x00,0x00,0x00,0x00,0x00,0x00,0x00,
  0x00,0x00,0x00,0x00,0x00,0x00,0x00,0x00,0x00,0x00,0x00,0x00,
  0x00,0x00,0x00,0x00,0x00,0x00,0x00,0x00,0x00,0x00,0x00,0x00,
  0x00,0x00,0x00,0x00,0x00,0x00,0x3F,0x04,0x00,0x00,0x00,0x02,
  0x1A,0x22,0x6A,0xAF,0x0D,0x1A,0x75,0xFC,0x19,0x35,0xAB,0xFC,
  0x19,0x38,0xAF,0xFF,0x14,0x2D,0xA7,0xFF,0x2B,0x7F,0xD5,0xFF,
  0x3A,0xBF,0xFE,0xFF,0x2F,0xAC,0xFC,0xFF,0x30,0xB3,0xFE,0xFF,
  0x26,0x9D,0xFD,0xFF,0x20,0x92,0xFD,0xFF,0x1F,0x8E,0xFD,0xFF,
  0x1E,0x8E,0xFD,0xFF,0x1E,0x92,0xFD,0xFF,0x26,0xA5,0xFD,0xFF,
  0x24,0xA6,0xFD,0xFF,0x25,0xA8,0xFE,0xFF,0x26,0xAA,0xFD,0xFF,
  0x2A,0xAF,0xFE,0xFF,0x2C,0xB1,0xFE,0xFF,0x2D,0xB2,0xFE,0xFF,
  0x26,0xAE,0xFE,0xFF,0x40,0xBF,0xFC,0xFF,0x7C,0xED,0xFE,0xFF,
  0x79,0xEA,0xFE,0xFF,0x7A,0xEA,0xFE,0xFF,0x82,0xF1,0xFE,0xFF,
  0x53,0xCF,0xFD,0xFF,0x30,0xB6,0xFD,0xFF,0x35,0xBA,0xFD,0xFF,
  0x32,0xB7,0xFC,0xFF,0x33,0xB7,0xFB,0xFF,0x3C,0xC6,0xFF,0xFF,
  0x21,0x54,0xA8,0xFB,0x0A,0x15,0x7B,0xFD,0x19,0x27,0x77,0xA0,
  0x00,0x00,0x00,0x00,0x00,0x00,0x55,0x03,0x00,0x00,0x00,0x00,
  0x00,0x00,0x00,0x00,0x00,0x00,0x00,0x00,0x00,0x00,0x00,0x00,
  0x00,0x00,0x00,0x00,0x00,0x00,0x00,0x00,0x00,0x00,0x00,0x00,
  0x00,0x00,0x00,0x00,0x00,0x00,0x00,0x00,0x00,0x00,0x00,0x00,
  0x00,0x00,0x00,0x00,0x00,0x00,0x00,0x00,0x00,0x00,0x00,0x00,
  0x00,0x00,0x00,0x00,0x00,0x00,0x00,0x00,0x00,0x00,0x00,0x00,
  0x00,0x00,0x00,0x00,0x00,0x00,0x00,0x00,0x00,0x00,0x00,0x00,
  0x00,0x00,0x00,0x00,0x00,0x00,0x00,0x00,0x00,0x00,0x00,0x00,
  0x00,0x00,0x00,0x00,0x00,0x00,0x00,0x00,0x00,0x00,0x00,0x00,
  0x00,0x00,0x00,0x00,0x00,0x00,0x00,0x00,0x00,0x00,0x00,0x00,
  0x00,0x00,0x00,0x00,0x00,0x00,0x00,0x00,0x00,0x00,0x00,0x00,
  0x00,0x00,0x00,0x00,0x00,0x00,0x00,0x00,0x00,0x00,0x00,0x00,
  0x00,0x00,0x00,0x00,0x00,0x00,0x00,0x00,0x00,0x00,0x00,0x00,
  0x00,0x00,0x00,0x00,0x00,0x00,0x00,0x00,0x00,0x00,0x00,0x00,
  0x00,0x00,0x00,0x00,0x00,0x00,0x00,0x00,0x00,0x00,0x00,0x00,
  0x00,0x00,0x00,0x00,0x00,0x00,0x00,0x00,0x00,0x00,0x00,0x00,
  0x00,0x00,0x00,0x00,0x00,0x00,0x00,0x00,0x00,0x00,0x00,0x00,
  0x00,0x00,0x00,0x00,0x00,0x00,0x00,0x00,0x00,0x00,0x00,0x00,
  0x00,0x00,0x00,0x00,0x00,0x00,0x00,0x00,0x00,0x00,0x00,0x00,
  0x00,0x00,0x00,0x00,0x00,0x00,0x00,0x00,0x00,0x00,0x00,0x00,
  0x00,0x00,0x00,0x00,0x00,0x00,0x00,0x00,0x00,0x00,0x00,0x00,
  0x00,0x00,0x00,0x00,0x00,0x00,0x00,0x00,0x00,0x00,0x00,0x00,
  0x00,0x00,0x00,0x00,0x00,0x00,0x00,0x00,0x00,0x00,0x00,0x00,
  0x00,0x00,0x00,0x00,0x00,0x00,0x00,0x00,0x00,0x00,0x00,0x00,
  0x00,0x00,0x00,0x00,0x00,0x00,0x00,0x00,0x00,0x00,0x00,0x00,
  0x00,0x00,0x00,0x00,0x00,0x00,0x00,0x00,0x00,0x00,0x00,0x00,
  0x00,0x00,0x00,0x00,0x00,0x00,0x00,0x00,0x00,0x00,0x00,0x00,
  0x00,0x00,0x00,0x00,0x00,0x00,0x00,0x00,0x00,0x00,0x00,0x00,
  0x00,0x00,0x00,0x00,0x00,0x00,0x00,0x00,0x00,0x00,0x00,0x00,
  0x00,0x00,0x00,0x00,0x00,0x00,0x00,0x00,0x00,0x00,0x00,0x00,
  0x00,0x00,0x00,0x00,0x00,0x00,0x00,0x00,0x00,0x00,0x00,0x00,
  0x00,0x00,0x00,0x00,0x00,0x00,0x00,0x00,0x00,0x00,0x00,0x00,
  0x00,0x00,0x00,0x00,0x00,0x00,0x00,0x00,0x00,0x00,0x00,0x00,
  0x00,0x00,0x00,0x00,0x00,0x00,0x00,0x00,0x00,0x00,0x00,0x00,
  0x00,0x00,0x00,0x00,0x00,0x00,0x00,0x00,0x00,0x00,0x00,0x00,
  0x00,0x00,0x00,0x00,0x00,0x00,0x00,0x00,0x00,0x00,0x00,0x00,
  0x00,0x00,0x00,0x00,0x00,0x00,0x00,0x00,0x00,0x00,0x00,0x00,
  0x00,0x00,0x00,0x00,0x00,0x00,0x00,0x00,0x00,0x00,0x00,0x00,
  0x00,0x00,0x00,0x00,0x00,0x00,0x00,0x00,0x00,0x00,0x00,0x00,
  0x00,0x00,0x00,0x00,0x00,0x00,0x00,0x00,0x00,0x00,0x00,0x00,
  0x00,0x00,0x00,0x00,0x00,0x00,0x00,0x00,0x00,0x00,0x00,0x00,
  0x00,0x00,0x00,0x00,0x00,0x00,0x00,0x00,0x01,0x01,0x00,0x00,
  0x03,0x02,0x00,0x00,0x1A,0x21,0x66,0xAF,0x0A,0x17,0x71,0xFF,
  0x1B,0x37,0xAD,0xFC,0x19,0x37,0xAF,0xFF,0x12,0x26,0xA5,0xFF,
  0x29,0x78,0xD2,0xFF,0x3C,0xC4,0xFF,0xFF,0x38,0xBD,0xFC,0xFF,
  0x37,0xBF,0xFE,0xFF,0x35,0xBD,0xFE,0xFF,0x30,0xB3,0xFE,0xFF,
  0x24,0x9A,0xFD,0xFF,0x21,0x94,0xFD,0xFF,0x20,0x92,0xFD,0xFF,
  0x25,0x9D,0xFD,0xFF,0x5A,0xD1,0xFC,0xFF,0x66,0xDC,0xFD,0xFF,
  0x5E,0xD7,0xFD,0xFF,0x30,0xB4,0xFE,0xFF,0x28,0xAF,0xFE,0xFF,
  0x2F,0xB4,0xFD,0xFF,0x3F,0xBE,0xFD,0xFF,0x54,0xCD,0xFC,0xFF,
  0x7C,0xEC,0xFE,0xFF,0x7A,0xEC,0xFE,0xFF,0x81,0xF0,0xFE,0xFF,
  0x72,0xE4,0xFD,0xFF,0x3B,0xBF,0xFD,0xFF,0x30,0xB8,0xFD,0xFF,
  0x32,0xB9,0xFD,0xFF,0x34,0xBA,0xFE,0xFF,0x36,0xC0,0xFF,0xFF,
  0x3E,0xCD,0xFF,0xFF,0x1D,0x4F,0xA8,0xFF,0x05,0x0E,0x75,0xFF,
  0x18,0x26,0x73,0xA5,0x00,0x00,0x00,0x00,0x00,0x00,0x55,0x03,
  0x00,0x00,0x00,0x00,0x00,0x00,0x00,0x00,0x00,0x00,0x00,0x00,
  0x00,0x00,0x00,0x00,0x00,0x00,0x00,0x00,0x00,0x00,0x00,0x00,
  0x00,0x00,0x00,0x00,0x00,0x00,0x00,0x00,0x00,0x00,0x00,0x00,
  0x00,0x00,0x00,0x00,0x00,0x00,0x00,0x00,0x00,0x00,0x00,0x00,
  0x00,0x00,0x00,0x00,0x00,0x00,0x00,0x00,0x00,0x00,0x00,0x00,
  0x00,0x00,0x00,0x00,0x00,0x00,0x00,0x00,0x00,0x00,0x00,0x00,
  0x00,0x00,0x00,0x00,0x00,0x00,0x00,0x00,0x00,0x00,0x00,0x00,
  0x00,0x00,0x00,0x00,0x00,0x00,0x00,0x00,0x00,0x00,0x00,0x00,
  0x00,0x00,0x00,0x00,0x00,0x00,0x00,0x00,0x00,0x00,0x00,0x00,
  0x00,0x00,0x00,0x00,0x00,0x00,0x00,0x00,0x00,0x00,0x00,0x00,
  0x00,0x00,0x00,0x00,0x00,0x00,0x00,0x00,0x00,0x00,0x00,0x00,
  0x00,0x00,0x00,0x00,0x00,0x00,0x00,0x00,0x00,0x00,0x00,0x00,
  0x00,0x00,0x00,0x00,0x00,0x00,0x00,0x00,0x00,0x00,0x00,0x00,
  0x00,0x00,0x00,0x00,0x00,0x00,0x00,0x00,0x00,0x00,0x00,0x00,
  0x00,0x00,0x00,0x00,0x00,0x00,0x00,0x00,0x00,0x00,0x00,0x00,
  0x00,0x00,0x00,0x00,0x00,0x00,0x00,0x00,0x00,0x00,0x00,0x00,
  0x00,0x00,0x00,0x00,0x00,0x00,0x00,0x00,0x00,0x00,0x00,0x00,
  0x00,0x00,0x00,0x00,0x00,0x00,0x00,0x00,0x00,0x00,0x00,0x00,
  0x00,0x00,0x00,0x00,0x00,0x00,0x00,0x00,0x00,0x00,0x00,0x00,
  0x00,0x00,0x00,0x00,0x00,0x00,0x00,0x00,0x00,0x00,0x00,0x00,
  0x00,0x00,0x00,0x00,0x00,0x00,0x00,0x00,0x00,0x00,0x00,0x00,
  0x00,0x00,0x00,0x00,0x00,0x00,0x00,0x00,0x00,0x00,0x00,0x00,
  0x00,0x00,0x00,0x00,0x00,0x00,0x00,0x00,0x00,0x00,0x00,0x00,
  0x00,0x00,0x00,0x00,0x00,0x00,0x00,0x00,0x00,0x00,0x00,0x00,
  0x00,0x00,0x00,0x00,0x00,0x00,0x00,0x00,0x00,0x00,0x00,0x00,
  0x00,0x00,0x00,0x00,0x00,0x00,0x00,0x00,0x00,0x00,0x00,0x00,
  0x00,0x00,0x00,0x00,0x00,0x00,0x00,0x00,0x00,0x00,0x00,0x00,
  0x00,0x00,0x00,0x00,0x00,0x00,0x00,0x00,0x00,0x00,0x00,0x00,
  0x00,0x00,0x00,0x00,0x00,0x00,0x00,0x00,0x00,0x00,0x00,0x00,
  0x00,0x00,0x00,0x00,0x00,0x00,0x00,0x00,0x00,0x00,0x00,0x00,
  0x00,0x00,0x00,0x00,0x00,0x00,0x00,0x00,0x00,0x00,0x00,0x00,
  0x00,0x00,0x00,0x00,0x00,0x00,0x00,0x00,0x00,0x00,0x00,0x00,
  0x00,0x00,0x00,0x00,0x00,0x00,0x00,0x00,0x00,0x00,0x00,0x00,
  0x00,0x00,0x00,0x00,0x00,0x00,0x00,0x00,0x00,0x00,0x00,0x00,
  0x00,0x00,0x00,0x00,0x00,0x00,0x00,0x00,0x00,0x00,0x00,0x00,
  0x00,0x00,0x00,0x00,0x00,0x00,0x00,0x00,0x00,0x00,0x00,0x00,
  0x00,0x00,0x00,0x00,0x00,0x00,0x00,0x00,0x00,0x00,0x00,0x00,
  0x00,0x00,0x00,0x00,0x00,0x00,0x00,0x00,0x00,0x00,0x00,0x00,
  0x00,0x00,0x00,0x00,0x00,0x00,0x00,0x00,0x00,0x00,0x00,0x00,
  0x00,0x00,0x00,0x00,0x00,0x00,0x00,0x00,0x00,0x00,0x00,0x00,
  0x00,0x00,0x00,0x00,0x00,0x00,0x55,0x03,0x00,0x00,0x00,0x00,
  0x31,0x39,0x7C,0x58,0x20,0x2A,0x74,0xB2,0x1F,0x33,0x92,0xE5,
  0x17,0x2F,0x9D,0xFF,0x1B,0x38,0xAF,0xFE,0x1A,0x3C,0xB3,0xFF,
  0x1E,0x4D,0xBB,0xFF,0x2F,0x8B,0xDE,0xFF,0x3D,0xC4,0xFF,0xFF,
  0x36,0xBC,0xFD,0xFF,0x35,0xBB,0xFE,0xFF,0x36,0xBD,0xFE,0xFF,
  0x36,0xBC,0xFE,0xFF,0x34,0xBB,0xFE,0xFF,0x2C,0xAC,0xFE,0xFF,
  0x20,0x96,0xFD,0xFF,0x21,0x94,0xFD,0xFF,0x70,0xE1,0xFD,0xFF,
  0x85,0xF5,0xFE,0xFF,0x7D,0xEE,0xFE,0xFF,0x4A,0xC7,0xFD,0xFF,
  0x37,0xBA,0xFD,0xFF,0x30,0xB4,0xFD,0xFF,0x72,0xE5,0xFD,0xFF,
  0x81,0xF1,0xFE,0xFF,0x7A,0xED,0xFE,0xFF,0x7C,0xED,0xFE,0xFF,
  0x7C,0xED,0xFE,0xFF,0x58,0xD3,0xFD,0xFF,0x2E,0xB6,0xFD,0xFF,
  0x33,0xB9,0xFD,0xFF,0x32,0xB9,0xFD,0xFF,0x35,0xBD,0xFF,0xFF,
  0x34,0xA2,0xE6,0xFF,0x37,0x9F,0xE0,0xFF,0x23,0x4F,0xA1,0xEE,
  0x11,0x19,0x76,0xE7,0x21,0x2D,0x78,0x92,0x00,0x00,0x00,0x00,
  0x00,0x00,0x55,0x03,0x00,0x00,0x00,0x00,0x00,0x00,0x00,0x00,
  0x00,0x00,0x00,0x00,0x00,0x00,0x00,0x00,0x00,0x00,0x00,0x00,
  0x00,0x00,0x00,0x00,0x00,0x00,0x00,0x00,0x00,0x00,0x00,0x00,
  0x00,0x00,0x00,0x00,0x00,0x00,0x00,0x00,0x00,0x00,0x00,0x00,
  0x00,0x00,0x00,0x00,0x00,0x00,0x00,0x00,0x00,0x00,0x00,0x00,
  0x00,0x00,0x00,0x00,0x00,0x00,0x00,0x00,0x00,0x00,0x00,0x00,
  0x00,0x00,0x00,0x00,0x00,0x00,0x00,0x00,0x00,0x00,0x00,0x00,
  0x00,0x00,0x00,0x00,0x00,0x00,0x00,0x00,0x00,0x00,0x00,0x00,
  0x00,0x00,0x00,0x00,0x00,0x00,0x00,0x00,0x00,0x00,0x00,0x00,
  0x00,0x00,0x00,0x00,0x00,0x00,0x00,0x00,0x00,0x00,0x00,0x00,
  0x00,0x00,0x00,0x00,0x00,0x00,0x00,0x00,0x00,0x00,0x00,0x00,
  0x00,0x00,0x00,0x00,0x00,0x00,0x00,0x00,0x00,0x00,0x00,0x00,
  0x00,0x00,0x00,0x00,0x00,0x00,0x00,0x00,0x00,0x00,0x00,0x00,
  0x00,0x00,0x00,0x00,0x00,0x00,0x00,0x00,0x00,0x00,0x00,0x00,
  0x00,0x00,0x00,0x00,0x00,0x00,0x00,0x00,0x00,0x00,0x00,0x00,
  0x00,0x00,0x00,0x00,0x00,0x00,0x00,0x00,0x00,0x00,0x00,0x00,
  0x00,0x00,0x00,0x00,0x00,0x00,0x00,0x00,0x00,0x00,0x00,0x00,
  0x00,0x00,0x00,0x00,0x00,0x00,0x00,0x00,0x00,0x00,0x00,0x00,
  0x00,0x00,0x00,0x00,0x00,0x00,0x00,0x00,0x00,0x00,0x00,0x00,
  0x00,0x00,0x00,0x00,0x00,0x00,0x00,0x00,0x00,0x00,0x00,0x00,
  0x00,0x00,0x00,0x00,0x00,0x00,0x00,0x00,0x00,0x00,0x00,0x00,
  0x00,0x00,0x00,0x00,0x00,0x00,0x00,0x00,0x00,0x00,0x00,0x00,
  0x00,0x00,0x00,0x00,0x00,0x00,0x00,0x00,0x00,0x00,0x00,0x00,
  0x00,0x00,0x00,0x00,0x00,0x00,0x00,0x00,0x00,0x00,0x00,0x00,
  0x00,0x00,0x00,0x00,0x00,0x00,0x00,0x00,0x00,0x00,0x00,0x00,
  0x00,0x00,0x00,0x00,0x00,0x00,0x00,0x00,0x00,0x00,0x00,0x00,
  0x00,0x00,0x00,0x00,0x00,0x00,0x00,0x00,0x00,0x00,0x00,0x00,
  0x00,0x00,0x00,0x00,0x00,0x00,0x00,0x00,0x00,0x00,0x00,0x00,
  0x00,0x00,0x00,0x00,0x00,0x00,0x00,0x00,0x00,0x00,0x00,0x00,
  0x00,0x00,0x00,0x00,0x00,0x00,0x00,0x00,0x00,0x00,0x00,0x00,
  0x00,0x00,0x00,0x00,0x00,0x00,0x00,0x00,0x00,0x00,0x00,0x00,
  0x00,0x00,0x00,0x00,0x00,0x00,0x00,0x00,0x00,0x00,0x00,0x00,
  0x00,0x00,0x00,0x00,0x00,0x00,0x00,0x00,0x00,0x00,0x00,0x00,
  0x00,0x00,0x00,0x00,0x00,0x00,0x00,0x00,0x00,0x00,0x00,0x00,
  0x00,0x00,0x00,0x00,0x00,0x00,0x00,0x00,0x00,0x00,0x00,0x00,
  0x00,0x00,0x00,0x00,0x00,0x00,0x00,0x00,0x00,0x00,0x00,0x00,
  0x00,0x00,0x00,0x00,0x00,0x00,0x00,0x00,0x00,0x00,0x00,0x00,
  0x00,0x00,0x00,0x00,0x00,0x00,0x00,0x00,0x00,0x00,0x00,0x00,
  0x00,0x00,0x00,0x00,0x00,0x00,0x00,0x00,0x00,0x00,0x00,0x00,
  0x00,0x00,0x00,0x00,0x00,0x00,0x00,0x00,0x00,0x00,0x00,0x00,
  0x00,0x00,0x00,0x00,0x00,0x00,0x00,0x00,0x00,0x00,0x3F,0x04,
  0x00,0x00,0x00,0x00,0x1E,0x28,0x71,0x85,0x09,0x14,0x6F,0xFF,
  0x19,0x35,0xA7,0xFF,0x1F,0x3F,0xB8,0xFF,0x1B,0x38,0xAF,0xFF,
  0x1D,0x44,0xB6,0xFF,0x3D,0xB9,0xF8,0xFF,0x3B,0xC5,0xFF,0xFF,
  0x3A,0xBE,0xFD,0xFF,0x37,0xBE,0xFE,0xFF,0x35,0xBC,0xFE,0xFF,
  0x36,0xBC,0xFE,0xFF,0x35,0xBC,0xFE,0xFF,0x33,0xBA,0xFD,0xFF,
  0x33,0xBB,0xFD,0xFF,0x2C,0xAD,0xFD,0xFF,0x28,0x9D,0xFC,0xFF,
  0x6C,0xDE,0xFD,0xFF,0x7D,0xEE,0xFE,0xFF,0x79,0xEB,0xFE,0xFF,
  0x86,0xF3,0xFE,0xFF,0x63,0xD9,0xFD,0xFF,0x2D,0xB3,0xFD,0xFF,
  0x75,0xE8,0xFD,0xFF,0x84,0xF3,0xFE,0xFF,0x7A,0xEB,0xFE,0xFF,
  0x82,0xF1,0xFE,0xFF,0x61,0xDA,0xFD,0xFF,0x2D,0xB5,0xFD,0xFF,
  0x33,0xBA,0xFD,0xFF,0x32,0xB9,0xFD,0xFF,0x32,0xB7,0xFC,0xFF,
  0x36,0xBF,0xFE,0xFF,0x1D,0x48,0x9C,0xFC,0x09,0x0E,0x6F,0xFE,
  0x32,0x3F,0x7E,0x65,0xEF,0xFF,0xFF,0x10,0x9C,0x9C,0xC4,0x0D,
  0x00,0x00,0x00,0x00,0x00,0x00,0x00,0x00,0x00,0x00,0x00,0x00,
  0x00,0x00,0x00,0x00,0x00,0x00,0x00,0x00,0x00,0x00,0x00,0x00,
  0x00,0x00,0x00,0x00,0x00,0x00,0x00,0x00,0x00,0x00,0x00,0x00,
  0x00,0x00,0x00,0x00,0x00,0x00,0x00,0x00,0x00,0x00,0x00,0x00,
  0x00,0x00,0x00,0x00,0x00,0x00,0x00,0x00,0x00,0x00,0x00,0x00,
  0x00,0x00,0x00,0x00,0x00,0x00,0x00,0x00,0x00,0x00,0x00,0x00,
  0x00,0x00,0x00,0x00,0x00,0x00,0x00,0x00,0x00,0x00,0x00,0x00,
  0x00,0x00,0x00,0x00,0x00,0x00,0x00,0x00,0x00,0x00,0x00,0x00,
  0x00,0x00,0x00,0x00,0x00,0x00,0x00,0x00,0x00,0x00,0x00,0x00,
  0x00,0x00,0x00,0x00,0x00,0x00,0x00,0x00,0x00,0x00,0x00,0x00,
  0x00,0x00,0x00,0x00,0x00,0x00,0x00,0x00,0x00,0x00,0x00,0x00,
  0x00,0x00,0x00,0x00,0x00,0x00,0x00,0x00,0x00,0x00,0x00,0x00,
  0x00,0x00,0x00,0x00,0x00,0x00,0x00,0x00,0x00,0x00,0x00,0x00,
  0x00,0x00,0x00,0x00,0x00,0x00,0x00,0x00,0x00,0x00,0x00,0x00,
  0x00,0x00,0x00,0x00,0x00,0x00,0x00,0x00,0x00,0x00,0x00,0x00,
  0x00,0x00,0x00,0x00,0x00,0x00,0x00,0x00,0x00,0x00,0x00,0x00,
  0x00,0x00,0x00,0x00,0x00,0x00,0x00,0x00,0x00,0x00,0x00,0x00,
  0x00,0x00,0x00,0x00,0x00,0x00,0x00,0x00,0x00,0x00,0x00,0x00,
  0x00,0x00,0x00,0x00,0x00,0x00,0x00,0x00,0x00,0x00,0x00,0x00,
  0x00,0x00,0x00,0x00,0x00,0x00,0x00,0x00,0x00,0x00,0x00,0x00,
  0x00,0x00,0x00,0x00,0x00,0x00,0x00,0x00,0x00,0x00,0x00,0x00,
  0x00,0x00,0x00,0x00,0x00,0x00,0x00,0x00,0x00,0x00,0x00,0x00,
  0x00,0x00,0x00,0x00,0x00,0x00,0x00,0x00,0x00,0x00,0x00,0x00,
  0x00,0x00,0x00,0x00,0x00,0x00,0x00,0x00,0x00,0x00,0x00,0x00,
  0x00,0x00,0x00,0x00,0x00,0x00,0x00,0x00,0x00,0x00,0x00,0x00,
  0x00,0x00,0x00,0x00,0x00,0x00,0x00,0x00,0x00,0x00,0x00,0x00,
  0x00,0x00,0x00,0x00,0x00,0x00,0x00,0x00,0x00,0x00,0x00,0x00,
  0x00,0x00,0x00,0x00,0x00,0x00,0x00,0x00,0x00,0x00,0x00,0x00,
  0x00,0x00,0x00,0x00,0x00,0x00,0x00,0x00,0x00,0x00,0x00,0x00,
  0x00,0x00,0x00,0x00,0x00,0x00,0x00,0x00,0x00,0x00,0x00,0x00,
  0x00,0x00,0x00,0x00,0x00,0x00,0x00,0x00,0x00,0x00,0x00,0x00,
  0x00,0x00,0x00,0x00,0x00,0x00,0x00,0x00,0x00,0x00,0x00,0x00,
  0x00,0x00,0x00,0x00,0x00,0x00,0x00,0x00,0x00,0x00,0x00,0x00,
  0x00,0x00,0x00,0x00,0x00,0x00,0x00,0x00,0x00,0x00,0x00,0x00,
  0x00,0x00,0x00,0x00,0x00,0x00,0x00,0x00,0x00,0x00,0x00,0x00,
  0x00,0x00,0x00,0x00,0x00,0x00,0x00,0x00,0x00,0x00,0x00,0x00,
  0x00,0x00,0x00,0x00,0x00,0x00,0x00,0x00,0x00,0x00,0x00,0x00,
  0x00,0x00,0x00,0x00,0x00,0x00,0x00,0x00,0x00,0x00,0x00,0x00,
  0x00,0x00,0x00,0x00,0x00,0x00,0x00,0x00,0x00,0x00,0x00,0x00,
  0x00,0x00,0x00,0x00,0x00,0x00,0x00,0x00,0x00,0x00,0x00,0x00,
  0x00,0x00,0x00,0x00,0x00,0x00,0x00,0x00,0x00,0x00,0x00,0x00,
  0x00,0x00,0x33,0x05,0x00,0x00,0x00,0x01,0x1E,0x28,0x6E,0x7D,
  0x08,0x14,0x6B,0xFC,0x18,0x31,0xA3,0xFA,0x1C,0x3B,0xB2,0xFF,
  0x1A,0x36,0xAF,0xFF,0x1C,0x42,0xB6,0xFF,0x39,0xB4,0xF6,0xFF,
  0x39,0xC4,0xFF,0xFF,0x3A,0xBE,0xFD,0xFF,0x39,0xBF,0xFE,0xFF,
  0x36,0xBD,0xFE,0xFF,0x36,0xBD,0xFE,0xFF,0x36,0xBD,0xFE,0xFF,
  0x33,0xBA,0xFD,0xFF,0x2E,0xB6,0xFD,0xFF,0x48,0xC7,0xFD,0xFF,
  0x75,0xE7,0xFD,0xFF,0x79,0xEB,0xFE,0xFF,0x7B,0xED,0xFE,0xFF,
  0x7C,0xED,0xFE,0xFF,0x85,0xF1,0xFD,0xFF,0x60,0xD7,0xFD,0xFF,
  0x2F,0xB6,0xFD,0xFF,0x54,0xCE,0xFD,0xFF,0x65,0xDB,0xFD,0xFF,
  0x7C,0xED,0xFE,0xFF,0x82,0xF1,0xFE,0xFF,0x60,0xDB,0xFE,0xFF,
  0x2D,0xB6,0xFD,0xFF,0x33,0xBA,0xFD,0xFF,0x33,0xB9,0xFD,0xFF,
  0x33,0xBB,0xFF,0xFF,0x39,0xC6,0xFF,0xFF,0x1D,0x4C,0xA0,0xFF,
  0x09,0x11,0x73,0xFF,0x1A,0x29,0x73,0x56,0x00,0x00,0x00,0x00,
  0x00,0x00,0x00,0x01,0x00,0x00,0x00,0x00,0x00,0x00,0x00,0x00,
  0x00,0x00,0x00,0x00,0x00,0x00,0x00,0x00,0x00,0x00,0x00,0x00,
  0x00,0x00,0x00,0x00,0x00,0x00,0x00,0x00,0x00,0x00,0x00,0x00,
  0x00,0x00,0x00,0x00,0x00,0x00,0x00,0x00,0x00,0x00,0x00,0x00,
  0x00,0x00,0x00,0x00,0x00,0x00,0x00,0x00,0x00,0x00,0x00,0x00,
  0x00,0x00,0x00,0x00,0x00,0x00,0x00,0x00,0x00,0x00,0x00,0x00,
  0x00,0x00,0x00,0x00,0x00,0x00,0x00,0x00,0x00,0x00,0x00,0x00,
  0x00,0x00,0x00,0x00,0x00,0x00,0x00,0x00,0x00,0x00,0x00,0x00,
  0x00,0x00,0x00,0x00,0x00,0x00,0x00,0x00,0x00,0x00,0x00,0x00,
  0x00,0x00,0x00,0x00,0x00,0x00,0x00,0x00,0x00,0x00,0x00,0x00,
  0x00,0x00,0x00,0x00,0x00,0x00,0x00,0x00,0x00,0x00,0x00,0x00,
  0x00,0x00,0x00,0x00,0x00,0x00,0x00,0x00,0x00,0x00,0x00,0x00,
  0x00,0x00,0x00,0x00,0x00,0x00,0x00,0x00,0x00,0x00,0x00,0x00,
  0x00,0x00,0x00,0x00,0x00,0x00,0x00,0x00,0x00,0x00,0x00,0x00,
  0x00,0x00,0x00,0x00,0x00,0x00,0x00,0x00,0x00,0x00,0x00,0x00,
  0x00,0x00,0x00,0x00,0x00,0x00,0x00,0x00,0x00,0x00,0x00,0x00,
  0x00,0x00,0x00,0x00,0x00,0x00,0x00,0x00,0x00,0x00,0x00,0x00,
  0x00,0x00,0x00,0x00,0x00,0x00,0x00,0x00,0x00,0x00,0x00,0x00,
  0x00,0x00,0x00,0x00,0x00,0x00,0x00,0x00,0x00,0x00,0x00,0x00,
  0x00,0x00,0x00,0x00,0x00,0x00,0x00,0x00,0x00,0x00,0x00,0x00,
  0x00,0x00,0x00,0x00,0x00,0x00,0x00,0x00,0x00,0x00,0x00,0x00,
  0x00,0x00,0x00,0x00,0x00,0x00,0x00,0x00,0x00,0x00,0x00,0x00,
  0x00,0x00,0x00,0x00,0x00,0x00,0x00,0x00,0x00,0x00,0x00,0x00,
  0x00,0x00,0x00,0x00,0x00,0x00,0x00,0x00,0x00,0x00,0x00,0x00,
  0x00,0x00,0x00,0x00,0x00,0x00,0x00,0x00,0x00,0x00,0x00,0x00,
  0x00,0x00,0x00,0x00,0x00,0x00,0x00,0x00,0x00,0x00,0x00,0x00,
  0x00,0x00,0x00,0x00,0x00,0x00,0x00,0x00,0x00,0x00,0x00,0x00,
  0x00,0x00,0x00,0x00,0x00,0x00,0x00,0x00,0x00,0x00,0x00,0x00,
  0x00,0x00,0x00,0x00,0x00,0x00,0x00,0x00,0x00,0x00,0x00,0x00,
  0x00,0x00,0x00,0x00,0x00,0x00,0x00,0x00,0x00,0x00,0x00,0x00,
  0x00,0x00,0x00,0x00,0x00,0x00,0x00,0x00,0x00,0x00,0x00,0x00,
  0x00,0x00,0x00,0x00,0x00,0x00,0x00,0x00,0x00,0x00,0x00,0x00,
  0x00,0x00,0x00,0x00,0x00,0x00,0x00,0x00,0x00,0x00,0x00,0x00,
  0x00,0x00,0x00,0x00,0x00,0x00,0x00,0x00,0x00,0x00,0x00,0x00,
  0x00,0x00,0x00,0x00,0x00,0x00,0x00,0x00,0x00,0x00,0x00,0x00,
  0x00,0x00,0x00,0x00,0x00,0x00,0x00,0x00,0x00,0x00,0x00,0x00,
  0x00,0x00,0x00,0x00,0x00,0x00,0x00,0x00,0x00,0x00,0x00,0x00,
  0x00,0x00,0x00,0x00,0x00,0x00,0x00,0x00,0x00,0x00,0x00,0x00,
  0x00,0x00,0x00,0x00,0x00,0x00,0x00,0x00,0x00,0x00,0x00,0x00,
  0x00,0x00,0x00,0x00,0x00,0x00,0x00,0x00,0x00,0x00,0x00,0x00,
  0x00,0x00,0x00,0x00,0x00,0x00,0x00,0x00,0x00,0x00,0x00,0x00,
  0x00,0x00,0x00,0x00,0x00,0x00,0x00,0x01,0x05,0x04,0x00,0x00,
  0x26,0x2E,0x70,0x7F,0x06,0x0F,0x65,0xFF,0x17,0x30,0xA1,0xFB,
  0x1A,0x3A,0xB3,0xFF,0x18,0x33,0xAC,0xFF,0x1B,0x40,0xB4,0xFF,
  0x3A,0xB5,0xF6,0xFF,0x3A,0xC5,0xFF,0xFF,0x3A,0xC0,0xFC,0xFF,
  0x39,0xBF,0xFD,0xFF,0x37,0xBF,0xFE,0xFF,0x36,0xBD,0xFE,0xFF,
  0x36,0xBD,0xFE,0xFF,0x35,0xBC,0xFE,0xFF,0x2B,0xB4,0xFD,0xFF,
  0x4A,0xC8,0xFD,0xFF,0x82,0xF1,0xFE,0xFF,0x7C,0xEC,0xFE,0xFF,
  0x7E,0xEE,0xFE,0xFF,0x6D,0xE3,0xFD,0xFF,0x44,0xC3,0xFC,0xFF,
  0x3C,0xBF,0xFE,0xFF,0x32,0xB9,0xFD,0xFF,0x2D,0xB4,0xFD,0xFF,
  0x42,0xC4,0xFD,0xFF,0x74,0xE7,0xFE,0xFF,0x79,0xEB,0xFE,0xFF,
  0x5E,0xDA,0xFE,0xFF,0x31,0xB9,0xFD,0xFF,0x35,0xBB,0xFE,0xFF,
  0x35,0xBD,0xFE,0xFF,0x35,0xB3,0xF6,0xFF,0x3A,0xAF,0xF1,0xFF,
  0x1D,0x46,0x97,0xEF,0x0D,0x14,0x6F,0xED,0x27,0x33,0x7B,0x55,
  0xFF,0xFF,0xFF,0x01,0x00,0x00,0xAA,0x03,0x00,0x00,0x00,0x00,
  0x00,0x00,0x00,0x00,0x00,0x00,0x00,0x00,0x00,0x00,0x00,0x00,
  0x00,0x00,0x00,0x00,0x00,0x00,0x00,0x00,0x00,0x00,0x00,0x00,
  0x00,0x00,0x00,0x00,0x00,0x00,0x00,0x00,0x00,0x00,0x00,0x00,
  0x00,0x00,0x00,0x00,0x00,0x00,0x00,0x00,0x00,0x00,0x00,0x00,
  0x00,0x00,0x00,0x00,0x00,0x00,0x00,0x00,0x00,0x00,0x00,0x00,
  0x00,0x00,0x00,0x00,0x00,0x00,0x00,0x00,0x00,0x00,0x00,0x00,
  0x00,0x00,0x00,0x00,0x00,0x00,0x00,0x00,0x00,0x00,0x00,0x00,
  0x00,0x00,0x00,0x00,0x00,0x00,0x00,0x00,0x00,0x00,0x00,0x00,
  0x00,0x00,0x00,0x00,0x00,0x00,0x00,0x00,0x00,0x00,0x00,0x00,
  0x00,0x00,0x00,0x00,0x00,0x00,0x00,0x00,0x00,0x00,0x00,0x00,
  0x00,0x00,0x00,0x00,0x00,0x00,0x00,0x00,0x00,0x00,0x00,0x00,
  0x00,0x00,0x00,0x00,0x00,0x00,0x00,0x00,0x00,0x00,0x00,0x00,
  0x00,0x00,0x00,0x00,0x00,0x00,0x00,0x00,0x00,0x00,0x00,0x00,
  0x00,0x00,0x00,0x00,0x00,0x00,0x00,0x00,0x00,0x00,0x00,0x00,
  0x00,0x00,0x00,0x00,0x00,0x00,0x00,0x00,0x00,0x00,0x00,0x00,
  0x00,0x00,0x00,0x00,0x00,0x00,0x00,0x00,0x00,0x00,0x00,0x00,
  0x00,0x00,0x00,0x00,0x00,0x00,0x00,0x00,0x00,0x00,0x00,0x00,
  0x00,0x00,0x00,0x00,0x00,0x00,0x00,0x00,0x00,0x00,0x00,0x00,
  0x00,0x00,0x00,0x00,0x00,0x00,0x00,0x00,0x00,0x00,0x00,0x00,
  0x00,0x00,0x00,0x00,0x00,0x00,0x00,0x00,0x00,0x00,0x00,0x00,
  0x00,0x00,0x00,0x00,0x00,0x00,0x00,0x00,0x00,0x00,0x00,0x00,
  0x00,0x00,0x00,0x00,0x00,0x00,0x00,0x00,0x00,0x00,0x00,0x00,
  0x00,0x00,0x00,0x00,0x00,0x00,0x00,0x00,0x00,0x00,0x00,0x00,
  0x00,0x00,0x00,0x00,0x00,0x00,0x00,0x00,0x00,0x00,0x00,0x00,
  0x00,0x00,0x00,0x00,0x00,0x00,0x00,0x00,0x00,0x00,0x00,0x00,
  0x00,0x00,0x00,0x00,0x00,0x00,0x00,0x00,0x00,0x00,0x00,0x00,
  0x00,0x00,0x00,0x00,0x00,0x00,0x00,0x00,0x00,0x00,0x00,0x00,
  0x00,0x00,0x00,0x00,0x00,0x00,0x00,0x00,0x00,0x00,0x00,0x00,
  0x00,0x00,0x00,0x00,0x00,0x00,0x00,0x00,0x00,0x00,0x00,0x00,
  0x00,0x00,0x00,0x00,0x00,0x00,0x00,0x00,0x00,0x00,0x00,0x00,
  0x00,0x00,0x00,0x00,0x00,0x00,0x00,0x00,0x00,0x00,0x00,0x00,
  0x00,0x00,0x00,0x00,0x00,0x00,0x00,0x00,0x00,0x00,0x00,0x00,
  0x00,0x00,0x00,0x00,0x00,0x00,0x00,0x00,0x00,0x00,0x00,0x00,
  0x00,0x00,0x00,0x00,0x00,0x00,0x00,0x00,0x00,0x00,0x00,0x00,
  0x00,0x00,0x00,0x00,0x00,0x00,0x00,0x00,0x00,0x00,0x00,0x00,
  0x00,0x00,0x00,0x00,0x00,0x00,0x00,0x00,0x00,0x00,0x00,0x00,
  0x00,0x00,0x00,0x00,0x00,0x00,0x00,0x00,0x00,0x00,0x00,0x00,
  0x00,0x00,0x00,0x00,0x00,0x00,0x00,0x00,0x00,0x00,0x00,0x00,
  0x00,0x00,0x00,0x00,0x00,0x00,0x00,0x00,0x00,0x00,0x00,0x00,
  0x00,0x00,0x00,0x00,0x00,0x00,0x00,0x00,0x00,0x00,0x00,0x00,
  0x00,0x00,0x7F,0x02,0x00,0x00,0x00,0x00,0x18,0x21,0x69,0x35,
  0x1D,0x27,0x6F,0xB7,0x20,0x32,0x8E,0xE2,0x14,0x2B,0x98,0xFF,
  0x19,0x34,0xA9,0xFE,0x18,0x36,0xAD,0xFF,0x19,0x3A,0xB3,0xFF,
  0x1D,0x49,0xBD,0xFF,0x3B,0xB6,0xF6,0xFF,0x3B,0xC5,0xFF,0xFF,
  0x3A,0xC2,0xFD,0xFF,0x3A,0xC1,0xFD,0xFF,0x39,0xC0,0xFE,0xFF,
  0x38,0xBF,0xFE,0xFF,0x37,0xBD,0xFE,0xFF,0x31,0xB8,0xFD,0xFF,
  0x47,0xC7,0xFD,0xFF,0x6B,0xE0,0xFD,0xFF,0x7C,0xED,0xFE,0xFF,
  0x7B,0xEC,0xFE,0xFF,0x83,0xF0,0xFE,0xFF,0x6D,0xE3,0xFD,0xFF,
  0x30,0xBA,0xFE,0xFF,0x31,0xB8,0xFE,0xFF,0x32,0xB9,0xFD,0xFF,
  0x32,0xB9,0xFD,0xFF,0x35,0xBB,0xFD,0xFF,0x39,0xBD,0xFD,0xFF,
  0x46,0xCD,0xFE,0xFF,0x48,0xD0,0xFE,0xFF,0x41,0xC9,0xFE,0xFF,
  0x39,0xBC,0xFB,0xFF,0x3D,0xC8,0xFF,0xFF,0x28,0x6D,0xBF,0xFD,
  0x0E,0x1A,0x7E,0xFF,0x2D,0x3F,0x80,0x59,0x44,0x44,0x7F,0x1A,
  0x48,0x5B,0x91,0x0E,0x00,0x00,0x00,0x00,0x00,0x00,0x00,0x00,
  0x00,0x00,0x00,0x00,0x00,0x00,0x00,0x00,0x00,0x00,0x00,0x00,
  0x00,0x00,0x00,0x00,0x00,0x00,0x00,0x00,0x00,0x00,0x00,0x00,
  0x00,0x00,0x00,0x00,0x00,0x00,0x00,0x00,0x00,0x00,0x00,0x00,
  0x00,0x00,0x00,0x00,0x00,0x00,0x00,0x00,0x00,0x00,0x00,0x00,
  0x00,0x00,0x00,0x00,0x00,0x00,0x00,0x00,0x00,0x00,0x00,0x00,
  0x00,0x00,0x00,0x00,0x00,0x00,0x00,0x00,0x00,0x00,0x00,0x00,
  0x00,0x00,0x00,0x00,0x00,0x00,0x00,0x00,0x00,0x00,0x00,0x00,
  0x00,0x00,0x00,0x00,0x00,0x00,0x00,0x00,0x00,0x00,0x00,0x00,
  0x00,0x00,0x00,0x00,0x00,0x00,0x00,0x00,0x00,0x00,0x00,0x00,
  0x00,0x00,0x00,0x00,0x00,0x00,0x00,0x00,0x00,0x00,0x00,0x00,
  0x00,0x00,0x00,0x00,0x00,0x00,0x00,0x00,0x00,0x00,0x00,0x00,
  0x00,0x00,0x00,0x00,0x00,0x00,0x00,0x00,0x00,0x00,0x00,0x00,
  0x00,0x00,0x00,0x00,0x00,0x00,0x00,0x00,0x00,0x00,0x00,0x00,
  0x00,0x00,0x00,0x00,0x00,0x00,0x00,0x00,0x00,0x00,0x00,0x00,
  0x00,0x00,0x00,0x00,0x00,0x00,0x00,0x00,0x00,0x00,0x00,0x00,
  0x00,0x00,0x00,0x00,0x00,0x00,0x00,0x00,0x00,0x00,0x00,0x00,
  0x00,0x00,0x00,0x00,0x00,0x00,0x00,0x00,0x00,0x00,0x00,0x00,
  0x00,0x00,0x00,0x00,0x00,0x00,0x00,0x00,0x00,0x00,0x00,0x00,
  0x00,0x00,0x00,0x00,0x00,0x00,0x00,0x00,0x00,0x00,0x00,0x00,
  0x00,0x00,0x00,0x00,0x00,0x00,0x00,0x00,0x00,0x00,0x00,0x00,
  0x00,0x00,0x00,0x00,0x00,0x00,0x00,0x00,0x00,0x00,0x00,0x00,
  0x00,0x00,0x00,0x00,0x00,0x00,0x00,0x00,0x00,0x00,0x00,0x00,
  0x00,0x00,0x00,0x00,0x00,0x00,0x00,0x00,0x00,0x00,0x00,0x00,
  0x00,0x00,0x00,0x00,0x00,0x00,0x00,0x00,0x00,0x00,0x00,0x00,
  0x00,0x00,0x00,0x00,0x00,0x00,0x00,0x00,0x00,0x00,0x00,0x00,
  0x00,0x00,0x00,0x00,0x00,0x00,0x00,0x00,0x00,0x00,0x00,0x00,
  0x00,0x00,0x00,0x00,0x00,0x00,0x00,0x00,0x00,0x00,0x00,0x00,
  0x00,0x00,0x00,0x00,0x00,0x00,0x00,0x00,0x00,0x00,0x00,0x00,
  0x00,0x00,0x00,0x00,0x00,0x00,0x00,0x00,0x00,0x00,0x00,0x00,
  0x00,0x00,0x00,0x00,0x00,0x00,0x00,0x00,0x00,0x00,0x00,0x00,
  0x00,0x00,0x00,0x00,0x00,0x00,0x00,0x00,0x00,0x00,0x00,0x00,
  0x00,0x00,0x00,0x00,0x00,0x00,0x00,0x00,0x00,0x00,0x00,0x00,
  0x00,0x00,0x00,0x00,0x00,0x00,0x00,0x00,0x00,0x00,0x00,0x00,
  0x00,0x00,0x00,0x00,0x00,0x00,0x00,0x00,0x00,0x00,0x00,0x00,
  0x00,0x00,0x00,0x00,0x00,0x00,0x00,0x00,0x00,0x00,0x00,0x00,
  0x00,0x00,0x00,0x00,0x00,0x00,0x00,0x00,0x00,0x00,0x00,0x00,
  0x00,0x00,0x00,0x00,0x00,0x00,0x00,0x00,0x00,0x00,0x00,0x00,
  0x00,0x00,0x00,0x00,0x00,0x00,0x00,0x00,0x00,0x00,0x00,0x00,
  0x00,0x00,0x00,0x00,0x00,0x00,0x00,0x00,0x00,0x00,0x00,0x00,
  0x00,0x00,0x00,0x00,0x00,0x00,0x00,0x00,0x00,0x00,0x00,0x00,
  0x00,0x00,0x00,0x00,0x00,0x00,0x55,0x03,0x00,0x00,0x55,0x03,
  0x16,0x1F,0x6B,0x51,0x0A,0x15,0x6E,0xFF,0x11,0x28,0x94,0xFF,
  0x1C,0x3B,0xB7,0xFF,0x19,0x37,0xAE,0xFF,0x19,0x31,0xA6,0xFF,
  0x1C,0x63,0xD5,0xFF,0x21,0x8D,0xF9,0xFF,0x3A,0xBB,0xFB,0xFF,
  0x3C,0xC6,0xFD,0xFF,0x3B,0xC2,0xFD,0xFF,0x3C,0xC2,0xFD,0xFF,
  0x3B,0xC0,0xFD,0xFF,0x38,0xBF,0xFE,0xFF,0x37,0xBE,0xFE,0xFF,
  0x2E,0xB6,0xFD,0xFF,0x5C,0xD8,0xFD,0xFF,0x84,0xF3,0xFE,0xFF,
  0x7A,0xEC,0xFE,0xFF,0x7D,0xEE,0xFE,0xFF,0x6A,0xDF,0xFD,0xFF,
  0x50,0xCF,0xFD,0xFF,0x35,0xBE,0xFE,0xFF,0x33,0xBB,0xFD,0xFF,
  0x33,0xBB,0xFD,0xFF,0x33,0xBA,0xFD,0xFF,0x32,0xB9,0xFD,0xFF,
  0x33,0xB9,0xFE,0xFF,0x3C,0xC3,0xFE,0xFF,0x45,0xCE,0xFE,0xFF,
  0x45,0xCD,0xFD,0xFF,0x3E,0xC5,0xFC,0xFF,0x40,0xCE,0xFF,0xFD,
  0x24,0x66,0xB8,0xFA,0x07,0x0D,0x70,0xFC,0x31,0x43,0x83,0x48,
  0x00,0x00,0x00,0x00,0x00,0x00,0x00,0x01,0x00,0x00,0x00,0x00,
  0x00,0x00,0x00,0x00,0x00,0x00,0x00,0x00,0x00,0x00,0x00,0x00,
  0x00,0x00,0x00,0x00,0x00,0x00,0x00,0x00,0x00,0x00,0x00,0x00,
  0x00,0x00,0x00,0x00,0x00,0x00,0x00,0x00,0x00,0x00,0x00,0x00,
  0x00,0x00,0x00,0x00,0x00,0x00,0x00,0x00,0x00,0x00,0x00,0x00,
  0x00,0x00,0x00,0x00,0x00,0x00,0x00,0x00,0x00,0x00,0x00,0x00,
  0x00,0x00,0x00,0x00,0x00,0x00,0x00,0x00,0x00,0x00,0x00,0x00,
  0x00,0x00,0x00,0x00,0x00,0x00,0x00,0x00,0x00,0x00,0x00,0x00,
  0x00,0x00,0x00,0x00,0x00,0x00,0x00,0x00,0x00,0x00,0x00,0x00,
  0x00,0x00,0x00,0x00,0x00,0x00,0x00,0x00,0x00,0x00,0x00,0x00,
  0x00,0x00,0x00,0x00,0x00,0x00,0x00,0x00,0x00,0x00,0x00,0x00,
  0x00,0x00,0x00,0x00,0x00,0x00,0x00,0x00,0x00,0x00,0x00,0x00,
  0x00,0x00,0x00,0x00,0x00,0x00,0x00,0x00,0x00,0x00,0x00,0x00,
  0x00,0x00,0x00,0x00,0x00,0x00,0x00,0x00,0x00,0x00,0x00,0x00,
  0x00,0x00,0x00,0x00,0x00,0x00,0x00,0x00,0x00,0x00,0x00,0x00,
  0x00,0x00,0x00,0x00,0x00,0x00,0x00,0x00,0x00,0x00,0x00,0x00,
  0x00,0x00,0x00,0x00,0x00,0x00,0x00,0x00,0x00,0x00,0x00,0x00,
  0x00,0x00,0x00,0x00,0x00,0x00,0x00,0x00,0x00,0x00,0x00,0x00,
  0x00,0x00,0x00,0x00,0x00,0x00,0x00,0x00,0x00,0x00,0x00,0x00,
  0x00,0x00,0x00,0x00,0x00,0x00,0x00,0x00,0x00,0x00,0x00,0x00,
  0x00,0x00,0x00,0x00,0x00,0x00,0x7F,0x02,0x00,0x00,0x3F,0x04,
  0x00,0x00,0x55,0x03,0x00,0x00,0x55,0x03,0x00,0x00,0x55,0x03,
  0x00,0x00,0x00,0x01,0x00,0x00,0x00,0x00,0x00,0x00,0x00,0x00,
  0x00,0x00,0x00,0x00,0x00,0x00,0x00,0x00,0x00,0x00,0x00,0x00,
  0x00,0x00,0x00,0x00,0x00,0x00,0x00,0x00,0x00,0x00,0x00,0x00,
  0x00,0x00,0x00,0x00,0x00,0x00,0x00,0x00,0x00,0x00,0x00,0x00,
  0x00,0x00,0x00,0x00,0x00,0x00,0x00,0x00,0x00,0x00,0x00,0x00,
  0x00,0x00,0x00,0x00,0x00,0x00,0x00,0x00,0x00,0x00,0x00,0x00,
  0x00,0x00,0x00,0x00,0x00,0x00,0x00,0x00,0x00,0x00,0x00,0x00,
  0x00,0x00,0x00,0x00,0x00,0x00,0x00,0x00,0x00,0x00,0x00,0x00,
  0x00,0x00,0x00,0x00,0x00,0x00,0x00,0x00,0x00,0x00,0x00,0x00,
  0x00,0x00,0x00,0x00,0x00,0x00,0x00,0x00,0x00,0x00,0x00,0x00,
  0x00,0x00,0x00,0x00,0x00,0x00,0x00,0x00,0x00,0x00,0x00,0x00,
  0x00,0x00,0x00,0x00,0x00,0x00,0x00,0x00,0x00,0x00,0x00,0x00,
  0x00,0x00,0x00,0x00,0x00,0x00,0x00,0x00,0x00,0x00,0x00,0x00,
  0x00,0x00,0x00,0x00,0x00,0x00,0x00,0x00,0x00,0x00,0x00,0x00,
  0x00,0x00,0x00,0x00,0x00,0x00,0x00,0x00,0x00,0x00,0x00,0x00,
  0x00,0x00,0x00,0x00,0x00,0x00,0x00,0x00,0x00,0x00,0x00,0x00,
  0x00,0x00,0x00,0x00,0x00,0x00,0x00,0x00,0x00,0x00,0x00,0x00,
  0x00,0x00,0x00,0x00,0x00,0x00,0x00,0x00,0x00,0x00,0x00,0x00,
  0x00,0x00,0x00,0x00,0x00,0x00,0x00,0x00,0x00,0x00,0x00,0x00,
  0x00,0x00,0x00,0x00,0x00,0x00,0x00,0x00,0x00,0x00,0x7F,0x02,
  0x03,0x02,0x00,0x00,0x21,0x28,0x6E,0x45,0x06,0x0F,0x61,0xFC,
  0x12,0x26,0x8D,0xFB,0x1B,0x39,0xB1,0xFF,0x1A,0x37,0xAD,0xFF,
  0x15,0x28,0xA0,0xFF,0x18,0x5D,0xD3,0xFF,0x1B,0x8D,0xFF,0xFF,
  0x23,0x92,0xFA,0xFF,0x2A,0xA1,0xFC,0xFF,0x3F,0xC7,0xFE,0xFF,
  0x3E,0xC7,0xFD,0xFF,0x3A,0xC3,0xFD,0xFF,0x38,0xBF,0xFD,0xFF,
  0x38,0xBF,0xFE,0xFF,0x2A,0xB4,0xFD,0xFF,0x58,0xD4,0xFC,0xFF,
  0x81,0xF0,0xFE,0xFF,0x7B,0xED,0xFE,0xFF,0x83,0xF2,0xFE,0xFF,
  0x4F,0xCE,0xFE,0xFF,0x2E,0xB7,0xFE,0xFF,0x36,0xBE,0xFE,0xFF,
  0x34,0xBE,0xFE,0xFF,0x34,0xBE,0xFE,0xFF,0x34,0xBE,0xFE,0xFF,
  0x34,0xBE,0xFE,0xFF,0x34,0xBC,0xFE,0xFF,0x39,0xBF,0xFE,0xFF,
  0x46,0xCD,0xFD,0xFF,0x45,0xCB,0xFD,0xFF,0x41,0xC3,0xFB,0xFF,
  0x46,0xCF,0xFF,0xFF,0x28,0x66,0xB8,0xFF,0x0D,0x14,0x75,0xFF,
  0x39,0x46,0x89,0x50,0x00,0x00,0xFF,0x01,0x00,0x3F,0x3F,0x04,
  0x00,0x00,0x00,0x00,0x00,0x00,0x00,0x00,0x00,0x00,0x00,0x00,
  0x00,0x00,0x00,0x00,0x00,0x00,0x00,0x00,0x00,0x00,0x00,0x00,
  0x00,0x00,0x00,0x00,0x00,0x00,0x00,0x00,0x00,0x00,0x00,0x00,
  0x00,0x00,0x00,0x00,0x00,0x00,0x00,0x00,0x00,0x00,0x00,0x00,
  0x00,0x00,0x00,0x00,0x00,0x00,0x00,0x00,0x00,0x00,0x00,0x00,
  0x00,0x00,0x00,0x00,0x00,0x00,0x00,0x00,0x00,0x00,0x00,0x00,
  0x00,0x00,0x00,0x00,0x00,0x00,0x00,0x00,0x00,0x00,0x00,0x00,
  0x00,0x00,0x00,0x00,0x00,0x00,0x00,0x00,0x00,0x00,0x00,0x00,
  0x00,0x00,0x00,0x00,0x00,0x00,0x00,0x00,0x00,0x00,0x00,0x00,
  0x00,0x00,0x00,0x00,0x00,0x00,0x00,0x00,0x00,0x00,0x00,0x00,
  0x00,0x00,0x00,0x00,0x00,0x00,0x00,0x00,0x00,0x00,0x00,0x00,
  0x00,0x00,0x00,0x00,0x00,0x00,0x00,0x00,0x00,0x00,0x00,0x00,
  0x00,0x00,0x00,0x00,0x00,0x00,0x00,0x00,0x00,0x00,0x00,0x00,
  0x00,0x00,0x00,0x00,0x00,0x00,0x00,0x00,0x00,0x00,0x00,0x00,
  0x00,0x00,0x00,0x00,0x00,0x00,0x00,0x00,0x00,0x00,0x00,0x00,
  0x00,0x00,0x00,0x00,0x00,0x00,0x00,0x00,0x00,0x00,0x00,0x00,
  0x00,0x00,0x00,0x00,0x00,0x00,0x00,0x00,0x00,0x00,0x00,0x00,
  0x00,0x00,0x00,0x00,0x00,0x00,0x00,0x00,0x00,0x00,0x00,0x00,
  0x00,0x00,0x00,0x00,0x00,0x00,0x00,0x00,0x00,0x00,0x00,0x00,
  0x00,0x00,0x00,0x00,0x00,0x00,0x00,0x00,0x00,0x00,0x00,0x00,
  0x00,0x00,0x00,0x00,0x00,0x00,0x00,0x00,0x00,0x00,0x00,0x00,
  0x00,0x00,0x00,0x00,0x00,0x00,0x00,0x00,0x00,0x00,0x00,0x00,
  0x00,0x00,0x00,0x00,0x00,0x00,0x00,0x00,0x00,0x00,0x00,0x00,
  0x00,0x00,0x00,0x00,0x00,0x00,0x00,0x00,0x00,0x00,0x00,0x00,
  0x00,0x00,0x00,0x00,0x00,0x00,0x00,0x00,0x00,0x00,0x00,0x00,
  0x00,0x00,0x00,0x00,0x00,0x00,0x00,0x00,0x00,0x00,0x00,0x00,
  0x00,0x00,0x00,0x00,0x00,0x00,0x00,0x00,0x00,0x00,0x00,0x00,
  0x00,0x00,0x00,0x00,0x00,0x00,0x00,0x00,0x00,0x00,0x00,0x00,
  0x00,0x00,0x00,0x00,0x00,0x00,0x00,0x00,0x00,0x00,0x00,0x00,
  0x00,0x00,0x00,0x00,0x00,0x00,0x00,0x00,0x00,0x00,0x00,0x00,
  0x00,0x00,0x00,0x00,0x00,0x00,0x00,0x00,0x00,0x00,0x00,0x00,
  0x00,0x00,0x00,0x00,0x00,0x00,0x00,0x00,0x00,0x00,0x00,0x00,
  0x00,0x00,0x00,0x00,0x00,0x00,0x00,0x00,0x00,0x00,0x00,0x00,
  0x00,0x00,0x00,0x00,0x00,0x00,0x00,0x00,0x00,0x00,0x00,0x00,
  0x00,0x00,0x00,0x00,0x00,0x00,0x00,0x00,0x00,0x00,0x00,0x00,
  0x00,0x00,0x00,0x00,0x00,0x00,0x00,0x00,0x00,0x00,0x00,0x00,
  0x00,0x00,0x00,0x00,0x00,0x00,0x00,0x00,0x00,0x00,0x00,0x00,
  0x00,0x00,0x00,0x00,0x00,0x00,0x00,0x00,0x00,0x00,0x00,0x00,
  0x00,0x00,0x00,0x00,0x00,0x00,0x00,0x00,0x00,0x00,0x00,0x00,
  0x00,0x00,0x00,0x00,0x00,0x00,0x00,0x00,0x00,0x00,0x00,0x00,
  0x00,0x00,0x00,0x00,0x00,0x00,0xFF,0x01,0x00,0x00,0x00,0x00,
  0x55,0x63,0x9B,0x12,0x1E,0x25,0x64,0x96,0x19,0x26,0x77,0xC8,
  0x10,0x23,0x89,0xFF,0x15,0x2D,0x9B,0xFE,0x1A,0x38,0xAF,0xFF,
  0x18,0x33,0xAA,0xFF,0x2E,0x71,0xC6,0xFF,0x33,0xA0,0xEC,0xFF,
  0x2B,0xA5,0xFD,0xFF,0x1A,0x82,0xFB,0xFF,0x1C,0x88,0xFC,0xFF,
  0x29,0xA0,0xFD,0xFF,0x28,0x9C,0xFC,0xFF,0x37,0xBB,0xFD,0xFF,
  0x3C,0xC7,0xFD,0xFF,0x37,0xC1,0xFE,0xFF,0x56,0xD3,0xFD,0xFF,
  0x74,0xE6,0xFD,0xFF,0x7E,0xEE,0xFE,0xFF,0x7C,0xEE,0xFE,0xFF,
  0x7E,0xEF,0xFE,0xFF,0x51,0xD1,0xFE,0xFF,0x31,0xBC,0xFE,0xFF,
  0x35,0xBF,0xFE,0xFF,0x34,0xBE,0xFE,0xFF,0x34,0xBE,0xFE,0xFF,
  0x34,0xBE,0xFE,0xFF,0x34,0xBE,0xFE,0xFF,0x35,0xBD,0xFE,0xFF,
  0x37,0xBC,0xFC,0xFF,0x43,0xCF,0xFE,0xFF,0x38,0x93,0xD3,0xFD,
  0x19,0x35,0x92,0xFE,0x36,0x6A,0xA9,0x9B,0x3B,0x63,0xA5,0x4D,
  0x23,0x29,0x73,0x56,0x47,0x51,0x8E,0x19,0x00,0x00,0x00,0x00,
  0x00,0x00,0x00,0x01,0x00,0x00,0x00,0x00,0x00,0x00,0x00,0x00,
  0x00,0x00,0x00,0x00,0x00,0x00,0x00,0x00,0x00,0x00,0x00,0x00,
  0x00,0x00,0x00,0x00,0x00,0x00,0x00,0x00,0x00,0x00,0x00,0x00,
  0x00,0x00,0x00,0x00,0x00,0x00,0x00,0x00,0x00,0x00,0x00,0x00,
  0x00,0x00,0x00,0x00,0x00,0x00,0x00,0x00,0x00,0x00,0x00,0x00,
  0x00,0x00,0x00,0x00,0x00,0x00,0x00,0x00,0x00,0x00,0x00,0x00,
  0x00,0x00,0x00,0x00,0x00,0x00,0x00,0x00,0x00,0x00,0x00,0x00,
  0x00,0x00,0x00,0x00,0x00,0x00,0x00,0x00,0x00,0x00,0x00,0x00,
  0x00,0x00,0x00,0x00,0x00,0x00,0x00,0x00,0x00,0x00,0x00,0x00,
  0x00,0x00,0x00,0x00,0x00,0x00,0x00,0x00,0x00,0x00,0x00,0x00,
  0x00,0x00,0x00,0x00,0x00,0x00,0x00,0x00,0x00,0x00,0x00,0x00,
  0x00,0x00,0x00,0x00,0x00,0x00,0x00,0x00,0x00,0x00,0x00,0x00,
  0x00,0x00,0x00,0x00,0x00,0x00,0x00,0x00,0x00,0x00,0x00,0x00,
  0x00,0x00,0x00,0x00,0x00,0x00,0x00,0x00,0x00,0x00,0x00,0x00,
  0x00,0x00,0x00,0x00,0x00,0x00,0x00,0x00,0x00,0x00,0x00,0x00,
  0x00,0x00,0x00,0x00,0x00,0x00,0x00,0x00,0x00,0x00,0x00,0x00,
  0x00,0x00,0x00,0x00,0x00,0x00,0x00,0x00,0x00,0x00,0x00,0x00,
  0x00,0x00,0x00,0x00,0x00,0x00,0x00,0x00,0x00,0x00,0x00,0x00,
  0x00,0x00,0x00,0x00,0x00,0x00,0x00,0x00,0x00,0x00,0x00,0x00,
  0x00,0x00,0x00,0x00,0x00,0x00,0x7F,0x02,0x3F,0x3F,0x7F,0x04,
  0x3D,0x41,0x7F,0x3A,0x20,0x26,0x6A,0x5D,0x24,0x2C,0x6D,0x5B,
  0x2C,0x31,0x74,0x5C,0x2F,0x38,0x78,0x5B,0x48,0x55,0x85,0x15,
  0x00,0x00,0x3F,0x04,0x00,0x55,0xAA,0x03,0x00,0x00,0x00,0x00,
  0x00,0x00,0x00,0x00,0x00,0x00,0x00,0x00,0x00,0x00,0x00,0x00,
  0x00,0x00,0x00,0x00,0x00,0x00,0x00,0x00,0x00,0x00,0x00,0x00,
  0x00,0x00,0x00,0x00,0x00,0x00,0x00,0x00,0x00,0x00,0x00,0x00,
  0x00,0x00,0x00,0x00,0x00,0x00,0x00,0x00,0x00,0x00,0x00,0x00,
  0x00,0x00,0x00,0x00,0x00,0x00,0x00,0x00,0x00,0x00,0x00,0x00,
  0x00,0x00,0x00,0x00,0x00,0x00,0x00,0x00,0x00,0x00,0x00,0x00,
  0x00,0x00,0x00,0x00,0x00,0x00,0x00,0x00,0x00,0x00,0x00,0x00,
  0x00,0x00,0x00,0x00,0x00,0x00,0x00,0x00,0x00,0x00,0x00,0x00,
  0x00,0x00,0x00,0x00,0x00,0x00,0x00,0x00,0x00,0x00,0x00,0x00,
  0x00,0x00,0x00,0x00,0x00,0x00,0x00,0x00,0x00,0x00,0x00,0x00,
  0x00,0x00,0x00,0x00,0x00,0x00,0x00,0x00,0x00,0x00,0x00,0x00,
  0x00,0x00,0x00,0x00,0x00,0x00,0x00,0x00,0x00,0x00,0x00,0x00,
  0x00,0x00,0x00,0x00,0x00,0x00,0x00,0x00,0x00,0x00,0x00,0x00,
  0x00,0x00,0x00,0x00,0x00,0x00,0x00,0x00,0x00,0x00,0x00,0x00,
  0x00,0x00,0x00,0x00,0x00,0x00,0x00,0x00,0x00,0x00,0x00,0x00,
  0x00,0x00,0x00,0x00,0x00,0x00,0x00,0x00,0x00,0x00,0x00,0x00,
  0x00,0x00,0x00,0x00,0x00,0x00,0x00,0x00,0x00,0x00,0x00,0x00,
  0x00,0x00,0x00,0x00,0x00,0x00,0x00,0x00,0x00,0x00,0xFF,0x01,
  0x00,0x00,0x00,0x00,0x55,0x5F,0x9F,0x18,0x0B,0x14,0x61,0xFB,
  0x0C,0x1C,0x80,0xFF,0x1B,0x3B,0xB6,0xFE,0x1A,0x36,0xAD,0xFF,
  0x18,0x37,0xAC,0xFF,0x18,0x32,0xA9,0xFF,0x3A,0xA4,0xE6,0xFF,
  0x49,0xDA,0xFF,0xFF,0x3E,0xC4,0xFC,0xFF,0x23,0x94,0xFC,0xFF,
  0x20,0x8D,0xFC,0xFF,0x18,0x82,0xFC,0xFF,0x19,0x82,0xFC,0xFF,
  0x2D,0xAA,0xFD,0xFF,0x31,0xB4,0xFD,0xFF,0x3C,0xBD,0xFC,0xFF,
  0x78,0xEB,0xFE,0xFF,0x7E,0xEF,0xFE,0xFF,0x7E,0xEF,0xFE,0xFF,
  0x77,0xEA,0xFE,0xFF,0x49,0xC7,0xFD,0xFF,0x3C,0xC1,0xFD,0xFF,
  0x35,0xBD,0xFE,0xFF,0x35,0xBF,0xFE,0xFF,0x35,0xBE,0xFE,0xFF,
  0x35,0xBF,0xFE,0xFF,0x35,0xBE,0xFE,0xFF,0x36,0xBE,0xFE,0xFF,
  0x36,0xBD,0xFE,0xFF,0x36,0xBE,0xFE,0xFF,0x42,0xD5,0xFF,0xFF,
  0x33,0x84,0xC9,0xFC,0x04,0x08,0x71,0xFF,0x16,0x16,0x5F,0x5B,
  0x00,0x00,0x00,0x00,0x00,0x00,0x00,0x00,0x00,0x00,0x00,0x00,
  0x00,0x00,0x00,0x00,0x00,0x00,0x00,0x00,0x00,0x00,0x00,0x00,
  0x00,0x00,0x00,0x00,0x00,0x00,0x00,0x00,0x00,0x00,0x00,0x00,
  0x00,0x00,0x00,0x00,0x00,0x00,0x00,0x00,0x00,0x00,0x00,0x00,
  0x00,0x00,0x00,0x00,0x00,0x00,0x00,0x00,0x00,0x00,0x00,0x00,
  0x00,0x00,0x00,0x00,0x00,0x00,0x00,0x00,0x00,0x00,0x00,0x00,
  0x00,0x00,0x00,0x00,0x00,0x00,0x00,0x00,0x00,0x00,0x00,0x00,
  0x00,0x00,0x00,0x00,0x00,0x00,0x00,0x00,0x00,0x00,0x00,0x00,
  0x00,0x00,0x00,0x00,0x00,0x00,0x00,0x00,0x00,0x00,0x00,0x00,
  0x00,0x00,0x00,0x00,0x00,0x00,0x00,0x00,0x00,0x00,0x00,0x00,
  0x00,0x00,0x00,0x00,0x00,0x00,0x00,0x00,0x00,0x00,0x00,0x00,
  0x00,0x00,0x00,0x00,0x00,0x00,0x00,0x00,0x00,0x00,0x00,0x00,
  0x00,0x00,0x00,0x00,0x00,0x00,0x00,0x00,0x00,0x00,0x00,0x00,
  0x00,0x00,0x00,0x00,0x00,0x00,0x00,0x00,0x00,0x00,0x00,0x00,
  0x00,0x00,0x00,0x00,0x00,0x00,0x00,0x00,0x00,0x00,0x00,0x00,
  0x00,0x00,0x00,0x00,0x00,0x00,0x00,0x00,0x00,0x00,0x00,0x00,
  0x00,0x00,0x00,0x00,0x00,0x00,0x00,0x00,0x00,0x00,0x00,0x00,
  0x00,0x00,0x00,0x00,0x00,0x00,0x00,0x00,0x00,0x00,0x00,0x00,
  0x00,0x00,0x00,0x00,0x00,0x00,0x00,0x00,0x00,0x00,0x00,0x00,
  0x00,0x00,0x00,0x00,0x00,0x00,0x00,0x00,0x00,0x00,0x00,0x00,
  0x00,0x00,0x00,0x00,0x00,0x00,0x00,0x00,0x00,0x00,0x00,0x00,
  0x00,0x00,0x00,0x00,0x25,0x2D,0x70,0x9D,0x0B,0x16,0x6F,0xFF,
  0x0C,0x16,0x69,0xFF,0x0D,0x17,0x68,0xFF,0x10,0x19,0x66,0xFF,
  0x44,0x49,0x7C,0x2D,0x00,0x00,0x00,0x00,0x00,0x00,0x00,0x00,
  0x00,0x00,0xFF,0x01,0x00,0x00,0xFF,0x01,0x00,0x00,0xFF,0x01,
  0x00,0x00,0x00,0x00,0x00,0x00,0x00,0x00,0x00,0x00,0x00,0x00,
  0x00,0x00,0x00,0x00,0x00,0x00,0x00,0x00,0x00,0x00,0x00,0x00,
  0x00,0x00,0x00,0x00,0x00,0x00,0x00,0x00,0x00,0x00,0x00,0x00,
  0x00,0x00,0x00,0x00,0x00,0x00,0x00,0x00,0x00,0x00,0x00,0x00,
  0x00,0x00,0x00,0x00,0x00,0x00,0x00,0x00,0x00,0x00,0x00,0x00,
  0x00,0x00,0x00,0x00,0x00,0x00,0x00,0x00,0x00,0x00,0x00,0x00,
  0x00,0x00,0x00,0x00,0x00,0x00,0x00,0x00,0x00,0x00,0x00,0x00,
  0x00,0x00,0x00,0x00,0x00,0x00,0x00,0x00,0x00,0x00,0x00,0x00,
  0x00,0x00,0x00,0x00,0x00,0x00,0x00,0x00,0x00,0x00,0x00,0x00,
  0x00,0x00,0x00,0x00,0x00,0x00,0x00,0x00,0x00,0x00,0x00,0x00,
  0x00,0x00,0x00,0x00,0x00,0x00,0x00,0x00,0x00,0x00,0x00,0x00,
  0x00,0x00,0x00,0x00,0x00,0x00,0x00,0x00,0x00,0x00,0x00,0x00,
  0x00,0x00,0x00,0x00,0x00,0x00,0x00,0x00,0x00,0x00,0x00,0x00,
  0x00,0x00,0x00,0x00,0x00,0x00,0x00,0x00,0x00,0x00,0x00,0x00,
  0x00,0x00,0x00,0x00,0x00,0x00,0x00,0x00,0x00,0x00,0x00,0x00,
  0x00,0x00,0x00,0x00,0x00,0x00,0x00,0x00,0x00,0x00,0x00,0x00,
  0x00,0x00,0x00,0x00,0x00,0x00,0x00,0x00,0x00,0x00,0x00,0x00,
  0x00,0x00,0xFF,0x01,0x00,0x00,0x00,0x01,0x4A,0x55,0x94,0x18,
  0x0A,0x14,0x61,0xEB,0x0D,0x1C,0x79,0xFD,0x19,0x37,0xAF,0xFE,
  0x18,0x35,0xAB,0xFF,0x17,0x33,0xAA,0xFF,0x12,0x24,0xA1,0xFF,
  0x3A,0x9B,0xDF,0xFF,0x4B,0xD9,0xFE,0xFF,0x47,0xCD,0xFD,0xFF,
  0x4A,0xD2,0xFE,0xFF,0x3F,0xC1,0xFD,0xFF,0x22,0x94,0xFD,0xFF,
  0x1F,0x8E,0xFD,0xFF,0x1D,0x8B,0xFD,0xFF,0x16,0x84,0xFD,0xFF,
  0x48,0xBB,0xFB,0xFF,0x80,0xF1,0xFE,0xFF,0x79,0xEA,0xFE,0xFF,
  0x7D,0xEE,0xFE,0xFF,0x74,0xE8,0xFE,0xFF,0x3B,0xC0,0xFD,0xFF,
  0x37,0xBE,0xFE,0xFF,0x37,0xC0,0xFE,0xFF,0x37,0xBF,0xFE,0xFF,
  0x35,0xBF,0xFE,0xFF,0x38,0xC0,0xFE,0xFF,0x37,0xBF,0xFE,0xFF,
  0x37,0xBE,0xFE,0xFF,0x37,0xC0,0xFE,0xFF,0x38,0xB0,0xF2,0xFF,
  0x43,0xBF,0xF1,0xFF,0x37,0x81,0xC1,0xFA,0x0F,0x18,0x78,0xFC,
  0x2A,0x3A,0x7E,0x65,0x55,0x55,0xAA,0x03,0x00,0x24,0x6D,0x07,
  0x00,0x00,0xFF,0x01,0x00,0x00,0x00,0x00,0x00,0x00,0x00,0x00,
  0x00,0x00,0x00,0x00,0x00,0x00,0x00,0x00,0x00,0x00,0x00,0x00,
  0x00,0x00,0x00,0x00,0x00,0x00,0x00,0x00,0x00,0x00,0x00,0x00,
  0x00,0x00,0x00,0x00,0x00,0x00,0x00,0x00,0x00,0x00,0x00,0x00,
  0x00,0x00,0x00,0x00,0x00,0x00,0x00,0x00,0x00,0x00,0x00,0x00,
  0x00,0x00,0x00,0x00,0x00,0x00,0x00,0x00,0x00,0x00,0x00,0x00,
  0x00,0x00,0x00,0x00,0x00,0x00,0x00,0x00,0x00,0x00,0x00,0x00,
  0x00,0x00,0x00,0x00,0x00,0x00,0x00,0x00,0x00,0x00,0x00,0x00,
  0x00,0x00,0x00,0x00,0x00,0x00,0x00,0x00,0x00,0x00,0x00,0x00,
  0x00,0x00,0x00,0x00,0x00,0x00,0x00,0x00,0x00,0x00,0x00,0x00,
  0x00,0x00,0x00,0x00,0x00,0x00,0x00,0x00,0x00,0x00,0x00,0x00,
  0x00,0x00,0x00,0x00,0x00,0x00,0x00,0x00,0x00,0x00,0x00,0x00,
  0x00,0x00,0x00,0x00,0x00,0x00,0x00,0x00,0x00,0x00,0x00,0x00,
  0x00,0x00,0x00,0x00,0x00,0x00,0x00,0x00,0x00,0x00,0x00,0x00,
  0x00,0x00,0x00,0x00,0x00,0x00,0x00,0x00,0x00,0x00,0x00,0x00,
  0x00,0x00,0x00,0x00,0x00,0x00,0x00,0x00,0x00,0x00,0x00,0x00,
  0x00,0x00,0x00,0x00,0x00,0x00,0x00,0x00,0x00,0x00,0x00,0x00,
  0x00,0x00,0x00,0x00,0x00,0x00,0x00,0x00,0x00,0x00,0x00,0x00,
  0x00,0x00,0x00,0x00,0x00,0x00,0x00,0x00,0x00,0x00,0x00,0x00,
  0x00,0x00,0x00,0x00,0x00,0x00,0xFF,0x01,0x00,0x00,0x00,0x00,
  0x4F,0x57,0x8C,0x1D,0x34,0x3D,0x7A,0x70,0x18,0x22,0x6C,0xC8,
  0x0E,0x20,0x88,0xFC,0x18,0x33,0xA5,0xFB,0x14,0x2F,0x9E,0xFD,
  0x15,0x2B,0x92,0xFD,0x1C,0x26,0x6F,0x99,0x16,0x1E,0x66,0x86,
  0x2B,0x35,0x72,0x69,0x00,0x00,0x00,0x00,0x00,0x00,0x00,0x00,
  0x00,0x00,0x00,0x00,0x00,0x00,0x00,0x00,0x00,0x00,0x00,0x00,
  0x00,0x00,0x00,0x00,0x00,0x00,0x00,0x00,0x00,0x00,0x00,0x00,
  0x00,0x00,0x00,0x00,0x00,0x00,0x00,0x00,0x00,0x00,0x00,0x00,
  0x00,0x00,0x00,0x00,0x00,0x00,0x00,0x00,0x00,0x00,0x00,0x00,
  0x00,0x00,0x00,0x00,0x00,0x00,0x00,0x00,0x00,0x00,0x00,0x00,
  0x00,0x00,0x00,0x00,0x00,0x00,0x00,0x00,0x00,0x00,0x00,0x00,
  0x00,0x00,0x00,0x00,0x00,0x00,0x00,0x00,0x00,0x00,0x00,0x00,
  0x00,0x00,0x00,0x00,0x00,0x00,0x00,0x00,0x00,0x00,0x00,0x00,
  0x00,0x00,0x00,0x00,0x00,0x00,0x00,0x00,0x00,0x00,0x00,0x00,
  0x00,0x00,0x00,0x00,0x00,0x00,0x00,0x00,0x00,0x00,0x00,0x00,
  0x00,0x00,0x00,0x00,0x00,0x00,0x00,0x00,0x00,0x00,0x00,0x00,
  0x00,0x00,0x00,0x00,0x00,0x00,0x00,0x00,0x00,0x00,0x00,0x00,
  0x00,0x00,0x00,0x00,0x00,0x00,0x00,0x00,0x00,0x00,0x00,0x00,
  0x00,0x00,0x00,0x00,0x00,0x00,0x00,0x00,0x00,0x00,0x00,0x00,
  0x00,0x00,0x00,0x00,0x00,0x00,0x00,0x00,0x00,0x00,0x00,0x00,
  0x00,0x00,0x00,0x00,0x00,0x00,0x00,0x00,0x00,0x00,0x00,0x00,
  0x00,0x00,0x00,0x00,0x00,0x00,0x00,0x00,0x00,0x00,0x00,0x00,
  0x00,0x00,0x00,0x00,0x7F,0x7F,0x7F,0x02,0x02,0x02,0x00,0x00,
  0x86,0x8D,0xB1,0x24,0x0C,0x16,0x61,0xF4,0x0B,0x1B,0x79,0xFF,
  0x1A,0x38,0xB0,0xFE,0x16,0x2F,0xA7,0xFF,0x1F,0x4D,0xB5,0xFF,
  0x30,0x78,0xC9,0xFF,0x46,0xB4,0xEA,0xFF,0x4A,0xD6,0xFF,0xFF,
  0x48,0xD0,0xFD,0xFF,0x48,0xD1,0xFE,0xFF,0x47,0xD0,0xFE,0xFF,
  0x45,0xCF,0xFE,0xFF,0x32,0xAF,0xFD,0xFF,0x21,0x93,0xFD,0xFF,
  0x18,0x87,0xFD,0xFF,0x4B,0xBE,0xFD,0xFF,0x88,0xF8,0xFE,0xFF,
  0x7F,0xF0,0xFE,0xFF,0x83,0xF3,0xFE,0xFF,0x75,0xE9,0xFE,0xFF,
  0x3C,0xC3,0xFD,0xFF,0x38,0xC0,0xFD,0xFF,0x38,0xC0,0xFE,0xFF,
  0x36,0xC0,0xFE,0xFF,0x37,0xC0,0xFE,0xFF,0x37,0xC0,0xFE,0xFF,
  0x37,0xC0,0xFE,0xFF,0x37,0xBE,0xFC,0xFF,0x3E,0xC9,0xFF,0xFF,
  0x25,0x61,0xB0,0xFC,0x0D,0x1A,0x7C,0xFF,0x3C,0x51,0x91,0x87,
  0x3E,0x43,0x7C,0x31,0x42,0x42,0x85,0x17,0x00,0x00,0x00,0x00,
  0x00,0x00,0x00,0x01,0x00,0x00,0x00,0x00,0x00,0x00,0x00,0x00,
  0x00,0x00,0x00,0x00,0x00,0x00,0x00,0x00,0x00,0x00,0x00,0x00,
  0x00,0x00,0x00,0x00,0x00,0x00,0x00,0x00,0x00,0x00,0x00,0x00,
  0x00,0x00,0x00,0x00,0x00,0x00,0x00,0x00,0x00,0x00,0x00,0x00,
  0x00,0x00,0x00,0x00,0x00,0x00,0x00,0x00,0x00,0x00,0x00,0x00,
  0x00,0x00,0x00,0x00,0x00,0x00,0x00,0x00,0x00,0x00,0x00,0x00,
  0x00,0x00,0x00,0x00,0x00,0x00,0x00,0x00,0x00,0x00,0x00,0x00,
  0x00,0x00,0x00,0x00,0x00,0x00,0x00,0x00,0x00,0x00,0x00,0x00,
  0x00,0x00,0x00,0x00,0x00,0x00,0x00,0x00,0x00,0x00,0x00,0x00,
  0x00,0x00,0x00,0x00,0x00,0x00,0x00,0x00,0x00,0x00,0x00,0x00,
  0x00,0x00,0x00,0x00,0x00,0x00,0x00,0x00,0x00,0x00,0x00,0x00,
  0x00,0x00,0x00,0x00,0x00,0x00,0x00,0x00,0x00,0x00,0x00,0x00,
  0x00,0x00,0x00,0x00,0x00,0x00,0x00,0x00,0x00,0x00,0x00,0x00,
  0x00,0x00,0x00,0x00,0x00,0x00,0x00,0x00,0x00,0x00,0x00,0x00,
  0x00,0x00,0x00,0x00,0x00,0x00,0x00,0x00,0x00,0x00,0x00,0x00,
  0x00,0x00,0x00,0x00,0x00,0x00,0x00,0x00,0x00,0x00,0x00,0x00,
  0x00,0x00,0x00,0x00,0x00,0x00,0x00,0x00,0x00,0x00,0x00,0x00,
  0x00,0x00,0x00,0x00,0x00,0x00,0x00,0x00,0x00,0x00,0x00,0x00,
  0x00,0x00,0x00,0x00,0x00,0x00,0x00,0x00,0x00,0x00,0x00,0x00,
  0x00,0x00,0x00,0x00,0x00,0x00,0x00,0x00,0x55,0x55,0x55,0x03,
  0x00,0x00,0x7F,0x02,0x44,0x4F,0x8C,0x47,0x13,0x1D,0x71,0xFF,
  0x11,0x25,0x8D,0xFF,0x18,0x38,0xB1,0xFF,0x1A,0x3B,0xB4,0xFF,
  0x19,0x3A,0xB4,0xFF,0x1A,0x3A,0xB2,0xFF,0x0D,0x1C,0x78,0xFF,
  0x0A,0x16,0x72,0xFF,0x17,0x22,0x6E,0xCE,0x8D,0x9B,0xAA,0x12,
  0x55,0x55,0x91,0x15,0x4C,0x59,0x8C,0x14,0x3F,0x3F,0x7F,0x04,
  0x00,0x55,0x55,0x03,0x00,0x00,0x55,0x03,0x00,0x00,0x7F,0x02,
  0x00,0x00,0x00,0x01,0x00,0x00,0x00,0x00,0x00,0x00,0x00,0x00,
  0x00,0x00,0x00,0x00,0x00,0x00,0x00,0x00,0x00,0x00,0x00,0x00,
  0x00,0x00,0x00,0x00,0x00,0x00,0x00,0x00,0x00,0x00,0x00,0x00,
  0x00,0x00,0x00,0x00,0x00,0x00,0x00,0x00,0x00,0x00,0x00,0x00,
  0x00,0x00,0x00,0x00,0x00,0x00,0x00,0x00,0x00,0x00,0x00,0x00,
  0x00,0x00,0x00,0x00,0x00,0x00,0x00,0x00,0x00,0x00,0x00,0x00,
  0x00,0x00,0x00,0x00,0x00,0x00,0x00,0x00,0x00,0x00,0x00,0x00,
  0x00,0x00,0x00,0x00,0x00,0x00,0x00,0x00,0x00,0x00,0x00,0x00,
  0x00,0x00,0x00,0x00,0x00,0x00,0x00,0x00,0x00,0x00,0x00,0x00,
  0x00,0x00,0x00,0x00,0x00,0x00,0x00,0x00,0x00,0x00,0x00,0x00,
  0x00,0x00,0x00,0x00,0x00,0x00,0x00,0x00,0x00,0x00,0x00,0x00,
  0x00,0x00,0x00,0x00,0x00,0x00,0x00,0x00,0x00,0x00,0x00,0x00,
  0x00,0x00,0x00,0x00,0x00,0x00,0x00,0x00,0x00,0x00,0x00,0x00,
  0x00,0x00,0x00,0x00,0x00,0x00,0x00,0x00,0x00,0x00,0x00,0x00,
  0x00,0x00,0x00,0x00,0x00,0x00,0x00,0x00,0x00,0x00,0x00,0x00,
  0x00,0x00,0xFF,0x01,0x00,0x00,0x00,0x00,0x7F,0x99,0xB2,0x0A,
  0x22,0x28,0x6B,0xB0,0x1A,0x28,0x75,0xDC,0x1A,0x34,0x9F,0xFD,
  0x18,0x32,0xA5,0xFF,0x19,0x37,0xAC,0xFF,0x12,0x2A,0xA3,0xFF,
  0x2F,0x70,0xC6,0xFF,0x58,0xE7,0xFF,0xFF,0x4F,0xD7,0xFD,0xFF,
  0x4A,0xD2,0xFE,0xFF,0x48,0xD1,0xFE,0xFF,0x47,0xD0,0xFE,0xFF,
  0x45,0xCE,0xFE,0xFF,0x45,0xCE,0xFE,0xFF,0x47,0xD1,0xFE,0xFF,
  0x2B,0xA6,0xFD,0xFF,0x18,0x88,0xFC,0xFF,0x34,0xAA,0xFC,0xFF,
  0x53,0xCB,0xFD,0xFF,0x4D,0xC0,0xFD,0xFF,0x4E,0xC1,0xFC,0xFF,
  0x52,0xD1,0xFD,0xFF,0x3D,0xC6,0xFD,0xFF,0x39,0xC0,0xFD,0xFF,
  0x3A,0xC2,0xFD,0xFF,0x39,0xC1,0xFD,0xFF,0x39,0xC1,0xFD,0xFF,
  0x37,0xC0,0xFE,0xFF,0x39,0xC0,0xFD,0xFF,0x3A,0xC2,0xFC,0xFF,
  0x41,0xCE,0xFF,0xFF,0x22,0x5E,0xAF,0xF9,0x05,0x0C,0x75,0xFB,
  0x2E,0x3E,0x89,0x62,0x00,0x00,0x00,0x00,0x00,0x00,0x00,0x00,
  0x00,0x00,0x00,0x00,0x00,0x00,0x00,0x00,0x00,0x00,0x00,0x00,
  0x00,0x00,0x00,0x00,0x00,0x00,0x00,0x00,0x00,0x00,0x00,0x00,
  0x00,0x00,0x00,0x00,0x00,0x00,0x00,0x00,0x00,0x00,0x00,0x00,
  0x00,0x00,0x00,0x00,0x00,0x00,0x00,0x00,0x00,0x00,0x00,0x00,
  0x00,0x00,0x00,0x00,0x00,0x00,0x00,0x00,0x00,0x00,0x00,0x00,
  0x00,0x00,0x00,0x00,0x00,0x00,0x00,0x00,0x00,0x00,0x00,0x00,
  0x00,0x00,0x00,0x00,0x00,0x00,0x00,0x00,0x00,0x00,0x00,0x00,
  0x00,0x00,0x00,0x00,0x00,0x00,0x00,0x00,0x00,0x00,0x00,0x00,
  0x00,0x00,0x00,0x00,0x00,0x00,0x00,0x00,0x00,0x00,0x00,0x00,
  0x00,0x00,0x00,0x00,0x00,0x00,0x00,0x00,0x00,0x00,0x00,0x00,
  0x00,0x00,0x00,0x00,0x00,0x00,0x00,0x00,0x00,0x00,0x00,0x00,
  0x00,0x00,0x00,0x00,0x00,0x00,0x00,0x00,0x00,0x00,0x00,0x00,
  0x00,0x00,0x00,0x00,0x00,0x00,0x00,0x00,0x00,0x00,0x00,0x00,
  0x00,0x00,0x00,0x00,0x00,0x00,0x00,0x00,0x00,0x00,0x00,0x00,
  0x00,0x00,0x00,0x00,0x00,0x00,0x00,0x00,0x00,0x00,0x00,0x00,
  0x00,0x00,0x00,0x00,0x00,0x00,0x00,0x00,0x00,0x00,0x00,0x00,
  0x00,0x00,0x00,0x00,0x00,0x00,0x00,0x00,0x00,0x00,0x00,0x00,
  0x00,0x00,0x00,0x00,0x00,0x00,0x00,0x00,0x00,0x00,0x00,0x00,
  0x00,0x00,0x00,0x00,0x00,0x00,0x00,0x00,0x00,0x00,0x00,0x00,
  0x00,0x00,0x00,0x00,0x00,0x00,0x00,0x00,0x00,0x00,0x00,0x00,
  0x7F,0x7F,0x00,0x02,0x00,0x00,0x00,0x00,0x3F,0x48,0x84,0x38,
  0x0C,0x14,0x62,0xFC,0x11,0x27,0x8F,0xFD,0x18,0x39,0xB6,0xFF,
  0x15,0x32,0xAC,0xFF,0x35,0x97,0xDF,0xFF,0x40,0xB2,0xED,0xFF,
  0x1B,0x42,0xB3,0xFC,0x17,0x30,0xB0,0xFC,0x15,0x2B,0x96,0xF6,
  0x0E,0x15,0x5E,0xE8,0x0E,0x17,0x64,0xEB,0x16,0x1E,0x68,0xE2,
  0x7F,0x7F,0xAA,0x0C,0x00,0x00,0x00,0x00,0x00,0x00,0x00,0x00,
  0x00,0x00,0x00,0x00,0x00,0x00,0x00,0x00,0x00,0x00,0x00,0x00,
  0x00,0x00,0x00,0x00,0x00,0x00,0x00,0x00,0x00,0x00,0x00,0x00,
  0x00,0x00,0x00,0x00,0x00,0x00,0x00,0x00,0x00,0x00,0x00,0x00,
  0x00,0x00,0x00,0x00,0x00,0x00,0x00,0x00,0x00,0x00,0x00,0x00,
  0x00,0x00,0x00,0x00,0x00,0x00,0x00,0x00,0x00,0x00,0x00,0x00,
  0x00,0x00,0x00,0x00,0x00,0x00,0x00,0x00,0x00,0x00,0x00,0x00,
  0x00,0x00,0x00,0x00,0x00,0x00,0x00,0x00,0x00,0x00,0x00,0x00,
  0x00,0x00,0x00,0x00,0x00,0x00,0x00,0x00,0x00,0x00,0x00,0x00,
  0x00,0x00,0x00,0x00,0x00,0x00,0x00,0x00,0x00,0x00,0x00,0x00,
  0x00,0x00,0x00,0x00,0x00,0x00,0x00,0x00,0x00,0x00,0x00,0x00,
  0x00,0x00,0x00,0x00,0x00,0x00,0x00,0x00,0x00,0x00,0x00,0x00,
  0x00,0x00,0x00,0x00,0x00,0x00,0x00,0x00,0x00,0x00,0x00,0x00,
  0x00,0x00,0x00,0x00,0x00,0x00,0x00,0x00,0x00,0x00,0x00,0x00,
  0x00,0x00,0x00,0x00,0x00,0x00,0x00,0x00,0x00,0x00,0x00,0x00,
  0x00,0x00,0x00,0x00,0x00,0x00,0x00,0x00,0x00,0x00,0x00,0x00,
  0x00,0x00,0x00,0x00,0x00,0x00,0xFF,0x01,0x00,0x00,0x7F,0x02,
  0x6F,0x6F,0x9F,0x10,0x18,0x1F,0x66,0xE9,0x0B,0x19,0x75,0xFF,
  0x1B,0x39,0xB2,0xFD,0x1B,0x38,0xB1,0xFF,0x18,0x36,0xAB,0xFF,
  0x11,0x26,0xA0,0xFF,0x2E,0x6A,0xC0,0xFF,0x56,0xDF,0xFE,0xFF,
  0x4E,0xD3,0xFC,0xFF,0x4D,0xD4,0xFD,0xFF,0x49,0xD2,0xFE,0xFF,
  0x46,0xCF,0xFE,0xFF,0x45,0xCD,0xFD,0xFF,0x44,0xCC,0xFD,0xFF,
  0x45,0xCF,0xFE,0xFF,0x5B,0xD4,0xFC,0xFF,0x62,0xD3,0xFB,0xFF,
  0x52,0xC8,0xFC,0xFF,0x1E,0x98,0xFE,0xFF,0x1F,0x94,0xFD,0xFF,
  0x21,0x94,0xFC,0xFF,0x34,0xB3,0xFD,0xFF,0x3C,0xC2,0xFD,0xFF,
  0x3C,0xC4,0xFE,0xFF,0x3A,0xC3,0xFD,0xFF,0x3B,0xC3,0xFD,0xFF,
  0x3A,0xC1,0xFD,0xFF,0x39,0xC1,0xFD,0xFF,0x3B,0xC4,0xFE,0xFF,
  0x3E,0xC2,0xFB,0xFF,0x48,0xCD,0xFB,0xFF,0x27,0x61,0xAF,0xFF,
  0x0C,0x16,0x80,0xFF,0x22,0x32,0x7F,0x60,0x00,0x7F,0x7F,0x02,
  0x00,0x33,0x99,0x05,0x00,0x00,0x00,0x00,0x00,0x00,0x00,0x00,
  0x00,0x00,0x00,0x00,0x00,0x00,0x00,0x00,0x00,0x00,0x00,0x00,
  0x00,0x00,0x00,0x00,0x00,0x00,0x00,0x00,0x00,0x00,0x00,0x00,
  0x00,0x00,0x00,0x00,0x00,0x00,0x00,0x00,0x00,0x00,0x00,0x00,
  0x00,0x00,0x00,0x00,0x00,0x00,0x00,0x00,0x00,0x00,0x00,0x00,
  0x00,0x00,0x00,0x00,0x00,0x00,0x00,0x00,0x00,0x00,0x00,0x00,
  0x00,0x00,0x00,0x00,0x00,0x00,0x00,0x00,0x00,0x00,0x00,0x00,
  0x00,0x00,0x00,0x00,0x00,0x00,0x00,0x00,0x00,0x00,0x00,0x00,
  0x00,0x00,0x00,0x00,0x00,0x00,0x00,0x00,0x00,0x00,0x00,0x00,
  0x00,0x00,0x00,0x00,0x00,0x00,0x00,0x00,0x00,0x00,0x00,0x00,
  0x00,0x00,0x00,0x00,0x00,0x00,0x00,0x00,0x00,0x00,0x00,0x00,
  0x00,0x00,0x00,0x00,0x00,0x00,0x00,0x00,0x00,0x00,0x00,0x00,
  0x00,0x00,0x00,0x00,0x00,0x00,0x00,0x00,0x00,0x00,0x00,0x00,
  0x00,0x00,0x00,0x00,0x00,0x00,0x00,0x00,0x00,0x00,0x00,0x00,
  0x00,0x00,0x00,0x00,0x00,0x00,0x00,0x00,0x00,0x00,0x00,0x00,
  0x00,0x00,0x00,0x00,0x00,0x00,0x00,0x00,0x00,0x00,0x00,0x00,
  0x00,0x00,0x00,0x00,0x00,0x00,0x00,0x00,0x00,0x00,0x00,0x00,
  0x00,0x00,0x00,0x00,0x00,0x00,0x00,0x00,0x00,0x00,0x00,0x00,
  0x00,0x00,0x00,0x00,0x00,0x00,0x00,0x00,0x00,0x00,0x00,0x00,
  0x00,0x00,0x00,0x00,0x00,0x00,0x00,0x00,0x00,0x00,0x00,0x00,
  0x00,0x00,0x00,0x00,0x6D,0x6D,0x91,0x07,0x2E,0x2E,0x6E,0x2C,
  0x33,0x44,0x84,0x6C,0x0F,0x1E,0x74,0xFF,0x13,0x29,0x94,0xFE,
  0x1A,0x40,0xB7,0xFF,0x20,0x52,0xBC,0xFF,0x3B,0xB6,0xF4,0xFF,
  0x40,0xCE,0xFF,0xFF,0x25,0x60,0xC6,0xFF,0x23,0x52,0xC2,0xFF,
  0x1B,0x41,0xAC,0xFF,0x0E,0x20,0x83,0xFF,0x0D,0x21,0x88,0xFF,
  0x16,0x25,0x81,0xFD,0x39,0x40,0x7A,0x4B,0x2A,0x33,0x6C,0x36,
  0x22,0x27,0x6B,0x34,0x23,0x28,0x6B,0x32,0x36,0x48,0x7F,0x0E,
  0x00,0x00,0xFF,0x01,0x00,0x7F,0x7F,0x02,0x00,0x00,0x00,0x00,
  0x00,0x00,0x00,0x00,0x00,0x00,0x00,0x00,0x00,0x00,0x00,0x00,
  0x00,0x00,0x00,0x00,0x00,0x00,0x00,0x00,0x00,0x00,0x00,0x00,
  0x00,0x00,0x00,0x00,0x00,0x00,0x00,0x00,0x00,0x00,0x00,0x00,
  0x00,0x00,0x00,0x00,0x00,0x00,0x00,0x00,0x00,0x00,0x00,0x00,
  0x00,0x00,0x00,0x00,0x00,0x00,0x00,0x00,0x00,0x00,0x00,0x00,
  0x00,0x00,0x00,0x00,0x00,0x00,0x00,0x00,0x00,0x00,0x00,0x00,
  0x00,0x00,0x00,0x00,0x00,0x00,0x00,0x00,0x00,0x00,0x00,0x00,
  0x00,0x00,0x00,0x00,0x00,0x00,0x00,0x00,0x00,0x00,0x00,0x00,
  0x00,0x00,0x00,0x00,0x00,0x00,0x00,0x00,0x00,0x00,0x00,0x00,
  0x00,0x00,0x00,0x00,0x00,0x00,0x00,0x00,0x00,0x00,0x00,0x00,
  0x00,0x00,0x00,0x00,0x00,0x00,0x00,0x00,0x00,0x00,0x00,0x00,
  0x00,0x00,0x00,0x00,0x00,0x00,0x00,0x00,0x00,0x00,0x00,0x00,
  0x00,0x00,0x00,0x00,0x00,0x00,0x00,0x00,0x00,0x00,0x00,0x00,
  0x00,0x00,0x00,0x00,0x00,0x00,0x00,0x00,0x00,0x00,0xFF,0x01,
  0x00,0x00,0x00,0x00,0x04,0x04,0x00,0x00,0x16,0x1E,0x67,0xDC,
  0x0B,0x19,0x73,0xFD,0x1B,0x37,0xAE,0xFD,0x1A,0x37,0xAE,0xFF,
  0x18,0x35,0xAB,0xFF,0x16,0x39,0xAC,0xFF,0x2D,0x76,0xCF,0xFF,
  0x49,0xCE,0xFF,0xFF,0x50,0xD5,0xFD,0xFF,0x53,0xD9,0xFD,0xFF,
  0x4D,0xD2,0xFD,0xFF,0x47,0xCE,0xFE,0xFF,0x45,0xCC,0xFD,0xFF,
  0x46,0xCC,0xFD,0xFF,0x4D,0xD1,0xFD,0xFF,0x77,0xEC,0xFE,0xFF,
  0x83,0xF4,0xFE,0xFF,0x6D,0xE1,0xFD,0xFF,0x25,0x9B,0xFE,0xFF,
  0x26,0x99,0xFD,0xFF,0x26,0x98,0xFC,0xFF,0x21,0x92,0xFD,0xFF,
  0x2E,0xAB,0xFD,0xFF,0x3D,0xC6,0xFE,0xFF,0x3D,0xC4,0xFD,0xFF,
  0x3C,0xC3,0xFD,0xFF,0x3A,0xC1,0xFD,0xFF,0x39,0xBF,0xFA,0xFF,
  0x43,0xD0,0xFE,0xFF,0x31,0x7E,0xC5,0xFC,0x17,0x30,0x8D,0xFD,
  0x27,0x42,0x87,0x9A,0x2C,0x35,0x84,0x51,0x31,0x41,0x83,0x1F,
  0x00,0x00,0x00,0x00,0x00,0x00,0xFF,0x01,0x00,0x00,0x00,0x00,
  0x00,0x00,0x00,0x00,0x00,0x00,0x00,0x00,0x00,0x00,0x00,0x00,
  0x00,0x00,0x00,0x00,0x00,0x00,0x00,0x00,0x00,0x00,0x00,0x00,
  0x00,0x00,0x00,0x00,0x00,0x00,0x00,0x00,0x00,0x00,0x00,0x00,
  0x00,0x00,0x00,0x00,0x00,0x00,0x00,0x00,0x00,0x00,0x00,0x00,
  0x00,0x00,0x00,0x00,0x00,0x00,0x00,0x00,0x00,0x00,0x00,0x00,
  0x00,0x00,0x00,0x00,0x00,0x00,0x00,0x00,0x00,0x00,0x00,0x00,
  0x00,0x00,0x00,0x00,0x00,0x00,0x00,0x00,0x00,0x00,0x00,0x00,
  0x00,0x00,0x00,0x00,0x00,0x00,0x00,0x00,0x00,0x00,0x00,0x00,
  0x00,0x00,0x00,0x00,0x00,0x00,0x00,0x00,0x00,0x00,0x00,0x00,
  0x00,0x00,0x00,0x00,0x00,0x00,0x00,0x00,0x00,0x00,0x00,0x00,
  0x00,0x00,0x00,0x00,0x00,0x00,0x00,0x00,0x00,0x00,0x00,0x00,
  0x00,0x00,0x00,0x00,0x00,0x00,0x00,0x00,0x00,0x00,0x00,0x00,
  0x00,0x00,0x00,0x00,0x00,0x00,0x00,0x00,0x00,0x00,0x00,0x00,
  0x00,0x00,0x00,0x00,0x00,0x00,0x00,0x00,0x00,0x00,0x00,0x00,
  0x00,0x00,0x00,0x00,0x00,0x00,0x00,0x00,0x00,0x00,0x00,0x00,
  0x00,0x00,0x00,0x00,0x00,0x00,0x00,0x00,0x00,0x00,0x00,0x00,
  0x00,0x00,0x00,0x00,0x00,0x00,0x00,0x00,0x00,0x00,0x00,0x00,
  0x00,0x00,0x00,0x00,0x00,0x00,0x00,0x00,0x00,0x00,0x00,0x00,
  0x00,0x00,0x00,0x00,0x00,0x00,0x00,0x00,0x00,0x00,0x00,0x00,
  0x00,0x00,0x7F,0x02,0x00,0x00,0x00,0x00,0x4E,0x58,0x93,0x1A,
  0x15,0x1D,0x67,0xF0,0x15,0x29,0x88,0xFF,0x20,0x42,0xBD,0xFE,
  0x19,0x35,0xB2,0xFF,0x23,0x5A,0xC2,0xFF,0x3F,0xC4,0xFD,0xFF,
  0x3B,0xC2,0xFD,0xFF,0x3A,0xC2,0xFD,0xFF,0x3D,0xC0,0xFA,0xFF,
  0x44,0xCE,0xFB,0xFF,0x35,0x89,0xDF,0xFF,0x1A,0x31,0xB6,0xFE,
  0x1F,0x41,0xC0,0xFE,0x1C,0x39,0xAF,0xFE,0x12,0x1F,0x72,0xFF,
  0x13,0x1F,0x72,0xFF,0x0F,0x1A,0x6D,0xFF,0x0F,0x1A,0x6F,0xFF,
  0x1E,0x29,0x72,0x43,0x00,0x00,0x00,0x00,0x00,0x00,0x00,0x00,
  0x00,0x00,0x00,0x00,0x00,0x00,0x00,0x00,0x00,0x00,0x00,0x00,
  0x00,0x00,0x00,0x00,0x00,0x00,0x00,0x00,0x00,0x00,0x00,0x00,
  0x00,0x00,0x00,0x00,0x00,0x00,0x00,0x00,0x00,0x00,0x00,0x00,
  0x00,0x00,0x00,0x00,0x00,0x00,0x00,0x00,0x00,0x00,0x00,0x00,
  0x00,0x00,0x00,0x00,0x00,0x00,0x00,0x00,0x00,0x00,0x00,0x00,
  0x00,0x00,0x00,0x00,0x00,0x00,0x00,0x00,0x00,0x00,0x00,0x00,
  0x00,0x00,0x00,0x00,0x00,0x00,0x00,0x00,0x00,0x00,0x00,0x00,
  0x00,0x00,0x00,0x00,0x00,0x00,0x00,0x00,0x00,0x00,0x00,0x00,
  0x00,0x00,0x00,0x00,0x00,0x00,0x00,0x00,0x00,0x00,0x00,0x00,
  0x00,0x00,0x00,0x00,0x00,0x00,0x00,0x00,0x00,0x00,0x00,0x00,
  0x00,0x00,0x00,0x00,0x00,0x00,0x00,0x00,0x00,0x00,0x00,0x00,
  0x00,0x00,0x00,0x00,0x00,0x00,0x00,0x00,0x00,0x00,0x00,0x00,
  0x00,0x00,0x00,0x00,0x00,0x00,0x00,0x00,0x00,0x00,0x00,0x00,
  0x00,0x00,0x00,0x00,0x00,0x00,0x00,0x00,0x00,0x00,0x00,0x02,
  0x00,0x00,0x00,0x00,0x44,0x4F,0x88,0x47,0x3E,0x49,0x88,0x83,
  0x16,0x25,0x79,0xEE,0x0E,0x20,0x82,0xFF,0x1A,0x37,0xAD,0xFE,
  0x1A,0x38,0xAF,0xFF,0x16,0x2E,0xA4,0xFF,0x20,0x74,0xDB,0xFF,
  0x25,0xA2,0xFF,0xFF,0x21,0x97,0xFD,0xFF,0x3E,0xBC,0xFD,0xFF,
  0x4B,0xCB,0xFD,0xFF,0x50,0xD5,0xFD,0xFF,0x49,0xD3,0xFE,0xFF,
  0x43,0xCC,0xFE,0xFF,0x4E,0xD2,0xFD,0xFF,0x78,0xEB,0xFE,0xFF,
  0x79,0xEA,0xFE,0xFF,0x7D,0xEF,0xFE,0xFF,0x6A,0xDF,0xFD,0xFF,
  0x24,0x9C,0xFE,0xFF,0x24,0x99,0xFD,0xFF,0x2A,0x9F,0xFC,0xFF,
  0x2A,0x9F,0xFD,0xFF,0x25,0x9B,0xFD,0xFF,0x2D,0xAB,0xFE,0xFF,
  0x3E,0xC5,0xFE,0xFF,0x3D,0xC4,0xFE,0xFF,0x3D,0xC5,0xFE,0xFF,
  0x41,0xCD,0xFF,0xFF,0x4C,0xE0,0xFF,0xFF,0x2A,0x6E,0xB7,0xFF,
  0x01,0x05,0x75,0xFF,0x1F,0x2E,0x7B,0x69,0x00,0x00,0x00,0x00,
  0x00,0x00,0x00,0x00,0x00,0x00,0x00,0x00,0x00,0x00,0x00,0x00,
  0x00,0x00,0x00,0x00,0x00,0x00,0x00,0x00,0x00,0x00,0x00,0x00,
  0x00,0x00,0x00,0x00,0x00,0x00,0x00,0x00,0x00,0x00,0x00,0x00,
  0x00,0x00,0x00,0x00,0x00,0x00,0x00,0x00,0x00,0x00,0x00,0x00,
  0x00,0x00,0x00,0x00,0x00,0x00,0x00,0x00,0x00,0x00,0x00,0x00,
  0x00,0x00,0x00,0x00,0x00,0x00,0x00,0x00,0x00,0x00,0x00,0x00,
  0x00,0x00,0x00,0x00,0x00,0x00,0x00,0x00,0x00,0x00,0x00,0x00,
  0x00,0x00,0x00,0x00,0x00,0x00,0x00,0x00,0x00,0x00,0x00,0x00,
  0x00,0x00,0x00,0x00,0x00,0x00,0x00,0x00,0x00,0x00,0x00,0x00,
  0x00,0x00,0x00,0x00,0x00,0x00,0x00,0x00,0x00,0x00,0x00,0x00,
  0x00,0x00,0x00,0x00,0x00,0x00,0x00,0x00,0x00,0x00,0x00,0x00,
  0x00,0x00,0x00,0x00,0x00,0x00,0x00,0x00,0x00,0x00,0x00,0x00,
  0x00,0x00,0x00,0x00,0x00,0x00,0x00,0x00,0x00,0x00,0x00,0x00,
  0x00,0x00,0x00,0x00,0x00,0x00,0x00,0x00,0x00,0x00,0x00,0x00,
  0x00,0x00,0x00,0x00,0x00,0x00,0x00,0x00,0x00,0x00,0x00,0x00,
  0x00,0x00,0x00,0x00,0x00,0x00,0x00,0x00,0x00,0x00,0x00,0x00,
  0x00,0x00,0x00,0x00,0x00,0x00,0x00,0x00,0x00,0x00,0x00,0x00,
  0x00,0x00,0x00,0x00,0x00,0x00,0x00,0x00,0x00,0x00,0x00,0x00,
  0x00,0x00,0x00,0x00,0x00,0x00,0x00,0x00,0x00,0x00,0x00,0x00,
  0x00,0x00,0x00,0x00,0x00,0x00,0x00,0x00,0x00,0x00,0x00,0x00,
  0x00,0x00,0x00,0x00,0x00,0x00,0x7F,0x02,0x00,0x00,0x7F,0x02,
  0x2F,0x38,0x7A,0x1B,0x0C,0x16,0x63,0xF2,0x0F,0x21,0x87,0xFE,
  0x1F,0x41,0xBD,0xFE,0x16,0x30,0xAE,0xFF,0x21,0x55,0xBF,0xFF,
  0x3C,0xC4,0xFD,0xFF,0x3A,0xC2,0xFD,0xFF,0x39,0xC1,0xFD,0xFF,
  0x3A,0xC2,0xFD,0xFF,0x3F,0xD0,0xFF,0xFF,0x34,0x8F,0xE0,0xFF,
  0x1E,0x40,0xB5,0xFF,0x1E,0x45,0xB8,0xFF,0x1C,0x3C,0xB4,0xFF,
  0x19,0x36,0xAA,0xFE,0x1C,0x39,0xB0,0xFE,0x14,0x2C,0x98,0xFD,
  0x07,0x12,0x6B,0xFF,0x24,0x2E,0x74,0x53,0x77,0x88,0xAA,0x0F,
  0x78,0x87,0xA5,0x11,0x00,0x00,0xAA,0x03,0x00,0x00,0x7F,0x02,
  0x00,0x00,0x00,0x00,0x00,0x00,0x00,0x00,0x00,0x00,0x00,0x00,
  0x00,0x00,0x00,0x00,0x00,0x00,0x00,0x00,0x00,0x00,0x00,0x00,
  0x00,0x00,0x00,0x00,0x00,0x00,0x00,0x00,0x00,0x00,0x00,0x00,
  0x00,0x00,0x00,0x00,0x00,0x00,0x00,0x00,0x00,0x00,0x00,0x00,
  0x00,0x00,0x00,0x00,0x00,0x00,0x00,0x00,0x00,0x00,0x00,0x00,
  0x00,0x00,0x00,0x00,0x00,0x00,0x00,0x00,0x00,0x00,0x00,0x00,
  0x00,0x00,0x00,0x00,0x00,0x00,0x00,0x00,0x00,0x00,0x00,0x00,
  0x00,0x00,0x00,0x00,0x00,0x00,0x00,0x00,0x00,0x00,0x00,0x00,
  0x00,0x00,0x00,0x00,0x00,0x00,0x00,0x00,0x00,0x00,0x00,0x00,
  0x00,0x00,0x00,0x00,0x00,0x00,0x00,0x00,0x00,0x00,0x00,0x00,
  0x00,0x00,0x00,0x00,0x00,0x00,0x00,0x00,0x00,0x00,0x00,0x00,
  0x00,0x00,0x00,0x00,0x00,0x00,0x00,0x00,0x00,0x00,0x00,0x00,
  0x00,0x00,0x00,0x00,0x00,0x00,0x00,0x00,0x00,0x00,0x00,0x00,
  0x00,0x00,0x55,0x03,0x00,0x00,0x00,0x00,0x18,0x22,0x6E,0xA4,
  0x13,0x20,0x7D,0xFF,0x1A,0x35,0xA6,0xFE,0x1C,0x3A,0xB1,0xFF,
  0x1B,0x37,0xAE,0xFF,0x18,0x36,0xAD,0xFF,0x16,0x2C,0xA2,0xFF,
  0x1F,0x73,0xDA,0xFF,0x25,0xA5,0xFF,0xFF,0x24,0x9B,0xFC,0xFF,
  0x1F,0x96,0xFE,0xFF,0x2D,0xA5,0xFC,0xFF,0x4F,0xD2,0xFD,0xFF,
  0x47,0xCD,0xFE,0xFF,0x46,0xCE,0xFE,0xFF,0x61,0xDE,0xFE,0xFF,
  0x7B,0xED,0xFE,0xFF,0x7E,0xEF,0xFE,0xFF,0x5A,0xD0,0xFC,0xFF,
  0x38,0xB0,0xFC,0xFF,0x25,0x9C,0xFE,0xFF,0x23,0x99,0xFE,0xFF,
  0x48,0xC7,0xFD,0xFF,0x53,0xD7,0xFD,0xFF,0x37,0xB4,0xFC,0xFF,
  0x1E,0x94,0xFE,0xFF,0x37,0xB9,0xFD,0xFF,0x48,0xD1,0xFE,0xFF,
  0x46,0xCC,0xFD,0xFF,0x3E,0xA6,0xE0,0xFF,0x45,0xAC,0xE0,0xFF,
  0x31,0x6A,0xAF,0xE8,0x0D,0x15,0x74,0xE0,0x25,0x33,0x7C,0x5E,
  0x00,0x00,0x7F,0x04,0x00,0x00,0x7F,0x04,0x00,0x00,0x00,0x00,
  0x00,0x00,0x00,0x00,0x00,0x00,0x00,0x00,0x00,0x00,0x00,0x00,
  0x00,0x00,0x00,0x00,0x00,0x00,0x00,0x00,0x00,0x00,0x00,0x00,
  0x00,0x00,0x00,0x00,0x00,0x00,0x00,0x00,0x00,0x00,0x00,0x00,
  0x00,0x00,0x00,0x00,0x00,0x00,0x00,0x00,0x00,0x00,0x00,0x00,
  0x00,0x00,0x00,0x00,0x00,0x00,0x00,0x00,0x00,0x00,0x00,0x00,
  0x00,0x00,0x00,0x00,0x00,0x00,0x00,0x00,0x00,0x00,0x00,0x00,
  0x00,0x00,0x00,0x00,0x00,0x00,0x00,0x00,0x00,0x00,0x00,0x00,
  0x00,0x00,0x00,0x00,0x00,0x00,0x00,0x00,0x00,0x00,0x00,0x00,
  0x00,0x00,0x00,0x00,0x00,0x00,0x00,0x00,0x00,0x00,0x00,0x00,
  0x00,0x00,0x00,0x00,0x00,0x00,0x00,0x00,0x00,0x00,0x00,0x00,
  0x00,0x00,0x00,0x00,0x00,0x00,0x00,0x00,0x00,0x00,0x00,0x00,
  0x00,0x00,0x00,0x00,0x00,0x00,0x00,0x00,0x00,0x00,0x00,0x00,
  0x00,0x00,0x00,0x00,0x00,0x00,0x00,0x00,0x00,0x00,0x00,0x00,
  0x00,0x00,0x00,0x00,0x00,0x00,0x00,0x00,0x00,0x00,0x00,0x00,
  0x00,0x00,0x00,0x00,0x00,0x00,0x00,0x00,0x00,0x00,0x00,0x00,
  0x00,0x00,0x00,0x00,0x00,0x00,0x00,0x00,0x00,0x00,0x00,0x00,
  0x00,0x00,0x00,0x00,0x00,0x00,0x00,0x00,0x00,0x00,0x00,0x00,
  0x00,0x00,0x00,0x00,0x00,0x00,0x00,0x00,0x00,0x00,0x00,0x00,
  0x00,0x00,0x00,0x00,0x00,0x00,0x00,0x00,0x00,0x00,0x00,0x00,
  0x00,0x00,0x00,0x00,0x00,0x00,0x00,0x00,0x00,0x00,0x7F,0x02,
  0x00,0x00,0x00,0x00,0x59,0x59,0x8C,0x14,0x0B,0x14,0x62,0xF1,
  0x0F,0x21,0x84,0xFF,0x1C,0x3B,0xB7,0xFE,0x2B,0x74,0xCC,0xFF,
  0x37,0xA7,0xEB,0xFF,0x3B,0xC2,0xFD,0xFF,0x39,0xC1,0xFD,0xFF,
  0x39,0xC2,0xFD,0xFF,0x3A,0xC2,0xFD,0xFF,0x3A,0xC3,0xFE,0xFF,
  0x3B,0xBE,0xFA,0xFF,0x45,0xC8,0xF9,0xFF,0x26,0x66,0xC7,0xFF,
  0x10,0x25,0xA9,0xFF,0x17,0x37,0xB2,0xFF,0x19,0x39,0xB3,0xFF,
  0x19,0x37,0xAE,0xFE,0x19,0x33,0xA4,0xFF,0x15,0x22,0x7C,0xEA,
  0x11,0x1B,0x6B,0xE1,0x1D,0x26,0x70,0xC8,0xFF,0xFF,0xFF,0x03,
  0x00,0x00,0x00,0x00,0x00,0x00,0x33,0x05,0x00,0x00,0x55,0x03,
  0x00,0x00,0x00,0x00,0x00,0x00,0x00,0x00,0x00,0x00,0x00,0x00,
  0x00,0x00,0x00,0x00,0x00,0x00,0x00,0x00,0x00,0x00,0x00,0x00,
  0x00,0x00,0x00,0x00,0x00,0x00,0x00,0x00,0x00,0x00,0x00,0x00,
  0x00,0x00,0x00,0x00,0x00,0x00,0x00,0x00,0x00,0x00,0x00,0x00,
  0x00,0x00,0x00,0x00,0x00,0x00,0x00,0x00,0x00,0x00,0x00,0x00,
  0x00,0x00,0x00,0x00,0x00,0x00,0x00,0x00,0x00,0x00,0x00,0x00,
  0x00,0x00,0x00,0x00,0x00,0x00,0x00,0x00,0x00,0x00,0x00,0x00,
  0x00,0x00,0x00,0x00,0x00,0x00,0x00,0x00,0x00,0x00,0x00,0x00,
  0x00,0x00,0x00,0x00,0x00,0x00,0x00,0x00,0x00,0x00,0x00,0x00,
  0x00,0x00,0x00,0x00,0x00,0x00,0x00,0x00,0x00,0x00,0x00,0x00,
  0x00,0x00,0x00,0x00,0x00,0x00,0x00,0x00,0x00,0x00,0x00,0x00,
  0x00,0x00,0x00,0x00,0x00,0x00,0x00,0x00,0x00,0x00,0x00,0x00,
  0x00,0x00,0x00,0x00,0x00,0x00,0x7F,0x02,0x03,0x03,0x01,0x00,
  0x18,0x22,0x6E,0x9B,0x08,0x14,0x6D,0xFB,0x1A,0x32,0xA2,0xFC,
  0x1B,0x3A,0xB2,0xFF,0x19,0x32,0xA9,0xFF,0x1C,0x4D,0xBD,0xFF,
  0x28,0x89,0xE7,0xFF,0x27,0x94,0xF3,0xFF,0x25,0xA0,0xFE,0xFF,
  0x24,0x9E,0xFD,0xFF,0x23,0x9A,0xFE,0xFF,0x25,0x9A,0xFD,0xFF,
  0x27,0x9B,0xFC,0xFF,0x2A,0xA2,0xFC,0xFF,0x56,0xD5,0xFD,0xFF,
  0x79,0xEC,0xFE,0xFF,0x7B,0xEC,0xFE,0xFF,0x88,0xF8,0xFE,0xFF,
  0x4D,0xC1,0xFC,0xFF,0x1A,0x90,0xFE,0xFF,0x25,0x9D,0xFE,0xFF,
  0x41,0xC3,0xFD,0xFF,0x51,0xD4,0xFD,0xFF,0x52,0xD8,0xFD,0xFF,
  0x40,0xC1,0xFD,0xFF,0x2E,0xAB,0xFE,0xFF,0x41,0xC3,0xFD,0xFF,
  0x51,0xDA,0xFE,0xFF,0x4F,0xD1,0xFA,0xFF,0x1A,0x38,0x8E,0xFC,
  0x0C,0x14,0x75,0xFF,0x35,0x3D,0x7F,0x60,0x9F,0x9F,0x7F,0x08,
  0x7F,0x7F,0x9F,0x08,0x00,0x00,0x00,0x00,0x00,0x00,0x00,0x00,
  0x00,0x00,0x00,0x00,0x00,0x00,0x00,0x00,0x00,0x00,0x00,0x00,
  0x00,0x00,0x00,0x00,0x00,0x00,0x00,0x00,0x00,0x00,0x00,0x00,
  0x00,0x00,0x00,0x00,0x00,0x00,0x00,0x00,0x00,0x00,0x00,0x00,
  0x00,0x00,0x00,0x00,0x00,0x00,0x00,0x00,0x00,0x00,0x00,0x00,
  0x00,0x00,0x00,0x00,0x00,0x00,0x00,0x00,0x00,0x00,0x00,0x00,
  0x00,0x00,0x00,0x00,0x00,0x00,0x00,0x00,0x00,0x00,0x00,0x00,
  0x00,0x00,0x00,0x00,0x00,0x00,0x00,0x00,0x00,0x00,0x00,0x00,
  0x00,0x00,0x00,0x00,0x00,0x00,0x00,0x00,0x00,0x00,0x00,0x00,
  0x00,0x00,0x00,0x00,0x00,0x00,0x00,0x00,0x00,0x00,0x00,0x00,
  0x00,0x00,0x00,0x00,0x00,0x00,0x00,0x00,0x00,0x00,0x00,0x00,
  0x00,0x00,0x00,0x00,0x00,0x00,0x00,0x00,0x00,0x00,0x00,0x00,
  0x00,0x00,0x00,0x00,0x00,0x00,0x00,0x00,0x00,0x00,0x00,0x00,
  0x00,0x00,0x00,0x00,0x00,0x00,0x00,0x00,0x00,0x00,0x00,0x00,
  0x00,0x00,0x00,0x00,0x00,0x00,0x00,0x00,0x00,0x00,0x00,0x00,
  0x00,0x00,0x00,0x00,0x00,0x00,0x00,0x00,0x00,0x00,0x00,0x00,
  0x00,0x00,0x00,0x00,0x00,0x00,0x00,0x00,0x00,0x00,0x00,0x00,
  0x00,0x00,0x00,0x00,0x00,0x00,0x00,0x00,0x00,0x00,0x00,0x00,
  0x00,0x00,0x00,0x00,0x00,0x00,0x00,0x00,0x00,0x00,0x00,0x00,
  0x00,0x00,0x00,0x00,0x00,0x00,0x00,0x00,0x00,0x00,0x00,0x00,
  0x00,0x00,0x00,0x00,0x00,0x00,0x00,0x00,0x00,0x00,0x00,0x01,
  0xFF,0xFF,0x00,0x01,0x1C,0x23,0x66,0x91,0x1A,0x25,0x76,0xCA,
  0x19,0x30,0x9C,0xFB,0x17,0x33,0xA3,0xFF,0x18,0x35,0xB0,0xFF,
  0x35,0x99,0xE2,0xFF,0x3E,0xD2,0xFF,0xFF,0x3B,0xC2,0xFD,0xFF,
  0x3A,0xC2,0xFD,0xFF,0x38,0xC1,0xFD,0xFF,0x37,0xC0,0xFE,0xFF,
  0x38,0xC0,0xFE,0xFF,0x36,0xC0,0xFE,0xFF,0x46,0xD1,0xFF,0xFF,
  0x47,0xA8,0xE4,0xFF,0x3F,0x8A,0xD2,0xFF,0x23,0x51,0xBB,0xFF,
  0x17,0x36,0xB0,0xFF,0x19,0x3C,0xB4,0xFF,0x1D,0x3F,0xBA,0xFF,
  0x13,0x2B,0x98,0xFF,0x0E,0x23,0x8F,0xFF,0x14,0x25,0x86,0xF9,
  0x27,0x31,0x78,0xAF,0x39,0x41,0x81,0x78,0x03,0x02,0x00,0x00,
  0x00,0x00,0x00,0x00,0x00,0x00,0x00,0x01,0x00,0x00,0x00,0x01,
  0x00,0x00,0x00,0x01,0x00,0x00,0x00,0x00,0x00,0x00,0x00,0x00,
  0x00,0x00,0x00,0x00,0x00,0x00,0x00,0x00,0x00,0x00,0x00,0x00,
  0x00,0x00,0x00,0x00,0x00,0x00,0x00,0x00,0x00,0x00,0x00,0x00,
  0x00,0x00,0x00,0x00,0x00,0x00,0x00,0x00,0x00,0x00,0x00,0x00,
  0x00,0x00,0x00,0x00,0x00,0x00,0x00,0x00,0x00,0x00,0x00,0x00,
  0x00,0x00,0x00,0x00,0x00,0x00,0x00,0x00,0x00,0x00,0x00,0x00,
  0x00,0x00,0x00,0x00,0x00,0x00,0x00,0x00,0x00,0x00,0x00,0x00,
  0x00,0x00,0x00,0x00,0x00,0x00,0x00,0x00,0x00,0x00,0x00,0x00,
  0x00,0x00,0x00,0x00,0x00,0x00,0x00,0x00,0x00,0x00,0x00,0x00,
  0x00,0x00,0x00,0x00,0x00,0x00,0x00,0x00,0x00,0x00,0x00,0x00,
  0x00,0x00,0x00,0x00,0x00,0x00,0x00,0x00,0x00,0x00,0x00,0x00,
  0x00,0x00,0x00,0x00,0x00,0x00,0xAA,0x03,0x00,0x00,0x00,0x00,
  0x22,0x2A,0x71,0x7E,0x13,0x1C,0x6F,0xF1,0x0D,0x1C,0x78,0xFC,
  0x1A,0x34,0xA8,0xFE,0x1A,0x38,0xAF,0xFF,0x18,0x30,0xA8,0xFF,
  0x1F,0x57,0xC1,0xFF,0x2A,0xAE,0xFF,0xFF,0x26,0xA3,0xFF,0xFF,
  0x27,0x9F,0xFE,0xFF,0x26,0x9E,0xFE,0xFF,0x24,0x9B,0xFE,0xFF,
  0x24,0x9A,0xFE,0xFF,0x20,0x96,0xFE,0xFF,0x2C,0xA3,0xFD,0xFF,
  0x73,0xE7,0xFD,0xFF,0x7A,0xEC,0xFE,0xFF,0x77,0xE9,0xFE,0xFF,
  0x63,0xD7,0xFD,0xFF,0x3E,0xB4,0xFC,0xFF,0x25,0x9E,0xFE,0xFF,
  0x2C,0xA7,0xFE,0xFF,0x4D,0xD3,0xFD,0xFF,0x51,0xD8,0xFD,0xFF,
  0x4F,0xD4,0xFD,0xFF,0x52,0xD6,0xFD,0xFF,0x53,0xD7,0xFD,0xFF,
  0x52,0xD5,0xFD,0xFF,0x4F,0xD6,0xFE,0xFF,0x4D,0xD1,0xFB,0xFF,
  0x18,0x3B,0x8E,0xFA,0x09,0x14,0x73,0xFC,0x24,0x36,0x7C,0x54,
  0x00,0x00,0x00,0x00,0x00,0x7F,0x7F,0x02,0x00,0x00,0x00,0x00,
  0x00,0x00,0x00,0x00,0x00,0x00,0x00,0x00,0x00,0x00,0x00,0x00,
  0x00,0x00,0x00,0x00,0x00,0x00,0x00,0x00,0x00,0x00,0x00,0x00,
  0x00,0x00,0x00,0x00,0x00,0x00,0x00,0x00,0x00,0x00,0x00,0x00,
  0x00,0x00,0x00,0x00,0x00,0x00,0x00,0x00,0x00,0x00,0x00,0x00,
  0x00,0x00,0x00,0x00,0x00,0x00,0x00,0x00,0x00,0x00,0x00,0x00,
  0x00,0x00,0x00,0x00,0x00,0x00,0x00,0x00,0x00,0x00,0x00,0x00,
  0x00,0x00,0x00,0x00,0x00,0x00,0x00,0x00,0x00,0x00,0x00,0x00,
  0x00,0x00,0x00,0x00,0x00,0x00,0x00,0x00,0x00,0x00,0x00,0x00,
  0x00,0x00,0x00,0x00,0x00,0x00,0x00,0x00,0x00,0x00,0x00,0x00,
  0x00,0x00,0x00,0x00,0x00,0x00,0x00,0x00,0x00,0x00,0x00,0x00,
  0x00,0x00,0x00,0x00,0x00,0x00,0x00,0x00,0x00,0x00,0x00,0x00,
  0x00,0x00,0x00,0x00,0x00,0x00,0x00,0x00,0x00,0x00,0x00,0x00,
  0x00,0x00,0x00,0x00,0x00,0x00,0x00,0x00,0x00,0x00,0x00,0x00,
  0x00,0x00,0x00,0x00,0x00,0x00,0x00,0x00,0x00,0x00,0x00,0x00,
  0x00,0x00,0x00,0x00,0x00,0x00,0x00,0x00,0x00,0x00,0x00,0x00,
  0x00,0x00,0x00,0x00,0x00,0x00,0x00,0x00,0x00,0x00,0x00,0x00,
  0x00,0x00,0x00,0x00,0x00,0x00,0x00,0x00,0x00,0x00,0x00,0x00,
  0x00,0x00,0x00,0x00,0x00,0x00,0x00,0x00,0x00,0x00,0x00,0x00,
  0x00,0x00,0x00,0x00,0x00,0x00,0x00,0x00,0x00,0x00,0x00,0x00,
  0x00,0x00,0x00,0x00,0x00,0x00,0x00,0x00,0x00,0x00,0x00,0x00,
  0x00,0x00,0x00,0x01,0xFF,0xFF,0xFF,0x02,0x15,0x1E,0x68,0xD9,
  0x0A,0x19,0x78,0xFF,0x1D,0x3D,0xB8,0xFD,0x1A,0x39,0xB5,0xFF,
  0x12,0x26,0xA6,0xFF,0x30,0x8B,0xDC,0xFF,0x3D,0xCB,0xFE,0xFF,
  0x3B,0xC2,0xFD,0xFF,0x39,0xC1,0xFD,0xFF,0x38,0xC0,0xFD,0xFF,
  0x36,0xC0,0xFE,0xFF,0x37,0xC0,0xFE,0xFF,0x34,0xBE,0xFE,0xFF,
  0x4D,0xD0,0xFD,0xFF,0x6C,0xEB,0xFF,0xFF,0x6D,0xF2,0xFF,0xFF,
  0x61,0xD5,0xF7,0xFF,0x5F,0xD4,0xF4,0xFF,0x34,0x72,0xC4,0xFF,
  0x11,0x25,0xA5,0xFF,0x1C,0x3D,0xB5,0xFE,0x1E,0x42,0xBF,0xFD,
  0x1B,0x39,0xAD,0xFE,0x08,0x14,0x72,0xFF,0x12,0x1E,0x6D,0xED,
  0x24,0x2C,0x72,0x8A,0x29,0x34,0x7B,0x74,0xFF,0xAA,0xFF,0x03,
  0x00,0x00,0x00,0x00,0x00,0x00,0x00,0x00,0x00,0x00,0x00,0x00,
  0x00,0x00,0x00,0x00,0x00,0x00,0x00,0x00,0x00,0x00,0x00,0x00,
  0x00,0x00,0x00,0x00,0x00,0x00,0x00,0x00,0x00,0x00,0x00,0x00,
  0x00,0x00,0x00,0x00,0x00,0x00,0x00,0x00,0x00,0x00,0x00,0x00,
  0x00,0x00,0x00,0x00,0x00,0x00,0x00,0x00,0x00,0x00,0x00,0x00,
  0x00,0x00,0x00,0x00,0x00,0x00,0x00,0x00,0x00,0x00,0x00,0x00,
  0x00,0x00,0x00,0x00,0x00,0x00,0x00,0x00,0x00,0x00,0x00,0x00,
  0x00,0x00,0x00,0x00,0x00,0x00,0x00,0x00,0x00,0x00,0x00,0x00,
  0x00,0x00,0x00,0x00,0x00,0x00,0x00,0x00,0x00,0x00,0x00,0x00,
  0x00,0x00,0x00,0x00,0x00,0x00,0x00,0x00,0x00,0x00,0x00,0x00,
  0x00,0x00,0x00,0x00,0x00,0x00,0x00,0x00,0x00,0x00,0x00,0x00,
  0x00,0x00,0x00,0x00,0x00,0x00,0x00,0x00,0x00,0x00,0x7F,0x04,
  0x00,0x00,0x7F,0x02,0x13,0x1D,0x69,0x9D,0x09,0x14,0x6B,0xFF,
  0x16,0x2D,0x9A,0xFB,0x1B,0x39,0xB2,0xFF,0x1A,0x37,0xAC,0xFF,
  0x19,0x30,0xA7,0xFF,0x1D,0x50,0xBE,0xFF,0x28,0xA4,0xFE,0xFF,
  0x27,0x9D,0xFE,0xFF,0x26,0x9E,0xFE,0xFF,0x25,0x9E,0xFE,0xFF,
  0x24,0x9C,0xFE,0xFF,0x25,0x9B,0xFE,0xFF,0x20,0x97,0xFE,0xFF,
  0x2F,0xA7,0xFB,0xFF,0x76,0xE9,0xFD,0xFF,0x7C,0xEE,0xFE,0xFF,
  0x6E,0xE1,0xFD,0xFF,0x25,0xA0,0xFD,0xFF,0x21,0x9E,0xFE,0xFF,
  0x48,0xCE,0xFD,0xFF,0x4E,0xD5,0xFD,0xFF,0x4E,0xD5,0xFD,0xFF,
  0x50,0xD6,0xFD,0xFF,0x50,0xD5,0xFD,0xFF,0x50,0xD5,0xFD,0xFF,
  0x51,0xD5,0xFD,0xFF,0x51,0xD4,0xFD,0xFF,0x51,0xD6,0xFE,0xFF,
  0x50,0xD1,0xFB,0xFF,0x1B,0x3D,0x93,0xFF,0x0E,0x19,0x7B,0xFF,
  0x2D,0x3B,0x7E,0x5F,0x00,0x00,0x00,0x01,0x00,0x3F,0x7F,0x04,
  0x00,0x00,0x00,0x00,0x00,0x00,0x00,0x00,0x00,0x00,0x00,0x00,
  0x00,0x00,0x00,0x00,0x00,0x00,0x00,0x00,0x00,0x00,0x00,0x00,
  0x00,0x00,0x00,0x00,0x00,0x00,0x00,0x00,0x00,0x00,0x00,0x00,
  0x00,0x00,0x00,0x00,0x00,0x00,0x00,0x00,0x00,0x00,0x00,0x00,
  0x00,0x00,0x00,0x00,0x00,0x00,0x00,0x00,0x00,0x00,0x00,0x00,
  0x00,0x00,0x00,0x00,0x00,0x00,0x00,0x00,0x00,0x00,0x00,0x00,
  0x00,0x00,0x00,0x00,0x00,0x00,0x00,0x00,0x00,0x00,0x00,0x00,
  0x00,0x00,0x00,0x00,0x00,0x00,0x00,0x00,0x00,0x00,0x00,0x00,
  0x00,0x00,0x00,0x00,0x00,0x00,0x00,0x00,0x00,0x00,0x00,0x00,
  0x00,0x00,0x00,0x00,0x00,0x00,0x00,0x00,0x00,0x00,0x00,0x00,
  0x00,0x00,0x00,0x00,0x00,0x00,0x00,0x00,0x00,0x00,0x00,0x00,
  0x00,0x00,0x00,0x00,0x00,0x00,0x00,0x00,0x00,0x00,0x00,0x00,
  0x00,0x00,0x00,0x00,0x00,0x00,0x00,0x00,0x00,0x00,0x00,0x00,
  0x00,0x00,0x00,0x00,0x00,0x00,0x00,0x00,0x00,0x00,0x00,0x00,
  0x00,0x00,0x00,0x00,0x00,0x00,0x00,0x00,0x00,0x00,0x00,0x00,
  0x00,0x00,0x00,0x00,0x00,0x00,0x00,0x00,0x00,0x00,0x00,0x00,
  0x00,0x00,0x00,0x00,0x00,0x00,0x00,0x00,0x00,0x00,0x00,0x00,
  0x00,0x00,0x00,0x00,0x00,0x00,0x00,0x00,0x00,0x00,0x00,0x00,
  0x00,0x00,0x00,0x00,0x00,0x00,0x00,0x00,0x00,0x00,0x00,0x00,
  0x00,0x00,0x00,0x00,0x00,0x00,0x00,0x00,0x00,0x00,0x00,0x00,
  0x00,0x00,0x00,0x00,0x01,0x01,0x00,0x00,0x07,0x07,0x01,0x00,
  0x16,0x1E,0x64,0xCB,0x08,0x15,0x6D,0xFD,0x1A,0x35,0xAF,0xFD,
  0x1F,0x50,0xBF,0xFF,0x27,0x77,0xD0,0xFF,0x35,0xA5,0xED,0xFF,
  0x3A,0xC6,0xFF,0xFF,0x39,0xC1,0xFD,0xFF,0x39,0xC1,0xFD,0xFF,
  0x38,0xC0,0xFE,0xFF,0x36,0xC0,0xFE,0xFF,0x37,0xBF,0xFE,0xFF,
  0x33,0xBC,0xFE,0xFF,0x4E,0xD1,0xFD,0xFF,0x6A,0xE4,0xFD,0xFF,
  0x66,0xE2,0xFD,0xFF,0x5A,0xD6,0xFE,0xFF,0x55,0xD8,0xFF,0xFF,
  0x36,0x98,0xE3,0xFF,0x1F,0x6A,0xD3,0xFF,0x1C,0x46,0xB9,0xFF,
  0x19,0x34,0xB0,0xFF,0x1A,0x39,0xB2,0xFF,0x1B,0x36,0xA8,0xFC,
  0x0A,0x18,0x72,0xFE,0x05,0x11,0x6F,0xFF,0x10,0x1A,0x6A,0xEA,
  0xAD,0xAD,0xB9,0x16,0xFF,0xFF,0xFF,0x07,0xBF,0xDF,0xDF,0x08,
  0x66,0x66,0x99,0x05,0x00,0x7F,0x7F,0x02,0x00,0x00,0x00,0x00,
  0x00,0x00,0x00,0x00,0x00,0x00,0x00,0x00,0x00,0x00,0x00,0x00,
  0x00,0x00,0x00,0x00,0x00,0x00,0x00,0x00,0x00,0x00,0x00,0x00,
  0x00,0x00,0x00,0x00,0x00,0x00,0x00,0x00,0x00,0x00,0x00,0x00,
  0x00,0x00,0x00,0x00,0x00,0x00,0x00,0x00,0x00,0x00,0x00,0x00,
  0x00,0x00,0x00,0x00,0x00,0x00,0x00,0x00,0x00,0x00,0x00,0x00,
  0x00,0x00,0x00,0x00,0x00,0x00,0x00,0x00,0x00,0x00,0x00,0x00,
  0x00,0x00,0x00,0x00,0x00,0x00,0x00,0x00,0x00,0x00,0x00,0x00,
  0x00,0x00,0x00,0x00,0x00,0x00,0x00,0x00,0x00,0x00,0x00,0x00,
  0x00,0x00,0x00,0x00,0x00,0x00,0x00,0x00,0x00,0x00,0x00,0x00,
  0x00,0x00,0x00,0x00,0x00,0x00,0x00,0x00,0x00,0x00,0x00,0x00,
  0x00,0x00,0x7F,0x04,0x01,0x00,0x00,0x00,0x14,0x1F,0x6D,0x93,
  0x08,0x12,0x67,0xFE,0x16,0x2E,0x9A,0xFB,0x1C,0x38,0xAF,0xFF,
  0x19,0x36,0xAA,0xFF,0x18,0x33,0xA8,0xFF,0x1D,0x55,0xC2,0xFF,
  0x29,0xA3,0xFF,0xFF,0x26,0x9D,0xFD,0xFF,0x26,0x9E,0xFE,0xFF,
  0x24,0x9F,0xFD,0xFF,0x24,0x9C,0xFE,0xFF,0x24,0x9B,0xFE,0xFF,
  0x20,0x97,0xFE,0xFF,0x2E,0xA7,0xFD,0xFF,0x6D,0xE3,0xFC,0xFF,
  0x7D,0xF0,0xFE,0xFF,0x6F,0xE5,0xFD,0xFF,0x2C,0xA7,0xFD,0xFF,
  0x30,0xB0,0xFE,0xFF,0x4E,0xD4,0xFD,0xFF,0x51,0xD7,0xFD,0xFF,
  0x50,0xD5,0xFD,0xFF,0x51,0xD5,0xFD,0xFF,0x50,0xD5,0xFD,0xFF,
  0x51,0xD5,0xFD,0xFF,0x50,0xD3,0xFB,0xFF,0x55,0xDE,0xFF,0xFE,
  0x30,0x70,0xB4,0xFF,0x1A,0x36,0x87,0xFE,0x24,0x3B,0x84,0x7D,
  0x29,0x34,0x79,0x5C,0x43,0x4B,0x7F,0x22,0x00,0x00,0x00,0x00,
  0x00,0x00,0xFF,0x01,0x00,0x00,0x00,0x00,0x00,0x00,0x00,0x00,
  0x00,0x00,0x00,0x00,0x00,0x00,0x00,0x00,0x00,0x00,0x00,0x00,
  0x00,0x00,0x00,0x00,0x00,0x00,0x00,0x00,0x00,0x00,0x00,0x00,
  0x00,0x00,0x00,0x00,0x00,0x00,0x00,0x00,0x00,0x00,0x00,0x00,
  0x00,0x00,0x00,0x00,0x00,0x00,0x00,0x00,0x00,0x00,0x00,0x00,
  0x00,0x00,0x00,0x00,0x00,0x00,0x00,0x00,0x00,0x00,0x00,0x00,
  0x00,0x00,0x00,0x00,0x00,0x00,0x00,0x00,0x00,0x00,0x00,0x00,
  0x00,0x00,0x00,0x00,0x00,0x00,0x00,0x00,0x00,0x00,0x00,0x00,
  0x00,0x00,0x00,0x00,0x00,0x00,0x00,0x00,0x00,0x00,0x00,0x00,
  0x00,0x00,0x00,0x00,0x00,0x00,0x00,0x00,0x00,0x00,0x00,0x00,
  0x00,0x00,0x00,0x00,0x00,0x00,0x00,0x00,0x00,0x00,0x00,0x00,
  0x00,0x00,0x00,0x00,0x00,0x00,0x00,0x00,0x00,0x00,0x00,0x00,
  0x00,0x00,0x00,0x00,0x00,0x00,0x00,0x00,0x00,0x00,0x00,0x00,
  0x00,0x00,0x00,0x00,0x00,0x00,0x00,0x00,0x00,0x00,0x00,0x00,
  0x00,0x00,0x00,0x00,0x00,0x00,0x00,0x00,0x00,0x00,0x00,0x00,
  0x00,0x00,0x00,0x00,0x00,0x00,0x00,0x00,0x00,0x00,0x00,0x00,
  0x00,0x00,0x00,0x00,0x00,0x00,0x00,0x00,0x00,0x00,0x00,0x00,
  0x00,0x00,0x00,0x00,0x00,0x00,0x00,0x00,0x00,0x00,0x00,0x00,
  0x00,0x00,0x00,0x00,0x00,0x00,0x00,0x00,0x00,0x00,0x00,0x00,
  0x00,0x00,0x00,0x00,0x00,0x00,0x00,0x00,0x00,0x00,0x00,0x00,
  0x00,0x00,0xAA,0x03,0x00,0x00,0x7F,0x02,0x2F,0x38,0x77,0x51,
  0x1B,0x25,0x70,0xB7,0x14,0x28,0x88,0xED,0x15,0x2E,0x96,0xFF,
  0x1A,0x34,0xAF,0xFE,0x2A,0x6C,0xCD,0xFF,0x40,0xD2,0xFF,0xFF,
  0x37,0xC2,0xFF,0xFF,0x36,0xBF,0xFE,0xFF,0x38,0xC1,0xFD,0xFF,
  0x39,0xC0,0xFD,0xFF,0x38,0xC0,0xFE,0xFF,0x36,0xBF,0xFE,0xFF,
  0x34,0xBD,0xFE,0xFF,0x36,0xBF,0xFE,0xFF,0x57,0xD6,0xFD,0xFF,
  0x6D,0xE7,0xFE,0xFF,0x6A,0xE7,0xFE,0xFF,0x36,0xAA,0xFB,0xFF,
  0x1A,0x8A,0xFB,0xFF,0x24,0x9A,0xFF,0xFF,0x29,0xA8,0xFF,0xFF,
  0x1F,0x5F,0xC9,0xFF,0x1C,0x46,0xB7,0xFF,0x1E,0x4B,0xBC,0xFF,
  0x1C,0x3F,0xB7,0xFF,0x1C,0x38,0xA8,0xFE,0x1C,0x3A,0xAE,0xFB,
  0x18,0x30,0x98,0xF7,0x11,0x18,0x60,0xDF,0x0D,0x16,0x62,0xD6,
  0x13,0x1B,0x62,0xD5,0x57,0x5F,0x87,0x20,0x00,0x00,0x00,0x00,
  0x00,0x00,0x66,0x05,0x00,0x00,0x00,0x00,0x00,0x00,0x00,0x00,
  0x00,0x00,0x00,0x00,0x00,0x00,0x00,0x00,0x00,0x00,0x00,0x00,
  0x00,0x00,0x00,0x00,0x00,0x00,0x00,0x00,0x00,0x00,0x00,0x00,
  0x00,0x00,0x00,0x00,0x00,0x00,0x00,0x00,0x00,0x00,0x00,0x00,
  0x00,0x00,0x00,0x00,0x00,0x00,0x00,0x00,0x00,0x00,0x00,0x00,
  0x00,0x00,0x00,0x00,0x00,0x00,0x00,0x00,0x00,0x00,0x00,0x00,
  0x00,0x00,0x00,0x00,0x00,0x00,0x00,0x00,0x00,0x00,0x00,0x00,
  0x00,0x00,0x00,0x00,0x00,0x00,0x00,0x00,0x00,0x00,0x00,0x00,
  0x00,0x00,0x00,0x00,0x00,0x00,0x00,0x00,0x00,0x00,0x00,0x00,
  0x00,0x00,0x00,0x00,0x00,0x00,0x00,0x00,0x00,0x00,0x00,0x01,
  0x00,0x00,0x00,0x01,0x4C,0x4C,0x99,0x0A,0x23,0x2A,0x6A,0x89,
  0x1C,0x2F,0x87,0xDE,0x11,0x26,0x8C,0xFE,0x19,0x33,0xA4,0xFD,
  0x1B,0x38,0xAD,0xFF,0x17,0x2E,0xA4,0xFF,0x1E,0x56,0xC2,0xFF,
  0x26,0x99,0xF6,0xFF,0x25,0x9E,0xFD,0xFF,0x25,0x9E,0xFE,0xFF,
  0x26,0x9E,0xFE,0xFF,0x24,0x9D,0xFE,0xFF,0x24,0x9C,0xFE,0xFF,
  0x24,0x9A,0xFE,0xFF,0x20,0x97,0xFE,0xFF,0x20,0x98,0xFE,0xFF,
  0x2A,0xA1,0xFD,0xFF,0x5B,0xD1,0xFC,0xFF,0x5C,0xD2,0xFC,0xFF,
  0x29,0xA4,0xFD,0xFF,0x47,0xCC,0xFD,0xFF,0x52,0xD7,0xFD,0xFF,
  0x51,0xD4,0xFD,0xFF,0x51,0xD5,0xFD,0xFF,0x51,0xD5,0xFD,0xFF,
  0x51,0xD5,0xFD,0xFF,0x51,0xD5,0xFD,0xFF,0x4F,0xD1,0xFA,0xFF,
  0x57,0xDF,0xFD,0xFE,0x22,0x4E,0x9C,0xFD,0x00,0x03,0x62,0xFC,
  0x1D,0x1D,0x5E,0x2B,0x00,0x00,0x00,0x00,0x00,0x00,0x00,0x00,
  0x00,0x00,0x00,0x00,0x00,0x00,0x00,0x00,0x00,0x00,0x00,0x00,
  0x00,0x00,0x00,0x00,0x00,0x00,0x00,0x00,0x00,0x00,0x00,0x00,
  0x00,0x00,0x00,0x00,0x00,0x00,0x00,0x00,0x00,0x00,0x00,0x00,
  0x00,0x00,0x00,0x00,0x00,0x00,0x00,0x00,0x00,0x00,0x00,0x00,
  0x00,0x00,0x00,0x00,0x00,0x00,0x00,0x00,0x00,0x00,0x00,0x00,
  0x00,0x00,0x00,0x00,0x00,0x00,0x00,0x00,0x00,0x00,0x00,0x00,
  0x00,0x00,0x00,0x00,0x00,0x00,0x00,0x00,0x00,0x00,0x00,0x00,
  0x00,0x00,0x00,0x00,0x00,0x00,0x00,0x00,0x00,0x00,0x00,0x00,
  0x00,0x00,0x00,0x00,0x00,0x00,0x00,0x00,0x00,0x00,0x00,0x00,
  0x00,0x00,0x00,0x00,0x00,0x00,0x00,0x00,0x00,0x00,0x00,0x00,
  0x00,0x00,0x00,0x00,0x00,0x00,0x00,0x00,0x00,0x00,0x00,0x00,
  0x00,0x00,0x00,0x00,0x00,0x00,0x00,0x00,0x00,0x00,0x00,0x00,
  0x00,0x00,0x00,0x00,0x00,0x00,0x00,0x00,0x00,0x00,0x00,0x00,
  0x00,0x00,0x00,0x00,0x00,0x00,0x00,0x00,0x00,0x00,0x00,0x00,
  0x00,0x00,0x00,0x00,0x00,0x00,0x00,0x00,0x00,0x00,0x00,0x00,
  0x00,0x00,0x00,0x00,0x00,0x00,0x00,0x00,0x00,0x00,0x00,0x00,
  0x00,0x00,0x00,0x00,0x00,0x00,0x00,0x00,0x00,0x00,0x00,0x00,
  0x00,0x00,0x00,0x00,0x00,0x00,0x00,0x00,0x00,0x00,0x00,0x00,
  0x00,0x00,0x00,0x00,0x00,0x00,0x00,0x00,0x00,0x00,0x00,0x00,
  0x00,0x00,0x00,0x00,0x00,0x00,0x00,0x00,0x00,0x00,0x00,0x00,
  0x00,0x00,0x00,0x00,0x00,0x00,0x3F,0x04,0x00,0x00,0x00,0x00,
  0x17,0x1E,0x64,0x6B,0x07,0x12,0x6A,0xFF,0x1A,0x37,0xAA,0xFE,
  0x1F,0x43,0xC1,0xFF,0x13,0x29,0xAD,0xFF,0x22,0x5D,0xC6,0xFF,
  0x35,0xC3,0xFE,0xFF,0x35,0xBE,0xFD,0xFF,0x38,0xC1,0xFE,0xFF,
  0x37,0xBF,0xFE,0xFF,0x38,0xBF,0xFE,0xFF,0x35,0xBF,0xFE,0xFF,
  0x35,0xBF,0xFE,0xFF,0x31,0xBC,0xFE,0xFF,0x4C,0xD0,0xFE,0xFF,
  0x70,0xE9,0xFD,0xFF,0x6E,0xE7,0xFD,0xFF,0x71,0xEB,0xFD,0xFF,
  0x38,0xAD,0xFB,0xFF,0x1C,0x8B,0xFD,0xFF,0x29,0xA7,0xFC,0xFF,
  0x2F,0xB2,0xFC,0xFF,0x33,0xB3,0xF9,0xFF,0x35,0xBD,0xFB,0xFF,
  0x30,0x97,0xE6,0xFF,0x19,0x31,0xAE,0xFF,0x1B,0x36,0xB2,0xFF,
  0x1C,0x36,0xB4,0xFF,0x19,0x31,0xA7,0xFF,0x0F,0x22,0x88,0xFF,
  0x0F,0x23,0x8D,0xFF,0x10,0x22,0x84,0xFF,0x26,0x2F,0x6F,0x85,
  0x36,0x3E,0x75,0x3D,0x00,0x00,0x00,0x00,0x00,0x00,0x00,0x00,
  0x00,0x00,0x00,0x01,0x00,0x00,0x00,0x00,0x00,0x00,0x00,0x00,
  0x00,0x00,0x00,0x00,0x00,0x00,0x00,0x00,0x00,0x00,0x00,0x00,
  0x00,0x00,0x00,0x00,0x00,0x00,0x00,0x00,0x00,0x00,0x00,0x00,
  0x00,0x00,0x00,0x00,0x00,0x00,0x00,0x00,0x00,0x00,0x00,0x00,
  0x00,0x00,0x00,0x00,0x00,0x00,0x00,0x00,0x00,0x00,0x00,0x00,
  0x00,0x00,0x00,0x00,0x00,0x00,0x00,0x00,0x00,0x00,0x00,0x00,
  0x00,0x00,0x00,0x00,0x00,0x00,0x00,0x00,0x00,0x00,0x00,0x00,
  0x00,0x00,0x00,0x00,0x00,0x00,0x00,0x00,0x00,0x00,0x00,0x00,
  0x00,0x00,0x00,0x00,0x00,0x00,0x00,0x00,0x00,0x00,0x00,0x00,
  0x00,0x00,0x00,0x01,0x00,0x00,0x00,0x00,0x66,0x99,0xCC,0x05,
  0x0C,0x13,0x5C,0xE8,0x14,0x2B,0x97,0xFF,0x1E,0x3F,0xBA,0xFD,
  0x1A,0x36,0xAE,0xFF,0x1A,0x37,0xAC,0xFF,0x17,0x2E,0xA5,0xFF,
  0x1F,0x5D,0xC6,0xFF,0x27,0xA6,0xFF,0xFF,0x24,0x9E,0xFC,0xFF,
  0x24,0x9D,0xFD,0xFF,0x24,0x9E,0xFD,0xFF,0x24,0x9E,0xFD,0xFF,
  0x25,0x9C,0xFE,0xFF,0x24,0x9B,0xFE,0xFF,0x2B,0xA3,0xFE,0xFF,
  0x30,0xA6,0xFE,0xFF,0x29,0x9E,0xFD,0xFF,0x23,0x97,0xFC,0xFF,
  0x23,0x97,0xFC,0xFF,0x25,0x9E,0xFD,0xFF,0x49,0xCB,0xFD,0xFF,
  0x54,0xD9,0xFD,0xFF,0x51,0xD5,0xFD,0xFF,0x51,0xD5,0xFD,0xFF,
  0x51,0xD6,0xFD,0xFF,0x51,0xD5,0xFD,0xFF,0x51,0xD4,0xFD,0xFF,
  0x53,0xDB,0xFF,0xFF,0x60,0xF0,0xFF,0xFE,0x28,0x58,0xA6,0xFF,
  0x05,0x0D,0x70,0xFF,0x1C,0x2D,0x73,0x3E,0x00,0x00,0xAA,0x03,
  0x00,0x00,0x7F,0x04,0x00,0x00,0x00,0x00,0x00,0x00,0x00,0x00,
  0x00,0x00,0x00,0x00,0x00,0x00,0x00,0x00,0x00,0x00,0x00,0x00,
  0x00,0x00,0x00,0x00,0x00,0x00,0x00,0x00,0x00,0x00,0x00,0x00,
  0x00,0x00,0x00,0x00,0x00,0x00,0x00,0x00,0x00,0x00,0x00,0x00,
  0x00,0x00,0x00,0x00,0x00,0x00,0x00,0x00,0x00,0x00,0x00,0x00,
  0x00,0x00,0x00,0x00,0x00,0x00,0x00,0x00,0x00,0x00,0x00,0x00,
  0x00,0x00,0x00,0x00,0x00,0x00,0x00,0x00,0x00,0x00,0x00,0x00,
  0x00,0x00,0x00,0x00,0x00,0x00,0x00,0x00,0x00,0x00,0x00,0x00,
  0x00,0x00,0x00,0x00,0x00,0x00,0x00,0x00,0x00,0x00,0x00,0x00,
  0x00,0x00,0x00,0x00,0x00,0x00,0x00,0x00,0x00,0x00,0x00,0x00,
  0x00,0x00,0x00,0x00,0x00,0x00,0x00,0x00,0x00,0x00,0x00,0x00,
  0x00,0x00,0x00,0x00,0x00,0x00,0x00,0x00,0x00,0x00,0x00,0x00,
  0x00,0x00,0x00,0x00,0x00,0x00,0x00,0x00,0x00,0x00,0x00,0x00,
  0x00,0x00,0x00,0x00,0x00,0x00,0x00,0x00,0x00,0x00,0x00,0x00,
  0x00,0x00,0x00,0x00,0x00,0x00,0x00,0x00,0x00,0x00,0x00,0x00,
  0x00,0x00,0x00,0x00,0x00,0x00,0x00,0x00,0x00,0x00,0x00,0x00,
  0x00,0x00,0x00,0x00,0x00,0x00,0x00,0x00,0x00,0x00,0x00,0x00,
  0x00,0x00,0x00,0x00,0x00,0x00,0x00,0x00,0x00,0x00,0x00,0x00,
  0x00,0x00,0x00,0x00,0x00,0x00,0x00,0x00,0x00,0x00,0x00,0x00,
  0x00,0x00,0x00,0x00,0x00,0x00,0x00,0x00,0x00,0x00,0x00,0x00,
  0x00,0x00,0x00,0x00,0x00,0x00,0x00,0x00,0x24,0x48,0x6D,0x07,
  0x6E,0x6E,0x88,0x1E,0x25,0x2F,0x74,0x81,0x0A,0x17,0x71,0xFC,
  0x18,0x32,0xA6,0xFC,0x1F,0x44,0xBA,0xFF,0x43,0x82,0xCC,0xFF,
  0x4C,0xA5,0xE0,0xFF,0x52,0xD3,0xFF,0xFF,0x37,0xBE,0xFD,0xFF,
  0x30,0xBA,0xFE,0xFF,0x33,0xBE,0xFE,0xFF,0x36,0xBF,0xFE,0xFF,
  0x35,0xBE,0xFE,0xFF,0x35,0xBF,0xFE,0xFF,0x2E,0xB9,0xFE,0xFF,
  0x4D,0xD0,0xFE,0xFF,0x73,0xEC,0xFD,0xFF,0x6C,0xE6,0xFD,0xFF,
  0x6A,0xE5,0xFC,0xFF,0x36,0xA9,0xFB,0xFF,0x1B,0x8B,0xFD,0xFF,
  0x2E,0xAE,0xFD,0xFF,0x34,0xBC,0xFD,0xFF,0x32,0xB8,0xFD,0xFF,
  0x33,0xBE,0xFF,0xFF,0x32,0xA8,0xF1,0xFF,0x27,0x6E,0xCE,0xFF,
  0x27,0x70,0xCF,0xFF,0x27,0x71,0xCE,0xFF,0x23,0x58,0xC2,0xFF,
  0x1A,0x39,0xB6,0xFD,0x1C,0x3F,0xBB,0xFD,0x1B,0x3A,0xB3,0xFB,
  0x0B,0x19,0x76,0xFF,0x14,0x1F,0x6A,0xD2,0x3C,0x48,0x85,0x43,
  0x2A,0x2A,0x7F,0x0C,0x00,0x00,0x00,0x00,0x00,0x00,0x00,0x00,
  0x00,0x00,0x00,0x00,0x00,0x00,0x00,0x00,0x00,0x00,0x00,0x00,
  0x00,0x00,0x00,0x00,0x00,0x00,0x00,0x00,0x00,0x00,0x00,0x00,
  0x00,0x00,0x00,0x00,0x00,0x00,0x00,0x00,0x00,0x00,0x00,0x00,
  0x00,0x00,0x00,0x00,0x00,0x00,0x00,0x00,0x00,0x00,0x00,0x00,
  0x00,0x00,0x00,0x00,0x00,0x00,0x00,0x00,0x00,0x00,0x00,0x00,
  0x00,0x00,0x00,0x00,0x00,0x00,0x00,0x00,0x00,0x00,0x00,0x00,
  0x00,0x00,0x00,0x00,0x00,0x00,0x00,0x00,0x00,0x00,0x00,0x00,
  0x00,0x00,0x00,0x00,0x00,0x00,0x00,0x00,0x00,0x00,0x00,0x00,
  0x00,0x00,0x00,0x00,0x00,0x00,0x00,0x00,0x66,0x77,0x99,0x0F,
  0x5C,0x67,0x97,0x2F,0x0F,0x18,0x64,0xDD,0x13,0x2A,0x92,0xFE,
  0x1D,0x3C,0xB6,0xFD,0x1A,0x37,0xAD,0xFF,0x1A,0x38,0xAE,0xFF,
  0x12,0x27,0xA2,0xFF,0x1A,0x55,0xC3,0xFF,0x23,0xA4,0xFF,0xFF,
  0x22,0x9D,0xFC,0xFF,0x26,0x9F,0xFE,0xFF,0x24,0x9E,0xFD,0xFF,
  0x24,0x9D,0xFE,0xFF,0x23,0x9A,0xFE,0xFF,0x1B,0x92,0xFD,0xFF,
  0x5E,0xD4,0xFD,0xFF,0x7E,0xF3,0xFE,0xFF,0x4E,0xC5,0xFC,0xFF,
  0x1F,0x92,0xFD,0xFF,0x25,0x98,0xFD,0xFF,0x20,0x93,0xFD,0xFF,
  0x43,0xBE,0xFD,0xFF,0x4D,0xCF,0xFC,0xFF,0x4E,0xD2,0xFC,0xFF,
  0x51,0xD6,0xFD,0xFF,0x51,0xD5,0xFD,0xFF,0x51,0xD4,0xFC,0xFF,
  0x53,0xDA,0xFE,0xFF,0x3E,0x98,0xD2,0xFD,0x32,0x70,0xB3,0xFF,
  0x2D,0x4B,0x91,0xCB,0x1F,0x27,0x73,0xA8,0x2D,0x3A,0x7C,0x27,
  0x00,0x00,0x00,0x00,0x00,0x00,0x7F,0x02,0x00,0x00,0x00,0x00,
  0x00,0x00,0x00,0x00,0x00,0x00,0x00,0x00,0x00,0x00,0x00,0x00,
  0x00,0x00,0x00,0x00,0x00,0x00,0x00,0x00,0x00,0x00,0x00,0x00,
  0x00,0x00,0x00,0x00,0x00,0x00,0x00,0x00,0x00,0x00,0x00,0x00,
  0x00,0x00,0x00,0x00,0x00,0x00,0x00,0x00,0x00,0x00,0x00,0x00,
  0x00,0x00,0x00,0x00,0x00,0x00,0x00,0x00,0x00,0x00,0x00,0x00,
  0x00,0x00,0x00,0x00,0x00,0x00,0x00,0x00,0x00,0x00,0x00,0x00,
  0x00,0x00,0x00,0x00,0x00,0x00,0x00,0x00,0x00,0x00,0x00,0x00,
  0x00,0x00,0x00,0x00,0x00,0x00,0x00,0x00,0x00,0x00,0x00,0x00,
  0x00,0x00,0x00,0x00,0x00,0x00,0x00,0x00,0x00,0x00,0x00,0x00,
  0x00,0x00,0x00,0x00,0x00,0x00,0x00,0x00,0x00,0x00,0x00,0x00,
  0x00,0x00,0x00,0x00,0x00,0x00,0x00,0x00,0x00,0x00,0x00,0x00,
  0x00,0x00,0x00,0x00,0x00,0x00,0x00,0x00,0x00,0x00,0x00,0x00,
  0x00,0x00,0x00,0x00,0x00,0x00,0x00,0x00,0x00,0x00,0x00,0x00,
  0x00,0x00,0x00,0x00,0x00,0x00,0x00,0x00,0x00,0x00,0x00,0x00,
  0x00,0x00,0x00,0x00,0x00,0x00,0x00,0x00,0x00,0x00,0x00,0x00,
  0x00,0x00,0x00,0x00,0x00,0x00,0x00,0x00,0x00,0x00,0x00,0x00,
  0x00,0x00,0x00,0x00,0x00,0x00,0x00,0x00,0x00,0x00,0x00,0x00,
  0x00,0x00,0x00,0x00,0x00,0x00,0x00,0x00,0x00,0x00,0x00,0x00,
  0x00,0x00,0x00,0x00,0x00,0x00,0x00,0x00,0x00,0x00,0x00,0x00,
  0x00,0x00,0x00,0x00,0x00,0x00,0x7F,0x02,0x00,0x00,0x00,0x01,
  0x2D,0x36,0x76,0x1C,0x13,0x1D,0x68,0xE1,0x16,0x27,0x86,0xFA,
  0x1D,0x3C,0xB5,0xFE,0x19,0x38,0xB2,0xFF,0x20,0x46,0xB7,0xFF,
  0x76,0xE3,0xF8,0xFF,0x81,0xF7,0xFF,0xFF,0x7B,0xEA,0xFD,0xFF,
  0x56,0xD3,0xFD,0xFF,0x4F,0xCF,0xFD,0xFF,0x39,0xC1,0xFE,0xFF,
  0x30,0xBB,0xFE,0xFF,0x34,0xBD,0xFE,0xFF,0x33,0xBD,0xFE,0xFF,
  0x43,0xC8,0xFE,0xFF,0x64,0xDE,0xFE,0xFF,0x73,0xEC,0xFD,0xFF,
  0x61,0xDB,0xFD,0xFF,0x28,0x9F,0xFD,0xFF,0x23,0x94,0xFD,0xFF,
  0x22,0x9A,0xFD,0xFF,0x2E,0xB1,0xFD,0xFF,0x33,0xBA,0xFD,0xFF,
  0x31,0xB6,0xFD,0xFF,0x32,0xB7,0xFD,0xFF,0x32,0xBB,0xFE,0xFF,
  0x37,0xC3,0xFF,0xFF,0x35,0xBF,0xFF,0xFF,0x39,0xCB,0xFF,0xFF,
  0x30,0x8A,0xDC,0xFF,0x16,0x2C,0xA9,0xFF,0x18,0x36,0xAF,0xFF,
  0x18,0x34,0xAD,0xFF,0x1C,0x38,0xAE,0xFC,0x16,0x2B,0x93,0xFF,
  0x11,0x1A,0x64,0xFD,0x55,0x5C,0x7F,0x24,0x04,0x04,0x03,0x00,
  0xFF,0xFF,0xFF,0x02,0xFF,0xFF,0xFF,0x01,0x7F,0x7F,0x7F,0x02,
  0x7F,0x7F,0x7F,0x02,0x7F,0x7F,0x7F,0x02,0x00,0x00,0x00,0x01,
  0x00,0x00,0x00,0x00,0x00,0x00,0x00,0x00,0x00,0x00,0x00,0x00,
  0x00,0x00,0x00,0x00,0x00,0x00,0x00,0x00,0x00,0x00,0x00,0x00,
  0x00,0x00,0x00,0x00,0x00,0x00,0x00,0x00,0x00,0x00,0x00,0x00,
  0x00,0x00,0x00,0x00,0x00,0x00,0x00,0x00,0x00,0x00,0x00,0x00,
  0x00,0x00,0x00,0x00,0x00,0x00,0x00,0x00,0x00,0x00,0x00,0x00,
  0x00,0x00,0x00,0x00,0x00,0x00,0x00,0x00,0x00,0x00,0x00,0x00,
  0x00,0x00,0x00,0x00,0x00,0x00,0x55,0x03,0x00,0x00,0x55,0x03,
  0x2F,0x38,0x79,0x67,0x12,0x1D,0x6E,0xF3,0x16,0x2C,0x94,0xFA,
  0x1C,0x3A,0xAF,0xFF,0x1B,0x3A,0xB1,0xFF,0x19,0x37,0xAE,0xFF,
  0x16,0x33,0xAC,0xFF,0x49,0x90,0xD1,0xFF,0x5E,0xC0,0xEB,0xFF,
  0x64,0xD9,0xFD,0xFF,0x3D,0xB6,0xFC,0xFF,0x1A,0x95,0xFD,0xFF,
  0x23,0x9E,0xFD,0xFF,0x23,0x9C,0xFE,0xFF,0x2C,0xA5,0xFD,0xFF,
  0x49,0xC0,0xFD,0xFF,0x67,0xDE,0xFD,0xFF,0x7A,0xF1,0xFE,0xFF,
  0x4C,0xC4,0xFC,0xFF,0x1C,0x8E,0xFD,0xFF,0x23,0x95,0xFD,0xFF,
  0x21,0x94,0xFD,0xFF,0x23,0x94,0xFD,0xFF,0x21,0x90,0xFC,0xFF,
  0x44,0xC1,0xFC,0xFF,0x57,0xDE,0xFE,0xFF,0x4F,0xD5,0xFD,0xFF,
  0x4E,0xD2,0xFB,0xFF,0x54,0xDD,0xFE,0xFF,0x24,0x5B,0xA7,0xFA,
  0x00,0x00,0x6B,0xFC,0x1B,0x25,0x74,0x5E,0x00,0x00,0x00,0x00,
  0x00,0x00,0x01,0x00,0x00,0x00,0x00,0x00,0x00,0x00,0x00,0x00,
  0x00,0x00,0x00,0x00,0x00,0x00,0x00,0x00,0x00,0x00,0x00,0x00,
  0x00,0x00,0x00,0x00,0x00,0x00,0x00,0x00,0x00,0x00,0x00,0x00,
  0x00,0x00,0x00,0x00,0x00,0x00,0x00,0x00,0x00,0x00,0x00,0x00,
  0x00,0x00,0x00,0x00,0x00,0x00,0x00,0x00,0x00,0x00,0x00,0x00,
  0x00,0x00,0x00,0x00,0x00,0x00,0x00,0x00,0x00,0x00,0x00,0x00,
  0x00,0x00,0x00,0x00,0x00,0x00,0x00,0x00,0x00,0x00,0x00,0x00,
  0x00,0x00,0x00,0x00,0x00,0x00,0x00,0x00,0x00,0x00,0x00,0x00,
  0x00,0x00,0x00,0x00,0x00,0x00,0x00,0x00,0x00,0x00,0x00,0x00,
  0x00,0x00,0x00,0x00,0x00,0x00,0x00,0x00,0x00,0x00,0x00,0x00,
  0x00,0x00,0x00,0x00,0x00,0x00,0x00,0x00,0x00,0x00,0x00,0x00,
  0x00,0x00,0x00,0x00,0x00,0x00,0x00,0x00,0x00,0x00,0x00,0x00,
  0x00,0x00,0x00,0x00,0x00,0x00,0x00,0x00,0x00,0x00,0x00,0x00,
  0x00,0x00,0x00,0x00,0x00,0x00,0x00,0x00,0x00,0x00,0x00,0x00,
  0x00,0x00,0x00,0x00,0x00,0x00,0x00,0x00,0x00,0x00,0x00,0x00,
  0x00,0x00,0x00,0x00,0x00,0x00,0x00,0x00,0x00,0x00,0x00,0x00,
  0x00,0x00,0x00,0x00,0x00,0x00,0x00,0x00,0x00,0x00,0x00,0x00,
  0x00,0x00,0x00,0x00,0x00,0x00,0x00,0x00,0x00,0x00,0x00,0x00,
  0x00,0x00,0x00,0x00,0x00,0x00,0x00,0x00,0x00,0x00,0x00,0x00,
  0x00,0x00,0x00,0x00,0x00,0x00,0x00,0x00,0x00,0x00,0x00,0x00,
  0x00,0x00,0x00,0x00,0x00,0x00,0x00,0x00,0x00,0x00,0x7F,0x02,
  0x00,0x00,0x00,0x00,0x1A,0x23,0x72,0x1D,0x08,0x12,0x64,0xF3,
  0x11,0x24,0x86,0xFF,0x1E,0x40,0xBB,0xFE,0x1A,0x3A,0xB5,0xFF,
  0x1F,0x46,0xB6,0xFF,0x70,0xD8,0xF3,0xFF,0x7C,0xEE,0xFE,0xFF,
  0x78,0xEA,0xFD,0xFF,0x7D,0xEE,0xFE,0xFF,0x81,0xF0,0xFE,0xFF,
  0x4F,0xCF,0xFE,0xFF,0x41,0xC5,0xFE,0xFF,0x3C,0xC3,0xFE,0xFF,
  0x2C,0xB8,0xFE,0xFF,0x58,0xD7,0xFE,0xFF,0x79,0xED,0xFE,0xFF,
  0x76,0xED,0xFE,0xFF,0x65,0xDE,0xFD,0xFF,0x1F,0x93,0xFD,0xFF,
  0x21,0x96,0xFD,0xFF,0x32,0xB8,0xFD,0xFF,0x32,0xBA,0xFD,0xFF,
  0x32,0xB9,0xFD,0xFF,0x32,0xB9,0xFD,0xFF,0x32,0xB9,0xFD,0xFF,
  0x33,0xB9,0xFD,0xFF,0x32,0xB7,0xFC,0xFF,0x31,0xB7,0xFC,0xFF,
  0x33,0xBB,0xFD,0xFF,0x2E,0xA3,0xF3,0xFF,0x26,0x84,0xE4,0xFF,
  0x2B,0x8C,0xE5,0xFF,0x2A,0x84,0xDC,0xFF,0x1B,0x3D,0xB4,0xFF,
  0x18,0x33,0xA8,0xFE,0x18,0x2F,0x9A,0xFB,0x18,0x23,0x6E,0xCF,
  0x14,0x1B,0x64,0xCC,0x19,0x22,0x6B,0xBB,0x2A,0x2A,0x6A,0x0C,
  0x00,0x00,0x00,0x00,0x00,0x00,0x00,0x00,0x00,0x00,0x00,0x00,
  0x00,0x00,0x00,0x00,0x00,0x00,0x00,0x00,0x00,0x00,0x00,0x00,
  0x00,0x00,0x00,0x00,0x00,0x00,0x00,0x00,0x00,0x00,0x00,0x00,
  0x00,0x00,0x00,0x00,0x00,0x00,0x00,0x00,0x00,0x00,0x00,0x00,
  0x00,0x00,0x00,0x00,0x00,0x00,0x00,0x00,0x00,0x00,0x00,0x00,
  0x00,0x00,0x00,0x00,0x00,0x00,0x00,0x00,0x00,0x00,0x00,0x00,
  0x00,0x00,0x00,0x00,0x00,0x00,0x00,0x00,0x00,0x00,0x00,0x00,
  0x00,0x00,0x00,0x00,0x00,0x00,0x00,0x00,0x00,0x00,0x00,0x02,
  0x00,0x00,0x00,0x00,0x26,0x2D,0x70,0x64,0x07,0x10,0x66,0xFF,
  0x17,0x32,0xA2,0xFC,0x1D,0x3E,0xB7,0xFF,0x1A,0x38,0xB0,0xFF,
  0x19,0x37,0xB0,0xFF,0x14,0x33,0xAB,0xFF,0x65,0xC5,0xEB,0xFF,
  0x84,0xFA,0xFF,0xFF,0x84,0xF1,0xFD,0xFF,0x5E,0xD2,0xFC,0xFF,
  0x3E,0xB5,0xFB,0xFF,0x31,0xAA,0xFD,0xFF,0x1C,0x97,0xFD,0xFF,
  0x34,0xAE,0xFC,0xFF,0x77,0xEE,0xFD,0xFF,0x73,0xEA,0xFE,0xFF,
  0x7C,0xF1,0xFE,0xFF,0x52,0xCC,0xFD,0xFF,0x27,0xA2,0xFE,0xFF,
  0x29,0xA1,0xFD,0xFF,0x20,0x92,0xFD,0xFF,0x1F,0x8F,0xFD,0xFF,
  0x1E,0x8E,0xFD,0xFF,0x2B,0xA0,0xFD,0xFF,0x3A,0xB4,0xFC,0xFF,
  0x4E,0xD5,0xFD,0xFF,0x4F,0xD8,0xFE,0xFF,0x59,0xEC,0xFF,0xFF,
  0x2B,0x69,0xB2,0xFF,0x05,0x0E,0x79,0xFF,0x25,0x35,0x80,0x6D,
  0x00,0x00,0x55,0x03,0x00,0x00,0x7F,0x04,0x00,0x00,0x00,0x00,
  0x00,0x00,0x00,0x00,0x00,0x00,0x00,0x00,0x00,0x00,0x00,0x00,
  0x00,0x00,0x00,0x00,0x00,0x00,0x00,0x00,0x00,0x00,0x00,0x00,
  0x00,0x00,0x00,0x00,0x00,0x00,0x00,0x00,0x00,0x00,0x00,0x00,
  0x00,0x00,0x00,0x00,0x00,0x00,0x00,0x00,0x00,0x00,0x00,0x00,
  0x00,0x00,0x00,0x00,0x00,0x00,0x00,0x00,0x00,0x00,0x00,0x00,
  0x00,0x00,0x00,0x00,0x00,0x00,0x00,0x00,0x00,0x00,0x00,0x00,
  0x00,0x00,0x00,0x00,0x00,0x00,0x00,0x00,0x00,0x00,0x00,0x00,
  0x00,0x00,0x00,0x00,0x00,0x00,0x00,0x00,0x00,0x00,0x00,0x00,
  0x00,0x00,0x00,0x00,0x00,0x00,0x00,0x00,0x00,0x00,0x00,0x00,
  0x00,0x00,0x00,0x00,0x00,0x00,0x00,0x00,0x00,0x00,0x00,0x00,
  0x00,0x00,0x00,0x00,0x00,0x00,0x00,0x00,0x00,0x00,0x00,0x00,
  0x00,0x00,0x00,0x00,0x00,0x00,0x00,0x00,0x00,0x00,0x00,0x00,
  0x00,0x00,0x00,0x00,0x00,0x00,0x00,0x00,0x00,0x00,0x00,0x00,
  0x00,0x00,0x00,0x00,0x00,0x00,0x00,0x00,0x00,0x00,0x00,0x00,
  0x00,0x00,0x00,0x00,0x00,0x00,0x00,0x00,0x00,0x00,0x00,0x00,
  0x00,0x00,0x00,0x00,0x00,0x00,0x00,0x00,0x00,0x00,0x00,0x00,
  0x00,0x00,0x00,0x00,0x00,0x00,0x00,0x00,0x00,0x00,0x00,0x00,
  0x00,0x00,0x00,0x00,0x00,0x00,0x00,0x00,0x00,0x00,0x00,0x00,
  0x00,0x00,0x00,0x00,0x00,0x00,0x00,0x00,0x00,0x00,0x00,0x00,
  0x00,0x00,0x00,0x00,0x00,0x00,0x00,0x00,0x00,0x00,0x00,0x00,
  0x00,0x00,0xFF,0x01,0xFF,0xFF,0xFF,0x07,0x58,0x5E,0x8E,0x2B,
  0x0B,0x14,0x61,0xF0,0x10,0x22,0x83,0xFE,0x1E,0x3F,0xB9,0xFE,
  0x17,0x34,0xB1,0xFF,0x1F,0x40,0xB0,0xFF,0x76,0xDD,0xF4,0xFF,
  0x81,0xF3,0xFF,0xFF,0x7A,0xEB,0xFD,0xFF,0x78,0xEB,0xFE,0xFF,
  0x79,0xEB,0xFE,0xFF,0x7B,0xEC,0xFE,0xFF,0x82,0xEF,0xFE,0xFF,
  0x60,0xDA,0xFD,0xFF,0x38,0xBF,0xFD,0xFF,0x5B,0xD8,0xFE,0xFF,
  0x77,0xEC,0xFE,0xFF,0x6C,0xE4,0xFE,0xFF,0x4F,0xC9,0xFD,0xFF,
  0x22,0x96,0xFD,0xFF,0x23,0x99,0xFD,0xFF,0x33,0xB9,0xFD,0xFF,
  0x34,0xBA,0xFE,0xFF,0x34,0xBA,0xFE,0xFF,0x34,0xBA,0xFE,0xFF,
  0x34,0xBA,0xFE,0xFF,0x35,0xBB,0xFE,0xFF,0x34,0xBB,0xFE,0xFF,
  0x33,0xB9,0xFD,0xFF,0x34,0xBB,0xFD,0xFF,0x2B,0xAF,0xFF,0xFF,
  0x28,0xA9,0xFF,0xFF,0x32,0xBB,0xFF,0xFF,0x33,0xAD,0xF7,0xFF,
  0x1F,0x4A,0xB5,0xFF,0x1C,0x3E,0xB4,0xFF,0x1E,0x41,0xBC,0xFF,
  0x10,0x24,0x87,0xFF,0x0A,0x1A,0x7B,0xFF,0x13,0x23,0x7C,0xF8,
  0x60,0x6C,0x9A,0x3D,0x7F,0x7F,0xA7,0x26,0x76,0x7C,0xA7,0x29,
  0x75,0x7C,0x9E,0x25,0x55,0x55,0x7F,0x0C,0x00,0x00,0x00,0x00,
  0x00,0x00,0x00,0x00,0x00,0x00,0x00,0x00,0x00,0x00,0x00,0x00,
  0x00,0x00,0x00,0x00,0x00,0x00,0x00,0x00,0x00,0x00,0x00,0x00,
  0x00,0x00,0x00,0x00,0x00,0x00,0x00,0x00,0x00,0x00,0x00,0x00,
  0x00,0x00,0x00,0x00,0x00,0x00,0x00,0x00,0x00,0x00,0x00,0x00,
  0x00,0x00,0x00,0x00,0x00,0x00,0x00,0x00,0x00,0x00,0x00,0x00,
  0x00,0x00,0x00,0x00,0x00,0x00,0x00,0x00,0x00,0x00,0x00,0x00,
  0x73,0x73,0xA2,0x0B,0x27,0x2E,0x71,0x53,0x20,0x2D,0x7A,0xA3,
  0x10,0x20,0x7F,0xFE,0x19,0x34,0xA5,0xFD,0x1C,0x3B,0xB3,0xFF,
  0x1A,0x38,0xAF,0xFF,0x19,0x37,0xB0,0xFF,0x0C,0x25,0xA6,0xFF,
  0x60,0xBA,0xE6,0xFF,0x7F,0xF3,0xFE,0xFF,0x7A,0xE8,0xFD,0xFF,
  0x7C,0xEA,0xFE,0xFF,0x85,0xF2,0xFE,0xFF,0x57,0xCB,0xFD,0xFF,
  0x2A,0xA5,0xFD,0xFF,0x3F,0xB8,0xFC,0xFF,0x74,0xEB,0xFD,0xFF,
  0x6D,0xE5,0xFE,0xFF,0x64,0xDC,0xFD,0xFF,0x54,0xD6,0xFE,0xFF,
  0x46,0xD2,0xFE,0xFF,0x3B,0xBC,0xFD,0xFF,0x1E,0x8F,0xFD,0xFF,
  0x20,0x91,0xFD,0xFF,0x21,0x92,0xFD,0xFF,0x1D,0x8C,0xFD,0xFF,
  0x24,0x97,0xFC,0xFF,0x49,0xD3,0xFD,0xFF,0x49,0xBD,0xED,0xFE,
  0x45,0xA4,0xD9,0xFE,0x2D,0x5F,0xA7,0xDB,0x0E,0x15,0x70,0xC0,
  0x33,0x44,0x88,0x4B,0x00,0x00,0x00,0x00,0x00,0x00,0x7F,0x02,
  0x00,0x00,0x00,0x00,0x00,0x00,0x00,0x00,0x00,0x00,0x00,0x00,
  0x00,0x00,0x00,0x00,0x00,0x00,0x00,0x00,0x00,0x00,0x00,0x00,
  0x00,0x00,0x00,0x00,0x00,0x00,0x00,0x00,0x00,0x00,0x00,0x00,
  0x00,0x00,0x00,0x00,0x00,0x00,0x00,0x00,0x00,0x00,0x00,0x00,
  0x00,0x00,0x00,0x00,0x00,0x00,0x00,0x00,0x00,0x00,0x00,0x00,
  0x00,0x00,0x00,0x00,0x00,0x00,0x00,0x00,0x00,0x00,0x00,0x00,
  0x00,0x00,0x00,0x00,0x00,0x00,0x00,0x00,0x00,0x00,0x00,0x00,
  0x00,0x00,0x00,0x00,0x00,0x00,0x00,0x00,0x00,0x00,0x00,0x00,
  0x00,0x00,0x00,0x00,0x00,0x00,0x00,0x00,0x00,0x00,0x00,0x00,
  0x00,0x00,0x00,0x00,0x00,0x00,0x00,0x00,0x00,0x00,0x00,0x00,
  0x00,0x00,0x00,0x00,0x00,0x00,0x00,0x00,0x00,0x00,0x00,0x00,
  0x00,0x00,0x00,0x00,0x00,0x00,0x00,0x00,0x00,0x00,0x00,0x00,
  0x00,0x00,0x00,0x00,0x00,0x00,0x00,0x00,0x00,0x00,0x00,0x00,
  0x00,0x00,0x00,0x00,0x00,0x00,0x00,0x00,0x00,0x00,0x00,0x00,
  0x00,0x00,0x00,0x00,0x00,0x00,0x00,0x00,0x00,0x00,0x00,0x00,
  0x00,0x00,0x00,0x00,0x00,0x00,0x00,0x00,0x00,0x00,0x00,0x00,
  0x00,0x00,0x00,0x00,0x00,0x00,0x00,0x00,0x00,0x00,0x00,0x00,
  0x00,0x00,0x00,0x00,0x00,0x00,0x00,0x00,0x00,0x00,0x00,0x00,
  0x00,0x00,0x00,0x00,0x00,0x00,0x00,0x00,0x00,0x00,0x00,0x00,
  0x00,0x00,0x00,0x00,0x00,0x00,0x00,0x00,0x00,0x00,0xFF,0x01,
  0x00,0x00,0x00,0x00,0x9B,0x9B,0xC6,0x12,0x1A,0x22,0x66,0xC8,
  0x18,0x29,0x82,0xE4,0x1C,0x37,0xA6,0xFC,0x1A,0x36,0xA8,0xFF,
  0x1A,0x38,0xB3,0xFF,0x2F,0x84,0xD9,0xFF,0x38,0xA8,0xEB,0xFF,
  0x45,0xC3,0xFB,0xFF,0x47,0xC7,0xFD,0xFF,0x72,0xE6,0xFD,0xFF,
  0x81,0xF1,0xFE,0xFF,0x7E,0xEE,0xFE,0xFF,0x7C,0xEB,0xFD,0xFF,
  0x7C,0xEB,0xFD,0xFF,0x7D,0xEB,0xFD,0xFF,0x79,0xEA,0xFE,0xFF,
  0x79,0xED,0xFE,0xFF,0x80,0xF5,0xFE,0xFF,0x53,0xCC,0xFD,0xFF,
  0x16,0x8E,0xFE,0xFF,0x1D,0x91,0xFD,0xFF,0x21,0x98,0xFD,0xFF,
  0x33,0xBB,0xFE,0xFF,0x34,0xBD,0xFE,0xFF,0x35,0xBC,0xFE,0xFF,
  0x35,0xBB,0xFE,0xFF,0x35,0xBB,0xFE,0xFF,0x34,0xBA,0xFE,0xFF,
  0x35,0xBB,0xFE,0xFF,0x34,0xB9,0xFE,0xFF,0x27,0xA3,0xFE,0xFF,
  0x20,0x97,0xFE,0xFF,0x2E,0xA7,0xFC,0xFF,0x50,0xD6,0xFD,0xFF,
  0x53,0xD3,0xFB,0xFF,0x54,0xD4,0xF6,0xFF,0x30,0x74,0xC9,0xFF,
  0x14,0x29,0xA8,0xFF,0x1D,0x38,0xB3,0xFD,0x1D,0x38,0xB5,0xFD,
  0x1C,0x38,0xAB,0xFD,0x17,0x22,0x70,0xF8,0x16,0x20,0x6C,0xF6,
  0x16,0x20,0x6D,0xF4,0x13,0x1E,0x72,0xF5,0x18,0x22,0x6D,0x7E,
  0x00,0x00,0x55,0x03,0x00,0x00,0x3F,0x04,0x00,0x00,0x00,0x00,
  0x00,0x00,0x00,0x00,0x00,0x00,0x00,0x00,0x00,0x00,0x00,0x00,
  0x00,0x00,0x00,0x00,0x00,0x00,0x00,0x00,0x00,0x00,0x00,0x00,
  0x00,0x00,0x00,0x00,0x00,0x00,0x00,0x00,0x00,0x00,0x00,0x00,
  0x00,0x00,0x00,0x00,0x00,0x00,0x00,0x00,0x00,0x00,0x00,0x00,
  0x00,0x00,0x00,0x00,0x00,0x00,0x00,0x00,0x00,0x00,0xFF,0x01,
  0x00,0x00,0x7F,0x02,0x74,0x7F,0xAA,0x18,0x14,0x1D,0x68,0xF5,
  0x0F,0x22,0x87,0xFF,0x20,0x41,0xBC,0xFE,0x1C,0x3C,0xB3,0xFF,
  0x1B,0x3A,0xB1,0xFF,0x19,0x36,0xB0,0xFF,0x1C,0x3C,0xB3,0xFF,
  0x35,0x6C,0xC4,0xFF,0x6E,0xD3,0xF1,0xFF,0x7E,0xF2,0xFF,0xFF,
  0x7B,0xE9,0xFD,0xFF,0x7B,0xE9,0xFE,0xFF,0x7A,0xE9,0xFE,0xFF,
  0x79,0xE9,0xFE,0xFF,0x76,0xE8,0xFD,0xFF,0x76,0xE8,0xFE,0xFF,
  0x6F,0xE6,0xFE,0xFF,0x50,0xCE,0xFD,0xFF,0x2A,0xAE,0xFD,0xFF,
  0x3E,0xC5,0xFE,0xFF,0x46,0xCF,0xFE,0xFF,0x42,0xCA,0xFE,0xFF,
  0x3F,0xC6,0xFE,0xFF,0x38,0xB9,0xFD,0xFF,0x1E,0x8C,0xFD,0xFF,
  0x1B,0x88,0xFD,0xFF,0x25,0x97,0xFC,0xFF,0x4C,0xE1,0xFF,0xFF,
  0x37,0x8B,0xCD,0xFC,0x03,0x07,0x75,0xFF,0x1D,0x29,0x79,0x7A,
  0x02,0x01,0x00,0x00,0x00,0x00,0x01,0x00,0x00,0x00,0x00,0x00,
  0x00,0x00,0x00,0x00,0x00,0x00,0x00,0x00,0x00,0x00,0x00,0x00,
  0x00,0x00,0x00,0x00,0x00,0x00,0x00,0x00,0x00,0x00,0x00,0x00,
  0x00,0x00,0x00,0x00,0x00,0x00,0x00,0x00,0x00,0x00,0x00,0x00,
  0x00,0x00,0x00,0x00,0x00,0x00,0x00,0x00,0x00,0x00,0x00,0x00,
  0x00,0x00,0x00,0x00,0x00,0x00,0x00,0x00,0x00,0x00,0x00,0x00,
  0x00,0x00,0x00,0x00,0x00,0x00,0x00,0x00,0x00,0x00,0x00,0x00,
  0x00,0x00,0x00,0x00,0x00,0x00,0x00,0x00,0x00,0x00,0x00,0x00,
  0x00,0x00,0x00,0x00,0x00,0x00,0x00,0x00,0x00,0x00,0x00,0x00,
  0x00,0x00,0x00,0x00,0x00,0x00,0x00,0x00,0x00,0x00,0x00,0x00,
  0x00,0x00,0x00,0x00,0x00,0x00,0x00,0x00,0x00,0x00,0x00,0x00,
  0x00,0x00,0x00,0x00,0x00,0x00,0x00,0x00,0x00,0x00,0x00,0x00,
  0x00,0x00,0x00,0x00,0x00,0x00,0x00,0x00,0x00,0x00,0x00,0x00,
  0x00,0x00,0x00,0x00,0x00,0x00,0x00,0x00,0x00,0x00,0x00,0x00,
  0x00,0x00,0x00,0x00,0x00,0x00,0x00,0x00,0x00,0x00,0x00,0x00,
  0x00,0x00,0x00,0x00,0x00,0x00,0x00,0x00,0x00,0x00,0x00,0x00,
  0x00,0x00,0x00,0x00,0x00,0x00,0x00,0x00,0x00,0x00,0x00,0x00,
  0x00,0x00,0x00,0x00,0x00,0x00,0x00,0x00,0x00,0x00,0x00,0x00,
  0x00,0x00,0x00,0x00,0x00,0x00,0x00,0x00,0x00,0x00,0x00,0x00,
  0x00,0x00,0x00,0x00,0x00,0x00,0x00,0x00,0x00,0x00,0x00,0x00,
  0x00,0x00,0x00,0x00,0x00,0x00,0x00,0x00,0x00,0x00,0x00,0x00,
  0x00,0xFF,0xFF,0x01,0x00,0x00,0x00,0x00,0x9F,0xAA,0xC9,0x18,
  0x0E,0x18,0x63,0xF0,0x0B,0x1E,0x85,0xFF,0x1E,0x40,0xBB,0xFE,
  0x1C,0x3D,0xB5,0xFF,0x18,0x36,0xB1,0xFF,0x34,0xA3,0xEB,0xFF,
  0x3C,0xCE,0xFF,0xFF,0x34,0xBC,0xFD,0xFF,0x33,0xBB,0xFE,0xFF,
  0x4E,0xCE,0xFE,0xFF,0x52,0xD0,0xFD,0xFF,0x5B,0xD6,0xFD,0xFF,
  0x83,0xED,0xFE,0xFF,0x82,0xEE,0xFE,0xFF,0x7D,0xEB,0xFE,0xFF,
  0x80,0xF0,0xFE,0xFF,0x5B,0xD0,0xFD,0xFF,0x47,0xBD,0xFD,0xFF,
  0x49,0xC1,0xFC,0xFF,0x34,0xAB,0xFD,0xFF,0x35,0xAB,0xFD,0xFF,
  0x31,0xAD,0xFE,0xFF,0x33,0xBA,0xFE,0xFF,0x34,0xBB,0xFE,0xFF,
  0x35,0xBC,0xFE,0xFF,0x35,0xBC,0xFE,0xFF,0x35,0xBC,0xFE,0xFF,
  0x35,0xBB,0xFE,0xFF,0x34,0xBA,0xFE,0xFF,0x34,0xB9,0xFE,0xFF,
  0x23,0x9B,0xFD,0xFF,0x1E,0x95,0xFE,0xFF,0x30,0xAA,0xFD,0xFF,
  0x56,0xDB,0xFE,0xFF,0x55,0xD9,0xFE,0xFF,0x5C,0xE6,0xFF,0xFF,
  0x39,0x9C,0xE5,0xFF,0x1D,0x60,0xCE,0xFF,0x23,0x6B,0xD2,0xFF,
  0x23,0x6C,0xD3,0xFF,0x21,0x62,0xC7,0xFF,0x10,0x29,0x95,0xFF,
  0x11,0x27,0x93,0xFF,0x12,0x2B,0x98,0xFD,0x0D,0x21,0x8E,0xFF,
  0x1A,0x21,0x67,0x88,0x04,0x03,0x00,0x00,0x00,0x00,0x3F,0x04,
  0x00,0x00,0x00,0x00,0x00,0x00,0x00,0x00,0x00,0x00,0x00,0x00,
  0x00,0x00,0x00,0x00,0x00,0x00,0x00,0x00,0x00,0x00,0x00,0x00,
  0x00,0x00,0x00,0x00,0x00,0x00,0x00,0x00,0x00,0x00,0x00,0x00,
  0x00,0x00,0x00,0x00,0x00,0x00,0x00,0x00,0x00,0x00,0x00,0x00,
  0x00,0x00,0x00,0x00,0x00,0x00,0x00,0x00,0x00,0x00,0x00,0x00,
  0x7F,0x7F,0x7F,0x02,0x00,0x00,0x00,0x00,0xB6,0xB6,0xDA,0x0E,
  0x16,0x1F,0x69,0xEB,0x0E,0x1F,0x81,0xFD,0x1D,0x3F,0xB8,0xFE,
  0x1B,0x3C,0xB3,0xFF,0x1A,0x3A,0xB3,0xFF,0x16,0x33,0xAF,0xFF,
  0x1E,0x42,0xB4,0xFF,0x7A,0xE8,0xFB,0xFF,0x7F,0xF2,0xFF,0xFF,
  0x7B,0xE9,0xFD,0xFF,0x7C,0xEA,0xFE,0xFF,0x7B,0xEA,0xFE,0xFF,
  0x7B,0xEA,0xFE,0xFF,0x7C,0xEA,0xFE,0xFF,0x7E,0xEB,0xFE,0xFF,
  0x7A,0xE9,0xFD,0xFF,0x39,0xBB,0xFD,0xFF,0x2B,0xAC,0xFE,0xFF,
  0x38,0xBE,0xFE,0xFF,0x45,0xCE,0xFE,0xFF,0x45,0xCD,0xFE,0xFF,
  0x45,0xCE,0xFE,0xFF,0x48,0xD2,0xFE,0xFF,0x43,0xCA,0xFE,0xFF,
  0x33,0xB0,0xFD,0xFF,0x31,0xAD,0xFD,0xFF,0x31,0xA5,0xF5,0xFF,
  0x46,0xBF,0xF0,0xFF,0x36,0x83,0xC6,0xF9,0x10,0x1C,0x7E,0xF5,
  0x22,0x30,0x7F,0x78,0x00,0x00,0x55,0x03,0x00,0x00,0x66,0x05,
  0x00,0x00,0x00,0x00,0x00,0x00,0x00,0x00,0x00,0x00,0x00,0x00,
  0x00,0x00,0x00,0x00,0x00,0x00,0x00,0x00,0x00,0x00,0x00,0x00,
  0x00,0x00,0x00,0x00,0x00,0x00,0x00,0x00,0x00,0x00,0x00,0x00,
  0x00,0x00,0x00,0x00,0x00,0x00,0x00,0x00,0x00,0x00,0x00,0x00,
  0x00,0x00,0x00,0x00,0x00,0x00,0x00,0x00,0x00,0x00,0x00,0x00,
  0x00,0x00,0x00,0x00,0x00,0x00,0x00,0x00,0x00,0x00,0x00,0x00,
  0x00,0x00,0x00,0x00,0x00,0x00,0x00,0x00,0x00,0x00,0x00,0x00,
  0x00,0x00,0x00,0x00,0x00,0x00,0x00,0x00,0x00,0x00,0x00,0x00,
  0x00,0x00,0x00,0x00,0x00,0x00,0x00,0x00,0x00,0x00,0x00,0x00,
  0x00,0x00,0x00,0x00,0x00,0x00,0x00,0x00,0x00,0x00,0x00,0x00,
  0x00,0x00,0x00,0x00,0x00,0x00,0x00,0x00,0x00,0x00,0x00,0x00,
  0x00,0x00,0x00,0x00,0x00,0x00,0x00,0x00,0x00,0x00,0x00,0x00,
  0x00,0x00,0x00,0x00,0x00,0x00,0x00,0x00,0x00,0x00,0x00,0x00,
  0x00,0x00,0x00,0x00,0x00,0x00,0x00,0x00,0x00,0x00,0x00,0x00,
  0x00,0x00,0x00,0x00,0x00,0x00,0x00,0x00,0x00,0x00,0x00,0x00,
  0x00,0x00,0x00,0x00,0x00,0x00,0x00,0x00,0x00,0x00,0x00,0x00,
  0x00,0x00,0x00,0x00,0x00,0x00,0x00,0x00,0x00,0x00,0x00,0x00,
  0x00,0x00,0x00,0x00,0x00,0x00,0x00,0x00,0x00,0x00,0x00,0x00,
  0x00,0x00,0x00,0x00,0x00,0x00,0x00,0x00,0x00,0x00,0x00,0x00,
  0x00,0x00,0x00,0x00,0x00,0x00,0x00,0x00,0x00,0x00,0x00,0x00,
  0x00,0x00,0x00,0x00,0x00,0xFF,0xFF,0x01,0x00,0x00,0x00,0x00,
  0x9B,0xA6,0xC7,0x17,0x10,0x1A,0x69,0xE6,0x0D,0x20,0x85,0xFD,
  0x1D,0x3D,0xB6,0xFE,0x19,0x38,0xB2,0xFF,0x17,0x30,0xAD,0xFF,
  0x33,0x9A,0xE7,0xFF,0x3A,0xC6,0xFE,0xFF,0x38,0xBD,0xFD,0xFF,
  0x37,0xBD,0xFE,0xFF,0x32,0xBB,0xFE,0xFF,0x2B,0xB4,0xFD,0xFF,
  0x38,0xBE,0xFD,0xFF,0x6D,0xDE,0xFD,0xFF,0x6F,0xDF,0xFC,0xFF,
  0x7C,0xED,0xFE,0xFF,0x86,0xF7,0xFE,0xFF,0x40,0xB4,0xFD,0xFF,
  0x11,0x88,0xFD,0xFF,0x5E,0xD3,0xFD,0xFF,0x82,0xF2,0xFE,0xFF,
  0x80,0xF0,0xFE,0xFF,0x5E,0xD9,0xFE,0xFF,0x30,0xB9,0xFE,0xFF,
  0x36,0xBC,0xFE,0xFF,0x36,0xBC,0xFE,0xFF,0x35,0xBB,0xFE,0xFF,
  0x35,0xBB,0xFE,0xFF,0x35,0xBB,0xFE,0xFF,0x34,0xBA,0xFE,0xFF,
  0x34,0xBB,0xFD,0xFF,0x1F,0x94,0xFD,0xFF,0x39,0xB4,0xFD,0xFF,
  0x50,0xD5,0xFE,0xFF,0x54,0xD9,0xFE,0xFF,0x54,0xD9,0xFE,0xFF,
  0x55,0xD8,0xFD,0xFF,0x3B,0xBA,0xFF,0xFF,0x25,0xA5,0xFF,0xFF,
  0x29,0xA7,0xFF,0xFF,0x2A,0xAD,0xFF,0xFF,0x2C,0x9C,0xF2,0xFF,
  0x1E,0x44,0xB8,0xFE,0x20,0x42,0xBB,0xFE,0x22,0x45,0xC4,0xFD,
  0x17,0x33,0xA3,0xFE,0x19,0x26,0x7A,0xDB,0x37,0x45,0x8A,0x85,
  0x3F,0x3F,0x3F,0x04,0x00,0x00,0x7F,0x04,0x00,0x00,0x00,0x01,
  0x00,0x00,0x00,0x00,0x00,0x00,0x00,0x00,0x00,0x00,0x00,0x00,
  0x00,0x00,0x00,0x00,0x00,0x00,0x00,0x00,0x00,0x00,0x00,0x00,
  0x00,0x00,0x00,0x00,0x00,0x00,0x00,0x00,0x00,0x00,0x00,0x00,
  0x00,0x00,0x00,0x00,0x00,0x00,0x00,0x00,0x00,0x00,0x00,0x00,
  0x00,0x00,0x00,0x01,0x7F,0x7F,0x7F,0x02,0x67,0x6E,0x9E,0x25,
  0x5E,0x66,0x98,0x5C,0x1A,0x28,0x78,0xF5,0x12,0x25,0x8C,0xFF,
  0x1C,0x3F,0xB8,0xFE,0x1B,0x3C,0xB3,0xFF,0x1A,0x39,0xB3,0xFF,
  0x17,0x38,0xB0,0xFF,0x1F,0x48,0xB4,0xFF,0x71,0xDB,0xF6,0xFF,
  0x7D,0xED,0xFF,0xFF,0x7D,0xEA,0xFC,0xFF,0x7C,0xEA,0xFE,0xFF,
  0x7C,0xEA,0xFE,0xFF,0x7B,0xEA,0xFE,0xFF,0x7D,0xEB,0xFD,0xFF,
  0x7E,0xED,0xFD,0xFF,0x80,0xF0,0xFD,0xFF,0x3B,0xB9,0xFD,0xFF,
  0x28,0xA9,0xFE,0xFF,0x3B,0xC2,0xFE,0xFF,0x47,0xD0,0xFE,0xFF,
  0x45,0xCE,0xFE,0xFF,0x45,0xCD,0xFE,0xFF,0x44,0xCC,0xFD,0xFF,
  0x46,0xCF,0xFE,0xFF,0x4A,0xD3,0xFC,0xFF,0x4E,0xE0,0xFF,0xFF,
  0x38,0x94,0xD0,0xFD,0x08,0x13,0x79,0xFC,0x15,0x27,0x7C,0xD7,
  0x75,0x7C,0x9E,0x25,0x55,0x63,0x8D,0x12,0x00,0x00,0x00,0x00,
  0x00,0x00,0x00,0x01,0x00,0x00,0x00,0x00,0x00,0x00,0x00,0x00,
  0x00,0x00,0x00,0x00,0x00,0x00,0x00,0x00,0x00,0x00,0x00,0x00,
  0x00,0x00,0x00,0x00,0x00,0x00,0x00,0x00,0x00,0x00,0x00,0x00,
  0x00,0x00,0x00,0x00,0x00,0x00,0x00,0x00,0x00,0x00,0x00,0x00,
  0x00,0x00,0x00,0x00,0x00,0x00,0x00,0x00,0x00,0x00,0x00,0x00,
  0x00,0x00,0x00,0x00,0x00,0x00,0x00,0x00,0x00,0x00,0x00,0x00,
  0x00,0x00,0x00,0x00,0x00,0x00,0x00,0x00,0x00,0x00,0x00,0x00,
  0x00,0x00,0x00,0x00,0x00,0x00,0x00,0x00,0x00,0x00,0x00,0x00,
  0x00,0x00,0x00,0x00,0x00,0x00,0x00,0x00,0x00,0x00,0x00,0x00,
  0x00,0x00,0x00,0x00,0x00,0x00,0x00,0x00,0x00,0x00,0x00,0x00,
  0x00,0x00,0x00,0x00,0x00,0x00,0x00,0x00,0x00,0x00,0x00,0x00,
  0x00,0x00,0x00,0x00,0x00,0x00,0x00,0x00,0x00,0x00,0x00,0x00,
  0x00,0x00,0x00,0x00,0x00,0x00,0x00,0x00,0x00,0x00,0x00,0x00,
  0x00,0x00,0x00,0x00,0x00,0x00,0x00,0x00,0x00,0x00,0x00,0x00,
  0x00,0x00,0x00,0x00,0x00,0x00,0x00,0x00,0x00,0x00,0x00,0x00,
  0x00,0x00,0x00,0x00,0x00,0x00,0x00,0x00,0x00,0x00,0x00,0x00,
  0x00,0x00,0x00,0x00,0x00,0x00,0x00,0x00,0x00,0x00,0x00,0x00,
  0x00,0x00,0x00,0x00,0x00,0x00,0x00,0x00,0x00,0x00,0x00,0x00,
  0x00,0x00,0x00,0x00,0x00,0x00,0x00,0x00,0x00,0x00,0x00,0x00,
  0x00,0x00,0x00,0x00,0x00,0x00,0x00,0x00,0x00,0x00,0x00,0x00,
  0x00,0x00,0x00,0x00,0x00,0x00,0x00,0x00,0x00,0x00,0xFF,0x01,
  0x00,0x00,0x7F,0x02,0x85,0x90,0xBC,0x17,0x10,0x1B,0x6C,0xE9,
  0x0D,0x22,0x87,0xFF,0x1B,0x37,0xB5,0xFE,0x25,0x62,0xC7,0xFF,
  0x35,0xA0,0xE7,0xFF,0x38,0xB6,0xF7,0xFF,0x38,0xC2,0xFE,0xFF,
  0x36,0xBE,0xFE,0xFF,0x37,0xBE,0xFE,0xFF,0x35,0xBE,0xFE,0xFF,
  0x35,0xBD,0xFE,0xFF,0x35,0xBC,0xFE,0xFF,0x35,0xBB,0xFD,0xFF,
  0x35,0xBC,0xFD,0xFF,0x5F,0xDA,0xFE,0xFF,0x74,0xE7,0xFD,0xFF,
  0x3E,0xB5,0xFC,0xFF,0x1A,0x92,0xFE,0xFF,0x60,0xD6,0xFD,0xFF,
  0x80,0xF1,0xFE,0xFF,0x7C,0xEC,0xFE,0xFF,0x76,0xE9,0xFE,0xFF,
  0x74,0xE7,0xFE,0xFF,0x54,0xD2,0xFE,0xFF,0x2C,0xB6,0xFE,0xFF,
  0x30,0xB8,0xFE,0xFF,0x35,0xBC,0xFE,0xFF,0x35,0xBB,0xFE,0xFF,
  0x34,0xBA,0xFE,0xFF,0x32,0xB6,0xFD,0xFF,0x1D,0x90,0xFD,0xFF,
  0x41,0xBB,0xFD,0xFF,0x5C,0xE3,0xFE,0xFF,0x55,0xD9,0xFE,0xFF,
  0x57,0xDC,0xFE,0xFF,0x3C,0xBA,0xFC,0xFF,0x23,0x9C,0xFD,0xFF,
  0x25,0x9C,0xFD,0xFF,0x26,0x9C,0xFD,0xFF,0x26,0x9E,0xFD,0xFF,
  0x2A,0xA3,0xFA,0xFF,0x2F,0xA4,0xF0,0xFF,0x1E,0x55,0xC2,0xFF,
  0x19,0x33,0xB6,0xFF,0x11,0x26,0x9A,0xFC,0x00,0x0A,0x76,0xFF,
  0x1B,0x2A,0x7A,0xD7,0x09,0x07,0x00,0x00,0x00,0x00,0x00,0x00,
  0x00,0x00,0x00,0x00,0x00,0x00,0x00,0x00,0x00,0x00,0x00,0x00,
  0x00,0x00,0x00,0x00,0x00,0x00,0x00,0x00,0x00,0x00,0x00,0x00,
  0x00,0x00,0x00,0x00,0x00,0x00,0x00,0x00,0x00,0x00,0x00,0x00,
  0x00,0x00,0x00,0x00,0x00,0x00,0x00,0x00,0x00,0x00,0x00,0x00,
  0x00,0x00,0x00,0x00,0x00,0x00,0x55,0x03,0x00,0x00,0x00,0x00,
  0x1E,0x26,0x6C,0x9D,0x13,0x1E,0x72,0xFF,0x1A,0x35,0xA8,0xFC,
  0x1C,0x3E,0xB8,0xFF,0x1B,0x3C,0xB3,0xFF,0x1D,0x3D,0xB4,0xFF,
  0x14,0x2F,0xAE,0xFF,0x40,0x83,0xCD,0xFF,0x74,0xDF,0xF3,0xFF,
  0x79,0xE6,0xFC,0xFF,0x7B,0xEB,0xFE,0xFF,0x7C,0xEA,0xFD,0xFF,
  0x7D,0xEA,0xFE,0xFF,0x7D,0xEA,0xFE,0xFF,0x7D,0xEB,0xFD,0xFF,
  0x7E,0xEC,0xFD,0xFF,0x76,0xE8,0xFD,0xFF,0x5C,0xD2,0xFD,0xFF,
  0x35,0xB4,0xFD,0xFF,0x29,0xAA,0xFE,0xFF,0x39,0xC0,0xFE,0xFF,
  0x47,0xD0,0xFE,0xFF,0x45,0xCD,0xFE,0xFF,0x45,0xCD,0xFE,0xFF,
  0x45,0xCD,0xFD,0xFF,0x45,0xCE,0xFE,0xFF,0x46,0xCD,0xFC,0xFF,
  0x4D,0xDB,0xFE,0xFF,0x36,0x8E,0xCC,0xFD,0x07,0x0F,0x78,0xFF,
  0x13,0x22,0x77,0xDC,0x04,0x04,0x00,0x00,0x00,0x00,0x00,0x00,
  0x00,0x00,0x00,0x00,0x00,0x00,0x00,0x00,0x00,0x00,0x00,0x00,
  0x00,0x00,0x00,0x00,0x00,0x00,0x00,0x00,0x00,0x00,0x00,0x00,
  0x00,0x00,0x00,0x00,0x00,0x00,0x00,0x00,0x00,0x00,0x00,0x00,
  0x00,0x00,0x00,0x00,0x00,0x00,0x00,0x00,0x00,0x00,0x00,0x00,
  0x00,0x00,0x00,0x00,0x00,0x00,0x00,0x00,0x00,0x00,0x00,0x00,
  0x00,0x00,0x00,0x00,0x00,0x00,0x00,0x00,0x00,0x00,0x00,0x00,
  0x00,0x00,0x00,0x00,0x00,0x00,0x00,0x00,0x00,0x00,0x00,0x00,
  0x00,0x00,0x00,0x00,0x00,0x00,0x00,0x00,0x00,0x00,0x00,0x00,
  0x00,0x00,0x00,0x00,0x00,0x00,0x00,0x00,0x00,0x00,0x00,0x00,
  0x00,0x00,0x00,0x00,0x00,0x00,0x00,0x00,0x00,0x00,0x00,0x00,
  0x00,0x00,0x00,0x00,0x00,0x00,0x00,0x00,0x00,0x00,0x00,0x00,
  0x00,0x00,0x00,0x00,0x00,0x00,0x00,0x00,0x00,0x00,0x00,0x00,
  0x00,0x00,0x00,0x00,0x00,0x00,0x00,0x00,0x00,0x00,0x00,0x00,
  0x00,0x00,0x00,0x00,0x00,0x00,0x00,0x00,0x00,0x00,0x00,0x00,
  0x00,0x00,0x00,0x00,0x00,0x00,0x00,0x00,0x00,0x00,0x00,0x00,
  0x00,0x00,0x00,0x00,0x00,0x00,0x00,0x00,0x00,0x00,0x00,0x00,
  0x00,0x00,0x00,0x00,0x00,0x00,0x00,0x00,0x00,0x00,0x00,0x00,
  0x00,0x00,0x00,0x00,0x00,0x00,0x00,0x00,0x00,0x00,0x00,0x00,
  0x00,0x00,0x00,0x00,0x00,0x00,0x00,0x00,0x00,0x00,0x00,0x00,
  0x00,0x00,0x00,0x00,0x00,0x00,0x00,0x00,0x00,0x00,0x00,0x00,
  0x00,0x00,0x00,0x00,0x00,0x00,0x00,0x00,0x00,0x00,0x00,0x00,
  0x55,0x55,0xAA,0x03,0x01,0x01,0x00,0x00,0xFF,0xFF,0xFF,0x0F,
  0x0F,0x19,0x67,0xE8,0x0C,0x20,0x85,0xFF,0x1A,0x35,0xB4,0xFE,
  0x29,0x75,0xD1,0xFF,0x3E,0xD2,0xFF,0xFF,0x3A,0xC3,0xFD,0xFF,
  0x39,0xC1,0xFD,0xFF,0x38,0xBF,0xFE,0xFF,0x38,0xBF,0xFE,0xFF,
  0x36,0xBD,0xFE,0xFF,0x35,0xBE,0xFE,0xFF,0x36,0xBD,0xFE,0xFF,
  0x35,0xBB,0xFE,0xFF,0x33,0xBA,0xFE,0xFF,0x31,0xB8,0xFD,0xFF,
  0x24,0x9B,0xFC,0xFF,0x1F,0x90,0xFD,0xFF,0x19,0x8A,0xFD,0xFF,
  0x43,0xB6,0xFB,0xFF,0x85,0xF5,0xFE,0xFF,0x7C,0xED,0xFE,0xFF,
  0x7D,0xEE,0xFE,0xFF,0x82,0xF2,0xFE,0xFF,0x74,0xE5,0xFD,0xFF,
  0x5E,0xD7,0xFD,0xFF,0x60,0xDA,0xFE,0xFF,0x3B,0xC0,0xFE,0xFF,
  0x2F,0xB7,0xFE,0xFF,0x32,0xB7,0xFE,0xFF,0x25,0x9E,0xFE,0xFF,
  0x1D,0x8F,0xFD,0xFF,0x43,0xBE,0xFD,0xFF,0x5E,0xE1,0xFE,0xFF,
  0x57,0xDB,0xFE,0xFF,0x5A,0xE1,0xFE,0xFF,0x38,0xB8,0xFD,0xFF,
  0x21,0x98,0xFE,0xFF,0x25,0x9E,0xFE,0xFF,0x26,0x9E,0xFE,0xFF,
  0x27,0xA0,0xFE,0xFF,0x28,0xA4,0xFE,0xFF,0x31,0xB2,0xFF,0xFF,
  0x4D,0xB9,0xEC,0xFF,0x4C,0xA5,0xE0,0xFF,0x36,0x76,0xC2,0xFE,
  0x26,0x53,0xA0,0xFD,0x19,0x29,0x7E,0xE9,0x33,0x44,0x8F,0x99,
  0x23,0x34,0x84,0x87,0x46,0x46,0x7F,0x12,0x00,0x00,0x00,0x01,
  0x00,0x00,0xFF,0x01,0x00,0x00,0x00,0x00,0x00,0x00,0x00,0x00,
  0x00,0x00,0x00,0x00,0x00,0x00,0x00,0x00,0x00,0x00,0x00,0x00,
  0x00,0x00,0x00,0x00,0x00,0x00,0x00,0x00,0x00,0x00,0x00,0x00,
  0x00,0x00,0x00,0x00,0x00,0x00,0x00,0x00,0x7F,0x7F,0xBF,0x04,
  0xFF,0xFF,0xFF,0x04,0x19,0x21,0x66,0xA1,0x06,0x10,0x66,0xFE,
  0x18,0x34,0xA6,0xFB,0x1C,0x3C,0xB6,0xFF,0x1C,0x3B,0xB1,0xFF,
  0x1C,0x3C,0xB3,0xFF,0x12,0x2E,0xAC,0xFF,0x46,0x8D,0xD3,0xFF,
  0x84,0xFA,0xFF,0xFF,0x79,0xE8,0xFD,0xFF,0x7B,0xEA,0xFE,0xFF,
  0x7C,0xE9,0xFE,0xFF,0x7F,0xEA,0xFE,0xFF,0x7E,0xEA,0xFE,0xFF,
  0x7C,0xEA,0xFD,0xFF,0x82,0xF1,0xFE,0xFF,0x6A,0xDF,0xFD,0xFF,
  0x24,0xA3,0xFD,0xFF,0x2B,0xAB,0xFE,0xFF,0x37,0xBC,0xFE,0xFF,
  0x41,0xC9,0xFD,0xFF,0x45,0xCE,0xFE,0xFF,0x45,0xCD,0xFE,0xFF,
  0x45,0xCD,0xFD,0xFF,0x45,0xCD,0xFD,0xFF,0x44,0xCD,0xFD,0xFF,
  0x49,0xCF,0xFD,0xFE,0x27,0x5D,0xA9,0xFE,0x12,0x26,0x7C,0xF9,
  0x28,0x34,0x7B,0x7E,0x31,0x3A,0x7C,0x4E,0x55,0x55,0x55,0x03,
  0x00,0x00,0xFF,0x01,0x00,0x00,0x00,0x00,0x00,0x00,0x00,0x00,
  0x00,0x00,0x00,0x00,0x00,0x00,0x00,0x00,0x00,0x00,0x00,0x00,
  0x00,0x00,0x00,0x00,0x00,0x00,0x00,0x00,0x00,0x00,0x00,0x00,
  0x00,0x00,0x00,0x00,0x00,0x00,0x00,0x00,0x00,0x00,0x00,0x00,
  0x00,0x00,0x00,0x00,0x00,0x00,0x00,0x00,0x00,0x00,0x00,0x00,
  0x00,0x00,0x00,0x00,0x00,0x00,0x00,0x00,0x00,0x00,0x00,0x00,
  0x00,0x00,0x00,0x00,0x00,0x00,0x00,0x00,0x00,0x00,0x00,0x00,
  0x00,0x00,0x00,0x00,0x00,0x00,0x00,0x00,0x00,0x00,0x00,0x00,
  0x00,0x00,0x00,0x00,0x00,0x00,0x00,0x00,0x00,0x00,0x00,0x00,
  0x00,0x00,0x00,0x00,0x00,0x00,0x00,0x00,0x00,0x00,0x00,0x00,
  0x00,0x00,0x00,0x00,0x00,0x00,0x00,0x00,0x00,0x00,0x00,0x00,
  0x00,0x00,0x00,0x00,0x00,0x00,0x00,0x00,0x00,0x00,0x00,0x00,
  0x00,0x00,0x00,0x00,0x00,0x00,0x00,0x00,0x00,0x00,0x00,0x00,
  0x00,0x00,0x00,0x00,0x00,0x00,0x00,0x00,0x00,0x00,0x00,0x00,
  0x00,0x00,0x00,0x00,0x00,0x00,0x00,0x00,0x00,0x00,0x00,0x00,
  0x00,0x00,0x00,0x00,0x00,0x00,0x00,0x00,0x00,0x00,0x00,0x00,
  0x00,0x00,0x00,0x00,0x00,0x00,0x00,0x00,0x00,0x00,0x00,0x00,
  0x00,0x00,0x00,0x00,0x00,0x00,0x00,0x00,0x00,0x00,0x00,0x00,
  0x00,0x00,0x00,0x00,0x00,0x00,0x00,0x00,0x00,0x00,0x00,0x00,
  0x00,0x00,0x00,0x00,0x00,0x00,0x00,0x00,0x00,0x00,0x00,0x00,
  0x00,0x00,0x00,0x00,0x00,0x00,0x00,0x00,0x00,0x00,0xFF,0x01,
  0x00,0x00,0x00,0x00,0xFF,0xFF,0xBF,0x04,0x22,0x2D,0x75,0xA1,
  0x19,0x24,0x6F,0xBC,0x16,0x2A,0x8D,0xF7,0x16,0x31,0xA5,0xFF,
  0x14,0x29,0xAB,0xFF,0x24,0x6A,0xCB,0xFF,0x3D,0xC9,0xFE,0xFF,
  0x3A,0xC0,0xFC,0xFF,0x3A,0xC1,0xFD,0xFF,0x39,0xC0,0xFD,0xFF,
  0x38,0xBF,0xFE,0xFF,0x37,0xBE,0xFE,0xFF,0x37,0xBD,0xFE,0xFF,
  0x36,0xBD,0xFE,0xFF,0x35,0xBC,0xFE,0xFF,0x34,0xBA,0xFE,0xFF,
  0x32,0xB9,0xFD,0xFF,0x20,0x96,0xFD,0xFF,0x1C,0x8A,0xFD,0xFF,
  0x19,0x87,0xFD,0xFF,0x2C,0xA0,0xFC,0xFF,0x5C,0xD7,0xFE,0xFF,
  0x7D,0xED,0xFE,0xFF,0x85,0xF4,0xFE,0xFF,0x86,0xF1,0xFD,0xFF,
  0x85,0xF1,0xFD,0xFF,0x81,0xF1,0xFE,0xFF,0x84,0xF2,0xFE,0xFF,
  0x5F,0xD9,0xFE,0xFF,0x4F,0xD0,0xFE,0xFF,0x39,0xBF,0xFD,0xFF,
  0x23,0x9B,0xFE,0xFF,0x1B,0x90,0xFE,0xFF,0x44,0xC1,0xFE,0xFF,
  0x63,0xE5,0xFE,0xFF,0x59,0xD9,0xFD,0xFF,0x4B,0xCA,0xFD,0xFF,
  0x33,0xB0,0xFE,0xFF,0x23,0x9C,0xFD,0xFF,0x25,0x9F,0xFD,0xFF,
  0x26,0xA0,0xFE,0xFF,0x27,0xA3,0xFE,0xFF,0x26,0xA1,0xFE,0xFF,
  0x33,0xAE,0xFB,0xFF,0x6B,0xEB,0xFF,0xFF,0x75,0xF0,0xFF,0xFF,
  0x67,0xEF,0xFF,0xFF,0x48,0xB0,0xE3,0xFF,0x06,0x0F,0x7A,0xFF,
  0x06,0x14,0x85,0xFF,0x0B,0x16,0x7A,0xFF,0x45,0x4D,0x73,0x21,
  0x01,0x01,0x00,0x00,0x00,0x00,0x66,0x05,0x00,0x00,0x7F,0x02,
  0x00,0x00,0x00,0x00,0x00,0x00,0x00,0x00,0x00,0x00,0x00,0x00,
  0x00,0x00,0x00,0x00,0x00,0x00,0x00,0x00,0x00,0x00,0x00,0x00,
  0x00,0x00,0x00,0x00,0x00,0x7F,0x7F,0x02,0x00,0x00,0x00,0x00,
  0x37,0x41,0x7D,0x33,0x1D,0x26,0x6E,0xD0,0x15,0x25,0x80,0xED,
  0x13,0x29,0x94,0xFE,0x19,0x35,0xAA,0xFE,0x1A,0x38,0xB1,0xFF,
  0x1A,0x39,0xB0,0xFF,0x1B,0x3B,0xB2,0xFF,0x0E,0x26,0xA8,0xFF,
  0x40,0x84,0xCF,0xFF,0x80,0xF4,0xFE,0xFF,0x79,0xE8,0xFD,0xFF,
  0x7B,0xEA,0xFE,0xFF,0x7C,0xE9,0xFE,0xFF,0x7E,0xE9,0xFE,0xFF,
  0x7E,0xEB,0xFD,0xFF,0x7E,0xEB,0xFD,0xFF,0x7E,0xED,0xFD,0xFF,
  0x63,0xD9,0xFC,0xFF,0x2C,0xAC,0xFE,0xFF,0x2D,0xAD,0xFE,0xFF,
  0x3B,0xC0,0xFE,0xFF,0x47,0xCE,0xFD,0xFF,0x45,0xCE,0xFE,0xFF,
  0x46,0xCF,0xFE,0xFF,0x45,0xCD,0xFE,0xFF,0x45,0xCD,0xFE,0xFF,
  0x47,0xD3,0xFF,0xFF,0x51,0xE0,0xFF,0xFE,0x19,0x43,0x9B,0xFF,
  0x04,0x09,0x6E,0xFF,0x23,0x3D,0x7B,0x1D,0x00,0x00,0x00,0x00,
  0x00,0x00,0x7F,0x02,0x00,0x00,0x00,0x00,0x00,0x00,0x00,0x00,
  0x00,0x00,0x00,0x00,0x00,0x00,0x00,0x00,0x00,0x00,0x00,0x00,
  0x00,0x00,0x00,0x00,0x00,0x00,0x00,0x00,0x00,0x00,0x00,0x00,
  0x00,0x00,0x00,0x00,0x00,0x00,0x00,0x00,0x00,0x00,0x00,0x00,
  0x00,0x00,0x00,0x00,0x00,0x00,0x00,0x00,0x00,0x00,0x00,0x00,
  0x00,0x00,0x00,0x00,0x00,0x00,0x00,0x00,0x00,0x00,0x00,0x00,
  0x00,0x00,0x00,0x00,0x00,0x00,0x00,0x00,0x00,0x00,0x00,0x00,
  0x00,0x00,0x00,0x00,0x00,0x00,0x00,0x00,0x00,0x00,0x00,0x00,
  0x00,0x00,0x00,0x00,0x00,0x00,0x00,0x00,0x00,0x00,0x00,0x00,
  0x00,0x00,0x00,0x00,0x00,0x00,0x00,0x00,0x00,0x00,0x00,0x00,
  0x00,0x00,0x00,0x00,0x00,0x00,0x00,0x00,0x00,0x00,0x00,0x00,
  0x00,0x00,0x00,0x00,0x00,0x00,0x00,0x00,0x00,0x00,0x00,0x00,
  0x00,0x00,0x00,0x00,0x00,0x00,0x00,0x00,0x00,0x00,0x00,0x00,
  0x00,0x00,0x00,0x00,0x00,0x00,0x00,0x00,0x00,0x00,0x00,0x00,
  0x00,0x00,0x00,0x00,0x00,0x00,0x00,0x00,0x00,0x00,0x00,0x00,
  0x00,0x00,0x00,0x00,0x00,0x00,0x00,0x00,0x00,0x00,0x00,0x00,
  0x00,0x00,0x00,0x00,0x00,0x00,0x00,0x00,0x00,0x00,0x00,0x00,
  0x00,0x00,0x00,0x00,0x00,0x00,0x00,0x00,0x00,0x00,0x00,0x00,
  0x00,0x00,0x00,0x00,0x00,0x00,0x00,0x00,0x00,0x00,0x00,0x00,
  0x00,0x00,0x00,0x00,0x00,0x00,0x00,0x00,0x00,0x00,0x00,0x00,
  0x00,0x00,0x00,0x00,0x00,0x00,0x00,0x00,0x00,0x00,0x00,0x00,
  0x00,0x00,0xFF,0x01,0x7F,0x7F,0xFF,0x02,0x3E,0x46,0x79,0x41,
  0x12,0x1F,0x73,0xF6,0x09,0x18,0x7D,0xFF,0x1C,0x39,0xB1,0xFF,
  0x20,0x48,0xBF,0xFF,0x23,0x56,0xBC,0xFF,0x2E,0x85,0xD9,0xFF,
  0x3D,0xC8,0xFF,0xFF,0x3B,0xC1,0xFC,0xFF,0x3B,0xC3,0xFD,0xFF,
  0x39,0xC1,0xFD,0xFF,0x38,0xBF,0xFE,0xFF,0x38,0xBF,0xFE,0xFF,
  0x37,0xBE,0xFE,0xFF,0x37,0xBD,0xFE,0xFF,0x36,0xBD,0xFE,0xFF,
  0x36,0xBC,0xFE,0xFF,0x34,0xBD,0xFE,0xFF,0x22,0x97,0xFD,0xFF,
  0x1E,0x8C,0xFD,0xFF,0x35,0xB1,0xFD,0xFF,0x37,0xBA,0xFD,0xFF,
  0x3A,0xC1,0xFE,0xFF,0x51,0xD2,0xFD,0xFF,0x47,0xB9,0xFB,0xFF,
  0x40,0xB1,0xFB,0xFF,0x60,0xD2,0xFB,0xFF,0x85,0xF5,0xFE,0xFF,
  0x7E,0xF0,0xFE,0xFF,0x80,0xF0,0xFE,0xFF,0x7B,0xED,0xFE,0xFF,
  0x55,0xD3,0xFD,0xFF,0x30,0xA9,0xFD,0xFF,0x32,0xB0,0xFD,0xFF,
  0x5C,0xDC,0xFE,0xFF,0x65,0xE6,0xFE,0xFF,0x5E,0xDE,0xFE,0xFF,
  0x23,0x9D,0xFE,0xFF,0x24,0x9B,0xFE,0xFF,0x25,0x9F,0xFD,0xFF,
  0x24,0x9F,0xFD,0xFF,0x25,0xA2,0xFE,0xFF,0x28,0xA3,0xFE,0xFF,
  0x25,0xA0,0xFE,0xFF,0x2D,0xAA,0xFC,0xFF,0x6C,0xE4,0xFD,0xFF,
  0x76,0xE9,0xFC,0xFF,0x61,0xDE,0xFE,0xFF,0x43,0xB2,0xE9,0xFF,
  0x28,0x5E,0xAB,0xFE,0x25,0x5D,0xB0,0xFB,0x28,0x53,0xA2,0xF6,
  0x0E,0x19,0x72,0xD0,0x1A,0x20,0x6D,0x87,0x02,0x02,0x00,0x00,
  0x00,0x00,0x00,0x00,0x00,0x00,0x00,0x01,0x00,0x00,0x00,0x00,
  0x00,0x00,0x00,0x00,0x00,0x00,0x00,0x00,0x00,0x00,0x00,0x00,
  0x00,0x00,0x00,0x00,0x00,0x00,0x00,0x00,0x55,0x55,0x55,0x03,
  0x00,0x00,0x00,0x00,0x31,0x3C,0x7D,0x43,0x0D,0x17,0x6B,0xFF,
  0x0F,0x23,0x89,0xFF,0x1A,0x3B,0xB8,0xFF,0x19,0x37,0xB0,0xFF,
  0x1A,0x38,0xB0,0xFF,0x1A,0x38,0xB0,0xFF,0x19,0x36,0xAF,0xFF,
  0x21,0x48,0xB3,0xFF,0x56,0xA5,0xDB,0xFF,0x80,0xF2,0xFF,0xFF,
  0x7A,0xE8,0xFD,0xFF,0x7C,0xEA,0xFE,0xFF,0x7C,0xE9,0xFE,0xFF,
  0x7E,0xE9,0xFE,0xFF,0x7C,0xEA,0xFD,0xFF,0x83,0xEE,0xFD,0xFF,
  0x59,0xCF,0xFC,0xFF,0x2D,0xAC,0xFD,0xFF,0x2E,0xAE,0xFE,0xFF,
  0x2E,0xAE,0xFE,0xFF,0x2E,0xAE,0xFE,0xFF,0x36,0xB9,0xFD,0xFF,
  0x49,0xD3,0xFE,0xFF,0x49,0xD2,0xFE,0xFF,0x46,0xCE,0xFD,0xFF,
  0x47,0xD4,0xFF,0xFF,0x3B,0x9F,0xDD,0xFE,0x2B,0x66,0xB4,0xFE,
  0x1F,0x3C,0x8B,0xE4,0x14,0x1E,0x71,0xC3,0x29,0x37,0x7C,0x25,
  0x55,0x55,0x55,0x03,0x00,0x00,0x7F,0x02,0x00,0x00,0x00,0x00,
  0x00,0x00,0x00,0x00,0x00,0x00,0x00,0x00,0x00,0x00,0x00,0x00,
  0x00,0x00,0x00,0x00,0x00,0x00,0x00,0x00,0x00,0x00,0x00,0x00,
  0x00,0x00,0x00,0x00,0x00,0x00,0x00,0x00,0x00,0x00,0x00,0x00,
  0x00,0x00,0x00,0x00,0x00,0x00,0x00,0x00,0x00,0x00,0x00,0x00,
  0x00,0x00,0x00,0x00,0x00,0x00,0x00,0x00,0x00,0x00,0x00,0x00,
  0x00,0x00,0x00,0x00,0x00,0x00,0x00,0x00,0x00,0x00,0x00,0x00,
  0x00,0x00,0x00,0x00,0x00,0x00,0x00,0x00,0x00,0x00,0x00,0x00,
  0x00,0x00,0x00,0x00,0x00,0x00,0x00,0x00,0x00,0x00,0x00,0x00,
  0x00,0x00,0x00,0x00,0x00,0x00,0x00,0x00,0x00,0x00,0x00,0x00,
  0x00,0x00,0x00,0x00,0x00,0x00,0x00,0x00,0x00,0x00,0x00,0x00,
  0x00,0x00,0x00,0x00,0x00,0x00,0x00,0x00,0x00,0x00,0x00,0x00,
  0x00,0x00,0x00,0x00,0x00,0x00,0x00,0x00,0x00,0x00,0x00,0x00,
  0x00,0x00,0x00,0x00,0x00,0x00,0x00,0x00,0x00,0x00,0x00,0x00,
  0x00,0x00,0x00,0x00,0x00,0x00,0x00,0x00,0x00,0x00,0x00,0x00,
  0x00,0x00,0x00,0x00,0x00,0x00,0x00,0x00,0x00,0x00,0x00,0x00,
  0x00,0x00,0x00,0x00,0x00,0x00,0x00,0x00,0x00,0x00,0x00,0x00,
  0x00,0x00,0x00,0x00,0x00,0x00,0x00,0x00,0x00,0x00,0x00,0x00,
  0x00,0x00,0x00,0x00,0x00,0x00,0x00,0x00,0x00,0x00,0x00,0x00,
  0x00,0x00,0x00,0x00,0x00,0x00,0x00,0x00,0x00,0x00,0x00,0x00,
  0x00,0x00,0x00,0x00,0x00,0x00,0x00,0x00,0x00,0x00,0x00,0x00,
  0x00,0x00,0x00,0x01,0x00,0x00,0x00,0x00,0x3A,0x4E,0x9C,0x0D,
  0x11,0x1C,0x6B,0xEE,0x14,0x2A,0x94,0xFC,0x1D,0x3D,0xB5,0xFB,
  0x19,0x34,0xB0,0xFF,0x24,0x58,0xC3,0xFF,0x45,0xCC,0xFE,0xFF,
  0x40,0xC8,0xFE,0xFF,0x3D,0xC5,0xFE,0xFF,0x3C,0xC3,0xFD,0xFF,
  0x3C,0xC3,0xFD,0xFF,0x39,0xC1,0xFD,0xFF,0x38,0xC1,0xFD,0xFF,
  0x39,0xC0,0xFE,0xFF,0x37,0xBE,0xFE,0xFF,0x37,0xBE,0xFE,0xFF,
  0x36,0xBD,0xFE,0xFF,0x33,0xB8,0xFE,0xFF,0x29,0xA3,0xFD,0xFF,
  0x1F,0x90,0xFD,0xFF,0x1E,0x8C,0xFD,0xFF,0x41,0xC6,0xFD,0xFF,
  0x47,0xD0,0xFD,0xFF,0x42,0xCA,0xFE,0xFF,0x39,0xC2,0xFE,0xFF,
  0x22,0x9C,0xFE,0xFF,0x16,0x8C,0xFD,0xFF,0x3E,0xB0,0xFA,0xFF,
  0x6C,0xDD,0xFD,0xFF,0x65,0xD6,0xFD,0xFF,0x74,0xE7,0xFE,0xFF,
  0x7D,0xEE,0xFE,0xFF,0x7F,0xED,0xFE,0xFF,0x6B,0xDF,0xFD,0xFF,
  0x5F,0xDA,0xFD,0xFF,0x70,0xEA,0xFE,0xFF,0x66,0xE2,0xFE,0xFF,
  0x4F,0xCC,0xFD,0xFF,0x26,0x9F,0xFE,0xFF,0x24,0x9D,0xFE,0xFF,
  0x24,0x9F,0xFD,0xFF,0x24,0xA0,0xFD,0xFF,0x24,0xA2,0xFD,0xFF,
  0x26,0xA0,0xFE,0xFF,0x2A,0xA4,0xFD,0xFF,0x48,0xC0,0xFB,0xFF,
  0x72,0xE8,0xFE,0xFF,0x75,0xEB,0xFE,0xFF,0x73,0xE7,0xFD,0xFF,
  0x67,0xE2,0xFF,0xFF,0x47,0xD1,0xFF,0xFF,0x48,0xD7,0xFF,0xFF,
  0x4A,0xC2,0xF4,0xFD,0x14,0x2F,0x8E,0xFF,0x19,0x2C,0x7E,0xD2,
  0x5C,0x65,0x95,0x3A,0x38,0x49,0x88,0x2D,0x00,0x00,0x00,0x00,
  0x00,0x00,0x00,0x00,0x00,0x00,0x00,0x00,0x00,0x00,0x00,0x00,
  0x00,0x00,0x00,0x00,0x00,0x00,0x00,0x00,0x00,0x00,0x00,0x00,
  0x55,0x55,0x55,0x03,0x00,0x00,0x00,0x00,0x35,0x40,0x81,0x43,
  0x0E,0x19,0x6A,0xFC,0x0F,0x22,0x85,0xFD,0x1A,0x39,0xB2,0xFF,
  0x19,0x37,0xAE,0xFF,0x1A,0x38,0xB0,0xFF,0x1A,0x3A,0xB2,0xFF,
  0x10,0x28,0xA8,0xFF,0x5A,0xAA,0xE0,0xFF,0x83,0xF7,0xFF,0xFF,
  0x79,0xE7,0xFD,0xFF,0x7B,0xEA,0xFE,0xFF,0x7B,0xEA,0xFE,0xFF,
  0x7B,0xEA,0xFE,0xFF,0x7B,0xEA,0xFE,0xFF,0x7C,0xE9,0xFE,0xFF,
  0x84,0xF0,0xFD,0xFF,0x55,0xCF,0xFE,0xFF,0x27,0xA9,0xFE,0xFF,
  0x2F,0xAF,0xFE,0xFF,0x2F,0xB0,0xFE,0xFF,0x2E,0xAF,0xFE,0xFF,
  0x31,0xB2,0xFD,0xFF,0x3B,0xC1,0xFE,0xFF,0x44,0xCC,0xFE,0xFF,
  0x49,0xD1,0xFC,0xFF,0x4E,0xDF,0xFF,0xFF,0x33,0x7C,0xC2,0xFA,
  0x04,0x07,0x75,0xFC,0x37,0x44,0x84,0x7B,0x05,0x05,0x01,0x00,
  0x00,0x00,0x7F,0x04,0x00,0x00,0x00,0x00,0x00,0x00,0x00,0x00,
  0x00,0x00,0x00,0x00,0x00,0x00,0x00,0x00,0x00,0x00,0x00,0x00,
  0x00,0x00,0x00,0x00,0x00,0x00,0x00,0x00,0x00,0x00,0x00,0x00,
  0x00,0x00,0x00,0x00,0x00,0x00,0x00,0x00,0x00,0x00,0x00,0x00,
  0x00,0x00,0x00,0x00,0x00,0x00,0x00,0x00,0x00,0x00,0x00,0x00,
  0x00,0x00,0x00,0x00,0x00,0x00,0x00,0x00,0x00,0x00,0x00,0x00,
  0x00,0x00,0x00,0x00,0x00,0x00,0x00,0x00,0x00,0x00,0x00,0x00,
  0x00,0x00,0x00,0x00,0x00,0x00,0x00,0x00,0x00,0x00,0x00,0x00,
  0x00,0x00,0x00,0x00,0x00,0x00,0x00,0x00,0x00,0x00,0x00,0x00,
  0x00,0x00,0x00,0x00,0x00,0x00,0x00,0x00,0x00,0x00,0x00,0x00,
  0x00,0x00,0x00,0x00,0x00,0x00,0x00,0x00,0x00,0x00,0x00,0x00,
  0x00,0x00,0x00,0x00,0x00,0x00,0x00,0x00,0x00,0x00,0x00,0x00,
  0x00,0x00,0x00,0x00,0x00,0x00,0x00,0x00,0x00,0x00,0x00,0x00,
  0x00,0x00,0x00,0x00,0x00,0x00,0x00,0x00,0x00,0x00,0x00,0x00,
  0x00,0x00,0x00,0x00,0x00,0x00,0x00,0x00,0x00,0x00,0x00,0x00,
  0x00,0x00,0x00,0x00,0x00,0x00,0x00,0x00,0x00,0x00,0x00,0x00,
  0x00,0x00,0x00,0x00,0x00,0x00,0x00,0x00,0x00,0x00,0x00,0x00,
  0x00,0x00,0x00,0x00,0x00,0x00,0x00,0x00,0x00,0x00,0x00,0x00,
  0x00,0x00,0x00,0x00,0x00,0x00,0x00,0x00,0x00,0x00,0x00,0x00,
  0x00,0x00,0x00,0x00,0x00,0x00,0x00,0x00,0x00,0x00,0x00,0x00,
  0x00,0x00,0x00,0x00,0x00,0x00,0x00,0x00,0x00,0x00,0x00,0x00,
  0x00,0x00,0x00,0x00,0x00,0x00,0x00,0x01,0x00,0x00,0x00,0x00,
  0x27,0x3A,0x75,0x0D,0x08,0x13,0x67,0xEF,0x13,0x2A,0x98,0xFF,
  0x1D,0x3F,0xB7,0xFE,0x18,0x33,0xAF,0xFF,0x24,0x56,0xC0,0xFF,
  0x43,0xC8,0xFB,0xFF,0x40,0xC5,0xFD,0xFF,0x3F,0xC5,0xFE,0xFF,
  0x3D,0xC3,0xFD,0xFF,0x3C,0xC2,0xFD,0xFF,0x3A,0xC2,0xFD,0xFF,
  0x3A,0xC2,0xFD,0xFF,0x39,0xC1,0xFE,0xFF,0x37,0xBE,0xFE,0xFF,
  0x36,0xBD,0xFE,0xFF,0x37,0xBF,0xFE,0xFF,0x31,0xB2,0xFE,0xFF,
  0x1C,0x89,0xFD,0xFF,0x1C,0x8B,0xFD,0xFF,0x1D,0x8B,0xFD,0xFF,
  0x3F,0xC2,0xFD,0xFF,0x46,0xCE,0xFD,0xFF,0x41,0xC8,0xFD,0xFF,
  0x40,0xC8,0xFE,0xFF,0x3E,0xC8,0xFE,0xFF,0x26,0x9F,0xFD,0xFF,
  0x1F,0x91,0xFD,0xFF,0x1F,0x93,0xFD,0xFF,0x1B,0x8F,0xFD,0xFF,
  0x57,0xCC,0xFC,0xFF,0x78,0xEA,0xFD,0xFF,0x74,0xE6,0xFD,0xFF,
  0x7B,0xED,0xFE,0xFF,0x77,0xEB,0xFE,0xFF,0x79,0xEE,0xFE,0xFF,
  0x55,0xCC,0xFD,0xFF,0x1C,0x95,0xFE,0xFF,0x26,0xA0,0xFD,0xFF,
  0x24,0x9F,0xFD,0xFF,0x24,0x9F,0xFD,0xFF,0x24,0x9F,0xFD,0xFF,
  0x26,0xA0,0xFD,0xFF,0x22,0x9B,0xFE,0xFF,0x2D,0xA6,0xFC,0xFF,
  0x75,0xEA,0xFD,0xFF,0x75,0xEB,0xFE,0xFF,0x73,0xE9,0xFE,0xFF,
  0x77,0xEC,0xFE,0xFF,0x6E,0xE6,0xFD,0xFF,0x40,0xC6,0xFC,0xFF,
  0x40,0xC7,0xFC,0xFF,0x41,0xC4,0xF9,0xFF,0x48,0xCF,0xF9,0xFD,
  0x34,0x8A,0xCB,0xFC,0x10,0x16,0x75,0xFF,0x19,0x25,0x77,0xD2,
  0xD7,0xD7,0xB0,0x0D,0xFF,0xFF,0xFF,0x02,0x00,0x00,0x00,0x01,
  0x00,0x00,0x00,0x00,0x00,0x00,0x00,0x00,0x00,0x00,0x00,0x00,
  0x00,0x00,0x00,0x00,0x55,0x55,0x55,0x03,0x00,0x00,0x00,0x00,
  0x33,0x3E,0x7D,0x45,0x0C,0x15,0x68,0xFE,0x0F,0x23,0x87,0xFD,
  0x1E,0x3F,0xBA,0xFF,0x1A,0x39,0xB2,0xFF,0x19,0x38,0xB1,0xFF,
  0x1A,0x39,0xB2,0xFF,0x11,0x2D,0xAA,0xFF,0x59,0xAC,0xE2,0xFF,
  0x81,0xF6,0xFF,0xFF,0x7A,0xE7,0xFD,0xFF,0x7D,0xE9,0xFE,0xFF,
  0x7D,0xE9,0xFE,0xFF,0x7C,0xEA,0xFE,0xFF,0x7B,0xEA,0xFE,0xFF,
  0x7B,0xEA,0xFD,0xFF,0x81,0xEC,0xFB,0xFF,0x58,0xCC,0xFA,0xFF,
  0x2A,0xAA,0xFC,0xFF,0x30,0xB1,0xFC,0xFF,0x31,0xB3,0xFD,0xFF,
  0x30,0xB1,0xFD,0xFF,0x31,0xB1,0xFD,0xFF,0x2C,0xAC,0xFE,0xFF,
  0x3F,0xC4,0xFD,0xFF,0x53,0xD7,0xFC,0xFF,0x5B,0xE1,0xFF,0xFF,
  0x3A,0x82,0xC4,0xFD,0x0F,0x1C,0x84,0xFF,0x38,0x48,0x87,0x82,
  0x00,0x00,0x00,0x00,0x00,0x00,0x55,0x03,0x00,0x00,0x00,0x00,
  0x00,0x00,0x00,0x00,0x00,0x00,0x00,0x00,0x00,0x00,0x00,0x00,
  0x00,0x00,0x00,0x00,0x00,0x00,0x00,0x00,0x00,0x00,0x00,0x00,
  0x00,0x00,0x00,0x00,0x00,0x00,0x00,0x00,0x00,0x00,0x00,0x00,
  0x00,0x00,0x00,0x00,0x00,0x00,0x00,0x00,0x00,0x00,0x00,0x00,
  0x00,0x00,0x00,0x00,0x00,0x00,0x00,0x00,0x00,0x00,0x00,0x00,
  0x00,0x00,0x00,0x00,0x00,0x00,0x00,0x00,0x00,0x00,0x00,0x00,
  0x00,0x00,0x00,0x00,0x00,0x00,0x00,0x00,0x00,0x00,0x00,0x00,
  0x00,0x00,0x00,0x00,0x00,0x00,0x00,0x00,0x00,0x00,0x00,0x00,
  0x00,0x00,0x00,0x00,0x00,0x00,0x00,0x00,0x00,0x00,0x00,0x00,
  0x00,0x00,0x00,0x00,0x00,0x00,0x00,0x00,0x00,0x00,0x00,0x00,
  0x00,0x00,0x00,0x00,0x00,0x00,0x00,0x00,0x00,0x00,0x00,0x00,
  0x00,0x00,0x00,0x00,0x00,0x00,0x00,0x00,0x00,0x00,0x00,0x00,
  0x00,0x00,0x00,0x00,0x00,0x00,0x00,0x00,0x00,0x00,0x00,0x00,
  0x00,0x00,0x00,0x00,0x00,0x00,0x00,0x00,0x00,0x00,0x00,0x00,
  0x00,0x00,0x00,0x00,0x00,0x00,0x00,0x00,0x00,0x00,0x00,0x00,
  0x00,0x00,0x00,0x00,0x00,0x00,0x00,0x00,0x00,0x00,0x00,0x00,
  0x00,0x00,0x00,0x00,0x00,0x00,0x00,0x00,0x00,0x00,0x00,0x00,
  0x00,0x00,0x00,0x00,0x00,0x00,0x00,0x00,0x00,0x00,0x00,0x00,
  0x00,0x00,0x00,0x00,0x00,0x00,0x00,0x00,0x00,0x00,0x00,0x00,
  0x00,0x00,0x00,0x00,0x00,0x00,0x00,0x00,0x00,0x00,0x00,0x00,
  0x00,0x00,0x00,0x00,0x00,0x00,0x00,0x00,0x00,0x00,0x00,0x01,
  0x00,0x00,0x00,0x00,0x27,0x27,0x75,0x0D,0x09,0x14,0x66,0xEE,
  0x14,0x2B,0x97,0xFF,0x1D,0x3E,0xB5,0xFE,0x19,0x34,0xAE,0xFF,
  0x24,0x56,0xBF,0xFF,0x49,0xD3,0xFF,0xFF,0x44,0xCF,0xFF,0xFF,
  0x40,0xC6,0xFD,0xFF,0x3F,0xC4,0xFD,0xFF,0x3B,0xC2,0xFD,0xFF,
  0x3A,0xC2,0xFD,0xFF,0x3A,0xC2,0xFD,0xFF,0x38,0xC0,0xFE,0xFF,
  0x37,0xBF,0xFE,0xFF,0x37,0xBD,0xFE,0xFF,0x38,0xBE,0xFE,0xFF,
  0x32,0xB2,0xFE,0xFF,0x1C,0x8A,0xFD,0xFF,0x2E,0xAA,0xFD,0xFF,
  0x3F,0xC3,0xFE,0xFF,0x44,0xCB,0xFE,0xFF,0x43,0xCB,0xFD,0xFF,
  0x42,0xC9,0xFD,0xFF,0x41,0xC9,0xFD,0xFF,0x3E,0xC7,0xFE,0xFF,
  0x25,0x9D,0xFD,0xFF,0x1F,0x92,0xFD,0xFF,0x21,0x95,0xFD,0xFF,
  0x20,0x93,0xFD,0xFF,0x25,0x97,0xFC,0xFF,0x22,0x92,0xFC,0xFF,
  0x42,0xB5,0xFA,0xFF,0x79,0xED,0xFE,0xFF,0x73,0xE8,0xFE,0xFF,
  0x78,0xEE,0xFE,0xFF,0x67,0xDE,0xFD,0xFF,0x33,0xB0,0xFD,0xFF,
  0x22,0x9E,0xFD,0xFF,0x25,0xA1,0xFD,0xFF,0x24,0xA0,0xFD,0xFF,
  0x26,0xA1,0xFD,0xFF,0x24,0x9E,0xFE,0xFF,0x39,0xB4,0xFD,0xFF,
  0x58,0xD1,0xFD,0xFF,0x72,0xE8,0xFE,0xFF,0x74,0xEA,0xFE,0xFF,
  0x75,0xEA,0xFE,0xFF,0x79,0xEC,0xFE,0xFF,0x70,0xE7,0xFE,0xFF,
  0x43,0xCA,0xFD,0xFF,0x43,0xCA,0xFD,0xFF,0x41,0xC7,0xFD,0xFF,
  0x3B,0xC6,0xFF,0xFF,0x40,0xBC,0xF3,0xFE,0x41,0xAD,0xE2,0xFE,
  0x33,0x77,0xBC,0xF5,0x14,0x1B,0x73,0xD8,0x33,0x45,0x86,0x37,
  0x00,0x00,0x00,0x00,0x00,0x00,0x55,0x03,0x00,0x00,0x00,0x00,
  0x00,0x00,0x00,0x00,0x00,0x00,0x00,0x00,0x00,0x55,0x55,0x03,
  0x00,0x00,0x00,0x00,0x2D,0x36,0x75,0x3D,0x10,0x1A,0x6A,0xFF,
  0x0E,0x1D,0x7D,0xFF,0x15,0x2C,0x96,0xFE,0x17,0x32,0xA4,0xFF,
  0x17,0x36,0xB2,0xFF,0x18,0x39,0xAD,0xFF,0x5F,0xB0,0xDF,0xFF,
  0x7A,0xE4,0xFA,0xFF,0x7B,0xEB,0xFE,0xFF,0x7C,0xE9,0xFE,0xFF,
  0x7D,0xE9,0xFE,0xFF,0x7D,0xE9,0xFE,0xFF,0x7C,0xE9,0xFE,0xFF,
  0x7A,0xE8,0xFC,0xFF,0x7E,0xF3,0xFF,0xFF,0x44,0x83,0xBB,0xFF,
  0x11,0x23,0x79,0xFF,0x31,0x8C,0xD8,0xFF,0x3B,0xC7,0xFF,0xFF,
  0x31,0xB1,0xFC,0xFF,0x30,0xAF,0xFB,0xFF,0x31,0xB2,0xFD,0xFF,
  0x30,0xAE,0xFC,0xFF,0x40,0xCA,0xFF,0xFF,0x4A,0xBA,0xE8,0xFD,
  0x1B,0x40,0x9B,0xFC,0x1D,0x37,0x87,0xD8,0x43,0x4D,0x8C,0x6D,
  0x5A,0x64,0x9A,0x30,0x00,0x00,0x00,0x01,0x00,0x7F,0x7F,0x02,
  0x00,0x00,0x00,0x00,0x00,0x00,0x00,0x00,0x00,0x00,0x00,0x00,
  0x00,0x00,0x00,0x00,0x00,0x00,0x00,0x00,0x00,0x00,0x00,0x00,
  0x00,0x00,0x00,0x00,0x00,0x00,0x00,0x00,0x00,0x00,0x00,0x00,
  0x00,0x00,0x00,0x00,0x00,0x00,0x00,0x00,0x00,0x00,0x00,0x00,
  0x00,0x00,0x00,0x00,0x00,0x00,0x00,0x00,0x00,0x00,0x00,0x00,
  0x00,0x00,0x00,0x00,0x00,0x00,0x00,0x00,0x00,0x00,0x00,0x00,
  0x00,0x00,0x00,0x00,0x00,0x00,0x00,0x00,0x00,0x00,0x00,0x00,
  0x00,0x00,0x00,0x00,0x00,0x00,0x00,0x00,0x00,0x00,0x00,0x00,
  0x00,0x00,0x00,0x00,0x00,0x00,0x00,0x00,0x00,0x00,0x00,0x00,
  0x00,0x00,0x00,0x00,0x00,0x00,0x00,0x00,0x00,0x00,0x00,0x00,
  0x00,0x00,0x00,0x00,0x00,0x00,0x00,0x00,0x00,0x00,0x00,0x00,
  0x00,0x00,0x00,0x00,0x00,0x00,0x00,0x00,0x00,0x00,0x00,0x00,
  0x00,0x00,0x00,0x00,0x00,0x00,0x00,0x00,0x00,0x00,0x00,0x00,
  0x00,0x00,0x00,0x00,0x00,0x00,0x00,0x00,0x00,0x00,0x00,0x00,
  0x00,0x00,0x00,0x00,0x00,0x00,0x00,0x00,0x00,0x00,0x00,0x00,
  0x00,0x00,0x00,0x00,0x00,0x00,0x00,0x00,0x00,0x00,0x00,0x00,
  0x00,0x00,0x00,0x00,0x00,0x00,0x00,0x00,0x00,0x00,0x00,0x00,
  0x00,0x00,0x00,0x00,0x00,0x00,0x00,0x00,0x00,0x00,0x00,0x00,
  0x00,0x00,0x00,0x00,0x00,0x00,0x00,0x00,0x00,0x00,0x00,0x00,
  0x00,0x00,0x00,0x00,0x00,0x00,0x00,0x00,0x00,0x00,0x00,0x00,
  0x00,0x00,0x00,0x00,0x00,0x00,0x00,0x00,0x00,0x00,0x00,0x00,
  0x00,0x00,0x00,0x01,0x00,0x00,0x00,0x00,0x3A,0x3A,0x89,0x0D,
  0x0B,0x15,0x65,0xEF,0x13,0x29,0x94,0xFF,0x1E,0x3E,0xB5,0xFE,
  0x19,0x34,0xAE,0xFF,0x24,0x52,0xBA,0xFF,0x42,0xB1,0xEA,0xFF,
  0x3F,0xB1,0xEE,0xFF,0x43,0xCB,0xFF,0xFF,0x41,0xCB,0xFF,0xFF,
  0x3F,0xC8,0xFF,0xFF,0x3B,0xC3,0xFD,0xFF,0x39,0xC1,0xFD,0xFF,
  0x39,0xC0,0xFE,0xFF,0x38,0xBF,0xFE,0xFF,0x38,0xC0,0xFE,0xFF,
  0x2B,0xA9,0xFE,0xFF,0x21,0x93,0xFD,0xFF,0x1B,0x89,0xFD,0xFF,
  0x36,0xB5,0xFD,0xFF,0x49,0xD5,0xFE,0xFF,0x45,0xCC,0xFD,0xFF,
  0x44,0xCA,0xFD,0xFF,0x42,0xC9,0xFD,0xFF,0x42,0xC9,0xFD,0xFF,
  0x3C,0xC4,0xFE,0xFF,0x26,0x9E,0xFD,0xFF,0x20,0x93,0xFD,0xFF,
  0x20,0x94,0xFD,0xFF,0x20,0x95,0xFD,0xFF,0x2A,0xA3,0xFD,0xFF,
  0x29,0xA0,0xFD,0xFF,0x34,0xB2,0xFC,0xFF,0x42,0xC7,0xFD,0xFF,
  0x4B,0xCA,0xFD,0xFF,0x70,0xE5,0xFD,0xFF,0x78,0xED,0xFD,0xFF,
  0x51,0xCC,0xFD,0xFF,0x1E,0x9C,0xFD,0xFF,0x24,0xA2,0xFE,0xFF,
  0x23,0xA1,0xFE,0xFF,0x21,0x9D,0xFD,0xFF,0x1A,0x96,0xFD,0xFF,
  0x4A,0xC3,0xFE,0xFF,0x7F,0xF4,0xFE,0xFF,0x73,0xE9,0xFE,0xFF,
  0x75,0xEA,0xFE,0xFF,0x76,0xEA,0xFE,0xFF,0x7C,0xED,0xFE,0xFF,
  0x6F,0xE4,0xFE,0xFF,0x35,0xB7,0xFD,0xFF,0x40,0xC7,0xFE,0xFF,
  0x40,0xC8,0xFD,0xFF,0x25,0xA2,0xFC,0xFF,0x34,0xB8,0xFD,0xFF,
  0x4B,0xE0,0xFF,0xFF,0x35,0x90,0xD0,0xFF,0x07,0x0F,0x75,0xFF,
  0x1E,0x31,0x75,0x43,0x00,0x00,0x00,0x00,0x00,0x00,0x55,0x03,
  0x00,0x00,0x00,0x00,0x00,0x00,0x00,0x00,0x00,0x00,0x00,0x00,
  0x00,0x00,0x00,0x01,0x00,0x00,0x00,0x00,0x27,0x27,0x75,0x0D,
  0x4E,0x5A,0x91,0x41,0x29,0x33,0x79,0xA0,0x09,0x13,0x69,0xFF,
  0x12,0x29,0x93,0xFD,0x19,0x3A,0xB6,0xFF,0x19,0x38,0xAE,0xFF,
  0x71,0xCF,0xEF,0xFF,0x80,0xF3,0xFF,0xFF,0x7A,0xE8,0xFD,0xFF,
  0x7C,0xEA,0xFE,0xFF,0x7C,0xEA,0xFE,0xFF,0x7C,0xEA,0xFE,0xFF,
  0x7B,0xEA,0xFE,0xFF,0x7A,0xE8,0xFC,0xFF,0x7F,0xF5,0xFF,0xFF,
  0x32,0x66,0xA8,0xFF,0x00,0x00,0x58,0xFE,0x1D,0x41,0x91,0xFC,
  0x25,0x5E,0xAC,0xFC,0x33,0xA7,0xF2,0xFF,0x31,0xBB,0xFF,0xFF,
  0x39,0xBC,0xFD,0xFF,0x42,0xC7,0xFC,0xFF,0x4A,0xD5,0xFF,0xFF,
  0x44,0xAB,0xE0,0xFD,0x08,0x14,0x81,0xFF,0x10,0x1A,0x6F,0xCC,
  0x01,0x00,0x00,0x00,0x00,0x00,0x00,0x00,0x00,0x00,0x00,0x01,
  0x00,0x00,0x00,0x00,0x00,0x00,0x00,0x00,0x00,0x00,0x00,0x00,
  0x00,0x00,0x00,0x00,0x00,0x00,0x00,0x00,0x00,0x00,0x00,0x00,
  0x00,0x00,0x00,0x00,0x00,0x00,0x00,0x00,0x00,0x00,0x00,0x00,
  0x00,0x00,0x00,0x00,0x00,0x00,0x00,0x00,0x00,0x00,0x00,0x00,
  0x00,0x00,0x00,0x00,0x00,0x00,0x00,0x00,0x00,0x00,0x00,0x00,
  0x00,0x00,0x00,0x00,0x00,0x00,0x00,0x00,0x00,0x00,0x00,0x00,
  0x00,0x00,0x00,0x00,0x00,0x00,0x00,0x00,0x00,0x00,0x00,0x00,
  0x00,0x00,0x00,0x00,0x00,0x00,0x00,0x00,0x00,0x00,0x00,0x00,
  0x00,0x00,0x00,0x00,0x00,0x00,0x00,0x00,0x00,0x00,0x00,0x00,
  0x00,0x00,0x00,0x00,0x00,0x00,0x00,0x00,0x00,0x00,0x00,0x00,
  0x00,0x00,0x00,0x00,0x00,0x00,0x00,0x00,0x00,0x00,0x00,0x00,
  0x00,0x00,0x00,0x00,0x00,0x00,0x00,0x00,0x00,0x00,0x00,0x00,
  0x00,0x00,0x00,0x00,0x00,0x00,0x00,0x00,0x00,0x00,0x00,0x00,
  0x00,0x00,0x00,0x00,0x00,0x00,0x00,0x00,0x00,0x00,0x00,0x00,
  0x00,0x00,0x00,0x00,0x00,0x00,0x00,0x00,0x00,0x00,0x00,0x00,
  0x00,0x00,0x00,0x00,0x00,0x00,0x00,0x00,0x00,0x00,0x00,0x00,
  0x00,0x00,0x00,0x00,0x00,0x00,0x00,0x00,0x00,0x00,0x00,0x00,
  0x00,0x00,0x00,0x00,0x00,0x00,0x00,0x00,0x00,0x00,0x00,0x00,
  0x00,0x00,0x00,0x00,0x00,0x00,0x00,0x00,0x00,0x00,0x00,0x00,
  0x00,0x00,0x00,0x00,0x00,0x00,0x00,0x00,0x00,0x00,0x00,0x00,
  0x00,0x00,0x00,0x00,0x00,0x00,0x00,0x00,0x00,0x00,0x00,0x00,
  0x00,0x00,0x00,0x00,0x00,0x00,0x00,0x01,0x00,0x00,0x00,0x00,
  0x3A,0x3A,0x89,0x0D,0x0D,0x15,0x64,0xEF,0x13,0x29,0x93,0xFF,
  0x1E,0x3F,0xB7,0xFE,0x1C,0x3B,0xB2,0xFF,0x1B,0x3A,0xB0,0xFF,
  0x19,0x35,0xA9,0xFF,0x1F,0x4B,0xB6,0xFF,0x3F,0xB7,0xF2,0xFF,
  0x3F,0xBA,0xF4,0xFF,0x3E,0xBC,0xF7,0xFF,0x3C,0xC6,0xFE,0xFF,
  0x3A,0xC3,0xFD,0xFF,0x38,0xC0,0xFE,0xFF,0x37,0xBE,0xFE,0xFF,
  0x37,0xBE,0xFE,0xFF,0x28,0xA5,0xFD,0xFF,0x1E,0x8F,0xFD,0xFF,
  0x19,0x85,0xFD,0xFF,0x34,0xB0,0xFD,0xFF,0x48,0xD2,0xFE,0xFF,
  0x45,0xCB,0xFD,0xFF,0x44,0xCB,0xFD,0xFF,0x43,0xCA,0xFD,0xFF,
  0x33,0xB2,0xFD,0xFF,0x23,0x9A,0xFE,0xFF,0x23,0x97,0xFD,0xFF,
  0x23,0x96,0xFD,0xFF,0x22,0x94,0xFD,0xFF,0x23,0x9B,0xFD,0xFF,
  0x41,0xC9,0xFD,0xFF,0x44,0xCD,0xFD,0xFF,0x3F,0xC8,0xFE,0xFF,
  0x3D,0xC5,0xFE,0xFF,0x2E,0xAA,0xFC,0xFF,0x28,0x9B,0xFB,0xFF,
  0x2B,0x9B,0xF8,0xFF,0x48,0xC8,0xFC,0xFF,0x40,0xC4,0xFE,0xFF,
  0x28,0xA7,0xFE,0xFF,0x29,0xA8,0xFE,0xFF,0x37,0xB3,0xFE,0xFF,
  0x33,0xAD,0xFE,0xFF,0x54,0xCA,0xFE,0xFF,0x78,0xED,0xFE,0xFF,
  0x74,0xEA,0xFE,0xFF,0x77,0xEA,0xFE,0xFF,0x78,0xEB,0xFE,0xFF,
  0x7D,0xF0,0xFE,0xFF,0x6C,0xE2,0xFE,0xFF,0x2C,0xAB,0xFE,0xFF,
  0x31,0xB2,0xFE,0xFF,0x31,0xB3,0xFE,0xFF,0x27,0xA3,0xFE,0xFF,
  0x34,0xB4,0xFA,0xFF,0x4C,0xDF,0xFF,0xFF,0x36,0x91,0xD0,0xFF,
  0x07,0x0E,0x71,0xFF,0x1D,0x2C,0x6E,0x45,0x00,0x00,0x00,0x00,
  0x00,0x00,0x55,0x03,0x00,0x00,0x00,0x00,0x00,0x00,0x00,0x00,
  0x00,0x00,0x00,0x00,0x00,0x00,0x00,0x00,0x00,0x00,0x00,0x01,
  0x00,0x00,0x7F,0x02,0x00,0x00,0x00,0x00,0x2F,0x38,0x7A,0x6C,
  0x0E,0x1B,0x75,0xFF,0x0E,0x1E,0x7B,0xFC,0x0E,0x21,0x81,0xFF,
  0x10,0x23,0x85,0xFF,0x69,0xC4,0xE7,0xFF,0x7D,0xEF,0xFE,0xFF,
  0x79,0xE7,0xFD,0xFF,0x7B,0xE9,0xFD,0xFF,0x7D,0xEB,0xFD,0xFF,
  0x7B,0xEA,0xFE,0xFF,0x7A,0xE8,0xFC,0xFF,0x7E,0xF1,0xFE,0xFF,
  0x55,0xA5,0xD3,0xFF,0x0F,0x20,0x77,0xFF,0x0C,0x18,0x6E,0xFF,
  0x0B,0x14,0x6E,0xFF,0x0B,0x10,0x6A,0xFF,0x25,0x6A,0xBA,0xFC,
  0x2D,0x87,0xD3,0xFD,0x39,0xB7,0xF6,0xFF,0x46,0xD3,0xFF,0xFE,
  0x2D,0x74,0xBD,0xFD,0x1E,0x38,0x8C,0xE8,0x33,0x47,0x8D,0x67,
  0x2D,0x39,0x81,0x43,0x66,0x66,0x66,0x05,0x00,0x7F,0x7F,0x02,
  0x00,0x00,0x00,0x00,0x00,0x00,0x00,0x00,0x00,0x00,0x00,0x00,
  0x00,0x00,0x00,0x00,0x00,0x00,0x00,0x00,0x00,0x00,0x00,0x00,
  0x00,0x00,0x00,0x00,0x00,0x00,0x00,0x00,0x00,0x00,0x00,0x00,
  0x00,0x00,0x00,0x00,0x00,0x00,0x00,0x00,0x00,0x00,0x00,0x00,
  0x00,0x00,0x00,0x00,0x00,0x00,0x00,0x00,0x00,0x00,0x00,0x00,
  0x00,0x00,0x00,0x00,0x00,0x00,0x00,0x00,0x00,0x00,0x00,0x00,
  0x00,0x00,0x00,0x00,0x00,0x00,0x00,0x00,0x00,0x00,0x00,0x00,
  0x00,0x00,0x00,0x00,0x00,0x00,0x00,0x00,0x00,0x00,0x00,0x00,
  0x00,0x00,0x00,0x00,0x00,0x00,0x00,0x00,0x00,0x00,0x00,0x00,
  0x00,0x00,0x00,0x00,0x00,0x00,0x00,0x00,0x00,0x00,0x00,0x00,
  0x00,0x00,0x00,0x00,0x00,0x00,0x00,0x00,0x00,0x00,0x00,0x00,
  0x00,0x00,0x00,0x00,0x00,0x00,0x00,0x00,0x00,0x00,0x00,0x00,
  0x00,0x00,0x00,0x00,0x00,0x00,0x00,0x00,0x00,0x00,0x00,0x00,
  0x00,0x00,0x00,0x00,0x00,0x00,0x00,0x00,0x00,0x00,0x00,0x00,
  0x00,0x00,0x00,0x00,0x00,0x00,0x00,0x00,0x00,0x00,0x00,0x00,
  0x00,0x00,0x00,0x00,0x00,0x00,0x00,0x00,0x00,0x00,0x00,0x00,
  0x00,0x00,0x00,0x00,0x00,0x00,0x00,0x00,0x00,0x00,0x00,0x00,
  0x00,0x00,0x00,0x00,0x00,0x00,0x00,0x00,0x00,0x00,0x00,0x00,
  0x00,0x00,0x00,0x00,0x00,0x00,0x00,0x00,0x00,0x00,0x00,0x00,
  0x00,0x00,0x00,0x00,0x00,0x00,0x00,0x00,0x00,0x00,0x00,0x00,
  0x00,0x00,0x00,0x00,0x00,0x00,0x00,0x00,0x00,0x00,0x00,0x00,
  0x00,0x00,0x00,0x00,0x00,0x00,0x00,0x00,0x00,0x00,0x00,0x01,
  0x00,0x00,0x00,0x00,0x3A,0x4E,0x89,0x0D,0x0E,0x16,0x64,0xEF,
  0x13,0x27,0x8F,0xFF,0x1C,0x3B,0xB0,0xFE,0x1B,0x39,0xAD,0xFF,
  0x1B,0x38,0xAF,0xFF,0x1A,0x36,0xAD,0xFF,0x1B,0x38,0xAE,0xFF,
  0x1E,0x44,0xB2,0xFF,0x1C,0x3A,0xAC,0xFF,0x2C,0x72,0xCB,0xFF,
  0x41,0xCA,0xFF,0xFF,0x3C,0xC0,0xFD,0xFF,0x39,0xBF,0xFD,0xFF,
  0x36,0xBD,0xFE,0xFF,0x35,0xBE,0xFE,0xFF,0x27,0xA1,0xFD,0xFF,
  0x1E,0x8D,0xFD,0xFF,0x31,0xAC,0xFC,0xFF,0x40,0xC6,0xFD,0xFF,
  0x46,0xCF,0xFE,0xFF,0x45,0xCC,0xFD,0xFF,0x44,0xCB,0xFD,0xFF,
  0x45,0xCE,0xFD,0xFF,0x2D,0xAA,0xFE,0xFF,0x1E,0x91,0xFE,0xFF,
  0x20,0x94,0xFD,0xFF,0x22,0x96,0xFD,0xFF,0x20,0x91,0xFD,0xFF,
  0x27,0xA2,0xFD,0xFF,0x40,0xCA,0xFE,0xFF,0x3E,0xC7,0xFE,0xFF,
  0x3F,0xC5,0xFE,0xFF,0x3F,0xC7,0xFE,0xFF,0x28,0xA2,0xFD,0xFF,
  0x1B,0x8B,0xFD,0xFF,0x1D,0x8A,0xFB,0xFF,0x48,0xC9,0xFC,0xFF,
  0x59,0xE1,0xFE,0xFF,0x32,0xB7,0xFE,0xFF,0x3F,0xBE,0xFE,0xFF,
  0x80,0xF4,0xFE,0xFF,0x7D,0xF1,0xFE,0xFF,0x77,0xEC,0xFE,0xFF,
  0x76,0xEB,0xFE,0xFF,0x77,0xEB,0xFE,0xFF,0x81,0xF1,0xFE,0xFF,
  0x5E,0xD7,0xFD,0xFF,0x38,0xB7,0xFD,0xFF,0x3A,0xB8,0xFD,0xFF,
  0x2B,0xAC,0xFE,0xFF,0x2A,0xAD,0xFE,0xFF,0x28,0xA9,0xFD,0xFF,
  0x2A,0xA6,0xFD,0xFF,0x37,0xC0,0xFF,0xFF,0x36,0x92,0xD4,0xFE,
  0x1E,0x40,0x92,0xF6,0x1E,0x27,0x75,0xAA,0x31,0x3F,0x78,0x24,
  0x00,0x00,0x00,0x00,0x00,0x00,0xFF,0x01,0x00,0x00,0x00,0x00,
  0x00,0x00,0x00,0x00,0x00,0x00,0x55,0x03,0x00,0x00,0xFF,0x01,
  0x02,0x02,0x00,0x00,0xC4,0xD7,0xD7,0x0D,0x26,0x2E,0x6D,0x85,
  0x19,0x23,0x6E,0xC7,0x0B,0x16,0x6C,0xFF,0x0A,0x14,0x66,0xFE,
  0x07,0x11,0x61,0xFF,0x0B,0x17,0x68,0xFF,0x6D,0xCA,0xE7,0xFF,
  0x85,0xF8,0xFF,0xFF,0x80,0xEF,0xFF,0xFF,0x80,0xEE,0xFF,0xFF,
  0x7B,0xE9,0xFC,0xFF,0x7B,0xEC,0xFE,0xFF,0x79,0xE8,0xFC,0xFF,
  0x86,0xFF,0xFF,0xFF,0x4C,0x93,0xC5,0xFD,0x00,0x05,0x64,0xFE,
  0x17,0x23,0x6F,0xD7,0x30,0x3C,0x7E,0x7F,0x2D,0x3C,0x81,0xAA,
  0x0E,0x13,0x6A,0xFF,0x11,0x22,0x7D,0xFF,0x3C,0xB7,0xF7,0xFF,
  0x4B,0xDE,0xFF,0xFD,0x21,0x5A,0xAE,0xFF,0x11,0x13,0x6D,0xED,
  0xFF,0xFF,0xFF,0x01,0x00,0x00,0x00,0x00,0x00,0x00,0xFF,0x01,
  0x00,0x00,0x00,0x00,0x00,0x00,0x00,0x00,0x00,0x00,0x00,0x00,
  0x00,0x00,0x00,0x00,0x00,0x00,0x00,0x00,0x00,0x00,0x00,0x00,
  0x00,0x00,0x00,0x00,0x00,0x00,0x00,0x00,0x00,0x00,0x00,0x00,
  0x00,0x00,0x00,0x00,0x00,0x00,0x00,0x00,0x00,0x00,0x00,0x00,
  0x00,0x00,0x00,0x00,0x00,0x00,0x00,0x00,0x00,0x00,0x00,0x00,
  0x00,0x00,0x00,0x00,0x00,0x00,0x00,0x00,0x00,0x00,0x00,0x00,
  0x00,0x00,0x00,0x00,0x00,0x00,0x00,0x00,0x00,0x00,0x00,0x00,
  0x00,0x00,0x00,0x00,0x00,0x00,0x00,0x00,0x00,0x00,0x00,0x00,
  0x00,0x00,0x00,0x00,0x00,0x00,0x00,0x00,0x00,0x00,0x00,0x00,
  0x00,0x00,0x00,0x00,0x00,0x00,0x00,0x00,0x00,0x00,0x00,0x00,
  0x00,0x00,0x00,0x00,0x00,0x00,0x00,0x00,0x00,0x00,0x00,0x00,
  0x00,0x00,0x00,0x00,0x00,0x00,0x00,0x00,0x00,0x00,0x00,0x00,
  0x00,0x00,0x00,0x00,0x00,0x00,0x00,0x00,0x00,0x00,0x00,0x00,
  0x00,0x00,0x00,0x00,0x00,0x00,0x00,0x00,0x00,0x00,0x00,0x00,
  0x00,0x00,0x00,0x00,0x00,0x00,0x00,0x00,0x00,0x00,0x00,0x00,
  0x00,0x00,0x00,0x00,0x00,0x00,0x00,0x00,0x00,0x00,0x00,0x00,
  0x00,0x00,0x00,0x00,0x00,0x00,0x00,0x00,0x00,0x00,0x00,0x00,
  0x00,0x00,0x00,0x00,0x00,0x00,0x00,0x00,0x00,0x00,0x00,0x00,
  0x00,0x00,0x00,0x00,0x00,0x00,0x00,0x00,0x00,0x00,0x00,0x00,
  0x00,0x00,0x00,0x00,0x00,0x00,0x00,0x00,0x00,0x00,0x00,0x00,
  0x00,0x00,0x00,0x00,0x00,0x00,0x00,0x00,0x00,0x00,0x00,0x00,
  0x00,0x00,0x00,0x00,0x00,0x00,0x00,0x00,0x00,0x00,0x00,0x00,
  0x00,0x00,0x00,0x01,0x00,0x00,0x00,0x00,0x3A,0x3A,0x75,0x0D,
  0x0F,0x17,0x66,0xEC,0x08,0x14,0x6D,0xFC,0x08,0x14,0x6B,0xFB,
  0x0E,0x1E,0x7C,0xFD,0x1E,0x3C,0xB6,0xFE,0x1B,0x39,0xB0,0xFE,
  0x19,0x36,0xAC,0xFF,0x19,0x34,0xAB,0xFF,0x17,0x31,0xA9,0xFF,
  0x1D,0x40,0xB0,0xFF,0x24,0x57,0xBD,0xFF,0x1F,0x4B,0xB7,0xFF,
  0x2B,0x7C,0xD3,0xFF,0x3A,0xC7,0xFF,0xFF,0x38,0xC2,0xFF,0xFF,
  0x28,0xA4,0xFE,0xFF,0x1D,0x8B,0xFC,0xFF,0x3F,0xC3,0xFD,0xFF,
  0x48,0xD3,0xFE,0xFF,0x44,0xCD,0xFE,0xFF,0x45,0xCC,0xFD,0xFF,
  0x44,0xCA,0xFD,0xFF,0x3A,0xBC,0xFD,0xFF,0x28,0xA4,0xFE,0xFF,
  0x20,0x94,0xFE,0xFF,0x20,0x95,0xFD,0xFF,0x1E,0x91,0xFD,0xFF,
  0x29,0xA5,0xFD,0xFF,0x3A,0xBF,0xFE,0xFF,0x40,0xC9,0xFE,0xFF,
  0x3F,0xC7,0xFE,0xFF,0x3F,0xC5,0xFE,0xFF,0x3A,0xC1,0xFE,0xFF,
  0x26,0x9E,0xFD,0xFF,0x26,0x99,0xFD,0xFF,0x2E,0xA9,0xFD,0xFF,
  0x4B,0xD0,0xFD,0xFF,0x53,0xDA,0xFE,0xFF,0x42,0xC9,0xFE,0xFF,
  0x43,0xC6,0xFE,0xFF,0x5D,0xD7,0xFD,0xFF,0x66,0xDC,0xFD,0xFF,
  0x75,0xEB,0xFE,0xFF,0x76,0xEA,0xFE,0xFF,0x7D,0xED,0xFE,0xFF,
  0x66,0xDC,0xFD,0xFF,0x3F,0xBC,0xFC,0xFF,0x22,0xA5,0xFD,0xFF,
  0x26,0xA9,0xFD,0xFF,0x28,0xAB,0xFD,0xFF,0x2A,0xAF,0xFE,0xFF,
  0x27,0xAA,0xFD,0xFF,0x2B,0xAF,0xFE,0xFF,0x24,0x6A,0xBB,0xFE,
  0x0F,0x27,0x8D,0xFF,0x0C,0x13,0x72,0xF5,0x85,0x9D,0x9D,0x15,
  0x00,0x00,0x00,0x00,0x00,0x00,0x7F,0x02,0x00,0x00,0xFF,0x01,
  0x00,0x3F,0x3F,0x04,0x00,0x24,0x6D,0x07,0x00,0x00,0x00,0x00,
  0x29,0x2D,0x6A,0x43,0x17,0x1F,0x67,0xC1,0x1A,0x23,0x69,0xC4,
  0x0B,0x14,0x63,0xFF,0x0E,0x1F,0x81,0xFF,0x16,0x2D,0x98,0xFF,
  0x14,0x2B,0x93,0xFF,0x12,0x28,0x8F,0xFF,0x0C,0x19,0x72,0xFF,
  0x26,0x49,0x91,0xFF,0x30,0x5A,0x9D,0xFF,0x2A,0x4F,0x96,0xFF,
  0x44,0x7E,0xB5,0xFF,0x85,0xFB,0xFF,0xFF,0x7C,0xED,0xFF,0xFF,
  0x7C,0xE7,0xFB,0xFF,0x48,0x80,0xB5,0xFF,0x20,0x3D,0x8A,0xFB,
  0x0B,0x16,0x72,0xFF,0x1E,0x29,0x71,0xAD,0x00,0x00,0x00,0x00,
  0x4E,0x62,0x75,0x0D,0x2E,0x36,0x73,0x5D,0x1E,0x30,0x7E,0x99,
  0x21,0x4E,0xA3,0xFC,0x25,0x58,0xA7,0xFB,0x2C,0x49,0x90,0xC8,
  0x36,0x3F,0x7E,0x79,0x5B,0x6D,0xA3,0x0E,0x00,0x00,0x55,0x03,
  0x00,0x00,0x00,0x00,0x00,0x00,0x00,0x00,0x00,0x00,0x00,0x00,
  0x00,0x00,0x00,0x00,0x00,0x00,0x00,0x00,0x00,0x00,0x00,0x00,
  0x00,0x00,0x00,0x00,0x00,0x00,0x00,0x00,0x00,0x00,0x00,0x00,
  0x00,0x00,0x00,0x00,0x00,0x00,0x00,0x00,0x00,0x00,0x00,0x00,
  0x00,0x00,0x00,0x00,0x00,0x00,0x00,0x00,0x00,0x00,0x00,0x00,
  0x00,0x00,0x00,0x00,0x00,0x00,0x00,0x00,0x00,0x00,0x00,0x00,
  0x00,0x00,0x00,0x00,0x00,0x00,0x00,0x00,0x00,0x00,0x00,0x00,
  0x00,0x00,0x00,0x00,0x00,0x00,0x00,0x00,0x00,0x00,0x00,0x00,
  0x00,0x00,0x00,0x00,0x00,0x00,0x00,0x00,0x00,0x00,0x00,0x00,
  0x00,0x00,0x00,0x00,0x00,0x00,0x00,0x00,0x00,0x00,0x00,0x00,
  0x00,0x00,0x00,0x00,0x00,0x00,0x00,0x00,0x00,0x00,0x00,0x00,
  0x00,0x00,0x00,0x00,0x00,0x00,0x00,0x00,0x00,0x00,0x00,0x00,
  0x00,0x00,0x00,0x00,0x00,0x00,0x00,0x00,0x00,0x00,0x00,0x00,
  0x00,0x00,0x00,0x00,0x00,0x00,0x00,0x00,0x00,0x00,0x00,0x00,
  0x00,0x00,0x00,0x00,0x00,0x00,0x00,0x00,0x00,0x00,0x00,0x00,
  0x00,0x00,0x00,0x00,0x00,0x00,0x00,0x00,0x00,0x00,0x00,0x00,
  0x00,0x00,0x00,0x00,0x00,0x00,0x00,0x00,0x00,0x00,0x00,0x00,
  0x00,0x00,0x00,0x00,0x00,0x00,0x00,0x00,0x00,0x00,0x00,0x00,
  0x00,0x00,0x00,0x00,0x00,0x00,0x00,0x00,0x00,0x00,0x00,0x00,
  0x00,0x00,0x00,0x00,0x00,0x00,0x00,0x00,0x00,0x00,0x00,0x00,
  0x00,0x00,0x00,0x00,0x00,0x00,0x00,0x00,0x00,0x00,0x00,0x00,
  0x00,0x00,0x00,0x00,0x00,0x00,0x00,0x00,0x00,0x00,0x00,0x00,
  0x00,0x00,0x00,0x00,0x00,0x00,0x00,0x01,0x00,0x00,0x00,0x00,
  0x24,0x24,0x6D,0x0E,0x0E,0x17,0x66,0xFB,0x09,0x15,0x6E,0xFF,
  0x09,0x13,0x67,0xFF,0x09,0x15,0x6C,0xFF,0x10,0x22,0x87,0xFF,
  0x15,0x2E,0x9D,0xFF,0x1C,0x3B,0xB5,0xFF,0x1C,0x3C,0xB4,0xFF,
  0x1C,0x3C,0xB5,0xFF,0x1A,0x37,0xB1,0xFF,0x17,0x2F,0xA8,0xFF,
  0x16,0x2D,0xA6,0xFF,0x1C,0x41,0xB3,0xFF,0x25,0x61,0xC5,0xFF,
  0x25,0x5D,0xC2,0xFF,0x28,0x90,0xF1,0xFF,0x23,0x9E,0xFF,0xFF,
  0x3D,0xC2,0xFE,0xFF,0x48,0xD2,0xFE,0xFF,0x47,0xD0,0xFE,0xFF,
  0x46,0xCF,0xFE,0xFF,0x41,0xC8,0xFD,0xFF,0x25,0x9F,0xFE,0xFF,
  0x21,0x99,0xFE,0xFF,0x21,0x96,0xFD,0xFF,0x20,0x94,0xFD,0xFF,
  0x21,0x96,0xFD,0xFF,0x35,0xB8,0xFE,0xFF,0x42,0xCC,0xFE,0xFF,
  0x3E,0xC7,0xFE,0xFF,0x3F,0xC9,0xFE,0xFF,0x3E,0xC5,0xFE,0xFF,
  0x27,0x9C,0xFC,0xFF,0x1A,0x86,0xFD,0xFF,0x33,0xB0,0xFD,0xFF,
  0x50,0xDB,0xFD,0xFF,0x4E,0xD6,0xFD,0xFF,0x4F,0xD6,0xFD,0xFF,
  0x54,0xDC,0xFD,0xFF,0x3E,0xC2,0xFD,0xFF,0x21,0xA3,0xFE,0xFF,
  0x46,0xC1,0xFE,0xFF,0x80,0xF1,0xFE,0xFF,0x7A,0xED,0xFE,0xFF,
  0x6E,0xE1,0xFD,0xFF,0x33,0xB3,0xFC,0xFF,0x21,0xA4,0xFD,0xFF,
  0x29,0xAA,0xFD,0xFF,0x29,0xAC,0xFD,0xFF,0x29,0xAC,0xFD,0xFF,
  0x2A,0xAE,0xFE,0xFF,0x2B,0xAC,0xFD,0xFF,0x2E,0xB7,0xFF,0xFF,
  0x12,0x36,0x8D,0xFE,0x08,0x0E,0x6D,0xF0,0x19,0x29,0x79,0xCA,
  0x37,0x3F,0x77,0x20,0x00,0x00,0xFF,0x01,0x00,0x00,0x7F,0x02,
  0x00,0x00,0x00,0x00,0x00,0x00,0x00,0x00,0x02,0x02,0x00,0x00,
  0x24,0x2B,0x6E,0x76,0x0F,0x1A,0x6A,0xD5,0x11,0x23,0x84,0xFF,
  0x0F,0x21,0x84,0xFF,0x12,0x27,0x8C,0xFC,0x17,0x31,0xA3,0xFD,
  0x18,0x36,0xAF,0xFF,0x17,0x35,0xAB,0xFF,0x17,0x34,0xA8,0xFF,
  0x14,0x2D,0x99,0xFF,0x0F,0x22,0x91,0xFF,0x08,0x14,0x76,0xFF,
  0x02,0x09,0x6A,0xFF,0x12,0x27,0x7D,0xFF,0x42,0x7A,0xB1,0xFF,
  0x73,0xDB,0xF4,0xFF,0x82,0xF4,0xFF,0xFF,0x1C,0x35,0x83,0xFF,
  0x03,0x08,0x62,0xFE,0x3B,0x44,0x81,0x6C,0x34,0x39,0x79,0x2C,
  0x33,0x33,0x66,0x05,0x00,0x00,0xAA,0x03,0x00,0x00,0x00,0x00,
  0x17,0x23,0x78,0x57,0x09,0x15,0x7F,0xFF,0x09,0x14,0x7E,0xFF,
  0x23,0x29,0x6F,0x82,0x01,0x00,0x00,0x00,0x00,0x00,0x3F,0x04,
  0x00,0x00,0x00,0x00,0x00,0x00,0x00,0x00,0x00,0x00,0x00,0x00,
  0x00,0x00,0x00,0x00,0x00,0x00,0x00,0x00,0x00,0x00,0x00,0x00,
  0x00,0x00,0x00,0x00,0x00,0x00,0x00,0x00,0x00,0x00,0x00,0x00,
  0x00,0x00,0x00,0x00,0x00,0x00,0x00,0x00,0x00,0x00,0x00,0x00,
  0x00,0x00,0x00,0x00,0x00,0x00,0x00,0x00,0x00,0x00,0x00,0x00,
  0x00,0x00,0x00,0x00,0x00,0x00,0x00,0x00,0x00,0x00,0x00,0x00,
  0x00,0x00,0x00,0x00,0x00,0x00,0x00,0x00,0x00,0x00,0x00,0x00,
  0x00,0x00,0x00,0x00,0x00,0x00,0x00,0x00,0x00,0x00,0x00,0x00,
  0x00,0x00,0x00,0x00,0x00,0x00,0x00,0x00,0x00,0x00,0x00,0x00,
  0x00,0x00,0x00,0x00,0x00,0x00,0x00,0x00,0x00,0x00,0x00,0x00,
  0x00,0x00,0x00,0x00,0x00,0x00,0x00,0x00,0x00,0x00,0x00,0x00,
  0x00,0x00,0x00,0x00,0x00,0x00,0x00,0x00,0x00,0x00,0x00,0x00,
  0x00,0x00,0x00,0x00,0x00,0x00,0x00,0x00,0x00,0x00,0x00,0x00,
  0x00,0x00,0x00,0x00,0x00,0x00,0x00,0x00,0x00,0x00,0x00,0x00,
  0x00,0x00,0x00,0x00,0x00,0x00,0x00,0x00,0x00,0x00,0x00,0x00,
  0x00,0x00,0x00,0x00,0x00,0x00,0x00,0x00,0x00,0x00,0x00,0x00,
  0x00,0x00,0x00,0x00,0x00,0x00,0x00,0x00,0x00,0x00,0x00,0x00,
  0x00,0x00,0x00,0x00,0x00,0x00,0x00,0x00,0x00,0x00,0x00,0x00,
  0x00,0x00,0x00,0x00,0x00,0x00,0x00,0x00,0x00,0x00,0x00,0x00,
  0x00,0x00,0x00,0x00,0x00,0x00,0x00,0x00,0x00,0x00,0x00,0x00,
  0x00,0x00,0x00,0x00,0x00,0x00,0x00,0x00,0x00,0x00,0x00,0x00,
  0x00,0x00,0x00,0x00,0x00,0x00,0x00,0x00,0x00,0x00,0x00,0x00,
  0x00,0x00,0x00,0x00,0x00,0x00,0x00,0x00,0x00,0x00,0x00,0x00,
  0x00,0x00,0x00,0x00,0x33,0x33,0x99,0x05,0x1E,0x23,0x6A,0x65,
  0x24,0x2D,0x73,0x71,0x2E,0x35,0x76,0x85,0x16,0x21,0x68,0xDE,
  0x10,0x18,0x5F,0xE4,0x11,0x1F,0x74,0xF2,0x10,0x23,0x88,0xFC,
  0x10,0x22,0x85,0xFB,0x10,0x22,0x83,0xFC,0x14,0x29,0x8F,0xFD,
  0x1A,0x38,0xAC,0xFF,0x18,0x36,0xAC,0xFF,0x17,0x34,0xAA,0xFF,
  0x16,0x2E,0xA8,0xFF,0x15,0x2D,0xA7,0xFF,0x1F,0x5A,0xC6,0xFF,
  0x21,0x69,0xD3,0xFF,0x41,0xB9,0xF4,0xFF,0x4C,0xD6,0xFE,0xFF,
  0x47,0xCE,0xFD,0xFF,0x46,0xCD,0xFD,0xFF,0x3F,0xC5,0xFD,0xFF,
  0x27,0xA1,0xFC,0xFF,0x22,0x99,0xFE,0xFF,0x22,0x99,0xFE,0xFF,
  0x1F,0x93,0xFE,0xFF,0x31,0xB3,0xFE,0xFF,0x41,0xCA,0xFE,0xFF,
  0x3F,0xC6,0xFE,0xFF,0x3F,0xC7,0xFE,0xFF,0x40,0xC7,0xFE,0xFF,
  0x3D,0xC5,0xFE,0xFF,0x24,0x98,0xFD,0xFF,0x23,0x92,0xFC,0xFF,
  0x3D,0xB8,0xFC,0xFF,0x50,0xD9,0xFD,0xFF,0x4E,0xD6,0xFD,0xFF,
  0x4F,0xD7,0xFD,0xFF,0x51,0xD6,0xFD,0xFF,0x43,0xCB,0xFD,0xFF,
  0x30,0xB6,0xFE,0xFF,0x3B,0xBB,0xFE,0xFF,0x58,0xD2,0xFE,0xFF,
  0x52,0xCD,0xFD,0xFF,0x3E,0xBA,0xFC,0xFF,0x35,0xB5,0xFD,0xFF,
  0x35,0xB6,0xFD,0xFF,0x2E,0xAF,0xFD,0xFF,0x26,0xA8,0xFD,0xFF,
  0x27,0xA9,0xFD,0xFF,0x29,0xAD,0xFD,0xFF,0x2B,0xAD,0xFD,0xFF,
  0x35,0xBB,0xFF,0xFB,0x17,0x41,0x9B,0xFF,0x17,0x18,0x67,0x8F,
  0x09,0x09,0x01,0x00,0x03,0x03,0x01,0x00,0x00,0x00,0x00,0x00,
  0x00,0x55,0x55,0x03,0x39,0x41,0x7B,0x1F,0x22,0x28,0x6B,0x51,
  0x2C,0x33,0x6A,0x4A,0x15,0x1F,0x6B,0xE1,0x09,0x1A,0x7F,0xFF,
  0x1B,0x3A,0xB1,0xFA,0x1B,0x38,0xB0,0xFD,0x1A,0x37,0xAF,0xFF,
  0x19,0x35,0xAA,0xFF,0x15,0x30,0xA0,0xFF,0x17,0x30,0x9D,0xFF,
  0x17,0x30,0x9C,0xFF,0x17,0x31,0x9F,0xFF,0x19,0x36,0xA7,0xFF,
  0x17,0x32,0xA0,0xFF,0x18,0x33,0xA1,0xFF,0x10,0x22,0x89,0xFF,
  0x09,0x12,0x69,0xFF,0x64,0xBE,0xE0,0xFF,0x70,0xCF,0xE9,0xFF,
  0x21,0x3D,0x88,0xFF,0x0E,0x19,0x72,0xFF,0x68,0x79,0xA8,0x2C,
  0x00,0x00,0x00,0x00,0x7F,0x7F,0x7F,0x02,0x00,0x7F,0x7F,0x02,
  0x00,0x00,0x7F,0x04,0x2A,0x35,0x7F,0x30,0x28,0x37,0x80,0x7D,
  0x28,0x38,0x81,0x7E,0x30,0x3C,0x79,0x3F,0x00,0x00,0x55,0x03,
  0x7F,0x7F,0x7F,0x02,0x00,0x00,0x00,0x00,0x00,0x00,0x00,0x00,
  0x00,0x00,0x00,0x00,0x00,0x00,0x00,0x00,0x00,0x00,0x00,0x00,
  0x00,0x00,0x00,0x00,0x00,0x00,0x00,0x00,0x00,0x00,0x00,0x00,
  0x00,0x00,0x00,0x00,0x00,0x00,0x00,0x00,0x00,0x00,0x00,0x00,
  0x00,0x00,0x00,0x00,0x00,0x00,0x00,0x00,0x00,0x00,0x00,0x00,
  0x00,0x00,0x00,0x00,0x00,0x00,0x00,0x00,0x00,0x00,0x00,0x00,
  0x00,0x00,0x00,0x00,0x00,0x00,0x00,0x00,0x00,0x00,0x00,0x00,
  0x00,0x00,0x00,0x00,0x00,0x00,0x00,0x00,0x00,0x00,0x00,0x00,
  0x00,0x00,0x00,0x00,0x00,0x00,0x00,0x00,0x00,0x00,0x00,0x00,
  0x00,0x00,0x00,0x00,0x00,0x00,0x00,0x00,0x00,0x00,0x00,0x00,
  0x00,0x00,0x00,0x00,0x00,0x00,0x00,0x00,0x00,0x00,0x00,0x00,
  0x00,0x00,0x00,0x00,0x00,0x00,0x00,0x00,0x00,0x00,0x00,0x00,
  0x00,0x00,0x00,0x00,0x00,0x00,0x00,0x00,0x00,0x00,0x00,0x00,
  0x00,0x00,0x00,0x00,0x00,0x00,0x00,0x00,0x00,0x00,0x00,0x00,
  0x00,0x00,0x00,0x00,0x00,0x00,0x00,0x00,0x00,0x00,0x00,0x00,
  0x00,0x00,0x00,0x00,0x00,0x00,0x00,0x00,0x00,0x00,0x00,0x00,
  0x00,0x00,0x00,0x00,0x00,0x00,0x00,0x00,0x00,0x00,0x00,0x00,
  0x00,0x00,0x00,0x00,0x00,0x00,0x00,0x00,0x00,0x00,0x00,0x00,
  0x00,0x00,0x00,0x00,0x00,0x00,0x00,0x00,0x00,0x00,0x00,0x00,
  0x00,0x00,0x00,0x00,0x00,0x00,0x00,0x00,0x00,0x00,0x00,0x00,
  0x00,0x00,0x00,0x00,0x00,0x00,0x00,0x00,0x00,0x00,0x00,0x00,
  0x00,0x00,0x00,0x00,0x00,0x00,0x00,0x00,0x00,0x00,0x00,0x00,
  0x00,0x00,0x00,0x00,0x00,0x00,0x00,0x00,0x00,0x00,0x00,0x00,
  0x00,0x00,0x00,0x00,0x00,0x00,0x00,0x00,0x00,0x00,0x00,0x00,
  0x00,0x00,0x00,0x00,0x00,0x00,0x00,0x00,0x00,0x00,0x00,0x00,
  0x5B,0x6D,0x91,0x0E,0x7F,0x7F,0xA3,0x0E,0x12,0x1B,0x64,0xB7,
  0x04,0x0E,0x63,0xFF,0x05,0x0D,0x5B,0xFF,0x04,0x0C,0x58,0xFF,
  0x0A,0x17,0x71,0xFF,0x1B,0x39,0xB0,0xFF,0x19,0x37,0xAE,0xFF,
  0x1A,0x38,0xAF,0xFF,0x1A,0x39,0xB0,0xFF,0x18,0x38,0xB0,0xFF,
  0x17,0x32,0xAA,0xFF,0x17,0x2E,0xA6,0xFF,0x1E,0x47,0xB5,0xFF,
  0x20,0x50,0xB8,0xFF,0x1C,0x42,0xB0,0xFF,0x2E,0x89,0xDB,0xFF,
  0x38,0xCB,0xFF,0xFF,0x26,0xA7,0xFF,0xFF,0x22,0x9A,0xFF,0xFF,
  0x21,0x98,0xFD,0xFF,0x20,0x94,0xFD,0xFF,0x32,0xB4,0xFE,0xFF,
  0x40,0xCA,0xFE,0xFF,0x3E,0xC6,0xFE,0xFF,0x40,0xC8,0xFE,0xFF,
  0x3A,0xBE,0xFE,0xFF,0x25,0x9D,0xFD,0xFF,0x20,0x93,0xFD,0xFF,
  0x42,0xC4,0xFC,0xFF,0x52,0xDA,0xFD,0xFF,0x4E,0xD6,0xFD,0xFF,
  0x4F,0xD7,0xFD,0xFF,0x4F,0xD7,0xFD,0xFF,0x4F,0xD6,0xFD,0xFF,
  0x52,0xD9,0xFD,0xFF,0x42,0xC9,0xFE,0xFF,0x2C,0xB1,0xFE,0xFF,
  0x27,0xAE,0xFE,0xFF,0x22,0xA8,0xFE,0xFF,0x64,0xDA,0xFE,0xFF,
  0x7C,0xED,0xFE,0xFF,0x7C,0xED,0xFE,0xFF,0x5A,0xD2,0xFE,0xFF,
  0x2C,0xAE,0xFD,0xFF,0x30,0xB1,0xFD,0xFF,0x2B,0xB0,0xFF,0xFF,
  0x2B,0xA0,0xF2,0xFF,0x1A,0x40,0x95,0xFE,0x0E,0x1F,0x78,0xFF,
  0x10,0x1B,0x6C,0xD9,0x1A,0x23,0x6B,0xAD,0x19,0x22,0x6C,0xB3,
  0x34,0x3A,0x6F,0x27,0x00,0x00,0x00,0x00,0x2D,0x35,0x74,0x65,
  0x0E,0x17,0x66,0xFF,0x0E,0x1B,0x71,0xFF,0x15,0x2E,0x9A,0xFF,
  0x18,0x33,0xA6,0xFD,0x1A,0x36,0xAB,0xFF,0x1B,0x39,0xB1,0xFF,
  0x16,0x2D,0x99,0xFF,0x0C,0x1A,0x76,0xFF,0x0D,0x1A,0x72,0xFF,
  0x0B,0x18,0x70,0xFF,0x0A,0x17,0x6F,0xFF,0x0A,0x16,0x6F,0xFF,
  0x11,0x25,0x8A,0xFF,0x14,0x2D,0x99,0xFF,0x1B,0x36,0xA9,0xFF,
  0x19,0x33,0xA2,0xFF,0x15,0x2B,0x8E,0xFF,0x1A,0x34,0x8B,0xFC,
  0x0F,0x1D,0x77,0xFF,0x15,0x21,0x73,0xCC,0x3D,0x45,0x83,0x42,
  0x50,0x50,0x93,0x13,0x00,0x00,0x7F,0x02,0x00,0x00,0x00,0x01,
  0x00,0x00,0x00,0x00,0x00,0x00,0x00,0x00,0x00,0x00,0x00,0x00,
  0x00,0x00,0x00,0x00,0x00,0x00,0x00,0x00,0x00,0x00,0x00,0x00,
  0x00,0x00,0x00,0x00,0x00,0x00,0x00,0x00,0x00,0x00,0x00,0x00,
  0x00,0x00,0x00,0x00,0x00,0x00,0x00,0x00,0x00,0x00,0x00,0x00,
  0x00,0x00,0x00,0x00,0x00,0x00,0x00,0x00,0x00,0x00,0x00,0x00,
  0x00,0x00,0x00,0x00,0x00,0x00,0x00,0x00,0x00,0x00,0x00,0x00,
  0x00,0x00,0x00,0x00,0x00,0x00,0x00,0x00,0x00,0x00,0x00,0x00,
  0x00,0x00,0x00,0x00,0x00,0x00,0x00,0x00,0x00,0x00,0x00,0x00,
  0x00,0x00,0x00,0x00,0x00,0x00,0x00,0x00,0x00,0x00,0x00,0x00,
  0x00,0x00,0x00,0x00,0x00,0x00,0x00,0x00,0x00,0x00,0x00,0x00,
  0x00,0x00,0x00,0x00,0x00,0x00,0x00,0x00,0x00,0x00,0x00,0x00,
  0x00,0x00,0x00,0x00,0x00,0x00,0x00,0x00,0x00,0x00,0x00,0x00,
  0x00,0x00,0x00,0x00,0x00,0x00,0x00,0x00,0x00,0x00,0x00,0x00,
  0x00,0x00,0x00,0x00,0x00,0x00,0x00,0x00,0x00,0x00,0x00,0x00,
  0x00,0x00,0x00,0x00,0x00,0x00,0x00,0x00,0x00,0x00,0x00,0x00,
  0x00,0x00,0x00,0x00,0x00,0x00,0x00,0x00,0x00,0x00,0x00,0x00,
  0x00,0x00,0x00,0x00,0x00,0x00,0x00,0x00,0x00,0x00,0x00,0x00,
  0x00,0x00,0x00,0x00,0x00,0x00,0x00,0x00,0x00,0x00,0x00,0x00,
  0x00,0x00,0x00,0x00,0x00,0x00,0x00,0x00,0x00,0x00,0x00,0x00,
  0x00,0x00,0x00,0x00,0x00,0x00,0x00,0x00,0x00,0x00,0x00,0x00,
  0x00,0x00,0x00,0x00,0x00,0x00,0x00,0x00,0x00,0x00,0x00,0x00,
  0x00,0x00,0x00,0x00,0x00,0x00,0x00,0x00,0x00,0x00,0x00,0x00,
  0x00,0x00,0x00,0x00,0x00,0x00,0x00,0x00,0x00,0x00,0x00,0x00,
  0x00,0x00,0x00,0x00,0x00,0x00,0x00,0x00,0x00,0x00,0x00,0x00,
  0x00,0x00,0x00,0x00,0x00,0x00,0x00,0x00,0x00,0x00,0x00,0x00,
  0x00,0x00,0x00,0x00,0x00,0x00,0x00,0x00,0x00,0x00,0x00,0x00,
  0x00,0x00,0x00,0x00,0x00,0x00,0x55,0x03,0x00,0x00,0x3F,0x04,
  0x00,0x00,0x55,0x03,0x00,0x00,0x00,0x00,0x00,0x00,0x00,0x00,
  0x1E,0x28,0x6C,0x6C,0x11,0x19,0x63,0xA2,0x11,0x18,0x5E,0x9C,
  0x13,0x1A,0x5D,0x9C,0x14,0x1E,0x6C,0xC6,0x0C,0x1D,0x7B,0xFB,
  0x0B,0x1B,0x79,0xFA,0x12,0x25,0x8C,0xFB,0x19,0x33,0xA7,0xFB,
  0x1A,0x35,0xA8,0xFE,0x18,0x37,0xAD,0xFF,0x18,0x36,0xAB,0xFF,
  0x16,0x31,0xA8,0xFF,0x17,0x30,0xA8,0xFF,0x15,0x2B,0xA4,0xFF,
  0x1F,0x55,0xBF,0xFF,0x28,0x7C,0xD6,0xFF,0x20,0x6A,0xD2,0xFF,
  0x26,0x92,0xF3,0xFF,0x24,0xA2,0xFF,0xFF,0x2A,0xAB,0xFF,0xFF,
  0x3B,0xC3,0xFE,0xFF,0x3C,0xC5,0xFE,0xFF,0x3E,0xC6,0xFE,0xFF,
  0x3F,0xC7,0xFD,0xFF,0x37,0xBA,0xFD,0xFF,0x20,0x92,0xFD,0xFF,
  0x1D,0x8F,0xFD,0xFF,0x41,0xC4,0xFD,0xFF,0x51,0xDB,0xFD,0xFF,
  0x4F,0xD7,0xFD,0xFF,0x50,0xD8,0xFE,0xFF,0x4F,0xD7,0xFD,0xFF,
  0x4F,0xD7,0xFD,0xFF,0x4D,0xD5,0xFD,0xFF,0x3C,0xC2,0xFE,0xFF,
  0x2F,0xB3,0xFE,0xFF,0x30,0xB3,0xFE,0xFF,0x2A,0xAC,0xFE,0xFF,
  0x68,0xDE,0xFD,0xFF,0x82,0xF0,0xFE,0xFF,0x7D,0xED,0xFE,0xFF,
  0x7B,0xEC,0xFE,0xFF,0x76,0xE8,0xFD,0xFF,0x74,0xE5,0xFC,0xFF,
  0x34,0xB8,0xFF,0xFF,0x28,0x9B,0xEF,0xFF,0x05,0x0E,0x6E,0xFF,
  0x05,0x0C,0x66,0xFF,0x0D,0x1B,0x72,0xFF,0x0B,0x18,0x71,0xFF,
  0x0E,0x1A,0x74,0xFF,0x30,0x38,0x7B,0x7A,0x40,0x49,0x81,0x3B,
  0x26,0x2F,0x72,0x91,0x0B,0x16,0x6A,0xFC,0x13,0x29,0x93,0xFB,
  0x19,0x37,0xAE,0xFE,0x19,0x35,0xAB,0xFF,0x1A,0x37,0xAE,0xFF,
  0x1E,0x3B,0xB3,0xFF,0x14,0x2B,0x92,0xFF,0x09,0x13,0x67,0xFF,
  0x0B,0x16,0x6C,0xFF,0x0B,0x13,0x68,0xFF,0x0A,0x12,0x67,0xFF,
  0x09,0x12,0x67,0xFF,0x0A,0x15,0x6D,0xFF,0x0D,0x1D,0x78,0xFF,
  0x18,0x30,0x9B,0xFF,0x1C,0x39,0xAD,0xFF,0x1C,0x39,0xAD,0xFF,
  0x15,0x2B,0x99,0xFC,0x06,0x11,0x6D,0xFF,0x13,0x1E,0x6B,0xB9,
  0x03,0x01,0x00,0x00,0x00,0x00,0x00,0x00,0x00,0x00,0xFF,0x01,
  0x00,0x00,0x00,0x01,0x00,0x00,0xFF,0x01,0x00,0x00,0xFF,0x01,
  0x00,0x00,0x55,0x03,0x33,0x33,0x66,0x05,0x33,0x33,0x66,0x05,
  0x00,0x55,0x55,0x03,0x00,0x00,0x00,0x00,0x00,0x00,0x00,0x00,
  0x00,0x00,0x00,0x00,0x00,0x00,0x00,0x00,0x00,0x00,0x00,0x00,
  0x00,0x00,0x00,0x00,0x00,0x00,0x00,0x00,0x00,0x00,0x00,0x00,
  0x00,0x00,0x00,0x00,0x00,0x00,0x00,0x00,0x00,0x00,0x00,0x00,
  0x00,0x00,0x00,0x00,0x00,0x00,0x00,0x00,0x00,0x00,0x00,0x00,
  0x00,0x00,0x00,0x00,0x00,0x00,0x00,0x00,0x00,0x00,0x00,0x00,
  0x00,0x00,0x00,0x00,0x00,0x00,0x00,0x00,0x00,0x00,0x00,0x00,
  0x00,0x00,0x00,0x00,0x00,0x00,0x00,0x00,0x00,0x00,0x00,0x00,
  0x00,0x00,0x00,0x00,0x00,0x00,0x00,0x00,0x00,0x00,0x00,0x00,
  0x00,0x00,0x00,0x00,0x00,0x00,0x00,0x00,0x00,0x00,0x00,0x00,
  0x00,0x00,0x00,0x00,0x00,0x00,0x00,0x00,0x00,0x00,0x00,0x00,
  0x00,0x00,0x00,0x00,0x00,0x00,0x00,0x00,0x00,0x00,0x00,0x00,
  0x00,0x00,0x00,0x00,0x00,0x00,0x00,0x00,0x00,0x00,0x00,0x00,
  0x00,0x00,0x00,0x00,0x00,0x00,0x00,0x00,0x00,0x00,0x00,0x00,
  0x00,0x00,0x00,0x00,0x00,0x00,0x00,0x00,0x00,0x00,0x00,0x00,
  0x00,0x00,0x00,0x00,0x00,0x00,0x00,0x00,0x00,0x00,0x00,0x00,
  0x00,0x00,0x00,0x00,0x00,0x00,0x00,0x00,0x00,0x00,0x00,0x00,
  0x00,0x00,0x00,0x00,0x00,0x00,0x00,0x00,0x00,0x00,0x00,0x00,
  0x00,0x00,0x00,0x00,0x00,0x00,0x00,0x00,0x00,0x00,0x00,0x00,
  0x00,0x00,0x00,0x00,0x00,0x00,0x00,0x00,0x00,0x00,0x00,0x00,
  0x00,0x00,0x00,0x00,0x00,0x00,0x00,0x00,0x00,0x00,0x00,0x00,
  0x00,0x00,0x00,0x00,0x00,0x00,0x00,0x00,0x00,0x00,0x00,0x00,
  0x00,0x00,0x00,0x00,0x00,0x00,0x00,0x00,0x00,0x00,0x00,0x00,
  0x00,0x00,0x00,0x00,0x00,0x00,0x00,0x00,0x00,0x00,0x00,0x00,
  0x00,0x00,0x00,0x00,0x00,0x00,0x00,0x00,0x00,0x00,0x00,0x00,
  0x00,0x00,0x00,0x00,0x00,0x00,0x00,0x00,0x00,0x00,0x00,0x01,
  0x00,0x00,0x00,0x01,0x00,0x00,0x00,0x00,0x00,0x00,0x00,0x00,
  0x00,0x00,0x00,0x00,0x00,0x00,0x00,0x00,0x29,0x2E,0x68,0x69,
  0x0D,0x16,0x68,0xFF,0x0A,0x13,0x64,0xFF,0x0B,0x16,0x6B,0xFF,
  0x08,0x13,0x6C,0xFF,0x10,0x21,0x84,0xFF,0x1E,0x3D,0xB8,0xFF,
  0x1A,0x38,0xB1,0xFF,0x1A,0x3A,0xB2,0xFF,0x1B,0x3A,0xB3,0xFF,
  0x19,0x38,0xAF,0xFF,0x17,0x31,0xA8,0xFF,0x16,0x2E,0xA6,0xFF,
  0x16,0x2A,0xA2,0xFF,0x1F,0x63,0xCC,0xFF,0x21,0x7A,0xE2,0xFF,
  0x2A,0x8B,0xE5,0xFF,0x40,0xC9,0xFE,0xFF,0x3E,0xC8,0xFF,0xFF,
  0x3E,0xC8,0xFF,0xFF,0x38,0xC1,0xFF,0xFF,0x24,0x99,0xFE,0xFF,
  0x22,0x97,0xFD,0xFF,0x3F,0xBE,0xFD,0xFF,0x4E,0xD3,0xFE,0xFF,
  0x51,0xD8,0xFE,0xFF,0x50,0xD7,0xFD,0xFF,0x50,0xD7,0xFE,0xFF,
  0x50,0xD8,0xFE,0xFF,0x51,0xD8,0xFE,0xFF,0x4C,0xD4,0xFD,0xFF,
  0x34,0xB8,0xFD,0xFF,0x2F,0xB1,0xFE,0xFF,0x30,0xB1,0xFE,0xFF,
  0x2A,0xAB,0xFE,0xFF,0x68,0xDC,0xFE,0xFF,0x81,0xEE,0xFD,0xFF,
  0x7B,0xEA,0xFD,0xFF,0x7D,0xEB,0xFD,0xFF,0x7F,0xEC,0xFD,0xFF,
  0x80,0xEB,0xFD,0xFF,0x61,0xD7,0xFE,0xFF,0x59,0xCA,0xF6,0xFF,
  0x4F,0x92,0xBD,0xFF,0x2E,0x56,0x98,0xFF,0x02,0x08,0x62,0xFE,
  0x08,0x12,0x66,0xFC,0x09,0x14,0x69,0xFC,0x11,0x1D,0x71,0xFF,
  0x12,0x1C,0x6E,0xFF,0x10,0x1C,0x71,0xFF,0x1B,0x36,0xA8,0xFF,
  0x1A,0x36,0xAB,0xFF,0x1A,0x37,0xAF,0xFF,0x1A,0x36,0xAA,0xFF,
  0x13,0x27,0x8F,0xFF,0x0C,0x18,0x73,0xFF,0x08,0x0F,0x67,0xFF,
  0x1B,0x40,0x8F,0xFF,0x38,0x98,0xDF,0xFF,0x33,0x90,0xD8,0xFF,
  0x30,0x8C,0xD7,0xFF,0x32,0x91,0xDD,0xFF,0x2A,0x6A,0xB9,0xFF,
  0x06,0x0A,0x62,0xFF,0x09,0x16,0x73,0xFF,0x0F,0x21,0x84,0xFF,
  0x1B,0x37,0xA8,0xFF,0x1C,0x37,0xA7,0xFE,0x11,0x25,0x8B,0xFF,
  0x13,0x1E,0x70,0xE7,0x22,0x2B,0x70,0xAF,0x1E,0x2A,0x68,0x42,
  0x00,0x00,0x00,0x00,0x00,0x00,0x00,0x00,0x00,0x00,0x00,0x00,
  0x00,0x00,0x00,0x00,0x00,0x00,0x00,0x00,0x00,0x00,0x00,0x00,
  0x00,0x00,0x00,0x00,0x00,0x00,0x00,0x00,0x00,0x00,0x00,0x00,
  0x00,0x00,0x00,0x00,0x00,0x00,0x00,0x00,0x00,0x00,0x00,0x00,
  0x00,0x00,0x00,0x00,0x00,0x00,0x00,0x00,0x00,0x00,0x00,0x00,
  0x00,0x00,0x00,0x00,0x00,0x00,0x00,0x00,0x00,0x00,0x00,0x00,
  0x00,0x00,0x00,0x00,0x00,0x00,0x00,0x00,0x00,0x00,0x00,0x00,
  0x00,0x00,0x00,0x00,0x00,0x00,0x00,0x00,0x00,0x00,0x00,0x00,
  0x00,0x00,0x00,0x00,0x00,0x00,0x00,0x00,0x00,0x00,0x00,0x00,
  0x00,0x00,0x00,0x00,0x00,0x00,0x00,0x00,0x00,0x00,0x00,0x00,
  0x00,0x00,0x00,0x00,0x00,0x00,0x00,0x00,0x00,0x00,0x00,0x00,
  0x00,0x00,0x00,0x00,0x00,0x00,0x00,0x00,0x00,0x00,0x00,0x00,
  0x00,0x00,0x00,0x00,0x00,0x00,0x00,0x00,0x00,0x00,0x00,0x00,
  0x00,0x00,0x00,0x00,0x00,0x00,0x00,0x00,0x00,0x00,0x00,0x00,
  0x00,0x00,0x00,0x00,0x00,0x00,0x00,0x00,0x00,0x00,0x00,0x00,
  0x00,0x00,0x00,0x00,0x00,0x00,0x00,0x00,0x00,0x00,0x00,0x00,
  0x00,0x00,0x00,0x00,0x00,0x00,0x00,0x00,0x00,0x00,0x00,0x00,
  0x00,0x00,0x00,0x00,0x00,0x00,0x00,0x00,0x00,0x00,0x00,0x00,
  0x00,0x00,0x00,0x00,0x00,0x00,0x00,0x00,0x00,0x00,0x00,0x00,
  0x00,0x00,0x00,0x00,0x00,0x00,0x00,0x00,0x00,0x00,0x00,0x00,
  0x00,0x00,0x00,0x00,0x00,0x00,0x00,0x00,0x00,0x00,0x00,0x00,
  0x00,0x00,0x00,0x00,0x00,0x00,0x00,0x00,0x00,0x00,0x00,0x00,
  0x00,0x00,0x00,0x00,0x00,0x00,0x00,0x00,0x00,0x00,0x00,0x00,
  0x00,0x00,0x00,0x00,0x00,0x00,0x00,0x00,0x00,0x00,0x00,0x00,
  0x00,0x00,0x00,0x00,0x00,0x00,0x00,0x00,0x00,0x00,0x00,0x00,
  0x00,0x00,0x00,0x00,0x00,0x00,0x00,0x00,0x00,0x00,0x00,0x00,
  0x00,0x00,0x00,0x00,0x00,0x00,0x00,0x00,0x00,0x00,0x00,0x00,
  0x00,0x00,0x00,0x00,0x00,0x00,0x00,0x00,0x00,0x00,0x00,0x00,
  0x00,0x00,0x00,0x00,0x00,0x00,0x00,0x00,0x00,0x00,0x7F,0x02,
  0x00,0x00,0x55,0x03,0x00,0x00,0x3F,0x04,0x00,0x00,0x55,0x03,
  0x30,0x3B,0x71,0x2F,0x22,0x28,0x6F,0x70,0x21,0x28,0x6C,0x6C,
  0x20,0x27,0x6B,0x6D,0x1A,0x21,0x60,0x72,0x0F,0x1C,0x73,0xE8,
  0x10,0x24,0x8A,0xFC,0x0F,0x22,0x86,0xFB,0x0F,0x23,0x84,0xFC,
  0x0F,0x20,0x80,0xFC,0x14,0x2B,0x96,0xFE,0x18,0x37,0xAF,0xFF,
  0x19,0x36,0xAB,0xFF,0x19,0x37,0xAC,0xFF,0x18,0x32,0xA9,0xFF,
  0x15,0x2B,0xA4,0xFF,0x1E,0x47,0xB5,0xFF,0x3C,0xBB,0xF7,0xFF,
  0x3B,0xC0,0xFB,0xFF,0x3B,0xBF,0xFA,0xFF,0x35,0xB8,0xFA,0xFF,
  0x21,0x93,0xFA,0xFF,0x24,0x96,0xFA,0xFF,0x4D,0xD1,0xFC,0xFF,
  0x53,0xD9,0xFD,0xFF,0x52,0xD6,0xFD,0xFF,0x52,0xD9,0xFE,0xFF,
  0x50,0xD8,0xFE,0xFF,0x51,0xD8,0xFE,0xFF,0x51,0xD8,0xFE,0xFF,
  0x4B,0xD3,0xFD,0xFF,0x32,0xB7,0xFE,0xFF,0x2E,0xB1,0xFE,0xFF,
  0x30,0xAF,0xFE,0xFF,0x29,0xAA,0xFE,0xFF,0x6A,0xDC,0xFD,0xFF,
  0x83,0xEF,0xFE,0xFF,0x7B,0xEB,0xFD,0xFF,0x7E,0xEB,0xFE,0xFF,
  0x7F,0xEB,0xFE,0xFF,0x7F,0xEB,0xFE,0xFF,0x82,0xED,0xFE,0xFF,
  0x81,0xED,0xFC,0xFF,0x8A,0xFF,0xFF,0xFF,0x60,0xAC,0xD1,0xFF,
  0x17,0x21,0x6F,0xFF,0x20,0x35,0x7F,0xFF,0x10,0x1F,0x71,0xFF,
  0x07,0x12,0x66,0xFE,0x0B,0x17,0x70,0xFE,0x12,0x28,0x8D,0xFE,
  0x19,0x36,0xAB,0xFF,0x1A,0x36,0xAC,0xFF,0x17,0x2F,0x9F,0xFF,
  0x0F,0x1F,0x7C,0xFF,0x0A,0x18,0x6B,0xFF,0x0D,0x1D,0x72,0xFF,
  0x1C,0x4B,0xAB,0xFF,0x2C,0x85,0xE7,0xFF,0x3A,0xAF,0xFF,0xFF,
  0x39,0xB0,0xFF,0xFF,0x38,0xB7,0xFF,0xFF,0x3B,0xBB,0xFF,0xFF,
  0x34,0x92,0xE4,0xFF,0x1A,0x3D,0x90,0xFF,0x11,0x2B,0x80,0xFF,
  0x08,0x15,0x6F,0xFF,0x16,0x2F,0x98,0xFF,0x1C,0x39,0xAD,0xFF,
  0x1D,0x3B,0xB3,0xFF,0x0F,0x21,0x83,0xFF,0x09,0x16,0x70,0xFF,
  0x22,0x2A,0x6E,0x7D,0x6D,0x6D,0x91,0x15,0x3F,0x3F,0x74,0x18,
  0x35,0x43,0x78,0x13,0x35,0x43,0x78,0x13,0x43,0x43,0x78,0x13,
  0x50,0x5D,0x86,0x13,0x51,0x5C,0x7F,0x16,0x4C,0x66,0x99,0x0A,
  0x00,0x00,0x00,0x00,0x00,0x00,0x00,0x00,0x00,0x00,0x00,0x00,
  0x00,0x00,0x00,0x00,0x00,0x00,0x00,0x00,0x00,0x00,0x00,0x00,
  0x00,0x00,0x00,0x00,0x00,0x00,0x00,0x00,0x00,0x00,0x00,0x00,
  0x00,0x00,0x00,0x00,0x00,0x00,0x00,0x00,0x00,0x00,0x00,0x00,
  0x00,0x00,0x00,0x00,0x00,0x00,0x00,0x00,0x00,0x00,0x00,0x00,
  0x00,0x00,0x00,0x00,0x00,0x00,0x00,0x00,0x00,0x00,0x00,0x00,
  0x00,0x00,0x00,0x00,0x00,0x00,0x00,0x00,0x00,0x00,0x00,0x00,
  0x00,0x00,0x00,0x00,0x00,0x00,0x00,0x00,0x00,0x00,0x00,0x00,
  0x00,0x00,0x00,0x00,0x00,0x00,0x00,0x00,0x00,0x00,0x00,0x00,
  0x00,0x00,0x00,0x00,0x00,0x00,0x00,0x00,0x00,0x00,0x00,0x00,
  0x00,0x00,0x00,0x00,0x00,0x00,0x00,0x00,0x00,0x00,0x00,0x00,
  0x00,0x00,0x00,0x00,0x00,0x00,0x00,0x00,0x00,0x00,0x00,0x00,
  0x00,0x00,0x00,0x00,0x00,0x00,0x00,0x00,0x00,0x00,0x00,0x00,
  0x00,0x00,0x00,0x00,0x00,0x00,0x00,0x00,0x00,0x00,0x00,0x00,
  0x00,0x00,0x00,0x00,0x00,0x00,0x00,0x00,0x00,0x00,0x00,0x00,
  0x00,0x00,0x00,0x00,0x00,0x00,0x00,0x00,0x00,0x00,0x00,0x00,
  0x00,0x00,0x00,0x00,0x00,0x00,0x00,0x00,0x00,0x00,0x00,0x00,
  0x00,0x00,0x00,0x00,0x00,0x00,0x00,0x00,0x00,0x00,0x00,0x00,
  0x00,0x00,0x00,0x00,0x00,0x00,0x00,0x00,0x00,0x00,0x00,0x00,
  0x00,0x00,0x00,0x00,0x00,0x00,0x00,0x00,0x00,0x00,0x00,0x00,
  0x00,0x00,0x00,0x00,0x00,0x00,0x00,0x00,0x00,0x00,0x00,0x00,
  0x00,0x00,0x00,0x00,0x00,0x00,0x00,0x00,0x00,0x00,0x00,0x00,
  0x00,0x00,0x00,0x00,0x00,0x00,0x00,0x00,0x00,0x00,0x00,0x00,
  0x00,0x00,0x00,0x00,0x00,0x00,0x00,0x00,0x00,0x00,0x00,0x00,
  0x00,0x00,0x00,0x00,0x00,0x00,0x00,0x00,0x00,0x00,0x00,0x00,
  0x00,0x00,0x00,0x00,0x00,0x00,0x00,0x00,0x00,0x00,0x00,0x00,
  0x00,0x00,0x00,0x00,0x00,0x00,0x00,0x00,0x00,0x00,0x00,0x00,
  0x00,0x00,0x00,0x00,0x00,0x00,0x00,0x00,0x00,0x00,0x00,0x00,
  0x00,0x00,0x00,0x00,0x00,0x00,0x00,0x00,0x01,0x02,0x00,0x00,
  0x0F,0x18,0x65,0xE7,0x05,0x0F,0x61,0xFF,0x05,0x0D,0x5C,0xFF,
  0x05,0x0E,0x5E,0xFF,0x04,0x0A,0x55,0xFF,0x10,0x23,0x86,0xFF,
  0x1B,0x3B,0xB7,0xFF,0x1B,0x38,0xAF,0xFF,0x1B,0x39,0xB2,0xFF,
  0x1B,0x3A,0xB3,0xFF,0x1A,0x38,0xAF,0xFF,0x1A,0x3B,0xB0,0xFF,
  0x1E,0x4B,0xB8,0xFF,0x1C,0x48,0xB6,0xFF,0x1C,0x48,0xB6,0xFF,
  0x1C,0x49,0xB6,0xFF,0x1A,0x42,0xB8,0xFF,0x20,0x54,0xC0,0xFF,
  0x50,0xD4,0xFC,0xFF,0x58,0xE6,0xFF,0xFF,0x55,0xE0,0xFF,0xFF,
  0x51,0xD8,0xFE,0xFF,0x51,0xD6,0xFD,0xFF,0x50,0xD6,0xFD,0xFF,
  0x51,0xD9,0xFD,0xFF,0x3A,0xC1,0xFE,0xFF,0x2B,0xB1,0xFE,0xFF,
  0x2C,0xB2,0xFE,0xFF,0x2D,0xAF,0xFE,0xFF,0x26,0xAB,0xFE,0xFF,
  0x68,0xDC,0xFD,0xFF,0x83,0xEE,0xFD,0xFF,0x7C,0xEA,0xFD,0xFF,
  0x7F,0xEB,0xFE,0xFF,0x80,0xEB,0xFE,0xFF,0x7F,0xEB,0xFE,0xFF,
  0x7B,0xE8,0xFE,0xFF,0x7B,0xE8,0xFE,0xFF,0x79,0xE7,0xFC,0xFF,
  0x7D,0xE7,0xFB,0xFF,0x7E,0xE3,0xF8,0xFF,0x83,0xED,0xFC,0xFF,
  0x32,0x58,0x97,0xFF,0x05,0x0A,0x5E,0xFF,0x0F,0x1F,0x79,0xFF,
  0x1B,0x37,0xAB,0xFF,0x19,0x35,0xAB,0xFF,0x1B,0x39,0xB1,0xFF,
  0x0E,0x1F,0x7B,0xFF,0x05,0x0A,0x5A,0xFF,0x12,0x2C,0x84,0xFF,
  0x2C,0x8B,0xF4,0xFF,0x28,0x8B,0xFD,0xFF,0x29,0x8E,0xFF,0xFF,
  0x2A,0x89,0xF9,0xFF,0x2A,0x89,0xFA,0xFF,0x2E,0x99,0xF8,0xFF,
  0x31,0xA1,0xFA,0xFF,0x37,0xA7,0xFD,0xFF,0x3A,0xB4,0xFF,0xFF,
  0x26,0x68,0xBD,0xFF,0x04,0x04,0x5A,0xFF,0x0C,0x1A,0x76,0xFF,
  0x19,0x34,0xA2,0xFF,0x18,0x33,0xA6,0xFF,0x1A,0x36,0xAB,0xFE,
  0x19,0x33,0xA3,0xFC,0x12,0x1C,0x6D,0xF7,0x13,0x1B,0x64,0xEE,
  0x10,0x18,0x64,0xEC,0x0F,0x18,0x66,0xEB,0x0F,0x18,0x68,0xEB,
  0x11,0x1A,0x68,0xEB,0x10,0x1A,0x69,0xE9,0x11,0x1B,0x6B,0xF1,
  0x1D,0x27,0x6F,0x80,0x00,0x00,0x7F,0x04,0x24,0x24,0x6D,0x07,
  0x00,0x3F,0x7F,0x04,0x00,0x3F,0x7F,0x04,0x00,0x3F,0x7F,0x04,
  0x00,0x00,0x55,0x03,0x00,0x00,0x00,0x00,0x00,0x00,0x00,0x00,
  0x00,0x00,0x00,0x00,0x00,0x00,0x00,0x00,0x00,0x00,0x00,0x00,
  0x00,0x00,0x00,0x00,0x00,0x00,0x00,0x00,0x00,0x00,0x00,0x00,
  0x00,0x00,0x00,0x00,0x00,0x00,0x00,0x00,0x00,0x00,0x00,0x00,
  0x00,0x00,0x00,0x00,0x00,0x00,0x00,0x00,0x00,0x00,0x00,0x00,
  0x00,0x00,0x00,0x00,0x00,0x00,0x00,0x00,0x00,0x00,0x00,0x00,
  0x00,0x00,0x00,0x00,0x00,0x00,0x00,0x00,0x00,0x00,0x00,0x00,
  0x00,0x00,0x00,0x00,0x00,0x00,0x00,0x00,0x00,0x00,0x00,0x00,
  0x00,0x00,0x00,0x00,0x00,0x00,0x00,0x00,0x00,0x00,0x00,0x00,
  0x00,0x00,0x00,0x00,0x00,0x00,0x00,0x00,0x00,0x00,0x00,0x00,
  0x00,0x00,0x00,0x00,0x00,0x00,0x00,0x00,0x00,0x00,0x00,0x00,
  0x00,0x00,0x00,0x00,0x00,0x00,0x00,0x00,0x00,0x00,0x00,0x00,
  0x00,0x00,0x00,0x00,0x00,0x00,0x00,0x00,0x00,0x00,0x00,0x00,
  0x00,0x00,0x00,0x00,0x00,0x00,0x00,0x00,0x00,0x00,0x00,0x00,
  0x00,0x00,0x00,0x00,0x00,0x00,0x00,0x00,0x00,0x00,0x00,0x00,
  0x00,0x00,0x00,0x00,0x00,0x00,0x00,0x00,0x00,0x00,0x00,0x00,
  0x00,0x00,0x00,0x00,0x00,0x00,0x00,0x00,0x00,0x00,0x00,0x00,
  0x00,0x00,0x00,0x00,0x00,0x00,0x00,0x00,0x00,0x00,0x00,0x00,
  0x00,0x00,0x00,0x00,0x00,0x00,0x00,0x00,0x00,0x00,0x00,0x00,
  0x00,0x00,0x00,0x00,0x00,0x00,0x00,0x00,0x00,0x00,0x00,0x00,
  0x00,0x00,0x00,0x00,0x00,0x00,0x00,0x00,0x00,0x00,0x00,0x00,
  0x00,0x00,0x00,0x00,0x00,0x00,0x00,0x00,0x00,0x00,0x00,0x00,
  0x00,0x00,0x00,0x00,0x00,0x00,0x00,0x00,0x00,0x00,0x00,0x00,
  0x00,0x00,0x00,0x00,0x00,0x00,0x00,0x00,0x00,0x00,0x00,0x00,
  0x00,0x00,0x00,0x00,0x00,0x00,0x00,0x00,0x00,0x00,0x00,0x00,
  0x00,0x00,0x00,0x00,0x00,0x00,0x00,0x00,0x00,0x00,0x7F,0x02,
  0x00,0x3F,0x7F,0x04,0x00,0x33,0x66,0x05,0x00,0x3F,0x7F,0x04,
  0x3F,0x5F,0x7F,0x08,0x2A,0x31,0x74,0x6D,0x20,0x2A,0x6E,0x7F,
  0x1D,0x27,0x6A,0x7A,0x1C,0x24,0x68,0x7F,0x1A,0x20,0x5E,0x7C,
  0x15,0x23,0x77,0xC9,0x0F,0x20,0x83,0xFC,0x0E,0x1F,0x7B,0xFB,
  0x0E,0x1F,0x7C,0xFD,0x0E,0x1E,0x78,0xFD,0x16,0x2F,0x9B,0xFE,
  0x1B,0x38,0xB1,0xFF,0x17,0x32,0xA9,0xFF,0x17,0x31,0xA8,0xFF,
  0x17,0x31,0xAA,0xFF,0x18,0x32,0xAA,0xFF,0x18,0x32,0xAA,0xFF,
  0x1A,0x3A,0xAE,0xFF,0x33,0x7B,0xCA,0xFF,0x35,0x80,0xCA,0xFF,
  0x39,0x8C,0xD0,0xFF,0x53,0xDB,0xFE,0xFF,0x55,0xE2,0xFF,0xFF,
  0x52,0xDE,0xFF,0xFF,0x42,0xCA,0xFE,0xFF,0x30,0xB5,0xFD,0xFF,
  0x2A,0xAF,0xFD,0xFF,0x2A,0xAF,0xFE,0xFF,0x2B,0xB1,0xFE,0xFF,
  0x29,0xAD,0xFE,0xFF,0x67,0xDA,0xFD,0xFF,0x81,0xEE,0xFD,0xFF,
  0x7E,0xEA,0xFD,0xFF,0x80,0xEB,0xFE,0xFF,0x81,0xEC,0xFE,0xFF,
  0x7F,0xEB,0xFE,0xFF,0x7D,0xE9,0xFE,0xFF,0x7C,0xE9,0xFE,0xFF,
  0x7B,0xEA,0xFE,0xFF,0x7C,0xEA,0xFE,0xFF,0x7C,0xEA,0xFF,0xFF,
  0x7E,0xEC,0xFE,0xFF,0x6F,0xC9,0xE6,0xFF,0x4A,0x83,0xB6,0xFF,
  0x09,0x11,0x63,0xFF,0x10,0x23,0x85,0xFF,0x19,0x39,0xB3,0xFF,
  0x11,0x27,0x90,0xFF,0x09,0x14,0x68,0xFF,0x18,0x44,0xAC,0xFF,
  0x20,0x64,0xD7,0xFF,0x27,0x84,0xF9,0xFF,0x27,0x88,0xFA,0xFF,
  0x29,0x8A,0xFA,0xFF,0x2A,0x8B,0xFB,0xFF,0x2A,0x8B,0xFB,0xFF,
  0x29,0x87,0xFB,0xFF,0x2C,0x91,0xFB,0xFF,0x32,0xA3,0xFC,0xFF,
  0x37,0xAA,0xFE,0xFF,0x32,0x92,0xE4,0xFF,0x2B,0x77,0xC8,0xFF,
  0x1C,0x41,0x91,0xFF,0x07,0x0E,0x5F,0xFF,0x0F,0x1F,0x7C,0xFF,
  0x1A,0x36,0xAC,0xFF,0x1A,0x36,0xAC,0xFF,0x12,0x27,0x8B,0xFF,
  0x0F,0x1E,0x7B,0xFF,0x12,0x26,0x8D,0xFF,0x12,0x27,0x8E,0xFF,
  0x12,0x26,0x8E,0xFF,0x12,0x26,0x8F,0xFF,0x12,0x26,0x8E,0xFF,
  0x0F,0x23,0x8D,0xFF,0x11,0x1B,0x66,0x84,0x00,0x00,0x00,0x00,
  0x00,0x00,0x00,0x00,0x00,0x00,0x00,0x00,0x00,0x00,0x00,0x00,
  0x00,0x00,0x00,0x00,0x00,0x00,0x00,0x00,0x00,0x00,0x00,0x00,
  0x00,0x00,0x00,0x00,0x00,0x00,0x00,0x00,0x00,0x00,0x00,0x00,
  0x00,0x00,0x00,0x00,0x00,0x00,0x00,0x00,0x00,0x00,0x00,0x00,
  0x00,0x00,0x00,0x00,0x00,0x00,0x00,0x00,0x00,0x00,0x00,0x00,
  0x00,0x00,0x00,0x00,0x00,0x00,0x00,0x00,0x00,0x00,0x00,0x00,
  0x00,0x00,0x00,0x00,0x00,0x00,0x00,0x00,0x00,0x00,0x00,0x00,
  0x00,0x00,0x00,0x00,0x00,0x00,0x00,0x00,0x00,0x00,0x00,0x00,
  0x00,0x00,0x00,0x00,0x00,0x00,0x00,0x00,0x00,0x00,0x00,0x00,
  0x00,0x00,0x00,0x00,0x00,0x00,0x00,0x00,0x00,0x00,0x00,0x00,
  0x00,0x00,0x00,0x00,0x00,0x00,0x00,0x00,0x00,0x00,0x00,0x00,
  0x00,0x00,0x00,0x00,0x00,0x00,0x00,0x00,0x00,0x00,0x00,0x00,
  0x00,0x00,0x00,0x00,0x00,0x00,0x00,0x00,0x00,0x00,0x00,0x00,
  0x00,0x00,0x00,0x00,0x00,0x00,0x00,0x00,0x00,0x00,0x00,0x00,
  0x00,0x00,0x00,0x00,0x00,0x00,0x00,0x00,0x00,0x00,0x00,0x00,
  0x00,0x00,0x00,0x00,0x00,0x00,0x00,0x00,0x00,0x00,0x00,0x00,
  0x00,0x00,0x00,0x00,0x00,0x00,0x00,0x00,0x00,0x00,0x00,0x00,
  0x00,0x00,0x00,0x00,0x00,0x00,0x00,0x00,0x00,0x00,0x00,0x00,
  0x00,0x00,0x00,0x00,0x00,0x00,0x00,0x00,0x00,0x00,0x00,0x00,
  0x00,0x00,0x00,0x00,0x00,0x00,0x00,0x00,0x00,0x00,0x00,0x00,
  0x00,0x00,0x00,0x00,0x00,0x00,0x00,0x00,0x00,0x00,0x00,0x00,
  0x00,0x00,0x00,0x00,0x00,0x00,0x00,0x00,0x00,0x00,0x00,0x00,
  0x00,0x00,0x00,0x00,0x00,0x00,0x00,0x00,0x00,0x00,0x00,0x00,
  0x00,0x00,0x00,0x00,0x00,0x00,0x00,0x00,0x00,0x00,0x00,0x00,
  0x00,0x00,0x00,0x00,0x00,0x00,0x00,0x00,0x00,0x00,0x00,0x00,
  0x00,0x00,0x00,0x00,0x00,0x00,0x00,0x00,0x00,0x00,0x00,0x00,
  0x00,0x00,0x00,0x00,0x00,0x00,0x00,0x00,0x00,0x00,0x00,0x00,
  0x00,0x00,0x00,0x00,0x00,0x00,0x00,0x00,0x00,0x00,0x00,0x00,
  0x00,0x00,0x00,0x00,0x00,0x00,0x00,0x00,0x00,0x00,0x00,0x00,
  0x00,0x00,0x00,0x00,0x00,0x00,0x00,0x00,0x00,0x00,0x00,0x00,
  0x00,0x00,0x00,0x00,0x14,0x1C,0x5F,0x98,0x0C,0x15,0x66,0xFF,
  0x0D,0x15,0x5E,0xFF,0x0D,0x16,0x63,0xFF,0x0C,0x14,0x5E,0xFF,
  0x15,0x2B,0x94,0xFF,0x1C,0x3B,0xB7,0xFF,0x19,0x38,0xB1,0xFF,
  0x1B,0x39,0xB2,0xFF,0x1B,0x39,0xB3,0xFF,0x1A,0x3A,0xB4,0xFF,
  0x1A,0x39,0xB2,0xFF,0x18,0x36,0xAD,0xFF,0x15,0x2C,0xA7,0xFF,
  0x13,0x26,0xA1,0xFF,0x1A,0x3B,0xA7,0xFF,0x40,0xA6,0xE4,0xFF,
  0x41,0xAB,0xE8,0xFF,0x40,0xA8,0xE6,0xFF,0x35,0xB5,0xFA,0xFF,
  0x2D,0xBB,0xFF,0xFF,0x2B,0xB3,0xFF,0xFF,0x28,0xAB,0xFD,0xFF,
  0x2E,0xB0,0xFD,0xFF,0x6A,0xDE,0xFC,0xFF,0x7B,0xE9,0xFE,0xFF,
  0x7D,0xEB,0xFD,0xFF,0x7E,0xEB,0xFD,0xFF,0x80,0xEB,0xFE,0xFF,
  0x81,0xEB,0xFE,0xFF,0x80,0xEC,0xFE,0xFF,0x7D,0xE9,0xFE,0xFF,
  0x7D,0xE9,0xFE,0xFF,0x7C,0xE9,0xFE,0xFF,0x7B,0xEA,0xFE,0xFF,
  0x7C,0xE9,0xFE,0xFF,0x7C,0xE6,0xFC,0xFF,0x82,0xF1,0xFF,0xFF,
  0x31,0x56,0x95,0xFF,0x06,0x0B,0x5C,0xFF,0x0F,0x22,0x83,0xFF,
  0x1B,0x3D,0xBC,0xFF,0x0D,0x1E,0x80,0xFF,0x07,0x0E,0x5C,0xFF,
  0x20,0x61,0xD4,0xFF,0x26,0x7E,0xFF,0xFF,0x24,0x71,0xF0,0xFF,
  0x28,0x83,0xF8,0xFF,0x2A,0x8D,0xFC,0xFF,0x2A,0x8A,0xF9,0xFF,
  0x29,0x8A,0xF9,0xFF,0x29,0x8A,0xFA,0xFF,0x29,0x8B,0xFB,0xFF,
  0x27,0x8A,0xFA,0xFF,0x30,0x9B,0xFA,0xFF,0x37,0xA9,0xFF,0xFF,
  0x3D,0xBC,0xFF,0xFF,0x20,0x57,0xA8,0xFF,0x02,0x01,0x4E,0xFF,
  0x0E,0x1E,0x79,0xFF,0x1D,0x3A,0xAE,0xFF,0x1C,0x38,0xAA,0xFF,
  0x1F,0x3B,0xAF,0xFE,0x18,0x2D,0x92,0xFE,0x1A,0x36,0xA9,0xFE,
  0x1C,0x3A,0xAF,0xFE,0x1B,0x39,0xAF,0xFE,0x1C,0x3B,0xB0,0xFE,
  0x1D,0x3C,0xB5,0xFC,0x19,0x36,0xAD,0xFE,0x18,0x25,0x75,0xB9,
  0x2E,0x39,0x77,0x62,0x2C,0x38,0x79,0x6D,0x30,0x39,0x78,0x6A,
  0x39,0x41,0x7D,0x66,0x36,0x40,0x7E,0x67,0x32,0x3B,0x7A,0x51,
  0x7F,0x7F,0x7F,0x04,0x00,0x00,0x00,0x01,0x00,0x00,0x00,0x01,
  0x00,0x00,0x00,0x01,0x00,0x00,0x00,0x01,0x00,0x00,0x00,0x01,
  0x00,0x00,0x00,0x00,0x00,0x00,0x00,0x00,0x00,0x00,0x00,0x00,
  0x00,0x00,0x00,0x00,0x00,0x00,0x00,0x00,0x00,0x00,0x00,0x00,
  0x00,0x00,0x00,0x00,0x00,0x00,0x00,0x00,0x00,0x00,0x00,0x00,
  0x00,0x00,0x00,0x00,0x00,0x00,0x00,0x00,0x00,0x00,0x00,0x00,
  0x00,0x00,0x00,0x00,0x00,0x00,0x00,0x00,0x00,0x00,0x00,0x00,
  0x00,0x00,0x00,0x00,0x00,0x00,0x00,0x00,0x00,0x00,0x00,0x00,
  0x00,0x00,0x00,0x00,0x00,0x00,0x00,0x00,0x00,0x00,0x00,0x00,
  0x00,0x00,0x00,0x00,0x00,0x00,0x00,0x00,0x00,0x00,0x00,0x00,
  0x00,0x00,0x00,0x00,0x00,0x00,0x00,0x00,0x00,0x00,0x00,0x00,
  0x00,0x00,0x00,0x00,0x00,0x00,0x00,0x00,0x00,0x00,0x00,0x00,
  0x00,0x00,0x00,0x00,0x00,0x00,0x00,0x00,0x00,0x00,0x00,0x00,
  0x00,0x00,0x00,0x00,0x00,0x00,0x00,0x00,0x00,0x00,0x00,0x00,
  0x00,0x00,0x00,0x00,0x00,0x00,0x00,0x00,0x00,0x00,0x00,0x00,
  0x00,0x00,0x00,0x00,0x00,0x00,0x00,0x00,0x00,0x00,0x00,0x00,
  0x00,0x00,0x00,0x00,0x00,0x00,0x00,0x00,0x00,0x00,0x00,0x00,
  0x00,0x00,0x00,0x00,0x00,0x00,0x00,0x00,0x00,0x00,0x00,0x00,
  0x00,0x00,0x00,0x00,0x00,0x00,0x00,0x00,0x00,0x00,0x00,0x00,
  0x00,0x00,0x00,0x00,0x00,0x00,0x00,0x00,0x00,0x00,0x00,0x00,
  0x00,0x00,0x00,0x00,0x00,0x00,0x00,0x00,0x00,0x00,0x00,0x00,
  0x00,0x00,0x00,0x00,0x00,0x00,0x00,0x00,0x00,0x00,0x00,0x00,
  0x00,0x00,0x00,0x00,0x00,0x00,0x00,0x00,0x00,0x00,0x00,0x00,
  0x00,0x00,0x00,0x00,0x00,0x00,0x00,0x00,0x00,0x00,0x00,0x00,
  0x00,0x00,0x00,0x00,0x00,0x00,0x00,0x00,0x00,0x00,0x00,0x00,
  0x00,0x00,0x00,0x00,0x00,0x00,0x00,0x00,0x00,0x00,0x00,0x00,
  0x00,0x00,0x00,0x00,0x00,0x00,0x00,0x00,0x00,0x00,0x00,0x00,
  0x00,0x00,0x55,0x03,0x00,0x00,0x3F,0x04,0x00,0x00,0x3F,0x04,
  0x00,0x33,0x66,0x05,0x00,0x00,0x3F,0x04,0x2E,0x37,0x78,0x37,
  0x31,0x39,0x78,0x61,0x38,0x40,0x7E,0x5B,0x37,0x3F,0x7C,0x5C,
  0x3C,0x41,0x7E,0x5D,0x18,0x26,0x7A,0xDD,0x0B,0x1C,0x7A,0xFB,
  0x0D,0x1D,0x79,0xFA,0x0F,0x1F,0x7B,0xFC,0x0F,0x1F,0x7C,0xFC,
  0x0E,0x1E,0x79,0xFC,0x10,0x23,0x85,0xFD,0x18,0x35,0xAB,0xFF,
  0x1B,0x38,0xAB,0xFF,0x1A,0x38,0xAC,0xFF,0x19,0x37,0xAC,0xFF,
  0x18,0x34,0xAB,0xFF,0x18,0x34,0xAE,0xFF,0x19,0x33,0xAB,0xFF,
  0x27,0x71,0xD2,0xFF,0x26,0x87,0xE4,0xFF,0x28,0x93,0xEB,0xFF,
  0x2A,0xB5,0xFF,0xFF,0x2F,0xB6,0xFF,0xFF,0x77,0xE5,0xFD,0xFF,
  0x7E,0xEA,0xFD,0xFF,0x7B,0xE9,0xFC,0xFF,0x7E,0xEA,0xFD,0xFF,
  0x80,0xEB,0xFE,0xFF,0x80,0xEB,0xFE,0xFF,0x82,0xED,0xFD,0xFF,
  0x7E,0xE9,0xFE,0xFF,0x7D,0xE9,0xFE,0xFF,0x7D,0xE9,0xFE,0xFF,
  0x7C,0xEA,0xFE,0xFF,0x7C,0xE8,0xFE,0xFF,0x83,0xF3,0xFF,0xFF,
  0x8A,0xFA,0xFF,0xFF,0x25,0x41,0x85,0xFF,0x08,0x0C,0x5B,0xFF,
  0x10,0x20,0x7B,0xFF,0x15,0x2D,0x99,0xFF,0x13,0x2D,0x92,0xFF,
  0x20,0x5E,0xD2,0xFF,0x23,0x6E,0xEA,0xFF,0x24,0x75,0xF3,0xFF,
  0x23,0x73,0xF2,0xFF,0x24,0x76,0xF3,0xFF,0x29,0x89,0xFC,0xFF,
  0x2B,0x91,0xFF,0xFF,0x2A,0x90,0xFF,0xFF,0x2A,0x8F,0xFF,0xFF,
  0x2A,0x8B,0xFA,0xFF,0x28,0x87,0xFB,0xFF,0x2F,0x99,0xFA,0xFF,
  0x36,0xA6,0xFB,0xFF,0x39,0xAE,0xFD,0xFF,0x26,0x65,0xB4,0xFF,
  0x0C,0x1C,0x6C,0xFF,0x0B,0x1A,0x73,0xFF,0x18,0x31,0x9D,0xFF,
  0x1B,0x37,0xA8,0xFF,0x1C,0x38,0xA9,0xFF,0x1A,0x36,0xA7,0xFF,
  0x19,0x35,0xA8,0xFF,0x15,0x2F,0xA6,0xFF,0x13,0x2D,0xA6,0xFF,
  0x14,0x2C,0xA7,0xFF,0x17,0x33,0xAA,0xFF,0x1C,0x3B,0xB1,0xFF,
  0x18,0x30,0x9E,0xFF,0x0B,0x16,0x6B,0xFF,0x0B,0x16,0x69,0xFF,
  0x0B,0x15,0x67,0xFF,0x0D,0x16,0x66,0xFF,0x0B,0x15,0x67,0xFF,
  0x12,0x1B,0x63,0xE5,0x73,0x73,0x8B,0x0B,0x00,0x00,0x00,0x00,
  0x00,0x00,0x00,0x00,0x00,0x00,0x00,0x00,0x00,0x00,0x00,0x00,
  0x00,0x00,0x00,0x00,0x00,0x00,0x00,0x00,0x00,0x00,0x00,0x00,
  0x00,0x00,0x00,0x00,0x00,0x00,0x00,0x00,0x00,0x00,0x00,0x00,
  0x00,0x00,0x00,0x00,0x00,0x00,0x00,0x00,0x00,0x00,0x00,0x00,
  0x00,0x00,0x00,0x00,0x00,0x00,0x00,0x00,0x00,0x00,0x00,0x00,
  0x00,0x00,0x00,0x00,0x00,0x00,0x00,0x00,0x00,0x00,0x00,0x00,
  0x00,0x00,0x00,0x00,0x00,0x00,0x00,0x00,0x00,0x00,0x00,0x00,
  0x00,0x00,0x00,0x00,0x00,0x00,0x00,0x00,0x00,0x00,0x00,0x00,
  0x00,0x00,0x00,0x00,0x00,0x00,0x00,0x00,0x00,0x00,0x00,0x00,
  0x00,0x00,0x00,0x00,0x00,0x00,0x00,0x00,0x00,0x00,0x00,0x00,
  0x00,0x00,0x00,0x00,0x00,0x00,0x00,0x00,0x00,0x00,0x00,0x00,
  0x00,0x00,0x00,0x00,0x00,0x00,0x00,0x00,0x00,0x00,0x00,0x00,
  0x00,0x00,0x00,0x00,0x00,0x00,0x00,0x00,0x00,0x00,0x00,0x00,
  0x00,0x00,0x00,0x00,0x00,0x00,0x00,0x00,0x00,0x00,0x00,0x00,
  0x00,0x00,0x00,0x00,0x00,0x00,0x00,0x00,0x00,0x00,0x00,0x00,
  0x00,0x00,0x00,0x00,0x00,0x00,0x00,0x00,0x00,0x00,0x00,0x00,
  0x00,0x00,0x00,0x00,0x00,0x00,0x00,0x00,0x00,0x00,0x00,0x00,
  0x00,0x00,0x00,0x00,0x00,0x00,0x00,0x00,0x00,0x00,0x00,0x00,
  0x00,0x00,0x00,0x00,0x00,0x00,0x00,0x00,0x00,0x00,0x00,0x00,
  0x00,0x00,0x00,0x00,0x00,0x00,0x00,0x00,0x00,0x00,0x00,0x00,
  0x00,0x00,0x00,0x00,0x00,0x00,0x00,0x00,0x00,0x00,0x00,0x00,
  0x00,0x00,0x00,0x00,0x00,0x00,0x00,0x00,0x00,0x00,0x00,0x00,
  0x00,0x00,0x00,0x00,0x00,0x00,0x00,0x00,0x00,0x00,0x00,0x00,
  0x00,0x00,0x00,0x00,0x00,0x00,0x00,0x00,0x00,0x00,0x00,0x00,
  0x00,0x00,0x00,0x00,0x00,0x00,0x00,0x00,0x00,0x00,0x00,0x00,
  0x00,0x00,0x00,0x00,0x00,0x00,0x00,0x00,0x00,0x00,0x00,0x00,
  0x00,0x00,0x00,0x00,0x00,0x00,0x00,0x00,0x00,0x00,0x00,0x00,
  0x00,0x00,0x00,0x00,0x00,0x00,0x00,0x00,0x00,0x00,0x00,0x00,
  0x00,0x00,0x00,0x00,0x00,0x00,0x00,0x00,0x00,0x00,0x00,0x00,
  0x00,0x00,0x00,0x00,0x01,0x00,0x00,0x00,0x0F,0x18,0x5D,0xD3,
  0x07,0x11,0x63,0xFF,0x09,0x13,0x61,0xFF,0x09,0x13,0x63,0xFF,
  0x08,0x12,0x61,0xFF,0x07,0x10,0x5E,0xFF,0x0A,0x18,0x71,0xFF,
  0x19,0x37,0xB0,0xFF,0x1B,0x39,0xB1,0xFF,0x1B,0x39,0xB1,0xFF,
  0x1A,0x39,0xB3,0xFF,0x1B,0x3B,0xB4,0xFF,0x1B,0x3C,0xB6,0xFF,
  0x1B,0x3B,0xB5,0xFF,0x1A,0x34,0xAE,0xFF,0x18,0x2E,0xAA,0xFF,
  0x1C,0x45,0xB6,0xFF,0x21,0x67,0xCE,0xFF,0x28,0x6F,0xCD,0xFF,
  0x78,0xE7,0xFB,0xFF,0x86,0xF6,0xFF,0xFF,0x84,0xF5,0xFF,0xFF,
  0x82,0xF1,0xFF,0xFF,0x7E,0xE9,0xFD,0xFF,0x7E,0xE9,0xFD,0xFF,
  0x7E,0xE9,0xFD,0xFF,0x7E,0xE9,0xFE,0xFF,0x7D,0xE9,0xFE,0xFF,
  0x7D,0xE9,0xFE,0xFF,0x7B,0xE7,0xFD,0xFF,0x81,0xEF,0xFF,0xFF,
  0x61,0xA7,0xCB,0xFF,0x44,0x77,0xA9,0xFF,0x1C,0x2F,0x77,0xFF,
  0x0E,0x16,0x64,0xFE,0x0D,0x18,0x65,0xFF,0x04,0x0B,0x56,0xFF,
  0x0F,0x27,0x84,0xFF,0x26,0x76,0xFA,0xFF,0x24,0x75,0xF3,0xFF,
  0x24,0x74,0xF2,0xFF,0x24,0x73,0xF2,0xFF,0x23,0x6F,0xF1,0xFF,
  0x25,0x75,0xEB,0xFF,0x24,0x71,0xDD,0xFF,0x24,0x6F,0xD8,0xFF,
  0x26,0x77,0xE3,0xFF,0x2B,0x90,0xFF,0xFF,0x2B,0x91,0xFC,0xFF,
  0x32,0xA1,0xFC,0xFF,0x36,0xA8,0xFE,0xFF,0x36,0xA5,0xFD,0xFF,
  0x39,0xAD,0xFD,0xFF,0x2E,0x82,0xD7,0xFF,0x06,0x0F,0x63,0xFF,
  0x0C,0x1C,0x7A,0xFF,0x19,0x33,0xA2,0xFF,0x19,0x35,0xA9,0xFF,
  0x19,0x36,0xAA,0xFF,0x18,0x34,0xA9,0xFF,0x25,0x4E,0xB4,0xFF,
  0x2E,0x5C,0xBB,0xFF,0x2F,0x5D,0xBB,0xFF,0x1D,0x41,0xAF,0xFF,
  0x13,0x2F,0xAD,0xFF,0x1B,0x39,0xAE,0xFE,0x17,0x32,0x9F,0xFC,
  0x18,0x32,0xA0,0xFC,0x18,0x32,0xA0,0xFC,0x19,0x33,0xA1,0xFA,
  0x17,0x32,0xA5,0xFC,0x25,0x39,0x98,0xDA,0x9C,0x9C,0x75,0x0D,
  0xFF,0xFF,0xFF,0x02,0xFF,0xFF,0xFF,0x02,0xFF,0xFF,0xFF,0x02,
  0xFF,0xFF,0x7F,0x02,0xFF,0xFF,0xFF,0x02,0xFF,0xFF,0xFF,0x01,
  0x00,0x00,0x00,0x00,0x00,0x00,0x00,0x00,0x00,0x00,0x00,0x00,
  0x00,0x00,0x00,0x00,0x00,0x00,0x00,0x00,0x00,0x00,0x00,0x00,
  0x00,0x00,0x00,0x00,0x00,0x00,0x00,0x00,0x00,0x00,0x00,0x00,
  0x00,0x00,0x00,0x00,0x00,0x00,0x00,0x00,0x00,0x00,0x00,0x00,
  0x00,0x00,0x00,0x00,0x00,0x00,0x00,0x00,0x00,0x00,0x00,0x00,
  0x00,0x00,0x00,0x00,0x00,0x00,0x00,0x00,0x00,0x00,0x00,0x00,
  0x00,0x00,0x00,0x00,0x00,0x00,0x00,0x00,0x00,0x00,0x00,0x00,
  0x00,0x00,0x00,0x00,0x00,0x00,0x00,0x00,0x00,0x00,0x00,0x00,
  0x00,0x00,0x00,0x00,0x00,0x00,0x00,0x00,0x00,0x00,0x00,0x00,
  0x00,0x00,0x00,0x00,0x00,0x00,0x00,0x00,0x00,0x00,0x00,0x00,
  0x00,0x00,0x00,0x00,0x00,0x00,0x00,0x00,0x00,0x00,0x00,0x00,
  0x00,0x00,0x00,0x00,0x00,0x00,0x00,0x00,0x00,0x00,0x00,0x00,
  0x00,0x00,0x00,0x00,0x00,0x00,0x00,0x00,0x00,0x00,0x00,0x00,
  0x00,0x00,0x00,0x00,0x00,0x00,0x00,0x00,0x00,0x00,0x00,0x00,
  0x00,0x00,0x00,0x00,0x00,0x00,0x00,0x00,0x00,0x00,0x00,0x00,
  0x00,0x00,0x00,0x00,0x00,0x00,0x00,0x00,0x00,0x00,0x00,0x00,
  0x00,0x00,0x00,0x00,0x00,0x00,0x00,0x00,0x00,0x00,0x00,0x00,
  0x00,0x00,0x00,0x00,0x00,0x00,0x00,0x00,0x00,0x00,0x00,0x00,
  0x00,0x00,0x00,0x00,0x00,0x00,0x00,0x00,0x00,0x00,0x00,0x00,
  0x00,0x00,0x00,0x00,0x00,0x00,0x00,0x00,0x00,0x00,0x00,0x00,
  0x00,0x00,0x00,0x00,0x00,0x00,0x00,0x00,0x00,0x00,0x00,0x00,
  0x00,0x00,0x00,0x00,0x00,0x00,0x00,0x00,0x00,0x00,0x00,0x00,
  0x00,0x00,0x00,0x00,0x00,0x00,0x00,0x00,0x00,0x00,0x00,0x00,
  0x00,0x00,0x00,0x00,0x00,0x00,0x00,0x00,0x00,0x00,0x00,0x00,
  0x00,0x00,0x00,0x00,0x00,0x00,0x00,0x00,0x00,0x00,0x00,0x00,
  0x00,0x00,0x00,0x00,0x00,0x00,0x00,0x00,0x00,0x00,0x00,0x00,
  0x00,0x00,0x00,0x00,0x00,0x00,0x7F,0x02,0x00,0x00,0x55,0x03,
  0x00,0x00,0x55,0x03,0x00,0x00,0x55,0x03,0x7F,0x7F,0xBF,0x04,
  0x27,0x30,0x6E,0x5A,0x19,0x20,0x65,0x6F,0x1D,0x26,0x6D,0x69,
  0x1C,0x23,0x67,0x6C,0x1D,0x24,0x65,0x71,0x30,0x36,0x76,0x74,
  0x1F,0x2B,0x75,0xAB,0x0F,0x24,0x8B,0xFC,0x11,0x24,0x8A,0xFB,
  0x11,0x25,0x88,0xFC,0x10,0x23,0x88,0xFC,0x10,0x24,0x89,0xFC,
  0x10,0x23,0x87,0xFC,0x13,0x29,0x91,0xFF,0x1B,0x3A,0xB1,0xFF,
  0x1A,0x3A,0xB1,0xFF,0x1A,0x37,0xAF,0xFF,0x18,0x2F,0xAB,0xFF,
  0x1A,0x37,0xAD,0xFF,0x38,0x71,0xC2,0xFF,0x3E,0x7A,0xC5,0xFF,
  0x39,0x70,0xC2,0xFF,0x50,0x9E,0xD8,0xFF,0x85,0xF7,0xFF,0xFF,
  0x83,0xF1,0xFF,0xFF,0x82,0xF2,0xFF,0xFF,0x7F,0xEC,0xFE,0xFF,
  0x7D,0xE9,0xFE,0xFF,0x7D,0xE9,0xFE,0xFF,0x7B,0xE6,0xFC,0xFF,
  0x86,0xF7,0xFF,0xFF,0x36,0x5B,0x96,0xFF,0x00,0x00,0x47,0xFF,
  0x10,0x18,0x63,0xFE,0x15,0x1D,0x69,0xFE,0x0D,0x17,0x65,0xFF,
  0x05,0x0E,0x5B,0xFF,0x10,0x27,0x84,0xFF,0x25,0x6C,0xEE,0xFF,
  0x24,0x75,0xF1,0xFF,0x24,0x76,0xF4,0xFF,0x24,0x73,0xF1,0xFF,
  0x25,0x78,0xF9,0xFF,0x1A,0x49,0xB3,0xFF,0x09,0x10,0x66,0xFF,
  0x0A,0x12,0x68,0xFF,0x0F,0x24,0x80,0xFF,0x21,0x64,0xCE,0xFF,
  0x32,0x9F,0xF8,0xFF,0x37,0xAA,0xFF,0xFF,0x36,0xA6,0xFE,0xFF,
  0x35,0xA5,0xFC,0xFF,0x38,0xAF,0xFF,0xFF,0x2F,0x87,0xDB,0xFF,
  0x06,0x0E,0x64,0xFF,0x0D,0x1D,0x7B,0xFF,0x1A,0x33,0xA4,0xFF,
  0x19,0x37,0xAD,0xFF,0x19,0x36,0xAC,0xFF,0x10,0x27,0xA2,0xFF,
  0x53,0xA3,0xD7,0xFF,0x7F,0xF2,0xFE,0xFF,0x7B,0xEC,0xFD,0xFF,
  0x60,0xBA,0xE5,0xFF,0x2E,0x60,0xBE,0xFF,0x15,0x32,0xAF,0xFF,
  0x1B,0x3A,0xB5,0xFF,0x1B,0x3C,0xB7,0xFF,0x1C,0x3E,0xB9,0xFF,
  0x1C,0x3F,0xB8,0xFF,0x1D,0x41,0xBE,0xFF,0x1B,0x34,0x9E,0xFA,
  0x0C,0x15,0x62,0xDA,0x0C,0x16,0x67,0xD8,0x0C,0x16,0x65,0xD8,
  0x0F,0x17,0x62,0xD9,0x0E,0x17,0x64,0xD6,0x10,0x1A,0x6A,0xDC,
  0x2E,0x37,0x76,0x52,0x00,0x55,0x55,0x03,0x2A,0x2A,0x7F,0x06,
  0x00,0x55,0x55,0x03,0x3F,0x3F,0x7F,0x04,0x7F,0x7F,0x7F,0x02,
  0x00,0x00,0x00,0x00,0x00,0x00,0x00,0x00,0x00,0x00,0x00,0x00,
  0x00,0x00,0x00,0x00,0x00,0x00,0x00,0x00,0x00,0x00,0x00,0x00,
  0x00,0x00,0x00,0x00,0x00,0x00,0x00,0x00,0x00,0x00,0x00,0x00,
  0x00,0x00,0x00,0x00,0x00,0x00,0x00,0x00,0x00,0x00,0x00,0x00,
  0x00,0x00,0x00,0x00,0x00,0x00,0x00,0x00,0x00,0x00,0x00,0x00,
  0x00,0x00,0x00,0x00,0x00,0x00,0x00,0x00,0x00,0x00,0x00,0x00,
  0x00,0x00,0x00,0x00,0x00,0x00,0x00,0x00,0x00,0x00,0x00,0x00,
  0x00,0x00,0x00,0x00,0x00,0x00,0x00,0x00,0x00,0x00,0x00,0x00,
  0x00,0x00,0x00,0x00,0x00,0x00,0x00,0x00,0x00,0x00,0x00,0x00,
  0x00,0x00,0x00,0x00,0x00,0x00,0x00,0x00,0x00,0x00,0x00,0x00,
  0x00,0x00,0x00,0x00,0x00,0x00,0x00,0x00,0x00,0x00,0x00,0x00,
  0x00,0x00,0x00,0x00,0x00,0x00,0x00,0x00,0x00,0x00,0x00,0x00,
  0x00,0x00,0x00,0x00,0x00,0x00,0x00,0x00,0x00,0x00,0x00,0x00,
  0x00,0x00,0x00,0x00,0x00,0x00,0x00,0x00,0x00,0x00,0x00,0x00,
  0x00,0x00,0x00,0x00,0x00,0x00,0x00,0x00,0x00,0x00,0x00,0x00,
  0x00,0x00,0x00,0x00,0x00,0x00,0x00,0x00,0x00,0x00,0x00,0x00,
  0x00,0x00,0x00,0x00,0x00,0x00,0x00,0x00,0x00,0x00,0x00,0x00,
  0x00,0x00,0x00,0x00,0x00,0x00,0x00,0x00,0x00,0x00,0x00,0x00,
  0x00,0x00,0x00,0x00,0x00,0x00,0x00,0x00,0x00,0x00,0x00,0x00,
  0x00,0x00,0x00,0x00,0x00,0x00,0x00,0x00,0x00,0x00,0x00,0x00,
  0x00,0x00,0x00,0x00,0x00,0x00,0x00,0x00,0x00,0x00,0x00,0x00,
  0x00,0x00,0x00,0x00,0x00,0x00,0x00,0x00,0x00,0x00,0x00,0x00,
  0x00,0x00,0x00,0x00,0x00,0x00,0x00,0x00,0x00,0x00,0x00,0x00,
  0x00,0x00,0x00,0x00,0x00,0x00,0x00,0x00,0x00,0x00,0x00,0x00,
  0x00,0x00,0x00,0x00,0x00,0x00,0x00,0x00,0x00,0x00,0x00,0x00,
  0x00,0x00,0x00,0x00,0x00,0x00,0x00,0x00,0x00,0x00,0x00,0x00,
  0x00,0x00,0x00,0x00,0x00,0x00,0x00,0x00,0x00,0x00,0x00,0x00,
  0x00,0x00,0x00,0x00,0x00,0x00,0x00,0x00,0x00,0x00,0x00,0x00,
  0x01,0x00,0x00,0x00,0x22,0x2A,0x6E,0x5A,0x0E,0x17,0x6C,0xFF,
  0x09,0x12,0x61,0xFF,0x08,0x11,0x5E,0xFF,0x07,0x0F,0x5B,0xFF,
  0x05,0x0E,0x5D,0xFF,0x04,0x0C,0x58,0xFF,0x09,0x17,0x6E,0xFF,
  0x1B,0x3B,0xB3,0xFF,0x1C,0x3B,0xB3,0xFF,0x1C,0x3B,0xB2,0xFF,
  0x1B,0x3B,0xB3,0xFF,0x18,0x38,0xB1,0xFF,0x12,0x2B,0xA9,0xFF,
  0x12,0x2C,0xA8,0xFF,0x0D,0x22,0xA4,0xFF,0x2C,0x5E,0xBD,0xFF,
  0x6E,0xD3,0xF0,0xFF,0x6C,0xCA,0xEE,0xFF,0x6C,0xC8,0xEC,0xFF,
  0x79,0xE2,0xF9,0xFF,0x7F,0xEA,0xFE,0xFF,0x7C,0xE8,0xFE,0xFF,
  0x7A,0xE7,0xFC,0xFF,0x84,0xF6,0xFF,0xFF,0x3C,0x65,0x9D,0xFF,
  0x02,0x05,0x55,0xFF,0x11,0x1B,0x65,0xFE,0x13,0x1D,0x6A,0xFE,
  0x0D,0x17,0x65,0xFF,0x05,0x0D,0x5A,0xFF,0x0F,0x27,0x84,0xFF,
  0x25,0x6C,0xEE,0xFF,0x24,0x6F,0xEE,0xFF,0x24,0x71,0xF0,0xFF,
  0x24,0x6C,0xEB,0xFF,0x26,0x76,0xF8,0xFF,0x1A,0x49,0xB0,0xFF,
  0x07,0x0F,0x60,0xFF,0x0B,0x17,0x6D,0xFF,0x08,0x12,0x68,0xFF,
  0x0F,0x21,0x7E,0xFF,0x32,0x9A,0xF4,0xFF,0x37,0xA9,0xFF,0xFF,
  0x36,0xA6,0xFD,0xFF,0x36,0xA5,0xFC,0xFF,0x38,0xAF,0xFF,0xFF,
  0x2E,0x86,0xDA,0xFF,0x05,0x0E,0x63,0xFF,0x0D,0x1D,0x7B,0xFF,
  0x1A,0x32,0xA1,0xFF,0x18,0x32,0xA4,0xFF,0x1B,0x3A,0xA8,0xFF,
  0x19,0x3A,0xA9,0xFF,0x56,0xA7,0xD8,0xFF,0x7E,0xF6,0xFF,0xFF,
  0x75,0xE5,0xFC,0xFF,0x83,0xFB,0xFF,0xFF,0x59,0xAD,0xDD,0xFF,
  0x19,0x3A,0xB0,0xFF,0x20,0x46,0xB5,0xFF,0x20,0x46,0xB6,0xFF,
  0x1D,0x40,0xB4,0xFF,0x1B,0x3B,0xB3,0xFF,0x1C,0x3E,0xB7,0xFF,
  0x18,0x32,0x9E,0xFF,0x0A,0x1A,0x7A,0xFF,0x0D,0x1D,0x7E,0xFF,
  0x0C,0x1B,0x7A,0xFF,0x0B,0x1A,0x7A,0xFF,0x0C,0x1C,0x7D,0xFF,
  0x0D,0x1B,0x79,0xFF,0x22,0x2B,0x68,0x58,0x00,0x00,0x00,0x00,
  0x00,0x00,0x00,0x00,0x00,0x00,0x00,0x00,0x00,0x00,0x00,0x00,
  0x00,0x00,0x00,0x00,0x00,0x00,0x00,0x00,0x00,0x00,0x00,0x00,
  0x00,0x00,0x00,0x00,0x00,0x00,0x00,0x00,0x00,0x00,0x00,0x00,
  0x00,0x00,0x00,0x00,0x00,0x00,0x00,0x00,0x00,0x00,0x00,0x00,
  0x00,0x00,0x00,0x00,0x00,0x00,0x00,0x00,0x00,0x00,0x00,0x00,
  0x00,0x00,0x00,0x00,0x00,0x00,0x00,0x00,0x00,0x00,0x00,0x00,
  0x00,0x00,0x00,0x00,0x00,0x00,0x00,0x00,0x00,0x00,0x00,0x00,
  0x00,0x00,0x00,0x00,0x00,0x00,0x00,0x00,0x00,0x00,0x00,0x00,
  0x00,0x00,0x00,0x00,0x00,0x00,0x00,0x00,0x00,0x00,0x00,0x00,
  0x00,0x00,0x00,0x00,0x00,0x00,0x00,0x00,0x00,0x00,0x00,0x00,
  0x00,0x00,0x00,0x00,0x00,0x00,0x00,0x00,0x00,0x00,0x00,0x00,
  0x00,0x00,0x00,0x00,0x00,0x00,0x00,0x00,0x00,0x00,0x00,0x00,
  0x00,0x00,0x00,0x00,0x00,0x00,0x00,0x00,0x00,0x00,0x00,0x00,
  0x00,0x00,0x00,0x00,0x00,0x00,0x00,0x00,0x00,0x00,0x00,0x00,
  0x00,0x00,0x00,0x00,0x00,0x00,0x00,0x00,0x00,0x00,0x00,0x00,
  0x00,0x00,0x00,0x00,0x00,0x00,0x00,0x00,0x00,0x00,0x00,0x00,
  0x00,0x00,0x00,0x00,0x00,0x00,0x00,0x00,0x00,0x00,0x00,0x00,
  0x00,0x00,0x00,0x00,0x00,0x00,0x00,0x00,0x00,0x00,0x00,0x00,
  0x00,0x00,0x00,0x00,0x00,0x00,0x00,0x00,0x00,0x00,0x00,0x00,
  0x00,0x00,0x00,0x00,0x00,0x00,0x00,0x00,0x00,0x00,0x00,0x00,
  0x00,0x00,0x00,0x00,0x00,0x00,0x00,0x00,0x00,0x00,0x00,0x00,
  0x00,0x00,0x00,0x00,0x00,0x00,0x00,0x00,0x00,0x00,0x00,0x00,
  0x00,0x00,0x00,0x00,0x00,0x00,0x00,0x00,0x00,0x00,0x00,0x00,
  0x00,0x00,0x00,0x00,0x00,0x00,0x00,0x00,0x00,0x00,0x00,0x00,
  0x00,0x00,0x00,0x00,0x00,0x00,0x00,0x00,0x00,0x00,0x00,0x00,
  0x00,0x00,0x00,0x00,0x00,0x00,0x00,0x00,0x00,0x00,0x00,0x00,
  0x00,0x00,0x00,0x00,0x00,0x00,0x00,0x00,0x00,0x00,0x00,0x00,
  0x00,0x00,0x00,0x00,0x00,0x00,0x00,0x00,0x00,0x55,0x55,0x03,
  0x00,0x00,0x7F,0x04,0x00,0x3F,0x7F,0x04,0x00,0x3F,0x7F,0x04,
  0x00,0x33,0x66,0x05,0x00,0x00,0x3F,0x04,0x30,0x30,0x75,0x25,
  0x2A,0x32,0x78,0x66,0x25,0x2F,0x6C,0x67,0x1B,0x22,0x65,0x67,
  0x1A,0x21,0x61,0x6B,0x1A,0x22,0x63,0x69,0x23,0x2C,0x66,0x73,
  0x18,0x26,0x7A,0xED,0x18,0x35,0xAC,0xFD,0x1B,0x38,0xAE,0xFC,
  0x1B,0x38,0xAC,0xFD,0x1B,0x38,0xAC,0xFD,0x1A,0x37,0xAB,0xFD,
  0x1B,0x3A,0xB0,0xFF,0x1B,0x3A,0xAF,0xFF,0x1A,0x38,0xAE,0xFF,
  0x19,0x39,0xAD,0xFF,0x1A,0x39,0xAC,0xFF,0x19,0x37,0xAC,0xFF,
  0x16,0x36,0xAA,0xFF,0x6A,0xCA,0xEC,0xFF,0x88,0xF8,0xFF,0xFF,
  0x7D,0xEB,0xFE,0xFF,0x79,0xE5,0xFB,0xFF,0x81,0xF4,0xFE,0xFF,
  0x39,0x62,0x9B,0xFF,0x01,0x04,0x51,0xFF,0x12,0x1B,0x66,0xFE,
  0x13,0x1D,0x6B,0xFF,0x0C,0x17,0x66,0xFF,0x05,0x0D,0x5A,0xFF,
  0x0E,0x25,0x81,0xFF,0x23,0x66,0xE9,0xFF,0x21,0x60,0xE2,0xFF,
  0x21,0x60,0xE3,0xFF,0x22,0x60,0xE1,0xFF,0x25,0x6E,0xF1,0xFF,
  0x1A,0x45,0xAF,0xFF,0x08,0x11,0x62,0xFF,0x0A,0x17,0x6B,0xFF,
  0x0C,0x19,0x70,0xFF,0x15,0x2E,0x96,0xFF,0x2D,0x90,0xF3,0xFF,
  0x37,0xAC,0xFF,0xFF,0x37,0xA7,0xFE,0xFF,0x36,0xA4,0xFC,0xFF,
  0x38,0xAD,0xFF,0xFF,0x2E,0x84,0xDB,0xFF,0x05,0x0E,0x63,0xFF,
  0x0D,0x1D,0x7D,0xFF,0x18,0x2F,0x95,0xFF,0x07,0x10,0x71,0xFF,
  0x2F,0x57,0x9A,0xFF,0x78,0xE0,0xF5,0xFF,0x78,0xE1,0xF7,0xFF,
  0x79,0xEB,0xFE,0xFF,0x78,0xE9,0xFD,0xFF,0x7A,0xEA,0xFE,0xFF,
  0x78,0xE1,0xF8,0xFF,0x74,0xD4,0xF1,0xFF,0x73,0xD5,0xF1,0xFF,
  0x76,0xDD,0xF5,0xFF,0x2E,0x61,0xBF,0xFF,0x0D,0x24,0xA9,0xFF,
  0x14,0x2F,0xAE,0xFF,0x14,0x2F,0xAF,0xFF,0x1B,0x3A,0xB8,0xFD,
  0x20,0x41,0xBA,0xFD,0x1E,0x3F,0xB7,0xFD,0x1E,0x3D,0xB8,0xFD,
  0x1F,0x41,0xC0,0xFC,0x16,0x2C,0x97,0xFD,0x26,0x2B,0x6A,0x92,
  0x33,0x3A,0x7A,0x4F,0x32,0x3B,0x79,0x56,0x36,0x3F,0x81,0x55,
  0x3F,0x4A,0x8A,0x5C,0x4E,0x5A,0x91,0x41,0x00,0x00,0x00,0x01,
  0x00,0x00,0x00,0x01,0x00,0x00,0x00,0x00,0x00,0x00,0x00,0x00,
  0x00,0x00,0x00,0x00,0x00,0x00,0x00,0x00,0x00,0x00,0x00,0x00,
  0x00,0x00,0x00,0x00,0x00,0x00,0x00,0x00,0x00,0x00,0x00,0x00,
  0x00,0x00,0x00,0x00,0x00,0x00,0x00,0x00,0x00,0x00,0x00,0x00,
  0x00,0x00,0x00,0x00,0x00,0x00,0x00,0x00,0x00,0x00,0x00,0x00,
  0x00,0x00,0x00,0x00,0x00,0x00,0x00,0x00,0x00,0x00,0x00,0x00,
  0x00,0x00,0x00,0x00,0x00,0x00,0x00,0x00,0x00,0x00,0x00,0x00,
  0x00,0x00,0x00,0x00,0x00,0x00,0x00,0x00,0x00,0x00,0x00,0x00,
  0x00,0x00,0x00,0x00,0x00,0x00,0x00,0x00,0x00,0x00,0x00,0x00,
  0x00,0x00,0x00,0x00,0x00,0x00,0x00,0x00,0x00,0x00,0x00,0x00,
  0x00,0x00,0x00,0x00,0x00,0x00,0x00,0x00,0x00,0x00,0x00,0x00,
  0x00,0x00,0x00,0x00,0x00,0x00,0x00,0x00,0x00,0x00,0x00,0x00,
  0x00,0x00,0x00,0x00,0x00,0x00,0x00,0x00,0x00,0x00,0x00,0x00,
  0x00,0x00,0x00,0x00,0x00,0x00,0x00,0x00,0x00,0x00,0x00,0x00,
  0x00,0x00,0x00,0x00,0x00,0x00,0x00,0x00,0x00,0x00,0x00,0x00,
  0x00,0x00,0x00,0x00,0x00,0x00,0x00,0x00,0x00,0x00,0x00,0x00,
  0x00,0x00,0x00,0x00,0x00,0x00,0x00,0x00,0x00,0x00,0x00,0x00,
  0x00,0x00,0x00,0x00,0x00,0x00,0x00,0x00,0x00,0x00,0x00,0x00,
  0x00,0x00,0x00,0x00,0x00,0x00,0x00,0x00,0x00,0x00,0x00,0x00,
  0x00,0x00,0x00,0x00,0x00,0x00,0x00,0x00,0x00,0x00,0x00,0x00,
  0x00,0x00,0x00,0x00,0x00,0x00,0x00,0x00,0x00,0x00,0x00,0x00,
  0x00,0x00,0x00,0x00,0x00,0x00,0x00,0x00,0x00,0x00,0x00,0x00,
  0x00,0x00,0x00,0x00,0x00,0x00,0x00,0x00,0x00,0x00,0x00,0x00,
  0x00,0x00,0x00,0x00,0x00,0x00,0x00,0x00,0x00,0x00,0x00,0x00,
  0x00,0x00,0x00,0x00,0x00,0x00,0x00,0x00,0x00,0x00,0x00,0x00,
  0x00,0x00,0x00,0x00,0x00,0x00,0x00,0x00,0x00,0x00,0x00,0x00,
  0x00,0x00,0x00,0x00,0x00,0x00,0x00,0x00,0x00,0x00,0x00,0x00,
  0x00,0x00,0x00,0x00,0x00,0x00,0x00,0x00,0x00,0x00,0x00,0x00,
  0x00,0x00,0x00,0x00,0x00,0x00,0x00,0x00,0x00,0x00,0x00,0x00,
  0x00,0x00,0x00,0x00,0x00,0x00,0x00,0x00,0x00,0x00,0x00,0x00,
  0xFF,0xFF,0xFF,0x04,0x1A,0x23,0x6B,0xEB,0x03,0x0F,0x65,0xFF,
  0x08,0x13,0x65,0xFF,0x07,0x13,0x65,0xFF,0x06,0x12,0x66,0xFF,
  0x0A,0x17,0x6C,0xFF,0x19,0x35,0xA9,0xFF,0x1A,0x38,0xB1,0xFF,
  0x19,0x37,0xAE,0xFF,0x1A,0x37,0xAE,0xFF,0x1A,0x36,0xAE,0xFF,
  0x19,0x36,0xAD,0xFF,0x18,0x35,0xAB,0xFF,0x30,0x63,0xBE,0xFF,
  0x32,0x66,0xBE,0xFF,0x46,0x8C,0xD1,0xFF,0x7E,0xF3,0xFF,0xFF,
  0x81,0xFC,0xFF,0xFF,0x38,0x65,0x9D,0xFF,0x01,0x02,0x4D,0xFF,
  0x0E,0x18,0x60,0xFE,0x12,0x1B,0x69,0xFF,0x0D,0x17,0x65,0xFF,
  0x05,0x0C,0x59,0xFF,0x0E,0x23,0x7D,0xFF,0x21,0x63,0xE7,0xFF,
  0x20,0x5F,0xE2,0xFF,0x20,0x60,0xE3,0xFF,0x21,0x60,0xE2,0xFF,
  0x25,0x6B,0xEE,0xFF,0x19,0x43,0xAF,0xFF,0x07,0x0C,0x5B,0xFF,
  0x08,0x0F,0x60,0xFF,0x0B,0x15,0x6F,0xFF,0x15,0x2B,0x9A,0xFF,
  0x24,0x72,0xED,0xFF,0x2D,0x8F,0xFA,0xFF,0x33,0xA0,0xFB,0xFF,
  0x36,0xA7,0xFD,0xFF,0x39,0xB0,0xFF,0xFF,0x2F,0x88,0xDA,0xFF,
  0x06,0x0F,0x65,0xFF,0x0E,0x1E,0x7D,0xFF,0x15,0x2B,0x8E,0xFF,
  0x04,0x0D,0x6E,0xFF,0x31,0x59,0x9A,0xFF,0x85,0xF9,0xFF,0xFF,
  0x7A,0xEA,0xFE,0xFF,0x7A,0xEA,0xFE,0xFF,0x7B,0xEA,0xFE,0xFF,
  0x7B,0xEA,0xFE,0xFF,0x7C,0xEC,0xFF,0xFF,0x7E,0xEF,0xFF,0xFF,
  0x7E,0xEF,0xFF,0xFF,0x80,0xF3,0xFF,0xFF,0x5D,0xB5,0xE5,0xFF,
  0x4F,0x99,0xD7,0xFF,0x52,0x9E,0xD9,0xFF,0x55,0xA3,0xDA,0xFF,
  0x31,0x64,0xC2,0xFF,0x14,0x2F,0xB1,0xFF,0x18,0x36,0xB3,0xFF,
  0x1A,0x3A,0xB4,0xFF,0x1D,0x3F,0xBD,0xFF,0x14,0x29,0x91,0xFF,
  0x0B,0x13,0x64,0xFF,0x0E,0x19,0x6C,0xFF,0x0D,0x18,0x6C,0xFF,
  0x0E,0x19,0x6A,0xFF,0x10,0x1B,0x71,0xFF,0x17,0x20,0x69,0xC4,
  0x00,0x00,0x00,0x01,0x00,0x00,0x7F,0x02,0x00,0x00,0x00,0x00,
  0x00,0x00,0x00,0x00,0x00,0x00,0x00,0x00,0x00,0x00,0x00,0x00,
  0x00,0x00,0x00,0x00,0x00,0x00,0x00,0x01,0x00,0x00,0x00,0x00,
  0x00,0x00,0x00,0x00,0x00,0x00,0x00,0x00,0x00,0x00,0x00,0x00,
  0x00,0x00,0x00,0x00,0x00,0x00,0x00,0x00,0x00,0x00,0x00,0x00,
  0x00,0x00,0x00,0x00,0x00,0x00,0x00,0x00,0x00,0x00,0x00,0x00,
  0x00,0x00,0x00,0x00,0x00,0x00,0x00,0x00,0x00,0x00,0x00,0x00,
  0x00,0x00,0x00,0x00,0x00,0x00,0x00,0x00,0x00,0x00,0x00,0x00,
  0x00,0x00,0x00,0x00,0x00,0x00,0x00,0x00,0x00,0x00,0x00,0x00,
  0x00,0x00,0x00,0x00,0x00,0x00,0x00,0x00,0x00,0x00,0x00,0x00,
  0x00,0x00,0x00,0x00,0x00,0x00,0x00,0x00,0x00,0x00,0x00,0x00,
  0x00,0x00,0x00,0x00,0x00,0x00,0x00,0x00,0x00,0x00,0x00,0x00,
  0x00,0x00,0x00,0x00,0x00,0x00,0x00,0x00,0x00,0x00,0x00,0x00,
  0x00,0x00,0x00,0x00,0x00,0x00,0x00,0x00,0x00,0x00,0x00,0x00,
  0x00,0x00,0x00,0x00,0x00,0x00,0x00,0x00,0x00,0x00,0x00,0x00,
  0x00,0x00,0x00,0x00,0x00,0x00,0x00,0x00,0x00,0x00,0x00,0x00,
  0x00,0x00,0x00,0x00,0x00,0x00,0x00,0x00,0x00,0x00,0x00,0x00,
  0x00,0x00,0x00,0x00,0x00,0x00,0x00,0x00,0x00,0x00,0x00,0x00,
  0x00,0x00,0x00,0x00,0x00,0x00,0x00,0x00,0x00,0x00,0x00,0x00,
  0x00,0x00,0x00,0x00,0x00,0x00,0x00,0x00,0x00,0x00,0x00,0x00,
  0x00,0x00,0x00,0x00,0x00,0x00,0x00,0x00,0x00,0x00,0x00,0x00,
  0x00,0x00,0x00,0x00,0x00,0x00,0x00,0x00,0x00,0x00,0x00,0x00,
  0x00,0x00,0x00,0x00,0x00,0x00,0x00,0x00,0x00,0x00,0x00,0x00,
  0x00,0x00,0x00,0x00,0x00,0x00,0x00,0x00,0x00,0x00,0x00,0x00,
  0x00,0x00,0x00,0x00,0x00,0x00,0x00,0x00,0x00,0x00,0x00,0x00,
  0x00,0x00,0x00,0x00,0x00,0x00,0x00,0x00,0x00,0x00,0x00,0x00,
  0x00,0x00,0x00,0x00,0x00,0x00,0x00,0x00,0x00,0x00,0x00,0x00,
  0x00,0x00,0x00,0x00,0x00,0x00,0x00,0x00,0x00,0x00,0x00,0x00,
  0x00,0x00,0x00,0x00,0x00,0x00,0xFF,0x01,0x00,0x00,0x55,0x03,
  0x00,0x00,0x55,0x03,0x00,0x00,0x55,0x03,0x00,0x00,0x7F,0x04,
  0x00,0x00,0x55,0x03,0x7F,0x8D,0xAA,0x12,0x23,0x2C,0x6C,0xC7,
  0x10,0x18,0x60,0xDE,0x13,0x1B,0x61,0xDB,0x12,0x1B,0x62,0xDD,
  0x10,0x19,0x61,0xD9,0x11,0x1C,0x69,0xE0,0x19,0x34,0xA4,0xFD,
  0x18,0x34,0xAA,0xFD,0x19,0x34,0xA8,0xFD,0x1A,0x36,0xAB,0xFD,
  0x1A,0x38,0xAF,0xFF,0x1A,0x37,0xAD,0xFF,0x1A,0x37,0xAD,0xFF,
  0x15,0x30,0xAA,0xFF,0x0E,0x23,0xA4,0xFF,0x27,0x56,0xBB,0xFF,
  0x66,0xC8,0xEA,0xFF,0x69,0xC8,0xE7,0xFF,0x2E,0x52,0x8E,0xFF,
  0x02,0x06,0x4F,0xFF,0x09,0x12,0x58,0xFF,0x10,0x19,0x67,0xFF,
  0x0C,0x17,0x66,0xFF,0x05,0x0D,0x57,0xFF,0x0E,0x24,0x7D,0xFF,
  0x21,0x63,0xE6,0xFF,0x20,0x5F,0xE2,0xFF,0x20,0x60,0xE3,0xFF,
  0x20,0x60,0xE3,0xFF,0x21,0x62,0xE6,0xFF,0x1F,0x5B,0xD6,0xFF,
  0x1C,0x4F,0xB7,0xFF,0x1D,0x54,0xBA,0xFF,0x1E,0x55,0xBD,0xFF,
  0x21,0x5D,0xCC,0xFF,0x25,0x76,0xF2,0xFF,0x22,0x71,0xF3,0xFF,
  0x2D,0x95,0xF8,0xFF,0x35,0xA8,0xF9,0xFF,0x31,0x9D,0xFD,0xFF,
  0x26,0x72,0xD5,0xFF,0x07,0x11,0x66,0xFF,0x0C,0x1C,0x7A,0xFF,
  0x14,0x29,0x8C,0xFF,0x06,0x10,0x70,0xFF,0x30,0x59,0x9A,0xFF,
  0x81,0xF3,0xFE,0xFF,0x79,0xE8,0xFD,0xFF,0x7B,0xEA,0xFE,0xFF,
  0x7B,0xEA,0xFE,0xFF,0x7B,0xEA,0xFE,0xFF,0x7B,0xEA,0xFE,0xFF,
  0x7A,0xE9,0xFD,0xFF,0x7A,0xE9,0xFE,0xFF,0x7A,0xE8,0xFD,0xFF,
  0x81,0xF5,0xFF,0xFF,0x83,0xFA,0xFF,0xFF,0x82,0xF6,0xFF,0xFF,
  0x89,0xFF,0xFF,0xFF,0x4E,0x9C,0xD8,0xFF,0x22,0x51,0xBD,0xFF,
  0x29,0x5C,0xBF,0xFF,0x1D,0x42,0xB6,0xFF,0x1A,0x3B,0xB7,0xFF,
  0x19,0x35,0xA6,0xFF,0x16,0x2E,0x97,0xFD,0x15,0x2D,0x9A,0xFD,
  0x14,0x2C,0x96,0xFD,0x14,0x2A,0x92,0xFA,0x15,0x2B,0x99,0xFC,
  0x1F,0x31,0x89,0xBA,0x05,0x04,0x00,0x00,0x03,0x03,0x02,0x00,
  0x03,0x03,0x01,0x00,0x03,0x03,0x01,0x00,0x04,0x04,0x02,0x00,
  0x04,0x04,0x02,0x00,0x04,0x04,0x01,0x00,0x01,0x01,0x00,0x00,
  0x00,0x00,0x00,0x00,0x00,0x00,0x00,0x00,0x00,0x00,0x00,0x00,
  0x00,0x00,0x00,0x00,0x00,0x00,0x00,0x00,0x00,0x00,0x00,0x00,
  0x00,0x00,0x00,0x00,0x00,0x00,0x00,0x00,0x00,0x00,0x00,0x00,
  0x00,0x00,0x00,0x00,0x00,0x00,0x00,0x00,0x00,0x00,0x00,0x00,
  0x00,0x00,0x00,0x00,0x00,0x00,0x00,0x00,0x00,0x00,0x00,0x00,
  0x00,0x00,0x00,0x00,0x00,0x00,0x00,0x00,0x00,0x00,0x00,0x00,
  0x00,0x00,0x00,0x00,0x00,0x00,0x00,0x00,0x00,0x00,0x00,0x00,
  0x00,0x00,0x00,0x00,0x00,0x00,0x00,0x00,0x00,0x00,0x00,0x00,
  0x00,0x00,0x00,0x00,0x00,0x00,0x00,0x00,0x00,0x00,0x00,0x00,
  0x00,0x00,0x00,0x00,0x00,0x00,0x00,0x00,0x00,0x00,0x00,0x00,
  0x00,0x00,0x00,0x00,0x00,0x00,0x00,0x00,0x00,0x00,0x00,0x00,
  0x00,0x00,0x00,0x00,0x00,0x00,0x00,0x00,0x00,0x00,0x00,0x00,
  0x00,0x00,0x00,0x00,0x00,0x00,0x00,0x00,0x00,0x00,0x00,0x00,
  0x00,0x00,0x00,0x00,0x00,0x00,0x00,0x00,0x00,0x00,0x00,0x00,
  0x00,0x00,0x00,0x00,0x00,0x00,0x00,0x00,0x00,0x00,0x00,0x00,
  0x00,0x00,0x00,0x00,0x00,0x00,0x00,0x00,0x00,0x00,0x00,0x00,
  0x00,0x00,0x00,0x00,0x00,0x00,0x00,0x00,0x00,0x00,0x00,0x00,
  0x00,0x00,0x00,0x00,0x00,0x00,0x00,0x00,0x00,0x00,0x00,0x00,
  0x00,0x00,0x00,0x00,0x00,0x00,0x00,0x00,0x00,0x00,0x00,0x00,
  0x00,0x00,0x00,0x00,0x00,0x00,0x00,0x00,0x00,0x00,0x00,0x00,
  0x00,0x00,0x00,0x00,0x00,0x00,0x00,0x00,0x00,0x00,0x00,0x00,
  0x00,0x00,0x00,0x00,0x00,0x00,0x00,0x00,0x00,0x00,0x00,0x00,
  0x00,0x00,0x00,0x00,0x00,0x00,0x00,0x00,0x00,0x00,0x00,0x00,
  0x00,0x00,0x00,0x00,0x00,0x00,0x00,0x00,0x00,0x00,0x00,0x00,
  0x00,0x00,0x00,0x00,0x00,0x00,0x00,0x00,0x00,0x00,0x00,0x00,
  0x00,0x00,0x00,0x00,0x00,0x00,0x00,0x00,0x00,0x00,0x00,0x00,
  0x00,0x00,0x00,0x00,0x00,0x00,0x00,0x00,0x00,0x00,0x00,0x00,
  0x00,0x00,0x00,0x00,0x00,0x00,0x00,0x00,0x00,0x00,0x00,0x01,
  0x94,0x94,0xAA,0x0C,0x91,0xA3,0xB6,0x0E,0x9C,0x9C,0xC4,0x0D,
  0x7F,0x7F,0xAF,0x10,0x94,0x94,0xBF,0x0C,0x47,0x50,0x81,0x39,
  0x13,0x20,0x71,0xFF,0x0B,0x17,0x71,0xFF,0x0A,0x16,0x6A,0xFF,
  0x0D,0x1C,0x79,0xFF,0x1D,0x3B,0xB5,0xFF,0x1C,0x3B,0xB4,0xFF,
  0x1B,0x39,0xB3,0xFF,0x19,0x38,0xAF,0xFF,0x19,0x37,0xAC,0xFF,
  0x18,0x38,0xAF,0xFF,0x13,0x2E,0x9A,0xFF,0x0C,0x17,0x65,0xFF,
  0x09,0x13,0x5E,0xFF,0x08,0x10,0x57,0xFF,0x08,0x10,0x57,0xFF,
  0x12,0x1A,0x66,0xFF,0x10,0x1A,0x67,0xFF,0x05,0x0D,0x56,0xFF,
  0x0F,0x24,0x7D,0xFF,0x21,0x64,0xE8,0xFF,0x20,0x60,0xE2,0xFF,
  0x20,0x5E,0xE2,0xFF,0x1F,0x5D,0xE1,0xFF,0x1F,0x5D,0xE1,0xFF,
  0x20,0x5E,0xE4,0xFF,0x24,0x6F,0xF2,0xFF,0x26,0x7E,0xFC,0xFF,
  0x28,0x80,0xFD,0xFF,0x27,0x7E,0xFB,0xFF,0x24,0x76,0xF3,0xFF,
  0x24,0x74,0xF2,0xFF,0x25,0x73,0xEE,0xFF,0x26,0x72,0xE9,0xFF,
  0x26,0x78,0xFA,0xFF,0x21,0x5E,0xD9,0xFF,0x10,0x21,0x82,0xFF,
  0x11,0x23,0x84,0xFF,0x0D,0x1D,0x7B,0xFF,0x00,0x01,0x65,0xFF,
  0x2A,0x50,0x94,0xFF,0x83,0xF5,0xFF,0xFF,0x79,0xE8,0xFD,0xFF,
  0x7B,0xEA,0xFE,0xFF,0x7B,0xEA,0xFE,0xFF,0x7B,0xEA,0xFE,0xFF,
  0x7B,0xEA,0xFE,0xFF,0x7B,0xEA,0xFE,0xFF,0x7B,0xEA,0xFE,0xFF,
  0x7B,0xEA,0xFE,0xFF,0x7A,0xE9,0xFD,0xFF,0x79,0xE8,0xFD,0xFF,
  0x79,0xE7,0xFD,0xFF,0x78,0xE7,0xFD,0xFF,0x74,0xE4,0xFB,0xFF,
  0x6E,0xE4,0xFB,0xFF,0x77,0xED,0xFB,0xFF,0x32,0x66,0xBE,0xFF,
  0x11,0x28,0xA8,0xFF,0x18,0x35,0xAF,0xFF,0x19,0x35,0xB1,0xFF,
  0x19,0x34,0xB1,0xFF,0x18,0x32,0xAF,0xFF,0x1A,0x36,0xAF,0xFE,
  0x1E,0x3F,0xBB,0xFF,0x1A,0x30,0x99,0xF1,0x0F,0x17,0x5F,0xC6,
  0x10,0x19,0x65,0xC9,0x10,0x19,0x63,0xC8,0x11,0x1A,0x65,0xC9,
  0x13,0x1D,0x69,0xC9,0x14,0x1D,0x69,0xC7,0x15,0x20,0x6E,0xCE,
  0x19,0x24,0x6C,0x76,0x00,0x00,0x7F,0x04,0x00,0x00,0x66,0x05,
  0x00,0x3F,0x7F,0x04,0x00,0x00,0xFF,0x01,0x00,0x00,0x00,0x00,
  0x00,0x00,0x00,0x00,0x00,0x00,0x00,0x00,0x00,0x00,0x00,0x00,
  0x00,0x00,0x00,0x00,0x00,0x00,0x00,0x00,0x00,0x00,0x00,0x00,
  0x00,0x00,0x00,0x00,0x00,0x00,0x00,0x00,0x00,0x00,0x00,0x00,
  0x00,0x00,0x00,0x00,0x00,0x00,0x00,0x00,0x00,0x00,0x00,0x00,
  0x00,0x00,0x00,0x00,0x00,0x00,0x00,0x00,0x00,0x00,0x00,0x00,
  0x00,0x00,0x00,0x00,0x00,0x00,0x00,0x00,0x00,0x00,0x00,0x00,
  0x00,0x00,0x00,0x00,0x00,0x00,0x00,0x00,0x00,0x00,0x00,0x00,
  0x00,0x00,0x00,0x00,0x00,0x00,0x00,0x00,0x00,0x00,0x00,0x00,
  0x00,0x00,0x00,0x00,0x00,0x00,0x00,0x00,0x00,0x00,0x00,0x00,
  0x00,0x00,0x00,0x00,0x00,0x00,0x00,0x00,0x00,0x00,0x00,0x00,
  0x00,0x00,0x00,0x00,0x00,0x00,0x00,0x00,0x00,0x00,0x00,0x00,
  0x00,0x00,0x00,0x00,0x00,0x00,0x00,0x00,0x00,0x00,0x00,0x00,
  0x00,0x00,0x00,0x00,0x00,0x00,0x00,0x00,0x00,0x00,0x00,0x00,
  0x00,0x00,0x00,0x00,0x00,0x00,0x00,0x00,0x00,0x00,0x00,0x00,
  0x00,0x00,0x00,0x00,0x00,0x00,0x00,0x00,0x00,0x00,0x00,0x00,
  0x00,0x00,0x00,0x00,0x00,0x00,0x00,0x00,0x00,0x00,0x00,0x00,
  0x00,0x00,0x00,0x00,0x00,0x00,0x00,0x00,0x00,0x00,0x00,0x00,
  0x00,0x00,0x00,0x00,0x00,0x00,0x00,0x00,0x00,0x00,0x00,0x00,
  0x00,0x00,0x00,0x00,0x00,0x00,0x00,0x00,0x00,0x00,0x00,0x00,
  0x00,0x00,0x00,0x00,0x00,0x00,0x00,0x00,0x00,0x00,0x00,0x00,
  0x00,0x00,0x00,0x00,0x00,0x00,0x00,0x00,0x00,0x00,0x00,0x00,
  0x00,0x00,0x00,0x00,0x00,0x00,0x00,0x00,0x00,0x00,0x00,0x00,
  0x00,0x00,0x00,0x00,0x00,0x00,0x00,0x00,0x00,0x00,0x00,0x00,
  0x00,0x00,0x00,0x00,0x00,0x00,0x00,0x00,0x00,0x00,0x00,0x00,
  0x00,0x00,0x00,0x00,0x00,0x00,0x00,0x00,0x00,0x00,0x00,0x00,
  0x00,0x00,0x00,0x00,0x00,0x00,0x00,0x00,0x00,0x00,0x00,0x00,
  0x00,0x00,0x00,0x00,0x00,0x00,0x00,0x00,0x00,0x00,0x00,0x00,
  0x00,0x00,0x00,0x00,0x00,0x00,0x00,0x00,0x00,0x00,0x00,0x00,
  0x44,0x4C,0x7F,0x1E,0x18,0x20,0x68,0xC4,0x10,0x18,0x63,0xC7,
  0x0F,0x17,0x5F,0xC5,0x10,0x1C,0x6B,0xD6,0x15,0x2A,0x91,0xFD,
  0x13,0x28,0x8C,0xFC,0x14,0x27,0x8C,0xFE,0x18,0x36,0xAD,0xFF,
  0x18,0x37,0xAF,0xFF,0x17,0x37,0xB2,0xFF,0x13,0x2D,0x9D,0xFE,
  0x09,0x12,0x5F,0xFC,0x09,0x12,0x5D,0xFE,0x09,0x11,0x59,0xFF,
  0x08,0x10,0x57,0xFF,0x0F,0x18,0x63,0xFE,0x10,0x19,0x65,0xFE,
  0x08,0x0E,0x54,0xFF,0x0F,0x24,0x7C,0xFF,0x24,0x64,0xE6,0xFF,
  0x20,0x60,0xE1,0xFF,0x20,0x5F,0xE2,0xFF,0x20,0x5D,0xE2,0xFF,
  0x1F,0x5C,0xE1,0xFF,0x1F,0x5B,0xE0,0xFF,0x1F,0x5A,0xDF,0xFF,
  0x22,0x66,0xE7,0xFF,0x26,0x7A,0xF5,0xFF,0x24,0x75,0xF3,0xFF,
  0x24,0x75,0xF4,0xFF,0x24,0x6D,0xEC,0xFF,0x24,0x69,0xEA,0xFF,
  0x23,0x69,0xE9,0xFF,0x18,0x42,0xA8,0xFF,0x11,0x2C,0x8D,0xFF,
  0x13,0x25,0x87,0xFF,0x0F,0x20,0x81,0xFF,0x13,0x26,0x7D,0xFF,
  0x27,0x48,0x90,0xFF,0x4A,0x84,0xB6,0xFF,0x82,0xF2,0xFF,0xFF,
  0x7C,0xEA,0xFC,0xFF,0x7C,0xEA,0xFE,0xFF,0x7B,0xEA,0xFE,0xFF,
  0x7B,0xEA,0xFE,0xFF,0x7B,0xEA,0xFE,0xFF,0x7B,0xEA,0xFE,0xFF,
  0x7B,0xEA,0xFE,0xFF,0x7B,0xEA,0xFE,0xFF,0x7B,0xEA,0xFE,0xFF,
  0x7B,0xEA,0xFE,0xFF,0x79,0xEA,0xFE,0xFF,0x76,0xE8,0xFD,0xFF,
  0x77,0xE9,0xFD,0xFF,0x71,0xE5,0xFD,0xFF,0x5A,0xD4,0xFD,0xFF,
  0x2E,0x84,0xDE,0xFF,0x1D,0x62,0xCF,0xFF,0x20,0x68,0xD2,0xFF,
  0x1F,0x66,0xD0,0xFF,0x21,0x68,0xD0,0xFF,0x23,0x6D,0xD1,0xFF,
  0x1D,0x48,0xB7,0xFF,0x1C,0x38,0xB0,0xFF,0x17,0x30,0x9B,0xFF,
  0x0C,0x1B,0x7A,0xFF,0x0E,0x1E,0x7E,0xFF,0x0D,0x1D,0x7C,0xFF,
  0x0D,0x1D,0x7B,0xFF,0x0D,0x1C,0x79,0xFF,0x0E,0x1F,0x79,0xFF,
  0x0B,0x19,0x78,0xFF,0x0E,0x18,0x64,0x9B,0x00,0x00,0x00,0x00,
  0x00,0x00,0x00,0x00,0x00,0x00,0x00,0x00,0x00,0x00,0x00,0x00,
  0x00,0x00,0x00,0x00,0x00,0x00,0x00,0x00,0x00,0x00,0x00,0x00,
  0x00,0x00,0x00,0x00,0x00,0x00,0x00,0x00,0x00,0x00,0x00,0x00,
  0x00,0x00,0x00,0x00,0x00,0x00,0x00,0x00,0x00,0x00,0x00,0x00,
  0x00,0x00,0x00,0x00,0x00,0x00,0x00,0x00,0x00,0x00,0x00,0x00,
  0x00,0x00,0x00,0x00,0x00,0x00,0x00,0x00,0x00,0x00,0x00,0x00,
  0x00,0x00,0x00,0x00,0x00,0x00,0x00,0x00,0x00,0x00,0x00,0x00,
  0x00,0x00,0x00,0x00,0x00,0x00,0x00,0x00,0x00,0x00,0x00,0x00,
  0x00,0x00,0x00,0x00,0x00,0x00,0x00,0x00,0x00,0x00,0x00,0x00,
  0x00,0x00,0x00,0x00,0x00,0x00,0x00,0x00,0x00,0x00,0x00,0x00,
  0x00,0x00,0x00,0x00,0x00,0x00,0x00,0x00,0x00,0x00,0x00,0x00,
  0x00,0x00,0x00,0x00,0x00,0x00,0x00,0x00,0x00,0x00,0x00,0x00,
  0x00,0x00,0x00,0x00,0x00,0x00,0x00,0x00,0x00,0x00,0x00,0x00,
  0x00,0x00,0x00,0x00,0x00,0x00,0x00,0x00,0x00,0x00,0x00,0x00,
  0x00,0x00,0x00,0x00,0x00,0x00,0x00,0x00,0x00,0x00,0x00,0x00,
  0x00,0x00,0x00,0x00,0x00,0x00,0x00,0x00,0x00,0x00,0x00,0x00,
  0x00,0x00,0x00,0x00,0x00,0x00,0x00,0x00,0x00,0x00,0x00,0x00,
  0x00,0x00,0x00,0x00,0x00,0x00,0x00,0x00,0x00,0x00,0x00,0x00,
  0x00,0x00,0x00,0x00,0x00,0x00,0x00,0x00,0x00,0x00,0x00,0x00,
  0x00,0x00,0x00,0x00,0x00,0x00,0x00,0x00,0x00,0x00,0x00,0x00,
  0x00,0x00,0x00,0x00,0x00,0x00,0x00,0x00,0x00,0x00,0x00,0x00,
  0x00,0x00,0x00,0x00,0x00,0x00,0x00,0x00,0x00,0x00,0x00,0x00,
  0x00,0x00,0x00,0x00,0x00,0x00,0x00,0x00,0x00,0x00,0x00,0x00,
  0x00,0x00,0x00,0x00,0x00,0x00,0x00,0x00,0x00,0x00,0x00,0x00,
  0x00,0x00,0x00,0x00,0x00,0x00,0x00,0x00,0x00,0x00,0x00,0x00,
  0x00,0x00,0x00,0x00,0x00,0x00,0x00,0x00,0x00,0x00,0x00,0x00,
  0x00,0x00,0x00,0x00,0x00,0x00,0x00,0x00,0x00,0x00,0x00,0x00,
  0x00,0x00,0x00,0x00,0x00,0x00,0x00,0x00,0x00,0x00,0xFF,0x01,
  0x00,0x00,0xFF,0x01,0x00,0x00,0xFF,0x01,0x00,0x00,0xFF,0x01,
  0x00,0x00,0xFF,0x01,0x00,0x00,0x00,0x00,0x01,0x01,0x00,0x00,
  0x01,0x01,0x01,0x00,0x02,0x02,0x00,0x00,0x26,0x2E,0x6D,0x48,
  0x0B,0x15,0x66,0xFF,0x08,0x10,0x5D,0xFF,0x0A,0x13,0x61,0xFF,
  0x17,0x2F,0x9E,0xFC,0x18,0x34,0xA9,0xFD,0x19,0x35,0xAD,0xFC,
  0x14,0x2C,0x99,0xFF,0x08,0x13,0x65,0xFF,0x09,0x12,0x5E,0xFF,
  0x08,0x11,0x58,0xFF,0x07,0x0F,0x55,0xFF,0x0C,0x15,0x60,0xFF,
  0x0F,0x18,0x66,0xFF,0x0A,0x13,0x5B,0xFF,0x09,0x13,0x5E,0xFF,
  0x0F,0x21,0x73,0xFF,0x1E,0x59,0xD0,0xFF,0x21,0x64,0xEB,0xFF,
  0x1F,0x5E,0xE1,0xFF,0x1F,0x5C,0xE1,0xFF,0x1F,0x5C,0xE1,0xFF,
  0x1F,0x5A,0xE0,0xFF,0x22,0x64,0xE6,0xFF,0x25,0x79,0xF5,0xFF,
  0x24,0x72,0xF1,0xFF,0x23,0x69,0xE9,0xFF,0x23,0x64,0xE5,0xFF,
  0x23,0x66,0xE6,0xFF,0x23,0x69,0xE2,0xFF,0x0E,0x20,0x78,0xFF,
  0x06,0x0D,0x60,0xFF,0x13,0x26,0x87,0xFF,0x0A,0x19,0x7B,0xFF,
  0x1D,0x35,0x86,0xFF,0x80,0xE9,0xFB,0xFF,0x83,0xF1,0xFF,0xFF,
  0x7D,0xEA,0xFD,0xFF,0x7C,0xEB,0xFD,0xFF,0x7B,0xEA,0xFE,0xFF,
  0x7B,0xEA,0xFE,0xFF,0x7B,0xEA,0xFE,0xFF,0x7B,0xEA,0xFE,0xFF,
  0x7B,0xEA,0xFE,0xFF,0x7B,0xEA,0xFE,0xFF,0x7B,0xEA,0xFE,0xFF,
  0x7A,0xEA,0xFE,0xFF,0x7B,0xEA,0xFE,0xFF,0x78,0xEA,0xFE,0xFF,
  0x75,0xE7,0xFD,0xFF,0x76,0xE8,0xFD,0xFF,0x67,0xDC,0xFB,0xFF,
  0x23,0x9B,0xFB,0xFF,0x22,0x9C,0xFF,0xFF,0x25,0xA1,0xFF,0xFF,
  0x25,0xA1,0xFF,0xFF,0x24,0x9F,0xFF,0xFF,0x27,0xA6,0xFF,0xFF,
  0x2E,0xB7,0xFF,0xFF,0x1F,0x5B,0xC4,0xFF,0x14,0x26,0xA5,0xFF,
  0x16,0x32,0xAE,0xFE,0x1C,0x3A,0xB2,0xFC,0x1B,0x3D,0xB3,0xFD,
  0x1B,0x3A,0xB2,0xFD,0x1C,0x39,0xB0,0xFD,0x1C,0x39,0xB0,0xFD,
  0x1E,0x3D,0xB4,0xFB,0x13,0x27,0x8F,0xFD,0x13,0x1E,0x6C,0xC8,
  0x2F,0x38,0x7A,0x75,0x2D,0x36,0x7A,0x75,0x30,0x39,0x7C,0x73,
  0x44,0x50,0x88,0x29,0x00,0x00,0x00,0x02,0x00,0x00,0x3F,0x04,
  0x00,0x00,0x00,0x02,0x00,0x00,0x00,0x00,0x00,0x00,0x00,0x00,
  0x00,0x00,0x00,0x00,0x00,0x00,0x00,0x00,0x00,0x00,0x00,0x00,
  0x00,0x00,0x00,0x00,0x00,0x00,0x00,0x00,0x00,0x00,0x00,0x00,
  0x00,0x00,0x00,0x00,0x00,0x00,0x00,0x00,0x00,0x00,0x00,0x00,
  0x00,0x00,0x00,0x00,0x00,0x00,0x00,0x00,0x00,0x00,0x00,0x00,
  0x00,0x00,0x00,0x00,0x00,0x00,0x00,0x00,0x00,0x00,0x00,0x00,
  0x00,0x00,0x00,0x00,0x00,0x00,0x00,0x00,0x00,0x00,0x00,0x00,
  0x00,0x00,0x00,0x00,0x00,0x00,0x00,0x00,0x00,0x00,0x00,0x00,
  0x00,0x00,0x00,0x00,0x00,0x00,0x00,0x00,0x00,0x00,0x00,0x00,
  0x00,0x00,0x00,0x00,0x00,0x00,0x00,0x00,0x00,0x00,0x00,0x00,
  0x00,0x00,0x00,0x00,0x00,0x00,0x00,0x00,0x00,0x00,0x00,0x00,
  0x00,0x00,0x00,0x00,0x00,0x00,0x00,0x00,0x00,0x00,0x00,0x00,
  0x00,0x00,0x00,0x00,0x00,0x00,0x00,0x00,0x00,0x00,0x00,0x00,
  0x00,0x00,0x00,0x00,0x00,0x00,0x00,0x00,0x00,0x00,0x00,0x00,
  0x00,0x00,0x00,0x00,0x00,0x00,0x00,0x00,0x00,0x00,0x00,0x00,
  0x00,0x00,0x00,0x00,0x00,0x00,0x00,0x00,0x00,0x00,0x00,0x00,
  0x00,0x00,0x00,0x00,0x00,0x00,0x00,0x00,0x00,0x00,0x00,0x00,
  0x00,0x00,0x00,0x00,0x00,0x00,0x00,0x00,0x00,0x00,0x00,0x00,
  0x00,0x00,0x00,0x00,0x00,0x00,0x00,0x00,0x00,0x00,0x00,0x00,
  0x00,0x00,0x00,0x00,0x00,0x00,0x00,0x00,0x00,0x00,0x00,0x00,
  0x00,0x00,0x00,0x00,0x00,0x00,0x00,0x00,0x00,0x00,0x00,0x00,
  0x00,0x00,0x00,0x00,0x00,0x00,0x00,0x00,0x00,0x00,0x00,0x00,
  0x00,0x00,0x00,0x00,0x00,0x00,0x00,0x00,0x00,0x00,0x00,0x00,
  0x00,0x00,0x00,0x00,0x00,0x00,0x00,0x00,0x00,0x00,0x00,0x00,
  0x00,0x00,0x00,0x00,0x00,0x00,0x00,0x00,0x00,0x00,0x00,0x00,
  0x00,0x00,0x00,0x00,0x00,0x00,0x00,0x00,0x00,0x00,0x00,0x00,
  0x00,0x00,0x00,0x00,0x00,0x00,0x00,0x00,0x00,0x00,0x00,0x00,
  0x00,0x00,0x00,0x00,0x00,0x00,0x00,0x00,0x00,0x00,0x00,0x00,
  0x00,0x00,0x00,0x00,0x00,0x00,0x00,0x01,0x00,0x00,0x00,0x00,
  0x30,0x3C,0x79,0x15,0x1E,0x2A,0x73,0x42,0x26,0x2D,0x6A,0x43,
  0x10,0x19,0x64,0xE2,0x07,0x14,0x6D,0xFF,0x08,0x15,0x6A,0xFF,
  0x07,0x14,0x6B,0xFF,0x0E,0x18,0x67,0xFA,0x1C,0x25,0x6B,0xB2,
  0x17,0x1F,0x67,0xE6,0x16,0x1D,0x69,0xFF,0x15,0x1B,0x65,0xFE,
  0x13,0x1B,0x66,0xFF,0x0E,0x17,0x65,0xFF,0x0D,0x16,0x62,0xFF,
  0x08,0x10,0x56,0xFF,0x07,0x0E,0x53,0xFF,0x1C,0x4B,0xB8,0xFF,
  0x1F,0x5A,0xD8,0xFF,0x1F,0x5C,0xE0,0xFF,0x1F,0x5C,0xE1,0xFF,
  0x1F,0x5C,0xE1,0xFF,0x1F,0x5C,0xE1,0xFF,0x20,0x5E,0xE2,0xFF,
  0x20,0x62,0xE5,0xFF,0x22,0x64,0xE6,0xFF,0x23,0x63,0xE4,0xFF,
  0x24,0x67,0xEA,0xFF,0x20,0x57,0xD1,0xFF,0x0E,0x21,0x79,0xFF,
  0x0A,0x16,0x69,0xFF,0x0B,0x17,0x6B,0xFF,0x0D,0x1A,0x71,0xFF,
  0x0A,0x15,0x6D,0xFF,0x35,0x66,0xA6,0xFF,0x7B,0xE5,0xFB,0xFF,
  0x7B,0xE8,0xFD,0xFF,0x7B,0xE9,0xFD,0xFF,0x7C,0xEA,0xFD,0xFF,
  0x7D,0xEB,0xFD,0xFF,0x7B,0xEA,0xFE,0xFF,0x7B,0xEA,0xFE,0xFF,
  0x7B,0xEA,0xFE,0xFF,0x7B,0xEA,0xFE,0xFF,0x7B,0xEA,0xFE,0xFF,
  0x7B,0xEA,0xFE,0xFF,0x7B,0xEA,0xFE,0xFF,0x78,0xEA,0xFE,0xFF,
  0x76,0xE9,0xFE,0xFF,0x7C,0xED,0xFE,0xFF,0x67,0xDB,0xFC,0xFF,
  0x2C,0xA3,0xFD,0xFF,0x23,0x9B,0xFE,0xFF,0x22,0x99,0xFD,0xFF,
  0x22,0x98,0xFD,0xFF,0x22,0x98,0xFD,0xFF,0x1F,0x94,0xFD,0xFF,
  0x35,0xB1,0xFC,0xFF,0x49,0xCD,0xFD,0xFF,0x44,0xAF,0xE9,0xFF,
  0x43,0xA0,0xDF,0xFF,0x49,0xA8,0xE2,0xFF,0x21,0x49,0xB5,0xFF,
  0x10,0x28,0xAB,0xFF,0x16,0x35,0xB1,0xFF,0x19,0x3A,0xB1,0xFF,
  0x19,0x38,0xB0,0xFF,0x19,0x37,0xAE,0xFF,0x1C,0x3A,0xB2,0xFF,
  0x11,0x24,0x88,0xFF,0x08,0x12,0x66,0xFF,0x07,0x12,0x68,0xFF,
  0x0C,0x17,0x6D,0xFF,0x47,0x50,0x89,0x59,0x04,0x04,0x00,0x00,
  0x04,0x04,0x00,0x00,0x03,0x02,0x00,0x00,0x00,0x00,0x00,0x00,
  0x00,0x00,0x00,0x00,0x00,0x00,0x00,0x00,0x00,0x00,0x00,0x00,
  0x00,0x00,0x00,0x00,0x00,0x00,0x00,0x00,0x00,0x00,0x00,0x00,
  0x00,0x00,0x00,0x00,0x00,0x00,0x00,0x00,0x00,0x00,0x00,0x00,
  0x00,0x00,0x00,0x00,0x00,0x00,0x00,0x00,0x00,0x00,0x00,0x00,
  0x00,0x00,0x00,0x00,0x00,0x00,0x00,0x00,0x00,0x00,0x00,0x00,
  0x00,0x00,0x00,0x00,0x00,0x00,0x00,0x00,0x00,0x00,0x00,0x00,
  0x00,0x00,0x00,0x00,0x00,0x00,0x00,0x00,0x00,0x00,0x00,0x00,
  0x00,0x00,0x00,0x00,0x00,0x00,0x00,0x00,0x00,0x00,0x00,0x00,
  0x00,0x00,0x00,0x00,0x00,0x00,0x00,0x00,0x00,0x00,0x00,0x00,
  0x00,0x00,0x00,0x00,0x00,0x00,0x00,0x00,0x00,0x00,0x00,0x00,
  0x00,0x00,0x00,0x00,0x00,0x00,0x00,0x00,0x00,0x00,0x00,0x00,
  0x00,0x00,0x00,0x00,0x00,0x00,0x00,0x00,0x00,0x00,0x00,0x00,
  0x00,0x00,0x00,0x00,0x00,0x00,0x00,0x00,0x00,0x00,0x00,0x00,
  0x00,0x00,0x00,0x00,0x00,0x00,0x00,0x00,0x00,0x00,0x00,0x00,
  0x00,0x00,0x00,0x00,0x00,0x00,0x00,0x00,0x00,0x00,0x00,0x00,
  0x00,0x00,0x00,0x00,0x00,0x00,0x00,0x00,0x00,0x00,0x00,0x00,
  0x00,0x00,0x00,0x00,0x00,0x00,0x00,0x00,0x00,0x00,0x00,0x00,
  0x00,0x00,0x00,0x00,0x00,0x00,0x00,0x00,0x00,0x00,0x00,0x00,
  0x00,0x00,0x00,0x00,0x00,0x00,0x00,0x00,0x00,0x00,0x00,0x00,
  0x00,0x00,0x00,0x00,0x00,0x00,0x00,0x00,0x00,0x00,0x00,0x00,
  0x00,0x00,0x00,0x00,0x00,0x00,0x00,0x00,0x00,0x00,0x00,0x00,
  0x00,0x00,0x00,0x00,0x00,0x00,0x00,0x00,0x00,0x00,0x00,0x00,
  0x00,0x00,0x00,0x00,0x00,0x00,0x00,0x00,0x00,0x00,0x00,0x00,
  0x00,0x00,0x00,0x00,0x00,0x00,0x00,0x00,0x00,0x00,0x00,0x00,
  0x00,0x00,0x00,0x00,0x00,0x00,0x00,0x00,0x00,0x00,0x00,0x00,
  0x00,0x00,0x00,0x00,0x00,0x00,0x00,0x00,0x00,0x00,0x00,0x00,
  0x00,0x00,0x00,0x00,0x00,0x00,0x00,0x00,0x00,0x00,0x00,0x00,
  0x00,0x00,0x00,0x00,0x00,0x00,0x00,0x00,0x00,0x00,0x00,0x00,
  0x00,0x00,0x00,0x00,0x00,0x00,0x00,0x00,0x00,0x00,0x00,0x00,
  0x02,0x02,0x00,0x00,0x1F,0x27,0x6D,0x9A,0x13,0x1D,0x6A,0xC4,
  0x15,0x1E,0x65,0xBF,0x11,0x1A,0x63,0xC2,0x18,0x20,0x64,0x93,
  0x05,0x05,0x00,0x00,0x22,0x28,0x6C,0xAA,0x1E,0x24,0x73,0xFF,
  0x1E,0x23,0x6E,0xFC,0x1D,0x22,0x6D,0xFF,0x12,0x1A,0x66,0xFF,
  0x0E,0x17,0x65,0xFF,0x0C,0x14,0x5D,0xFF,0x08,0x11,0x58,0xFF,
  0x08,0x0F,0x58,0xFF,0x0F,0x25,0x7A,0xFF,0x20,0x5F,0xE1,0xFF,
  0x1F,0x5A,0xE0,0xFF,0x1F,0x5B,0xE0,0xFF,0x1F,0x5B,0xE0,0xFF,
  0x1F,0x5B,0xE0,0xFF,0x1E,0x5A,0xDF,0xFF,0x1F,0x5C,0xE1,0xFF,
  0x21,0x60,0xE1,0xFF,0x24,0x64,0xE7,0xFF,0x1F,0x51,0xC7,0xFF,
  0x0A,0x12,0x60,0xFF,0x0A,0x14,0x64,0xFF,0x0C,0x18,0x6E,0xFF,
  0x0C,0x17,0x6D,0xFF,0x0D,0x1A,0x6D,0xFF,0x5F,0xC0,0xE5,0xFF,
  0x87,0xF8,0xFF,0xFF,0x85,0xF0,0xFC,0xFF,0x84,0xF3,0xFD,0xFF,
  0x7F,0xED,0xFD,0xFF,0x7C,0xEA,0xFD,0xFF,0x7B,0xEA,0xFD,0xFF,
  0x7B,0xE9,0xFE,0xFF,0x7B,0xEA,0xFE,0xFF,0x7B,0xEA,0xFE,0xFF,
  0x7B,0xEA,0xFE,0xFF,0x7B,0xEA,0xFE,0xFF,0x7B,0xEA,0xFE,0xFF,
  0x7A,0xEA,0xFE,0xFF,0x79,0xE9,0xFE,0xFF,0x6E,0xE3,0xFD,0xFF,
  0x4B,0xC2,0xFB,0xFF,0x1E,0x96,0xFE,0xFF,0x22,0x99,0xFE,0xFF,
  0x22,0x99,0xFE,0xFF,0x21,0x99,0xFE,0xFF,0x24,0x99,0xFD,0xFF,
  0x20,0x95,0xFE,0xFF,0x40,0xBE,0xFE,0xFF,0x5C,0xE1,0xFE,0xFF,
  0x5D,0xE2,0xFF,0xFF,0x62,0xE6,0xFF,0xFF,0x68,0xE8,0xFF,0xFF,
  0x3A,0x81,0xCD,0xFF,0x2E,0x67,0xC2,0xFF,0x22,0x4B,0xB6,0xFF,
  0x16,0x2D,0xA9,0xFF,0x18,0x31,0xA9,0xFF,0x17,0x30,0xA8,0xFF,
  0x1A,0x36,0xAE,0xFF,0x17,0x31,0xA0,0xFE,0x15,0x2B,0x94,0xFC,
  0x15,0x2B,0x95,0xFB,0x15,0x2B,0x94,0xFC,0x27,0x31,0x7E,0xC4,
  0x2C,0x33,0x76,0xA2,0x2F,0x38,0x7B,0xAB,0x37,0x3E,0x7F,0x8A,
  0x55,0x55,0x7F,0x06,0x00,0x00,0x55,0x03,0x00,0x00,0x3F,0x04,
  0x00,0x00,0x55,0x03,0x00,0x00,0x55,0x03,0x00,0x00,0x00,0x00,
  0x00,0x00,0x00,0x00,0x00,0x00,0x00,0x00,0x00,0x00,0x00,0x00,
  0x00,0x00,0x00,0x00,0x00,0x00,0x00,0x00,0x00,0x00,0x00,0x00,
  0x00,0x00,0x00,0x00,0x00,0x00,0x00,0x00,0x00,0x00,0x00,0x00,
  0x00,0x00,0x00,0x00,0x00,0x00,0x00,0x00,0x00,0x00,0x00,0x00,
  0x00,0x00,0x00,0x00,0x00,0x00,0x00,0x00,0x00,0x00,0x00,0x00,
  0x00,0x00,0x00,0x00,0x00,0x00,0x00,0x00,0x00,0x00,0x00,0x00,
  0x00,0x00,0x00,0x00,0x00,0x00,0x00,0x00,0x00,0x00,0x00,0x00,
  0x00,0x00,0x00,0x00,0x00,0x00,0x00,0x00,0x00,0x00,0x00,0x00,
  0x00,0x00,0x00,0x00,0x00,0x00,0x00,0x00,0x00,0x00,0x00,0x00,
  0x00,0x00,0x00,0x00,0x00,0x00,0x00,0x00,0x00,0x00,0x00,0x00,
  0x00,0x00,0x00,0x00,0x00,0x00,0x00,0x00,0x00,0x00,0x00,0x00,
  0x00,0x00,0x00,0x00,0x00,0x00,0x00,0x00,0x00,0x00,0x00,0x00,
  0x00,0x00,0x00,0x00,0x00,0x00,0x00,0x00,0x00,0x00,0x00,0x00,
  0x00,0x00,0x00,0x00,0x00,0x00,0x00,0x00,0x00,0x00,0x00,0x00,
  0x00,0x00,0x00,0x00,0x00,0x00,0x00,0x00,0x00,0x00,0x00,0x00,
  0x00,0x00,0x00,0x00,0x00,0x00,0x00,0x00,0x00,0x00,0x00,0x00,
  0x00,0x00,0x00,0x00,0x00,0x00,0x00,0x00,0x00,0x00,0x00,0x00,
  0x00,0x00,0x00,0x00,0x00,0x00,0x00,0x00,0x00,0x00,0x00,0x00,
  0x00,0x00,0x00,0x00,0x00,0x00,0x00,0x00,0x00,0x00,0x00,0x00,
  0x00,0x00,0x00,0x00,0x00,0x00,0x00,0x00,0x00,0x00,0x00,0x00,
  0x00,0x00,0x00,0x00,0x00,0x00,0x00,0x00,0x00,0x00,0x00,0x00,
  0x00,0x00,0x00,0x00,0x00,0x00,0x00,0x00,0x00,0x00,0x00,0x00,
  0x00,0x00,0x00,0x00,0x00,0x00,0x00,0x00,0x00,0x00,0x00,0x00,
  0x00,0x00,0x00,0x00,0x00,0x00,0x00,0x00,0x00,0x00,0x00,0x00,
  0x00,0x00,0x00,0x00,0x00,0x00,0x00,0x00,0x00,0x00,0x00,0x00,
  0x00,0x00,0x00,0x00,0x00,0x00,0x00,0x00,0x00,0x00,0x00,0x00,
  0x00,0x00,0x00,0x00,0x00,0x00,0x00,0x00,0x00,0x00,0x00,0x01,
  0x00,0x00,0x55,0x03,0x3F,0x3F,0x7F,0x04,0x03,0x02,0x01,0x00,
  0x04,0x03,0x00,0x00,0x04,0x03,0x01,0x00,0x03,0x03,0x00,0x00,
  0x01,0x01,0x00,0x00,0x00,0x00,0x00,0x01,0x1E,0x26,0x6B,0xAD,
  0x1B,0x22,0x71,0xFF,0x1B,0x21,0x6C,0xFC,0x1E,0x22,0x6D,0xFF,
  0x1C,0x21,0x6C,0xFF,0x10,0x19,0x65,0xFF,0x0D,0x16,0x63,0xFF,
  0x0B,0x15,0x5F,0xFF,0x06,0x0B,0x4F,0xFF,0x0E,0x23,0x74,0xFF,
  0x21,0x63,0xE7,0xFF,0x20,0x5F,0xE6,0xFF,0x20,0x60,0xE6,0xFF,
  0x20,0x60,0xE6,0xFF,0x21,0x60,0xE6,0xFF,0x21,0x5F,0xE5,0xFF,
  0x21,0x63,0xEC,0xFF,0x1B,0x4A,0xC5,0xFF,0x0D,0x1B,0x74,0xFF,
  0x0D,0x1C,0x73,0xFF,0x0C,0x18,0x6B,0xFF,0x0D,0x1B,0x71,0xFF,
  0x0D,0x19,0x70,0xFF,0x0B,0x16,0x69,0xFF,0x0A,0x14,0x67,0xFF,
  0x37,0x89,0xD4,0xFF,0x4B,0xBC,0xFF,0xFF,0x4B,0xB7,0xFA,0xFF,
  0x47,0xB6,0xFA,0xFF,0x6C,0xDD,0xFD,0xFF,0x84,0xF4,0xFE,0xFF,
  0x7F,0xF0,0xFE,0xFF,0x7F,0xEF,0xFE,0xFF,0x7D,0xEB,0xFD,0xFF,
  0x7B,0xEA,0xFE,0xFF,0x7B,0xEA,0xFE,0xFF,0x7B,0xEA,0xFE,0xFF,
  0x7B,0xEA,0xFE,0xFF,0x7B,0xEA,0xFE,0xFF,0x86,0xF5,0xFE,0xFF,
  0x56,0xCB,0xFD,0xFF,0x1A,0x93,0xFE,0xFF,0x23,0x9B,0xFE,0xFF,
  0x21,0x99,0xFE,0xFF,0x21,0x98,0xFE,0xFF,0x21,0x98,0xFE,0xFF,
  0x22,0x97,0xFE,0xFF,0x1C,0x8F,0xFD,0xFF,0x3D,0xBA,0xFE,0xFF,
  0x57,0xDD,0xFE,0xFF,0x5A,0xD9,0xFD,0xFF,0x61,0xDB,0xFC,0xFF,
  0x5F,0xDA,0xFC,0xFF,0x62,0xDF,0xFE,0xFF,0x6C,0xED,0xFF,0xFF,
  0x3E,0x95,0xDA,0xFF,0x1B,0x53,0xC3,0xFF,0x1F,0x5C,0xC6,0xFF,
  0x1F,0x5A,0xC5,0xFF,0x19,0x39,0xAE,0xFF,0x1A,0x34,0xAC,0xFF,
  0x1B,0x39,0xB2,0xFF,0x1A,0x39,0xB2,0xFF,0x1C,0x39,0xB0,0xFF,
  0x0A,0x17,0x70,0xFF,0x04,0x0E,0x5F,0xFF,0x06,0x10,0x66,0xFF,
  0x12,0x1A,0x60,0xDB,0x06,0x05,0x00,0x00,0x00,0x00,0x00,0x00,
  0x00,0x00,0x00,0x00,0x01,0x00,0x00,0x00,0x00,0x00,0x00,0x00,
  0x00,0x00,0x00,0x00,0x00,0x00,0x00,0x00,0x00,0x00,0x00,0x00,
  0x00,0x00,0x00,0x00,0x00,0x00,0x00,0x00,0x00,0x00,0x00,0x00,
  0x00,0x00,0x00,0x00,0x00,0x00,0x00,0x00,0x00,0x00,0x00,0x00,
  0x00,0x00,0x00,0x00,0x00,0x00,0x00,0x00,0x00,0x00,0x00,0x00,
  0x00,0x00,0x00,0x00,0x00,0x00,0x00,0x00,0x00,0x00,0x00,0x00,
  0x00,0x00,0x00,0x00,0x00,0x00,0x00,0x00,0x00,0x00,0x00,0x00,
  0x00,0x00,0x00,0x00,0x00,0x00,0x00,0x00,0x00,0x00,0x00,0x00,
  0x00,0x00,0x00,0x00,0x00,0x00,0x00,0x00,0x00,0x00,0x00,0x00,
  0x00,0x00,0x00,0x00,0x00,0x00,0x00,0x00,0x00,0x00,0x00,0x00,
  0x00,0x00,0x00,0x00,0x00,0x00,0x00,0x00,0x00,0x00,0x00,0x00,
  0x00,0x00,0x00,0x00,0x00,0x00,0x00,0x00,0x00,0x00,0x00,0x00,
  0x00,0x00,0x00,0x00,0x00,0x00,0x00,0x00,0x00,0x00,0x00,0x00,
  0x00,0x00,0x00,0x00,0x00,0x00,0x00,0x00,0x00,0x00,0x00,0x00,
  0x00,0x00,0x00,0x00,0x00,0x00,0x00,0x00,0x00,0x00,0x00,0x00,
  0x00,0x00,0x00,0x00,0x00,0x00,0x00,0x00,0x00,0x00,0x00,0x00,
  0x00,0x00,0x00,0x00,0x00,0x00,0x00,0x00,0x00,0x00,0x00,0x00,
  0x00,0x00,0x00,0x00,0x00,0x00,0x00,0x00,0x00,0x00,0x00,0x00,
  0x00,0x00,0x00,0x00,0x00,0x00,0x00,0x00,0x00,0x00,0x00,0x00,
  0x00,0x00,0x00,0x00,0x00,0x00,0x00,0x00,0x00,0x00,0x00,0x00,
  0x00,0x00,0x00,0x00,0x00,0x00,0x00,0x00,0x00,0x00,0x00,0x00,
  0x00,0x00,0x00,0x00,0x00,0x00,0x00,0x00,0x00,0x00,0x00,0x00,
  0x00,0x00,0x00,0x00,0x00,0x00,0x00,0x00,0x00,0x00,0x00,0x00,
  0x00,0x00,0x00,0x00,0x00,0x00,0x00,0x00,0x00,0x00,0x00,0x00,
  0x00,0x00,0x00,0x00,0x00,0x00,0x00,0x00,0x00,0x00,0x00,0x00,
  0x00,0x00,0x00,0x00,0x00,0x00,0x00,0x00,0x00,0x00,0x00,0x00,
  0x00,0x00,0x00,0x00,0x00,0x00,0x00,0x00,0x00,0x00,0x00,0x00,
  0x00,0x00,0x00,0x00,0x00,0x00,0x00,0x00,0x00,0x00,0x00,0x00,
  0x00,0x00,0x00,0x00,0x00,0x00,0x00,0x00,0x00,0x00,0x00,0x00,
  0x00,0x00,0x00,0x00,0x00,0x00,0x00,0x00,0x00,0x00,0x00,0x00,
  0x00,0x00,0x00,0x00,0x00,0x00,0x55,0x03,0x00,0x00,0x00,0x00,
  0x20,0x27,0x6A,0xAD,0x1B,0x22,0x71,0xFF,0x1B,0x21,0x6C,0xFC,
  0x1D,0x22,0x6D,0xFF,0x1E,0x22,0x6D,0xFF,0x19,0x1F,0x6A,0xFF,
  0x0F,0x19,0x66,0xFF,0x0F,0x1A,0x66,0xFF,0x09,0x11,0x58,0xFF,
  0x0A,0x15,0x5F,0xFF,0x10,0x27,0x82,0xFF,0x10,0x27,0x83,0xFF,
  0x10,0x27,0x84,0xFF,0x10,0x28,0x85,0xFF,0x10,0x28,0x87,0xFF,
  0x10,0x29,0x89,0xFF,0x11,0x2C,0x8E,0xFF,0x0F,0x22,0x7E,0xFF,
  0x09,0x11,0x5D,0xFF,0x0D,0x17,0x65,0xFE,0x0E,0x19,0x6D,0xFE,
  0x0E,0x1B,0x6F,0xFD,0x0C,0x18,0x6C,0xFE,0x08,0x11,0x60,0xFF,
  0x0C,0x1B,0x71,0xFF,0x19,0x72,0xE9,0xFF,0x15,0x84,0xFF,0xFF,
  0x16,0x7F,0xFB,0xFF,0x11,0x7B,0xFC,0xFF,0x4C,0xBC,0xFC,0xFF,
  0x72,0xE4,0xFC,0xFF,0x67,0xD8,0xFC,0xFF,0x6E,0xE0,0xFD,0xFF,
  0x7D,0xEB,0xFD,0xFF,0x7B,0xEA,0xFE,0xFF,0x7B,0xEA,0xFE,0xFF,
  0x7B,0xEA,0xFE,0xFF,0x7B,0xEA,0xFE,0xFF,0x78,0xE9,0xFE,0xFF,
  0x65,0xD7,0xFD,0xFF,0x42,0xB6,0xFD,0xFF,0x1E,0x95,0xFE,0xFF,
  0x22,0x9A,0xFE,0xFF,0x22,0x9A,0xFE,0xFF,0x22,0x98,0xFD,0xFF,
  0x22,0x94,0xFD,0xFF,0x29,0xA1,0xFD,0xFF,0x37,0xB5,0xFD,0xFF,
  0x48,0xC9,0xFD,0xFF,0x55,0xDB,0xFE,0xFF,0x5C,0xDC,0xFE,0xFF,
  0x61,0xDD,0xFD,0xFF,0x5F,0xDC,0xFD,0xFF,0x65,0xDF,0xFD,0xFF,
  0x59,0xD0,0xFB,0xFF,0x2F,0xAD,0xFF,0xFF,0x28,0xA7,0xFF,0xFF,
  0x29,0xA8,0xFF,0xFF,0x2C,0xA9,0xFF,0xFF,0x1C,0x4E,0xBC,0xFF,
  0x18,0x36,0xAC,0xFF,0x1A,0x3B,0xAF,0xFF,0x19,0x36,0xAD,0xFF,
  0x1A,0x38,0xAD,0xFF,0x16,0x2C,0x97,0xFD,0x15,0x28,0x8F,0xFB,
  0x14,0x29,0x92,0xFC,0x1C,0x2E,0x85,0xE7,0x2F,0x36,0x76,0x8C,
  0x27,0x2E,0x73,0x89,0x25,0x2E,0x6F,0x89,0x26,0x30,0x72,0x8A,
  0x2A,0x31,0x73,0x71,0x48,0x48,0x91,0x07,0x55,0x55,0xAA,0x03,
  0x3F,0x3F,0x7F,0x04,0x00,0x55,0x55,0x03,0x00,0x00,0x00,0x00,
  0x00,0x00,0x00,0x00,0x00,0x00,0x00,0x00,0x00,0x00,0x00,0x00,
  0x00,0x00,0x00,0x00,0x00,0x00,0x00,0x00,0x00,0x00,0x00,0x00,
  0x00,0x00,0x00,0x00,0x00,0x00,0x00,0x00,0x00,0x00,0x00,0x00,
  0x00,0x00,0x00,0x00,0x00,0x00,0x00,0x00,0x00,0x00,0x00,0x00,
  0x00,0x00,0x00,0x00,0x00,0x00,0x00,0x00,0x00,0x00,0x00,0x00,
  0x00,0x00,0x00,0x00,0x00,0x00,0x00,0x00,0x00,0x00,0x00,0x00,
  0x00,0x00,0x00,0x00,0x00,0x00,0x00,0x00,0x00,0x00,0x00,0x00,
  0x00,0x00,0x00,0x00,0x00,0x00,0x00,0x00,0x00,0x00,0x00,0x00,
  0x00,0x00,0x00,0x00,0x00,0x00,0x00,0x00,0x00,0x00,0x00,0x00,
  0x00,0x00,0x00,0x00,0x00,0x00,0x00,0x00,0x00,0x00,0x00,0x00,
  0x00,0x00,0x00,0x00,0x00,0x00,0x00,0x00,0x00,0x00,0x00,0x00,
  0x00,0x00,0x00,0x00,0x00,0x00,0x00,0x00,0x00,0x00,0x00,0x00,
  0x00,0x00,0x00,0x00,0x00,0x00,0x00,0x00,0x00,0x00,0x00,0x00,
  0x00,0x00,0x00,0x00,0x00,0x00,0x00,0x00,0x00,0x00,0x00,0x00,
  0x00,0x00,0x00,0x00,0x00,0x00,0x00,0x00,0x00,0x00,0x00,0x00,
  0x00,0x00,0x00,0x00,0x00,0x00,0x00,0x00,0x00,0x00,0x00,0x00,
  0x00,0x00,0x00,0x00,0x00,0x00,0x00,0x00,0x00,0x00,0x00,0x00,
  0x00,0x00,0x00,0x00,0x00,0x00,0x00,0x00,0x00,0x00,0x00,0x00,
  0x00,0x00,0x00,0x00,0x00,0x00,0x00,0x00,0x00,0x00,0x00,0x00,
  0x00,0x00,0x00,0x00,0x00,0x00,0x00,0x00,0x00,0x00,0x00,0x00,
  0x00,0x00,0x00,0x00,0x00,0x00,0x00,0x00,0x00,0x00,0x00,0x00,
  0x00,0x00,0x00,0x00,0x00,0x00,0x00,0x00,0x00,0x00,0x00,0x00,
  0x00,0x00,0x00,0x00,0x00,0x00,0x00,0x00,0x00,0x00,0x00,0x00,
  0x00,0x00,0x00,0x00,0x00,0x00,0x00,0x00,0x00,0x00,0x00,0x00,
  0x00,0x00,0x00,0x00,0x00,0x00,0x00,0x00,0x00,0x00,0x00,0x00,
  0x00,0x00,0x00,0x00,0x00,0x00,0x00,0x00,0x00,0x00,0x00,0x00,
  0x00,0x00,0x00,0x00,0x00,0x00,0x00,0x00,0x00,0x00,0x7F,0x02,
  0x00,0x3F,0x7F,0x04,0x00,0x00,0x7F,0x04,0x00,0x33,0x66,0x05,
  0x00,0x00,0x00,0x00,0x20,0x27,0x6B,0xAD,0x1B,0x21,0x71,0xFF,
  0x1B,0x21,0x6C,0xFC,0x1D,0x22,0x6D,0xFF,0x1E,0x22,0x6D,0xFF,
  0x1D,0x22,0x6D,0xFF,0x09,0x0C,0x5A,0xFF,0x06,0x08,0x58,0xFF,
  0x0D,0x14,0x62,0xFF,0x0B,0x13,0x5B,0xFF,0x07,0x0C,0x51,0xFF,
  0x08,0x0E,0x54,0xFF,0x08,0x0E,0x54,0xFF,0x07,0x0E,0x55,0xFF,
  0x06,0x0E,0x58,0xFF,0x06,0x0E,0x5A,0xFF,0x08,0x0F,0x59,0xFF,
  0x09,0x11,0x5D,0xFE,0x0D,0x18,0x6B,0xFD,0x0C,0x16,0x65,0xFF,
  0x07,0x11,0x5D,0xFF,0x06,0x10,0x5F,0xFF,0x05,0x10,0x60,0xFF,
  0x09,0x10,0x5C,0xFF,0x12,0x2D,0x87,0xFD,0x21,0x7F,0xF1,0xFF,
  0x1E,0x86,0xF5,0xFF,0x1D,0x8C,0xFC,0xFF,0x1E,0x89,0xFC,0xFF,
  0x1F,0x8C,0xFB,0xFF,0x20,0x90,0xFC,0xFF,0x1A,0x8B,0xFC,0xFF,
  0x3C,0xAE,0xFB,0xFF,0x81,0xEF,0xFD,0xFF,0x7E,0xEC,0xFD,0xFF,
  0x7B,0xE9,0xFE,0xFF,0x7A,0xE9,0xFE,0xFF,0x7C,0xEA,0xFE,0xFF,
  0x72,0xE7,0xFD,0xFF,0x29,0xA0,0xFD,0xFF,0x1A,0x8E,0xFD,0xFF,
  0x23,0x99,0xFE,0xFF,0x21,0x98,0xFE,0xFF,0x22,0x98,0xFD,0xFF,
  0x26,0x99,0xFC,0xFF,0x20,0x93,0xFD,0xFF,0x2F,0xAA,0xFD,0xFF,
  0x53,0xDC,0xFD,0xFF,0x51,0xD9,0xFE,0xFF,0x57,0xDA,0xFE,0xFF,
  0x5E,0xDC,0xFD,0xFF,0x61,0xDD,0xFD,0xFF,0x62,0xDD,0xFD,0xFF,
  0x6B,0xE4,0xFD,0xFF,0x4D,0xC2,0xFA,0xFF,0x22,0x99,0xFE,0xFF,
  0x28,0x9E,0xFD,0xFF,0x27,0x9E,0xFD,0xFF,0x26,0x9F,0xFD,0xFF,
  0x27,0x96,0xF6,0xFF,0x2A,0x9F,0xF7,0xFF,0x22,0x65,0xCB,0xFF,
  0x16,0x29,0xA1,0xFF,0x18,0x31,0xA8,0xFF,0x1A,0x37,0xAF,0xFF,
  0x1A,0x38,0xB0,0xFF,0x1C,0x3C,0xB6,0xFF,0x19,0x30,0x9A,0xFF,
  0x09,0x14,0x6C,0xFF,0x0A,0x15,0x6F,0xFF,0x0B,0x15,0x6B,0xFF,
  0x09,0x14,0x6F,0xFF,0x12,0x1B,0x67,0xE5,0x04,0x04,0x01,0x00,
  0x00,0x00,0x00,0x00,0x00,0x00,0x00,0x00,0x00,0x00,0x00,0x00,
  0x00,0x00,0x00,0x00,0x00,0x00,0x00,0x00,0x00,0x00,0x00,0x00,
  0x00,0x00,0x00,0x00,0x00,0x00,0x00,0x00,0x00,0x00,0x00,0x00,
  0x00,0x00,0x00,0x00,0x00,0x00,0x00,0x00,0x00,0x00,0x00,0x00,
  0x00,0x00,0x00,0x00,0x00,0x00,0x00,0x00,0x00,0x00,0x00,0x00,
  0x00,0x00,0x00,0x00,0x00,0x00,0x00,0x00,0x00,0x00,0x00,0x00,
  0x00,0x00,0x00,0x00,0x00,0x00,0x00,0x00,0x00,0x00,0x00,0x00,
  0x00,0x00,0x00,0x00,0x00,0x00,0x00,0x00,0x00,0x00,0x00,0x00,
  0x00,0x00,0x00,0x00,0x00,0x00,0x00,0x00,0x00,0x00,0x00,0x00,
  0x00,0x00,0x00,0x00,0x00,0x00,0x00,0x00,0x00,0x00,0x00,0x00,
  0x00,0x00,0x00,0x00,0x00,0x00,0x00,0x00,0x00,0x00,0x00,0x00,
  0x00,0x00,0x00,0x00,0x00,0x00,0x00,0x00,0x00,0x00,0x00,0x00,
  0x00,0x00,0x00,0x00,0x00,0x00,0x00,0x00,0x00,0x00,0x00,0x00,
  0x00,0x00,0x00,0x00,0x00,0x00,0x00,0x00,0x00,0x00,0x00,0x00,
  0x00,0x00,0x00,0x00,0x00,0x00,0x00,0x00,0x00,0x00,0x00,0x00,
  0x00,0x00,0x00,0x00,0x00,0x00,0x00,0x00,0x00,0x00,0x00,0x00,
  0x00,0x00,0x00,0x00,0x00,0x00,0x00,0x00,0x00,0x00,0x00,0x00,
  0x00,0x00,0x00,0x00,0x00,0x00,0x00,0x00,0x00,0x00,0x00,0x00,
  0x00,0x00,0x00,0x00,0x00,0x00,0x00,0x00,0x00,0x00,0x00,0x00,
  0x00,0x00,0x00,0x00,0x00,0x00,0x00,0x00,0x00,0x00,0x00,0x00,
  0x00,0x00,0x00,0x00,0x00,0x00,0x00,0x00,0x00,0x00,0x00,0x00,
  0x00,0x00,0x00,0x00,0x00,0x00,0x00,0x00,0x00,0x00,0x00,0x00,
  0x00,0x00,0x00,0x00,0x00,0x00,0x00,0x00,0x00,0x00,0x00,0x00,
  0x00,0x00,0x00,0x00,0x00,0x00,0x00,0x00,0x00,0x00,0x00,0x00,
  0x00,0x00,0x00,0x00,0x00,0x00,0x00,0x00,0x00,0x00,0x00,0x00,
  0x00,0x00,0x00,0x00,0x00,0x00,0x00,0x00,0x00,0x00,0x00,0x00,
  0x00,0x00,0x00,0x00,0x00,0x00,0x00,0x00,0x00,0x00,0x00,0x00,
  0x00,0x00,0x00,0x00,0x00,0x00,0x00,0x00,0x00,0x00,0x00,0x01,
  0x00,0x00,0x00,0x00,0x00,0x00,0x00,0x00,0x00,0x00,0x00,0x00,
  0x00,0x00,0x00,0x00,0x00,0x00,0x00,0x01,0x20,0x27,0x6B,0xAD,
  0x1B,0x21,0x71,0xFF,0x1A,0x20,0x6C,0xFC,0x1E,0x23,0x6E,0xFF,
  0x16,0x1E,0x6A,0xFF,0x0E,0x15,0x65,0xFF,0x32,0x58,0x93,0xFF,
  0x44,0x7B,0xA9,0xFF,0x1F,0x35,0x7A,0xFF,0x11,0x18,0x64,0xFE,
  0x0D,0x17,0x63,0xFF,0x0A,0x14,0x5E,0xFF,0x09,0x13,0x5D,0xFF,
  0x08,0x12,0x5E,0xFF,0x07,0x12,0x5F,0xFF,0x0D,0x18,0x68,0xFF,
  0x0E,0x18,0x6A,0xFF,0x0A,0x15,0x6A,0xFF,0x0A,0x14,0x68,0xFF,
  0x10,0x19,0x65,0xFD,0x12,0x1B,0x67,0xEF,0x10,0x19,0x63,0xEF,
  0x11,0x1B,0x65,0xF2,0x2F,0x37,0x70,0x86,0x0E,0x1E,0x77,0xD9,
  0x0B,0x1A,0x7A,0xFF,0x1D,0x63,0xCC,0xFD,0x20,0x95,0xFF,0xFF,
  0x1D,0x8A,0xFA,0xFF,0x1C,0x89,0xFD,0xFF,0x1F,0x91,0xFD,0xFF,
  0x22,0x9A,0xFE,0xFF,0x2C,0xA3,0xFD,0xFF,0x3D,0xB7,0xFD,0xFF,
  0x44,0xBC,0xFC,0xFF,0x7B,0xEB,0xFD,0xFF,0x81,0xEF,0xFE,0xFF,
  0x7E,0xEC,0xFE,0xFF,0x72,0xE9,0xFE,0xFF,0x2F,0xAA,0xFD,0xFF,
  0x1F,0x94,0xFE,0xFF,0x21,0x98,0xFE,0xFF,0x21,0x98,0xFE,0xFF,
  0x22,0x98,0xFE,0xFF,0x26,0x99,0xFC,0xFF,0x21,0x94,0xFD,0xFF,
  0x2C,0xA9,0xFE,0xFF,0x4D,0xD7,0xFD,0xFF,0x4E,0xD5,0xFD,0xFF,
  0x5E,0xDC,0xFD,0xFF,0x63,0xDD,0xFD,0xFF,0x62,0xDD,0xFD,0xFF,
  0x6A,0xE3,0xFD,0xFF,0x51,0xC8,0xFC,0xFF,0x2C,0xA3,0xFC,0xFF,
  0x27,0x9E,0xFE,0xFF,0x27,0x9E,0xFE,0xFF,0x27,0x9E,0xFE,0xFF,
  0x27,0x9E,0xFE,0xFF,0x27,0x9F,0xFF,0xFF,0x27,0xA3,0xFF,0xFF,
  0x25,0x8D,0xEF,0xFF,0x24,0x7A,0xE0,0xFF,0x26,0x7C,0xDF,0xFF,
  0x19,0x3E,0xAF,0xFF,0x16,0x2F,0xA6,0xFF,0x18,0x34,0xAB,0xFF,
  0x19,0x34,0xA8,0xFE,0x19,0x31,0xA1,0xFC,0x19,0x32,0xA3,0xFB,
  0x19,0x33,0xA3,0xFA,0x18,0x32,0xA7,0xFC,0x1C,0x33,0x97,0xE7,
  0x4A,0x54,0x8B,0x6A,0x4E,0x5B,0x99,0x62,0x49,0x56,0x93,0x61,
  0x42,0x4C,0x89,0x50,0x3F,0x3F,0x7F,0x10,0x00,0x00,0x7F,0x04,
  0x00,0x33,0x66,0x05,0x00,0x00,0x00,0x01,0x00,0x00,0x00,0x00,
  0x00,0x00,0x00,0x00,0x00,0x00,0x00,0x00,0x00,0x00,0x00,0x00,
  0x00,0x00,0x00,0x00,0x00,0x00,0x00,0x00,0x00,0x00,0x00,0x00,
  0x00,0x00,0x00,0x00,0x00,0x00,0x00,0x00,0x00,0x00,0x00,0x00,
  0x00,0x00,0x00,0x00,0x00,0x00,0x00,0x00,0x00,0x00,0x00,0x00,
  0x00,0x00,0x00,0x00,0x00,0x00,0x00,0x00,0x00,0x00,0x00,0x00,
  0x00,0x00,0x00,0x00,0x00,0x00,0x00,0x00,0x00,0x00,0x00,0x00,
  0x00,0x00,0x00,0x00,0x00,0x00,0x00,0x00,0x00,0x00,0x00,0x00,
  0x00,0x00,0x00,0x00,0x00,0x00,0x00,0x00,0x00,0x00,0x00,0x00,
  0x00,0x00,0x00,0x00,0x00,0x00,0x00,0x00,0x00,0x00,0x00,0x00,
  0x00,0x00,0x00,0x00,0x00,0x00,0x00,0x00,0x00,0x00,0x00,0x00,
  0x00,0x00,0x00,0x00,0x00,0x00,0x00,0x00,0x00,0x00,0x00,0x00,
  0x00,0x00,0x00,0x00,0x00,0x00,0x00,0x00,0x00,0x00,0x00,0x00,
  0x00,0x00,0x00,0x00,0x00,0x00,0x00,0x00,0x00,0x00,0x00,0x00,
  0x00,0x00,0x00,0x00,0x00,0x00,0x00,0x00,0x00,0x00,0x00,0x00,
  0x00,0x00,0x00,0x00,0x00,0x00,0x00,0x00,0x00,0x00,0x00,0x00,
  0x00,0x00,0x00,0x00,0x00,0x00,0x00,0x00,0x00,0x00,0x00,0x00,
  0x00,0x00,0x00,0x00,0x00,0x00,0x00,0x00,0x00,0x00,0x00,0x00,
  0x00,0x00,0x00,0x00,0x00,0x00,0x00,0x00,0x00,0x00,0x00,0x00,
  0x00,0x00,0x00,0x00,0x00,0x00,0x00,0x00,0x00,0x00,0x00,0x00,
  0x00,0x00,0x00,0x00,0x00,0x00,0x00,0x00,0x00,0x00,0x00,0x00,
  0x00,0x00,0x00,0x00,0x00,0x00,0x00,0x00,0x00,0x00,0x00,0x00,
  0x00,0x00,0x00,0x00,0x00,0x00,0x00,0x00,0x00,0x00,0x00,0x00,
  0x00,0x00,0x00,0x00,0x00,0x00,0x00,0x00,0x00,0x00,0x00,0x00,
  0x00,0x00,0x00,0x00,0x00,0x00,0x00,0x00,0x00,0x00,0x00,0x00,
  0x00,0x00,0x00,0x00,0x00,0x00,0x00,0x00,0x00,0x00,0x00,0x01,
  0x00,0x00,0x00,0x00,0x2F,0x37,0x77,0x20,0x21,0x2E,0x72,0x4C,
  0x1C,0x26,0x6D,0x48,0x23,0x33,0x75,0x41,0x01,0x01,0x01,0x00,
  0x1E,0x24,0x69,0xAA,0x1C,0x22,0x71,0xFF,0x1B,0x20,0x6C,0xFC,
  0x1D,0x22,0x6D,0xFF,0x11,0x1B,0x69,0xFF,0x05,0x0B,0x61,0xFF,
  0x5B,0xB3,0xD9,0xFF,0x89,0xFF,0xFF,0xFF,0x28,0x48,0x86,0xFF,
  0x00,0x00,0x4D,0xFF,0x12,0x1D,0x68,0xFE,0x10,0x19,0x66,0xFF,
  0x0F,0x19,0x66,0xFE,0x09,0x13,0x60,0xFF,0x07,0x11,0x5D,0xFF,
  0x0A,0x13,0x5E,0xFE,0x0B,0x14,0x61,0xFF,0x10,0x19,0x64,0xDF,
  0x12,0x1B,0x69,0xD2,0x2D,0x34,0x75,0x82,0x88,0x90,0xAA,0x1E,
  0x5D,0x64,0x93,0x26,0x6E,0x75,0x9E,0x25,0x9C,0x9C,0x9C,0x0D,
  0x16,0x22,0x73,0xB7,0x09,0x15,0x71,0xFF,0x0F,0x25,0x82,0xFE,
  0x1D,0x56,0xC3,0xFF,0x1F,0x8C,0xFF,0xFF,0x20,0x91,0xFC,0xFF,
  0x24,0x9E,0xFE,0xFF,0x27,0xA3,0xFE,0xFF,0x27,0xA0,0xFE,0xFF,
  0x21,0x9C,0xFE,0xFF,0x2B,0xA6,0xFD,0xFF,0x63,0xD8,0xFC,0xFF,
  0x68,0xDC,0xFD,0xFF,0x72,0xE5,0xFD,0xFF,0x71,0xE8,0xFD,0xFF,
  0x2F,0xA9,0xFD,0xFF,0x1E,0x95,0xFE,0xFF,0x22,0x9A,0xFE,0xFF,
  0x22,0x9B,0xFE,0xFF,0x21,0x98,0xFE,0xFF,0x21,0x94,0xFD,0xFF,
  0x23,0x99,0xFD,0xFF,0x3C,0xC1,0xFD,0xFF,0x49,0xD3,0xFE,0xFF,
  0x50,0xD6,0xFD,0xFF,0x61,0xDE,0xFD,0xFF,0x66,0xDF,0xFD,0xFF,
  0x65,0xDE,0xFD,0xFF,0x6E,0xE5,0xFD,0xFF,0x48,0xC0,0xFC,0xFF,
  0x1E,0x96,0xFE,0xFF,0x28,0x9F,0xFE,0xFF,0x27,0x9E,0xFE,0xFF,
  0x27,0x9E,0xFE,0xFF,0x27,0x9E,0xFE,0xFF,0x24,0x9C,0xFE,0xFF,
  0x24,0x9B,0xFD,0xFF,0x25,0x9F,0xFF,0xFF,0x26,0xA5,0xFF,0xFF,
  0x28,0xA5,0xFF,0xFF,0x1E,0x4F,0xBB,0xFF,0x18,0x3B,0xAE,0xFF,
  0x1B,0x3F,0xB1,0xFF,0x19,0x39,0xAD,0xFF,0x19,0x38,0xAF,0xFF,
  0x1A,0x39,0xB0,0xFF,0x1A,0x39,0xB1,0xFF,0x1B,0x3B,0xB5,0xFF,
  0x16,0x2D,0x99,0xFF,0x0C,0x16,0x69,0xFF,0x0D,0x19,0x6D,0xFF,
  0x0B,0x16,0x6E,0xFF,0x13,0x1D,0x6B,0xFF,0x5C,0x5C,0x7F,0x16,
  0x00,0x00,0x00,0x00,0x00,0x00,0x00,0x00,0x00,0x00,0x00,0x00,
  0x00,0x00,0x00,0x00,0x00,0x00,0x00,0x00,0x00,0x00,0x00,0x00,
  0x00,0x00,0x00,0x00,0x00,0x00,0x00,0x00,0x00,0x00,0x00,0x00,
  0x00,0x00,0x00,0x00,0x00,0x00,0x00,0x00,0x00,0x00,0x00,0x00,
  0x00,0x00,0x00,0x00,0x00,0x00,0x00,0x00,0x00,0x00,0x00,0x00,
  0x00,0x00,0x00,0x00,0x00,0x00,0x00,0x00,0x00,0x00,0x00,0x00,
  0x00,0x00,0x00,0x00,0x00,0x00,0x00,0x00,0x00,0x00,0x00,0x00,
  0x00,0x00,0x00,0x00,0x00,0x00,0x00,0x00,0x00,0x00,0x00,0x00,
  0x00,0x00,0x00,0x00,0x00,0x00,0x00,0x00,0x00,0x00,0x00,0x00,
  0x00,0x00,0x00,0x00,0x00,0x00,0x00,0x00,0x00,0x00,0x00,0x00,
  0x00,0x00,0x00,0x00,0x00,0x00,0x00,0x00,0x00,0x00,0x00,0x00,
  0x00,0x00,0x00,0x00,0x00,0x00,0x00,0x00,0x00,0x00,0x00,0x00,
  0x00,0x00,0x00,0x00,0x00,0x00,0x00,0x00,0x00,0x00,0x00,0x00,
  0x00,0x00,0x00,0x00,0x00,0x00,0x00,0x00,0x00,0x00,0x00,0x00,
  0x00,0x00,0x00,0x00,0x00,0x00,0x00,0x00,0x00,0x00,0x00,0x00,
  0x00,0x00,0x00,0x00,0x00,0x00,0x00,0x00,0x00,0x00,0x00,0x00,
  0x00,0x00,0x00,0x00,0x00,0x00,0x00,0x00,0x00,0x00,0x00,0x00,
  0x00,0x00,0x00,0x00,0x00,0x00,0x00,0x00,0x00,0x00,0x00,0x00,
  0x00,0x00,0x00,0x00,0x00,0x00,0x00,0x00,0x00,0x00,0x00,0x00,
  0x00,0x00,0x00,0x00,0x00,0x00,0x00,0x00,0x00,0x00,0x00,0x00,
  0x00,0x00,0x00,0x00,0x00,0x00,0x00,0x00,0x00,0x00,0x00,0x00,
  0x00,0x00,0x00,0x00,0x00,0x00,0x00,0x00,0x00,0x00,0x00,0x00,
  0x00,0x00,0x00,0x00,0x00,0x00,0x00,0x00,0x00,0x00,0x00,0x00,
  0x00,0x00,0x00,0x00,0x00,0x00,0x00,0x00,0x00,0x00,0x00,0x00,
  0x00,0x00,0x00,0x00,0x00,0x00,0x00,0x00,0x00,0x00,0x00,0x00,
  0x00,0x00,0x00,0x00,0x00,0x00,0x00,0x00,0x00,0x00,0xFF,0x01,
  0x24,0x24,0x91,0x07,0x05,0x06,0x03,0x00,0x24,0x29,0x6E,0x76,
  0x0D,0x11,0x6C,0xFF,0x08,0x0C,0x65,0xFF,0x15,0x18,0x64,0xE5,
  0xFF,0xFF,0xFF,0x04,0x22,0x2B,0x71,0xB0,0x1F,0x24,0x73,0xFF,
  0x1F,0x23,0x6D,0xFC,0x17,0x1E,0x69,0xFF,0x0B,0x16,0x65,0xFF,
  0x05,0x09,0x59,0xFF,0x57,0xAA,0xD0,0xFF,0x7C,0xF4,0xFD,0xFF,
  0x4F,0x8A,0xB6,0xFF,0x1D,0x32,0x72,0xFF,0x04,0x09,0x54,0xFF,
  0x08,0x0F,0x58,0xFF,0x09,0x12,0x5E,0xFF,0x09,0x13,0x5F,0xFF,
  0x08,0x12,0x5C,0xFF,0x0D,0x1C,0x75,0xFC,0x10,0x20,0x7E,0xFF,
  0x31,0x3B,0x79,0x67,0xCC,0xCC,0x99,0x05,0x3F,0x7F,0x7F,0x04,
  0x00,0x00,0x00,0x00,0x00,0x00,0x00,0x00,0x00,0x00,0x00,0x00,
  0x00,0x00,0x00,0x00,0x3F,0x46,0x71,0x24,0x0C,0x19,0x6B,0xEF,
  0x05,0x0D,0x65,0xFF,0x10,0x26,0x81,0xFE,0x20,0x86,0xEF,0xFF,
  0x24,0x9F,0xFD,0xFF,0x26,0xA4,0xFE,0xFF,0x25,0xA2,0xFE,0xFF,
  0x26,0xA3,0xFE,0xFF,0x27,0xA3,0xFE,0xFF,0x26,0xA3,0xFE,0xFF,
  0x25,0xA2,0xFE,0xFF,0x24,0x9F,0xFC,0xFF,0x29,0xA3,0xFD,0xFF,
  0x3B,0xB7,0xFD,0xFF,0x43,0xCB,0xFE,0xFF,0x36,0xBB,0xFE,0xFF,
  0x28,0xAA,0xFE,0xFF,0x2A,0xA9,0xFD,0xFF,0x2C,0xA1,0xFC,0xFF,
  0x2A,0x9D,0xFD,0xFF,0x2C,0xA4,0xFD,0xFF,0x41,0xC9,0xFD,0xFF,
  0x46,0xCF,0xFE,0xFF,0x59,0xDC,0xFE,0xFF,0x62,0xE2,0xFE,0xFF,
  0x62,0xE2,0xFE,0xFF,0x67,0xE4,0xFD,0xFF,0x47,0xC0,0xFC,0xFF,
  0x2C,0xA3,0xFD,0xFF,0x27,0x9E,0xFE,0xFF,0x27,0x9E,0xFE,0xFF,
  0x27,0x9E,0xFE,0xFF,0x27,0x9E,0xFE,0xFF,0x27,0x9E,0xFE,0xFF,
  0x25,0x9C,0xFE,0xFF,0x24,0x9A,0xFE,0xFF,0x24,0x99,0xFD,0xFF,
  0x21,0x96,0xFD,0xFF,0x21,0x96,0xFC,0xFF,0x49,0xC2,0xF6,0xFF,
  0x4B,0xC6,0xF5,0xFF,0x4C,0xCE,0xF8,0xFF,0x23,0x58,0xBC,0xFF,
  0x11,0x23,0xA0,0xFF,0x18,0x31,0xA8,0xFF,0x17,0x31,0xA9,0xFF,
  0x19,0x37,0xAF,0xFF,0x18,0x33,0xA5,0xFF,0x13,0x2A,0x94,0xFC,
  0x13,0x29,0x94,0xFC,0x13,0x2B,0x98,0xFC,0x11,0x20,0x7A,0xFA,
  0x1E,0x27,0x6E,0x88,0x16,0x1F,0x6C,0x71,0x1F,0x2B,0x76,0x70,
  0x55,0x63,0x8D,0x12,0x55,0x55,0xAA,0x03,0x3F,0x3F,0x7F,0x04,
  0x55,0x55,0x55,0x03,0x00,0x00,0x00,0x00,0x00,0x00,0x00,0x00,
  0x00,0x00,0x00,0x00,0x00,0x00,0x00,0x00,0x00,0x00,0x00,0x00,
  0x00,0x00,0x00,0x00,0x00,0x00,0x00,0x00,0x00,0x00,0x00,0x00,
  0x00,0x00,0x00,0x00,0x00,0x00,0x00,0x00,0x00,0x00,0x00,0x00,
  0x00,0x00,0x00,0x00,0x00,0x00,0x00,0x00,0x00,0x00,0x00,0x00,
  0x00,0x00,0x00,0x00,0x00,0x00,0x00,0x00,0x00,0x00,0x00,0x00,
  0x00,0x00,0x00,0x00,0x00,0x00,0x00,0x00,0x00,0x00,0x00,0x00,
  0x00,0x00,0x00,0x00,0x00,0x00,0x00,0x00,0x00,0x00,0x00,0x00,
  0x00,0x00,0x00,0x00,0x00,0x00,0x00,0x00,0x00,0x00,0x00,0x00,
  0x00,0x00,0x00,0x00,0x00,0x00,0x00,0x00,0x00,0x00,0x00,0x00,
  0x00,0x00,0x00,0x00,0x00,0x00,0x00,0x00,0x00,0x00,0x00,0x00,
  0x00,0x00,0x00,0x00,0x00,0x00,0x00,0x00,0x00,0x00,0x00,0x00,
  0x00,0x00,0x00,0x00,0x00,0x00,0x00,0x00,0x00,0x00,0x00,0x00,
  0x00,0x00,0x00,0x00,0x00,0x00,0x00,0x00,0x00,0x00,0x00,0x00,
  0x00,0x00,0x00,0x00,0x00,0x00,0x00,0x00,0x00,0x00,0x00,0x00,
  0x00,0x00,0x00,0x00,0x00,0x00,0x00,0x00,0x00,0x00,0x00,0x00,
  0x00,0x00,0x00,0x00,0x00,0x00,0x00,0x00,0x00,0x00,0x00,0x00,
  0x00,0x00,0x00,0x00,0x00,0x00,0x00,0x00,0x00,0x00,0x00,0x00,
  0x00,0x00,0x00,0x00,0x00,0x00,0x00,0x00,0x00,0x00,0x00,0x00,
  0x00,0x00,0x00,0x00,0x00,0x00,0x00,0x00,0x00,0x00,0x00,0x00,
  0x00,0x00,0x00,0x00,0x00,0x00,0x00,0x00,0x00,0x00,0x00,0x00,
  0x00,0x00,0x00,0x00,0x00,0x00,0x00,0x00,0x00,0x00,0x00,0x00,
  0x00,0x00,0x00,0x00,0x00,0x00,0x00,0x00,0x00,0x00,0x00,0x00,
  0x00,0x00,0x00,0x00,0x00,0x00,0x00,0x00,0x00,0x00,0xFF,0x01,
  0x00,0x00,0x00,0x00,0x00,0x00,0x00,0x00,0x1C,0x22,0x68,0xB2,
  0x1D,0x38,0x88,0xE0,0x20,0x61,0xB3,0xFC,0x1E,0x5C,0xB0,0xFD,
  0x25,0x5E,0xAC,0xF6,0x1F,0x2D,0x76,0xCA,0x0F,0x19,0x68,0xF1,
  0x11,0x1A,0x6C,0xFF,0x19,0x20,0x6D,0xFE,0x11,0x19,0x67,0xFF,
  0x0C,0x1C,0x73,0xFF,0x12,0x2C,0x99,0xFF,0x5B,0xB8,0xE4,0xFF,
  0x79,0xEE,0xFE,0xFF,0x83,0xFC,0xFF,0xFF,0x4F,0x94,0xC1,0xFF,
  0x10,0x1C,0x64,0xFF,0x19,0x2D,0x6F,0xFF,0x0C,0x15,0x5E,0xFF,
  0x03,0x0A,0x55,0xFF,0x07,0x12,0x5E,0xFF,0x13,0x2D,0x9C,0xFC,
  0x19,0x36,0xAB,0xFF,0x36,0x41,0x87,0x75,0x7F,0x7F,0x7F,0x02,
  0x00,0x00,0x55,0x03,0x00,0x7F,0x7F,0x02,0x00,0x00,0x7F,0x02,
  0x3F,0x3F,0x7F,0x04,0x00,0x00,0x00,0x01,0x34,0x3D,0x72,0x1D,
  0x0E,0x19,0x68,0xF0,0x07,0x14,0x6D,0xFF,0x08,0x0E,0x64,0xFE,
  0x23,0x82,0xDB,0xFF,0x29,0xAB,0xFF,0xFF,0x24,0xA1,0xFD,0xFF,
  0x24,0xA3,0xFE,0xFF,0x24,0xA3,0xFE,0xFF,0x24,0xA3,0xFE,0xFF,
  0x24,0xA3,0xFE,0xFF,0x24,0xA1,0xFE,0xFF,0x26,0xA1,0xFD,0xFF,
  0x1E,0x97,0xFD,0xFF,0x2C,0xA8,0xFD,0xFF,0x51,0xDA,0xFE,0xFF,
  0x43,0xC7,0xFE,0xFF,0x26,0xA5,0xFD,0xFF,0x37,0xB7,0xFD,0xFF,
  0x75,0xE9,0xFD,0xFF,0x72,0xE6,0xFE,0xFF,0x6B,0xE2,0xFD,0xFF,
  0x49,0xD0,0xFD,0xFF,0x45,0xCE,0xFE,0xFF,0x5B,0xDE,0xFE,0xFF,
  0x61,0xE1,0xFE,0xFF,0x62,0xE3,0xFE,0xFF,0x69,0xE8,0xFE,0xFF,
  0x3B,0xB4,0xFD,0xFF,0x22,0x99,0xFE,0xFF,0x28,0xA2,0xFE,0xFF,
  0x27,0xA0,0xFE,0xFF,0x27,0x9E,0xFE,0xFF,0x27,0x9E,0xFE,0xFF,
  0x25,0x9E,0xFE,0xFF,0x26,0x9D,0xFE,0xFF,0x25,0x9C,0xFE,0xFF,
  0x23,0x9A,0xFE,0xFF,0x26,0x9D,0xFD,0xFF,0x34,0xB0,0xFC,0xFF,
  0x4A,0xD0,0xFE,0xFF,0x4A,0xD4,0xFF,0xFF,0x4E,0xDD,0xFF,0xFF,
  0x36,0x8A,0xD4,0xFF,0x25,0x5D,0xC0,0xFF,0x1E,0x5B,0xC7,0xFF,
  0x1E,0x54,0xC0,0xFF,0x19,0x37,0xAE,0xFF,0x1A,0x39,0xB0,0xFF,
  0x1B,0x3A,0xB4,0xFF,0x1B,0x3A,0xB3,0xFF,0x1E,0x3F,0xBC,0xFF,
  0x0E,0x20,0x82,0xFF,0x08,0x13,0x6D,0xFF,0x08,0x15,0x77,0xFF,
  0x11,0x1C,0x71,0xFF,0x48,0x48,0x6D,0x15,0x00,0x00,0x00,0x00,
  0x00,0x00,0x00,0x00,0x00,0x00,0x00,0x00,0x00,0x00,0x00,0x00,
  0x00,0x00,0x00,0x00,0x00,0x00,0x00,0x00,0x00,0x00,0x00,0x00,
  0x00,0x00,0x00,0x00,0x00,0x00,0x00,0x00,0x00,0x00,0x00,0x00,
  0x00,0x00,0x00,0x00,0x00,0x00,0x00,0x00,0x00,0x00,0x00,0x00,
  0x00,0x00,0x00,0x00,0x00,0x00,0x00,0x00,0x00,0x00,0x00,0x00,
  0x00,0x00,0x00,0x00,0x00,0x00,0x00,0x00,0x00,0x00,0x00,0x00,
  0x00,0x00,0x00,0x00,0x00,0x00,0x00,0x00,0x00,0x00,0x00,0x00,
  0x00,0x00,0x00,0x00,0x00,0x00,0x00,0x00,0x00,0x00,0x00,0x00,
  0x00,0x00,0x00,0x00,0x00,0x00,0x00,0x00,0x00,0x00,0x00,0x00,
  0x00,0x00,0x00,0x00,0x00,0x00,0x00,0x00,0x00,0x00,0x00,0x00,
  0x00,0x00,0x00,0x00,0x00,0x00,0x00,0x00,0x00,0x00,0x00,0x00,
  0x00,0x00,0x00,0x00,0x00,0x00,0x00,0x00,0x00,0x00,0x00,0x00,
  0x00,0x00,0x00,0x00,0x00,0x00,0x00,0x00,0x00,0x00,0x00,0x00,
  0x00,0x00,0x00,0x00,0x00,0x00,0x00,0x00,0x00,0x00,0x00,0x00,
  0x00,0x00,0x00,0x00,0x00,0x00,0x00,0x00,0x00,0x00,0x00,0x00,
  0x00,0x00,0x00,0x00,0x00,0x00,0x00,0x00,0x00,0x00,0x00,0x00,
  0x00,0x00,0x00,0x00,0x00,0x00,0x00,0x00,0x00,0x00,0x00,0x00,
  0x00,0x00,0x00,0x00,0x00,0x00,0x00,0x00,0x00,0x00,0x00,0x00,
  0x00,0x00,0x00,0x00,0x00,0x00,0x00,0x00,0x00,0x00,0x00,0x00,
  0x00,0x00,0x00,0x00,0x00,0x00,0x00,0x00,0x00,0x00,0x00,0x00,
  0x00,0x00,0x00,0x00,0x00,0x00,0x00,0x00,0x00,0x00,0x00,0x00,
  0x00,0x00,0x00,0x00,0x00,0x00,0x00,0x00,0x00,0x00,0x00,0x00,
  0x00,0x00,0x00,0x00,0x00,0x00,0x00,0x00,0x00,0x00,0x00,0x00,
  0x00,0x00,0x00,0x00,0x00,0x00,0x00,0x00,0x00,0x00,0xFF,0x01,
  0x00,0x00,0x00,0x00,0x64,0x64,0x91,0x1C,0x48,0x55,0x8C,0x62,
  0x0C,0x10,0x64,0xF8,0x19,0x4A,0xA2,0xFF,0x34,0xBE,0xFF,0xFE,
  0x2F,0xB7,0xFF,0xFF,0x33,0xAC,0xFB,0xFF,0x10,0x24,0x7D,0xFF,
  0x07,0x0F,0x66,0xFF,0x0A,0x18,0x6D,0xFF,0x0A,0x17,0x6B,0xFF,
  0x07,0x11,0x62,0xFF,0x13,0x2D,0x89,0xFF,0x21,0x6C,0xE8,0xFF,
  0x5F,0xC9,0xF6,0xFF,0x7B,0xEE,0xFE,0xFF,0x76,0xE7,0xFD,0xFF,
  0x78,0xE1,0xF8,0xFF,0x76,0xD7,0xF1,0xFF,0x7C,0xE4,0xF5,0xFF,
  0x48,0x79,0xAB,0xFF,0x14,0x26,0x6E,0xFF,0x09,0x14,0x62,0xFF,
  0x14,0x2B,0x98,0xFF,0x15,0x33,0xA9,0xFE,0x18,0x26,0x82,0xF3,
  0x37,0x3B,0x72,0x3C,0x00,0x00,0x00,0x00,0x00,0x55,0x55,0x03,
  0x00,0x00,0x00,0x00,0x00,0x00,0x7F,0x02,0x00,0x00,0x00,0x00,
  0x3C,0x43,0x78,0x22,0x10,0x1B,0x69,0xF2,0x08,0x14,0x6B,0xFF,
  0x0E,0x1C,0x72,0xFE,0x28,0x89,0xE1,0xFF,0x2A,0xAC,0xFF,0xFF,
  0x25,0xA1,0xFC,0xFF,0x24,0xA3,0xFE,0xFF,0x24,0xA3,0xFE,0xFF,
  0x24,0xA3,0xFE,0xFF,0x24,0xA3,0xFE,0xFF,0x25,0xA0,0xFD,0xFF,
  0x20,0x9B,0xFD,0xFF,0x30,0xAA,0xFD,0xFF,0x51,0xCA,0xFC,0xFF,
  0x6C,0xE9,0xFE,0xFF,0x56,0xD3,0xFD,0xFF,0x24,0xA2,0xFE,0xFF,
  0x38,0xB5,0xFE,0xFF,0x77,0xEB,0xFE,0xFF,0x75,0xEB,0xFE,0xFF,
  0x75,0xEB,0xFE,0xFF,0x6B,0xE5,0xFE,0xFF,0x4E,0xD4,0xFE,0xFF,
  0x5C,0xDE,0xFE,0xFF,0x64,0xE3,0xFE,0xFF,0x64,0xE4,0xFE,0xFF,
  0x60,0xDD,0xFD,0xFF,0x37,0xB1,0xFD,0xFF,0x25,0x9D,0xFE,0xFF,
  0x28,0xA3,0xFE,0xFF,0x27,0xA2,0xFE,0xFF,0x27,0x9E,0xFE,0xFF,
  0x26,0x9E,0xFE,0xFF,0x24,0x9D,0xFE,0xFF,0x24,0x9B,0xFE,0xFF,
  0x25,0x9B,0xFE,0xFF,0x20,0x95,0xFE,0xFF,0x28,0x9F,0xFD,0xFF,
  0x51,0xD9,0xFD,0xFF,0x48,0xD1,0xFE,0xFF,0x48,0xD0,0xFE,0xFF,
  0x48,0xD0,0xFD,0xFF,0x50,0xDB,0xFF,0xFF,0x46,0xCC,0xFF,0xFF,
  0x27,0xA7,0xFF,0xFF,0x26,0x88,0xE8,0xFF,0x17,0x2C,0xA5,0xFF,
  0x17,0x31,0xAB,0xFF,0x16,0x30,0xAB,0xFF,0x19,0x36,0xAD,0xFF,
  0x1B,0x3B,0xB2,0xFF,0x18,0x33,0xA4,0xFF,0x18,0x32,0xA4,0xFB,
  0x15,0x2E,0xA0,0xFB,0x0B,0x17,0x6B,0xF3,0x2E,0x35,0x73,0x68,
  0x35,0x3E,0x7D,0x51,0x39,0x45,0x7F,0x58,0x46,0x51,0x88,0x45,
  0xFF,0xFF,0xFF,0x01,0x00,0x00,0x00,0x00,0x00,0x00,0x00,0x00,
  0x00,0x00,0x00,0x00,0x00,0x00,0x00,0x00,0x00,0x00,0x00,0x00,
  0x00,0x00,0x00,0x00,0x00,0x00,0x00,0x00,0x00,0x00,0x00,0x00,
  0x00,0x00,0x00,0x00,0x00,0x00,0x00,0x00,0x00,0x00,0x00,0x00,
  0x00,0x00,0x00,0x00,0x00,0x00,0x00,0x00,0x00,0x00,0x00,0x00,
  0x00,0x00,0x00,0x00,0x00,0x00,0x00,0x00,0x00,0x00,0x00,0x00,
  0x00,0x00,0x00,0x00,0x00,0x00,0x00,0x00,0x00,0x00,0x00,0x00,
  0x00,0x00,0x00,0x00,0x00,0x00,0x00,0x00,0x00,0x00,0x00,0x00,
  0x00,0x00,0x00,0x00,0x00,0x00,0x00,0x00,0x00,0x00,0x00,0x00,
  0x00,0x00,0x00,0x00,0x00,0x00,0x00,0x00,0x00,0x00,0x00,0x00,
  0x00,0x00,0x00,0x00,0x00,0x00,0x00,0x00,0x00,0x00,0x00,0x00,
  0x00,0x00,0x00,0x00,0x00,0x00,0x00,0x00,0x00,0x00,0x00,0x00,
  0x00,0x00,0x00,0x00,0x00,0x00,0x00,0x00,0x00,0x00,0x00,0x00,
  0x00,0x00,0x00,0x00,0x00,0x00,0x00,0x00,0x00,0x00,0x00,0x00,
  0x00,0x00,0x00,0x00,0x00,0x00,0x00,0x00,0x00,0x00,0x00,0x00,
  0x00,0x00,0x00,0x00,0x00,0x00,0x00,0x00,0x00,0x00,0x00,0x00,
  0x00,0x00,0x00,0x00,0x00,0x00,0x00,0x00,0x00,0x00,0x00,0x00,
  0x00,0x00,0x00,0x00,0x00,0x00,0x00,0x00,0x00,0x00,0x00,0x00,
  0x00,0x00,0x00,0x00,0x00,0x00,0x00,0x00,0x00,0x00,0x00,0x00,
  0x00,0x00,0x00,0x00,0x00,0x00,0x00,0x00,0x00,0x00,0x00,0x00,
  0x00,0x00,0x00,0x00,0x00,0x00,0x00,0x00,0x00,0x00,0x00,0x00,
  0x00,0x00,0x00,0x00,0x00,0x00,0x00,0x00,0x00,0x00,0x00,0x00,
  0x00,0x00,0x00,0x00,0x00,0x00,0x00,0x00,0x00,0x00,0x00,0x00,
  0x00,0x00,0x7F,0x04,0x00,0x00,0x55,0x03,0x1F,0x2C,0x7D,0x68,
  0x16,0x29,0x8C,0xFF,0x09,0x15,0x78,0xFB,0x1E,0x52,0xAD,0xFE,
  0x38,0xBC,0xFD,0xFF,0x2C,0xA9,0xFB,0xFF,0x2C,0xA6,0xFA,0xFF,
  0x2B,0x94,0xE6,0xFD,0x2A,0x87,0xDB,0xFE,0x10,0x21,0x75,0xFF,
  0x0A,0x14,0x67,0xFF,0x07,0x0F,0x65,0xFF,0x2A,0x50,0x95,0xFF,
  0x71,0xE3,0xF9,0xFF,0x77,0xE6,0xFB,0xFF,0x7A,0xEA,0xFE,0xFF,
  0x79,0xEA,0xFE,0xFF,0x7D,0xEB,0xFF,0xFF,0x7D,0xED,0xFF,0xFF,
  0x7C,0xEC,0xFF,0xFF,0x7F,0xF1,0xFE,0xFF,0x60,0xB3,0xD8,0xFF,
  0x0D,0x18,0x6F,0xFF,0x15,0x2E,0x9D,0xFF,0x15,0x33,0xAA,0xFE,
  0x13,0x23,0x81,0xFF,0x37,0x3E,0x76,0x45,0x00,0x00,0x00,0x00,
  0x55,0x55,0x55,0x03,0x00,0x00,0x00,0x00,0x00,0x00,0x7F,0x02,
  0x00,0x00,0x00,0x00,0x3D,0x45,0x73,0x21,0x0C,0x16,0x66,0xF3,
  0x0B,0x1C,0x72,0xFE,0x37,0x9A,0xDF,0xFE,0x2E,0xAD,0xFB,0xFF,
  0x29,0xA7,0xFC,0xFF,0x23,0xA1,0xFD,0xFF,0x24,0xA3,0xFE,0xFF,
  0x24,0xA3,0xFE,0xFF,0x24,0xA3,0xFE,0xFF,0x24,0xA3,0xFE,0xFF,
  0x25,0xA1,0xFD,0xFF,0x2E,0xAA,0xFD,0xFF,0x50,0xCE,0xFC,0xFF,
  0x6B,0xEB,0xFE,0xFF,0x63,0xE2,0xFE,0xFF,0x63,0xE3,0xFE,0xFF,
  0x45,0xC4,0xFD,0xFF,0x28,0xA3,0xFD,0xFF,0x2C,0xA7,0xFD,0xFF,
  0x5D,0xD0,0xFC,0xFF,0x83,0xF4,0xFE,0xFF,0x78,0xEB,0xFE,0xFF,
  0x6E,0xE7,0xFD,0xFF,0x66,0xE4,0xFE,0xFF,0x64,0xE3,0xFE,0xFF,
  0x6A,0xE8,0xFE,0xFF,0x3D,0xB8,0xFD,0xFF,0x21,0x9A,0xFE,0xFF,
  0x28,0xA2,0xFE,0xFF,0x28,0xA3,0xFE,0xFF,0x27,0xA2,0xFE,0xFF,
  0x27,0x9F,0xFE,0xFF,0x27,0x9E,0xFE,0xFF,0x26,0x9E,0xFE,0xFF,
  0x24,0x9B,0xFE,0xFF,0x23,0x98,0xFE,0xFF,0x29,0xA5,0xFE,0xFF,
  0x3B,0xBC,0xFD,0xFF,0x4C,0xD3,0xFD,0xFF,0x48,0xD1,0xFE,0xFF,
  0x48,0xD1,0xFE,0xFF,0x48,0xD0,0xFE,0xFF,0x49,0xD3,0xFE,0xFF,
  0x3F,0xC3,0xFC,0xFF,0x25,0x9B,0xFE,0xFF,0x27,0x97,0xF4,0xFF,
  0x2B,0x84,0xDB,0xFF,0x2C,0x85,0xDC,0xFF,0x31,0x8A,0xDD,0xFF,
  0x21,0x53,0xBF,0xFF,0x17,0x32,0xAF,0xFF,0x19,0x39,0xB3,0xFF,
  0x1B,0x3D,0xBA,0xFF,0x19,0x36,0xAB,0xFF,0x09,0x14,0x6B,0xFF,
  0x0E,0x1A,0x6E,0xFF,0x10,0x1B,0x6D,0xFF,0x0E,0x1A,0x72,0xFF,
  0x13,0x1D,0x6A,0xE1,0x66,0x66,0x66,0x05,0x00,0x00,0x00,0x00,
  0x00,0x00,0x00,0x01,0x00,0x00,0x00,0x00,0x00,0x00,0x00,0x00,
  0x00,0x00,0x00,0x00,0x00,0x00,0x00,0x00,0x00,0x00,0x00,0x00,
  0x00,0x00,0x00,0x00,0x00,0x00,0x00,0x00,0x00,0x00,0x00,0x00,
  0x00,0x00,0x00,0x00,0x00,0x00,0x00,0x00,0x00,0x00,0x00,0x00,
  0x00,0x00,0x00,0x00,0x00,0x00,0x00,0x00,0x00,0x00,0x00,0x00,
  0x00,0x00,0x00,0x00,0x00,0x00,0x00,0x00,0x00,0x00,0x00,0x00,
  0x00,0x00,0x00,0x00,0x00,0x00,0x00,0x00,0x00,0x00,0x00,0x00,
  0x00,0x00,0x00,0x00,0x00,0x00,0x00,0x00,0x00,0x00,0x00,0x00,
  0x00,0x00,0x00,0x00,0x00,0x00,0x00,0x00,0x00,0x00,0x00,0x00,
  0x00,0x00,0x00,0x00,0x00,0x00,0x00,0x00,0x00,0x00,0x00,0x00,
  0x00,0x00,0x00,0x00,0x00,0x00,0x00,0x00,0x00,0x00,0x00,0x00,
  0x00,0x00,0x00,0x00,0x00,0x00,0x00,0x00,0x00,0x00,0x00,0x00,
  0x00,0x00,0x00,0x00,0x00,0x00,0x00,0x00,0x00,0x00,0x00,0x00,
  0x00,0x00,0x00,0x00,0x00,0x00,0x00,0x00,0x00,0x00,0x00,0x00,
  0x00,0x00,0x00,0x00,0x00,0x00,0x00,0x00,0x00,0x00,0x00,0x00,
  0x00,0x00,0x00,0x00,0x00,0x00,0x00,0x00,0x00,0x00,0x00,0x00,
  0x00,0x00,0x00,0x00,0x00,0x00,0x00,0x00,0x00,0x00,0x00,0x00,
  0x00,0x00,0x00,0x00,0x00,0x00,0x00,0x00,0x00,0x00,0x00,0x00,
  0x00,0x00,0x00,0x00,0x00,0x00,0x00,0x00,0x00,0x00,0x00,0x00,
  0x00,0x00,0x00,0x00,0x00,0x00,0x00,0x00,0x00,0x00,0x00,0x00,
  0x00,0x00,0x00,0x00,0x00,0x00,0x00,0x00,0x00,0x00,0x00,0x00,
  0x00,0x00,0x00,0x00,0x00,0x00,0x00,0x00,0x00,0x00,0x00,0x00,
  0x00,0x00,0x00,0x00,0x00,0x00,0x00,0x00,0x00,0x00,0x00,0x00,
  0x13,0x1C,0x75,0x5B,0x06,0x11,0x7C,0xFC,0x03,0x06,0x72,0xFC,
  0x26,0x58,0xAD,0xFF,0x5B,0xE8,0xFF,0xFF,0x3C,0xBD,0xFC,0xFF,
  0x26,0xA2,0xFE,0xFF,0x26,0xA9,0xFF,0xFF,0x28,0xA8,0xFF,0xFF,
  0x25,0x7B,0xD3,0xFF,0x10,0x21,0x75,0xFF,0x00,0x00,0x54,0xFF,
  0x29,0x4D,0x91,0xFF,0x82,0xF5,0xFF,0xFF,0x7B,0xE9,0xFD,0xFF,
  0x7B,0xEA,0xFE,0xFF,0x7B,0xEA,0xFE,0xFF,0x7A,0xEA,0xFE,0xFF,
  0x7B,0xE9,0xFD,0xFF,0x7B,0xE6,0xFC,0xFF,0x84,0xF7,0xFF,0xFF,
  0x64,0xC2,0xE9,0xFF,0x15,0x31,0xA6,0xFF,0x19,0x36,0xAC,0xFF,
  0x17,0x35,0xAC,0xFE,0x16,0x25,0x80,0xFE,0x3F,0x43,0x77,0x40,
  0x00,0x00,0x00,0x00,0x55,0x55,0x55,0x03,0x00,0x00,0x00,0x00,
  0x00,0x00,0x7F,0x02,0x00,0x00,0x00,0x00,0x3F,0x47,0x77,0x20,
  0x11,0x19,0x67,0xEF,0x17,0x27,0x7A,0xFF,0x40,0xB1,0xF1,0xFF,
  0x36,0xBC,0xFF,0xFF,0x2F,0xB0,0xFF,0xFF,0x28,0xA9,0xFF,0xFF,
  0x26,0xA5,0xFF,0xFF,0x25,0xA3,0xFE,0xFF,0x25,0xA3,0xFE,0xFF,
  0x25,0xA0,0xFE,0xFF,0x1F,0x9A,0xFD,0xFF,0x52,0xD1,0xFD,0xFF,
  0x66,0xE7,0xFE,0xFF,0x61,0xE1,0xFE,0xFF,0x62,0xE2,0xFE,0xFF,
  0x67,0xE7,0xFE,0xFF,0x4C,0xCB,0xFD,0xFF,0x24,0xA0,0xFE,0xFF,
  0x23,0x9F,0xFE,0xFF,0x3A,0xB3,0xFD,0xFF,0x4A,0xC1,0xFD,0xFF,
  0x5F,0xD3,0xFC,0xFF,0x74,0xE9,0xFD,0xFF,0x54,0xD3,0xFC,0xFF,
  0x6C,0xE7,0xFE,0xFF,0x6E,0xEA,0xFE,0xFF,0x41,0xBB,0xFD,0xFF,
  0x24,0x9E,0xFD,0xFF,0x26,0xA1,0xFE,0xFF,0x23,0x9F,0xFE,0xFF,
  0x26,0xA1,0xFE,0xFF,0x27,0xA0,0xFE,0xFF,0x27,0x9E,0xFE,0xFF,
  0x27,0x9E,0xFE,0xFF,0x25,0x9C,0xFE,0xFF,0x20,0x96,0xFE,0xFF,
  0x35,0xB6,0xFE,0xFF,0x4F,0xDA,0xFE,0xFF,0x48,0xD1,0xFE,0xFF,
  0x48,0xD1,0xFE,0xFF,0x48,0xD0,0xFE,0xFF,0x49,0xD3,0xFE,0xFF,
  0x41,0xC5,0xFE,0xFF,0x2D,0xA7,0xFE,0xFF,0x26,0x9B,0xFE,0xFF,
  0x2B,0xAB,0xFF,0xFF,0x36,0xC2,0xFF,0xFF,0x37,0xC1,0xFF,0xFF,
  0x3D,0xCA,0xFF,0xFF,0x26,0x69,0xCB,0xFF,0x18,0x35,0xB0,0xFF,
  0x1B,0x3D,0xB3,0xFF,0x1A,0x3B,0xB3,0xFF,0x1C,0x3A,0xB0,0xFF,
  0x19,0x33,0xA2,0xFF,0x18,0x32,0xA1,0xFD,0x18,0x32,0xA4,0xFB,
  0x09,0x17,0x77,0xFC,0x08,0x10,0x60,0xD6,0x66,0x66,0x99,0x05,
  0x00,0x00,0x00,0x00,0x00,0x00,0x00,0x01,0x00,0x00,0x00,0x00,
  0x00,0x00,0x00,0x00,0x00,0x00,0x00,0x00,0x00,0x00,0x00,0x00,
  0x00,0x00,0x00,0x00,0x00,0x00,0x00,0x00,0x00,0x00,0x00,0x00,
  0x00,0x00,0x00,0x00,0x00,0x00,0x00,0x00,0x00,0x00,0x00,0x00,
  0x00,0x00,0x00,0x00,0x00,0x00,0x00,0x00,0x00,0x00,0x00,0x00,
  0x00,0x00,0x00,0x00,0x00,0x00,0x00,0x00,0x00,0x00,0x00,0x00,
  0x00,0x00,0x00,0x00,0x00,0x00,0x00,0x00,0x00,0x00,0x00,0x00,
  0x00,0x00,0x00,0x00,0x00,0x00,0x00,0x00,0x00,0x00,0x00,0x00,
  0x00,0x00,0x00,0x00,0x00,0x00,0x00,0x00,0x00,0x00,0x00,0x00,
  0x00,0x00,0x00,0x00,0x00,0x00,0x00,0x00,0x00,0x00,0x00,0x00,
  0x00,0x00,0x00,0x00,0x00,0x00,0x00,0x00,0x00,0x00,0x00,0x00,
  0x00,0x00,0x00,0x00,0x00,0x00,0x00,0x00,0x00,0x00,0x00,0x00,
  0x00,0x00,0x00,0x00,0x00,0x00,0x00,0x00,0x00,0x00,0x00,0x00,
  0x00,0x00,0x00,0x00,0x00,0x00,0x00,0x00,0x00,0x00,0x00,0x00,
  0x00,0x00,0x00,0x00,0x00,0x00,0x00,0x00,0x00,0x00,0x00,0x00,
  0x00,0x00,0x00,0x00,0x00,0x00,0x00,0x00,0x00,0x00,0x00,0x00,
  0x00,0x00,0x00,0x00,0x00,0x00,0x00,0x00,0x00,0x00,0x00,0x00,
  0x00,0x00,0x00,0x00,0x00,0x00,0x00,0x00,0x00,0x00,0x00,0x00,
  0x00,0x00,0x00,0x00,0x00,0x00,0x00,0x00,0x00,0x00,0x00,0x00,
  0x00,0x00,0x00,0x00,0x00,0x00,0x00,0x00,0x00,0x00,0x00,0x00,
  0x00,0x00,0x00,0x00,0x00,0x00,0x00,0x00,0x00,0x00,0x00,0x00,
  0x00,0x00,0x00,0x00,0x00,0x00,0x00,0x00,0x00,0x00,0x00,0x00,
  0x00,0x00,0x7F,0x02,0x00,0x00,0x00,0x00,0x37,0x44,0x82,0x29,
  0x1C,0x22,0x69,0x96,0x29,0x49,0x8F,0xC0,0x36,0x81,0xC2,0xFF,
  0x32,0x76,0xBE,0xFD,0x2D,0x87,0xD9,0xFF,0x38,0xBA,0xFF,0xFF,
  0x32,0xAC,0xFC,0xFF,0x24,0x9E,0xFE,0xFF,0x24,0x9F,0xFC,0xFF,
  0x24,0x9F,0xFC,0xFF,0x28,0xA7,0xFF,0xFF,0x1E,0x6C,0xCE,0xFF,
  0x3B,0x77,0xB5,0xFF,0x5D,0xAB,0xD0,0xFE,0x7B,0xED,0xFE,0xFF,
  0x7B,0xE9,0xFD,0xFF,0x7C,0xEA,0xFE,0xFF,0x7B,0xEA,0xFE,0xFF,
  0x7C,0xEA,0xFE,0xFF,0x7C,0xE9,0xFE,0xFF,0x7C,0xEA,0xFE,0xFF,
  0x7B,0xE4,0xF7,0xFF,0x56,0xA5,0xDD,0xFF,0x14,0x35,0xB1,0xFF,
  0x19,0x39,0xB2,0xFE,0x19,0x36,0xB0,0xFF,0x13,0x22,0x7D,0xFF,
  0x27,0x2B,0x65,0x3A,0x00,0x00,0x00,0x00,0x00,0x00,0x55,0x03,
  0x00,0x00,0x00,0x00,0x00,0x00,0x00,0x00,0x00,0x00,0x00,0x00,
  0x3F,0x3F,0x9F,0x08,0x31,0x37,0x74,0x2E,0x48,0x55,0x8E,0x54,
  0x1D,0x3D,0x8E,0xF6,0x17,0x3F,0x94,0xFF,0x18,0x40,0x94,0xFE,
  0x18,0x3C,0x93,0xFF,0x22,0x8B,0xE8,0xFF,0x23,0xA4,0xFF,0xFF,
  0x25,0x9E,0xFC,0xFF,0x28,0xA2,0xFD,0xFF,0x32,0xAE,0xFD,0xFF,
  0x57,0xD6,0xFD,0xFF,0x65,0xE5,0xFE,0xFF,0x62,0xE2,0xFE,0xFF,
  0x61,0xE1,0xFE,0xFF,0x67,0xE8,0xFE,0xFF,0x4D,0xCC,0xFD,0xFF,
  0x23,0x9F,0xFE,0xFF,0x29,0xA4,0xFE,0xFF,0x25,0xA0,0xFE,0xFF,
  0x1F,0x9A,0xFE,0xFF,0x2A,0xA4,0xFD,0xFF,0x36,0xB0,0xFD,0xFF,
  0x2D,0xA9,0xFD,0xFF,0x32,0xAA,0xFD,0xFF,0x5A,0xCF,0xFD,0xFF,
  0x76,0xEA,0xFE,0xFF,0x6E,0xE2,0xFD,0xFF,0x49,0xC1,0xFC,0xFF,
  0x36,0xB0,0xFC,0xFF,0x2D,0xA8,0xFD,0xFF,0x27,0xA1,0xFE,0xFF,
  0x28,0x9F,0xFE,0xFF,0x25,0x9B,0xFE,0xFF,0x25,0x9B,0xFE,0xFF,
  0x1F,0x92,0xFE,0xFF,0x33,0xB0,0xFD,0xFF,0x4A,0xD4,0xFE,0xFF,
  0x47,0xD0,0xFE,0xFF,0x48,0xD1,0xFE,0xFF,0x48,0xD0,0xFE,0xFF,
  0x4A,0xD4,0xFE,0xFF,0x3B,0xBC,0xFD,0xFF,0x21,0x98,0xFE,0xFF,
  0x26,0x9B,0xFE,0xFF,0x2F,0xAE,0xFD,0xFF,0x34,0xB9,0xFD,0xFF,
  0x34,0xBA,0xFD,0xFF,0x36,0xBC,0xFD,0xFF,0x37,0xAD,0xF2,0xFF,
  0x37,0xAD,0xF1,0xFF,0x30,0x90,0xE1,0xFF,0x16,0x31,0xAA,0xFF,
  0x18,0x34,0xAD,0xFF,0x1D,0x3E,0xB5,0xFF,0x1E,0x3E,0xB7,0xFF,
  0x20,0x3F,0xB9,0xFD,0x0E,0x1D,0x7B,0xFF,0x0B,0x12,0x60,0xD8,
  0x66,0x66,0x99,0x05,0x00,0x00,0x00,0x00,0x00,0x00,0x00,0x01,
  0x00,0x00,0x00,0x00,0x00,0x00,0x00,0x00,0x00,0x00,0x00,0x00,
  0x00,0x00,0x00,0x00,0x00,0x00,0x00,0x00,0x00,0x00,0x00,0x00,
  0x00,0x00,0x00,0x00,0x00,0x00,0x00,0x00,0x00,0x00,0x00,0x00,
  0x00,0x00,0x00,0x00,0x00,0x00,0x00,0x00,0x00,0x00,0x00,0x00,
  0x00,0x00,0x00,0x00,0x00,0x00,0x00,0x00,0x00,0x00,0x00,0x00,
  0x00,0x00,0x00,0x00,0x00,0x00,0x00,0x00,0x00,0x00,0x00,0x00,
  0x00,0x00,0x00,0x00,0x00,0x00,0x00,0x00,0x00,0x00,0x00,0x00,
  0x00,0x00,0x00,0x00,0x00,0x00,0x00,0x00,0x00,0x00,0x00,0x00,
  0x00,0x00,0x00,0x00,0x00,0x00,0x00,0x00,0x00,0x00,0x00,0x00,
  0x00,0x00,0x00,0x00,0x00,0x00,0x00,0x00,0x00,0x00,0x00,0x00,
  0x00,0x00,0x00,0x00,0x00,0x00,0x00,0x00,0x00,0x00,0x00,0x00,
  0x00,0x00,0x00,0x00,0x00,0x00,0x00,0x00,0x00,0x00,0x00,0x00,
  0x00,0x00,0x00,0x00,0x00,0x00,0x00,0x00,0x00,0x00,0x00,0x00,
  0x00,0x00,0x00,0x00,0x00,0x00,0x00,0x00,0x00,0x00,0x00,0x00,
  0x00,0x00,0x00,0x00,0x00,0x00,0x00,0x00,0x00,0x00,0x00,0x00,
  0x00,0x00,0x00,0x00,0x00,0x00,0x00,0x00,0x00,0x00,0x00,0x00,
  0x00,0x00,0x00,0x00,0x00,0x00,0x00,0x00,0x00,0x00,0x00,0x00,
  0x00,0x00,0x00,0x00,0x00,0x00,0x00,0x00,0x00,0x00,0x00,0x00,
  0x00,0x00,0x00,0x00,0x00,0x00,0x00,0x00,0x00,0x00,0x00,0x00,
  0x00,0x00,0x00,0x00,0x00,0x00,0x00,0x00,0x00,0x00,0x00,0x00,
  0x00,0x00,0x00,0x00,0x00,0x00,0x00,0x00,0x00,0x00,0x00,0x00,
  0x00,0x00,0x00,0x00,0x00,0x55,0x55,0x03,0x00,0x00,0x00,0x00,
  0x2E,0x3C,0x7F,0x48,0x09,0x10,0x6F,0xFF,0x25,0x52,0x9D,0xFF,
  0x5A,0xEA,0xFF,0xFF,0x53,0xE1,0xFF,0xFF,0x34,0xBC,0xFF,0xFF,
  0x1F,0x95,0xFE,0xFF,0x21,0x98,0xFE,0xFF,0x24,0x9B,0xFE,0xFF,
  0x24,0x9D,0xFD,0xFF,0x24,0x9C,0xFE,0xFF,0x23,0x9A,0xFC,0xFF,
  0x1C,0x95,0xFF,0xFF,0x65,0xD9,0xFF,0xFF,0x87,0xF9,0xFF,0xFF,
  0x7A,0xE8,0xFE,0xFF,0x7C,0xEB,0xFE,0xFF,0x7C,0xEA,0xFE,0xFF,
  0x7D,0xE9,0xFE,0xFF,0x7D,0xE9,0xFE,0xFF,0x7B,0xE7,0xFD,0xFF,
  0x85,0xF5,0xFF,0xFF,0x46,0x89,0xCF,0xFF,0x14,0x32,0xAD,0xFF,
  0x1A,0x3A,0xB3,0xFF,0x18,0x38,0xB1,0xFE,0x19,0x3A,0xB4,0xFF,
  0x13,0x23,0x7E,0xFF,0x26,0x2A,0x61,0x3C,0x00,0x00,0x00,0x00,
  0x00,0x00,0x55,0x03,0x00,0x00,0x00,0x00,0x00,0x00,0x00,0x00,
  0x00,0x00,0x00,0x00,0x00,0x00,0x00,0x01,0x00,0x00,0x00,0x00,
  0x66,0x77,0xAA,0x0F,0x0C,0x14,0x6A,0xEE,0x07,0x0D,0x65,0xFD,
  0x0A,0x11,0x65,0xFB,0x0A,0x0C,0x63,0xFD,0x36,0x98,0xDC,0xFF,
  0x3C,0xC5,0xFD,0xFF,0x21,0x99,0xFC,0xFF,0x29,0xA2,0xFD,0xFF,
  0x63,0xE2,0xFD,0xFF,0x64,0xE4,0xFE,0xFF,0x63,0xE3,0xFE,0xFF,
  0x5F,0xE0,0xFE,0xFF,0x60,0xE1,0xFE,0xFF,0x5B,0xD8,0xFD,0xFF,
  0x3C,0xBB,0xFD,0xFF,0x24,0xA1,0xFE,0xFF,0x27,0xA3,0xFE,0xFF,
  0x26,0xA1,0xFE,0xFF,0x2F,0xAB,0xFE,0xFF,0x3D,0xBB,0xFD,0xFF,
  0x39,0xB6,0xFD,0xFF,0x27,0xA1,0xFE,0xFF,0x17,0x8F,0xFE,0xFF,
  0x55,0xC9,0xFD,0xFF,0x86,0xF6,0xFE,0xFF,0x7D,0xEE,0xFE,0xFF,
  0x7C,0xED,0xFE,0xFF,0x80,0xF1,0xFD,0xFF,0x3B,0xB6,0xFD,0xFF,
  0x1F,0x99,0xFE,0xFF,0x22,0x9C,0xFE,0xFF,0x24,0x9A,0xFE,0xFF,
  0x25,0x9C,0xFE,0xFF,0x27,0xA3,0xFE,0xFF,0x38,0xBA,0xFD,0xFF,
  0x49,0xD3,0xFE,0xFF,0x48,0xD1,0xFE,0xFF,0x48,0xD1,0xFE,0xFF,
  0x48,0xD0,0xFE,0xFF,0x49,0xD3,0xFE,0xFF,0x39,0xBC,0xFD,0xFF,
  0x25,0x9B,0xFE,0xFF,0x28,0xA0,0xFE,0xFF,0x31,0xB5,0xFE,0xFF,
  0x34,0xBC,0xFE,0xFF,0x34,0xBA,0xFE,0xFF,0x36,0xBD,0xFE,0xFF,
  0x37,0xC2,0xFF,0xFF,0x38,0xC6,0xFF,0xFF,0x37,0xB6,0xF8,0xFF,
  0x2E,0x91,0xE0,0xFF,0x2B,0x7D,0xD5,0xFF,0x1A,0x38,0xAF,0xFF,
  0x1D,0x3C,0xB2,0xFF,0x1F,0x3C,0xB4,0xFD,0x0D,0x1C,0x79,0xFF,
  0x0B,0x14,0x5F,0xD8,0x66,0x66,0x99,0x05,0x00,0x00,0x00,0x00,
  0x00,0x00,0x00,0x01,0x00,0x00,0x00,0x00,0x00,0x00,0x00,0x00,
  0x00,0x00,0x00,0x00,0x00,0x00,0x00,0x00,0x00,0x00,0x00,0x00,
  0x00,0x00,0x00,0x00,0x00,0x00,0x00,0x00,0x00,0x00,0x00,0x00,
  0x00,0x00,0x00,0x00,0x00,0x00,0x00,0x00,0x00,0x00,0x00,0x00,
  0x00,0x00,0x00,0x00,0x00,0x00,0x00,0x00,0x00,0x00,0x00,0x00,
  0x00,0x00,0x00,0x00,0x00,0x00,0x00,0x00,0x00,0x00,0x00,0x00,
  0x00,0x00,0x00,0x00,0x00,0x00,0x00,0x00,0x00,0x00,0x00,0x00,
  0x00,0x00,0x00,0x00,0x00,0x00,0x00,0x00,0x00,0x00,0x00,0x00,
  0x00,0x00,0x00,0x00,0x00,0x00,0x00,0x00,0x00,0x00,0x00,0x00,
  0x00,0x00,0x00,0x00,0x00,0x00,0x00,0x00,0x00,0x00,0x00,0x00,
  0x00,0x00,0x00,0x00,0x00,0x00,0x00,0x00,0x00,0x00,0x00,0x00,
  0x00,0x00,0x00,0x00,0x00,0x00,0x00,0x00,0x00,0x00,0x00,0x00,
  0x00,0x00,0x00,0x00,0x00,0x00,0x00,0x00,0x00,0x00,0x00,0x00,
  0x00,0x00,0x00,0x00,0x00,0x00,0x00,0x00,0x00,0x00,0x00,0x00,
  0x00,0x00,0x00,0x00,0x00,0x00,0x00,0x00,0x00,0x00,0x00,0x00,
  0x00,0x00,0x00,0x00,0x00,0x00,0x00,0x00,0x00,0x00,0x00,0x00,
  0x00,0x00,0x00,0x00,0x00,0x00,0x00,0x00,0x00,0x00,0x00,0x00,
  0x00,0x00,0x00,0x00,0x00,0x00,0x00,0x00,0x00,0x00,0x00,0x00,
  0x00,0x00,0x00,0x00,0x00,0x00,0x00,0x00,0x00,0x00,0x00,0x00,
  0x00,0x00,0x00,0x00,0x00,0x00,0x00,0x00,0x00,0x00,0x00,0x00,
  0x00,0x00,0x00,0x00,0x00,0x00,0x00,0x00,0x00,0x00,0x00,0x00,
  0x00,0x00,0x00,0x00,0x00,0x00,0x00,0x00,0x00,0x55,0x55,0x03,
  0x05,0x05,0x02,0x00,0x47,0x56,0x8C,0x47,0x0A,0x11,0x6E,0xFC,
  0x25,0x50,0x9B,0xFC,0x53,0xD8,0xFD,0xFF,0x50,0xD6,0xFA,0xFF,
  0x45,0xC9,0xFC,0xFF,0x26,0xA1,0xFE,0xFF,0x25,0x9D,0xFE,0xFF,
  0x24,0x9B,0xFE,0xFF,0x24,0x9B,0xFE,0xFF,0x23,0x9A,0xFE,0xFF,
  0x24,0x9B,0xFE,0xFF,0x21,0x94,0xF9,0xFF,0x5F,0xCD,0xF9,0xFF,
  0x7E,0xEC,0xFD,0xFF,0x7C,0xEA,0xFD,0xFF,0x7C,0xEA,0xFE,0xFF,
  0x7D,0xE9,0xFE,0xFF,0x7D,0xE9,0xFE,0xFF,0x7D,0xE9,0xFE,0xFF,
  0x7B,0xE8,0xFC,0xFF,0x87,0xF6,0xFF,0xFF,0x43,0x83,0xCD,0xFF,
  0x10,0x2A,0xAB,0xFF,0x1A,0x3B,0xB2,0xFF,0x19,0x38,0xB1,0xFE,
  0x16,0x31,0xA2,0xFF,0x10,0x1D,0x76,0xFE,0x1C,0x21,0x5E,0x36,
  0x00,0x00,0x00,0x00,0x00,0x00,0x7F,0x02,0x00,0x00,0x00,0x00,
  0x00,0x00,0x00,0x00,0x00,0x00,0x00,0x00,0x00,0x00,0x7F,0x02,
  0x00,0x00,0x7F,0x02,0x52,0x5A,0x94,0x1F,0x0F,0x1B,0x70,0xFC,
  0x08,0x15,0x6F,0xFF,0x09,0x17,0x6F,0xFF,0x07,0x11,0x6E,0xFF,
  0x4F,0xBA,0xE8,0xFF,0x5E,0xF2,0xFF,0xFF,0x43,0xBF,0xFD,0xFF,
  0x45,0xC1,0xFC,0xFF,0x61,0xE2,0xFE,0xFF,0x63,0xE3,0xFE,0xFF,
  0x61,0xE2,0xFE,0xFF,0x5E,0xDF,0xFE,0xFF,0x67,0xE6,0xFE,0xFF,
  0x45,0xC3,0xFE,0xFF,0x1E,0x9D,0xFE,0xFF,0x27,0xA4,0xFE,0xFF,
  0x26,0xA4,0xFE,0xFF,0x25,0xA1,0xFE,0xFF,0x39,0xBA,0xFD,0xFF,
  0x5E,0xE1,0xFE,0xFF,0x5C,0xE0,0xFE,0xFF,0x33,0xAF,0xFE,0xFF,
  0x24,0x9C,0xFD,0xFF,0x2D,0xA6,0xFD,0xFF,0x5D,0xD1,0xFD,0xFF,
  0x86,0xF7,0xFE,0xFF,0x7D,0xED,0xFE,0xFF,0x7C,0xED,0xFE,0xFF,
  0x65,0xD9,0xFD,0xFF,0x5D,0xD2,0xFD,0xFF,0x5B,0xCF,0xFC,0xFF,
  0x2A,0xA0,0xFD,0xFF,0x23,0x9B,0xFE,0xFF,0x2F,0xB3,0xFD,0xFF,
  0x3A,0xC3,0xFE,0xFF,0x46,0xCF,0xFE,0xFF,0x46,0xCF,0xFE,0xFF,
  0x47,0xD0,0xFE,0xFF,0x4A,0xD3,0xFE,0xFF,0x41,0xC9,0xFE,0xFF,
  0x25,0xA4,0xFE,0xFF,0x26,0x9C,0xFE,0xFF,0x2C,0xAA,0xFE,0xFF,
  0x35,0xBF,0xFE,0xFF,0x33,0xBE,0xFE,0xFF,0x34,0xBC,0xFE,0xFF,
  0x37,0xBE,0xFE,0xFF,0x38,0xBF,0xFE,0xFF,0x37,0xBD,0xFD,0xFF,
  0x37,0xBF,0xFE,0xFF,0x3D,0xCE,0xFF,0xFF,0x38,0xAA,0xF2,0xFF,
  0x19,0x36,0xB1,0xFF,0x1C,0x3D,0xB6,0xFF,0x1F,0x3F,0xBA,0xFD,
  0x0E,0x1D,0x7A,0xFD,0x0D,0x14,0x5F,0xD6,0x66,0x66,0x99,0x05,
  0x00,0x00,0x00,0x00,0x00,0x00,0x00,0x01,0x00,0x00,0x00,0x00,
  0x00,0x00,0x00,0x00,0x00,0x00,0x00,0x00,0x00,0x00,0x00,0x00,
  0x00,0x00,0x00,0x00,0x00,0x00,0x00,0x00,0x00,0x00,0x00,0x00,
  0x00,0x00,0x00,0x00,0x00,0x00,0x00,0x00,0x00,0x00,0x00,0x00,
  0x00,0x00,0x00,0x00,0x00,0x00,0x00,0x00,0x00,0x00,0x00,0x00,
  0x00,0x00,0x00,0x00,0x00,0x00,0x00,0x00,0x00,0x00,0x00,0x00,
  0x00,0x00,0x00,0x00,0x00,0x00,0x00,0x00,0x00,0x00,0x00,0x00,
  0x00,0x00,0x00,0x00,0x00,0x00,0x00,0x00,0x00,0x00,0x00,0x00,
  0x00,0x00,0x00,0x00,0x00,0x00,0x00,0x00,0x00,0x00,0x00,0x00,
  0x00,0x00,0x00,0x00,0x00,0x00,0x00,0x00,0x00,0x00,0x00,0x00,
  0x00,0x00,0x00,0x00,0x00,0x00,0x00,0x00,0x00,0x00,0x00,0x00,
  0x00,0x00,0x00,0x00,0x00,0x00,0x00,0x00,0x00,0x00,0x00,0x00,
  0x00,0x00,0x00,0x00,0x00,0x00,0x00,0x00,0x00,0x00,0x00,0x00,
  0x00,0x00,0x00,0x00,0x00,0x00,0x00,0x00,0x00,0x00,0x00,0x00,
  0x00,0x00,0x00,0x00,0x00,0x00,0x00,0x00,0x00,0x00,0x00,0x00,
  0x00,0x00,0x00,0x00,0x00,0x00,0x00,0x00,0x00,0x00,0x00,0x00,
  0x00,0x00,0x00,0x00,0x00,0x00,0x00,0x00,0x00,0x00,0x00,0x00,
  0x00,0x00,0x00,0x00,0x00,0x00,0x00,0x00,0x00,0x00,0x00,0x00,
  0x00,0x00,0x00,0x00,0x00,0x00,0x00,0x00,0x00,0x00,0x00,0x00,
  0x00,0x00,0x00,0x00,0x00,0x00,0x00,0x00,0x00,0x00,0x00,0x00,
  0x00,0x00,0x00,0x00,0x00,0x00,0x00,0x00,0x00,0x00,0x00,0x00,
  0x00,0x00,0x00,0x00,0x00,0x00,0xFF,0x01,0x00,0x00,0x00,0x00,
  0x3C,0x4B,0x69,0x11,0x10,0x19,0x70,0xBC,0x1E,0x38,0x8C,0xE0,
  0x4B,0xAC,0xDC,0xFE,0x4D,0xC1,0xEB,0xFF,0x50,0xD6,0xFD,0xFF,
  0x50,0xD6,0xFD,0xFF,0x52,0xD8,0xFE,0xFF,0x4B,0xCF,0xFD,0xFF,
  0x25,0x9E,0xFD,0xFF,0x23,0x9A,0xFE,0xFF,0x25,0x9B,0xFE,0xFF,
  0x22,0x9A,0xFE,0xFF,0x21,0x97,0xFE,0xFF,0x69,0xD8,0xFB,0xFF,
  0x7C,0xEC,0xFE,0xFF,0x7C,0xEA,0xFD,0xFF,0x7C,0xE9,0xFE,0xFF,
  0x7C,0xEA,0xFE,0xFF,0x7D,0xE9,0xFE,0xFF,0x7D,0xE9,0xFE,0xFF,
  0x7D,0xE9,0xFD,0xFF,0x7F,0xEA,0xFD,0xFF,0x8C,0xFC,0xFF,0xFF,
  0x44,0x83,0xCD,0xFF,0x12,0x2C,0xAA,0xFF,0x1B,0x3A,0xB1,0xFF,
  0x1A,0x3A,0xB3,0xFE,0x0B,0x1B,0x7C,0xFF,0x0B,0x15,0x68,0xFD,
  0x1E,0x23,0x66,0x32,0x00,0x00,0x00,0x00,0x00,0x00,0x7F,0x02,
  0x00,0x00,0x00,0x00,0x00,0x00,0x00,0x00,0x00,0x00,0x00,0x00,
  0x00,0x00,0x7F,0x02,0x00,0x00,0x00,0x00,0x58,0x63,0x90,0x17,
  0x1C,0x25,0x73,0xC3,0x15,0x20,0x6D,0xCB,0x18,0x22,0x6D,0xC9,
  0x18,0x20,0x6F,0xCE,0x3D,0x7D,0xB8,0xF5,0x44,0x9B,0xD0,0xFC,
  0x63,0xD9,0xF7,0xFE,0x6A,0xED,0xFF,0xFF,0x61,0xE1,0xFE,0xFF,
  0x60,0xE0,0xFE,0xFF,0x5F,0xE0,0xFE,0xFF,0x5F,0xE0,0xFE,0xFF,
  0x60,0xE1,0xFE,0xFF,0x43,0xC3,0xFE,0xFF,0x21,0xA0,0xFE,0xFF,
  0x27,0xA6,0xFE,0xFF,0x20,0x9D,0xFE,0xFF,0x3B,0xBC,0xFE,0xFF,
  0x55,0xDA,0xFE,0xFF,0x53,0xD8,0xFE,0xFF,0x54,0xD9,0xFE,0xFF,
  0x55,0xD9,0xFE,0xFF,0x45,0xC7,0xFD,0xFF,0x1D,0x97,0xFE,0xFF,
  0x37,0xAE,0xFC,0xFF,0x53,0xC7,0xFC,0xFF,0x6A,0xDC,0xFC,0xFF,
  0x83,0xF4,0xFE,0xFF,0x82,0xF3,0xFE,0xFF,0x87,0xF7,0xFE,0xFF,
  0x80,0xF1,0xFD,0xFF,0x2C,0xA1,0xFC,0xFF,0x1F,0x97,0xFE,0xFF,
  0x28,0xAD,0xFD,0xFF,0x36,0xBF,0xFE,0xFF,0x47,0xD0,0xFE,0xFF,
  0x45,0xCD,0xFE,0xFF,0x47,0xD0,0xFE,0xFF,0x4A,0xD3,0xFE,0xFF,
  0x41,0xC8,0xFE,0xFF,0x25,0xA1,0xFE,0xFF,0x2E,0xAF,0xFE,0xFF,
  0x37,0xBC,0xFE,0xFF,0x36,0xBE,0xFE,0xFF,0x36,0xBE,0xFE,0xFF,
  0x37,0xBF,0xFE,0xFF,0x38,0xBF,0xFE,0xFF,0x37,0xBF,0xFE,0xFF,
  0x38,0xBF,0xFE,0xFF,0x39,0xBE,0xFD,0xFF,0x3B,0xC4,0xFE,0xFF,
  0x36,0xA4,0xEE,0xFF,0x19,0x37,0xB3,0xFF,0x1A,0x39,0xB0,0xFF,
  0x19,0x33,0xA4,0xFD,0x0F,0x1E,0x7A,0xFF,0x12,0x1A,0x62,0xE1,
  0x66,0x66,0x99,0x05,0x00,0x00,0x00,0x00,0x00,0x00,0x00,0x01,
  0x00,0x00,0x00,0x00,0x00,0x00,0x00,0x00,0x00,0x00,0x00,0x00,
  0x00,0x00,0x00,0x00,0x00,0x00,0x00,0x00,0x00,0x00,0x00,0x00,
  0x00,0x00,0x00,0x00,0x00,0x00,0x00,0x00,0x00,0x00,0x00,0x00,
  0x00,0x00,0x00,0x00,0x00,0x00,0x00,0x00,0x00,0x00,0x00,0x00,
  0x00,0x00,0x00,0x00,0x00,0x00,0x00,0x00,0x00,0x00,0x00,0x00,
  0x00,0x00,0x00,0x00,0x00,0x00,0x00,0x00,0x00,0x00,0x00,0x00,
  0x00,0x00,0x00,0x00,0x00,0x00,0x00,0x00,0x00,0x00,0x00,0x00,
  0x00,0x00,0x00,0x00,0x00,0x00,0x00,0x00,0x00,0x00,0x00,0x00,
  0x00,0x00,0x00,0x00,0x00,0x00,0x00,0x00,0x00,0x00,0x00,0x00,
  0x00,0x00,0x00,0x00,0x00,0x00,0x00,0x00,0x00,0x00,0x00,0x00,
  0x00,0x00,0x00,0x00,0x00,0x00,0x00,0x00,0x00,0x00,0x00,0x00,
  0x00,0x00,0x00,0x00,0x00,0x00,0x00,0x00,0x00,0x00,0x00,0x00,
  0x00,0x00,0x00,0x00,0x00,0x00,0x00,0x00,0x00,0x00,0x00,0x00,
  0x00,0x00,0x00,0x00,0x00,0x00,0x00,0x00,0x00,0x00,0x00,0x00,
  0x00,0x00,0x00,0x00,0x00,0x00,0x00,0x00,0x00,0x00,0x00,0x00,
  0x00,0x00,0x00,0x00,0x00,0x00,0x00,0x00,0x00,0x00,0x00,0x00,
  0x00,0x00,0x00,0x00,0x00,0x00,0x00,0x00,0x00,0x00,0x00,0x00,
  0x00,0x00,0x00,0x00,0x00,0x00,0x00,0x00,0x00,0x00,0x00,0x00,
  0x00,0x00,0x00,0x00,0x00,0x00,0x00,0x00,0x00,0x00,0x00,0x00,
  0x00,0x00,0x00,0x00,0x00,0x00,0x00,0x00,0x00,0x00,0x00,0x00,
  0x00,0x00,0x00,0x00,0x00,0x00,0x00,0x00,0x00,0x00,0xFF,0x01,
  0x00,0x00,0x00,0x01,0x3C,0x48,0x79,0x15,0x08,0x14,0x72,0xEF,
  0x12,0x2E,0x8F,0xFF,0x51,0xD2,0xFB,0xFE,0x51,0xDF,0xFF,0xFF,
  0x4F,0xD6,0xFC,0xFF,0x50,0xD7,0xFD,0xFF,0x52,0xD9,0xFE,0xFF,
  0x52,0xD7,0xFE,0xFF,0x47,0xCA,0xFD,0xFF,0x2E,0xA7,0xFD,0xFF,
  0x22,0x97,0xFE,0xFF,0x25,0x9D,0xFD,0xFF,0x32,0xA8,0xFC,0xFF,
  0x77,0xE6,0xFD,0xFF,0x80,0xEE,0xFE,0xFF,0x7C,0xEA,0xFD,0xFF,
  0x7D,0xE9,0xFE,0xFF,0x7C,0xEA,0xFE,0xFF,0x7C,0xEA,0xFE,0xFF,
  0x7D,0xE9,0xFE,0xFF,0x7D,0xEB,0xFF,0xFF,0x7A,0xE2,0xF9,0xFF,
  0x3C,0x78,0xC7,0xFF,0x1F,0x47,0xB5,0xFF,0x17,0x36,0xAF,0xFF,
  0x1B,0x3A,0xB2,0xFF,0x11,0x25,0x8A,0xFE,0x08,0x15,0x6E,0xFF,
  0x0C,0x18,0x6C,0xFD,0x23,0x28,0x69,0x33,0x00,0x00,0x00,0x00,
  0x00,0x00,0x7F,0x02,0x00,0x00,0x00,0x00,0x00,0x00,0x00,0x00,
  0x00,0x00,0x00,0x00,0x00,0x00,0x00,0x00,0x00,0x00,0x00,0x00,
  0x00,0x00,0x00,0x00,0xFF,0xFF,0xFF,0x01,0xFF,0xFF,0xFF,0x03,
  0xFF,0xFF,0xFF,0x01,0xD8,0xE5,0xCC,0x14,0x0F,0x15,0x6D,0xF0,
  0x07,0x0F,0x76,0xFF,0x55,0xAF,0xDC,0xFF,0x60,0xD3,0xF4,0xFF,
  0x60,0xDC,0xFB,0xFF,0x5E,0xE0,0xFE,0xFF,0x5F,0xE0,0xFE,0xFF,
  0x60,0xE1,0xFE,0xFF,0x38,0xB7,0xFD,0xFF,0x25,0xA3,0xFE,0xFF,
  0x25,0xA4,0xFE,0xFF,0x21,0xA0,0xFE,0xFF,0x2C,0xAC,0xFD,0xFF,
  0x48,0xCB,0xFD,0xFF,0x56,0xDC,0xFE,0xFF,0x53,0xD9,0xFE,0xFF,
  0x53,0xD8,0xFE,0xFF,0x57,0xDD,0xFE,0xFF,0x47,0xCA,0xFE,0xFF,
  0x26,0x9D,0xFE,0xFF,0x25,0x9D,0xFE,0xFF,0x1C,0x95,0xFD,0xFF,
  0x42,0xB9,0xFC,0xFF,0x63,0xD8,0xFC,0xFF,0x5C,0xD2,0xFC,0xFF,
  0x5D,0xD3,0xFD,0xFF,0x5A,0xD1,0xFC,0xFF,0x2E,0xAC,0xFD,0xFF,
  0x3E,0xB9,0xFD,0xFF,0x68,0xDD,0xFC,0xFF,0x55,0xD4,0xFD,0xFF,
  0x42,0xCD,0xFE,0xFF,0x45,0xCF,0xFE,0xFF,0x47,0xD0,0xFE,0xFF,
  0x3B,0xC0,0xFE,0xFF,0x2D,0xAE,0xFE,0xFF,0x25,0xA3,0xFE,0xFF,
  0x2F,0xB3,0xFE,0xFF,0x3A,0xC2,0xFE,0xFF,0x38,0xBF,0xFE,0xFF,
  0x38,0xBF,0xFE,0xFF,0x38,0xBF,0xFE,0xFF,0x38,0xC0,0xFE,0xFF,
  0x39,0xC1,0xFD,0xFF,0x38,0xC1,0xFE,0xFF,0x38,0xBC,0xFC,0xFF,
  0x24,0x64,0xC9,0xFF,0x1D,0x4D,0xBB,0xFF,0x1B,0x3A,0xB4,0xFF,
  0x15,0x2C,0x97,0xFD,0x07,0x11,0x68,0xFF,0x22,0x2B,0x73,0x9D,
  0x39,0x43,0x7C,0x4C,0x3F,0x3F,0x7F,0x04,0x00,0x00,0x00,0x00,
  0x00,0x00,0x00,0x00,0x00,0x00,0x00,0x00,0x00,0x00,0x00,0x00,
  0x00,0x00,0x00,0x00,0x00,0x00,0x00,0x00,0x00,0x00,0x00,0x00,
  0x00,0x00,0x00,0x00,0x00,0x00,0x00,0x00,0x00,0x00,0x00,0x00,
  0x00,0x00,0x00,0x00,0x00,0x00,0x00,0x00,0x00,0x00,0x00,0x00,
  0x00,0x00,0x00,0x00,0x00,0x00,0x00,0x00,0x00,0x00,0x00,0x00,
  0x00,0x00,0x00,0x00,0x00,0x00,0x00,0x00,0x00,0x00,0x00,0x00,
  0x00,0x00,0x00,0x00,0x00,0x00,0x00,0x00,0x00,0x00,0x00,0x00,
  0x00,0x00,0x00,0x00,0x00,0x00,0x00,0x00,0x00,0x00,0x00,0x00,
  0x00,0x00,0x00,0x00,0x00,0x00,0x00,0x00,0x00,0x00,0x00,0x00,
  0x00,0x00,0x00,0x00,0x00,0x00,0x00,0x00,0x00,0x00,0x00,0x00,
  0x00,0x00,0x00,0x00,0x00,0x00,0x00,0x00,0x00,0x00,0x00,0x00,
  0x00,0x00,0x00,0x00,0x00,0x00,0x00,0x00,0x00,0x00,0x00,0x00,
  0x00,0x00,0x00,0x00,0x00,0x00,0x00,0x00,0x00,0x00,0x00,0x00,
  0x00,0x00,0x00,0x00,0x00,0x00,0x00,0x00,0x00,0x00,0x00,0x00,
  0x00,0x00,0x00,0x00,0x00,0x00,0x00,0x00,0x00,0x00,0x00,0x00,
  0x00,0x00,0x00,0x00,0x00,0x00,0x00,0x00,0x00,0x00,0x00,0x00,
  0x00,0x00,0x00,0x00,0x00,0x00,0x00,0x00,0x00,0x00,0x00,0x00,
  0x00,0x00,0x00,0x00,0x00,0x00,0x00,0x00,0x00,0x00,0x00,0x00,
  0x00,0x00,0x00,0x00,0x00,0x00,0x00,0x00,0x00,0x00,0x00,0x00,
  0x00,0x00,0x00,0x00,0x00,0x00,0x00,0x00,0x00,0x00,0x00,0x00,
  0x00,0x00,0x00,0x00,0x00,0x00,0x00,0x00,0x00,0x00,0x00,0x00,
  0x01,0x01,0x01,0x00,0x04,0x03,0x00,0x00,0x7F,0x8D,0x8D,0x12,
  0x0A,0x14,0x70,0xE4,0x13,0x27,0x85,0xFD,0x4D,0xC5,0xF1,0xFE,
  0x4F,0xD8,0xFE,0xFF,0x4F,0xD6,0xFC,0xFF,0x4F,0xD7,0xFD,0xFF,
  0x51,0xD8,0xFE,0xFF,0x52,0xD8,0xFE,0xFF,0x58,0xDE,0xFE,0xFF,
  0x36,0xBA,0xFE,0xFF,0x1E,0x99,0xFE,0xFF,0x26,0x9C,0xFC,0xFF,
  0x74,0xE4,0xFC,0xFF,0x7D,0xEC,0xFD,0xFF,0x7C,0xEA,0xFE,0xFF,
  0x7D,0xEB,0xFD,0xFF,0x7D,0xE9,0xFE,0xFF,0x7D,0xE9,0xFE,0xFF,
  0x7C,0xEA,0xFE,0xFF,0x7C,0xE8,0xFD,0xFF,0x7E,0xEF,0xFF,0xFF,
  0x6D,0xD0,0xF0,0xFF,0x16,0x36,0xB0,0xFF,0x15,0x33,0xAF,0xFF,
  0x1A,0x39,0xB2,0xFF,0x1C,0x3A,0xB2,0xFF,0x0C,0x1C,0x7A,0xFE,
  0x07,0x13,0x68,0xFF,0x0B,0x17,0x6B,0xFD,0x1E,0x28,0x64,0x33,
  0x00,0x00,0x00,0x00,0x00,0x00,0x7F,0x02,0x00,0x00,0x00,0x00,
  0x00,0x00,0x00,0x00,0x00,0x00,0x00,0x00,0x00,0x00,0x00,0x00,
  0x00,0x00,0x00,0x00,0x00,0x00,0x00,0x00,0x00,0x00,0x00,0x00,
  0x00,0x00,0x00,0x00,0x00,0x00,0x00,0x00,0x48,0x48,0x91,0x07,
  0x2F,0x3B,0x80,0x81,0x23,0x32,0x7D,0x98,0x16,0x2D,0x7E,0xEE,
  0x16,0x2D,0x83,0xFB,0x5F,0xD2,0xF3,0xFC,0x5F,0xE3,0xFE,0xFF,
  0x5D,0xDC,0xFB,0xFF,0x5E,0xDE,0xFC,0xFF,0x34,0xB1,0xFC,0xFF,
  0x21,0xA0,0xFE,0xFF,0x23,0xA1,0xFE,0xFF,0x3A,0xBB,0xFE,0xFF,
  0x53,0xD9,0xFE,0xFF,0x55,0xDB,0xFE,0xFF,0x52,0xD8,0xFE,0xFF,
  0x53,0xD9,0xFE,0xFF,0x52,0xD8,0xFE,0xFF,0x58,0xDE,0xFE,0xFF,
  0x49,0xCD,0xFE,0xFF,0x24,0xA0,0xFE,0xFF,0x25,0xA3,0xFE,0xFF,
  0x25,0xA2,0xFE,0xFF,0x23,0x9E,0xFD,0xFF,0x20,0x9C,0xFD,0xFF,
  0x20,0x9C,0xFD,0xFF,0x21,0x9A,0xFE,0xFF,0x25,0x9D,0xFE,0xFF,
  0x2A,0xAB,0xFE,0xFF,0x4E,0xC9,0xFD,0xFF,0x86,0xF5,0xFE,0xFF,
  0x75,0xEA,0xFE,0xFF,0x64,0xE1,0xFE,0xFF,0x67,0xE3,0xFE,0xFF,
  0x4E,0xD5,0xFE,0xFF,0x2E,0xB4,0xFD,0xFF,0x26,0xA2,0xFE,0xFF,
  0x24,0xA2,0xFE,0xFF,0x2E,0xB2,0xFE,0xFF,0x39,0xC1,0xFE,0xFF,
  0x38,0xBF,0xFE,0xFF,0x37,0xBF,0xFE,0xFF,0x38,0xC0,0xFE,0xFF,
  0x39,0xC0,0xFD,0xFF,0x39,0xC1,0xFD,0xFF,0x39,0xC2,0xFD,0xFF,
  0x3A,0xBD,0xFC,0xFF,0x1D,0x45,0xBA,0xFF,0x16,0x2D,0xA9,0xFF,
  0x1C,0x3B,0xB3,0xFF,0x14,0x2B,0x94,0xFB,0x07,0x12,0x69,0xFC,
  0x28,0x30,0x71,0x5E,0x00,0x00,0x00,0x00,0x00,0x00,0x55,0x03,
  0x00,0x00,0x00,0x00,0x00,0x00,0x00,0x00,0x00,0x00,0x00,0x00,
  0x00,0x00,0x00,0x00,0x00,0x00,0x00,0x00,0x00,0x00,0x00,0x00,
  0x00,0x00,0x00,0x00,0x00,0x00,0x00,0x00,0x00,0x00,0x00,0x00,
  0x00,0x00,0x00,0x00,0x00,0x00,0x00,0x00,0x00,0x00,0x00,0x00,
  0x00,0x00,0x00,0x00,0x00,0x00,0x00,0x00,0x00,0x00,0x00,0x00,
  0x00,0x00,0x00,0x00,0x00,0x00,0x00,0x00,0x00,0x00,0x00,0x00,
  0x00,0x00,0x00,0x00,0x00,0x00,0x00,0x00,0x00,0x00,0x00,0x00,
  0x00,0x00,0x00,0x00,0x00,0x00,0x00,0x00,0x00,0x00,0x00,0x00,
  0x00,0x00,0x00,0x00,0x00,0x00,0x00,0x00,0x00,0x00,0x00,0x00,
  0x00,0x00,0x00,0x00,0x00,0x00,0x00,0x00,0x00,0x00,0x00,0x00,
  0x00,0x00,0x00,0x00,0x00,0x00,0x00,0x00,0x00,0x00,0x00,0x00,
  0x00,0x00,0x00,0x00,0x00,0x00,0x00,0x00,0x00,0x00,0x00,0x00,
  0x00,0x00,0x00,0x00,0x00,0x00,0x00,0x00,0x00,0x00,0x00,0x00,
  0x00,0x00,0x00,0x00,0x00,0x00,0x00,0x00,0x00,0x00,0x00,0x00,
  0x00,0x00,0x00,0x00,0x00,0x00,0x00,0x00,0x00,0x00,0x00,0x00,
  0x00,0x00,0x00,0x00,0x00,0x00,0x00,0x00,0x00,0x00,0x00,0x00,
  0x00,0x00,0x00,0x00,0x00,0x00,0x00,0x00,0x00,0x00,0x00,0x00,
  0x00,0x00,0x00,0x00,0x00,0x00,0x00,0x00,0x00,0x00,0x00,0x00,
  0x00,0x00,0x00,0x00,0x00,0x00,0x00,0x00,0x00,0x00,0x00,0x00,
  0x00,0x00,0x00,0x00,0x00,0x00,0x00,0x00,0x00,0x00,0x00,0x00,
  0x00,0x00,0x00,0x00,0x00,0x00,0x00,0x00,0x00,0x00,0x55,0x03,
  0x00,0x00,0x00,0x01,0x1B,0x24,0x68,0x38,0x1D,0x2A,0x79,0xC6,
  0x16,0x28,0x7B,0xCB,0x3D,0x96,0xD0,0xFB,0x47,0xB3,0xE5,0xFF,
  0x4D,0xD1,0xFA,0xFF,0x50,0xD8,0xFD,0xFF,0x50,0xD7,0xFE,0xFF,
  0x50,0xD7,0xFD,0xFF,0x51,0xD8,0xFE,0xFF,0x50,0xD8,0xFE,0xFF,
  0x54,0xDA,0xFE,0xFF,0x36,0xBC,0xFE,0xFF,0x2E,0xAB,0xFE,0xFF,
  0x40,0xB2,0xFA,0xFF,0x79,0xE6,0xFB,0xFF,0x7F,0xEC,0xFD,0xFF,
  0x7C,0xE9,0xFE,0xFF,0x7D,0xEA,0xFD,0xFF,0x7D,0xEA,0xFD,0xFF,
  0x7D,0xE9,0xFE,0xFF,0x7D,0xE9,0xFE,0xFF,0x7C,0xE8,0xFD,0xFF,
  0x7E,0xF0,0xFF,0xFF,0x6C,0xCD,0xEF,0xFF,0x1C,0x3E,0xB3,0xFF,
  0x1A,0x38,0xB0,0xFF,0x1B,0x3B,0xB4,0xFF,0x1C,0x3C,0xB5,0xFF,
  0x0E,0x1E,0x7E,0xFC,0x07,0x13,0x69,0xFB,0x0B,0x16,0x6B,0xF9,
  0x1E,0x28,0x66,0x32,0x00,0x00,0x00,0x00,0x00,0x00,0x7F,0x02,
  0x00,0x00,0x00,0x00,0x00,0x00,0x00,0x00,0x00,0x00,0x00,0x00,
  0x00,0x00,0x00,0x00,0x00,0x00,0x00,0x00,0x00,0x00,0x00,0x00,
  0x00,0x00,0x00,0x01,0x00,0x00,0x00,0x01,0x00,0x00,0x00,0x01,
  0x00,0x00,0xFF,0x01,0x00,0x00,0x00,0x00,0xFF,0xFF,0xBF,0x04,
  0x12,0x1E,0x73,0xF5,0x07,0x12,0x75,0xFF,0x23,0x49,0x9A,0xFF,
  0x5C,0xD6,0xFA,0xFF,0x66,0xF0,0xFF,0xFF,0x65,0xED,0xFF,0xFF,
  0x3A,0xBF,0xFF,0xFF,0x21,0xA0,0xFE,0xFF,0x2E,0xAF,0xFE,0xFF,
  0x50,0xD4,0xFE,0xFF,0x57,0xDC,0xFE,0xFF,0x55,0xD9,0xFE,0xFF,
  0x54,0xD9,0xFE,0xFF,0x53,0xD9,0xFE,0xFF,0x52,0xD8,0xFE,0xFF,
  0x47,0xCA,0xFD,0xFF,0x39,0xBA,0xFD,0xFF,0x24,0xA3,0xFE,0xFF,
  0x24,0xA4,0xFE,0xFF,0x24,0xA2,0xFE,0xFF,0x24,0xA0,0xFD,0xFF,
  0x24,0x9D,0xFE,0xFF,0x21,0x98,0xFE,0xFF,0x1F,0x96,0xFE,0xFF,
  0x21,0x98,0xFE,0xFF,0x1E,0x97,0xFE,0xFF,0x48,0xBF,0xFE,0xFF,
  0x7E,0xF1,0xFE,0xFF,0x78,0xEA,0xFE,0xFF,0x7A,0xED,0xFE,0xFF,
  0x80,0xEF,0xFE,0xFF,0x5D,0xDB,0xFE,0xFF,0x37,0xBC,0xFD,0xFF,
  0x27,0xA6,0xFD,0xFF,0x23,0xA1,0xFD,0xFF,0x2B,0xB0,0xFE,0xFF,
  0x38,0xC0,0xFE,0xFF,0x39,0xBF,0xFE,0xFF,0x38,0xBF,0xFE,0xFF,
  0x39,0xC1,0xFD,0xFF,0x3A,0xC1,0xFD,0xFF,0x39,0xC1,0xFD,0xFF,
  0x39,0xC2,0xFD,0xFF,0x3A,0xBD,0xFA,0xFF,0x20,0x4D,0xBC,0xFF,
  0x19,0x34,0xAC,0xFF,0x1E,0x3D,0xB8,0xFF,0x14,0x2B,0x97,0xFF,
  0x05,0x10,0x6B,0xFF,0x24,0x2D,0x6F,0x70,0x55,0x55,0x55,0x03,
  0x00,0x00,0x55,0x03,0x00,0x00,0x00,0x00,0x00,0x00,0x00,0x00,
  0x00,0x00,0x00,0x00,0x00,0x00,0x00,0x00,0x00,0x00,0x00,0x00,
  0x00,0x00,0x00,0x00,0x00,0x00,0x00,0x00,0x00,0x00,0x00,0x00,
  0x00,0x00,0x00,0x00,0x00,0x00,0x00,0x00,0x00,0x00,0x00,0x00,
  0x00,0x00,0x00,0x00,0x00,0x00,0x00,0x00,0x00,0x00,0x00,0x00,
  0x00,0x00,0x00,0x00,0x00,0x00,0x00,0x00,0x00,0x00,0x00,0x00,
  0x00,0x00,0x00,0x00,0x00,0x00,0x00,0x00,0x00,0x00,0x00,0x00,
  0x00,0x00,0x00,0x00,0x00,0x00,0x00,0x00,0x00,0x00,0x00,0x00,
  0x00,0x00,0x00,0x00,0x00,0x00,0x00,0x00,0x00,0x00,0x00,0x00,
  0x00,0x00,0x00,0x00,0x00,0x00,0x00,0x00,0x00,0x00,0x00,0x00,
  0x00,0x00,0x00,0x00,0x00,0x00,0x00,0x00,0x00,0x00,0x00,0x00,
  0x00,0x00,0x00,0x00,0x00,0x00,0x00,0x00,0x00,0x00,0x00,0x00,
  0x00,0x00,0x00,0x00,0x00,0x00,0x00,0x00,0x00,0x00,0x00,0x00,
  0x00,0x00,0x00,0x00,0x00,0x00,0x00,0x00,0x00,0x00,0x00,0x00,
  0x00,0x00,0x00,0x00,0x00,0x00,0x00,0x00,0x00,0x00,0x00,0x00,
  0x00,0x00,0x00,0x00,0x00,0x00,0x00,0x00,0x00,0x00,0x00,0x00,
  0x00,0x00,0x00,0x00,0x00,0x00,0x00,0x00,0x00,0x00,0x00,0x00,
  0x00,0x00,0x00,0x00,0x00,0x00,0x00,0x00,0x00,0x00,0x00,0x00,
  0x00,0x00,0x00,0x00,0x00,0x00,0x00,0x00,0x00,0x00,0x00,0x00,
  0x00,0x00,0x00,0x00,0x00,0x00,0x00,0x00,0x00,0x00,0x00,0x00,
  0x00,0x00,0x00,0x00,0x00,0x00,0x00,0x00,0x00,0x00,0x00,0x00,
  0x00,0x00,0x00,0x00,0x0A,0x09,0x03,0x00,0x3D,0x47,0x7A,0x4B,
  0x09,0x14,0x77,0xFF,0x05,0x0A,0x70,0xFF,0x4D,0xBF,0xEA,0xFF,
  0x52,0xE4,0xFF,0xFF,0x4B,0xD3,0xFD,0xFF,0x52,0xD8,0xFE,0xFF,
  0x51,0xD8,0xFE,0xFF,0x51,0xD8,0xFE,0xFF,0x51,0xD8,0xFE,0xFF,
  0x51,0xD8,0xFE,0xFF,0x3D,0xC1,0xFE,0xFF,0x28,0xAC,0xFE,0xFF,
  0x52,0xCC,0xFD,0xFF,0x83,0xF1,0xFD,0xFF,0x7A,0xE9,0xFE,0xFF,
  0x7D,0xE9,0xFE,0xFF,0x7E,0xEA,0xFD,0xFF,0x7E,0xEA,0xFE,0xFF,
  0x7F,0xEA,0xFE,0xFF,0x7E,0xEA,0xFE,0xFF,0x7D,0xE9,0xFE,0xFF,
  0x7C,0xE8,0xFD,0xFF,0x7F,0xEF,0xFF,0xFF,0x6A,0xC9,0xED,0xFF,
  0x1C,0x3C,0xB3,0xFF,0x18,0x37,0xB1,0xFF,0x1B,0x3B,0xB5,0xFF,
  0x1C,0x3D,0xB7,0xFF,0x0C,0x1D,0x7F,0xFF,0x08,0x14,0x6F,0xFF,
  0x0E,0x18,0x71,0xFF,0x21,0x2A,0x67,0x36,0x00,0x00,0x00,0x00,
  0x00,0x00,0x7F,0x02,0x00,0x00,0x00,0x00,0x00,0x00,0x00,0x00,
  0x00,0x00,0x00,0x00,0x00,0x00,0x00,0x00,0x00,0x00,0x00,0x00,
  0x00,0x00,0x00,0x00,0x00,0x00,0x00,0x00,0x00,0x00,0x00,0x00,
  0x00,0x00,0x00,0x00,0x00,0x00,0x00,0x01,0x00,0x00,0x55,0x03,
  0x33,0x4C,0x7F,0x0A,0x23,0x2F,0x73,0x6C,0x11,0x1C,0x65,0x76,
  0x18,0x1D,0x67,0x9B,0x33,0x68,0xAA,0xFB,0x36,0x75,0xB4,0xFB,
  0x30,0x6B,0xAD,0xFB,0x2C,0x7E,0xC8,0xFD,0x2E,0xB0,0xFC,0xFF,
  0x4C,0xCF,0xFB,0xFF,0x55,0xD8,0xFC,0xFF,0x54,0xD9,0xFD,0xFF,
  0x54,0xDA,0xFE,0xFF,0x54,0xDA,0xFE,0xFF,0x53,0xD9,0xFE,0xFF,
  0x53,0xD9,0xFE,0xFF,0x2C,0xAC,0xFE,0xFF,0x21,0x9F,0xFE,0xFF,
  0x26,0xA4,0xFD,0xFF,0x24,0xA3,0xFE,0xFF,0x24,0xA3,0xFE,0xFF,
  0x25,0xA3,0xFE,0xFF,0x25,0x9F,0xFE,0xFF,0x32,0xB0,0xFE,0xFF,
  0x40,0xC2,0xFE,0xFF,0x3E,0xBE,0xFE,0xFF,0x21,0x9A,0xFE,0xFF,
  0x43,0xB8,0xFD,0xFF,0x7A,0xED,0xFE,0xFF,0x77,0xEA,0xFE,0xFF,
  0x76,0xEA,0xFE,0xFF,0x79,0xEB,0xFE,0xFF,0x79,0xEB,0xFD,0xFF,
  0x71,0xE7,0xFE,0xFF,0x3D,0xB9,0xFD,0xFF,0x33,0xAF,0xFD,0xFF,
  0x39,0xBA,0xFE,0xFF,0x36,0xBF,0xFE,0xFF,0x35,0xBE,0xFE,0xFF,
  0x38,0xC0,0xFE,0xFF,0x3A,0xC2,0xFD,0xFF,0x3B,0xC2,0xFD,0xFF,
  0x3B,0xC2,0xFD,0xFF,0x40,0xCA,0xFF,0xFF,0x45,0xCD,0xFF,0xFF,
  0x20,0x4C,0xBC,0xFF,0x18,0x32,0xAA,0xFE,0x17,0x30,0x9F,0xFF,
  0x1B,0x31,0x8C,0xEA,0x1A,0x23,0x6D,0xC3,0x25,0x30,0x71,0x4A,
  0x00,0x00,0x00,0x00,0x00,0x00,0x7F,0x02,0x00,0x00,0x00,0x00,
  0x00,0x00,0x00,0x00,0x00,0x00,0x00,0x00,0x00,0x00,0x00,0x00,
  0x00,0x00,0x00,0x00,0x00,0x00,0x00,0x00,0x00,0x00,0x00,0x00,
  0x00,0x00,0x00,0x00,0x00,0x00,0x00,0x00,0x00,0x00,0x00,0x00,
  0x00,0x00,0x00,0x00,0x00,0x00,0x00,0x00,0x00,0x00,0x00,0x00,
  0x00,0x00,0x00,0x00,0x00,0x00,0x00,0x00,0x00,0x00,0x00,0x00,
  0x00,0x00,0x00,0x00,0x00,0x00,0x00,0x00,0x00,0x00,0x00,0x00,
  0x00,0x00,0x00,0x00,0x00,0x00,0x00,0x00,0x00,0x00,0x00,0x00,
  0x00,0x00,0x00,0x00,0x00,0x00,0x00,0x00,0x00,0x00,0x00,0x00,
  0x00,0x00,0x00,0x00,0x00,0x00,0x00,0x00,0x00,0x00,0x00,0x00,
  0x00,0x00,0x00,0x00,0x00,0x00,0x00,0x00,0x00,0x00,0x00,0x00,
  0x00,0x00,0x00,0x00,0x00,0x00,0x00,0x00,0x00,0x00,0x00,0x00,
  0x00,0x00,0x00,0x00,0x00,0x00,0x00,0x00,0x00,0x00,0x00,0x00,
  0x00,0x00,0x00,0x00,0x00,0x00,0x00,0x00,0x00,0x00,0x00,0x00,
  0x00,0x00,0x00,0x00,0x00,0x00,0x00,0x00,0x00,0x00,0x00,0x00,
  0x00,0x00,0x00,0x00,0x00,0x00,0x00,0x00,0x00,0x00,0x00,0x00,
  0x00,0x00,0x00,0x00,0x00,0x00,0x00,0x00,0x00,0x00,0x00,0x00,
  0x00,0x00,0x00,0x00,0x00,0x00,0x00,0x00,0x00,0x00,0x00,0x00,
  0x00,0x00,0x00,0x00,0x00,0x00,0x00,0x00,0x00,0x00,0x00,0x00,
  0x00,0x00,0x00,0x00,0x00,0x00,0x00,0x00,0x00,0x00,0x00,0x00,
  0x00,0x00,0x00,0x00,0x00,0x00,0x00,0x00,0x00,0x00,0xFF,0x01,
  0x00,0x00,0x00,0x01,0x35,0x3C,0x78,0x26,0x30,0x3F,0x8D,0xB8,
  0x1F,0x29,0x80,0xD2,0x19,0x44,0x9B,0xFC,0x27,0x7D,0xC9,0xFC,
  0x2F,0x9D,0xF1,0xFF,0x32,0xB2,0xFD,0xFF,0x3E,0xC4,0xFD,0xFF,
  0x46,0xCC,0xFD,0xFF,0x52,0xDA,0xFE,0xFF,0x50,0xD7,0xFE,0xFF,
  0x52,0xD9,0xFE,0xFF,0x52,0xDA,0xFE,0xFF,0x33,0xB5,0xFE,0xFF,
  0x21,0xA6,0xFE,0xFF,0x50,0xCA,0xFD,0xFF,0x80,0xEF,0xFE,0xFF,
  0x7D,0xEB,0xFE,0xFF,0x84,0xEF,0xFE,0xFF,0x85,0xEF,0xFE,0xFF,
  0x82,0xEC,0xFE,0xFF,0x80,0xEB,0xFE,0xFF,0x7F,0xEA,0xFE,0xFF,
  0x7D,0xE9,0xFE,0xFF,0x7B,0xE7,0xFD,0xFF,0x82,0xF3,0xFF,0xFF,
  0x6F,0xD0,0xF1,0xFF,0x1B,0x3C,0xB1,0xFF,0x1A,0x39,0xB5,0xFF,
  0x17,0x31,0xA0,0xFD,0x0C,0x1A,0x79,0xFF,0x1E,0x29,0x76,0xC0,
  0x1D,0x25,0x6A,0x60,0x1C,0x24,0x6E,0x63,0x35,0x43,0x78,0x13,
  0x00,0x00,0x00,0x00,0x00,0x00,0x00,0x01,0x00,0x00,0x00,0x00,
  0x00,0x00,0x00,0x00,0x00,0x00,0x00,0x00,0x00,0x00,0x00,0x00,
  0x00,0x00,0x00,0x00,0x00,0x00,0x00,0x00,0x00,0x00,0x00,0x00,
  0x00,0x00,0x00,0x00,0x00,0x00,0x00,0x00,0x00,0x00,0x00,0x00,
  0x00,0x00,0x00,0x00,0x00,0x00,0x00,0x00,0x00,0x00,0x00,0x00,
  0x00,0x00,0x00,0x00,0x37,0x43,0x83,0x40,0x04,0x0A,0x6C,0xFF,
  0x00,0x07,0x68,0xFF,0x00,0x00,0x5E,0xFF,0x23,0x50,0x9C,0xFF,
  0x61,0xF1,0xFF,0xFF,0x5A,0xE5,0xFF,0xFF,0x5D,0xE8,0xFF,0xFF,
  0x57,0xDE,0xFF,0xFF,0x53,0xD8,0xFE,0xFF,0x55,0xDA,0xFE,0xFF,
  0x55,0xDB,0xFE,0xFF,0x55,0xDB,0xFE,0xFF,0x31,0xB0,0xFD,0xFF,
  0x25,0xA2,0xFE,0xFF,0x24,0xA3,0xFE,0xFF,0x24,0xA3,0xFE,0xFF,
  0x24,0xA3,0xFE,0xFF,0x21,0x9E,0xFD,0xFF,0x46,0xC8,0xFE,0xFF,
  0x57,0xDD,0xFE,0xFF,0x57,0xDD,0xFE,0xFF,0x5A,0xE0,0xFE,0xFF,
  0x36,0xB5,0xFD,0xFF,0x20,0x99,0xFD,0xFF,0x60,0xD6,0xFD,0xFF,
  0x82,0xF4,0xFE,0xFF,0x7B,0xEF,0xFE,0xFF,0x7F,0xF2,0xFE,0xFF,
  0x3C,0xB6,0xFC,0xFF,0x4D,0xC5,0xFD,0xFF,0x81,0xEF,0xFE,0xFF,
  0x7C,0xEB,0xFD,0xFF,0x72,0xE5,0xFD,0xFF,0x3C,0xC3,0xFD,0xFF,
  0x39,0xC3,0xFE,0xFF,0x3A,0xC3,0xFE,0xFF,0x3B,0xC2,0xFD,0xFF,
  0x3D,0xC1,0xFC,0xFF,0x3E,0xC8,0xFE,0xFF,0x38,0x9E,0xE7,0xFF,
  0x2B,0x67,0xC6,0xFF,0x1C,0x41,0xB6,0xFF,0x18,0x33,0xA7,0xFC,
  0x06,0x12,0x6A,0xFF,0x12,0x1A,0x60,0xA4,0x05,0x05,0x00,0x00,
  0x00,0x00,0x01,0x00,0x00,0x00,0x00,0x00,0x00,0x00,0x00,0x00,
  0x00,0x00,0x00,0x00,0x00,0x00,0x00,0x00,0x00,0x00,0x00,0x00,
  0x00,0x00,0x00,0x00,0x00,0x00,0x00,0x00,0x00,0x00,0x00,0x00,
  0x00,0x00,0x00,0x00,0x00,0x00,0x00,0x00,0x00,0x00,0x00,0x00,
  0x00,0x00,0x00,0x00,0x00,0x00,0x00,0x00,0x00,0x00,0x00,0x00,
  0x00,0x00,0x00,0x00,0x00,0x00,0x00,0x00,0x00,0x00,0x00,0x00,
  0x00,0x00,0x00,0x00,0x00,0x00,0x00,0x00,0x00,0x00,0x00,0x00,
  0x00,0x00,0x00,0x00,0x00,0x00,0x00,0x00,0x00,0x00,0x00,0x00,
  0x00,0x00,0x00,0x00,0x00,0x00,0x00,0x00,0x00,0x00,0x00,0x00,
  0x00,0x00,0x00,0x00,0x00,0x00,0x00,0x00,0x00,0x00,0x00,0x00,
  0x00,0x00,0x00,0x00,0x00,0x00,0x00,0x00,0x00,0x00,0x00,0x00,
  0x00,0x00,0x00,0x00,0x00,0x00,0x00,0x00,0x00,0x00,0x00,0x00,
  0x00,0x00,0x00,0x00,0x00,0x00,0x00,0x00,0x00,0x00,0x00,0x00,
  0x00,0x00,0x00,0x00,0x00,0x00,0x00,0x00,0x00,0x00,0x00,0x00,
  0x00,0x00,0x00,0x00,0x00,0x00,0x00,0x00,0x00,0x00,0x00,0x00,
  0x00,0x00,0x00,0x00,0x00,0x00,0x00,0x00,0x00,0x00,0x00,0x00,
  0x00,0x00,0x00,0x00,0x00,0x00,0x00,0x00,0x00,0x00,0x00,0x00,
  0x00,0x00,0x00,0x00,0x00,0x00,0x00,0x00,0x00,0x00,0x00,0x00,
  0x00,0x00,0x00,0x00,0x00,0x00,0x00,0x00,0x00,0x00,0x00,0x00,
  0x00,0x00,0x00,0x00,0x00,0x00,0x00,0x00,0x00,0x00,0x00,0x00,
  0x00,0x00,0x00,0x00,0x00,0x00,0x00,0x00,0x00,0x00,0x00,0x00,
  0x00,0x00,0x55,0x03,0x00,0x00,0x00,0x00,0x2B,0x37,0x7B,0x40,
  0x0C,0x1E,0x82,0xFF,0x02,0x0C,0x7A,0xFF,0x28,0x6D,0xBD,0xFE,
  0x40,0xD9,0xFF,0xFF,0x20,0x95,0xFD,0xFF,0x29,0xA1,0xFD,0xFF,
  0x3C,0xC1,0xFD,0xFF,0x40,0xC5,0xFD,0xFF,0x4F,0xD6,0xFE,0xFF,
  0x54,0xDB,0xFE,0xFF,0x4B,0xD1,0xFD,0xFF,0x3C,0xC1,0xFE,0xFF,
  0x3B,0xBD,0xFE,0xFF,0x61,0xD8,0xFD,0xFF,0x6F,0xE3,0xFD,0xFF,
  0x7F,0xF0,0xFE,0xFF,0x65,0xD9,0xFD,0xFF,0x4D,0xC4,0xFC,0xFF,
  0x50,0xC5,0xFC,0xFF,0x79,0xE5,0xFD,0xFF,0x88,0xF0,0xFE,0xFF,
  0x81,0xEC,0xFE,0xFF,0x7D,0xE8,0xFE,0xFF,0x7D,0xE9,0xFE,0xFF,
  0x7A,0xE6,0xF9,0xFF,0x5D,0xB2,0xE0,0xFF,0x19,0x3A,0xB0,0xFF,
  0x1A,0x3A,0xB6,0xFF,0x14,0x2C,0x97,0xFC,0x06,0x11,0x69,0xFF,
  0x2B,0x34,0x77,0x8D,0x00,0x00,0x00,0x00,0x00,0x00,0x00,0x00,
  0x00,0x00,0x00,0x00,0x00,0x00,0x00,0x00,0x00,0x00,0x00,0x00,
  0x00,0x00,0x00,0x00,0x00,0x00,0x00,0x00,0x00,0x00,0x00,0x00,
  0x00,0x00,0x00,0x00,0x00,0x00,0x00,0x00,0x00,0x00,0x00,0x00,
  0x00,0x00,0x00,0x00,0x00,0x00,0x00,0x00,0x00,0x00,0x00,0x00,
  0x00,0x00,0x00,0x00,0x00,0x00,0x00,0x00,0x00,0x00,0x00,0x00,
  0x33,0x33,0x66,0x05,0x00,0x00,0x7F,0x04,0x34,0x3F,0x7F,0x2C,
  0x1B,0x28,0x70,0x96,0x19,0x27,0x6E,0x96,0x14,0x1B,0x64,0x93,
  0x31,0x53,0x95,0xC4,0x42,0x8C,0xC7,0xFE,0x3D,0x87,0xC3,0xFC,
  0x39,0x80,0xBC,0xFE,0x4F,0xBE,0xEA,0xFF,0x55,0xDD,0xFE,0xFF,
  0x55,0xD9,0xFD,0xFF,0x4E,0xD4,0xFE,0xFF,0x3E,0xC0,0xFD,0xFF,
  0x2F,0xAD,0xFD,0xFF,0x28,0xA4,0xFE,0xFF,0x25,0xA3,0xFE,0xFF,
  0x23,0xA2,0xFE,0xFF,0x26,0xA4,0xFE,0xFF,0x3F,0xC3,0xFD,0xFF,
  0x4F,0xD5,0xFE,0xFF,0x54,0xDA,0xFE,0xFF,0x52,0xD7,0xFE,0xFF,
  0x53,0xD9,0xFE,0xFF,0x49,0xCB,0xFD,0xFF,0x30,0xB0,0xFE,0xFF,
  0x3F,0xB7,0xFD,0xFF,0x54,0xC7,0xFC,0xFF,0x51,0xC4,0xFC,0xFF,
  0x51,0xC5,0xFC,0xFF,0x24,0x9D,0xFD,0xFF,0x44,0xBC,0xFE,0xFF,
  0x84,0xF4,0xFE,0xFF,0x7D,0xEC,0xFE,0xFF,0x7C,0xED,0xFE,0xFF,
  0x75,0xE8,0xFE,0xFF,0x7E,0xEB,0xFD,0xFF,0x57,0xD5,0xFD,0xFF,
  0x35,0xBF,0xFD,0xFF,0x3B,0xC0,0xFC,0xFF,0x3F,0xCC,0xFF,0xFF,
  0x2B,0x80,0xD8,0xFF,0x12,0x25,0xA7,0xFF,0x1A,0x39,0xB2,0xFF,
  0x17,0x33,0xA6,0xFC,0x06,0x13,0x6C,0xFC,0x0E,0x16,0x60,0xA2,
  0x00,0x00,0x00,0x00,0x00,0x00,0x7F,0x02,0x00,0x00,0x00,0x00,
  0x00,0x00,0x00,0x00,0x00,0x00,0x00,0x00,0x00,0x00,0x00,0x00,
  0x00,0x00,0x00,0x00,0x00,0x00,0x00,0x00,0x00,0x00,0x00,0x00,
  0x00,0x00,0x00,0x00,0x00,0x00,0x00,0x00,0x00,0x00,0x00,0x00,
  0x00,0x00,0x00,0x00,0x00,0x00,0x00,0x00,0x00,0x00,0x00,0x00,
  0x00,0x00,0x00,0x00,0x00,0x00,0x00,0x00,0x00,0x00,0x00,0x00,
  0x00,0x00,0x00,0x00,0x00,0x00,0x00,0x00,0x00,0x00,0x00,0x00,
  0x00,0x00,0x00,0x00,0x00,0x00,0x00,0x00,0x00,0x00,0x00,0x00,
  0x00,0x00,0x00,0x00,0x00,0x00,0x00,0x00,0x00,0x00,0x00,0x00,
  0x00,0x00,0x00,0x00,0x00,0x00,0x00,0x00,0x00,0x00,0x00,0x00,
  0x00,0x00,0x00,0x00,0x00,0x00,0x00,0x00,0x00,0x00,0x00,0x00,
  0x00,0x00,0x00,0x00,0x00,0x00,0x00,0x00,0x00,0x00,0x00,0x00,
  0x00,0x00,0x00,0x00,0x00,0x00,0x00,0x00,0x00,0x00,0x00,0x00,
  0x00,0x00,0x00,0x00,0x00,0x00,0x00,0x00,0x00,0x00,0x00,0x00,
  0x00,0x00,0x00,0x00,0x00,0x00,0x00,0x00,0x00,0x00,0x00,0x00,
  0x00,0x00,0x00,0x00,0x00,0x00,0x00,0x00,0x00,0x00,0x00,0x00,
  0x00,0x00,0x00,0x00,0x00,0x00,0x00,0x00,0x00,0x00,0x00,0x00,
  0x00,0x00,0x00,0x00,0x00,0x00,0x00,0x00,0x00,0x00,0x00,0x00,
  0x00,0x00,0x00,0x00,0x00,0x00,0x00,0x00,0x00,0x00,0x00,0x00,
  0x00,0x00,0x00,0x00,0x00,0x00,0x00,0x00,0x00,0x00,0x00,0x00,
  0x00,0x00,0x00,0x00,0x00,0x00,0x00,0x00,0x00,0x00,0x00,0x00,
  0x00,0x00,0x00,0x00,0x00,0x55,0x55,0x03,0x7F,0x7F,0x3F,0x04,
  0x43,0x4D,0x83,0x48,0x13,0x22,0x7C,0xFC,0x08,0x10,0x74,0xFD,
  0x25,0x64,0xB7,0xFF,0x39,0xC5,0xFD,0xFF,0x21,0x91,0xFB,0xFF,
  0x2A,0xA3,0xFE,0xFF,0x41,0xC9,0xFE,0xFF,0x3D,0xC0,0xFD,0xFF,
  0x3E,0xC1,0xFD,0xFF,0x41,0xC8,0xFE,0xFF,0x39,0xBE,0xFE,0xFF,
  0x27,0xAC,0xFE,0xFF,0x37,0xBA,0xFE,0xFF,0x81,0xF0,0xFE,0xFF,
  0x7C,0xED,0xFE,0xFF,0x82,0xF2,0xFE,0xFF,0x53,0xCA,0xFD,0xFF,
  0x1F,0x9E,0xFE,0xFF,0x24,0xA3,0xFE,0xFF,0x60,0xD4,0xFD,0xFF,
  0x76,0xE4,0xFD,0xFF,0x78,0xE6,0xFD,0xFF,0x7C,0xE7,0xFD,0xFF,
  0x81,0xF3,0xFF,0xFF,0x57,0xA9,0xDF,0xFF,0x13,0x31,0xAB,0xFF,
  0x1A,0x39,0xB0,0xFF,0x1B,0x3B,0xB5,0xFF,0x14,0x2C,0x98,0xFC,
  0x07,0x12,0x6C,0xFF,0x27,0x2F,0x77,0x96,0x00,0x00,0x7F,0x04,
  0x00,0x00,0x6D,0x07,0x00,0x00,0x00,0x01,0x00,0x00,0x00,0x00,
  0x00,0x00,0x00,0x00,0x00,0x00,0x00,0x00,0x00,0x00,0x00,0x00,
  0x00,0x00,0x00,0x00,0x00,0x00,0x00,0x00,0x00,0x00,0x00,0x00,
  0x00,0x00,0x00,0x00,0x00,0x00,0x00,0x00,0x00,0x00,0x00,0x00,
  0x00,0x00,0x00,0x00,0x00,0x00,0x00,0x00,0x00,0x00,0x00,0x00,
  0x00,0x00,0x00,0x00,0x00,0x00,0x00,0x00,0x00,0x00,0x00,0x00,
  0x00,0x00,0x00,0x00,0x00,0x00,0x00,0x00,0x00,0x00,0x00,0x00,
  0x00,0x00,0x00,0x00,0x19,0x1E,0x6A,0x6E,0x04,0x0A,0x6F,0xFF,
  0x05,0x0C,0x6C,0xFF,0x00,0x00,0x61,0xFF,0x42,0x9A,0xD0,0xFF,
  0x58,0xE8,0xFF,0xFF,0x59,0xDF,0xFF,0xFF,0x4A,0xD0,0xFF,0xFF,
  0x27,0xA7,0xFE,0xFF,0x29,0xA8,0xFE,0xFF,0x26,0xA4,0xFE,0xFF,
  0x24,0xA3,0xFE,0xFF,0x24,0xA3,0xFE,0xFF,0x39,0xBD,0xFD,0xFF,
  0x51,0xD9,0xFD,0xFF,0x51,0xD9,0xFE,0xFF,0x50,0xD7,0xFE,0xFF,
  0x50,0xD8,0xFE,0xFF,0x4F,0xD6,0xFE,0xFF,0x55,0xDE,0xFE,0xFF,
  0x41,0xC4,0xFE,0xFF,0x1B,0x93,0xFE,0xFF,0x1D,0x94,0xFE,0xFF,
  0x1C,0x93,0xFE,0xFF,0x1C,0x94,0xFE,0xFF,0x1A,0x91,0xFE,0xFF,
  0x4B,0xC0,0xFD,0xFF,0x88,0xF3,0xFD,0xFF,0x7D,0xEC,0xFE,0xFF,
  0x7A,0xEC,0xFE,0xFF,0x7E,0xEC,0xFD,0xFF,0x81,0xED,0xFE,0xFF,
  0x7B,0xEA,0xFE,0xFF,0x5C,0xDA,0xFD,0xFF,0x3E,0xC4,0xFD,0xFF,
  0x43,0xD3,0xFF,0xFF,0x2D,0x86,0xDA,0xFF,0x17,0x31,0xAC,0xFF,
  0x1C,0x3D,0xB8,0xFF,0x19,0x35,0xAA,0xFE,0x05,0x12,0x70,0xFF,
  0x10,0x17,0x61,0xAD,0x01,0x01,0x00,0x00,0x00,0x00,0x7F,0x02,
  0x00,0x00,0x00,0x00,0x00,0x00,0x00,0x00,0x00,0x00,0x00,0x00,
  0x00,0x00,0x00,0x00,0x00,0x00,0x00,0x00,0x00,0x00,0x00,0x00,
  0x00,0x00,0x00,0x00,0x00,0x00,0x00,0x00,0x00,0x00,0x00,0x00,
  0x00,0x00,0x00,0x00,0x00,0x00,0x00,0x00,0x00,0x00,0x00,0x00,
  0x00,0x00,0x00,0x00,0x00,0x00,0x00,0x00,0x00,0x00,0x00,0x00,
  0x00,0x00,0x00,0x00,0x00,0x00,0x00,0x00,0x00,0x00,0x00,0x00,
  0x00,0x00,0x00,0x00,0x00,0x00,0x00,0x00,0x00,0x00,0x00,0x00,
  0x00,0x00,0x00,0x00,0x00,0x00,0x00,0x00,0x00,0x00,0x00,0x00,
  0x00,0x00,0x00,0x00,0x00,0x00,0x00,0x00,0x00,0x00,0x00,0x00,
  0x00,0x00,0x00,0x00,0x00,0x00,0x00,0x00,0x00,0x00,0x00,0x00,
  0x00,0x00,0x00,0x00,0x00,0x00,0x00,0x00,0x00,0x00,0x00,0x00,
  0x00,0x00,0x00,0x00,0x00,0x00,0x00,0x00,0x00,0x00,0x00,0x00,
  0x00,0x00,0x00,0x00,0x00,0x00,0x00,0x00,0x00,0x00,0x00,0x00,
  0x00,0x00,0x00,0x00,0x00,0x00,0x00,0x00,0x00,0x00,0x00,0x00,
  0x00,0x00,0x00,0x00,0x00,0x00,0x00,0x00,0x00,0x00,0x00,0x00,
  0x00,0x00,0x00,0x00,0x00,0x00,0x00,0x00,0x00,0x00,0x00,0x00,
  0x00,0x00,0x00,0x00,0x00,0x00,0x00,0x00,0x00,0x00,0x00,0x00,
  0x00,0x00,0x00,0x00,0x00,0x00,0x00,0x00,0x00,0x00,0x00,0x00,
  0x00,0x00,0x00,0x00,0x00,0x00,0x00,0x00,0x00,0x00,0x00,0x00,
  0x00,0x00,0x00,0x00,0x00,0x00,0x00,0x00,0x00,0x00,0x00,0x00,
  0xFF,0xFF,0xFF,0x01,0x00,0x00,0x00,0x00,0x9B,0xAA,0xC6,0x12,
  0x1A,0x24,0x74,0xBF,0x25,0x3E,0x8B,0xE3,0x5B,0xB8,0xDD,0xFE,
  0x58,0xBA,0xE0,0xFF,0x56,0xC4,0xEE,0xFF,0x2B,0xA1,0xFC,0xFF,
  0x1D,0x8B,0xFD,0xFF,0x29,0xA0,0xFD,0xFF,0x3B,0xC0,0xFD,0xFF,
  0x38,0xB9,0xFC,0xFF,0x38,0xBD,0xFE,0xFF,0x33,0xBB,0xFE,0xFF,
  0x2F,0xB4,0xFE,0xFF,0x32,0xB6,0xFD,0xFF,0x4B,0xC8,0xFD,0xFF,
  0x7A,0xEB,0xFE,0xFF,0x7C,0xED,0xFE,0xFF,0x7A,0xEB,0xFD,0xFF,
  0x4F,0xC7,0xFD,0xFF,0x26,0xA6,0xFE,0xFF,0x2A,0xAA,0xFD,0xFF,
  0x2E,0xAD,0xFE,0xFF,0x2A,0xA7,0xFD,0xFF,0x56,0xCB,0xFC,0xFF,
  0x80,0xED,0xFD,0xFF,0x7E,0xF2,0xFE,0xFF,0x54,0xA4,0xDE,0xFF,
  0x13,0x2D,0xAC,0xFF,0x1B,0x39,0xB0,0xFF,0x1C,0x3C,0xB6,0xFF,
  0x13,0x2C,0x97,0xFC,0x07,0x11,0x6B,0xFF,0x27,0x31,0x76,0x94,
  0x00,0x00,0x00,0x00,0x00,0x00,0x55,0x03,0x00,0x00,0x00,0x00,
  0x00,0x00,0x00,0x00,0x00,0x00,0x00,0x00,0x00,0x00,0x00,0x00,
  0x00,0x00,0x00,0x00,0x00,0x00,0x00,0x00,0x00,0x00,0x00,0x00,
  0x00,0x00,0x00,0x00,0x00,0x00,0x00,0x00,0x00,0x00,0x00,0x00,
  0x00,0x00,0x00,0x00,0x00,0x00,0x00,0x00,0x00,0x00,0x00,0x00,
  0x00,0x00,0x00,0x00,0x00,0x00,0x00,0x00,0x00,0x00,0x00,0x00,
  0x00,0x00,0x00,0x00,0x00,0x00,0xFF,0x01,0x00,0x00,0x7F,0x04,
  0x00,0x24,0x6D,0x07,0x00,0x00,0x3F,0x04,0x28,0x31,0x75,0x71,
  0x15,0x22,0x74,0xEE,0x10,0x20,0x72,0xE6,0x0D,0x13,0x6B,0xE7,
  0x47,0x99,0xCC,0xF7,0x5C,0xD8,0xF5,0xFE,0x5A,0xCE,0xF0,0xFE,
  0x49,0xC5,0xF7,0xFF,0x2A,0xAB,0xFD,0xFF,0x28,0xA9,0xFB,0xFF,
  0x25,0xA5,0xFD,0xFF,0x24,0xA3,0xFE,0xFF,0x27,0xA5,0xFE,0xFF,
  0x4C,0xD2,0xFD,0xFF,0x51,0xD9,0xFE,0xFF,0x51,0xD8,0xFE,0xFF,
  0x51,0xD8,0xFE,0xFF,0x4F,0xD6,0xFD,0xFF,0x4E,0xD6,0xFD,0xFF,
  0x51,0xDA,0xFD,0xFF,0x3C,0xBE,0xFD,0xFF,0x20,0x97,0xFE,0xFF,
  0x23,0x9B,0xFE,0xFF,0x22,0x98,0xFE,0xFF,0x22,0x97,0xFD,0xFF,
  0x22,0x9B,0xFE,0xFF,0x37,0xB4,0xFD,0xFF,0x4A,0xC7,0xFD,0xFF,
  0x60,0xD7,0xFD,0xFF,0x87,0xF3,0xFE,0xFF,0x80,0xEF,0xFE,0xFF,
  0x7B,0xEC,0xFE,0xFF,0x7C,0xEB,0xFE,0xFF,0x79,0xEB,0xFF,0xFF,
  0x6D,0xE0,0xFB,0xFF,0x30,0x77,0xCF,0xFF,0x1C,0x4A,0xBA,0xFF,
  0x19,0x37,0xB1,0xFE,0x11,0x28,0x95,0xFF,0x14,0x25,0x87,0xF2,
  0x1A,0x24,0x6D,0xB6,0x1F,0x26,0x68,0x70,0x00,0x00,0x00,0x00,
  0x00,0x00,0x7F,0x02,0x00,0x00,0x00,0x00,0x00,0x00,0x00,0x00,
  0x00,0x00,0x00,0x00,0x00,0x00,0x00,0x00,0x00,0x00,0x00,0x00,
  0x00,0x00,0x00,0x00,0x00,0x00,0x00,0x00,0x00,0x00,0x00,0x00,
  0x00,0x00,0x00,0x00,0x00,0x00,0x00,0x00,0x00,0x00,0x00,0x00,
  0x00,0x00,0x00,0x00,0x00,0x00,0x00,0x00,0x00,0x00,0x00,0x00,
  0x00,0x00,0x00,0x00,0x00,0x00,0x00,0x00,0x00,0x00,0x00,0x00,
  0x00,0x00,0x00,0x00,0x00,0x00,0x00,0x00,0x00,0x00,0x00,0x00,
  0x00,0x00,0x00,0x00,0x00,0x00,0x00,0x00,0x00,0x00,0x00,0x00,
  0x00,0x00,0x00,0x00,0x00,0x00,0x00,0x00,0x00,0x00,0x00,0x00,
  0x00,0x00,0x00,0x00,0x00,0x00,0x00,0x00,0x00,0x00,0x00,0x00,
  0x00,0x00,0x00,0x00,0x00,0x00,0x00,0x00,0x00,0x00,0x00,0x00,
  0x00,0x00,0x00,0x00,0x00,0x00,0x00,0x00,0x00,0x00,0x00,0x00,
  0x00,0x00,0x00,0x00,0x00,0x00,0x00,0x00,0x00,0x00,0x00,0x00,
  0x00,0x00,0x00,0x00,0x00,0x00,0x00,0x00,0x00,0x00,0x00,0x00,
  0x00,0x00,0x00,0x00,0x00,0x00,0x00,0x00,0x00,0x00,0x00,0x00,
  0x00,0x00,0x00,0x00,0x00,0x00,0x00,0x00,0x00,0x00,0x00,0x00,
  0x00,0x00,0x00,0x00,0x00,0x00,0x00,0x00,0x00,0x00,0x00,0x00,
  0x00,0x00,0x00,0x00,0x00,0x00,0x00,0x00,0x00,0x00,0x00,0x00,
  0x00,0x00,0x00,0x00,0x00,0x00,0x00,0x00,0x00,0x00,0x00,0x00,
  0x00,0x00,0x00,0x00,0x00,0x00,0x00,0x00,0x00,0x00,0x00,0x00,
  0x00,0x00,0x00,0x00,0xFF,0xFF,0xFF,0x01,0x00,0x00,0x00,0x01,
  0xAA,0xB4,0xD4,0x18,0x14,0x1F,0x7A,0xF0,0x19,0x37,0x90,0xFF,
  0x68,0xE4,0xFF,0xFD,0x69,0xF0,0xFF,0xFF,0x67,0xE6,0xFF,0xFF,
  0x26,0x97,0xFB,0xFF,0x19,0x87,0xFD,0xFF,0x1E,0x8C,0xFC,0xFF,
  0x1D,0x8A,0xFB,0xFF,0x24,0x93,0xFB,0xFF,0x3C,0xC3,0xFE,0xFF,
  0x33,0xB8,0xFE,0xFF,0x29,0xA2,0xFD,0xFF,0x5F,0xD6,0xFD,0xFF,
  0x80,0xF0,0xFE,0xFF,0x7A,0xEC,0xFE,0xFF,0x75,0xE7,0xFD,0xFF,
  0x3D,0xB9,0xFC,0xFF,0x2C,0xAA,0xFD,0xFF,0x2B,0xAB,0xFE,0xFF,
  0x29,0xA9,0xFD,0xFF,0x2A,0xA7,0xFE,0xFF,0x29,0xA6,0xFE,0xFF,
  0x2F,0xAB,0xFD,0xFF,0x3B,0xB3,0xFC,0xFF,0x80,0xF7,0xFF,0xFF,
  0x5B,0xB0,0xE1,0xFF,0x14,0x2E,0xAC,0xFF,0x1A,0x39,0xB1,0xFF,
  0x1A,0x3A,0xB5,0xFF,0x13,0x2B,0x97,0xFC,0x07,0x12,0x6B,0xFD,
  0x27,0x30,0x75,0x93,0x00,0x00,0x00,0x00,0x00,0x00,0x55,0x03,
  0x00,0x00,0x00,0x00,0x00,0x00,0x00,0x00,0x00,0x00,0x00,0x00,
  0x00,0x00,0x00,0x00,0x00,0x00,0x00,0x00,0x00,0x00,0x00,0x00,
  0x00,0x00,0x00,0x00,0x00,0x00,0x00,0x00,0x00,0x00,0x00,0x00,
  0x00,0x00,0x00,0x00,0x00,0x00,0x00,0x00,0x00,0x00,0x00,0x00,
  0x00,0x00,0x00,0x00,0x00,0x00,0x00,0x00,0x00,0x00,0x00,0x00,
  0x00,0x00,0x00,0x00,0x00,0x00,0x00,0x00,0x00,0x00,0x00,0x00,
  0x00,0x00,0x00,0x00,0x00,0x00,0x00,0x00,0x00,0x00,0x00,0x00,
  0x62,0x75,0x9C,0x0D,0x57,0x60,0x83,0x1D,0x47,0x51,0x7A,0x19,
  0x61,0x61,0x85,0x15,0x22,0x35,0x7F,0xBA,0x19,0x2F,0x81,0xFF,
  0x15,0x22,0x6E,0xFF,0x2C,0x79,0xC4,0xFF,0x31,0xBF,0xFF,0xFF,
  0x2B,0xB0,0xFF,0xFF,0x25,0xA8,0xFE,0xFF,0x2B,0xA9,0xFE,0xFF,
  0x49,0xCE,0xFE,0xFF,0x4F,0xD5,0xFE,0xFF,0x51,0xD8,0xFE,0xFF,
  0x50,0xD7,0xFD,0xFF,0x50,0xD7,0xFD,0xFF,0x4F,0xD6,0xFD,0xFF,
  0x4D,0xD5,0xFD,0xFF,0x53,0xDD,0xFD,0xFF,0x3E,0xC1,0xFD,0xFF,
  0x1F,0x96,0xFE,0xFF,0x21,0x98,0xFE,0xFF,0x20,0x94,0xFD,0xFF,
  0x22,0x98,0xFD,0xFF,0x3A,0xC0,0xFE,0xFF,0x3D,0xC3,0xFE,0xFF,
  0x35,0xBA,0xFD,0xFF,0x4E,0xCD,0xFD,0xFF,0x6D,0xE2,0xFE,0xFF,
  0x6A,0xE1,0xFE,0xFF,0x7D,0xEE,0xFE,0xFF,0x7B,0xEA,0xFE,0xFF,
  0x7A,0xE9,0xFE,0xFF,0x76,0xE3,0xF9,0xFF,0x23,0x4A,0xB7,0xFF,
  0x15,0x2D,0xAE,0xFF,0x1B,0x3B,0xB5,0xFD,0x08,0x17,0x78,0xFF,
  0x10,0x19,0x65,0xDA,0x0B,0x0A,0x05,0x00,0x00,0x00,0x00,0x00,
  0x00,0x00,0xFF,0x01,0x00,0x00,0x00,0x00,0x00,0x00,0x00,0x00,
  0x00,0x00,0x00,0x00,0x00,0x00,0x00,0x00,0x00,0x00,0x00,0x00,
  0x00,0x00,0x00,0x00,0x00,0x00,0x00,0x00,0x00,0x00,0x00,0x00,
  0x00,0x00,0x00,0x00,0x00,0x00,0x00,0x00,0x00,0x00,0x00,0x00,
  0x00,0x00,0x00,0x00,0x00,0x00,0x00,0x00,0x00,0x00,0x00,0x00,
  0x00,0x00,0x00,0x00,0x00,0x00,0x00,0x00,0x00,0x00,0x00,0x00,
  0x00,0x00,0x00,0x00,0x00,0x00,0x00,0x00,0x00,0x00,0x00,0x00,
  0x00,0x00,0x00,0x00,0x00,0x00,0x00,0x00,0x00,0x00,0x00,0x00,
  0x00,0x00,0x00,0x00,0x00,0x00,0x00,0x00,0x00,0x00,0x00,0x00,
  0x00,0x00,0x00,0x00,0x00,0x00,0x00,0x00,0x00,0x00,0x00,0x00,
  0x00,0x00,0x00,0x00,0x00,0x00,0x00,0x00,0x00,0x00,0x00,0x00,
  0x00,0x00,0x00,0x00,0x00,0x00,0x00,0x00,0x00,0x00,0x00,0x00,
  0x00,0x00,0x00,0x00,0x00,0x00,0x00,0x00,0x00,0x00,0x00,0x00,
  0x00,0x00,0x00,0x00,0x00,0x00,0x00,0x00,0x00,0x00,0x00,0x00,
  0x00,0x00,0x00,0x00,0x00,0x00,0x00,0x00,0x00,0x00,0x00,0x00,
  0x00,0x00,0x00,0x00,0x00,0x00,0x00,0x00,0x00,0x00,0x00,0x00,
  0x00,0x00,0x00,0x00,0x00,0x00,0x00,0x00,0x00,0x00,0x00,0x00,
  0x00,0x00,0x00,0x00,0x00,0x00,0x00,0x00,0x00,0x00,0x00,0x00,
  0x00,0x00,0x00,0x00,0x00,0x00,0x00,0x00,0x00,0x00,0x00,0x00,
  0x00,0x00,0x00,0x00,0x00,0x00,0x00,0x00,0x00,0x00,0x00,0x00,
  0x00,0x00,0x00,0x00,0x00,0x00,0x00,0x00,0x00,0x00,0x00,0x00,
  0x00,0x00,0x00,0x00,0xB4,0xB4,0xC3,0x11,0x0E,0x16,0x75,0xE6,
  0x16,0x30,0x8A,0xFE,0x65,0xDA,0xF7,0xFD,0x62,0xE3,0xFE,0xFF,
  0x63,0xE0,0xFD,0xFF,0x52,0xCF,0xFD,0xFF,0x4F,0xCB,0xFD,0xFF,
  0x28,0x97,0xFB,0xFF,0x17,0x80,0xFC,0xFF,0x1E,0x8B,0xFC,0xFF,
  0x29,0x9F,0xFC,0xFF,0x20,0x93,0xFC,0xFF,0x38,0xAB,0xFC,0xFF,
  0x7B,0xEF,0xFD,0xFF,0x77,0xE7,0xFE,0xFF,0x82,0xF2,0xFE,0xFF,
  0x67,0xDA,0xFC,0xFF,0x28,0xA6,0xFE,0xFF,0x2C,0xAA,0xFE,0xFF,
  0x2B,0xA9,0xFE,0xFF,0x2B,0xA8,0xFE,0xFF,0x2A,0xA7,0xFE,0xFF,
  0x2B,0xA8,0xFE,0xFF,0x26,0xA4,0xFE,0xFF,0x26,0xA0,0xFC,0xFF,
  0x43,0x94,0xDB,0xFF,0x32,0x67,0xC3,0xFF,0x16,0x34,0xB0,0xFF,
  0x19,0x39,0xB1,0xFF,0x1C,0x3E,0xBC,0xFF,0x13,0x2C,0x9B,0xFE,
  0x03,0x0D,0x6A,0xFF,0x20,0x29,0x71,0x94,0x00,0x00,0x00,0x00,
  0x00,0x00,0x55,0x03,0x00,0x00,0x00,0x00,0x00,0x00,0x00,0x00,
  0x00,0x00,0x00,0x00,0x00,0x00,0x00,0x00,0x00,0x00,0x00,0x00,
  0x00,0x00,0x00,0x00,0x00,0x00,0x00,0x00,0x00,0x00,0x00,0x00,
  0x00,0x00,0x00,0x00,0x00,0x00,0x00,0x00,0x00,0x00,0x00,0x00,
  0x00,0x00,0x00,0x00,0x00,0x00,0x00,0x00,0x00,0x00,0x00,0x00,
  0x00,0x00,0x00,0x00,0x00,0x00,0x00,0x00,0x00,0x00,0x00,0x00,
  0x00,0x00,0x00,0x00,0x00,0x00,0x00,0x00,0x00,0x00,0x00,0x00,
  0x00,0x00,0x00,0x00,0x00,0x00,0x00,0x00,0x00,0x00,0x00,0x00,
  0x00,0x00,0x00,0x00,0x00,0x00,0x00,0x00,0x1A,0x24,0x72,0xAD,
  0x0D,0x18,0x72,0xF8,0x0A,0x0D,0x61,0xF4,0x20,0x58,0xAD,0xFD,
  0x2D,0x9A,0xE7,0xFF,0x29,0x8E,0xE0,0xFE,0x25,0x9C,0xF4,0xFF,
  0x2B,0xAB,0xFD,0xFF,0x52,0xD8,0xFD,0xFF,0x50,0xD8,0xFD,0xFF,
  0x4F,0xD7,0xFD,0xFF,0x4F,0xD7,0xFD,0xFF,0x4F,0xD7,0xFD,0xFF,
  0x4F,0xD6,0xFD,0xFF,0x4F,0xD6,0xFD,0xFF,0x41,0xC6,0xFD,0xFF,
  0x2F,0xAC,0xFE,0xFF,0x21,0x98,0xFE,0xFF,0x21,0x96,0xFD,0xFF,
  0x20,0x93,0xFD,0xFF,0x20,0x95,0xFD,0xFF,0x3B,0xC2,0xFE,0xFF,
  0x40,0xC8,0xFE,0xFF,0x3E,0xC6,0xFE,0xFF,0x3B,0xC3,0xFE,0xFF,
  0x34,0xBF,0xFE,0xFF,0x3E,0xC4,0xFD,0xFF,0x77,0xE9,0xFE,0xFF,
  0x7B,0xEC,0xFE,0xFF,0x7F,0xF4,0xFF,0xFF,0x7A,0xEE,0xFF,0xFF,
  0x26,0x56,0xBD,0xFF,0x17,0x33,0xB0,0xFF,0x1C,0x3C,0xB4,0xFD,
  0x0A,0x1A,0x7B,0xFF,0x10,0x19,0x67,0xD9,0xFF,0xFF,0xFF,0x04,
  0x00,0x00,0x7F,0x02,0x00,0x00,0x00,0x01,0x00,0x00,0x00,0x00,
  0x00,0x00,0x00,0x00,0x00,0x00,0x00,0x00,0x00,0x00,0x00,0x00,
  0x00,0x00,0x00,0x00,0x00,0x00,0x00,0x00,0x00,0x00,0x00,0x00,
  0x00,0x00,0x00,0x00,0x00,0x00,0x00,0x00,0x00,0x00,0x00,0x00,
  0x00,0x00,0x00,0x00,0x00,0x00,0x00,0x00,0x00,0x00,0x00,0x00,
  0x00,0x00,0x00,0x00,0x00,0x00,0x00,0x00,0x00,0x00,0x00,0x00,
  0x00,0x00,0x00,0x00,0x00,0x00,0x00,0x00,0x00,0x00,0x00,0x00,
  0x00,0x00,0x00,0x00,0x00,0x00,0x00,0x00,0x00,0x00,0x00,0x00,
  0x00,0x00,0x00,0x00,0x00,0x00,0x00,0x00,0x00,0x00,0x00,0x00,
  0x00,0x00,0x00,0x00,0x00,0x00,0x00,0x00,0x00,0x00,0x00,0x00,
  0x00,0x00,0x00,0x00,0x00,0x00,0x00,0x00,0x00,0x00,0x00,0x00,
  0x00,0x00,0x00,0x00,0x00,0x00,0x00,0x00,0x00,0x00,0x00,0x00,
  0x00,0x00,0x00,0x00,0x00,0x00,0x00,0x00,0x00,0x00,0x00,0x00,
  0x00,0x00,0x00,0x00,0x00,0x00,0x00,0x00,0x00,0x00,0x00,0x00,
  0x00,0x00,0x00,0x00,0x00,0x00,0x00,0x00,0x00,0x00,0x00,0x00,
  0x00,0x00,0x00,0x00,0x00,0x00,0x00,0x00,0x00,0x00,0x00,0x00,
  0x00,0x00,0x00,0x00,0x00,0x00,0x00,0x00,0x00,0x00,0x00,0x00,
  0x00,0x00,0x00,0x00,0x00,0x00,0x00,0x00,0x00,0x00,0x00,0x00,
  0x00,0x00,0x00,0x00,0x00,0x00,0x00,0x00,0x00,0x00,0x00,0x00,
  0x00,0x00,0x00,0x00,0x00,0x00,0x00,0x00,0x00,0x00,0x00,0x00,
  0x00,0x00,0x00,0x00,0x00,0x00,0x00,0x00,0x00,0x00,0x00,0x00,
  0xAA,0xAA,0xAA,0x06,0x89,0x75,0x75,0x0D,0x86,0xA3,0xC0,0x35,
  0x26,0x3E,0x8D,0xF1,0x29,0x50,0x9D,0xFF,0x67,0xDE,0xF9,0xFE,
  0x64,0xE5,0xFF,0xFF,0x5F,0xDF,0xFD,0xFF,0x51,0xD4,0xFD,0xFF,
  0x53,0xD7,0xFE,0xFF,0x37,0xB7,0xFD,0xFF,0x24,0x94,0xFB,0xFF,
  0x19,0x81,0xFC,0xFF,0x19,0x82,0xFC,0xFF,0x19,0x83,0xFC,0xFF,
  0x25,0x94,0xFB,0xFF,0x61,0xD4,0xFD,0xFF,0x81,0xF2,0xFF,0xFF,
  0x74,0xE6,0xFE,0xFF,0x4D,0xC5,0xFC,0xFF,0x2B,0xAA,0xFE,0xFF,
  0x2E,0xAD,0xFE,0xFF,0x2C,0xAA,0xFE,0xFF,0x2C,0xA9,0xFE,0xFF,
  0x2B,0xA8,0xFE,0xFF,0x2A,0xA7,0xFE,0xFF,0x2A,0xA8,0xFE,0xFF,
  0x2A,0xA6,0xFD,0xFF,0x16,0x42,0xBB,0xFF,0x14,0x2C,0xAC,0xFF,
  0x1A,0x3B,0xB4,0xFF,0x1A,0x38,0xB0,0xFF,0x14,0x2C,0x9B,0xFF,
  0x16,0x29,0x87,0xF4,0x28,0x33,0x7A,0xDC,0x39,0x46,0x81,0x78,
  0x00,0x00,0x00,0x00,0x00,0x00,0x55,0x03,0x00,0x00,0x00,0x00,
  0x00,0x00,0x00,0x00,0x00,0x00,0x00,0x00,0x00,0x00,0x00,0x00,
  0x00,0x00,0x00,0x00,0x00,0x00,0x00,0x00,0x00,0x00,0x00,0x00,
  0x00,0x00,0x00,0x00,0x00,0x00,0x00,0x00,0x00,0x00,0x00,0x00,
  0x00,0x00,0x00,0x00,0x00,0x00,0x00,0x00,0x00,0x00,0x00,0x00,
  0x00,0x00,0x00,0x00,0x00,0x00,0x00,0x00,0x00,0x00,0x00,0x00,
  0x00,0x00,0x00,0x00,0x00,0x00,0x00,0x00,0x00,0x00,0x00,0x00,
  0x00,0x00,0x00,0x00,0x00,0x00,0x00,0x00,0x00,0x00,0x00,0x01,
  0x00,0x00,0x7F,0x02,0x00,0x00,0x7F,0x02,0x00,0x00,0xFF,0x01,
  0x5E,0x67,0x97,0x1B,0x47,0x58,0x8E,0x2B,0x6E,0x75,0x97,0x25,
  0x17,0x27,0x7F,0xCA,0x0B,0x1C,0x82,0xFF,0x0B,0x15,0x75,0xFD,
  0x3E,0xA4,0xDF,0xFF,0x51,0xE4,0xFF,0xFF,0x50,0xD5,0xFC,0xFF,
  0x51,0xD7,0xFE,0xFF,0x50,0xD8,0xFE,0xFF,0x50,0xD8,0xFE,0xFF,
  0x4F,0xD7,0xFD,0xFF,0x4F,0xD6,0xFD,0xFF,0x51,0xDA,0xFD,0xFF,
  0x2F,0xAE,0xFE,0xFF,0x1D,0x93,0xFE,0xFF,0x22,0x99,0xFE,0xFF,
  0x20,0x94,0xFE,0xFF,0x22,0x96,0xFD,0xFF,0x2F,0xAE,0xFD,0xFF,
  0x3D,0xC4,0xFE,0xFF,0x40,0xC7,0xFE,0xFF,0x3E,0xC5,0xFE,0xFF,
  0x3D,0xC6,0xFE,0xFF,0x3D,0xC6,0xFE,0xFF,0x3F,0xC6,0xFE,0xFF,
  0x46,0xC9,0xFE,0xFF,0x4F,0xD0,0xFD,0xFF,0x58,0xB6,0xE4,0xFF,
  0x4F,0xA3,0xDB,0xFF,0x20,0x49,0xB8,0xFF,0x19,0x37,0xB3,0xFF,
  0x1D,0x3E,0xB8,0xFD,0x09,0x19,0x7C,0xFF,0x0E,0x15,0x65,0xD4,
  0x02,0x02,0x00,0x00,0x00,0x00,0x00,0x01,0x00,0x00,0x00,0x00,
  0x00,0x00,0x00,0x00,0x00,0x00,0x00,0x00,0x00,0x00,0x00,0x00,
  0x00,0x00,0x00,0x00,0x00,0x00,0x00,0x00,0x00,0x00,0x00,0x00,
  0x00,0x00,0x00,0x00,0x00,0x00,0x00,0x00,0x00,0x00,0x00,0x00,
  0x00,0x00,0x00,0x00,0x00,0x00,0x00,0x00,0x00,0x00,0x00,0x00,
  0x00,0x00,0x00,0x00,0x00,0x00,0x00,0x00,0x00,0x00,0x00,0x00,
  0x00,0x00,0x00,0x00,0x00,0x00,0x00,0x00,0x00,0x00,0x00,0x00,
  0x00,0x00,0x00,0x00,0x00,0x00,0x00,0x00,0x00,0x00,0x00,0x00,
  0x00,0x00,0x00,0x00,0x00,0x00,0x00,0x00,0x00,0x00,0x00,0x00,
  0x00,0x00,0x00,0x00,0x00,0x00,0x00,0x00,0x00,0x00,0x00,0x00,
  0x00,0x00,0x00,0x00,0x00,0x00,0x00,0x00,0x00,0x00,0x00,0x00,
  0x00,0x00,0x00,0x00,0x00,0x00,0x00,0x00,0x00,0x00,0x00,0x00,
  0x00,0x00,0x00,0x00,0x00,0x00,0x00,0x00,0x00,0x00,0x00,0x00,
  0x00,0x00,0x00,0x00,0x00,0x00,0x00,0x00,0x00,0x00,0x00,0x00,
  0x00,0x00,0x00,0x00,0x00,0x00,0x00,0x00,0x00,0x00,0x00,0x00,
  0x00,0x00,0x00,0x00,0x00,0x00,0x00,0x00,0x00,0x00,0x00,0x00,
  0x00,0x00,0x00,0x00,0x00,0x00,0x00,0x00,0x00,0x00,0x00,0x00,
  0x00,0x00,0x00,0x00,0x00,0x00,0x00,0x00,0x00,0x00,0x00,0x00,
  0x00,0x00,0x00,0x00,0x00,0x00,0x00,0x00,0x00,0x00,0x00,0x00,
  0x00,0x00,0x00,0x00,0x00,0x00,0x00,0x00,0x00,0x00,0x00,0x00,
  0x00,0x00,0x00,0x00,0x00,0x00,0x00,0x00,0x00,0x00,0x55,0x03,
  0x00,0x00,0x00,0x00,0x34,0x42,0x85,0x58,0x0D,0x14,0x71,0xDD,
  0x37,0x61,0xA2,0xED,0x77,0xEB,0xFD,0xFF,0x6C,0xE0,0xF9,0xFF,
  0x67,0xE4,0xFE,0xFF,0x66,0xE5,0xFE,0xFF,0x58,0xD9,0xFE,0xFF,
  0x33,0xBC,0xFE,0xFF,0x33,0xBD,0xFE,0xFF,0x3A,0xC6,0xFD,0xFF,
  0x34,0xB4,0xFC,0xFF,0x24,0x99,0xFD,0xFF,0x24,0x97,0xFD,0xFF,
  0x1E,0x85,0xFC,0xFF,0x13,0x7A,0xFC,0xFF,0x41,0xB1,0xFD,0xFF,
  0x80,0xF2,0xFD,0xFF,0x55,0xCB,0xFE,0xFF,0x25,0xA5,0xFE,0xFF,
  0x2E,0xAF,0xFE,0xFF,0x2D,0xAD,0xFE,0xFF,0x2D,0xAC,0xFE,0xFF,
  0x2C,0xAB,0xFE,0xFF,0x2C,0xAA,0xFE,0xFF,0x2B,0xA8,0xFE,0xFF,
  0x2A,0xA8,0xFE,0xFF,0x2A,0xA5,0xFC,0xFF,0x1D,0x4F,0xBF,0xFF,
  0x1A,0x37,0xB1,0xFF,0x1A,0x3C,0xB6,0xFF,0x19,0x36,0xAD,0xFC,
  0x05,0x11,0x66,0xFF,0x13,0x1D,0x60,0xC8,0xFF,0xFF,0xFF,0x09,
  0xFF,0xFF,0xFF,0x04,0x00,0x00,0x00,0x01,0x00,0x00,0x00,0x00,
  0x00,0x00,0x00,0x00,0x00,0x00,0x00,0x00,0x00,0x00,0x00,0x00,
  0x00,0x00,0x00,0x00,0x00,0x00,0x00,0x00,0x00,0x00,0x00,0x00,
  0x00,0x00,0x00,0x00,0x00,0x00,0x00,0x00,0x00,0x00,0x00,0x00,
  0x00,0x00,0x00,0x00,0x00,0x00,0x00,0x00,0x00,0x00,0x00,0x00,
  0x00,0x00,0x00,0x00,0x00,0x00,0x00,0x00,0x00,0x00,0x00,0x00,
  0x00,0x00,0x00,0x00,0x00,0x00,0x00,0x00,0x00,0x00,0x00,0x00,
  0x00,0x00,0x00,0x00,0x00,0x00,0x00,0x00,0x00,0x00,0x00,0x00,
  0x00,0x00,0x00,0x00,0x00,0x00,0x00,0x00,0x00,0x00,0x00,0x00,
  0x00,0x00,0x00,0x00,0x00,0x00,0x00,0x00,0x00,0x00,0x00,0x00,
  0x00,0x00,0x00,0x00,0x20,0x2C,0x78,0xBC,0x14,0x23,0x7B,0xFE,
  0x13,0x1F,0x73,0xFB,0x2F,0x62,0xA5,0xFE,0x3E,0x8C,0xC4,0xFD,
  0x53,0xD9,0xFF,0xFF,0x52,0xDC,0xFF,0xFF,0x51,0xD7,0xFE,0xFF,
  0x51,0xD8,0xFE,0xFF,0x4F,0xD7,0xFD,0xFF,0x4E,0xD6,0xFD,0xFF,
  0x50,0xD9,0xFD,0xFF,0x31,0xB0,0xFE,0xFF,0x1E,0x94,0xFE,0xFF,
  0x22,0x99,0xFE,0xFF,0x21,0x97,0xFE,0xFF,0x26,0x9B,0xFD,0xFF,
  0x3F,0xC7,0xFE,0xFF,0x3F,0xC6,0xFE,0xFF,0x3D,0xC5,0xFE,0xFF,
  0x3E,0xC6,0xFE,0xFF,0x3F,0xC6,0xFE,0xFF,0x3F,0xC6,0xFE,0xFF,
  0x3F,0xC5,0xFE,0xFF,0x3E,0xC5,0xFF,0xFF,0x3D,0xC5,0xFC,0xFF,
  0x1C,0x4B,0xB9,0xFF,0x12,0x2A,0xAB,0xFF,0x19,0x3A,0xB5,0xFF,
  0x19,0x37,0xAB,0xFF,0x1A,0x36,0xA4,0xFD,0x11,0x1E,0x79,0xFE,
  0x18,0x1F,0x6A,0xD2,0x01,0x01,0x00,0x00,0x00,0x00,0x00,0x01,
  0x00,0x00,0x00,0x00,0x00,0x00,0x00,0x00,0x00,0x00,0x00,0x00,
  0x00,0x00,0x00,0x00,0x00,0x00,0x00,0x00,0x00,0x00,0x00,0x00,
  0x00,0x00,0x00,0x00,0x00,0x00,0x00,0x00,0x00,0x00,0x00,0x00,
  0x00,0x00,0x00,0x00,0x00,0x00,0x00,0x00,0x00,0x00,0x00,0x00,
  0x00,0x00,0x00,0x00,0x00,0x00,0x00,0x00,0x00,0x00,0x00,0x00,
  0x00,0x00,0x00,0x00,0x00,0x00,0x00,0x00,0x00,0x00,0x00,0x00,
  0x00,0x00,0x00,0x00,0x00,0x00,0x00,0x00,0x00,0x00,0x00,0x00,
  0x00,0x00,0x00,0x00,0x00,0x00,0x00,0x00,0x00,0x00,0x00,0x00,
  0x00,0x00,0x00,0x00,0x00,0x00,0x00,0x00,0x00,0x00,0x00,0x00,
  0x00,0x00,0x00,0x00,0x00,0x00,0x00,0x00,0x00,0x00,0x00,0x00,
  0x00,0x00,0x00,0x00,0x00,0x00,0x00,0x00,0x00,0x00,0x00,0x00,
  0x00,0x00,0x00,0x00,0x00,0x00,0x00,0x00,0x00,0x00,0x00,0x00,
  0x00,0x00,0x00,0x00,0x00,0x00,0x00,0x00,0x00,0x00,0x00,0x00,
  0x00,0x00,0x00,0x00,0x00,0x00,0x00,0x00,0x00,0x00,0x00,0x00,
  0x00,0x00,0x00,0x00,0x00,0x00,0x00,0x00,0x00,0x00,0x00,0x00,
  0x00,0x00,0x00,0x00,0x00,0x00,0x00,0x00,0x00,0x00,0x00,0x00,
  0x00,0x00,0x00,0x00,0x00,0x00,0x00,0x00,0x00,0x00,0x00,0x00,
  0x00,0x00,0x00,0x00,0x00,0x00,0x00,0x00,0x00,0x00,0x00,0x00,
  0x00,0x00,0x00,0x00,0x00,0x00,0x00,0x00,0x00,0x00,0x00,0x00,
  0x00,0x00,0x00,0x00,0x00,0x00,0x00,0x00,0x00,0x00,0x00,0x00,
  0x00,0x00,0x7F,0x04,0x00,0x00,0x55,0x03,0x2D,0x3C,0x81,0x6A,
  0x05,0x11,0x7B,0xFF,0x29,0x56,0xA1,0xFF,0x71,0xEF,0xFF,0xFF,
  0x66,0xE4,0xFE,0xFF,0x67,0xE4,0xFE,0xFF,0x69,0xE6,0xFE,0xFF,
  0x58,0xDA,0xFE,0xFF,0x34,0xBF,0xFE,0xFF,0x36,0xC0,0xFE,0xFF,
  0x36,0xBF,0xFE,0xFF,0x38,0xC0,0xFE,0xFF,0x3A,0xC4,0xFE,0xFF,
  0x33,0xB3,0xFD,0xFF,0x1B,0x81,0xFC,0xFF,0x19,0x83,0xFC,0xFF,
  0x1F,0x8E,0xFC,0xFF,0x26,0x96,0xFD,0xFF,0x26,0x94,0xFD,0xFF,
  0x26,0x9F,0xFD,0xFF,0x2C,0xAE,0xFE,0xFF,0x2E,0xAE,0xFE,0xFF,
  0x2E,0xAE,0xFE,0xFF,0x2D,0xAC,0xFE,0xFF,0x2C,0xAA,0xFE,0xFF,
  0x2C,0xAA,0xFE,0xFF,0x2C,0xA9,0xFE,0xFF,0x2B,0xA5,0xFB,0xFF,
  0x1C,0x4D,0xBF,0xFF,0x19,0x35,0xB0,0xFF,0x1B,0x3D,0xB7,0xFF,
  0x19,0x37,0xAF,0xFC,0x07,0x14,0x6B,0xFF,0x11,0x1B,0x62,0xC9,
  0x03,0x02,0x01,0x00,0x00,0x00,0x00,0x00,0x00,0x00,0x00,0x01,
  0x00,0x00,0x00,0x00,0x00,0x00,0x00,0x00,0x00,0x00,0x00,0x00,
  0x00,0x00,0x00,0x00,0x00,0x00,0x00,0x00,0x00,0x00,0x00,0x00,
  0x00,0x00,0x00,0x00,0x00,0x00,0x00,0x00,0x00,0x00,0x00,0x00,
  0x00,0x00,0x00,0x00,0x00,0x00,0x00,0x00,0x00,0x00,0x00,0x00,
  0x00,0x00,0x00,0x00,0x00,0x00,0x00,0x00,0x00,0x00,0x00,0x00,
  0x00,0x00,0x00,0x00,0x00,0x00,0x00,0x00,0x00,0x00,0x00,0x00,
  0x00,0x00,0x00,0x00,0x00,0x00,0x00,0x00,0x00,0x00,0x00,0x00,
  0x00,0x00,0x00,0x00,0x00,0x00,0x00,0x00,0x00,0x00,0x00,0x00,
  0x00,0x00,0x00,0x00,0x00,0x00,0x00,0x00,0x00,0x00,0xFF,0x01,
  0x00,0x7F,0x7F,0x02,0x00,0x00,0x7F,0x02,0x3D,0x47,0x7A,0x19,
  0x36,0x45,0x7B,0x21,0x4A,0x5A,0x83,0x1F,0x0E,0x13,0x6A,0xD9,
  0x11,0x1C,0x78,0xFF,0x4A,0xB3,0xE4,0xFA,0x50,0xCC,0xF5,0xFF,
  0x51,0xD9,0xFE,0xFF,0x50,0xD7,0xFD,0xFF,0x50,0xD7,0xFD,0xFF,
  0x4F,0xD6,0xFD,0xFF,0x53,0xDB,0xFE,0xFF,0x32,0xB1,0xFE,0xFF,
  0x1F,0x96,0xFE,0xFF,0x20,0x96,0xFE,0xFF,0x26,0xA1,0xFE,0xFF,
  0x3C,0xC5,0xFE,0xFF,0x3E,0xC6,0xFE,0xFF,0x3F,0xC6,0xFE,0xFF,
  0x3E,0xC7,0xFE,0xFF,0x3F,0xC7,0xFE,0xFF,0x3E,0xC7,0xFE,0xFF,
  0x3F,0xC8,0xFE,0xFF,0x40,0xC6,0xFE,0xFF,0x40,0xC5,0xFF,0xFF,
  0x3F,0xC3,0xFB,0xFF,0x21,0x53,0xBE,0xFF,0x19,0x35,0xB0,0xFF,
  0x1C,0x3E,0xBA,0xFF,0x0F,0x22,0x83,0xFE,0x09,0x11,0x5B,0xFB,
  0x1F,0x25,0x6A,0x4A,0x38,0x38,0x7A,0x1B,0x00,0x00,0x7F,0x02,
  0x00,0x00,0x00,0x00,0x00,0x00,0x00,0x00,0x00,0x00,0x00,0x00,
  0x00,0x00,0x00,0x00,0x00,0x00,0x00,0x00,0x00,0x00,0x00,0x00,
  0x00,0x00,0x00,0x00,0x00,0x00,0x00,0x00,0x00,0x00,0x00,0x00,
  0x00,0x00,0x00,0x00,0x00,0x00,0x00,0x00,0x00,0x00,0x00,0x00,
  0x00,0x00,0x00,0x00,0x00,0x00,0x00,0x00,0x00,0x00,0x00,0x00,
  0x00,0x00,0x00,0x00,0x00,0x00,0x00,0x00,0x00,0x00,0x00,0x00,
  0x00,0x00,0x00,0x00,0x00,0x00,0x00,0x00,0x00,0x00,0x00,0x00,
  0x00,0x00,0x00,0x00,0x00,0x00,0x00,0x00,0x00,0x00,0x00,0x00,
  0x00,0x00,0x00,0x00,0x00,0x00,0x00,0x00,0x00,0x00,0x00,0x00,
  0x00,0x00,0x00,0x00,0x00,0x00,0x00,0x00,0x00,0x00,0x00,0x00,
  0x00,0x00,0x00,0x00,0x00,0x00,0x00,0x00,0x00,0x00,0x00,0x00,
  0x00,0x00,0x00,0x00,0x00,0x00,0x00,0x00,0x00,0x00,0x00,0x00,
  0x00,0x00,0x00,0x00,0x00,0x00,0x00,0x00,0x00,0x00,0x00,0x00,
  0x00,0x00,0x00,0x00,0x00,0x00,0x00,0x00,0x00,0x00,0x00,0x00,
  0x00,0x00,0x00,0x00,0x00,0x00,0x00,0x00,0x00,0x00,0x00,0x00,
  0x00,0x00,0x00,0x00,0x00,0x00,0x00,0x00,0x00,0x00,0x00,0x00,
  0x00,0x00,0x00,0x00,0x00,0x00,0x00,0x00,0x00,0x00,0x00,0x00,
  0x00,0x00,0x00,0x00,0x00,0x00,0x00,0x00,0x00,0x00,0x00,0x00,
  0x00,0x00,0x00,0x00,0x00,0x00,0x00,0x00,0x00,0x00,0x00,0x00,
  0x00,0x00,0x00,0x00,0x00,0x00,0x00,0x00,0x00,0x00,0x00,0x00,
  0x00,0x00,0x00,0x00,0x00,0x00,0x00,0x00,0x00,0x00,0x00,0x00,
  0x31,0x36,0x7E,0x5D,0x03,0x08,0x70,0xFD,0x27,0x4E,0x9A,0xFB,
  0x6E,0xEA,0xFF,0xFF,0x67,0xE3,0xFD,0xFF,0x67,0xE4,0xFE,0xFF,
  0x6C,0xE8,0xFE,0xFF,0x58,0xDB,0xFE,0xFF,0x33,0xBE,0xFE,0xFF,
  0x36,0xC0,0xFE,0xFF,0x36,0xC0,0xFE,0xFF,0x36,0xBE,0xFE,0xFF,
  0x36,0xBD,0xFE,0xFF,0x33,0xB9,0xFE,0xFF,0x35,0xB1,0xFB,0xFF,
  0x5D,0xCE,0xFC,0xFF,0x66,0xD6,0xFD,0xFF,0x3E,0xAE,0xFB,0xFF,
  0x17,0x86,0xFD,0xFF,0x1E,0x8B,0xFD,0xFF,0x28,0xA2,0xFD,0xFF,
  0x32,0xB8,0xFE,0xFF,0x2F,0xB1,0xFE,0xFF,0x2D,0xAD,0xFE,0xFF,
  0x2D,0xAC,0xFE,0xFF,0x2C,0xAA,0xFE,0xFF,0x2C,0xAB,0xFE,0xFF,
  0x2C,0xAD,0xFF,0xFF,0x1C,0x4E,0xBF,0xFF,0x18,0x34,0xAF,0xFF,
  0x1A,0x3C,0xB6,0xFF,0x1A,0x38,0xAE,0xFC,0x08,0x14,0x69,0xFD,
  0x12,0x1C,0x65,0xC6,0xFF,0xFF,0xFF,0x02,0x00,0x00,0x00,0x00,
  0x00,0x00,0x00,0x01,0x00,0x00,0x00,0x00,0x00,0x00,0x00,0x00,
  0x00,0x00,0x00,0x00,0x00,0x00,0x00,0x00,0x00,0x00,0x00,0x00,
  0x00,0x00,0x00,0x00,0x00,0x00,0x00,0x00,0x00,0x00,0x00,0x00,
  0x00,0x00,0x00,0x00,0x00,0x00,0x00,0x00,0x00,0x00,0x00,0x00,
  0x00,0x00,0x00,0x00,0x00,0x00,0x00,0x00,0x00,0x00,0x00,0x00,
  0x00,0x00,0x00,0x00,0x00,0x00,0x00,0x00,0x00,0x00,0x00,0x00,
  0x00,0x00,0x00,0x00,0x00,0x00,0x00,0x00,0x00,0x00,0x00,0x00,
  0x00,0x00,0x00,0x00,0x00,0x00,0x00,0x00,0x00,0x00,0x00,0x00,
  0x00,0x00,0x00,0x00,0x00,0x00,0x00,0x00,0x00,0x00,0x00,0x00,
  0x00,0x00,0x00,0x00,0x00,0x00,0x00,0x00,0x00,0x00,0x00,0x00,
  0x00,0x00,0x00,0x00,0x00,0x00,0x00,0x00,0x00,0x00,0x00,0x00,
  0x27,0x35,0x7A,0x47,0x34,0x41,0x80,0x93,0x13,0x16,0x67,0xFF,
  0x39,0x77,0xB1,0xFE,0x5B,0xE9,0xFF,0xFD,0x54,0xD8,0xFD,0xFD,
  0x4F,0xD5,0xFC,0xFF,0x4D,0xD3,0xFB,0xFF,0x51,0xD8,0xFB,0xFF,
  0x30,0xAD,0xFC,0xFF,0x1D,0x92,0xFE,0xFF,0x23,0x99,0xFD,0xFF,
  0x38,0xB8,0xFD,0xFF,0x41,0xC9,0xFE,0xFF,0x40,0xC6,0xFE,0xFF,
  0x40,0xC6,0xFE,0xFF,0x3E,0xC6,0xFE,0xFF,0x3F,0xC8,0xFE,0xFF,
  0x3F,0xC7,0xFE,0xFF,0x3F,0xC8,0xFE,0xFF,0x3F,0xC6,0xFE,0xFF,
  0x42,0xCB,0xFF,0xFF,0x44,0xCF,0xFF,0xFF,0x21,0x54,0xBF,0xFF,
  0x19,0x35,0xB1,0xFF,0x1E,0x43,0xC1,0xFE,0x0F,0x23,0x87,0xFF,
  0x06,0x0E,0x5A,0xFF,0x11,0x17,0x5E,0x2B,0x00,0x00,0x00,0x00,
  0x00,0x00,0x7F,0x02,0x00,0x00,0x00,0x00,0x00,0x00,0x00,0x00,
  0x00,0x00,0x00,0x00,0x00,0x00,0x00,0x00,0x00,0x00,0x00,0x00,
  0x00,0x00,0x00,0x00,0x00,0x00,0x00,0x00,0x00,0x00,0x00,0x00,
  0x00,0x00,0x00,0x00,0x00,0x00,0x00,0x00,0x00,0x00,0x00,0x00,
  0x00,0x00,0x00,0x00,0x00,0x00,0x00,0x00,0x00,0x00,0x00,0x00,
  0x00,0x00,0x00,0x00,0x00,0x00,0x00,0x00,0x00,0x00,0x00,0x00,
  0x00,0x00,0x00,0x00,0x00,0x00,0x00,0x00,0x00,0x00,0x00,0x00,
  0x00,0x00,0x00,0x00,0x00,0x00,0x00,0x00,0x00,0x00,0x00,0x00,
  0x00,0x00,0x00,0x00,0x00,0x00,0x00,0x00,0x00,0x00,0x00,0x00,
  0x00,0x00,0x00,0x00,0x00,0x00,0x00,0x00,0x00,0x00,0x00,0x00,
  0x00,0x00,0x00,0x00,0x00,0x00,0x00,0x00,0x00,0x00,0x00,0x00,
  0x00,0x00,0x00,0x00,0x00,0x00,0x00,0x00,0x00,0x00,0x00,0x00,
  0x00,0x00,0x00,0x00,0x00,0x00,0x00,0x00,0x00,0x00,0x00,0x00,
  0x00,0x00,0x00,0x00,0x00,0x00,0x00,0x00,0x00,0x00,0x00,0x00,
  0x00,0x00,0x00,0x00,0x00,0x00,0x00,0x00,0x00,0x00,0x00,0x00,
  0x00,0x00,0x00,0x00,0x00,0x00,0x00,0x00,0x00,0x00,0x00,0x00,
  0x00,0x00,0x00,0x00,0x00,0x00,0x00,0x00,0x00,0x00,0x00,0x00,
  0x00,0x00,0x00,0x00,0x00,0x00,0x00,0x00,0x00,0x00,0x00,0x00,
  0x00,0x00,0x00,0x00,0x00,0x00,0x00,0x00,0x00,0x00,0x00,0x00,
  0x00,0x00,0x00,0x00,0x00,0x00,0x00,0x00,0x00,0x00,0x00,0x00,
  0x00,0x7F,0x7F,0x02,0x00,0x00,0x00,0x00,0x2D,0x3D,0x77,0x3E,
  0x1B,0x22,0x72,0x93,0x41,0x71,0xAD,0xC4,0x54,0xAF,0xDB,0xFF,
  0x5A,0xBA,0xE0,0xFE,0x69,0xE7,0xFF,0xFF,0x68,0xE5,0xFE,0xFF,
  0x65,0xE3,0xFE,0xFF,0x63,0xE2,0xFE,0xFF,0x52,0xD6,0xFE,0xFF,
  0x34,0xBE,0xFE,0xFF,0x35,0xBE,0xFE,0xFF,0x34,0xBE,0xFE,0xFF,
  0x34,0xBE,0xFE,0xFF,0x35,0xBC,0xFE,0xFF,0x3C,0xC0,0xFE,0xFF,
  0x66,0xDD,0xFD,0xFF,0x7C,0xED,0xFE,0xFF,0x86,0xF7,0xFE,0xFF,
  0x57,0xCC,0xFC,0xFF,0x1F,0x93,0xFC,0xFF,0x1B,0x84,0xFC,0xFF,
  0x1E,0x8C,0xFD,0xFF,0x23,0x97,0xFD,0xFF,0x2A,0xA6,0xFD,0xFF,
  0x2E,0xB0,0xFE,0xFF,0x2D,0xAD,0xFE,0xFF,0x2B,0xA9,0xFE,0xFF,
  0x2C,0xA7,0xFD,0xFF,0x2A,0x96,0xF1,0xFF,0x1B,0x49,0xBC,0xFF,
  0x19,0x34,0xAE,0xFF,0x1C,0x3E,0xBB,0xFF,0x1B,0x3B,0xB4,0xFC,
  0x06,0x13,0x6D,0xFF,0x13,0x1E,0x66,0xCE,0x06,0x06,0x03,0x00,
  0x00,0x00,0x00,0x00,0x00,0x00,0x00,0x01,0x00,0x00,0x00,0x00,
  0x00,0x00,0x00,0x00,0x00,0x00,0x00,0x00,0x00,0x00,0x00,0x00,
  0x00,0x00,0x00,0x00,0x00,0x00,0x00,0x00,0x00,0x00,0x00,0x00,
  0x00,0x00,0x00,0x00,0x00,0x00,0x00,0x00,0x00,0x00,0x00,0x00,
  0x00,0x00,0x00,0x00,0x00,0x00,0x00,0x00,0x00,0x00,0x00,0x00,
  0x00,0x00,0x00,0x00,0x00,0x00,0x00,0x00,0x00,0x00,0x00,0x00,
  0x00,0x00,0x00,0x00,0x00,0x00,0x00,0x00,0x00,0x00,0x00,0x00,
  0x00,0x00,0x00,0x00,0x00,0x00,0x00,0x00,0x00,0x00,0x00,0x00,
  0x00,0x00,0x00,0x00,0x00,0x00,0x00,0x00,0x00,0x00,0x00,0x00,
  0x00,0x00,0x00,0x00,0x00,0x00,0x00,0x00,0x00,0x00,0x00,0x00,
  0x00,0x00,0x00,0x00,0x00,0x00,0xFF,0x01,0x00,0x00,0x7F,0x02,
  0x3F,0x3F,0x7F,0x04,0x00,0x00,0x00,0x00,0x62,0x73,0x9C,0x1F,
  0x25,0x2A,0x6D,0xD8,0x27,0x38,0x80,0xFE,0x20,0x4A,0x9D,0xFF,
  0x20,0x43,0x95,0xFF,0x4D,0xC5,0xEF,0xFF,0x57,0xEB,0xFF,0xFF,
  0x56,0xE4,0xFF,0xFF,0x41,0xCF,0xFF,0xFF,0x21,0x9B,0xFF,0xFF,
  0x21,0x93,0xFD,0xFF,0x40,0xC3,0xFD,0xFF,0x41,0xC7,0xFE,0xFF,
  0x40,0xC6,0xFE,0xFF,0x3E,0xC6,0xFE,0xFF,0x3E,0xC6,0xFE,0xFF,
  0x3F,0xC7,0xFE,0xFF,0x3F,0xC6,0xFE,0xFF,0x3D,0xC5,0xFE,0xFF,
  0x41,0xC9,0xFE,0xFF,0x3D,0xB6,0xF2,0xFF,0x38,0x9A,0xE1,0xFF,
  0x20,0x4E,0xBE,0xFF,0x17,0x33,0xAB,0xFE,0x17,0x31,0xA3,0xFE,
  0x13,0x22,0x7C,0xE4,0x0D,0x15,0x5A,0xCC,0x1F,0x26,0x6C,0x28,
  0x00,0x00,0xFF,0x01,0x00,0x00,0x7F,0x02,0x00,0x00,0x00,0x00,
  0x00,0x00,0x00,0x00,0x00,0x00,0x00,0x00,0x00,0x00,0x00,0x00,
  0x00,0x00,0x00,0x00,0x00,0x00,0x00,0x00,0x00,0x00,0x00,0x00,
  0x00,0x00,0x00,0x00,0x00,0x00,0x00,0x00,0x00,0x00,0x00,0x00,
  0x00,0x00,0x00,0x00,0x00,0x00,0x00,0x00,0x00,0x00,0x00,0x00,
  0x00,0x00,0x00,0x00,0x00,0x00,0x00,0x00,0x00,0x00,0x00,0x00,
  0x00,0x00,0x00,0x00,0x00,0x00,0x00,0x00,0x00,0x00,0x00,0x00,
  0x00,0x00,0x00,0x00,0x00,0x00,0x00,0x00,0x00,0x00,0x00,0x00,
  0x00,0x00,0x00,0x00,0x00,0x00,0x00,0x00,0x00,0x00,0x00,0x00,
  0x00,0x00,0x00,0x00,0x00,0x00,0x00,0x00,0x00,0x00,0x00,0x00,
  0x00,0x00,0x00,0x00,0x00,0x00,0x00,0x00,0x00,0x00,0x00,0x00,
  0x00,0x00,0x00,0x00,0x00,0x00,0x00,0x00,0x00,0x00,0x00,0x00,
  0x00,0x00,0x00,0x00,0x00,0x00,0x00,0x00,0x00,0x00,0x00,0x00,
  0x00,0x00,0x00,0x00,0x00,0x00,0x00,0x00,0x00,0x00,0x00,0x00,
  0x00,0x00,0x00,0x00,0x00,0x00,0x00,0x00,0x00,0x00,0x00,0x00,
  0x00,0x00,0x00,0x00,0x00,0x00,0x00,0x00,0x00,0x00,0x00,0x00,
  0x00,0x00,0x00,0x00,0x00,0x00,0x00,0x00,0x00,0x00,0x00,0x00,
  0x00,0x00,0x00,0x00,0x00,0x00,0x00,0x00,0x00,0x00,0x00,0x00,
  0x00,0x00,0x00,0x00,0x00,0x00,0x00,0x00,0x00,0x00,0x00,0x00,
  0x00,0x00,0x00,0x00,0x00,0x00,0x00,0x00,0x00,0x00,0x00,0x00,
  0x00,0x00,0x00,0x00,0x00,0x3F,0x7F,0x04,0x00,0x00,0x00,0x02,
  0x1F,0x2E,0x7B,0x78,0x0B,0x18,0x81,0xFF,0x2E,0x66,0xAD,0xFF,
  0x70,0xF8,0xFF,0xFF,0x6A,0xEB,0xFF,0xFF,0x67,0xE4,0xFE,0xFF,
  0x6A,0xE7,0xFE,0xFF,0x55,0xD8,0xFE,0xFF,0x39,0xC2,0xFD,0xFF,
  0x39,0xC2,0xFE,0xFF,0x35,0xBF,0xFE,0xFF,0x36,0xBE,0xFE,0xFF,
  0x36,0xBE,0xFE,0xFF,0x37,0xBE,0xFE,0xFF,0x32,0xB9,0xFE,0xFF,
  0x3F,0xC1,0xFE,0xFF,0x80,0xEF,0xFE,0xFF,0x7B,0xED,0xFE,0xFF,
  0x75,0xE8,0xFD,0xFF,0x58,0xD9,0xFE,0xFF,0x3A,0xBE,0xFD,0xFF,
  0x28,0x9B,0xFC,0xFF,0x20,0x8B,0xFC,0xFF,0x17,0x79,0xFC,0xFF,
  0x26,0x9D,0xFD,0xFF,0x2C,0xAB,0xFE,0xFF,0x2A,0xA8,0xFD,0xFF,
  0x2D,0xAE,0xFF,0xFF,0x29,0x99,0xF5,0xFF,0x19,0x3F,0xB6,0xFF,
  0x18,0x36,0xAE,0xFF,0x1A,0x39,0xB1,0xFF,0x17,0x31,0xA2,0xFF,
  0x16,0x2D,0x96,0xFB,0x0F,0x19,0x66,0xD9,0x1C,0x24,0x67,0xA0,
  0x05,0x05,0x03,0x00,0x00,0x00,0x00,0x00,0x00,0x00,0x00,0x01,
  0x00,0x00,0x00,0x00,0x00,0x00,0x00,0x00,0x00,0x00,0x00,0x00,
  0x00,0x00,0x00,0x00,0x00,0x00,0x00,0x00,0x00,0x00,0x00,0x00,
  0x00,0x00,0x00,0x00,0x00,0x00,0x00,0x00,0x00,0x00,0x00,0x00,
  0x00,0x00,0x00,0x00,0x00,0x00,0x00,0x00,0x00,0x00,0x00,0x00,
  0x00,0x00,0x00,0x00,0x00,0x00,0x00,0x00,0x00,0x00,0x00,0x00,
  0x00,0x00,0x00,0x00,0x00,0x00,0x00,0x00,0x00,0x00,0x00,0x00,
  0x00,0x00,0x00,0x00,0x00,0x00,0x00,0x00,0x00,0x00,0x00,0x00,
  0x00,0x00,0x00,0x00,0x00,0x00,0x00,0x00,0x00,0x00,0x00,0x00,
  0x00,0x00,0x00,0x00,0x00,0x00,0x00,0x00,0x00,0x00,0x00,0x00,
  0x00,0x00,0x00,0x00,0x00,0x00,0x00,0x00,0x00,0x00,0x00,0x00,
  0x00,0x00,0x00,0x00,0x00,0x00,0x00,0x00,0x00,0x00,0x55,0x03,
  0x00,0x00,0x7F,0x04,0xFF,0xFF,0xFF,0x09,0x21,0x28,0x74,0x90,
  0x0B,0x12,0x6D,0xD0,0x10,0x14,0x67,0xCC,0x36,0x77,0xB5,0xF5,
  0x3A,0x8E,0xC8,0xFC,0x39,0x88,0xC5,0xFB,0x37,0x87,0xC5,0xFC,
  0x39,0xAF,0xF0,0xFF,0x3B,0xBE,0xFC,0xFF,0x41,0xC6,0xFB,0xFF,
  0x41,0xC8,0xFE,0xFF,0x40,0xC6,0xFE,0xFF,0x3E,0xC6,0xFE,0xFF,
  0x3F,0xC5,0xFE,0xFF,0x3F,0xC5,0xFE,0xFF,0x3F,0xC5,0xFE,0xFF,
  0x3F,0xC3,0xFD,0xFF,0x43,0xCF,0xFF,0xFF,0x32,0x86,0xD8,0xFF,
  0x16,0x2D,0xAD,0xFF,0x1C,0x3E,0xB9,0xFF,0x15,0x2E,0xA0,0xFB,
  0x05,0x0F,0x69,0xFF,0x15,0x1A,0x64,0x6B,0xFF,0xFF,0xAA,0x03,
  0x33,0x33,0x66,0x05,0x00,0x00,0x00,0x00,0x00,0x00,0x00,0x00,
  0x00,0x00,0x00,0x00,0x00,0x00,0x00,0x00,0x00,0x00,0x00,0x00,
  0x00,0x00,0x00,0x00,0x00,0x00,0x00,0x00,0x00,0x00,0x00,0x00,
  0x00,0x00,0x00,0x00,0x00,0x00,0x00,0x00,0x00,0x00,0x00,0x00,
  0x00,0x00,0x00,0x00,0x00,0x00,0x00,0x00,0x00,0x00,0x00,0x00,
  0x00,0x00,0x00,0x00,0x00,0x00,0x00,0x00,0x00,0x00,0x00,0x00,
  0x00,0x00,0x00,0x00,0x00,0x00,0x00,0x00,0x00,0x00,0x00,0x00,
  0x00,0x00,0x00,0x00,0x00,0x00,0x00,0x00,0x00,0x00,0x00,0x00,
  0x00,0x00,0x00,0x00,0x00,0x00,0x00,0x00,0x00,0x00,0x00,0x00,
  0x00,0x00,0x00,0x00,0x00,0x00,0x00,0x00,0x00,0x00,0x00,0x00,
  0x00,0x00,0x00,0x00,0x00,0x00,0x00,0x00,0x00,0x00,0x00,0x00,
  0x00,0x00,0x00,0x00,0x00,0x00,0x00,0x00,0x00,0x00,0x00,0x00,
  0x00,0x00,0x00,0x00,0x00,0x00,0x00,0x00,0x00,0x00,0x00,0x00,
  0x00,0x00,0x00,0x00,0x00,0x00,0x00,0x00,0x00,0x00,0x00,0x00,
  0x00,0x00,0x00,0x00,0x00,0x00,0x00,0x00,0x00,0x00,0x00,0x00,
  0x00,0x00,0x00,0x00,0x00,0x00,0x00,0x00,0x00,0x00,0x00,0x00,
  0x00,0x00,0x00,0x00,0x00,0x00,0x00,0x00,0x00,0x00,0x00,0x00,
  0x00,0x00,0x00,0x00,0x00,0x00,0x00,0x00,0x00,0x00,0x00,0x00,
  0x00,0x00,0x00,0x00,0x00,0x00,0x00,0x00,0x00,0x00,0x00,0x00,
  0x00,0x00,0x00,0x00,0x00,0x00,0x00,0x00,0x00,0x00,0x00,0x00,
  0x00,0x00,0x00,0x00,0x00,0x00,0x00,0x00,0x55,0x55,0xAA,0x03,
  0x03,0x03,0x00,0x00,0x29,0x34,0x83,0x7A,0x05,0x07,0x73,0xFC,
  0x2D,0x5C,0xA3,0xF9,0x6F,0xEF,0xFE,0xFF,0x66,0xE0,0xFC,0xFF,
  0x69,0xE4,0xFD,0xFF,0x6F,0xE8,0xFD,0xFF,0x55,0xD6,0xFD,0xFF,
  0x36,0xBF,0xFD,0xFF,0x39,0xC0,0xFD,0xFF,0x37,0xBF,0xFE,0xFF,
  0x38,0xBF,0xFE,0xFF,0x37,0xBE,0xFE,0xFF,0x36,0xBD,0xFE,0xFF,
  0x37,0xBC,0xFE,0xFF,0x45,0xC6,0xFE,0xFF,0x7A,0xEC,0xFE,0xFF,
  0x81,0xF0,0xFE,0xFF,0x5A,0xD7,0xFE,0xFF,0x3B,0xC3,0xFE,0xFF,
  0x40,0xC6,0xFE,0xFF,0x42,0xCB,0xFE,0xFF,0x32,0xAE,0xFC,0xFF,
  0x22,0x92,0xFC,0xFF,0x1D,0x89,0xFB,0xFF,0x1A,0x83,0xFC,0xFF,
  0x22,0x95,0xFD,0xFF,0x2D,0xAF,0xFF,0xFF,0x29,0x9B,0xF5,0xFF,
  0x19,0x3B,0xB4,0xFF,0x1B,0x36,0xAE,0xFF,0x1C,0x3B,0xB2,0xFE,
  0x08,0x15,0x72,0xFF,0x0B,0x14,0x60,0xF8,0x58,0x64,0x88,0x2B,
  0x01,0x01,0x00,0x00,0x7F,0x7F,0x7F,0x02,0x00,0x00,0x00,0x00,
  0x00,0x00,0x00,0x00,0x00,0x00,0x00,0x00,0x00,0x00,0x00,0x00,
  0x00,0x00,0x00,0x00,0x00,0x00,0x00,0x00,0x00,0x00,0x00,0x00,
  0x00,0x00,0x00,0x00,0x00,0x00,0x00,0x00,0x00,0x00,0x00,0x00,
  0x00,0x00,0x00,0x00,0x00,0x00,0x00,0x00,0x00,0x00,0x00,0x00,
  0x00,0x00,0x00,0x00,0x00,0x00,0x00,0x00,0x00,0x00,0x00,0x00,
  0x00,0x00,0x00,0x00,0x00,0x00,0x00,0x00,0x00,0x00,0x00,0x00,
  0x00,0x00,0x00,0x00,0x00,0x00,0x00,0x00,0x00,0x00,0x00,0x00,
  0x00,0x00,0x00,0x00,0x00,0x00,0x00,0x00,0x00,0x00,0x00,0x00,
  0x00,0x00,0x00,0x00,0x00,0x00,0x00,0x00,0x00,0x00,0x00,0x00,
  0x00,0x00,0x00,0x00,0x00,0x00,0x00,0x00,0x00,0x00,0x00,0x00,
  0x00,0x00,0x00,0x00,0x00,0x00,0x00,0x00,0x00,0x00,0x00,0x00,
  0x00,0x00,0x00,0x00,0x00,0x00,0x00,0x00,0x00,0x00,0x00,0x00,
  0x00,0x00,0x00,0x00,0xFF,0xFF,0xFF,0x01,0xFF,0xFF,0xFF,0x04,
  0x0D,0x14,0x6D,0xDE,0x03,0x0A,0x73,0xFF,0x06,0x0D,0x70,0xFF,
  0x05,0x09,0x6D,0xFF,0x45,0xB1,0xE6,0xFF,0x50,0xE8,0xFF,0xFF,
  0x46,0xD1,0xFF,0xFF,0x42,0xC8,0xFD,0xFF,0x40,0xC6,0xFE,0xFF,
  0x3F,0xC5,0xFE,0xFF,0x3F,0xC5,0xFE,0xFF,0x3E,0xC6,0xFE,0xFF,
  0x3E,0xC5,0xFE,0xFF,0x40,0xC5,0xFD,0xFF,0x46,0xD3,0xFF,0xFF,
  0x34,0x8A,0xDB,0xFF,0x18,0x34,0xB1,0xFF,0x1D,0x40,0xBC,0xFF,
  0x16,0x30,0xA2,0xFA,0x06,0x10,0x6B,0xFC,0x0F,0x16,0x64,0x66,
  0x00,0x00,0x00,0x00,0x00,0x00,0x3F,0x04,0x00,0x00,0x00,0x00,
  0x00,0x00,0x00,0x00,0x00,0x00,0x00,0x00,0x00,0x00,0x00,0x00,
  0x00,0x00,0x00,0x00,0x00,0x00,0x00,0x00,0x00,0x00,0x00,0x00,
  0x00,0x00,0x00,0x00,0x00,0x00,0x00,0x00,0x00,0x00,0x00,0x00,
  0x00,0x00,0x00,0x00,0x00,0x00,0x00,0x00,0x00,0x00,0x00,0x00,
  0x00,0x00,0x00,0x00,0x00,0x00,0x00,0x00,0x00,0x00,0x00,0x00,
  0x00,0x00,0x00,0x00,0x00,0x00,0x00,0x00,0x00,0x00,0x00,0x00,
  0x00,0x00,0x00,0x00,0x00,0x00,0x00,0x00,0x00,0x00,0x00,0x00,
  0x00,0x00,0x00,0x00,0x00,0x00,0x00,0x00,0x00,0x00,0x00,0x00,
  0x00,0x00,0x00,0x00,0x00,0x00,0x00,0x00,0x00,0x00,0x00,0x00,
  0x00,0x00,0x00,0x00,0x00,0x00,0x00,0x00,0x00,0x00,0x00,0x00,
  0x00,0x00,0x00,0x00,0x00,0x00,0x00,0x00,0x00,0x00,0x00,0x00,
  0x00,0x00,0x00,0x00,0x00,0x00,0x00,0x00,0x00,0x00,0x00,0x00,
  0x00,0x00,0x00,0x00,0x00,0x00,0x00,0x00,0x00,0x00,0x00,0x00,
  0x00,0x00,0x00,0x00,0x00,0x00,0x00,0x00,0x00,0x00,0x00,0x00,
  0x00,0x00,0x00,0x00,0x00,0x00,0x00,0x00,0x00,0x00,0x00,0x00,
  0x00,0x00,0x00,0x00,0x00,0x00,0x00,0x00,0x00,0x00,0x00,0x00,
  0x00,0x00,0x00,0x00,0x00,0x00,0x00,0x00,0x00,0x00,0x00,0x00,
  0x00,0x00,0x00,0x00,0x00,0x00,0x00,0x00,0x00,0x00,0x00,0x00,
  0x00,0x00,0x00,0x00,0x00,0x00,0x00,0x00,0x00,0x00,0x00,0x00,
  0x00,0x00,0x00,0x00,0x00,0x7F,0x7F,0x02,0x00,0x00,0x00,0x00,
  0x5F,0x68,0x9F,0x38,0x23,0x29,0x71,0xBA,0x35,0x5B,0x9D,0xDB,
  0x44,0x91,0xCA,0xFF,0x3B,0x96,0xD9,0xFE,0x49,0xC6,0xFE,0xFF,
  0x69,0xE7,0xFD,0xFF,0x70,0xEB,0xFD,0xFF,0x72,0xE9,0xFD,0xFF,
  0x57,0xD6,0xFD,0xFF,0x38,0xC1,0xFD,0xFF,0x3A,0xC1,0xFD,0xFF,
  0x38,0xBF,0xFE,0xFF,0x38,0xBF,0xFE,0xFF,0x35,0xBE,0xFE,0xFF,
  0x33,0xBB,0xFE,0xFF,0x56,0xD2,0xFD,0xFF,0x78,0xEA,0xFD,0xFF,
  0x7A,0xEC,0xFE,0xFF,0x7B,0xED,0xFE,0xFF,0x55,0xD3,0xFE,0xFF,
  0x39,0xC2,0xFE,0xFF,0x3D,0xC5,0xFE,0xFF,0x3D,0xC4,0xFE,0xFF,
  0x3F,0xC7,0xFE,0xFF,0x40,0xC8,0xFE,0xFF,0x28,0x9B,0xFB,0xFF,
  0x20,0x8D,0xFC,0xFF,0x1B,0x86,0xFC,0xFF,0x20,0x90,0xFD,0xFF,
  0x26,0x8C,0xEE,0xFF,0x1A,0x3D,0xB2,0xFF,0x1B,0x37,0xAF,0xFF,
  0x1D,0x3B,0xB1,0xFE,0x08,0x17,0x73,0xFF,0x0C,0x16,0x62,0xF8,
  0x55,0x61,0x8B,0x2A,0x00,0x00,0x00,0x00,0x7F,0x7F,0x7F,0x02,
  0x00,0x00,0x00,0x00,0x00,0x00,0x00,0x00,0x00,0x00,0x00,0x00,
  0x00,0x00,0x00,0x00,0x00,0x00,0x00,0x00,0x00,0x00,0x00,0x00,
  0x00,0x00,0x00,0x00,0x00,0x00,0x00,0x00,0x00,0x00,0x00,0x00,
  0x00,0x00,0x00,0x00,0x00,0x00,0x00,0x00,0x00,0x00,0x00,0x00,
  0x00,0x00,0x00,0x00,0x00,0x00,0x00,0x00,0x00,0x00,0x00,0x00,
  0x00,0x00,0x00,0x00,0x00,0x00,0x00,0x00,0x00,0x00,0x00,0x00,
  0x00,0x00,0x00,0x00,0x00,0x00,0x00,0x00,0x00,0x00,0x00,0x00,
  0x00,0x00,0x00,0x00,0x00,0x00,0x00,0x00,0x00,0x00,0x00,0x00,
  0x00,0x00,0x00,0x00,0x00,0x00,0x00,0x00,0x00,0x00,0x00,0x00,
  0x00,0x00,0x00,0x00,0x00,0x00,0x00,0x00,0x00,0x00,0x00,0x00,
  0x00,0x00,0x00,0x00,0x00,0x00,0x00,0x00,0x00,0x00,0x00,0x00,
  0x00,0x00,0x00,0x00,0x00,0x00,0x00,0x00,0x00,0x00,0x00,0x00,
  0x00,0x00,0xFF,0x01,0x00,0x00,0x00,0x01,0x00,0x00,0x00,0x00,
  0xFF,0xFF,0xFF,0x01,0x22,0x31,0x7C,0x9C,0x18,0x28,0x7A,0xBF,
  0x19,0x2A,0x79,0xBB,0x1A,0x28,0x76,0xBF,0x3B,0x86,0xC4,0xF4,
  0x3A,0x96,0xD4,0xFF,0x3C,0xA5,0xDF,0xFE,0x44,0xCB,0xFC,0xFF,
  0x3F,0xC4,0xFB,0xFF,0x40,0xC5,0xFE,0xFF,0x3F,0xC5,0xFE,0xFF,
  0x3F,0xC5,0xFE,0xFF,0x3F,0xC6,0xFE,0xFF,0x42,0xC5,0xFB,0xFF,
  0x4A,0xCF,0xFB,0xFF,0x36,0x87,0xD9,0xFF,0x1A,0x34,0xB4,0xFF,
  0x1E,0x40,0xB8,0xFF,0x16,0x30,0x9D,0xFE,0x08,0x13,0x6B,0xFF,
  0x12,0x1C,0x65,0x6C,0x00,0x00,0x00,0x01,0x00,0x00,0x3F,0x04,
  0x00,0x00,0x00,0x00,0x00,0x00,0x00,0x00,0x00,0x00,0x00,0x00,
  0x00,0x00,0x00,0x00,0x00,0x00,0x00,0x00,0x00,0x00,0x00,0x00,
  0x00,0x00,0x00,0x00,0x00,0x00,0x00,0x00,0x00,0x00,0x00,0x00,
  0x00,0x00,0x00,0x00,0x00,0x00,0x00,0x00,0x00,0x00,0x00,0x00,
  0x00,0x00,0x00,0x00,0x00,0x00,0x00,0x00,0x00,0x00,0x00,0x00,
  0x00,0x00,0x00,0x00,0x00,0x00,0x00,0x00,0x00,0x00,0x00,0x00,
  0x00,0x00,0x00,0x00,0x00,0x00,0x00,0x00,0x00,0x00,0x00,0x00,
  0x00,0x00,0x00,0x00,0x00,0x00,0x00,0x00,0x00,0x00,0x00,0x00,
  0x00,0x00,0x00,0x00,0x00,0x00,0x00,0x00,0x00,0x00,0x00,0x00,
  0x00,0x00,0x00,0x00,0x00,0x00,0x00,0x00,0x00,0x00,0x00,0x00,
  0x00,0x00,0x00,0x00,0x00,0x00,0x00,0x00,0x00,0x00,0x00,0x00,
  0x00,0x00,0x00,0x00,0x00,0x00,0x00,0x00,0x00,0x00,0x00,0x00,
  0x00,0x00,0x00,0x00,0x00,0x00,0x00,0x00,0x00,0x00,0x00,0x00,
  0x00,0x00,0x00,0x00,0x00,0x00,0x00,0x00,0x00,0x00,0x00,0x00,
  0x00,0x00,0x00,0x00,0x00,0x00,0x00,0x00,0x00,0x00,0x00,0x00,
  0x00,0x00,0x00,0x00,0x00,0x00,0x00,0x00,0x00,0x00,0x00,0x00,
  0x00,0x00,0x00,0x00,0x00,0x00,0x00,0x00,0x00,0x00,0x00,0x00,
  0x00,0x00,0x00,0x00,0x00,0x00,0x00,0x00,0x00,0x00,0x00,0x00,
  0x00,0x00,0x00,0x00,0x00,0x00,0x00,0x00,0x00,0x00,0x00,0x00,
  0x00,0x00,0x00,0x00,0x00,0x00,0x00,0x00,0x00,0x33,0x66,0x05,
  0x3F,0x3F,0x7F,0x04,0x40,0x52,0x93,0x47,0x0B,0x12,0x74,0xFF,
  0x2D,0x66,0xB0,0xFF,0x6A,0xF6,0xFF,0xFE,0x3A,0xB5,0xFF,0xFF,
  0x1D,0x90,0xFD,0xFF,0x3C,0xB4,0xFC,0xFF,0x3E,0xB1,0xFA,0xFF,
  0x50,0xCE,0xFC,0xFF,0x4A,0xD0,0xFE,0xFF,0x3B,0xC2,0xFD,0xFF,
  0x3B,0xC2,0xFD,0xFF,0x39,0xC0,0xFD,0xFF,0x38,0xBF,0xFE,0xFF,
  0x38,0xBF,0xFE,0xFF,0x30,0xB9,0xFE,0xFF,0x55,0xD2,0xFE,0xFF,
  0x7F,0xEF,0xFE,0xFF,0x80,0xEF,0xFE,0xFF,0x57,0xD6,0xFD,0xFF,
  0x39,0xC1,0xFD,0xFF,0x3C,0xC3,0xFD,0xFF,0x3B,0xC3,0xFE,0xFF,
  0x3B,0xC3,0xFD,0xFF,0x3E,0xC4,0xFE,0xFF,0x3E,0xC5,0xFE,0xFF,
  0x3F,0xC8,0xFE,0xFF,0x3A,0xBD,0xFD,0xFF,0x24,0x99,0xFD,0xFF,
  0x24,0x86,0xED,0xFF,0x1A,0x3E,0xB3,0xFF,0x19,0x37,0xAC,0xFF,
  0x1A,0x38,0xB0,0xFF,0x1C,0x3B,0xB0,0xFE,0x09,0x17,0x70,0xFF,
  0x0D,0x16,0x60,0xF7,0x57,0x5D,0x8F,0x29,0x00,0x00,0x00,0x00,
  0x7F,0x7F,0x7F,0x02,0x00,0x00,0x00,0x00,0x00,0x00,0x00,0x00,
  0x00,0x00,0x00,0x00,0x00,0x00,0x00,0x00,0x00,0x00,0x00,0x00,
  0x00,0x00,0x00,0x00,0x00,0x00,0x00,0x00,0x00,0x00,0x00,0x00,
  0x00,0x00,0x00,0x00,0x00,0x00,0x00,0x00,0x00,0x00,0x00,0x00,
  0x00,0x00,0x00,0x00,0x00,0x00,0x00,0x00,0x00,0x00,0x00,0x00,
  0x00,0x00,0x00,0x00,0x00,0x00,0x00,0x00,0x00,0x00,0x00,0x00,
  0x00,0x00,0x00,0x00,0x00,0x00,0x00,0x00,0x00,0x00,0x00,0x00,
  0x00,0x00,0x00,0x00,0x00,0x00,0x00,0x00,0x00,0x00,0x00,0x00,
  0x00,0x00,0x00,0x00,0x00,0x00,0x00,0x00,0x00,0x00,0x00,0x00,
  0x00,0x00,0x00,0x00,0x00,0x00,0x00,0x00,0x00,0x00,0x00,0x00,
  0x00,0x00,0x00,0x00,0x00,0x00,0x00,0x00,0x00,0x00,0x00,0x00,
  0x00,0x00,0x00,0x00,0x00,0x00,0x00,0x00,0x00,0x00,0x00,0x00,
  0x00,0x00,0x00,0x00,0x00,0x00,0x00,0x00,0x00,0x00,0x00,0x00,
  0x00,0x00,0x00,0x01,0x00,0x00,0x00,0x00,0x02,0x01,0x00,0x00,
  0x03,0x03,0x00,0x00,0x03,0x02,0x00,0x00,0x09,0x09,0x03,0x00,
  0x18,0x20,0x74,0xD2,0x02,0x03,0x6A,0xFD,0x28,0x5F,0xAA,0xFB,
  0x52,0xE6,0xFF,0xFF,0x47,0xD4,0xFF,0xFF,0x41,0xC7,0xFE,0xFF,
  0x3F,0xC4,0xFD,0xFF,0x3F,0xC6,0xFD,0xFF,0x42,0xCE,0xFF,0xFF,
  0x3B,0xA5,0xE8,0xFF,0x22,0x4B,0xBB,0xFF,0x21,0x46,0xBD,0xFF,
  0x1C,0x3C,0xB5,0xFD,0x09,0x19,0x77,0xFE,0x15,0x20,0x6F,0xD5,
  0x3A,0x44,0x7F,0x64,0x3A,0x41,0x7C,0x27,0x00,0x00,0x00,0x00,
  0x00,0x00,0xFF,0x01,0x00,0x00,0x00,0x00,0x00,0x00,0x00,0x00,
  0x00,0x00,0x00,0x00,0x00,0x00,0x00,0x00,0x00,0x00,0x00,0x00,
  0x00,0x00,0x00,0x00,0x00,0x00,0x00,0x00,0x00,0x00,0x00,0x00,
  0x00,0x00,0x00,0x00,0x00,0x00,0x00,0x00,0x00,0x00,0x00,0x00,
  0x00,0x00,0x00,0x00,0x00,0x00,0x00,0x00,0x00,0x00,0x00,0x00,
  0x00,0x00,0x00,0x00,0x00,0x00,0x00,0x00,0x00,0x00,0x00,0x00,
  0x00,0x00,0x00,0x00,0x00,0x00,0x00,0x00,0x00,0x00,0x00,0x00,
  0x00,0x00,0x00,0x00,0x00,0x00,0x00,0x00,0x00,0x00,0x00,0x00,
  0x00,0x00,0x00,0x00,0x00,0x00,0x00,0x00,0x00,0x00,0x00,0x00,
  0x00,0x00,0x00,0x00,0x00,0x00,0x00,0x00,0x00,0x00,0x00,0x00,
  0x00,0x00,0x00,0x00,0x00,0x00,0x00,0x00,0x00,0x00,0x00,0x00,
  0x00,0x00,0x00,0x00,0x00,0x00,0x00,0x00,0x00,0x00,0x00,0x00,
  0x00,0x00,0x00,0x00,0x00,0x00,0x00,0x00,0x00,0x00,0x00,0x00,
  0x00,0x00,0x00,0x00,0x00,0x00,0x00,0x00,0x00,0x00,0x00,0x00,
  0x00,0x00,0x00,0x00,0x00,0x00,0x00,0x00,0x00,0x00,0x00,0x00,
  0x00,0x00,0x00,0x00,0x00,0x00,0x00,0x00,0x00,0x00,0x00,0x00,
  0x00,0x00,0x00,0x00,0x00,0x00,0x00,0x00,0x00,0x00,0x00,0x00,
  0x00,0x00,0x00,0x00,0x00,0x00,0x00,0x00,0x00,0x00,0x00,0x00,
  0x00,0x00,0x00,0x00,0x00,0x00,0x00,0x00,0x00,0x00,0x00,0x00,
  0x00,0x00,0x00,0x00,0x00,0x00,0x00,0x00,0x00,0x00,0x00,0x00,
  0x00,0x00,0x00,0x00,0x00,0x00,0x00,0x00,0x3D,0x4A,0x8C,0x3A,
  0x05,0x06,0x68,0xFC,0x27,0x5E,0xA9,0xFD,0x69,0xEB,0xFD,0xFF,
  0x3A,0xB1,0xF9,0xFF,0x1C,0x8F,0xFD,0xFF,0x1C,0x8C,0xFD,0xFF,
  0x1C,0x8B,0xFC,0xFF,0x2A,0x9F,0xFB,0xFF,0x33,0xAE,0xFD,0xFF,
  0x40,0xC9,0xFE,0xFF,0x3B,0xC4,0xFD,0xFF,0x39,0xC0,0xFD,0xFF,
  0x39,0xBF,0xFE,0xFF,0x35,0xBC,0xFE,0xFF,0x3D,0xC2,0xFE,0xFF,
  0x6C,0xE3,0xFE,0xFF,0x7A,0xED,0xFE,0xFF,0x6B,0xE3,0xFD,0xFF,
  0x48,0xCC,0xFD,0xFF,0x38,0xC1,0xFD,0xFF,0x3C,0xC5,0xFE,0xFF,
  0x3C,0xC4,0xFE,0xFF,0x3B,0xC3,0xFD,0xFF,0x3E,0xC2,0xFD,0xFF,
  0x3D,0xC3,0xFD,0xFF,0x3D,0xC3,0xFD,0xFF,0x3B,0xC2,0xFC,0xFF,
  0x3D,0xCA,0xFF,0xFF,0x37,0xAA,0xEE,0xFF,0x18,0x32,0xAA,0xFF,
  0x1A,0x36,0xAC,0xFF,0x1B,0x39,0xB0,0xFF,0x1D,0x3C,0xB3,0xFE,
  0x08,0x17,0x71,0xFF,0x0D,0x16,0x5F,0xFA,0x5B,0x67,0x97,0x2A,
  0x00,0x00,0x00,0x00,0x7F,0x7F,0x7F,0x02,0x00,0x00,0x00,0x00,
  0x00,0x00,0x00,0x00,0x00,0x00,0x00,0x00,0x00,0x00,0x00,0x00,
  0x00,0x00,0x00,0x00,0x00,0x00,0x00,0x00,0x00,0x00,0x00,0x00,
  0x00,0x00,0x00,0x00,0x00,0x00,0x00,0x00,0x00,0x00,0x00,0x00,
  0x00,0x00,0x00,0x00,0x00,0x00,0x00,0x00,0x00,0x00,0x00,0x00,
  0x00,0x00,0x00,0x00,0x00,0x00,0x00,0x00,0x00,0x00,0x00,0x00,
  0x00,0x00,0x00,0x00,0x00,0x00,0x00,0x00,0x00,0x00,0x00,0x00,
  0x00,0x00,0x00,0x00,0x00,0x00,0x00,0x00,0x00,0x00,0x00,0x00,
  0x00,0x00,0x00,0x00,0x00,0x00,0x00,0x00,0x00,0x00,0x00,0x00,
  0x00,0x00,0x00,0x00,0x00,0x00,0x00,0x00,0x00,0x00,0x00,0x00,
  0x00,0x00,0x00,0x00,0x00,0x00,0x00,0x00,0x00,0x00,0x00,0x00,
  0x00,0x00,0x00,0x00,0x00,0x00,0x00,0x00,0x00,0x00,0x00,0x00,
  0x00,0x00,0x00,0x00,0x00,0x00,0x00,0x00,0x00,0x00,0x00,0x00,
  0x00,0x00,0x00,0x00,0x00,0x00,0x00,0x00,0x00,0x00,0x00,0x00,
  0x00,0x00,0x00,0x01,0x00,0x00,0x00,0x02,0x00,0x00,0x00,0x01,
  0xFF,0xFF,0xCC,0x05,0x16,0x24,0x76,0xD9,0x07,0x15,0x7A,0xFF,
  0x19,0x39,0x8F,0xFF,0x2D,0x6B,0xAF,0xFF,0x2D,0x6B,0xB4,0xFF,
  0x43,0xC3,0xF8,0xFF,0x43,0xD0,0xFF,0xFF,0x41,0xC5,0xFB,0xFF,
  0x45,0xD3,0xFF,0xFF,0x3D,0xA7,0xE8,0xFF,0x18,0x33,0xB0,0xFF,
  0x1D,0x3D,0xBD,0xFF,0x1D,0x40,0xBA,0xFC,0x03,0x11,0x6F,0xFF,
  0x0D,0x17,0x64,0xBC,0x02,0x02,0x00,0x00,0x00,0x00,0x00,0x00,
  0x00,0x00,0x00,0x00,0x00,0x00,0x00,0x00,0x00,0x00,0x00,0x00,
  0x00,0x00,0x00,0x00,0x00,0x00,0x00,0x00,0x00,0x00,0x00,0x00,
  0x00,0x00,0x00,0x00,0x00,0x00,0x00,0x00,0x00,0x00,0x00,0x00,
  0x00,0x00,0x00,0x00,0x00,0x00,0x00,0x00,0x00,0x00,0x00,0x00,
  0x00,0x00,0x00,0x00,0x00,0x00,0x00,0x00,0x00,0x00,0x00,0x00,
  0x00,0x00,0x00,0x00,0x00,0x00,0x00,0x00,0x00,0x00,0x00,0x00,
  0x00,0x00,0x00,0x00,0x00,0x00,0x00,0x00,0x00,0x00,0x00,0x00,
  0x00,0x00,0x00,0x00,0x00,0x00,0x00,0x00,0x00,0x00,0x00,0x00,
  0x00,0x00,0x00,0x00,0x00,0x00,0x00,0x00,0x00,0x00,0x00,0x00,
  0x00,0x00,0x00,0x00,0x00,0x00,0x00,0x00,0x00,0x00,0x00,0x00,
  0x00,0x00,0x00,0x00,0x00,0x00,0x00,0x00,0x00,0x00,0x00,0x00,
  0x00,0x00,0x00,0x00,0x00,0x00,0x00,0x00,0x00,0x00,0x00,0x00,
  0x00,0x00,0x00,0x00,0x00,0x00,0x00,0x00,0x00,0x00,0x00,0x00,
  0x00,0x00,0x00,0x00,0x00,0x00,0x00,0x00,0x00,0x00,0x00,0x00,
  0x00,0x00,0x00,0x00,0x00,0x00,0x00,0x00,0x00,0x00,0x00,0x00,
  0x00,0x00,0x00,0x00,0x00,0x00,0x00,0x00,0x00,0x00,0x00,0x00,
  0x00,0x00,0x00,0x00,0x00,0x00,0x00,0x00,0x00,0x00,0x00,0x00,
  0x00,0x00,0x00,0x00,0x00,0x00,0x00,0x00,0x00,0x00,0x00,0x00,
  0x00,0x00,0x00,0x00,0x00,0x00,0x00,0x00,0x00,0x00,0x00,0x00,
  0x00,0x00,0x00,0x00,0x00,0x00,0x00,0x00,0x00,0x00,0x00,0x01,
  0x00,0x00,0x00,0x00,0x41,0x47,0x82,0x2B,0x2E,0x31,0x73,0x4D,
  0x41,0x61,0x9D,0x88,0x1A,0x38,0x8E,0xFF,0x2D,0x73,0xBC,0xFE,
  0x55,0xDC,0xFF,0xFF,0x39,0xB6,0xFC,0xFF,0x27,0xA2,0xFD,0xFF,
  0x22,0x93,0xFD,0xFF,0x20,0x8E,0xFD,0xFF,0x1E,0x8D,0xFD,0xFF,
  0x23,0x95,0xFD,0xFF,0x34,0xB2,0xFD,0xFF,0x38,0xBD,0xFD,0xFF,
  0x3B,0xC4,0xFD,0xFF,0x39,0xC2,0xFE,0xFF,0x36,0xC0,0xFE,0xFF,
  0x54,0xD2,0xFD,0xFF,0x7F,0xEF,0xFE,0xFF,0x7A,0xEC,0xFE,0xFF,
  0x4D,0xCE,0xFE,0xFF,0x38,0xC2,0xFE,0xFF,0x3D,0xC6,0xFE,0xFF,
  0x3C,0xC5,0xFE,0xFF,0x3C,0xC5,0xFE,0xFF,0x3C,0xC5,0xFD,0xFF,
  0x3D,0xC3,0xFD,0xFF,0x3D,0xC2,0xFD,0xFF,0x3D,0xC1,0xFD,0xFF,
  0x3B,0xC2,0xFD,0xFF,0x3A,0xC0,0xFC,0xFF,0x32,0x9A,0xE6,0xFF,
  0x19,0x35,0xAC,0xFF,0x1A,0x36,0xAD,0xFF,0x1B,0x38,0xAF,0xFF,
  0x1A,0x35,0xA7,0xFE,0x09,0x17,0x6D,0xFE,0x16,0x1F,0x65,0xF1,
  0x69,0x6F,0xA1,0x29,0x00,0x00,0x00,0x00,0x7F,0x7F,0x7F,0x02,
  0x00,0x00,0x00,0x00,0x00,0x00,0x00,0x00,0x00,0x00,0x00,0x00,
  0x00,0x00,0x00,0x00,0x00,0x00,0x00,0x00,0x00,0x00,0x00,0x00,
  0x00,0x00,0x00,0x00,0x00,0x00,0x00,0x00,0x00,0x00,0x00,0x00,
  0x00,0x00,0x00,0x00,0x00,0x00,0x00,0x00,0x00,0x00,0x00,0x00,
  0x00,0x00,0x00,0x00,0x00,0x00,0x00,0x00,0x00,0x00,0x00,0x00,
  0x00,0x00,0x00,0x00,0x00,0x00,0x00,0x00,0x00,0x00,0x00,0x00,
  0x00,0x00,0x00,0x00,0x00,0x00,0x00,0x00,0x00,0x00,0x00,0x00,
  0x00,0x00,0x00,0x00,0x00,0x00,0x00,0x00,0x00,0x00,0x00,0x00,
  0x00,0x00,0x00,0x00,0x00,0x00,0x00,0x00,0x00,0x00,0x00,0x00,
  0x00,0x00,0x00,0x00,0x00,0x00,0x00,0x00,0x00,0x00,0x00,0x00,
  0x00,0x00,0x00,0x00,0x00,0x00,0x00,0x00,0x00,0x00,0x00,0x00,
  0x00,0x00,0x00,0x00,0x00,0x00,0x00,0x00,0x00,0x00,0x00,0x00,
  0x00,0x00,0x00,0x00,0x00,0x00,0x00,0x00,0x00,0x00,0x00,0x00,
  0x00,0x00,0x00,0x00,0x00,0x00,0x00,0x00,0x00,0x00,0x00,0x01,
  0x00,0x00,0x00,0x00,0xFF,0xCC,0xCC,0x05,0x22,0x2E,0x7A,0xBE,
  0x11,0x1F,0x78,0xDA,0x0B,0x16,0x71,0xE3,0x03,0x09,0x6B,0xFC,
  0x0B,0x15,0x73,0xFC,0x35,0x91,0xD2,0xFC,0x3E,0xB6,0xED,0xFD,
  0x44,0xCA,0xFB,0xFF,0x42,0xC6,0xF8,0xFF,0x32,0x89,0xD8,0xFF,
  0x1B,0x3A,0xB4,0xFF,0x18,0x35,0xAA,0xFF,0x17,0x32,0x9E,0xFB,
  0x0E,0x1B,0x70,0xEF,0x1A,0x23,0x6C,0xAE,0xFF,0xFF,0x55,0x03,
  0x00,0x00,0x7F,0x02,0x00,0x00,0x00,0x00,0x00,0x00,0x00,0x00,
  0x00,0x00,0x00,0x00,0x00,0x00,0x00,0x00,0x00,0x00,0x00,0x00,
  0x00,0x00,0x00,0x00,0x00,0x00,0x00,0x00,0x00,0x00,0x00,0x00,
  0x00,0x00,0x00,0x00,0x00,0x00,0x00,0x00,0x00,0x00,0x00,0x00,
  0x00,0x00,0x00,0x00,0x00,0x00,0x00,0x00,0x00,0x00,0x00,0x00,
  0x00,0x00,0x00,0x00,0x00,0x00,0x00,0x00,0x00,0x00,0x00,0x00,
  0x00,0x00,0x00,0x00,0x00,0x00,0x00,0x00,0x00,0x00,0x00,0x00,
  0x00,0x00,0x00,0x00,0x00,0x00,0x00,0x00,0x00,0x00,0x00,0x00,
  0x00,0x00,0x00,0x00,0x00,0x00,0x00,0x00,0x00,0x00,0x00,0x00,
  0x00,0x00,0x00,0x00,0x00,0x00,0x00,0x00,0x00,0x00,0x00,0x00,
  0x00,0x00,0x00,0x00,0x00,0x00,0x00,0x00,0x00,0x00,0x00,0x00,
  0x00,0x00,0x00,0x00,0x00,0x00,0x00,0x00,0x00,0x00,0x00,0x00,
  0x00,0x00,0x00,0x00,0x00,0x00,0x00,0x00,0x00,0x00,0x00,0x00,
  0x00,0x00,0x00,0x00,0x00,0x00,0x00,0x00,0x00,0x00,0x00,0x00,
  0x00,0x00,0x00,0x00,0x00,0x00,0x00,0x00,0x00,0x00,0x00,0x00,
  0x00,0x00,0x00,0x00,0x00,0x00,0x00,0x00,0x00,0x00,0x00,0x00,
  0x00,0x00,0x00,0x00,0x00,0x00,0x00,0x00,0x00,0x00,0x00,0x00,
  0x00,0x00,0x00,0x00,0x00,0x00,0x00,0x00,0x00,0x00,0x00,0x00,
  0x00,0x00,0x00,0x00,0x00,0x00,0x00,0x00,0x00,0x00,0x00,0x00,
  0x00,0x00,0x00,0x00,0x00,0x00,0x00,0x00,0x00,0x00,0x00,0x00,
  0x00,0x00,0x3F,0x04,0x00,0x00,0x00,0x01,0x2C,0x36,0x7B,0x9B,
  0x0D,0x16,0x78,0xFF,0x2C,0x5B,0xA7,0xFF,0x5D,0xE0,0xFF,0xFF,
  0x42,0xC7,0xFD,0xFF,0x2C,0xB2,0xFD,0xFF,0x30,0xB5,0xFE,0xFF,
  0x33,0xB7,0xFD,0xFF,0x29,0xA4,0xFD,0xFF,0x24,0x99,0xFD,0xFF,
  0x1F,0x8E,0xFD,0xFF,0x21,0x91,0xFD,0xFF,0x1D,0x8A,0xFD,0xFF,
  0x29,0xA3,0xFD,0xFF,0x36,0xBA,0xFD,0xFF,0x2E,0xB2,0xFE,0xFF,
  0x47,0xC7,0xFD,0xFF,0x7A,0xEE,0xFE,0xFF,0x78,0xEB,0xFE,0xFF,
  0x7C,0xEC,0xFE,0xFF,0x50,0xD0,0xFE,0xFF,0x3C,0xC3,0xFE,0xFF,
  0x3F,0xC6,0xFE,0xFF,0x3C,0xC5,0xFE,0xFF,0x3C,0xC4,0xFE,0xFF,
  0x3C,0xC3,0xFD,0xFF,0x3D,0xC2,0xFD,0xFF,0x3D,0xC2,0xFD,0xFF,
  0x3C,0xC0,0xFC,0xFF,0x3F,0xCA,0xFF,0xFF,0x2C,0x7C,0xD5,0xFF,
  0x17,0x36,0xAF,0xFF,0x1A,0x38,0xAD,0xFF,0x19,0x37,0xB0,0xFF,
  0x1A,0x36,0xA9,0xFD,0x08,0x16,0x74,0xFF,0x14,0x1F,0x6D,0xDB,
  0x60,0x66,0x93,0x2D,0x66,0x99,0xCC,0x05,0x00,0x00,0x00,0x00,
  0x00,0x00,0x00,0x00,0x00,0x00,0x00,0x00,0x00,0x00,0x00,0x00,
  0x00,0x00,0x00,0x00,0x00,0x00,0x00,0x00,0x00,0x00,0x00,0x00,
  0x00,0x00,0x00,0x00,0x00,0x00,0x00,0x00,0x00,0x00,0x00,0x00,
  0x00,0x00,0x00,0x00,0x00,0x00,0x00,0x00,0x00,0x00,0x00,0x00,
  0x00,0x00,0x00,0x00,0x00,0x00,0x00,0x00,0x00,0x00,0x00,0x00,
  0x00,0x00,0x00,0x00,0x00,0x00,0x00,0x00,0x00,0x00,0x00,0x00,
  0x00,0x00,0x00,0x00,0x00,0x00,0x00,0x00,0x00,0x00,0x00,0x00,
  0x00,0x00,0x00,0x00,0x00,0x00,0x00,0x00,0x00,0x00,0x00,0x00,
  0x00,0x00,0x00,0x00,0x00,0x00,0x00,0x00,0x00,0x00,0x00,0x00,
  0x00,0x00,0x00,0x00,0x00,0x00,0x00,0x00,0x00,0x00,0x00,0x00,
  0x00,0x00,0x00,0x00,0x00,0x00,0x00,0x00,0x00,0x00,0x00,0x00,
  0x00,0x00,0x00,0x00,0x00,0x00,0x00,0x00,0x00,0x00,0x00,0x00,
  0x00,0x00,0x00,0x00,0x00,0x00,0x00,0x00,0x00,0x00,0x00,0x00,
  0x00,0x00,0x00,0x00,0x00,0x00,0x00,0x00,0x00,0x00,0x00,0x00,
  0x00,0x00,0x00,0x00,0x00,0x00,0x00,0x00,0x00,0x00,0x00,0x00,
  0x5A,0x69,0x96,0x11,0x5C,0x5C,0x73,0x0B,0x14,0x1F,0x6A,0x71,
  0x0A,0x1A,0x7B,0xFF,0x0B,0x1B,0x77,0xFF,0x07,0x0E,0x6F,0xFF,
  0x26,0x58,0xA7,0xFF,0x51,0xEA,0xFF,0xFF,0x3D,0xA4,0xE9,0xFF,
  0x13,0x2D,0xAA,0xFF,0x1C,0x3E,0xB8,0xFE,0x0B,0x1F,0x88,0xFF,
  0x17,0x21,0x6B,0xED,0x67,0x6E,0x90,0x25,0x71,0x71,0x9B,0x12,
  0x00,0x00,0x00,0x01,0x00,0x00,0x00,0x00,0x00,0x00,0x00,0x00,
  0x00,0x00,0x00,0x00,0x00,0x00,0x00,0x00,0x00,0x00,0x00,0x00,
  0x00,0x00,0x00,0x00,0x00,0x00,0x00,0x00,0x00,0x00,0x00,0x00,
  0x00,0x00,0x00,0x00,0x00,0x00,0x00,0x00,0x00,0x00,0x00,0x00,
  0x00,0x00,0x00,0x00,0x00,0x00,0x00,0x00,0x00,0x00,0x00,0x00,
  0x00,0x00,0x00,0x00,0x00,0x00,0x00,0x00,0x00,0x00,0x00,0x00,
  0x00,0x00,0x00,0x00,0x00,0x00,0x00,0x00,0x00,0x00,0x00,0x00,
  0x00,0x00,0x00,0x00,0x00,0x00,0x00,0x00,0x00,0x00,0x00,0x00,
  0x00,0x00,0x00,0x00,0x00,0x00,0x00,0x00,0x00,0x00,0x00,0x00,
  0x00,0x00,0x00,0x00,0x00,0x00,0x00,0x00,0x00,0x00,0x00,0x00,
  0x00,0x00,0x00,0x00,0x00,0x00,0x00,0x00,0x00,0x00,0x00,0x00,
  0x00,0x00,0x00,0x00,0x00,0x00,0x00,0x00,0x00,0x00,0x00,0x00,
  0x00,0x00,0x00,0x00,0x00,0x00,0x00,0x00,0x00,0x00,0x00,0x00,
  0x00,0x00,0x00,0x00,0x00,0x00,0x00,0x00,0x00,0x00,0x00,0x00,
  0x00,0x00,0x00,0x00,0x00,0x00,0x00,0x00,0x00,0x00,0x00,0x00,
  0x00,0x00,0x00,0x00,0x00,0x00,0x00,0x00,0x00,0x00,0x00,0x00,
  0x00,0x00,0x00,0x00,0x00,0x00,0x00,0x00,0x00,0x00,0x00,0x00,
  0x00,0x00,0x00,0x00,0x00,0x00,0x00,0x00,0x00,0x00,0x00,0x00,
  0x00,0x00,0x00,0x00,0x00,0x00,0x00,0x00,0x00,0x00,0x00,0x00,
  0x00,0x00,0x00,0x00,0x00,0x00,0x00,0x00,0x00,0x00,0x00,0x00,
  0x00,0x00,0x00,0x00,0x00,0x00,0x00,0x02,0x00,0x00,0x00,0x00,
  0x1F,0x2D,0x78,0x92,0x01,0x0A,0x72,0xFC,0x25,0x53,0xA1,0xF9,
  0x60,0xE6,0xFF,0xFF,0x42,0xCA,0xFD,0xFF,0x2F,0xB4,0xFD,0xFF,
  0x30,0xB5,0xFD,0xFF,0x30,0xB4,0xFE,0xFF,0x33,0xB8,0xFE,0xFF,
  0x2E,0xB2,0xFE,0xFF,0x25,0x9D,0xFD,0xFF,0x21,0x91,0xFD,0xFF,
  0x1F,0x8E,0xFD,0xFF,0x1D,0x8D,0xFD,0xFF,0x1E,0x8D,0xFD,0xFF,
  0x18,0x84,0xFD,0xFF,0x3A,0xAC,0xFC,0xFF,0x77,0xED,0xFD,0xFF,
  0x79,0xEC,0xFE,0xFF,0x7C,0xEF,0xFE,0xFF,0x4E,0xD0,0xFE,0xFF,
  0x3D,0xC4,0xFE,0xFF,0x40,0xC6,0xFE,0xFF,0x3E,0xC6,0xFE,0xFF,
  0x3D,0xC6,0xFE,0xFF,0x3D,0xC3,0xFD,0xFF,0x3E,0xC3,0xFD,0xFF,
  0x3D,0xC2,0xFD,0xFF,0x3D,0xC0,0xFC,0xFF,0x3F,0xCB,0xFF,0xFF,
  0x29,0x73,0xD0,0xFF,0x15,0x2B,0xA9,0xFF,0x19,0x38,0xAE,0xFF,
  0x19,0x37,0xB1,0xFF,0x1A,0x34,0xA8,0xFD,0x05,0x12,0x70,0xFE,
  0x18,0x21,0x71,0xD4,0x06,0x06,0x03,0x00,0x00,0x00,0x00,0x00,
  0x00,0x00,0x00,0x01,0x00,0x00,0x00,0x00,0x00,0x00,0x00,0x00,
  0x00,0x00,0x00,0x00,0x00,0x00,0x00,0x00,0x00,0x00,0x00,0x00,
  0x00,0x00,0x00,0x00,0x00,0x00,0x00,0x00,0x00,0x00,0x00,0x00,
  0x00,0x00,0x00,0x00,0x00,0x00,0x00,0x00,0x00,0x00,0x00,0x00,
  0x00,0x00,0x00,0x00,0x00,0x00,0x00,0x00,0x00,0x00,0x00,0x00,
  0x00,0x00,0x00,0x00,0x00,0x00,0x00,0x00,0x00,0x00,0x00,0x00,
  0x00,0x00,0x00,0x00,0x00,0x00,0x00,0x00,0x00,0x00,0x00,0x00,
  0x00,0x00,0x00,0x00,0x00,0x00,0x00,0x00,0x00,0x00,0x00,0x00,
  0x00,0x00,0x00,0x00,0x00,0x00,0x00,0x00,0x00,0x00,0x00,0x00,
  0x00,0x00,0x00,0x00,0x00,0x00,0x00,0x00,0x00,0x00,0x00,0x00,
  0x00,0x00,0x00,0x00,0x00,0x00,0x00,0x00,0x00,0x00,0x00,0x00,
  0x00,0x00,0x00,0x00,0x00,0x00,0x00,0x00,0x00,0x00,0x00,0x00,
  0x00,0x00,0x00,0x00,0x00,0x00,0x00,0x00,0x00,0x00,0x00,0x00,
  0x00,0x00,0x00,0x00,0x00,0x00,0x00,0x00,0x00,0x00,0x00,0x00,
  0x00,0x00,0x00,0x00,0x00,0x00,0x00,0x00,0x00,0x00,0x00,0x00,
  0x00,0x00,0x00,0x00,0x00,0x00,0x00,0x00,0x00,0x00,0x00,0x00,
  0x33,0x39,0x7C,0x50,0x17,0x20,0x6E,0xBB,0x18,0x23,0x6F,0xB4,
  0x18,0x1B,0x68,0xB0,0x2A,0x51,0x98,0xD8,0x3D,0x98,0xD2,0xFE,
  0x31,0x73,0xC8,0xFD,0x18,0x35,0xB3,0xFE,0x1D,0x3E,0xBB,0xFD,
  0x0E,0x22,0x8A,0xFE,0x1A,0x25,0x70,0xEA,0xFF,0xFF,0xFF,0x04,
  0x00,0x00,0x00,0x00,0x00,0x00,0x00,0x01,0x00,0x00,0x00,0x00,
  0x00,0x00,0x00,0x00,0x00,0x00,0x00,0x00,0x00,0x00,0x00,0x00,
  0x00,0x00,0x00,0x00,0x00,0x00,0x00,0x00,0x00,0x00,0x00,0x00,
  0x00,0x00,0x00,0x00,0x00,0x00,0x00,0x00,0x00,0x00,0x00,0x00,
  0x00,0x00,0x00,0x00,0x00,0x00,0x00,0x00,0x00,0x00,0x00,0x00,
  0x00,0x00,0x00,0x00,0x00,0x00,0x00,0x00,0x00,0x00,0x00,0x00,
  0x00,0x00,0x00,0x00,0x00,0x00,0x00,0x00,0x00,0x00,0x00,0x00,
  0x00,0x00,0x00,0x00,0x00,0x00,0x00,0x00,0x00,0x00,0x00,0x00,
  0x00,0x00,0x00,0x00,0x00,0x00,0x00,0x00,0x00,0x00,0x00,0x00,
  0x00,0x00,0x00,0x00,0x00,0x00,0x00,0x00,0x00,0x00,0x00,0x00,
  0x00,0x00,0x00,0x00,0x00,0x00,0x00,0x00,0x00,0x00,0x00,0x00,
  0x00,0x00,0x00,0x00,0x00,0x00,0x00,0x00,0x00,0x00,0x00,0x00,
  0x00,0x00,0x00,0x00,0x00,0x00,0x00,0x00,0x00,0x00,0x00,0x00,
  0x00,0x00,0x00,0x00,0x00,0x00,0x00,0x00,0x00,0x00,0x00,0x00,
  0x00,0x00,0x00,0x00,0x00,0x00,0x00,0x00,0x00,0x00,0x00,0x00,
  0x00,0x00,0x00,0x00,0x00,0x00,0x00,0x00,0x00,0x00,0x00,0x00,
  0x00,0x00,0x00,0x00,0x00,0x00,0x00,0x00,0x00,0x00,0x00,0x00,
  0x00,0x00,0x00,0x00,0x00,0x00,0x00,0x00,0x00,0x00,0x00,0x00,
  0x00,0x00,0x00,0x00,0x00,0x00,0x00,0x00,0x00,0x00,0x00,0x00,
  0x00,0x00,0x00,0x00,0x00,0x00,0x00,0x00,0x00,0x00,0x00,0x00,
  0x00,0x00,0x00,0x00,0x00,0x00,0x00,0x00,0x55,0x55,0x7F,0x06,
  0xDA,0xDA,0xDA,0x07,0x29,0x38,0x7E,0x99,0x07,0x12,0x76,0xFF,
  0x29,0x5B,0xA6,0xFC,0x58,0xDD,0xFF,0xFF,0x3D,0xC3,0xFC,0xFF,
  0x2F,0xB5,0xFD,0xFF,0x31,0xB5,0xFE,0xFF,0x31,0xB5,0xFE,0xFF,
  0x2F,0xB4,0xFD,0xFF,0x2F,0xB5,0xFD,0xFF,0x31,0xB7,0xFD,0xFF,
  0x26,0xA0,0xFD,0xFF,0x20,0x91,0xFD,0xFF,0x1D,0x8B,0xFD,0xFF,
  0x1C,0x8B,0xFD,0xFF,0x1C,0x8A,0xFD,0xFF,0x22,0x94,0xFD,0xFF,
  0x30,0xA5,0xFC,0xFF,0x36,0xA8,0xFB,0xFF,0x46,0xBD,0xFD,0xFF,
  0x46,0xCB,0xFE,0xFF,0x3E,0xC4,0xFE,0xFF,0x3F,0xC6,0xFE,0xFF,
  0x3F,0xC5,0xFE,0xFF,0x3E,0xC5,0xFE,0xFF,0x3E,0xC6,0xFE,0xFF,
  0x3E,0xC5,0xFE,0xFF,0x3E,0xC3,0xFD,0xFF,0x3D,0xC1,0xFC,0xFF,
  0x40,0xCB,0xFF,0xFF,0x2A,0x75,0xD1,0xFF,0x16,0x2E,0xAA,0xFF,
  0x1A,0x39,0xAF,0xFF,0x1A,0x38,0xAF,0xFF,0x1A,0x35,0xA9,0xFD,
  0x08,0x15,0x72,0xFF,0x18,0x21,0x6D,0xDA,0xCC,0xCC,0xCC,0x0A,
  0x00,0x00,0x00,0x00,0x00,0x00,0x00,0x01,0x00,0x00,0x00,0x00,
  0x00,0x00,0x00,0x00,0x00,0x00,0x00,0x00,0x00,0x00,0x00,0x00,
  0x00,0x00,0x00,0x00,0x00,0x00,0x00,0x00,0x00,0x00,0x00,0x00,
  0x00,0x00,0x00,0x00,0x00,0x00,0x00,0x00,0x00,0x00,0x00,0x00,
  0x00,0x00,0x00,0x00,0x00,0x00,0x00,0x00,0x00,0x00,0x00,0x00,
  0x00,0x00,0x00,0x00,0x00,0x00,0x00,0x00,0x00,0x00,0x00,0x00,
  0x00,0x00,0x00,0x00,0x00,0x00,0x00,0x00,0x00,0x00,0x00,0x00,
  0x00,0x00,0x00,0x00,0x00,0x00,0x00,0x00,0x00,0x00,0x00,0x00,
  0x00,0x00,0x00,0x00,0x00,0x00,0x00,0x00,0x00,0x00,0x00,0x00,
  0x00,0x00,0x00,0x00,0x00,0x00,0x00,0x00,0x00,0x00,0x00,0x00,
  0x00,0x00,0x00,0x00,0x00,0x00,0x00,0x00,0x00,0x00,0x00,0x00,
  0x00,0x00,0x00,0x00,0x00,0x00,0x00,0x00,0x00,0x00,0x00,0x00,
  0x00,0x00,0x00,0x00,0x00,0x00,0x00,0x00,0x00,0x00,0x00,0x00,
  0x00,0x00,0x00,0x00,0x00,0x00,0x00,0x00,0x00,0x00,0x00,0x00,
  0x00,0x00,0x00,0x00,0x00,0x00,0x00,0x00,0x00,0x00,0x00,0x00,
  0x00,0x00,0x00,0x00,0x00,0x00,0x00,0x00,0x00,0x00,0xFF,0x01,
  0x00,0x00,0x00,0x01,0x02,0x02,0x01,0x00,0x03,0x02,0x00,0x00,
  0x03,0x02,0x01,0x00,0x03,0x03,0x00,0x00,0x21,0x28,0x76,0x6C,
  0x0A,0x13,0x78,0xFF,0x0B,0x19,0x7E,0xFC,0x12,0x28,0x8E,0xFF,
  0x14,0x28,0x90,0xFE,0x09,0x18,0x77,0xFF,0x1A,0x26,0x70,0xEE,
  0x89,0x9C,0xB0,0x0D,0x00,0x00,0xFF,0x01,0x00,0x00,0x00,0x01,
  0x00,0x00,0x00,0x00,0x00,0x00,0x00,0x00,0x00,0x00,0x00,0x00,
  0x00,0x00,0x00,0x00,0x00,0x00,0x00,0x00,0x00,0x00,0x00,0x00,
  0x00,0x00,0x00,0x00,0x00,0x00,0x00,0x00,0x00,0x00,0x00,0x00,
  0x00,0x00,0x00,0x00,0x00,0x00,0x00,0x00,0x00,0x00,0x00,0x00,
  0x00,0x00,0x00,0x00,0x00,0x00,0x00,0x00,0x00,0x00,0x00,0x00,
  0x00,0x00,0x00,0x00,0x00,0x00,0x00,0x00,0x00,0x00,0x00,0x00,
  0x00,0x00,0x00,0x00,0x00,0x00,0x00,0x00,0x00,0x00,0x00,0x00,
  0x00,0x00,0x00,0x00,0x00,0x00,0x00,0x00,0x00,0x00,0x00,0x00,
  0x00,0x00,0x00,0x00,0x00,0x00,0x00,0x00,0x00,0x00,0x00,0x00,
  0x00,0x00,0x00,0x00,0x00,0x00,0x00,0x00,0x00,0x00,0x00,0x00,
  0x00,0x00,0x00,0x00,0x00,0x00,0x00,0x00,0x00,0x00,0x00,0x00,
  0x00,0x00,0x00,0x00,0x00,0x00,0x00,0x00,0x00,0x00,0x00,0x00,
  0x00,0x00,0x00,0x00,0x00,0x00,0x00,0x00,0x00,0x00,0x00,0x00,
  0x00,0x00,0x00,0x00,0x00,0x00,0x00,0x00,0x00,0x00,0x00,0x00,
  0x00,0x00,0x00,0x00,0x00,0x00,0x00,0x00,0x00,0x00,0x00,0x00,
  0x00,0x00,0x00,0x00,0x00,0x00,0x00,0x00,0x00,0x00,0x00,0x00,
  0x00,0x00,0x00,0x00,0x00,0x00,0x00,0x00,0x00,0x00,0x00,0x00,
  0x00,0x00,0x00,0x00,0x00,0x00,0x00,0x00,0x00,0x00,0x00,0x00,
  0x00,0x00,0x00,0x00,0x00,0x00,0x00,0x00,0x00,0x00,0x00,0x00,
  0x00,0x00,0x00,0x00,0x00,0x3F,0x7F,0x04,0x00,0x00,0x00,0x00,
  0x27,0x38,0x81,0x68,0x10,0x19,0x77,0xE2,0x3B,0x79,0xB6,0xF0,
  0x5A,0xCD,0xEE,0xFF,0x4F,0xC6,0xF1,0xFE,0x35,0xBD,0xFD,0xFF,
  0x31,0xB7,0xFD,0xFF,0x30,0xB6,0xFD,0xFF,0x2F,0xB5,0xFD,0xFF,
  0x2F,0xB5,0xFD,0xFF,0x2F,0xB5,0xFD,0xFF,0x2F,0xB5,0xFD,0xFF,
  0x2E,0xB4,0xFE,0xFF,0x2D,0xB4,0xFE,0xFF,0x2A,0xAE,0xFE,0xFF,
  0x28,0xA3,0xFE,0xFF,0x1C,0x8A,0xFC,0xFF,0x4B,0xBD,0xFB,0xFF,
  0x6F,0xE1,0xFE,0xFF,0x55,0xCA,0xFD,0xFF,0x1C,0x8F,0xFD,0xFF,
  0x1C,0x8B,0xFD,0xFF,0x21,0x94,0xFD,0xFF,0x38,0xB9,0xFD,0xFF,
  0x44,0xCE,0xFE,0xFF,0x40,0xC8,0xFE,0xFF,0x40,0xC5,0xFE,0xFF,
  0x40,0xC6,0xFE,0xFF,0x3F,0xC6,0xFE,0xFF,0x3E,0xC5,0xFE,0xFF,
  0x3D,0xC4,0xFD,0xFF,0x43,0xD0,0xFF,0xFF,0x2A,0x77,0xD1,0xFF,
  0x16,0x2E,0xAB,0xFF,0x1C,0x3C,0xB5,0xFF,0x13,0x29,0x93,0xFF,
  0x0C,0x19,0x6C,0xFF,0x2B,0x34,0x78,0x74,0x2B,0x36,0x71,0x2F,
  0x3F,0x7F,0x7F,0x04,0x00,0x00,0x00,0x00,0x00,0x00,0x00,0x00,
  0x00,0x00,0x00,0x00,0x00,0x00,0x00,0x00,0x00,0x00,0x00,0x00,
  0x00,0x00,0x00,0x00,0x00,0x00,0x00,0x00,0x00,0x00,0x00,0x00,
  0x00,0x00,0x00,0x00,0x00,0x00,0x00,0x00,0x00,0x00,0x00,0x00,
  0x00,0x00,0x00,0x00,0x00,0x00,0x00,0x00,0x00,0x00,0x00,0x00,
  0x00,0x00,0x00,0x00,0x00,0x00,0x00,0x00,0x00,0x00,0x00,0x00,
  0x00,0x00,0x00,0x00,0x00,0x00,0x00,0x00,0x00,0x00,0x00,0x00,
  0x00,0x00,0x00,0x00,0x00,0x00,0x00,0x00,0x00,0x00,0x00,0x00,
  0x00,0x00,0x00,0x00,0x00,0x00,0x00,0x00,0x00,0x00,0x00,0x00,
  0x00,0x00,0x00,0x00,0x00,0x00,0x00,0x00,0x00,0x00,0x00,0x00,
  0x00,0x00,0x00,0x00,0x00,0x00,0x00,0x00,0x00,0x00,0x00,0x00,
  0x00,0x00,0x00,0x00,0x00,0x00,0x00,0x00,0x00,0x00,0x00,0x00,
  0x00,0x00,0x00,0x00,0x00,0x00,0x00,0x00,0x00,0x00,0x00,0x00,
  0x00,0x00,0x00,0x00,0x00,0x00,0x00,0x00,0x00,0x00,0x00,0x00,
  0x00,0x00,0x00,0x00,0x00,0x00,0x00,0x00,0x00,0x00,0x00,0x00,
  0x00,0x00,0x00,0x00,0x00,0x00,0x00,0x00,0x00,0x00,0x00,0x00,
  0x00,0x00,0x00,0x00,0x00,0x00,0x00,0x00,0x00,0x00,0x00,0x00,
  0x00,0x00,0x00,0x01,0x00,0x00,0x66,0x05,0x00,0x00,0x7F,0x02,
  0x25,0x2E,0x71,0x6E,0x12,0x1F,0x74,0xFF,0x0E,0x19,0x6B,0xFC,
  0x0E,0x18,0x68,0xFE,0x0F,0x19,0x69,0xFE,0x0B,0x16,0x68,0xFF,
  0x1D,0x27,0x6F,0xEC,0x8B,0x8B,0xA2,0x0B,0x00,0x00,0x00,0x00,
  0x00,0x00,0x00,0x01,0x00,0x00,0x00,0x00,0x00,0x00,0x00,0x00,
  0x00,0x00,0x00,0x00,0x00,0x00,0x00,0x00,0x00,0x00,0x00,0x00,
  0x00,0x00,0x00,0x00,0x00,0x00,0x00,0x00,0x00,0x00,0x00,0x00,
  0x00,0x00,0x00,0x00,0x00,0x00,0x00,0x00,0x00,0x00,0x00,0x00,
  0x00,0x00,0x00,0x00,0x00,0x00,0x00,0x00,0x00,0x00,0x00,0x00,
  0x00,0x00,0x00,0x00,0x00,0x00,0x00,0x00,0x00,0x00,0x00,0x00,
  0x00,0x00,0x00,0x00,0x00,0x00,0x00,0x00,0x00,0x00,0x00,0x00,
  0x00,0x00,0x00,0x00,0x00,0x00,0x00,0x00,0x00,0x00,0x00,0x00,
  0x00,0x00,0x00,0x00,0x00,0x00,0x00,0x00,0x00,0x00,0x00,0x00,
  0x00,0x00,0x00,0x00,0x00,0x00,0x00,0x00,0x00,0x00,0x00,0x00,
  0x00,0x00,0x00,0x00,0x00,0x00,0x00,0x00,0x00,0x00,0x00,0x00,
  0x00,0x00,0x00,0x00,0x00,0x00,0x00,0x00,0x00,0x00,0x00,0x00,
  0x00,0x00,0x00,0x00,0x00,0x00,0x00,0x00,0x00,0x00,0x00,0x00,
  0x00,0x00,0x00,0x00,0x00,0x00,0x00,0x00,0x00,0x00,0x00,0x00,
  0x00,0x00,0x00,0x00,0x00,0x00,0x00,0x00,0x00,0x00,0x00,0x00,
  0x00,0x00,0x00,0x00,0x00,0x00,0x00,0x00,0x00,0x00,0x00,0x00,
  0x00,0x00,0x00,0x00,0x00,0x00,0x00,0x00,0x00,0x00,0x00,0x00,
  0x00,0x00,0x00,0x00,0x00,0x00,0x00,0x00,0x00,0x00,0x00,0x00,
  0x00,0x00,0x00,0x00,0x00,0x00,0x00,0x00,0x00,0x00,0x00,0x00,
  0x00,0x00,0x00,0x00,0x00,0x00,0x00,0x00,0x00,0x3F,0x7F,0x04,
  0x00,0x00,0xFF,0x01,0x1B,0x2A,0x7E,0x79,0x06,0x10,0x79,0xFF,
  0x38,0x7B,0xBB,0xFE,0x60,0xEA,0xFF,0xFF,0x38,0xC1,0xFE,0xFF,
  0x31,0xB7,0xFD,0xFF,0x31,0xB6,0xFE,0xFF,0x31,0xB7,0xFD,0xFF,
  0x2F,0xB5,0xFD,0xFF,0x2F,0xB5,0xFD,0xFF,0x2F,0xB5,0xFD,0xFF,
  0x2F,0xB5,0xFD,0xFF,0x2E,0xB4,0xFD,0xFF,0x2C,0xB2,0xFE,0xFF,
  0x2A,0xB0,0xFE,0xFF,0x36,0xB5,0xFE,0xFF,0x69,0xDB,0xFD,0xFF,
  0x76,0xE8,0xFD,0xFF,0x83,0xF3,0xFE,0xFF,0x6A,0xE1,0xFD,0xFF,
  0x22,0x97,0xFD,0xFF,0x1D,0x89,0xFC,0xFF,0x1A,0x82,0xFC,0xFF,
  0x28,0x9C,0xFC,0xFF,0x2E,0xA6,0xFB,0xFF,0x37,0xB6,0xFC,0xFF,
  0x43,0xCE,0xFE,0xFF,0x40,0xC7,0xFE,0xFF,0x40,0xC4,0xFE,0xFF,
  0x3F,0xC7,0xFF,0xFF,0x3E,0xBE,0xF9,0xFF,0x26,0x69,0xCA,0xFF,
  0x1C,0x46,0xB9,0xFF,0x18,0x36,0xB0,0xFF,0x1C,0x3D,0xB8,0xFF,
  0x12,0x27,0x8E,0xFD,0x08,0x12,0x5C,0xFB,0x2F,0x37,0x77,0x40,
  0x00,0x00,0x00,0x00,0x00,0x00,0x55,0x03,0x00,0x00,0x00,0x00,
  0x00,0x00,0x00,0x00,0x00,0x00,0x00,0x00,0x00,0x00,0x00,0x00,
  0x00,0x00,0x00,0x00,0x00,0x00,0x00,0x00,0x00,0x00,0x00,0x00,
  0x00,0x00,0x00,0x00,0x00,0x00,0x00,0x00,0x00,0x00,0x00,0x00,
  0x00,0x00,0x00,0x00,0x00,0x00,0x00,0x00,0x00,0x00,0x00,0x00,
  0x00,0x00,0x00,0x00,0x00,0x00,0x00,0x00,0x00,0x00,0x00,0x00,
  0x00,0x00,0x00,0x00,0x00,0x00,0x00,0x00,0x00,0x00,0x00,0x00,
  0x00,0x00,0x00,0x00,0x00,0x00,0x00,0x00,0x00,0x00,0x00,0x00,
  0x00,0x00,0x00,0x00,0x00,0x00,0x00,0x00,0x00,0x00,0x00,0x00,
  0x00,0x00,0x00,0x00,0x00,0x00,0x00,0x00,0x00,0x00,0x00,0x00,
  0x00,0x00,0x00,0x00,0x00,0x00,0x00,0x00,0x00,0x00,0x00,0x00,
  0x00,0x00,0x00,0x00,0x00,0x00,0x00,0x00,0x00,0x00,0x00,0x00,
  0x00,0x00,0x00,0x00,0x00,0x00,0x00,0x00,0x00,0x00,0x00,0x00,
  0x00,0x00,0x00,0x00,0x00,0x00,0x00,0x00,0x00,0x00,0x00,0x00,
  0x00,0x00,0x00,0x00,0x00,0x00,0x00,0x00,0x00,0x00,0x00,0x00,
  0x00,0x00,0x00,0x00,0x00,0x00,0x00,0x00,0x00,0x00,0x00,0x00,
  0x00,0x00,0x00,0x00,0x00,0x00,0x00,0x00,0x00,0x00,0x00,0x00,
  0x00,0x00,0x00,0x00,0x00,0x00,0x00,0x00,0x00,0x00,0x00,0x01,
  0x00,0x00,0x00,0x00,0x3F,0x4A,0x7F,0x18,0x31,0x3A,0x6F,0x39,
  0x2F,0x38,0x71,0x36,0x2F,0x38,0x71,0x36,0x32,0x3B,0x76,0x38,
  0x33,0x3C,0x79,0x3B,0x34,0x3E,0x72,0x31,0xFF,0xFF,0xFF,0x01,
  0x00,0x00,0x00,0x00,0x00,0x00,0x00,0x00,0x00,0x00,0x00,0x00,
  0x00,0x00,0x00,0x00,0x00,0x00,0x00,0x00,0x00,0x00,0x00,0x00,
  0x00,0x00,0x00,0x00,0x00,0x00,0x00,0x00,0x00,0x00,0x00,0x00,
  0x00,0x00,0x00,0x00,0x00,0x00,0x00,0x00,0x00,0x00,0x00,0x00,
  0x00,0x00,0x00,0x00,0x00,0x00,0x00,0x00,0x00,0x00,0x00,0x00,
  0x00,0x00,0x00,0x00,0x00,0x00,0x00,0x00,0x00,0x00,0x00,0x00,
  0x00,0x00,0x00,0x00,0x00,0x00,0x00,0x00,0x00,0x00,0x00,0x00,
  0x00,0x00,0x00,0x00,0x00,0x00,0x00,0x00,0x00,0x00,0x00,0x00,
  0x00,0x00,0x00,0x00,0x00,0x00,0x00,0x00,0x00,0x00,0x00,0x00,
  0x00,0x00,0x00,0x00,0x00,0x00,0x00,0x00,0x00,0x00,0x00,0x00,
  0x00,0x00,0x00,0x00,0x00,0x00,0x00,0x00,0x00,0x00,0x00,0x00,
  0x00,0x00,0x00,0x00,0x00,0x00,0x00,0x00,0x00,0x00,0x00,0x00,
  0x00,0x00,0x00,0x00,0x00,0x00,0x00,0x00,0x00,0x00,0x00,0x00,
  0x00,0x00,0x00,0x00,0x00,0x00,0x00,0x00,0x00,0x00,0x00,0x00,
  0x00,0x00,0x00,0x00,0x00,0x00,0x00,0x00,0x00,0x00,0x00,0x00,
  0x00,0x00,0x00,0x00,0x00,0x00,0x00,0x00,0x00,0x00,0x00,0x00,
  0x00,0x00,0x00,0x00,0x00,0x00,0x00,0x00,0x00,0x00,0x00,0x00,
  0x00,0x00,0x00,0x00,0x00,0x00,0x00,0x00,0x00,0x00,0x00,0x00,
  0x00,0x00,0x00,0x00,0x00,0x00,0x00,0x00,0x00,0x00,0x00,0x00,
  0x00,0x00,0x00,0x00,0x00,0x00,0x00,0x00,0x00,0x00,0x00,0x00,
  0x00,0x00,0x7F,0x02,0x02,0x01,0x00,0x00,0x1F,0x2C,0x79,0x73,
  0x04,0x07,0x6F,0xFD,0x35,0x75,0xB7,0xFA,0x56,0xE0,0xFE,0xFF,
  0x2F,0xB5,0xFA,0xFF,0x31,0xB8,0xFD,0xFF,0x30,0xB6,0xFE,0xFF,
  0x32,0xB7,0xFE,0xFF,0x30,0xB5,0xFE,0xFF,0x2F,0xB5,0xFD,0xFF,
  0x2F,0xB5,0xFD,0xFF,0x2F,0xB5,0xFD,0xFF,0x2F,0xB5,0xFD,0xFF,
  0x2D,0xB3,0xFE,0xFF,0x28,0xAF,0xFE,0xFF,0x32,0xB3,0xFD,0xFF,
  0x77,0xEB,0xFE,0xFF,0x7A,0xEC,0xFE,0xFF,0x7F,0xF0,0xFE,0xFF,
  0x69,0xDE,0xFD,0xFF,0x2E,0xAE,0xFD,0xFF,0x2D,0xA9,0xFD,0xFF,
  0x1F,0x8D,0xFC,0xFF,0x1D,0x88,0xFC,0xFF,0x18,0x80,0xFC,0xFF,
  0x29,0x9E,0xFC,0xFF,0x39,0xBC,0xFC,0xFF,0x3B,0xBE,0xFD,0xFF,
  0x41,0xC7,0xFE,0xFF,0x41,0xC9,0xFF,0xFF,0x3F,0xBF,0xF8,0xFF,
  0x1A,0x3E,0xB3,0xFF,0x17,0x32,0xAF,0xFF,0x19,0x38,0xB1,0xFF,
  0x1B,0x3A,0xB0,0xFF,0x11,0x25,0x8B,0xFF,0x0A,0x14,0x65,0xFF,
  0x29,0x33,0x75,0x50,0x00,0x00,0x7F,0x02,0x00,0x00,0x55,0x03,
  0x00,0x00,0x00,0x00,0x00,0x00,0x00,0x00,0x00,0x00,0x00,0x00,
  0x00,0x00,0x00,0x00,0x00,0x00,0x00,0x00,0x00,0x00,0x00,0x00,
  0x00,0x00,0x00,0x00,0x00,0x00,0x00,0x00,0x00,0x00,0x00,0x00,
  0x00,0x00,0x00,0x00,0x00,0x00,0x00,0x00,0x00,0x00,0x00,0x00,
  0x00,0x00,0x00,0x00,0x00,0x00,0x00,0x00,0x00,0x00,0x00,0x00,
  0x00,0x00,0x00,0x00,0x00,0x00,0x00,0x00,0x00,0x00,0x00,0x00,
  0x00,0x00,0x00,0x00,0x00,0x00,0x00,0x00,0x00,0x00,0x00,0x00,
  0x00,0x00,0x00,0x00,0x00,0x00,0x00,0x00,0x00,0x00,0x00,0x00,
  0x00,0x00,0x00,0x00,0x00,0x00,0x00,0x00,0x00,0x00,0x00,0x00,
  0x00,0x00,0x00,0x00,0x00,0x00,0x00,0x00,0x00,0x00,0x00,0x00,
  0x00,0x00,0x00,0x00,0x00,0x00,0x00,0x00,0x00,0x00,0x00,0x00,
  0x00,0x00,0x00,0x00,0x00,0x00,0x00,0x00,0x00,0x00,0x00,0x00,
  0x00,0x00,0x00,0x00,0x00,0x00,0x00,0x00,0x00,0x00,0x00,0x00,
  0x00,0x00,0x00,0x00,0x00,0x00,0x00,0x00,0x00,0x00,0x00,0x00,
  0x00,0x00,0x00,0x00,0x00,0x00,0x00,0x00,0x00,0x00,0x00,0x00,
  0x00,0x00,0x00,0x00,0x00,0x00,0x00,0x00,0x00,0x00,0x00,0x00,
  0x00,0x00,0x00,0x00,0x00,0x00,0x00,0x00,0x00,0x00,0x00,0x00,
  0x00,0x00,0x00,0x00,0x00,0x00,0x00,0x00,0x00,0x00,0x00,0x00,
  0x00,0x00,0x00,0x00,0x00,0x00,0x00,0x00,0x00,0x00,0x00,0x00,
  0x00,0x00,0x00,0x00,0x00,0x00,0x00,0x00,0x00,0x00,0x00,0x00,
  0x00,0x00,0x00,0x00,0x00,0x00,0x00,0x00,0x00,0x00,0x00,0x00,
  0x00,0x00,0x00,0x00,0x00,0x00,0x00,0x00,0x00,0x00,0x00,0x00,
  0x00,0x00,0x00,0x00,0x00,0x00,0x00,0x00,0x00,0x00,0x00,0x00,
  0x00,0x00,0x00,0x00,0x00,0x00,0x00,0x00,0x00,0x00,0x00,0x00,
  0x00,0x00,0x00,0x00,0x00,0x00,0x00,0x00,0x00,0x00,0x00,0x00,
  0x00,0x00,0x00,0x00,0x00,0x00,0x00,0x00,0x00,0x00,0x00,0x00,
  0x00,0x00,0x00,0x00,0x00,0x00,0x00,0x00,0x00,0x00,0x00,0x00,
  0x00,0x00,0x00,0x00,0x00,0x00,0x00,0x00,0x00,0x00,0x00,0x00,
  0x00,0x00,0x00,0x00,0x00,0x00,0x00,0x00,0x00,0x00,0x00,0x00,
  0x00,0x00,0x00,0x00,0x00,0x00,0x00,0x00,0x00,0x00,0x00,0x00,
  0x00,0x00,0x00,0x00,0x00,0x00,0x00,0x00,0x00,0x00,0x00,0x00,
  0x00,0x00,0x00,0x00,0x00,0x00,0x00,0x00,0x00,0x00,0x00,0x00,
  0x00,0x00,0x00,0x00,0x00,0x00,0x00,0x00,0x00,0x00,0x00,0x00,
  0x00,0x00,0x00,0x00,0x00,0x00,0x00,0x00,0x00,0x00,0x00,0x00,
  0x00,0x00,0x00,0x00,0x00,0x00,0x00,0x00,0x00,0x00,0x00,0x00,
  0x00,0x00,0x00,0x00,0x00,0x00,0x00,0x00,0x00,0x00,0x00,0x00,
  0x00,0x00,0x00,0x00,0x00,0x00,0x00,0x00,0x00,0x00,0x00,0x00,
  0x00,0x00,0x00,0x00,0x00,0x00,0x00,0x00,0x00,0x00,0x00,0x00,
  0x00,0x00,0x00,0x00,0x00,0x00,0x00,0x00,0x00,0x00,0x00,0x00,
  0x00,0x00,0x00,0x00,0x00,0x00,0x00,0x00,0x00,0x7F,0x7F,0x02,
  0x00,0x00,0x00,0x00,0x4E,0x5B,0x8F,0x27,0x1D,0x23,0x77,0xB6,
  0x30,0x62,0xA6,0xE2,0x40,0xA2,0xD9,0xFF,0x45,0xB5,0xE8,0xFE,
  0x4C,0xD6,0xFF,0xFF,0x44,0xCB,0xFD,0xFF,0x34,0xBB,0xFD,0xFF,
  0x31,0xB8,0xFD,0xFF,0x31,0xB6,0xFD,0xFF,0x31,0xB5,0xFE,0xFF,
  0x31,0xB5,0xFE,0xFF,0x2F,0xB5,0xFD,0xFF,0x2F,0xB5,0xFD,0xFF,
  0x2F,0xB5,0xFD,0xFF,0x29,0xB0,0xFE,0xFF,0x3F,0xC0,0xFE,0xFF,
  0x66,0xDA,0xFC,0xFF,0x76,0xE9,0xFE,0xFF,0x7B,0xED,0xFE,0xFF,
  0x73,0xE6,0xFD,0xFF,0x44,0xC2,0xFD,0xFF,0x31,0xB5,0xFE,0xFF,
  0x31,0xB5,0xFE,0xFF,0x33,0xB5,0xFD,0xFF,0x26,0x99,0xFC,0xFF,
  0x1A,0x83,0xFC,0xFF,0x1C,0x86,0xFC,0xFF,0x19,0x7E,0xFB,0xFF,
  0x2A,0x9E,0xFC,0xFF,0x40,0xC5,0xFE,0xFF,0x3E,0xC4,0xFF,0xFF,
  0x3E,0xB8,0xF3,0xFF,0x1C,0x45,0xB6,0xFF,0x18,0x36,0xB2,0xFF,
  0x19,0x36,0xAD,0xFE,0x09,0x18,0x7A,0xFF,0x0F,0x1A,0x6A,0xDD,
  0x1F,0x27,0x6A,0x81,0x30,0x3E,0x7C,0x25,0x00,0x00,0x00,0x00,
  0x00,0x00,0x7F,0x02,0x00,0x00,0x00,0x00,0x00,0x00,0x00,0x00,
  0x00,0x00,0x00,0x00,0x00,0x00,0x00,0x00,0x00,0x00,0x00,0x00,
  0x00,0x00,0x00,0x00,0x00,0x00,0x00,0x00,0x00,0x00,0x00,0x00,
  0x00,0x00,0x00,0x00,0x00,0x00,0x00,0x00,0x00,0x00,0x00,0x00,
  0x00,0x00,0x00,0x00,0x00,0x00,0x00,0x00,0x00,0x00,0x00,0x00,
  0x00,0x00,0x00,0x00,0x00,0x00,0x00,0x00,0x00,0x00,0x00,0x00,
  0x00,0x00,0x00,0x00,0x00,0x00,0x00,0x00,0x00,0x00,0x00,0x00,
  0x00,0x00,0x00,0x00,0x00,0x00,0x00,0x00,0x00,0x00,0x00,0x00,
  0x00,0x00,0x00,0x00,0x00,0x00,0x00,0x00,0x00,0x00,0x00,0x00,
  0x00,0x00,0x00,0x00,0x00,0x00,0x00,0x00,0x00,0x00,0x00,0x00,
  0x00,0x00,0x00,0x00,0x00,0x00,0x00,0x00,0x00,0x00,0x00,0x00,
  0x00,0x00,0x00,0x00,0x00,0x00,0x00,0x00,0x00,0x00,0x00,0x00,
  0x00,0x00,0x00,0x00,0x00,0x00,0x00,0x00,0x00,0x00,0x00,0x00,
  0x00,0x00,0x00,0x00,0x00,0x00,0x00,0x00,0x00,0x00,0x00,0x00,
  0x00,0x00,0x00,0x00,0x00,0x00,0x00,0x00,0x00,0x00,0x00,0x00,
  0x00,0x00,0x00,0x00,0x00,0x00,0x00,0x00,0x00,0x00,0x00,0x00,
  0x00,0x00,0x00,0x00,0x00,0x00,0x00,0x00,0x00,0x00,0x00,0x00,
  0x00,0x00,0x00,0x00,0x00,0x00,0x00,0x00,0x00,0x00,0x00,0x00,
  0x00,0x00,0xFF,0x01,0x00,0x55,0x55,0x03,0x00,0x00,0x7F,0x02,
  0x00,0x00,0x55,0x03,0x00,0x55,0x55,0x03,0x00,0x55,0x55,0x03,
  0x00,0x7F,0x7F,0x02,0x00,0x00,0x00,0x00,0x00,0x00,0x00,0x00,
  0x00,0x00,0x00,0x00,0x00,0x00,0x00,0x00,0x00,0x00,0x00,0x00,
  0x00,0x00,0x00,0x00,0x00,0x00,0x00,0x00,0x00,0x00,0x00,0x00,
  0x00,0x00,0x00,0x00,0x00,0x00,0x00,0x00,0x00,0x00,0x00,0x00,
  0x00,0x00,0x00,0x00,0x00,0x00,0x00,0x00,0x00,0x00,0x00,0x00,
  0x00,0x00,0x00,0x00,0x00,0x00,0x00,0x00,0x00,0x00,0x00,0x00,
  0x00,0x00,0x00,0x00,0x00,0x00,0x00,0x00,0x00,0x00,0x00,0x00,
  0x00,0x00,0x00,0x00,0x00,0x00,0x00,0x00,0x00,0x00,0x00,0x00,
  0x00,0x00,0x00,0x00,0x00,0x00,0x00,0x00,0x00,0x00,0x00,0x00,
  0x00,0x00,0x00,0x00,0x00,0x00,0x00,0x00,0x00,0x00,0x00,0x00,
  0x00,0x00,0x00,0x00,0x00,0x00,0x00,0x00,0x00,0x00,0x00,0x00,
  0x00,0x00,0x00,0x00,0x00,0x00,0x00,0x00,0x00,0x00,0x00,0x00,
  0x00,0x00,0x00,0x00,0x00,0x00,0x00,0x00,0x00,0x00,0x00,0x00,
  0x00,0x00,0x00,0x00,0x00,0x00,0x00,0x00,0x00,0x00,0x00,0x00,
  0x00,0x00,0x00,0x00,0x00,0x00,0x00,0x00,0x00,0x00,0x00,0x00,
  0x00,0x00,0x00,0x00,0x00,0x00,0x00,0x00,0x00,0x00,0x00,0x00,
  0x00,0x00,0x00,0x00,0x00,0x00,0x00,0x00,0x00,0x00,0x00,0x00,
  0x00,0x00,0x00,0x00,0x00,0x00,0x00,0x00,0x00,0x00,0x00,0x00,
  0x00,0x00,0x00,0x00,0x00,0x00,0x00,0x00,0x00,0x00,0x00,0x00,
  0x00,0x00,0x00,0x00,0x00,0x00,0x00,0x00,0x00,0x00,0x00,0x00,
  0x00,0x7F,0x7F,0x02,0x00,0x00,0x55,0x03,0x3E,0x50,0x86,0x39,
  0x0B,0x13,0x77,0xFF,0x25,0x65,0xB6,0xFF,0x4F,0xE5,0xFF,0xFE,
  0x46,0xD2,0xFF,0xFF,0x45,0xCD,0xFE,0xFF,0x47,0xD0,0xFE,0xFF,
  0x43,0xCC,0xFE,0xFF,0x35,0xBC,0xFD,0xFF,0x32,0xB8,0xFD,0xFF,
  0x31,0xB6,0xFE,0xFF,0x31,0xB5,0xFE,0xFF,0x31,0xB5,0xFE,0xFF,
  0x2E,0xB4,0xFD,0xFF,0x2D,0xB3,0xFE,0xFF,0x26,0xAD,0xFE,0xFF,
  0x4D,0xCA,0xFE,0xFF,0x84,0xF4,0xFE,0xFF,0x77,0xEB,0xFE,0xFF,
  0x81,0xF0,0xFE,0xFF,0x6A,0xE0,0xFE,0xFF,0x2A,0xAD,0xFE,0xFF,
  0x30,0xB0,0xFE,0xFF,0x30,0xB0,0xFE,0xFF,0x31,0xB3,0xFE,0xFF,
  0x2E,0xAC,0xFD,0xFF,0x2B,0xA7,0xFD,0xFF,0x22,0x94,0xFC,0xFF,
  0x1C,0x85,0xFC,0xFF,0x1C,0x85,0xFC,0xFF,0x1D,0x89,0xFC,0xFF,
  0x20,0x91,0xFC,0xFF,0x1E,0x51,0xC1,0xFF,0x19,0x35,0xAF,0xFF,
  0x19,0x38,0xB3,0xFF,0x18,0x35,0xAD,0xFC,0x06,0x14,0x74,0xFF,
  0x10,0x1A,0x64,0xAF,0x02,0x00,0x00,0x00,0x00,0x00,0x00,0x00,
  0x00,0x00,0x00,0x00,0x00,0x00,0x00,0x00,0x00,0x00,0x00,0x00,
  0x00,0x00,0x00,0x00,0x00,0x00,0x00,0x00,0x00,0x00,0x00,0x00,
  0x00,0x00,0x00,0x00,0x00,0x00,0x00,0x00,0x00,0x00,0x00,0x00,
  0x00,0x00,0x00,0x00,0x00,0x00,0x00,0x00,0x00,0x00,0x00,0x00,
  0x00,0x00,0x00,0x00,0x00,0x00,0x00,0x00,0x00,0x00,0x00,0x00,
  0x00,0x00,0x00,0x00,0x00,0x00,0x00,0x00,0x00,0x00,0x00,0x00,
  0x00,0x00,0x00,0x00,0x00,0x00,0x00,0x00,0x00,0x00,0x00,0x00,
  0x00,0x00,0x00,0x00,0x00,0x00,0x00,0x00,0x00,0x00,0x00,0x00,
  0x00,0x00,0x00,0x00,0x00,0x00,0x00,0x00,0x00,0x00,0x00,0x00,
  0x00,0x00,0x00,0x00,0x00,0x00,0x00,0x00,0x00,0x00,0x00,0x00,
  0x00,0x00,0x00,0x00,0x00,0x00,0x00,0x00,0x00,0x00,0x00,0x00,
  0x00,0x00,0x00,0x00,0x00,0x00,0x00,0x00,0x00,0x00,0x00,0x00,
  0x00,0x00,0x00,0x00,0x00,0x00,0x00,0x00,0x00,0x00,0x00,0x00,
  0x00,0x00,0x00,0x00,0x00,0x00,0x00,0x00,0x00,0x00,0x00,0x00,
  0x00,0x00,0x00,0x00,0x00,0x00,0x00,0x00,0x00,0x00,0x00,0x00,
  0x00,0x00,0x00,0x00,0x00,0x00,0x00,0x00,0x00,0x00,0x00,0x00,
  0x00,0x00,0x00,0x00,0x00,0x00,0x00,0x00,0x00,0x00,0x00,0x00,
  0x00,0x00,0x00,0x00,0x00,0x00,0x00,0x00,0x00,0x00,0x00,0x00,
  0x00,0x00,0x00,0x00,0x00,0x00,0x00,0x00,0x00,0x00,0x00,0x00,
  0x00,0x00,0x00,0x00,0x00,0x00,0x00,0x00,0x00,0x00,0x00,0x00,
  0x00,0x00,0x00,0x00,0x00,0x00,0x00,0x00,0x00,0x00,0x00,0x00,
  0x00,0x00,0x00,0x00,0x00,0x00,0x00,0x00,0x00,0x00,0x00,0x00,
  0x00,0x00,0x00,0x00,0x00,0x00,0x00,0x00,0x00,0x00,0x00,0x00,
  0x00,0x00,0x00,0x00,0x00,0x00,0x00,0x00,0x00,0x00,0x00,0x00,
  0x00,0x00,0x00,0x00,0x00,0x00,0x00,0x00,0x00,0x00,0x00,0x00,
  0x00,0x00,0x00,0x00,0x00,0x00,0x00,0x00,0x00,0x00,0x00,0x00,
  0x00,0x00,0x00,0x00,0x00,0x00,0x00,0x00,0x00,0x00,0x00,0x00,
  0x00,0x00,0x00,0x00,0x00,0x00,0x00,0x00,0x00,0x00,0x00,0x00,
  0x00,0x00,0x00,0x00,0x00,0x00,0x00,0x00,0x00,0x00,0x00,0x00,
  0x00,0x00,0x00,0x00,0x00,0x00,0x00,0x00,0x00,0x00,0x00,0x00,
  0x00,0x00,0x00,0x00,0x00,0x00,0x00,0x00,0x00,0x00,0x00,0x00,
  0x00,0x00,0x00,0x00,0x00,0x00,0x00,0x00,0x00,0x00,0x00,0x00,
  0x00,0x00,0x00,0x00,0x00,0x00,0x00,0x00,0x00,0x00,0x00,0x00,
  0x00,0x00,0x00,0x00,0x00,0x00,0x00,0x00,0x00,0x00,0x00,0x00,
  0x00,0x00,0x00,0x00,0x00,0x00,0x00,0x00,0x00,0x00,0x00,0x00,
  0x00,0x00,0x00,0x00,0x00,0x00,0x00,0x00,0x00,0x00,0x00,0x00,
  0x00,0x00,0x00,0x00,0x00,0x00,0x00,0x00,0x00,0x00,0x00,0x00,
  0x00,0x00,0x00,0x00,0x00,0x00,0x00,0x00,0x00,0x00,0x00,0x00,
  0x00,0x00,0x00,0x00,0x00,0x00,0x00,0x00,0x00,0x00,0x00,0x00,
  0x00,0x00,0x00,0x00,0x00,0x00,0x00,0x00,0x00,0x00,0x00,0x00,
  0x00,0x00,0x00,0x00,0x00,0x00,0x00,0x00,0x00,0x00,0x00,0x00,
  0x5A,0x6A,0x8A,0x30,0x0A,0x0A,0x69,0xFA,0x24,0x5B,0xA9,0xFE,
  0x49,0xD6,0xFF,0xFE,0x44,0xCA,0xFC,0xFF,0x45,0xCD,0xFD,0xFF,
  0x45,0xCC,0xFD,0xFF,0x47,0xD0,0xFE,0xFF,0x46,0xCF,0xFE,0xFF,
  0x3A,0xC3,0xFE,0xFF,0x31,0xB7,0xFD,0xFF,0x30,0xB6,0xFD,0xFF,
  0x2F,0xB5,0xFD,0xFF,0x2F,0xB5,0xFD,0xFF,0x2E,0xB3,0xFE,0xFF,
  0x29,0xB0,0xFE,0xFF,0x4E,0xCA,0xFE,0xFF,0x7F,0xEF,0xFE,0xFF,
  0x78,0xEB,0xFE,0xFF,0x7B,0xEC,0xFE,0xFF,0x62,0xDB,0xFD,0xFF,
  0x2F,0xB1,0xFE,0xFF,0x2F,0xB0,0xFE,0xFF,0x2F,0xB0,0xFE,0xFF,
  0x2F,0xB0,0xFE,0xFF,0x31,0xB2,0xFD,0xFF,0x32,0xB4,0xFD,0xFF,
  0x30,0xB0,0xFD,0xFF,0x2E,0xAA,0xFD,0xFF,0x1C,0x83,0xFC,0xFF,
  0x18,0x7D,0xFC,0xFF,0x1B,0x84,0xFA,0xFF,0x1A,0x42,0xBB,0xFF,
  0x18,0x34,0xAE,0xFF,0x19,0x39,0xB3,0xFF,0x18,0x35,0xAC,0xFC,
  0x07,0x14,0x73,0xFF,0x0F,0x19,0x64,0xB4,0x7F,0x3F,0x3F,0x04,
  0x00,0x00,0x7F,0x02,0x00,0x00,0x00,0x00,0x00,0x00,0x00,0x00,
  0x00,0x00,0x00,0x00,0x00,0x00,0x00,0x00,0x00,0x00,0x00,0x00,
  0x00,0x00,0x00,0x00,0x00,0x00,0x00,0x00,0x00,0x00,0x00,0x00,
  0x00,0x00,0x00,0x00,0x00,0x00,0x00,0x00,0x00,0x00,0x00,0x00,
  0x00,0x00,0x00,0x00,0x00,0x00,0x00,0x00,0x00,0x00,0x00,0x00,
  0x00,0x00,0x00,0x00,0x00,0x00,0x00,0x00,0x00,0x00,0x00,0x00,
  0x00,0x00,0x00,0x00,0x00,0x00,0x00,0x00,0x00,0x00,0x00,0x00,
  0x00,0x00,0x00,0x00,0x00,0x00,0x00,0x00,0x00,0x00,0x00,0x00,
  0x00,0x00,0x00,0x00,0x00,0x00,0x00,0x00,0x00,0x00,0x00,0x00,
  0x00,0x00,0x00,0x00,0x00,0x00,0x00,0x00,0x00,0x00,0x00,0x00,
  0x00,0x00,0x00,0x00,0x00,0x00,0x00,0x00,0x00,0x00,0x00,0x00,
  0x00,0x00,0x00,0x00,0x00,0x00,0x00,0x00,0x00,0x00,0x00,0x00,
  0x00,0x00,0x00,0x00,0x00,0x00,0x00,0x00,0x00,0x00,0x00,0x00,
  0x00,0x00,0x00,0x00,0x00,0x00,0x00,0x00,0x00,0x00,0x00,0x00,
  0x00,0x00,0x00,0x00,0x00,0x00,0x00,0x00,0x00,0x00,0x00,0x00,
  0x00,0x00,0x00,0x00,0x00,0x00,0x00,0x00,0x00,0x00,0x00,0x00,
  0x00,0x00,0x00,0x00,0x00,0x00,0x00,0x00,0x00,0x00,0x00,0x00,
  0x00,0x00,0x00,0x00,0x00,0x00,0x00,0x00,0x00,0x00,0x00,0x00,
  0x00,0x00,0x00,0x00,0x00,0x00,0x00,0x00,0x00,0x00,0x00,0x00,
  0x00,0x00,0x00,0x00,0x00,0x00,0x00,0x00,0x00,0x00,0x00,0x00,
  0x00,0x00,0x00,0x00,0x00,0x00,0x00,0x00,0x00,0x00,0x00,0x00,
  0x00,0x00,0x00,0x00,0x00,0x00,0x00,0x00,0x00,0x00,0x00,0x00,
  0x00,0x00,0x00,0x00,0x00,0x00,0x00,0x00,0x00,0x00,0x00,0x00,
  0x00,0x00,0x00,0x00,0x00,0x00,0x00,0x00,0x00,0x00,0x00,0x00,
  0x00,0x00,0x00,0x00,0x00,0x00,0x00,0x00,0x00,0x00,0x00,0x00,
  0x00,0x00,0x00,0x00,0x00,0x00,0x00,0x00,0x00,0x00,0x00,0x00,
  0x00,0x00,0x00,0x00,0x00,0x00,0x00,0x00,0x00,0x00,0x00,0x00,
  0x00,0x00,0x00,0x00,0x00,0x00,0x00,0x00,0x00,0x00,0x00,0x00,
  0x00,0x00,0x00,0x00,0x00,0x00,0x00,0x00,0x00,0x00,0x00,0x00,
  0x00,0x00,0x00,0x00,0x00,0x00,0x00,0x00,0x00,0x00,0x00,0x00,
  0x00,0x00,0x00,0x00,0x00,0x00,0x00,0x00,0x00,0x00,0x00,0x00,
  0x00,0x00,0x00,0x00,0x00,0x00,0x00,0x00,0x00,0x00,0x00,0x00,
  0x00,0x00,0x00,0x00,0x00,0x00,0x00,0x00,0x00,0x00,0x00,0x00,
  0x00,0x00,0x00,0x00,0x00,0x00,0x00,0x00,0x00,0x00,0x00,0x00,
  0x00,0x00,0x00,0x00,0x00,0x00,0x00,0x00,0x00,0x00,0x00,0x00,
  0x00,0x00,0x00,0x00,0x00,0x00,0x00,0x00,0x00,0x00,0x00,0x00,
  0x00,0x00,0x00,0x00,0x00,0x00,0x00,0x00,0x00,0x00,0x00,0x00,
  0x00,0x00,0x00,0x00,0x00,0x00,0x00,0x00,0x00,0x00,0x00,0x00,
  0x00,0x00,0x00,0x00,0x00,0x00,0x00,0x00,0x00,0x00,0x00,0x00,
  0x00,0x00,0x00,0x00,0x00,0x00,0x00,0x00,0x00,0x00,0x00,0x00,
  0x00,0x00,0x00,0x01,0x00,0x00,0x00,0x00,0x34,0x3D,0x72,0x1D,
  0x14,0x1A,0x6B,0x98,0x25,0x40,0x8F,0xB9,0x35,0x84,0xC7,0xFF,
  0x3B,0xA5,0xDF,0xFF,0x47,0xD1,0xFE,0xFF,0x45,0xCD,0xFD,0xFF,
  0x43,0xCA,0xFD,0xFF,0x42,0xCA,0xFD,0xFF,0x44,0xCB,0xFD,0xFF,
  0x46,0xCD,0xFD,0xFF,0x46,0xCE,0xFD,0xFF,0x37,0xBE,0xFD,0xFF,
  0x30,0xB6,0xFD,0xFF,0x2F,0xB5,0xFD,0xFF,0x2F,0xB5,0xFD,0xFF,
  0x2C,0xB2,0xFD,0xFF,0x5D,0xD6,0xFE,0xFF,0x79,0xEB,0xFE,0xFF,
  0x78,0xEA,0xFE,0xFF,0x7D,0xEF,0xFE,0xFF,0x5B,0xD3,0xFD,0xFF,
  0x2F,0xB0,0xFD,0xFF,0x30,0xB2,0xFE,0xFF,0x2F,0xB1,0xFE,0xFF,
  0x2F,0xB0,0xFE,0xFF,0x30,0xB1,0xFD,0xFF,0x30,0xB0,0xFD,0xFF,
  0x2F,0xAF,0xFD,0xFF,0x31,0xB1,0xFD,0xFF,0x31,0xB0,0xFD,0xFF,
  0x28,0x9E,0xFD,0xFF,0x26,0x9C,0xFD,0xFF,0x20,0x8D,0xFF,0xFF,
  0x1B,0x46,0xBD,0xFF,0x18,0x35,0xAF,0xFF,0x1A,0x3B,0xB8,0xFF,
  0x1A,0x37,0xAE,0xFB,0x07,0x13,0x6F,0xFC,0x0F,0x18,0x64,0xB1,
  0x02,0x01,0x00,0x00,0x00,0x00,0x00,0x01,0x00,0x00,0x00,0x00,
  0x00,0x00,0x00,0x00,0x00,0x00,0x00,0x00,0x00,0x00,0x00,0x00,
  0x00,0x00,0x00,0x00,0x00,0x00,0x00,0x00,0x00,0x00,0x00,0x00,
  0x00,0x00,0x00,0x00,0x00,0x00,0x00,0x00,0x00,0x00,0x00,0x00,
  0x00,0x00,0x00,0x00,0x00,0x00,0x00,0x00,0x00,0x00,0x00,0x00,
  0x00,0x00,0x00,0x00,0x00,0x00,0x00,0x00,0x00,0x00,0x00,0x00,
  0x00,0x00,0x00,0x00,0x00,0x00,0x00,0x00,0x00,0x00,0x00,0x00,
  0x00,0x00,0x00,0x00,0x00,0x00,0x00,0x00,0x00,0x00,0x00,0x00,
  0x00,0x00,0x00,0x00,0x00,0x00,0x00,0x00,0x00,0x00,0x00,0x00,
  0x00,0x00,0x00,0x00,0x00,0x00,0x00,0x00,0x00,0x00,0x00,0x00,
  0x00,0x00,0x00,0x00,0x00,0x00,0x00,0x00,0x00,0x00,0x00,0x00,
  0x00,0x00,0x00,0x00,0x00,0x00,0x00,0x00,0x00,0x00,0x00,0x00,
  0x00,0x00,0x00,0x00,0x00,0x00,0x00,0x00,0x00,0x00,0x00,0x00,
  0x00,0x00,0x00,0x00,0x00,0x00,0x00,0x00,0x00,0x00,0x00,0x00,
  0x00,0x00,0x00,0x00,0x00,0x00,0x00,0x00,0x00,0x00,0x00,0x00,
  0x00,0x00,0x00,0x00,0x00,0x00,0x00,0x00,0x00,0x00,0x00,0x00,
  0x00,0x00,0x00,0x00,0x00,0x00,0x00,0x00,0x00,0x00,0x00,0x00,
  0x00,0x00,0x00,0x00,0x00,0x00,0x00,0x00,0x00,0x00,0x00,0x00,
  0x00,0x00,0x00,0x00,0x00,0x00,0x00,0x00,0x00,0x00,0x00,0x00,
  0x00,0x00,0x00,0x00,0x00,0x00,0x00,0x00,0x00,0x00,0x00,0x00,
  0x00,0x00,0x00,0x00,0x00,0x00,0x00,0x00,0x00,0x00,0x00,0x00,
  0x00,0x00,0x00,0x00,0x00,0x00,0x00,0x00,0x00,0x00,0x00,0x00,
  0x00,0x00,0x00,0x00,0x00,0x00,0x00,0x00,0x00,0x00,0x00,0x00,
  0x00,0x00,0x00,0x00,0x00,0x00,0x00,0x00,0x00,0x00,0x00,0x00,
  0x00,0x00,0x00,0x00,0x00,0x00,0x00,0x00,0x00,0x00,0x00,0x00,
  0x00,0x00,0x00,0x00,0x00,0x00,0x00,0x00,0x00,0x00,0x00,0x00,
  0x00,0x00,0x00,0x00,0x00,0x00,0x00,0x00,0x00,0x00,0x00,0x00,
  0x00,0x00,0x00,0x00,0x00,0x00,0x00,0x00,0x00,0x00,0x00,0x00,
  0x00,0x00,0x00,0x00,0x00,0x00,0x00,0x00,0x00,0x00,0x00,0x00,
  0x00,0x00,0x00,0x00,0x00,0x00,0x00,0x00,0x00,0x00,0x00,0x00,
  0x00,0x00,0x00,0x00,0x00,0x00,0x00,0x00,0x00,0x00,0x00,0x00,
  0x00,0x00,0x00,0x00,0x00,0x00,0x00,0x00,0x00,0x00,0x00,0x00,
  0x00,0x00,0x00,0x00,0x00,0x00,0x00,0x00,0x00,0x00,0x00,0x00,
  0x00,0x00,0x00,0x00,0x00,0x00,0x00,0x00,0x00,0x00,0x00,0x00,
  0x00,0x00,0x00,0x00,0x00,0x00,0x00,0x00,0x00,0x00,0x00,0x00,
  0x00,0x00,0x00,0x00,0x00,0x00,0x00,0x00,0x00,0x00,0x00,0x00,
  0x00,0x00,0x00,0x00,0x00,0x00,0x00,0x00,0x00,0x00,0x00,0x00,
  0x00,0x00,0x00,0x00,0x00,0x00,0x00,0x00,0x00,0x00,0x00,0x00,
  0x00,0x00,0x00,0x00,0x00,0x00,0x00,0x00,0x00,0x00,0x00,0x00,
  0x00,0x00,0x00,0x00,0x00,0x00,0x00,0x00,0x00,0x00,0x00,0x00,
  0x00,0x00,0x00,0x00,0x00,0x00,0x7F,0x04,0x00,0x00,0x7F,0x04,
  0x23,0x32,0x73,0x33,0x0A,0x16,0x79,0xFF,0x14,0x37,0x9D,0xFF,
  0x40,0xCA,0xFF,0xFE,0x3F,0xCF,0xFF,0xFF,0x3F,0xC6,0xFD,0xFF,
  0x40,0xC9,0xFE,0xFF,0x54,0xD8,0xFE,0xFF,0x57,0xDA,0xFE,0xFF,
  0x47,0xCD,0xFD,0xFF,0x44,0xCA,0xFD,0xFF,0x42,0xC6,0xFD,0xFF,
  0x35,0xBB,0xFD,0xFF,0x30,0xB6,0xFD,0xFF,0x31,0xB6,0xFE,0xFF,
  0x31,0xB7,0xFD,0xFF,0x2C,0xB1,0xFD,0xFF,0x63,0xDB,0xFE,0xFF,
  0x80,0xF0,0xFE,0xFF,0x78,0xEA,0xFE,0xFF,0x80,0xF1,0xFE,0xFF,
  0x59,0xD1,0xFD,0xFF,0x29,0xAB,0xFE,0xFF,0x30,0xB1,0xFE,0xFF,
  0x2D,0xB0,0xFE,0xFF,0x2F,0xB0,0xFE,0xFF,0x2F,0xB0,0xFE,0xFF,
  0x2E,0xB0,0xFE,0xFF,0x2F,0xB0,0xFE,0xFF,0x2F,0xB0,0xFE,0xFF,
  0x2F,0xAF,0xFE,0xFF,0x31,0xB5,0xFE,0xFF,0x31,0xAE,0xFB,0xFF,
  0x20,0x6A,0xD8,0xFF,0x19,0x3B,0xB5,0xFF,0x18,0x35,0xAE,0xFF,
  0x16,0x2E,0x9B,0xFF,0x14,0x29,0x94,0xFF,0x06,0x13,0x73,0xFF,
  0x11,0x1C,0x66,0xBD,0x02,0x02,0x00,0x00,0x00,0x00,0x00,0x01,
  0x00,0x00,0x00,0x00,0x00,0x00,0x00,0x00,0x00,0x00,0x00,0x00,
  0x00,0x00,0x00,0x00,0x00,0x00,0x00,0x00,0x00,0x00,0x00,0x00,
  0x00,0x00,0x00,0x00,0x00,0x00,0x00,0x00,0x00,0x00,0x00,0x00,
  0x00,0x00,0x00,0x00,0x00,0x00,0x00,0x00,0x00,0x00,0x00,0x00,
  0x00,0x00,0x00,0x00,0x00,0x00,0x00,0x00,0x00,0x00,0x00,0x00,
  0x00,0x00,0x00,0x00,0x00,0x00,0x00,0x00,0x00,0x00,0x00,0x00,
  0x00,0x00,0x00,0x00,0x00,0x00,0x00,0x00,0x00,0x00,0x00,0x00,
  0x00,0x00,0x00,0x00,0x00,0x00,0x00,0x00,0x00,0x00,0x00,0x00,
  0x00,0x00,0x00,0x00,0x00,0x00,0x00,0x00,0x00,0x00,0x00,0x00,
  0x00,0x00,0x00,0x00,0x00,0x00,0x00,0x00,0x00,0x00,0x00,0x00,
  0x00,0x00,0x00,0x00,0x00,0x00,0x00,0x00,0x00,0x00,0x00,0x00,
  0x00,0x00,0x00,0x00,0x00,0x00,0x00,0x00,0x00,0x00,0x00,0x00,
  0x00,0x00,0x00,0x00,0x00,0x00,0x00,0x00,0x00,0x00,0x00,0x00,
  0x00,0x00,0x00,0x00,0x00,0x00,0x00,0x00,0x00,0x00,0x00,0x00,
  0x00,0x00,0x00,0x00,0x00,0x00,0x00,0x00,0x00,0x00,0x00,0x00,
  0x00,0x00,0x00,0x00,0x00,0x00,0x00,0x00,0x00,0x00,0x00,0x00,
  0x00,0x00,0x00,0x00,0x00,0x00,0x00,0x00,0x00,0x00,0x00,0x00,
  0x00,0x00,0x00,0x00,0x00,0x00,0x00,0x00,0x00,0x00,0x00,0x00,
  0x00,0x00,0x00,0x00,0x00,0x00,0x00,0x00,0x00,0x00,0x00,0x00,
  0x00,0x00,0x00,0x00,0x00,0x00,0x00,0x00,0x00,0x00,0x00,0x00,
  0x00,0x00,0x00,0x00,0x00,0x00,0x00,0x00,0x00,0x00,0x00,0x00,
  0x00,0x00,0x00,0x00,0x00,0x00,0x00,0x00,0x00,0x00,0x00,0x00,
  0x00,0x00,0x00,0x00,0x00,0x00,0x00,0x00,0x00,0x00,0x00,0x00,
  0x00,0x00,0x00,0x00,0x00,0x00,0x00,0x00,0x00,0x00,0x00,0x00,
  0x00,0x00,0x00,0x00,0x00,0x00,0x00,0x00,0x00,0x00,0x00,0x00,
  0x00,0x00,0x00,0x00,0x00,0x00,0x00,0x00,0x00,0x00,0x00,0x00,
  0x00,0x00,0x00,0x00,0x00,0x00,0x00,0x00,0x00,0x00,0x00,0x00,
  0x00,0x00,0x00,0x00,0x00,0x00,0x00,0x00,0x00,0x00,0x00,0x00,
  0x00,0x00,0x00,0x00,0x00,0x00,0x00,0x00,0x00,0x00,0x00,0x00,
  0x00,0x00,0x00,0x00,0x00,0x00,0x00,0x00,0x00,0x00,0x00,0x00,
  0x00,0x00,0x00,0x00,0x00,0x00,0x00,0x00,0x00,0x00,0x00,0x00,
  0x00,0x00,0x00,0x00,0x00,0x00,0x00,0x00,0x00,0x00,0x00,0x00,
  0x00,0x00,0x00,0x00,0x00,0x00,0x00,0x00,0x00,0x00,0x00,0x00,
  0x00,0x00,0x00,0x00,0x00,0x00,0x00,0x00,0x00,0x00,0x00,0x00,
  0x00,0x00,0x00,0x00,0x00,0x00,0x00,0x00,0x00,0x00,0x00,0x00,
  0x00,0x00,0x00,0x00,0x00,0x00,0x00,0x00,0x00,0x00,0x00,0x00,
  0x00,0x00,0x00,0x00,0x00,0x00,0x00,0x00,0x00,0x00,0x00,0x00,
  0x00,0x00,0x00,0x00,0x00,0x00,0x00,0x00,0x00,0x00,0x00,0x00,
  0x00,0x00,0x00,0x00,0x00,0x00,0x00,0x00,0x00,0x00,0x00,0x00,
  0x00,0x00,0x00,0x00,0x00,0x00,0x00,0x00,0x00,0x00,0x00,0x00,
  0x00,0x00,0x00,0x00,0x41,0x3B,0x76,0x2B,0x07,0x0A,0x6C,0xFA,
  0x10,0x2A,0x8C,0xFC,0x3B,0xBA,0xF7,0xFE,0x39,0xC3,0xFE,0xFF,
  0x39,0xC0,0xFD,0xFF,0x3C,0xC3,0xFE,0xFF,0x5F,0xDF,0xFE,0xFF,
  0x65,0xE3,0xFE,0xFF,0x44,0xCB,0xFE,0xFF,0x38,0xBE,0xFD,0xFF,
  0x1F,0x99,0xFE,0xFF,0x20,0x97,0xFE,0xFF,0x2B,0xA9,0xFE,0xFF,
  0x32,0xB5,0xFE,0xFF,0x2D,0xB1,0xFE,0xFF,0x33,0xB7,0xFE,0xFF,
  0x6E,0xE2,0xFE,0xFF,0x7C,0xEC,0xFE,0xFF,0x7A,0xEC,0xFE,0xFF,
  0x7F,0xF0,0xFE,0xFF,0x58,0xD0,0xFD,0xFF,0x2A,0xAD,0xFE,0xFF,
  0x30,0xB1,0xFE,0xFF,0x2E,0xAF,0xFE,0xFF,0x2D,0xB1,0xFE,0xFF,
  0x2D,0xAF,0xFE,0xFF,0x2E,0xAF,0xFE,0xFF,0x2F,0xB0,0xFE,0xFF,
  0x2E,0xB0,0xFE,0xFF,0x2F,0xB0,0xFE,0xFF,0x2D,0xB1,0xFF,0xFF,
  0x2C,0xA5,0xF7,0xFF,0x19,0x3E,0xB3,0xFF,0x15,0x32,0xAD,0xFF,
  0x18,0x34,0xA8,0xFE,0x06,0x12,0x6A,0xFF,0x0B,0x14,0x63,0xE1,
  0x28,0x33,0x77,0x78,0x34,0x3E,0x79,0x52,0x01,0x01,0x00,0x00,
  0x00,0x00,0x00,0x01,0x00,0x00,0x00,0x00,0x00,0x00,0x00,0x00,
  0x00,0x00,0x00,0x00,0x00,0x00,0x00,0x00,0x00,0x00,0x00,0x00,
  0x00,0x00,0x00,0x00,0x00,0x00,0x00,0x00,0x00,0x00,0x00,0x00,
  0x00,0x00,0x00,0x00,0x00,0x00,0x00,0x00,0x00,0x00,0x00,0x00,
  0x00,0x00,0x00,0x00,0x00,0x00,0x00,0x00,0x00,0x00,0x00,0x00,
  0x00,0x00,0x00,0x00,0x00,0x00,0x00,0x00,0x00,0x00,0x00,0x00,
  0x00,0x00,0x00,0x00,0x00,0x00,0x00,0x00,0x00,0x00,0x00,0x00,
  0x00,0x00,0x00,0x00,0x00,0x00,0x00,0x00,0x00,0x00,0x00,0x00,
  0x00,0x00,0x00,0x00,0x00,0x00,0x00,0x00,0x00,0x00,0x00,0x00,
  0x00,0x00,0x00,0x00,0x00,0x00,0x00,0x00,0x00,0x00,0x00,0x00,
  0x00,0x00,0x00,0x00,0x00,0x00,0x00,0x00,0x00,0x00,0x00,0x00,
  0x00,0x00,0x00,0x00,0x00,0x00,0x00,0x00,0x00,0x00,0x00,0x00,
  0x00,0x00,0x00,0x00,0x00,0x00,0x00,0x00,0x00,0x00,0x00,0x00,
  0x00,0x00,0x00,0x00,0x00,0x00,0x00,0x00,0x00,0x00,0x00,0x00,
  0x00,0x00,0x00,0x00,0x00,0x00,0x00,0x00,0x00,0x00,0x00,0x00,
  0x00,0x00,0x00,0x00,0x00,0x00,0x00,0x00,0x00,0x00,0x00,0x00,
  0x00,0x00,0x00,0x00,0x00,0x00,0x00,0x00,0x00,0x00,0x00,0x00,
  0x00,0x00,0x00,0x00,0x00,0x00,0x00,0x00,0x00,0x00,0x00,0x00,
  0x00,0x00,0x00,0x00,0x00,0x00,0x00,0x00,0x00,0x00,0x00,0x00,
  0x00,0x00,0x00,0x00,0x00,0x00,0x00,0x00,0x00,0x00,0x00,0x00,
  0x00,0x00,0x00,0x00,0x00,0x00,0x00,0x00,0x00,0x00,0x00,0x00,
  0x00,0x00,0x00,0x00,0x00,0x00,0x00,0x00,0x00,0x00,0x00,0x00,
  0x00,0x00,0x00,0x00,0x00,0x00,0x00,0x00,0x00,0x00,0x00,0x00,
  0x00,0x00,0x00,0x00,0x00,0x00,0x00,0x00,0x00,0x00,0x00,0x00,
  0x00,0x00,0x00,0x00,0x00,0x00,0x00,0x00,0x00,0x00,0x00,0x00,
  0x00,0x00,0x00,0x00,0x00,0x00,0x00,0x00,0x00,0x00,0x00,0x00,
  0x00,0x00,0x00,0x00,0x00,0x00,0x00,0x00,0x00,0x00,0x00,0x00,
  0x00,0x00,0x00,0x00,0x00,0x00,0x00,0x00,0x00,0x00,0x00,0x00,
  0x00,0x00,0x00,0x00,0x00,0x00,0x00,0x00,0x00,0x00,0x00,0x00,
  0x00,0x00,0x00,0x00,0x00,0x00,0x00,0x00,0x00,0x00,0x00,0x00,
  0x00,0x00,0x00,0x00,0x00,0x00,0x00,0x00,0x00,0x00,0x00,0x00,
  0x00,0x00,0x00,0x00,0x00,0x00,0x00,0x00,0x00,0x00,0x00,0x00,
  0x00,0x00,0x00,0x00,0x00,0x00,0x00,0x00,0x00,0x00,0x00,0x00,
  0x00,0x00,0x00,0x00,0x00,0x00,0x00,0x00,0x00,0x00,0x00,0x00,
  0x00,0x00,0x00,0x00,0x00,0x00,0x00,0x00,0x00,0x00,0x00,0x00,
  0x00,0x00,0x00,0x00,0x00,0x00,0x00,0x00,0x00,0x00,0x00,0x00,
  0x00,0x00,0x00,0x00,0x00,0x00,0x00,0x00,0x00,0x00,0x00,0x00,
  0x00,0x00,0x00,0x00,0x00,0x00,0x00,0x00,0x00,0x00,0x00,0x00,
  0x00,0x00,0x00,0x00,0x00,0x00,0x00,0x00,0x00,0x00,0x00,0x00,
  0x00,0x00,0x00,0x00,0x00,0x00,0x00,0x01,0x00,0x00,0x00,0x00,
  0x3E,0x4A,0x85,0x41,0x20,0x26,0x72,0x76,0x3C,0x5F,0xA1,0xA1,
  0x29,0x62,0xAE,0xFF,0x28,0x6B,0xBA,0xFF,0x3A,0xBE,0xFB,0xFF,
  0x37,0xC2,0xFE,0xFF,0x37,0xC0,0xFD,0xFF,0x38,0xC0,0xFE,0xFF,
  0x39,0xC2,0xFE,0xFF,0x3A,0xC2,0xFE,0xFF,0x4B,0xCD,0xFD,0xFF,
  0x4E,0xCB,0xFD,0xFF,0x40,0xB7,0xFD,0xFF,0x32,0xA8,0xFD,0xFF,
  0x22,0x9A,0xFE,0xFF,0x25,0x9D,0xFE,0xFF,0x36,0xB1,0xFD,0xFF,
  0x66,0xDC,0xFC,0xFF,0x7C,0xED,0xFE,0xFF,0x79,0xEA,0xFE,0xFF,
  0x7C,0xED,0xFE,0xFF,0x4B,0xC7,0xFD,0xFF,0x31,0xB1,0xFD,0xFF,
  0x30,0xB0,0xFE,0xFF,0x2F,0xB0,0xFE,0xFF,0x2F,0xB0,0xFE,0xFF,
  0x2F,0xB1,0xFE,0xFF,0x2F,0xAF,0xFE,0xFF,0x2F,0xB0,0xFE,0xFF,
  0x2F,0xB0,0xFE,0xFF,0x2E,0xB0,0xFE,0xFF,0x2D,0xB1,0xFE,0xFF,
  0x2C,0xB7,0xFF,0xFF,0x2E,0xAE,0xFC,0xFF,0x19,0x45,0xB9,0xFF,
  0x15,0x33,0xAD,0xFF,0x18,0x34,0xA8,0xFD,0x06,0x13,0x6F,0xFF,
  0x10,0x1A,0x65,0xCB,0x01,0x01,0x00,0x00,0x00,0x00,0x00,0x00,
  0x00,0x00,0x00,0x00,0x00,0x00,0x00,0x00,0x00,0x00,0x00,0x00,
  0x00,0x00,0x00,0x00,0x00,0x00,0x00,0x00,0x00,0x00,0x00,0x00,
  0x00,0x00,0x00,0x00,0x00,0x00,0x00,0x00,0x00,0x00,0x00,0x00,
  0x00,0x00,0x00,0x00,0x00,0x00,0x00,0x00,0x00,0x00,0x00,0x00,
  0x00,0x00,0x00,0x00,0x00,0x00,0x00,0x00,0x00,0x00,0x00,0x00,
  0x00,0x00,0x00,0x00,0x00,0x00,0x00,0x00,0x00,0x00,0x00,0x00,
  0x00,0x00,0x00,0x00,0x00,0x00,0x00,0x00,0x00,0x00,0x00,0x00,
  0x00,0x00,0x00,0x00,0x00,0x00,0x00,0x00,0x00,0x00,0x00,0x00,
  0x00,0x00,0x00,0x00,0x00,0x00,0x00,0x00,0x00,0x00,0x00,0x00,
  0x00,0x00,0x00,0x00,0x00,0x00,0x00,0x00,0x00,0x00,0x00,0x00,
  0x00,0x00,0x00,0x00,0x00,0x00,0x00,0x00,0x00,0x00,0x00,0x00,
  0x00,0x00,0x00,0x00,0x00,0x00,0x00,0x00,0x00,0x00,0x00,0x00,
  0x00,0x00,0x00,0x00,0x00,0x00,0x00,0x00,0x00,0x00,0x00,0x00,
  0x00,0x00,0x00,0x00,0x00,0x00,0x00,0x00,0x00,0x00,0x00,0x00,
  0x00,0x00,0x00,0x00,0x00,0x00,0x00,0x00,0x00,0x00,0x00,0x00,
  0x00,0x00,0x00,0x00,0x00,0x00,0x00,0x00,0x00,0x00,0x00,0x00,
  0x00,0x00,0x00,0x00,0x00,0x00,0x00,0x00,0x00,0x00,0x00,0x00,
  0x00,0x00,0x00,0x00,0x00,0x00,0x00,0x00,0x00,0x00,0x00,0x00,
  0x00,0x00,0x00,0x00,0x00,0x00,0x00,0x00,0x00,0x00,0x00,0x00,
  0x00,0x00,0x00,0x00,0x00,0x00,0x00,0x00,0x00,0x00,0x00,0x00,
  0x00,0x00,0x00,0x00,0x00,0x00,0x00,0x00,0x00,0x00,0x00,0x00,
  0x00,0x00,0x00,0x00,0x00,0x00,0x00,0x00,0x00,0x00,0x00,0x00,
  0x00,0x00,0x00,0x00,0x00,0x00,0x00,0x00,0x00,0x00,0x00,0x00,
  0x00,0x00,0x00,0x00,0x00,0x00,0x00,0x00,0x00,0x00,0x00,0x00,
  0x00,0x00,0x00,0x00,0x00,0x00,0x00,0x00,0x00,0x00,0x00,0x00,
  0x00,0x00,0x00,0x00,0x00,0x00,0x00,0x00,0x00,0x00,0x00,0x00,
  0x00,0x00,0x00,0x00,0x00,0x00,0x00,0x00,0x00,0x00,0x00,0x00,
  0x00,0x00,0x00,0x00,0x00,0x00,0x00,0x00,0x00,0x00,0x00,0x00,
  0x00,0x00,0x00,0x00,0x00,0x00,0x00,0x00,0x00,0x00,0x00,0x00,
  0x00,0x00,0x00,0x00,0x00,0x00,0x00,0x00,0x00,0x00,0x00,0x00,
  0x00,0x00,0x00,0x00,0x00,0x00,0x00,0x00,0x00,0x00,0x00,0x00,
  0x00,0x00,0x00,0x00,0x00,0x00,0x00,0x00,0x00,0x00,0x00,0x00,
  0x00,0x00,0x00,0x00,0x00,0x00,0x00,0x00,0x00,0x00,0x00,0x00,
  0x00,0x00,0x00,0x00,0x00,0x00,0x00,0x00,0x00,0x00,0x00,0x00,
  0x00,0x00,0x00,0x00,0x00,0x00,0x00,0x00,0x00,0x00,0x00,0x00,
  0x00,0x00,0x00,0x00,0x00,0x00,0x00,0x00,0x00,0x00,0x00,0x00,
  0x00,0x00,0x00,0x00,0x00,0x00,0x00,0x00,0x00,0x00,0x00,0x00,
  0x00,0x00,0x00,0x00,0x00,0x00,0x00,0x00,0x00,0x00,0x00,0x00,
  0x00,0x00,0x00,0x00,0x00,0x00,0x00,0x00,0x00,0x00,0x00,0x00,
  0x00,0x00,0x00,0x00,0x00,0x00,0x00,0x00,0x00,0x00,0x99,0x05,
  0x3F,0x3F,0x7F,0x04,0x2C,0x3D,0x87,0x95,0x0C,0x17,0x81,0xFF,
  0x23,0x58,0xA9,0xFF,0x46,0xD7,0xFF,0xFF,0x3F,0xCA,0xFF,0xFF,
  0x39,0xC1,0xFE,0xFF,0x36,0xC0,0xFE,0xFF,0x36,0xC0,0xFE,0xFF,
  0x34,0xBE,0xFE,0xFF,0x34,0xBE,0xFE,0xFF,0x41,0xC6,0xFD,0xFF,
  0x70,0xE5,0xFE,0xFF,0x7C,0xEC,0xFE,0xFF,0x82,0xF2,0xFE,0xFF,
  0x60,0xD6,0xFD,0xFF,0x2F,0xAB,0xFD,0xFF,0x1F,0x99,0xFE,0xFF,
  0x43,0xBC,0xFD,0xFF,0x81,0xF0,0xFE,0xFF,0x78,0xE8,0xFE,0xFF,
  0x79,0xE9,0xFE,0xFF,0x82,0xF2,0xFE,0xFF,0x45,0xC1,0xFD,0xFF,
  0x29,0xAC,0xFE,0xFF,0x31,0xB1,0xFD,0xFF,0x31,0xB1,0xFD,0xFF,
  0x2F,0xB0,0xFE,0xFF,0x30,0xB1,0xFD,0xFF,0x31,0xB1,0xFD,0xFF,
  0x2F,0xB0,0xFE,0xFF,0x2F,0xB0,0xFE,0xFF,0x2D,0xAF,0xFD,0xFF,
  0x2C,0xB3,0xFF,0xFF,0x2D,0xA3,0xF2,0xFF,0x2A,0x84,0xDD,0xFF,
  0x19,0x40,0xB5,0xFF,0x17,0x34,0xB0,0xFF,0x17,0x34,0xA9,0xFD,
  0x06,0x13,0x6D,0xFF,0x11,0x1A,0x65,0xD1,0xFF,0xAA,0xAA,0x03,
  0x00,0x00,0x7F,0x02,0x00,0x00,0x00,0x00,0x00,0x00,0x00,0x00,
  0x00,0x00,0x00,0x00,0x00,0x00,0x00,0x00,0x00,0x00,0x00,0x00,
  0x00,0x00,0x00,0x00,0x00,0x00,0x00,0x00,0x00,0x00,0x00,0x00,
  0x00,0x00,0x00,0x00,0x00,0x00,0x00,0x00,0x00,0x00,0x00,0x00,
  0x00,0x00,0x00,0x00,0x00,0x00,0x00,0x00,0x00,0x00,0x00,0x00,
  0x00,0x00,0x00,0x00,0x00,0x00,0x00,0x00,0x00,0x00,0x00,0x00,
  0x00,0x00,0x00,0x00,0x00,0x00,0x00,0x00,0x00,0x00,0x00,0x00,
  0x00,0x00,0x00,0x00,0x00,0x00,0x00,0x00,0x00,0x00,0x00,0x00,
  0x00,0x00,0x00,0x00,0x00,0x00,0x00,0x00,0x00,0x00,0x00,0x00,
  0x00,0x00,0x00,0x00,0x00,0x00,0x00,0x00,0x00,0x00,0x00,0x00,
  0x00,0x00,0x00,0x00,0x00,0x00,0x00,0x00,0x00,0x00,0x00,0x00,
  0x00,0x00,0x00,0x00,0x00,0x00,0x00,0x00,0x00,0x00,0x00,0x00,
  0x00,0x00,0x00,0x00,0x00,0x00,0x00,0x00,0x00,0x00,0x00,0x00,
  0x00,0x00,0x00,0x00,0x00,0x00,0x00,0x00,0x00,0x00,0x00,0x00,
  0x00,0x00,0x00,0x00,0x00,0x00,0x00,0x00,0x00,0x00,0x00,0x00,
  0x00,0x00,0x00,0x00,0x00,0x00,0x00,0x00,0x00,0x00,0x00,0x00,
  0x00,0x00,0x00,0x00,0x00,0x00,0x00,0x00,0x00,0x00,0x00,0x00,
  0x00,0x00,0x00,0x00,0x00,0x00,0x00,0x00,0x00,0x00,0x00,0x00,
  0x00,0x00,0x00,0x00,0x00,0x00,0x00,0x00,0x00,0x00,0x00,0x00,
  0x00,0x00,0x00,0x00,0x00,0x00,0x00,0x00,0x00,0x00,0x00,0x00,
  0x00,0x00,0x00,0x00,0x00,0x00,0x00,0x00,0x00,0x00,0x00,0x00,
  0x00,0x00,0x00,0x00,0x00,0x00,0x00,0x00,0x00,0x00,0x00,0x00,
  0x00,0x00,0x00,0x00,0x00,0x00,0x00,0x00,0x00,0x00,0x00,0x00,
  0x00,0x00,0x00,0x00,0x00,0x00,0x00,0x00,0x00,0x00,0x00,0x00,
  0x00,0x00,0x00,0x00,0x00,0x00,0x00,0x00,0x00,0x00,0x00,0x00,
  0x00,0x00,0x00,0x00,0x00,0x00,0x00,0x00,0x00,0x00,0x00,0x00,
  0x00,0x00,0x00,0x00,0x00,0x00,0x00,0x00,0x00,0x00,0x00,0x00,
  0x00,0x00,0x00,0x00,0x00,0x00,0x00,0x00,0x00,0x00,0x00,0x00,
  0x00,0x00,0x00,0x00,0x00,0x00,0x00,0x00,0x00,0x00,0x00,0x00,
  0x00,0x00,0x00,0x00,0x00,0x00,0x00,0x00,0x00,0x00,0x00,0x00,
  0x00,0x00,0x00,0x00,0x00,0x00,0x00,0x00,0x00,0x00,0x00,0x00,
  0x00,0x00,0x00,0x00,0x00,0x00,0x00,0x00,0x00,0x00,0x00,0x00,
  0x00,0x00,0x00,0x00,0x00,0x00,0x00,0x00,0x00,0x00,0x00,0x00,
  0x00,0x00,0x00,0x00,0x00,0x00,0x00,0x00,0x00,0x00,0x00,0x00,
  0x00,0x00,0x00,0x00,0x00,0x00,0x00,0x00,0x00,0x00,0x00,0x00,
  0x00,0x00,0x00,0x00,0x00,0x00,0x00,0x00,0x00,0x00,0x00,0x00,
  0x00,0x00,0x00,0x00,0x00,0x00,0x00,0x00,0x00,0x00,0x00,0x00,
  0x00,0x00,0x00,0x00,0x00,0x00,0x00,0x00,0x00,0x00,0x00,0x00,
  0x00,0x00,0x00,0x00,0x00,0x00,0x00,0x00,0x00,0x00,0x00,0x00,
  0x00,0x00,0x00,0x00,0x00,0x00,0x00,0x00,0x00,0x00,0x00,0x00,
  0x00,0x00,0x00,0x00,0x00,0x00,0x00,0x00,0x28,0x31,0x82,0x85,
  0x02,0x05,0x6F,0xFB,0x1E,0x4D,0x9D,0xF8,0x43,0xCD,0xFD,0xFF,
  0x3A,0xC1,0xFC,0xFF,0x39,0xC1,0xFD,0xFF,0x35,0xC0,0xFE,0xFF,
  0x34,0xBE,0xFE,0xFF,0x35,0xBF,0xFE,0xFF,0x34,0xBF,0xFE,0xFF,
  0x6A,0xE4,0xFE,0xFF,0x77,0xEC,0xFE,0xFF,0x78,0xEA,0xFE,0xFF,
  0x7B,0xE9,0xFE,0xFF,0x80,0xF1,0xFE,0xFF,0x68,0xE1,0xFD,0xFF,
  0x20,0x9D,0xFE,0xFF,0x45,0xBE,0xFD,0xFF,0x83,0xF2,0xFE,0xFF,
  0x81,0xF1,0xFE,0xFF,0x7E,0xEF,0xFE,0xFF,0x5F,0xD3,0xFC,0xFF,
  0x39,0xB8,0xFD,0xFF,0x2D,0xAF,0xFE,0xFF,0x31,0xB1,0xFD,0xFF,
  0x30,0xB0,0xFE,0xFF,0x30,0xB1,0xFD,0xFF,0x31,0xB1,0xFD,0xFF,
  0x30,0xB0,0xFE,0xFF,0x2F,0xB0,0xFE,0xFF,0x2F,0xB0,0xFE,0xFF,
  0x2D,0xAD,0xFD,0xFF,0x2E,0xB6,0xFE,0xFF,0x26,0x78,0xD7,0xFF,
  0x13,0x2A,0xA6,0xFF,0x16,0x37,0xAE,0xFF,0x17,0x37,0xB2,0xFF,
  0x17,0x34,0xA8,0xFD,0x06,0x13,0x6B,0xFF,0x10,0x19,0x63,0xCF,
  0x02,0x02,0x01,0x00,0x00,0x00,0x00,0x00,0x00,0x00,0x00,0x00,
  0x00,0x00,0x00,0x00,0x00,0x00,0x00,0x00,0x00,0x00,0x00,0x00,
  0x00,0x00,0x00,0x00,0x00,0x00,0x00,0x00,0x00,0x00,0x00,0x00,
  0x00,0x00,0x00,0x00,0x00,0x00,0x00,0x00,0x00,0x00,0x00,0x00,
  0x00,0x00,0x00,0x00,0x00,0x00,0x00,0x00,0x00,0x00,0x00,0x00,
  0x00,0x00,0x00,0x00,0x00,0x00,0x00,0x00,0x00,0x00,0x00,0x00,
  0x00,0x00,0x00,0x00,0x00,0x00,0x00,0x00,0x00,0x00,0x00,0x00,
  0x00,0x00,0x00,0x00,0x00,0x00,0x00,0x00,0x00,0x00,0x00,0x00,
  0x00,0x00,0x00,0x00,0x00,0x00,0x00,0x00,0x00,0x00,0x00,0x00,
  0x00,0x00,0x00,0x00,0x00,0x00,0x00,0x00,0x00,0x00,0x00,0x00,
  0x00,0x00,0x00,0x00,0x00,0x00,0x00,0x00,0x00,0x00,0x00,0x00,
  0x00,0x00,0x00,0x00,0x00,0x00,0x00,0x00,0x00,0x00,0x00,0x00,
  0x00,0x00,0x00,0x00,0x00,0x00,0x00,0x00,0x00,0x00,0x00,0x00,
  0x00,0x00,0x00,0x00,0x00,0x00,0x00,0x00,0x00,0x00,0x00,0x00,
  0x00,0x00,0x00,0x00,0x00,0x00,0x00,0x00,0x00,0x00,0x00,0x00,
  0x00,0x00,0x00,0x00,0x00,0x00,0x00,0x00,0x00,0x00,0x00,0x00,
  0x00,0x00,0x00,0x00,0x00,0x00,0x00,0x00,0x00,0x00,0x00,0x00,
  0x00,0x00,0x00,0x00,0x00,0x00,0x00,0x00,0x00,0x00,0x00,0x00,
  0x00,0x00,0x00,0x00,0x00,0x00,0x00,0x00,0x00,0x00,0x00,0x00,
  0x00,0x00,0x00,0x00,0x00,0x00,0x00,0x00,0x00,0x00,0x00,0x00,
  0x00,0x00,0x00,0x00,0x00,0x00,0x00,0x00,0x00,0x00,0x00,0x00,
  0x00,0x00,0x00,0x00,0x00,0x00,0x00,0x00,0x00,0x00,0x00,0x00,
  0x00,0x00,0x00,0x00,0x00,0x00,0x00,0x00,0x00,0x00,0x00,0x00,
  0x00,0x00,0x00,0x00,0x00,0x00,0x00,0x00,0x00,0x00,0x00,0x00,
  0x00,0x00,0x00,0x00,0x00,0x00,0x00,0x00,0x00,0x00,0x00,0x00,
  0x00,0x00,0x00,0x00,0x00,0x00,0x00,0x00,0x00,0x00,0x00,0x00,
  0x00,0x00,0x00,0x00,0x00,0x00,0x00,0x00,0x00,0x00,0x00,0x00,
  0x00,0x00,0x00,0x00,0x00,0x00,0x00,0x00,0x00,0x00,0x00,0x00,
  0x00,0x00,0x00,0x00,0x00,0x00,0x00,0x00,0x00,0x00,0x00,0x00,
  0x00,0x00,0x00,0x00,0x00,0x00,0x00,0x00,0x00,0x00,0x00,0x00,
  0x00,0x00,0x00,0x00,0x00,0x00,0x00,0x00,0x00,0x00,0x00,0x00,
  0x00,0x00,0x00,0x00,0x00,0x00,0x00,0x00,0x00,0x00,0x00,0x00,
  0x00,0x00,0x00,0x00,0x00,0x00,0x00,0x00,0x00,0x00,0x00,0x00,
  0x00,0x00,0x00,0x00,0x00,0x00,0x00,0x00,0x00,0x00,0x00,0x00,
  0x00,0x00,0x00,0x00,0x00,0x00,0x00,0x00,0x00,0x00,0x00,0x00,
  0x00,0x00,0x00,0x00,0x00,0x00,0x00,0x00,0x00,0x00,0x00,0x00,
  0x00,0x00,0x00,0x00,0x00,0x00,0x00,0x00,0x00,0x00,0x00,0x00,
  0x00,0x00,0x00,0x00,0x00,0x00,0x00,0x00,0x00,0x00,0x00,0x00,
  0x00,0x00,0x00,0x00,0x00,0x00,0x00,0x00,0x00,0x00,0x00,0x00,
  0x00,0x00,0x00,0x00,0x00,0x00,0x00,0x00,0x00,0x00,0x00,0x01,
  0x00,0x00,0x00,0x00,0x2C,0x37,0x79,0x2E,0x30,0x33,0x78,0x59,
  0x38,0x5E,0xA3,0xB5,0x21,0x4F,0xA4,0xFF,0x2D,0x76,0xC0,0xFC,
  0x3F,0xCA,0xFF,0xFF,0x3B,0xC2,0xFD,0xFF,0x37,0xC0,0xFE,0xFF,
  0x34,0xBE,0xFE,0xFF,0x35,0xBF,0xFE,0xFF,0x2E,0xBA,0xFE,0xFF,
  0x48,0xCD,0xFE,0xFF,0x71,0xE9,0xFE,0xFF,0x75,0xEA,0xFE,0xFF,
  0x7A,0xEB,0xFE,0xFF,0x72,0xE5,0xFE,0xFF,0x66,0xDD,0xFC,0xFF,
  0x58,0xD1,0xFC,0xFF,0x25,0xA5,0xFD,0xFF,0x3B,0xB8,0xFD,0xFF,
  0x60,0xD6,0xFC,0xFF,0x60,0xD6,0xFC,0xFF,0x57,0xC9,0xFB,0xFF,
  0x24,0x97,0xFC,0xFF,0x2B,0xB1,0xFE,0xFF,0x31,0xB6,0xFE,0xFF,
  0x2F,0xB1,0xFE,0xFF,0x2F,0xB0,0xFE,0xFF,0x30,0xB0,0xFE,0xFF,
  0x30,0xB1,0xFD,0xFF,0x30,0xB0,0xFE,0xFF,0x2F,0xB0,0xFE,0xFF,
  0x2E,0xAE,0xFE,0xFF,0x2E,0xAC,0xFD,0xFF,0x32,0xBC,0xFF,0xFF,
  0x28,0x7E,0xDB,0xFF,0x15,0x30,0xAA,0xFF,0x17,0x39,0xB1,0xFF,
  0x19,0x3A,0xB6,0xFF,0x1B,0x37,0xAB,0xFD,0x06,0x13,0x6A,0xFD,
  0x10,0x1A,0x63,0xCD,0x02,0x02,0x01,0x00,0x00,0x00,0x00,0x00,
  0x00,0x00,0x00,0x00,0x00,0x00,0x00,0x00,0x00,0x00,0x00,0x00,
  0x00,0x00,0x00,0x00,0x00,0x00,0x00,0x00,0x00,0x00,0x00,0x00,
  0x00,0x00,0x00,0x00,0x00,0x00,0x00,0x00,0x00,0x00,0x00,0x00,
  0x00,0x00,0x00,0x00,0x00,0x00,0x00,0x00,0x00,0x00,0x00,0x00,
  0x00,0x00,0x00,0x00,0x00,0x00,0x00,0x00,0x00,0x00,0x00,0x00,
  0x00,0x00,0x00,0x00,0x00,0x00,0x00,0x00,0x00,0x00,0x00,0x00,
  0x00,0x00,0x00,0x00,0x00,0x00,0x00,0x00,0x00,0x00,0x00,0x00,
  0x00,0x00,0x00,0x00,0x00,0x00,0x00,0x00,0x00,0x00,0x00,0x00,
  0x00,0x00,0x00,0x00,0x00,0x00,0x00,0x00,0x00,0x00,0x00,0x00,
  0x00,0x00,0x00,0x00,0x00,0x00,0x00,0x00,0x00,0x00,0x00,0x00,
  0x00,0x00,0x00,0x00,0x00,0x00,0x00,0x00,0x00,0x00,0x00,0x00,
  0x00,0x00,0x00,0x00,0x00,0x00,0x00,0x00,0x00,0x00,0x00,0x00,
  0x00,0x00,0x00,0x00,0x00,0x00,0x00,0x00,0x00,0x00,0x00,0x00,
  0x00,0x00,0x00,0x00,0x00,0x00,0x00,0x00,0x00,0x00,0x00,0x00,
  0x00,0x00,0x00,0x00,0x00,0x00,0x00,0x00,0x00,0x00,0x00,0x00,
  0x00,0x00,0x00,0x00,0x00,0x00,0x00,0x00,0x00,0x00,0x00,0x00,
  0x00,0x00,0x00,0x00,0x00,0x00,0x00,0x00,0x00,0x00,0x00,0x00,
  0x00,0x00,0x00,0x00,0x00,0x00,0x00,0x00,0x00,0x00,0x00,0x00,
  0x00,0x00,0x00,0x00,0x00,0x00,0x00,0x00,0x00,0x00,0x00,0x00,
  0x00,0x00,0x00,0x00,0x00,0x00,0x00,0x00,0x00,0x00,0x00,0x00,
  0x00,0x00,0x00,0x00,0x00,0x00,0x00,0x00,0x00,0x00,0x00,0x00,
  0x00,0x00,0x00,0x00,0x00,0x00,0x00,0x00,0x00,0x00,0x00,0x00,
  0x00,0x00,0x00,0x00,0x00,0x00,0x00,0x00,0x00,0x00,0x00,0x00,
  0x00,0x00,0x00,0x00,0x00,0x00,0x00,0x00,0x00,0x00,0x00,0x00,
  0x00,0x00,0x00,0x00,0x00,0x00,0x00,0x00,0x00,0x00,0x00,0x00,
  0x00,0x00,0x00,0x00,0x00,0x00,0x00,0x00,0x00,0x00,0x00,0x00,
  0x00,0x00,0x00,0x00,0x00,0x00,0x00,0x00,0x00,0x00,0x00,0x00,
  0x00,0x00,0x00,0x00,0x00,0x00,0x00,0x00,0x00,0x00,0x00,0x00,
  0x00,0x00,0x00,0x00,0x00,0x00,0x00,0x00,0x00,0x00,0x00,0x00,
  0x00,0x00,0x00,0x00,0x00,0x00,0x00,0x00,0x00,0x00,0x00,0x00,
  0x00,0x00,0x00,0x00,0x00,0x00,0x00,0x00,0x00,0x00,0x00,0x00,
  0x00,0x00,0x00,0x00,0x00,0x00,0x00,0x00,0x00,0x00,0x00,0x00,
  0x00,0x00,0x00,0x00,0x00,0x00,0x00,0x00,0x00,0x00,0x00,0x00,
  0x00,0x00,0x00,0x00,0x00,0x00,0x00,0x00,0x00,0x00,0x00,0x00,
  0x00,0x00,0x00,0x00,0x00,0x00,0x00,0x00,0x00,0x00,0x00,0x00,
  0x00,0x00,0x00,0x00,0x00,0x00,0x00,0x00,0x00,0x00,0x00,0x00,
  0x00,0x00,0x00,0x00,0x00,0x00,0x00,0x00,0x00,0x00,0x00,0x00,
  0x00,0x00,0x00,0x00,0x00,0x00,0x00,0x00,0x00,0x00,0x00,0x00,
  0x00,0x00,0x00,0x00,0x00,0x00,0x00,0x00,0x00,0x00,0x00,0x00,
  0x00,0x00,0xAA,0x03,0x00,0x00,0x00,0x00,0x17,0x24,0x73,0x84,
  0x0C,0x12,0x73,0xFF,0x30,0x7F,0xC3,0xFF,0x46,0xD9,0xFF,0xFF,
  0x3D,0xC6,0xFF,0xFF,0x39,0xC2,0xFD,0xFF,0x39,0xC1,0xFD,0xFF,
  0x36,0xC0,0xFE,0xFF,0x34,0xBE,0xFE,0xFF,0x35,0xBC,0xFE,0xFF,
  0x4C,0xCE,0xFE,0xFF,0x6C,0xE4,0xFE,0xFF,0x76,0xEC,0xFE,0xFF,
  0x74,0xE8,0xFE,0xFF,0x7F,0xEF,0xFE,0xFF,0x60,0xD8,0xFD,0xFF,
  0x25,0xAB,0xFE,0xFF,0x2B,0xAF,0xFE,0xFF,0x2A,0xAF,0xFE,0xFF,
  0x29,0xAE,0xFE,0xFF,0x27,0xAC,0xFD,0xFF,0x24,0xAA,0xFD,0xFF,
  0x17,0x8B,0xFC,0xFF,0x1A,0x86,0xFD,0xFF,0x20,0x8F,0xFD,0xFF,
  0x2A,0xA6,0xFD,0xFF,0x33,0xBB,0xFE,0xFF,0x2E,0xB4,0xFE,0xFF,
  0x2D,0xB0,0xFE,0xFF,0x2E,0xB0,0xFE,0xFF,0x30,0xB0,0xFE,0xFF,
  0x2F,0xB0,0xFE,0xFF,0x2D,0xAD,0xFE,0xFF,0x2C,0xAD,0xFE,0xFF,
  0x2E,0xA0,0xEF,0xFF,0x25,0x6C,0xCE,0xFF,0x17,0x31,0xAC,0xFF,
  0x19,0x39,0xB1,0xFF,0x18,0x35,0xAA,0xFF,0x18,0x31,0x9E,0xFE,
  0x05,0x12,0x70,0xFF,0x11,0x1C,0x66,0xDA,0x03,0x03,0x01,0x00,
  0x00,0x00,0x00,0x00,0x00,0x00,0x00,0x00,0x00,0x00,0x00,0x00,
  0x00,0x00,0x00,0x00,0x00,0x00,0x00,0x00,0x00,0x00,0x00,0x00,
  0x00,0x00,0x00,0x00,0x00,0x00,0x00,0x00,0x00,0x00,0x00,0x00,
  0x00,0x00,0x00,0x00,0x00,0x00,0x00,0x00,0x00,0x00,0x00,0x00,
  0x00,0x00,0x00,0x00,0x00,0x00,0x00,0x00,0x00,0x00,0x00,0x00,
  0x00,0x00,0x00,0x00,0x00,0x00,0x00,0x00,0x00,0x00,0x00,0x00,
  0x00,0x00,0x00,0x00,0x00,0x00,0x00,0x00,0x00,0x00,0x00,0x00,
  0x00,0x00,0x00,0x00,0x00,0x00,0x00,0x00,0x00,0x00,0x00,0x00,
  0x00,0x00,0x00,0x00,0x00,0x00,0x00,0x00,0x00,0x00,0x00,0x00,
  0x00,0x00,0x00,0x00,0x00,0x00,0x00,0x00,0x00,0x00,0x00,0x00,
  0x00,0x00,0x00,0x00,0x00,0x00,0x00,0x00,0x00,0x00,0x00,0x00,
  0x00,0x00,0x00,0x00,0x00,0x00,0x00,0x00,0x00,0x00,0x00,0x00,
  0x00,0x00,0x00,0x00,0x00,0x00,0x00,0x00,0x00,0x00,0x00,0x00,
  0x00,0x00,0x00,0x00,0x00,0x00,0x00,0x00,0x00,0x00,0x00,0x00,
  0x00,0x00,0x00,0x00,0x00,0x00,0x00,0x00,0x00,0x00,0x00,0x00,
  0x00,0x00,0x00,0x00,0x00,0x00,0x00,0x00,0x00,0x00,0x00,0x00,
  0x00,0x00,0x00,0x00,0x00,0x00,0x00,0x00,0x00,0x00,0x00,0x00,
  0x00,0x00,0x00,0x00,0x00,0x00,0x00,0x00,0x00,0x00,0x00,0x00,
  0x00,0x00,0x00,0x00,0x00,0x00,0x00,0x00,0x00,0x00,0x00,0x00,
  0x00,0x00,0x00,0x00,0x00,0x00,0x00,0x00,0x00,0x00,0x00,0x00,
  0x00,0x00,0x00,0x00,0x00,0x00,0x00,0x00,0x00,0x00,0x00,0x00,
  0x00,0x00,0x00,0x00,0x00,0x00,0x00,0x00,0x00,0x00,0x00,0x00,
  0x00,0x00,0x00,0x00,0x00,0x00,0x00,0x00,0x00,0x00,0x00,0x00,
  0x00,0x00,0x00,0x00,0x00,0x00,0x00,0x00,0x00,0x00,0x00,0x00,
  0x00,0x00,0x00,0x00,0x00,0x00,0x00,0x00,0x00,0x00,0x00,0x00,
  0x00,0x00,0x00,0x00,0x00,0x00,0x00,0x00,0x00,0x00,0x00,0x00,
  0x00,0x00,0x00,0x00,0x00,0x00,0x00,0x00,0x00,0x00,0x00,0x00,
  0x00,0x00,0x00,0x00,0x00,0x00,0x00,0x00,0x00,0x00,0x00,0x00,
  0x00,0x00,0x00,0x00,0x00,0x00,0x00,0x00,0x00,0x00,0x00,0x00,
  0x00,0x00,0x00,0x00,0x00,0x00,0x00,0x00,0x00,0x00,0x00,0x00,
  0x00,0x00,0x00,0x00,0x00,0x00,0x00,0x00,0x00,0x00,0x00,0x00,
  0x00,0x00,0x00,0x00,0x00,0x00,0x00,0x00,0x00,0x00,0x00,0x00,
  0x00,0x00,0x00,0x00,0x00,0x00,0x00,0x00,0x00,0x00,0x00,0x00,
  0x00,0x00,0x00,0x00,0x00,0x00,0x00,0x00,0x00,0x00,0x00,0x00,
  0x00,0x00,0x00,0x00,0x00,0x00,0x00,0x00,0x00,0x00,0x00,0x00,
  0x00,0x00,0x00,0x00,0x00,0x00,0x00,0x00,0x00,0x00,0x00,0x00,
  0x00,0x00,0x00,0x00,0x00,0x00,0x00,0x00,0x00,0x00,0x00,0x00,
  0x00,0x00,0x00,0x00,0x00,0x00,0x00,0x00,0x00,0x00,0x00,0x00,
  0x00,0x00,0x00,0x00,0x00,0x00,0x00,0x00,0x00,0x00,0x00,0x00,
  0x00,0x00,0x00,0x00,0x00,0x00,0xAA,0x03,0x00,0x00,0x00,0x00,
  0x14,0x22,0x74,0x7D,0x05,0x0C,0x6F,0xFC,0x29,0x76,0xBE,0xFB,
  0x3D,0xCC,0xFD,0xFF,0x37,0xBE,0xFB,0xFF,0x37,0xC1,0xFE,0xFF,
  0x37,0xC0,0xFE,0xFF,0x36,0xBF,0xFE,0xFF,0x32,0xBB,0xFE,0xFF,
  0x30,0xB8,0xFD,0xFF,0x6E,0xE5,0xFE,0xFF,0x78,0xEC,0xFE,0xFF,
  0x72,0xE9,0xFE,0xFF,0x78,0xED,0xFE,0xFF,0x66,0xDD,0xFD,0xFF,
  0x3A,0xBC,0xFD,0xFF,0x2B,0xB2,0xFE,0xFF,0x2B,0xB0,0xFE,0xFF,
  0x2A,0xAF,0xFE,0xFF,0x28,0xAD,0xFE,0xFF,0x25,0xAC,0xFE,0xFF,
  0x39,0xBC,0xFE,0xFF,0x38,0xAC,0xFD,0xFF,0x2B,0x97,0xFB,0xFF,
  0x18,0x7B,0xFC,0xFF,0x1F,0x8B,0xFB,0xFF,0x23,0x94,0xF9,0xFF,
  0x25,0x9A,0xFB,0xFF,0x31,0xB8,0xFE,0xFF,0x30,0xB6,0xFE,0xFF,
  0x2F,0xB1,0xFE,0xFF,0x2E,0xAF,0xFE,0xFF,0x2B,0xAC,0xFD,0xFF,
  0x2E,0xB5,0xFF,0xFF,0x1E,0x54,0xC0,0xFF,0x16,0x2F,0xAB,0xFF,
  0x18,0x37,0xAF,0xFF,0x1A,0x39,0xB2,0xFF,0x0D,0x1F,0x82,0xFF,
  0x08,0x13,0x67,0xFA,0x0C,0x15,0x6C,0xD1,0x17,0x20,0x6A,0xA5,
  0x02,0x02,0x00,0x00,0x00,0x00,0x00,0x00,0x00,0x00,0x00,0x00,
  0x00,0x00,0x00,0x00,0x00,0x00,0x00,0x00,0x00,0x00,0x00,0x00,
  0x00,0x00,0x00,0x00,0x00,0x00,0x00,0x00,0x00,0x00,0x00,0x00,
  0x00,0x00,0x00,0x00,0x00,0x00,0x00,0x00,0x00,0x00,0x00,0x00,
  0x00,0x00,0x00,0x00,0x00,0x00,0x00,0x00,0x00,0x00,0x00,0x00,
  0x00,0x00,0x00,0x00,0x00,0x00,0x00,0x00,0x00,0x00,0x00,0x00,
  0x00,0x00,0x00,0x00,0x00,0x00,0x00,0x00,0x00,0x00,0x00,0x00,
  0x00,0x00,0x00,0x00,0x00,0x00,0x00,0x00,0x00,0x00,0x00,0x00,
  0x00,0x00,0x00,0x00,0x00,0x00,0x00,0x00,0x00,0x00,0x00,0x00,
  0x00,0x00,0x00,0x00,0x00,0x00,0x00,0x00,0x00,0x00,0x00,0x00,
  0x00,0x00,0x00,0x00,0x00,0x00,0x00,0x00,0x00,0x00,0x00,0x00,
  0x00,0x00,0x00,0x00,0x00,0x00,0x00,0x00,0x00,0x00,0x00,0x00,
  0x00,0x00,0x00,0x00,0x00,0x00,0x00,0x00,0x00,0x00,0x00,0x00,
  0x00,0x00,0x00,0x00,0x00,0x00,0x00,0x00,0x00,0x00,0x00,0x00,
  0x00,0x00,0x00,0x00,0x00,0x00,0x00,0x00,0x00,0x00,0x00,0x00,
  0x00,0x00,0x00,0x00,0x00,0x00,0x00,0x00,0x00,0x00,0x00,0x00,
  0x00,0x00,0x00,0x00,0x00,0x00,0x00,0x00,0x00,0x00,0x00,0x00,
  0x00,0x00,0x00,0x00,0x00,0x00,0x00,0x00,0x00,0x00,0x00,0x00,
  0x00,0x00,0x00,0x00,0x00,0x00,0x00,0x00,0x00,0x00,0x00,0x00,
  0x00,0x00,0x00,0x00,0x00,0x00,0x00,0x00,0x00,0x00,0x00,0x00,
  0x00,0x00,0x00,0x00,0x00,0x00,0x00,0x00,0x00,0x00,0x00,0x00,
  0x00,0x00,0x00,0x00,0x00,0x00,0x00,0x00,0x00,0x00,0x00,0x00,
  0x00,0x00,0x00,0x00,0x00,0x00,0x00,0x00,0x00,0x00,0x00,0x00,
  0x00,0x00,0x00,0x00,0x00,0x00,0x00,0x00,0x00,0x00,0x00,0x00,
  0x00,0x00,0x00,0x00,0x00,0x00,0x00,0x00,0x00,0x00,0x00,0x00,
  0x00,0x00,0x00,0x00,0x00,0x00,0x00,0x00,0x00,0x00,0x00,0x00,
  0x00,0x00,0x00,0x00,0x00,0x00,0x00,0x00,0x00,0x00,0x00,0x00,
  0x00,0x00,0x00,0x00,0x00,0x00,0x00,0x00,0x00,0x00,0x00,0x00,
  0x00,0x00,0x00,0x00,0x00,0x00,0x00,0x00,0x00,0x00,0x00,0x00,
  0x00,0x00,0x00,0x00,0x00,0x00,0x00,0x00,0x00,0x00,0x00,0x00,
  0x00,0x00,0x00,0x00,0x00,0x00,0x00,0x00,0x00,0x00,0x00,0x00,
  0x00,0x00,0x00,0x00,0x00,0x00,0x00,0x00,0x00,0x00,0x00,0x00,
  0x00,0x00,0x00,0x00,0x00,0x00,0x00,0x00,0x00,0x00,0x00,0x00,
  0x00,0x00,0x00,0x00,0x00,0x00,0x00,0x00,0x00,0x00,0x00,0x00,
  0x00,0x00,0x00,0x00,0x00,0x00,0x00,0x00,0x00,0x00,0x00,0x00,
  0x00,0x00,0x00,0x00,0x00,0x00,0x00,0x00,0x00,0x00,0x00,0x00,
  0x00,0x00,0x00,0x00,0x00,0x00,0x00,0x00,0x00,0x00,0x00,0x00,
  0x00,0x00,0x00,0x00,0x00,0x00,0x00,0x00,0x00,0x00,0x00,0x00,
  0x00,0x00,0x00,0x00,0x00,0x00,0x00,0x00,0x00,0x00,0x00,0x00,
  0x00,0x00,0x00,0x00,0x00,0x00,0x00,0x00,0x00,0x00,0x55,0x03,
  0x00,0x00,0x00,0x00,0x10,0x1E,0x6E,0x7D,0x05,0x0A,0x6C,0xFF,
  0x2B,0x7A,0xC1,0xFC,0x40,0xD4,0xFF,0xFF,0x37,0xC2,0xFE,0xFF,
  0x36,0xC0,0xFE,0xFF,0x35,0xBE,0xFE,0xFF,0x33,0xBD,0xFE,0xFF,
  0x3B,0xC1,0xFE,0xFF,0x48,0xC8,0xFD,0xFF,0x6D,0xE6,0xFE,0xFF,
  0x75,0xEB,0xFE,0xFF,0x73,0xEA,0xFE,0xFF,0x75,0xEB,0xFE,0xFF,
  0x4E,0xCB,0xFD,0xFF,0x26,0xAD,0xFE,0xFF,0x2D,0xB2,0xFE,0xFF,
  0x2A,0xAF,0xFE,0xFF,0x28,0xAE,0xFE,0xFF,0x36,0xB8,0xFE,0xFF,
  0x47,0xC4,0xFD,0xFF,0x6F,0xE3,0xFE,0xFF,0x80,0xF3,0xFE,0xFF,
  0x5A,0xCE,0xFB,0xFF,0x1F,0x8D,0xFB,0xFF,0x1B,0x7F,0xFA,0xFF,
  0x17,0x77,0xF9,0xFF,0x1E,0x85,0xF9,0xFF,0x2F,0xA9,0xFC,0xFF,
  0x2E,0xAA,0xFC,0xFF,0x30,0xB5,0xFE,0xFF,0x2D,0xB2,0xFE,0xFF,
  0x2B,0xAE,0xFD,0xFF,0x2F,0xB4,0xFF,0xFF,0x1C,0x55,0xC1,0xFF,
  0x16,0x2F,0xAA,0xFF,0x18,0x37,0xB1,0xFF,0x1A,0x38,0xB1,0xFE,
  0x0D,0x1E,0x82,0xFE,0x0F,0x19,0x69,0xEC,0x69,0x69,0x8C,0x1D,
  0x01,0x01,0x00,0x00,0x00,0x00,0x7F,0x02,0x00,0x00,0x00,0x00,
  0x00,0x00,0x00,0x00,0x00,0x00,0x00,0x00,0x00,0x00,0x00,0x00,
  0x00,0x00,0x00,0x00,0x00,0x00,0x00,0x00,0x00,0x00,0x00,0x00,
  0x00,0x00,0x00,0x00,0x00,0x00,0x00,0x00,0x00,0x00,0x00,0x00,
  0x00,0x00,0x00,0x00,0x00,0x00,0x00,0x00,0x00,0x00,0x00,0x00,
  0x00,0x00,0x00,0x00,0x00,0x00,0x00,0x00,0x00,0x00,0x00,0x00,
  0x00,0x00,0x00,0x00,0x00,0x00,0x00,0x00,0x00,0x00,0x00,0x00,
  0x00,0x00,0x00,0x00,0x00,0x00,0x00,0x00,0x00,0x00,0x00,0x00,
  0x00,0x00,0x00,0x00,0x00,0x00,0x00,0x00,0x00,0x00,0x00,0x00,
  0x00,0x00,0x00,0x00,0x00,0x00,0x00,0x00,0x00,0x00,0x00,0x00,
  0x00,0x00,0x00,0x00,0x00,0x00,0x00,0x00,0x00,0x00,0x00,0x00,
  0x00,0x00,0x00,0x00,0x00,0x00,0x00,0x00,0x00,0x00,0x00,0x00,
  0x00,0x00,0x00,0x00,0x00,0x00,0x00,0x00,0x00,0x00,0x00,0x00,
  0x00,0x00,0x00,0x00,0x00,0x00,0x00,0x00,0x00,0x00,0x00,0x00,
  0x00,0x00,0x00,0x00,0x00,0x00,0x00,0x00,0x00,0x00,0x00,0x00,
  0x00,0x00,0x00,0x00,0x00,0x00,0x00,0x00,0x00,0x00,0x00,0x00,
  0x00,0x00,0x00,0x00,0x00,0x00,0x00,0x00,0x00,0x00,0x00,0x00,
  0x00,0x00,0x00,0x00,0x00,0x00,0x00,0x00,0x00,0x00,0x00,0x00,
  0x00,0x00,0x00,0x00,0x00,0x00,0x00,0x00,0x00,0x00,0x00,0x00,
  0x00,0x00,0x00,0x00,0x00,0x00,0x00,0x00,0x00,0x00,0x00,0x00,
  0x00,0x00,0x00,0x00,0x00,0x00,0x00,0x00,0x00,0x00,0x00,0x00,
  0x00,0x00,0x00,0x00,0x00,0x00,0x00,0x00,0x00,0x00,0x00,0x00,
  0x00,0x00,0x00,0x00,0x00,0x00,0x00,0x00,0x00,0x00,0x00,0x00,
  0x00,0x00,0x00,0x00,0x00,0x00,0x00,0x00,0x00,0x00,0x00,0x00,
  0x00,0x00,0x00,0x00,0x00,0x00,0x00,0x00,0x00,0x00,0x00,0x00,
  0x00,0x00,0x00,0x00,0x00,0x00,0x00,0x00,0x00,0x00,0x00,0x00,
  0x00,0x00,0x00,0x00,0x00,0x00,0x00,0x00,0x00,0x00,0x00,0x00,
  0x00,0x00,0x00,0x00,0x00,0x00,0x00,0x00,0x00,0x00,0x00,0x00,
  0x00,0x00,0x00,0x00,0x00,0x00,0x00,0x00,0x00,0x00,0x00,0x00,
  0x00,0x00,0x00,0x00,0x00,0x00,0x00,0x00,0x00,0x00,0x00,0x00,
  0x00,0x00,0x00,0x00,0x00,0x00,0x00,0x00,0x00,0x00,0x00,0x00,
  0x00,0x00,0x00,0x00,0x00,0x00,0x00,0x00,0x00,0x00,0x00,0x00,
  0x00,0x00,0x00,0x00,0x00,0x00,0x00,0x00,0x00,0x00,0x00,0x00,
  0x00,0x00,0x00,0x00,0x00,0x00,0x00,0x00,0x00,0x00,0x00,0x00,
  0x00,0x00,0x00,0x00,0x00,0x00,0x00,0x00,0x00,0x00,0x00,0x00,
  0x00,0x00,0x00,0x00,0x00,0x00,0x00,0x00,0x00,0x00,0x00,0x00,
  0x00,0x00,0x00,0x00,0x00,0x00,0x00,0x00,0x00,0x00,0x00,0x00,
  0x00,0x00,0x00,0x00,0x00,0x00,0x00,0x00,0x00,0x00,0x00,0x00,
  0x00,0x00,0x00,0x00,0x00,0x00,0x00,0x00,0x00,0x00,0x00,0x00,
  0x00,0x00,0x00,0x00,0x00,0x00,0x00,0x00,0x00,0x00,0x00,0x00,
  0x00,0x00,0x55,0x03,0x00,0x00,0x00,0x00,0x10,0x1A,0x6A,0x7D,
  0x06,0x0C,0x6D,0xFF,0x29,0x6E,0xBC,0xFC,0x3B,0xB7,0xF2,0xFF,
  0x35,0xAD,0xF1,0xFF,0x36,0xC0,0xFE,0xFF,0x35,0xBF,0xFE,0xFF,
  0x2F,0xB9,0xFE,0xFF,0x50,0xCF,0xFE,0xFF,0x7B,0xEE,0xFE,0xFF,
  0x74,0xEA,0xFE,0xFF,0x73,0xE9,0xFE,0xFF,0x79,0xED,0xFE,0xFF,
  0x67,0xDF,0xFE,0xFF,0x2C,0xB4,0xFD,0xFF,0x2D,0xB2,0xFE,0xFF,
  0x2C,0xB1,0xFE,0xFF,0x2D,0xAF,0xFE,0xFF,0x26,0xAA,0xFE,0xFF,
  0x51,0xCD,0xFE,0xFF,0x84,0xF3,0xFE,0xFF,0x78,0xE9,0xFE,0xFF,
  0x7B,0xED,0xFE,0xFF,0x5A,0xD7,0xFD,0xFF,0x36,0xC0,0xFD,0xFF,
  0x24,0x93,0xFB,0xFF,0x1B,0x80,0xF9,0xFF,0x18,0x7C,0xF9,0xFF,
  0x1A,0x7E,0xFA,0xFF,0x1D,0x86,0xFA,0xFF,0x30,0xB1,0xFC,0xFF,
  0x2E,0xB3,0xFE,0xFF,0x2B,0xB1,0xFD,0xFF,0x2F,0xB6,0xFF,0xFF,
  0x1D,0x55,0xC2,0xFF,0x17,0x2F,0xA8,0xFF,0x18,0x37,0xAD,0xFF,
  0x1A,0x3A,0xB5,0xFE,0x0B,0x1D,0x84,0xFF,0x0D,0x17,0x67,0xF3,
  0x51,0x5B,0x91,0x1C,0x00,0x00,0x00,0x00,0x00,0x00,0x7F,0x02,
  0x00,0x00,0x00,0x00,0x00,0x00,0x00,0x00,0x00,0x00,0x00,0x00,
  0x00,0x00,0x00,0x00,0x00,0x00,0x00,0x00,0x00,0x00,0x00,0x00,
  0x00,0x00,0x00,0x00,0x00,0x00,0x00,0x00,0x00,0x00,0x00,0x00,
  0x00,0x00,0x00,0x00,0x00,0x00,0x00,0x00,0x00,0x00,0x00,0x00,
  0x00,0x00,0x00,0x00,0x00,0x00,0x00,0x00,0x00,0x00,0x00,0x00,
  0x00,0x00,0x00,0x00,0x00,0x00,0x00,0x00,0x00,0x00,0x00,0x00,
  0x00,0x00,0x00,0x00,0x00,0x00,0x00,0x00,0x00,0x00,0x00,0x00,
  0x00,0x00,0x00,0x00,0x00,0x00,0x00,0x00,0x00,0x00,0x00,0x00,
  0x00,0x00,0x00,0x00,0x00,0x00,0x00,0x00,0x00,0x00,0x00,0x00,
  0x00,0x00,0x00,0x00,0x00,0x00,0x00,0x00,0x00,0x00,0x00,0x00,
  0x00,0x00,0x00,0x00,0x00,0x00,0x00,0x00,0x00,0x00,0x00,0x00,
  0x00,0x00,0x00,0x00,0x00,0x00,0x00,0x00,0x00,0x00,0x00,0x00,
  0x00,0x00,0x00,0x00,0x00,0x00,0x00,0x00,0x00,0x00,0x00,0x00,
  0x00,0x00,0x00,0x00,0x00,0x00,0x00,0x00,0x00,0x00,0x00,0x00,
  0x00,0x00,0x00,0x00,0x00,0x00,0x00,0x00,0x00,0x00,0x00,0x00,
  0x00,0x00,0x00,0x00,0x00,0x00,0x00,0x00,0x00,0x00,0x00,0x00,
  0x00,0x00,0x00,0x00,0x00,0x00,0x00,0x00,0x00,0x00,0x00,0x00,
  0x00,0x00,0x00,0x00,0x00,0x00,0x00,0x00,0x00,0x00,0x00,0x00,
  0x00,0x00,0x00,0x00,0x00,0x00,0x00,0x00,0x00,0x00,0x00,0x00,
  0x00,0x00,0x00,0x00,0x00,0x00,0x00,0x00,0x00,0x00,0x00,0x00,
  0x00,0x00,0x00,0x00,0x00,0x00,0x00,0x00,0x00,0x00,0x00,0x00,
  0x00,0x00,0x00,0x00,0x00,0x00,0x00,0x00,0x00,0x00,0x00,0x00,
  0x00,0x00,0x00,0x00,0x00,0x00,0x00,0x00,0x00,0x00,0x00,0x00,
  0x00,0x00,0x00,0x00,0x00,0x00,0x00,0x00,0x00,0x00,0x00,0x00,
  0x00,0x00,0x00,0x00,0x00,0x00,0x00,0x00,0x00,0x00,0x00,0x00,
  0x00,0x00,0x00,0x00,0x00,0x00,0x00,0x00,0x00,0x00,0x00,0x00,
  0x00,0x00,0x00,0x00,0x00,0x00,0x00,0x00,0x00,0x00,0x00,0x00,
  0x00,0x00,0x00,0x00,0x00,0x00,0x00,0x00,0x00,0x00,0x00,0x00,
  0x00,0x00,0x00,0x00,0x00,0x00,0x00,0x00,0x00,0x00,0x00,0x00,
  0x00,0x00,0x00,0x00,0x00,0x00,0x00,0x00,0x00,0x00,0x00,0x00,
  0x00,0x00,0x00,0x00,0x00,0x00,0x00,0x00,0x00,0x00,0x00,0x00,
  0x00,0x00,0x00,0x00,0x00,0x00,0x00,0x00,0x00,0x00,0x00,0x00,
  0x00,0x00,0x00,0x00,0x00,0x00,0x00,0x00,0x00,0x00,0x00,0x00,
  0x00,0x00,0x00,0x00,0x00,0x00,0x00,0x00,0x00,0x00,0x00,0x00,
  0x00,0x00,0x00,0x00,0x00,0x00,0x00,0x00,0x00,0x00,0x00,0x00,
  0x00,0x00,0x00,0x00,0x00,0x00,0x00,0x00,0x00,0x00,0x00,0x00,
  0x00,0x00,0x00,0x00,0x00,0x00,0x00,0x00,0x00,0x00,0x00,0x00,
  0x00,0x00,0x00,0x00,0x00,0x00,0x00,0x00,0x00,0x00,0x00,0x00,
  0x00,0x00,0x00,0x00,0x00,0x00,0x00,0x00,0x00,0x00,0x00,0x00,
  0x00,0x00,0x00,0x00,0x00,0x00,0x55,0x03,0x00,0x00,0x00,0x00,
  0x0E,0x16,0x63,0x7D,0x08,0x16,0x76,0xFF,0x17,0x35,0xAC,0xFC,
  0x15,0x2E,0xAC,0xFF,0x21,0x59,0xC0,0xFF,0x39,0xC4,0xFF,0xFF,
  0x37,0xC0,0xFF,0xFF,0x31,0xBA,0xFE,0xFF,0x50,0xCF,0xFD,0xFF,
  0x78,0xED,0xFE,0xFF,0x73,0xE9,0xFE,0xFF,0x74,0xEA,0xFE,0xFF,
  0x77,0xEA,0xFE,0xFF,0x4B,0xCA,0xFD,0xFF,0x2B,0xB1,0xFE,0xFF,
  0x2C,0xB2,0xFE,0xFF,0x2C,0xB1,0xFE,0xFF,0x2C,0xB0,0xFE,0xFF,
  0x27,0xAC,0xFE,0xFF,0x51,0xCE,0xFE,0xFF,0x7F,0xEF,0xFE,0xFF,
  0x77,0xE9,0xFE,0xFF,0x7B,0xED,0xFE,0xFF,0x57,0xD5,0xFD,0xFF,
  0x35,0xBE,0xFD,0xFF,0x3A,0xC2,0xFD,0xFF,0x2F,0xAD,0xFC,0xFF,
  0x22,0x90,0xFB,0xFF,0x1B,0x83,0xFC,0xFF,0x1A,0x7F,0xFC,0xFF,
  0x1F,0x89,0xFB,0xFF,0x22,0x93,0xFC,0xFF,0x2B,0xAF,0xFE,0xFF,
  0x2E,0xB9,0xFF,0xFF,0x1D,0x55,0xC0,0xFF,0x17,0x2F,0xA9,0xFF,
  0x17,0x34,0xA6,0xFF,0x12,0x29,0x94,0xFE,0x12,0x22,0x7C,0xF2,
  0x1D,0x27,0x6E,0xD5,0x58,0x62,0x93,0x1A,0x00,0x00,0x00,0x00,
  0x00,0x00,0x7F,0x02,0x00,0x00,0x00,0x00,0x00,0x00,0x00,0x00,
  0x00,0x00,0x00,0x00,0x00,0x00,0x00,0x00,0x00,0x00,0x00,0x00,
  0x00,0x00,0x00,0x00,0x00,0x00,0x00,0x00,0x00,0x00,0x00,0x00,
  0x00,0x00,0x00,0x00,0x00,0x00,0x00,0x00,0x00,0x00,0x00,0x00,
  0x00,0x00,0x00,0x00,0x00,0x00,0x00,0x00,0x00,0x00,0x00,0x00,
  0x00,0x00,0x00,0x00,0x00,0x00,0x00,0x00,0x00,0x00,0x00,0x00,
  0x00,0x00,0x00,0x00,0x00,0x00,0x00,0x00,0x00,0x00,0x00,0x00,
  0x00,0x00,0x00,0x00,0x00,0x00,0x00,0x00,0x00,0x00,0x00,0x00,
  0x00,0x00,0x00,0x00,0x00,0x00,0x00,0x00,0x00,0x00,0x00,0x00,
  0x00,0x00,0x00,0x00,0x00,0x00,0x00,0x00,0x00,0x00,0x00,0x00,
  0x00,0x00,0x00,0x00,0x00,0x00,0x00,0x00,0x00,0x00,0x00,0x00,
  0x00,0x00,0x00,0x00,0x00,0x00,0x00,0x00,0x00,0x00,0x00,0x00,
  0x00,0x00,0x00,0x00,0x00,0x00,0x00,0x00,0x00,0x00,0x00,0x00,
  0x00,0x00,0x00,0x00,0x00,0x00,0x00,0x00,0x00,0x00,0x00,0x00,
  0x00,0x00,0x00,0x00,0x00,0x00,0x00,0x00,0x00,0x00,0x00,0x00,
  0x00,0x00,0x00,0x00,0x00,0x00,0x00,0x00,0x00,0x00,0x00,0x00,
  0x00,0x00,0x00,0x00,0x00,0x00,0x00,0x00,0x00,0x00,0x00,0x00,
  0x00,0x00,0x00,0x00,0x00,0x00,0x00,0x00,0x00,0x00,0x00,0x00,
  0x00,0x00,0x00,0x00,0x00,0x00,0x00,0x00,0x00,0x00,0x00,0x00,
  0x00,0x00,0x00,0x00,0x00,0x00,0x00,0x00,0x00,0x00,0x00,0x00,
  0x00,0x00,0x00,0x00,0x00,0x00,0x00,0x00,0x00,0x00,0x00,0x00,
  0x00,0x00,0x00,0x00,0x00,0x00,0x00,0x00,0x00,0x00,0x00,0x00,
  0x00,0x00,0x00,0x00,0x00,0x00,0x00,0x00,0x00,0x00,0x00,0x00,
  0x00,0x00,0x00,0x00,0x00,0x00,0x00,0x00,0x00,0x00,0x00,0x00,
  0x00,0x00,0x00,0x00,0x00,0x00,0x00,0x00,0x00,0x00,0x00,0x00,
  0x00,0x00,0x00,0x00,0x00,0x00,0x00,0x00,0x00,0x00,0x00,0x00,
  0x00,0x00,0x00,0x00,0x00,0x00,0x00,0x00,0x00,0x00,0x00,0x00,
  0x00,0x00,0x00,0x00,0x00,0x00,0x00,0x00,0x00,0x00,0x00,0x00,
  0x00,0x00,0x00,0x00,0x00,0x00,0x00,0x00,0x00,0x00,0x00,0x00,
  0x00,0x00,0x00,0x00,0x00,0x00,0x00,0x00,0x00,0x00,0x00,0x00,
  0x00,0x00,0x00,0x00,0x00,0x00,0x00,0x00,0x00,0x00,0x00,0x00,
  0x00,0x00,0x00,0x00,0x00,0x00,0x00,0x00,0x00,0x00,0x00,0x00,
  0x00,0x00,0x00,0x00,0x00,0x00,0x00,0x00,0x00,0x00,0x00,0x00,
  0x00,0x00,0x00,0x00,0x00,0x00,0x00,0x00,0x00,0x00,0x00,0x00,
  0x00,0x00,0x00,0x00,0x00,0x00,0x00,0x00,0x00,0x00,0x00,0x00,
  0x00,0x00,0x00,0x00,0x00,0x00,0x00,0x00,0x00,0x00,0x00,0x00,
  0x00,0x00,0x00,0x00,0x00,0x00,0x00,0x00,0x00,0x00,0x00,0x00,
  0x00,0x00,0x00,0x00,0x00,0x00,0x00,0x00,0x00,0x00,0x00,0x00,
  0x00,0x00,0x00,0x00,0x00,0x00,0x00,0x00,0x00,0x00,0x00,0x00,
  0x00,0x00,0x00,0x00,0x00,0x00,0x00,0x00,0x00,0x00,0x55,0x03,
  0x00,0x00,0x00,0x00,0x0E,0x16,0x63,0x7D,0x08,0x16,0x76,0xFF,
  0x18,0x34,0xAB,0xFC,0x18,0x35,0xAF,0xFF,0x1A,0x40,0xB2,0xFF,
  0x21,0x57,0xC1,0xFF,0x1B,0x4B,0xB9,0xFF,0x4F,0xB0,0xE4,0xFF,
  0x73,0xF1,0xFF,0xFF,0x71,0xE4,0xFB,0xFF,0x73,0xE9,0xFD,0xFF,
  0x75,0xEB,0xFE,0xFF,0x74,0xE8,0xFE,0xFF,0x36,0xBA,0xFD,0xFF,
  0x2A,0xB1,0xFE,0xFF,0x2C,0xB2,0xFE,0xFF,0x2C,0xB2,0xFE,0xFF,
  0x2C,0xAF,0xFE,0xFF,0x23,0xAB,0xFE,0xFF,0x51,0xCE,0xFD,0xFF,
  0x7E,0xEF,0xFE,0xFF,0x77,0xEA,0xFE,0xFF,0x81,0xF0,0xFE,0xFF,
  0x58,0xD6,0xFE,0xFF,0x33,0xBD,0xFE,0xFF,0x39,0xC1,0xFE,0xFF,
  0x38,0xC2,0xFE,0xFF,0x38,0xC2,0xFE,0xFF,0x2A,0xA1,0xFD,0xFF,
  0x20,0x8E,0xFC,0xFF,0x19,0x7C,0xFA,0xFF,0x19,0x7F,0xFE,0xFF,
  0x1E,0x69,0xDD,0xFF,0x1D,0x52,0xBF,0xFF,0x19,0x3E,0xB3,0xFF,
  0x19,0x36,0xAF,0xFF,0x15,0x2E,0x9A,0xFB,0x05,0x0F,0x66,0xFF,
  0x1D,0x25,0x6B,0x89,0x78,0x78,0x96,0x11,0x2A,0x2A,0x7F,0x06,
  0x00,0x00,0x00,0x00,0x00,0x00,0x00,0x00,0x00,0x00,0x00,0x00,
  0x00,0x00,0x00,0x00,0x00,0x00,0x00,0x00,0x00,0x00,0x00,0x00,
  0x00,0x00,0x00,0x00,0x00,0x00,0x00,0x00,0x00,0x00,0x00,0x00,
  0x00,0x00,0x00,0x00,0x00,0x00,0x00,0x00,0x00,0x00,0x00,0x00,
  0x00,0x00,0x00,0x00,0x00,0x00,0x00,0x00,0x00,0x00,0x00,0x00,
  0x00,0x00,0x00,0x00,0x00,0x00,0x00,0x00,0x00,0x00,0x00,0x00,
  0x00,0x00,0x00,0x00,0x00,0x00,0x00,0x00,0x00,0x00,0x00,0x00,
  0x00,0x00,0x00,0x00,0x00,0x00,0x00,0x00,0x00,0x00,0x00,0x00,
  0x00,0x00,0x00,0x00,0x00,0x00,0x00,0x00,0x00,0x00,0x00,0x00,
  0x00,0x00,0x00,0x00,0x00,0x00,0x00,0x00,0x00,0x00,0x00,0x00,
  0x00,0x00,0x00,0x00,0x00,0x00,0x00,0x00,0x00,0x00,0x00,0x00,
  0x00,0x00,0x00,0x00,0x00,0x00,0x00,0x00,0x00,0x00,0x00,0x00,
  0x00,0x00,0x00,0x00,0x00,0x00,0x00,0x00,0x00,0x00,0x00,0x00,
  0x00,0x00,0x00,0x00,0x00,0x00,0x00,0x00,0x00,0x00,0x00,0x00,
  0x00,0x00,0x00,0x00,0x00,0x00,0x00,0x00,0x00,0x00,0x00,0x00,
  0x00,0x00,0x00,0x00,0x00,0x00,0x00,0x00,0x00,0x00,0x00,0x00,
  0x00,0x00,0x00,0x00,0x00,0x00,0x00,0x00,0x00,0x00,0x00,0x00,
  0x00,0x00,0x00,0x00,0x00,0x00,0x00,0x00,0x00,0x00,0x00,0x00,
  0x00,0x00,0x00,0x00,0x00,0x00,0x00,0x00,0x00,0x00,0x00,0x00,
  0x00,0x00,0x00,0x00,0x00,0x00,0x00,0x00,0x00,0x00,0x00,0x00,
  0x00,0x00,0x00,0x00,0x00,0x00,0x00,0x00,0x00,0x00,0x00,0x00,
  0x00,0x00,0x00,0x00,0x00,0x00,0x00,0x00,0x00,0x00,0x00,0x00,
  0x00,0x00,0x00,0x00,0x00,0x00,0x00,0x00,0x00,0x00,0x00,0x00,
  0x00,0x00,0x00,0x00,0x00,0x00,0x00,0x00,0x00,0x00,0x00,0x00,
  0x00,0x00,0x00,0x00,0x00,0x00,0x00,0x00,0x00,0x00,0x00,0x00,
  0x00,0x00,0x00,0x00,0x00,0x00,0x00,0x00,0x00,0x00,0x00,0x00,
  0x00,0x00,0x00,0x00,0x00,0x00,0x00,0x00,0x00,0x00,0x00,0x00,
  0x00,0x00,0x00,0x00,0x00,0x00,0x00,0x00,0x00,0x00,0x00,0x00,
  0x00,0x00,0x00,0x00,0x00,0x00,0x00,0x00,0x00,0x00,0x00,0x00,
  0x00,0x00,0x00,0x00,0x00,0x00,0x00,0x00,0x00,0x00,0x00,0x00,
  0x00,0x00,0x00,0x00,0x00,0x00,0x00,0x00,0x00,0x00,0x00,0x00,
  0x00,0x00,0x00,0x00,0x00,0x00,0x00,0x00,0x00,0x00,0x00,0x00,
  0x00,0x00,0x00,0x00,0x00,0x00,0x00,0x00,0x00,0x00,0x00,0x00,
  0x00,0x00,0x00,0x00,0x00,0x00,0x00,0x00,0x00,0x00,0x00,0x00,
  0x00,0x00,0x00,0x00,0x00,0x00,0x00,0x00,0x00,0x00,0x00,0x00,
  0x00,0x00,0x00,0x00,0x00,0x00,0x00,0x00,0x00,0x00,0x00,0x00,
  0x00,0x00,0x00,0x00,0x00,0x00,0x00,0x00,0x00,0x00,0x00,0x00,
  0x00,0x00,0x00,0x00,0x00,0x00,0x00,0x00,0x00,0x00,0x00,0x00,
  0x00,0x00,0x00,0x00,0x00,0x00,0x00,0x00,0x00,0x00,0x00,0x00,
  0x00,0x00,0x00,0x00,0x00,0x00,0x00,0x00,0x00,0x00,0x00,0x00,
  0x00,0x00,0x55,0x03,0x00,0x00,0x00,0x00,0x0E,0x16,0x64,0x7C,
  0x08,0x16,0x76,0xFF,0x1A,0x37,0xAF,0xFC,0x1B,0x3C,0xB6,0xFF,
  0x1B,0x39,0xB4,0xFF,0x19,0x33,0xAE,0xFF,0x16,0x2C,0xA7,0xFF,
  0x34,0x73,0xC7,0xFF,0x65,0xCE,0xEF,0xFF,0x7A,0xF6,0xFF,0xFF,
  0x74,0xEE,0xFF,0xFF,0x68,0xE0,0xFD,0xFF,0x3E,0xC0,0xFD,0xFF,
  0x33,0xB7,0xFE,0xFF,0x2E,0xB4,0xFD,0xFF,0x2C,0xB2,0xFE,0xFF,
  0x2B,0xB1,0xFE,0xFF,0x2E,0xB3,0xFE,0xFF,0x46,0xC7,0xFE,0xFF,
  0x63,0xDD,0xFD,0xFF,0x7B,0xED,0xFE,0xFF,0x75,0xE9,0xFE,0xFF,
  0x62,0xDD,0xFE,0xFF,0x49,0xCC,0xFD,0xFF,0x35,0xBE,0xFE,0xFF,
  0x38,0xBF,0xFE,0xFF,0x37,0xBF,0xFE,0xFF,0x37,0xBF,0xFE,0xFF,
  0x39,0xC4,0xFE,0xFF,0x33,0xB6,0xFD,0xFF,0x1F,0x87,0xF9,0xFF,
  0x21,0x8C,0xFD,0xFF,0x1E,0x51,0xCE,0xFF,0x16,0x2D,0xA9,0xFF,
  0x18,0x35,0xAE,0xFF,0x19,0x38,0xB0,0xFF,0x16,0x2E,0x9B,0xFB,
  0x08,0x13,0x6B,0xFF,0x23,0x29,0x72,0x88,0x00,0x00,0x00,0x00,
  0x00,0x00,0x55,0x03,0x00,0x00,0x00,0x00,0x00,0x00,0x00,0x00,
  0x00,0x00,0x00,0x00,0x00,0x00,0x00,0x00,0x00,0x00,0x00,0x00,
  0x00,0x00,0x00,0x00,0x00,0x00,0x00,0x00,0x00,0x00,0x00,0x00,
  0x00,0x00,0x00,0x00,0x00,0x00,0x00,0x00,0x00,0x00,0x00,0x00,
  0x00,0x00,0x00,0x00,0x00,0x00,0x00,0x00,0x00,0x00,0x00,0x00,
  0x00,0x00,0x00,0x00,0x00,0x00,0x00,0x00,0x00,0x00,0x00,0x00,
  0x00,0x00,0x00,0x00,0x00,0x00,0x00,0x00,0x00,0x00,0x00,0x00,
  0x00,0x00,0x00,0x00,0x00,0x00,0x00,0x00,0x00,0x00,0x00,0x00,
  0x00,0x00,0x00,0x00,0x00,0x00,0x00,0x00,0x00,0x00,0x00,0x00,
  0x00,0x00,0x00,0x00,0x00,0x00,0x00,0x00,0x00,0x00,0x00,0x00,
  0x00,0x00,0x00,0x00,0x00,0x00,0x00,0x00,0x00,0x00,0x00,0x00,
  0x00,0x00,0x00,0x00,0x00,0x00,0x00,0x00,0x00,0x00,0x00,0x00,
  0x00,0x00,0x00,0x00,0x00,0x00,0x00,0x00,0x00,0x00,0x00,0x00,
  0x00,0x00,0x00,0x00,0x00,0x00,0x00,0x00,0x00,0x00,0x00,0x00,
  0x00,0x00,0x00,0x00,0x00,0x00,0x00,0x00,0x00,0x00,0x00,0x00,
  0x00,0x00,0x00,0x00,0x00,0x00,0x00,0x00,0x00,0x00,0x00,0x00,
  0x00,0x00,0x00,0x00,0x00,0x00,0x00,0x00,0x00,0x00,0x00,0x00,
  0x00,0x00,0x00,0x00,0x00,0x00,0x00,0x00,0x00,0x00,0x00,0x00,
  0x00,0x00,0x00,0x00,0x00,0x00,0x00,0x00,0x00,0x00,0x00,0x00,
  0x00,0x00,0x00,0x00,0x00,0x00,0x00,0x00,0x00,0x00,0x00,0x00,
  0x00,0x00,0x00,0x00,0x00,0x00,0x00,0x00,0x00,0x00,0x00,0x00,
  0x00,0x00,0x00,0x00,0x00,0x00,0x00,0x00,0x00,0x00,0x00,0x00,
  0x00,0x00,0x00,0x00,0x00,0x00,0x00,0x00,0x00,0x00,0x00,0x00,
  0x00,0x00,0x00,0x00,0x00,0x00,0x00,0x00,0x00,0x00,0x00,0x00,
  0x00,0x00,0x00,0x00,0x00,0x00,0x00,0x00,0x00,0x00,0x00,0x00,
  0x00,0x00,0x00,0x00,0x00,0x00,0x00,0x00,0x00,0x00,0x00,0x00,
  0x00,0x00,0x00,0x00,0x00,0x00,0x00,0x00,0x00,0x00,0x00,0x00,
  0x00,0x00,0x00,0x00,0x00,0x00,0x00,0x00,0x00,0x00,0x00,0x00,
  0x00,0x00,0x00,0x00,0x00,0x00,0x00,0x00,0x00,0x00,0x00,0x00,
  0x00,0x00,0x00,0x00,0x00,0x00,0x00,0x00,0x00,0x00,0x00,0x00,
  0x00,0x00,0x00,0x00,0x00,0x00,0x00,0x00,0x00,0x00,0x00,0x00,
  0x00,0x00,0x00,0x00,0x00,0x00,0x00,0x00,0x00,0x00,0x00,0x00,
  0x00,0x00,0x00,0x00,0x00,0x00,0x00,0x00,0x00,0x00,0x00,0x00,
  0x00,0x00,0x00,0x00,0x00,0x00,0x00,0x00,0x00,0x00,0x00,0x00,
  0x00,0x00,0x00,0x00,0x00,0x00,0x00,0x00,0x00,0x00,0x00,0x00,
  0x00,0x00,0x00,0x00,0x00,0x00,0x00,0x00,0x00,0x00,0x00,0x00,
  0x00,0x00,0x00,0x00,0x00,0x00,0x00,0x00,0x00,0x00,0x00,0x00,
  0x00,0x00,0x00,0x00,0x00,0x00,0x00,0x00,0x00,0x00,0x00,0x00,
  0x00,0x00,0x00,0x00,0x00,0x00,0x00,0x00,0x00,0x00,0x00,0x00,
  0x00,0x00,0x00,0x00,0x00,0x00,0x00,0x00,0x00,0x00,0x00,0x00,
  0x00,0x00,0x00,0x00,0x00,0x00,0x55,0x03,0x00,0x00,0x00,0x00,
  0x15,0x1D,0x68,0x81,0x09,0x16,0x73,0xFC,0x13,0x26,0x8D,0xF9,
  0x13,0x28,0x90,0xFC,0x14,0x28,0x8E,0xFC,0x19,0x36,0xA6,0xFF,
  0x1A,0x3A,0xB1,0xFF,0x11,0x2B,0xAC,0xFF,0x32,0x6C,0xC7,0xFF,
  0x57,0xAC,0xE0,0xFF,0x5D,0xC4,0xED,0xFF,0x5A,0xDD,0xFF,0xFF,
  0x31,0xBA,0xFF,0xFF,0x31,0xB6,0xFE,0xFF,0x2F,0xB5,0xFD,0xFF,
  0x2E,0xB4,0xFE,0xFF,0x28,0xAE,0xFE,0xFF,0x30,0xB3,0xFE,0xFF,
  0x76,0xEB,0xFE,0xFF,0x76,0xEC,0xFE,0xFF,0x79,0xEB,0xFE,0xFF,
  0x71,0xE6,0xFE,0xFF,0x39,0xC1,0xFE,0xFF,0x35,0xBE,0xFE,0xFF,
  0x3A,0xC1,0xFD,0xFF,0x38,0xC0,0xFE,0xFF,0x39,0xC0,0xFD,0xFF,
  0x38,0xBF,0xFE,0xFF,0x37,0xBE,0xFE,0xFF,0x38,0xC0,0xFE,0xFF,
  0x38,0xC0,0xFE,0xFF,0x38,0xBB,0xFC,0xFF,0x1E,0x4F,0xBE,0xFF,
  0x18,0x34,0xAF,0xFF,0x19,0x38,0xAF,0xFF,0x1B,0x3A,0xB6,0xFF,
  0x18,0x31,0xA0,0xFB,0x07,0x11,0x68,0xFD,0x23,0x28,0x70,0x8A,
  0x00,0x00,0xFF,0x01,0x00,0x00,0x3F,0x04,0x00,0x00,0x00,0x00,
  0x00,0x00,0x00,0x00,0x00,0x00,0x00,0x00,0x00,0x00,0x00,0x00,
  0x00,0x00,0x00,0x00,0x00,0x00,0x00,0x00,0x00,0x00,0x00,0x00,
  0x00,0x00,0x00,0x00,0x00,0x00,0x00,0x00,0x00,0x00,0x00,0x00,
  0x00,0x00,0x00,0x00,0x00,0x00,0x00,0x00,0x00,0x00,0x00,0x00,
  0x00,0x00,0x00,0x00,0x00,0x00,0x00,0x00,0x00,0x00,0x00,0x00,
  0x00,0x00,0x00,0x00,0x00,0x00,0x00,0x00,0x00,0x00,0x00,0x00,
  0x00,0x00,0x00,0x00,0x00,0x00,0x00,0x00,0x00,0x00,0x00,0x00,
  0x00,0x00,0x00,0x00,0x00,0x00,0x00,0x00,0x00,0x00,0x00,0x00,
  0x00,0x00,0x00,0x00,0x00,0x00,0x00,0x00,0x00,0x00,0x00,0x00,
  0x00,0x00,0x00,0x00,0x00,0x00,0x00,0x00,0x00,0x00,0x00,0x00,
  0x00,0x00,0x00,0x00,0x00,0x00,0x00,0x00,0x00,0x00,0x00,0x00,
  0x00,0x00,0x00,0x00,0x00,0x00,0x00,0x00,0x00,0x00,0x00,0x00,
  0x00,0x00,0x00,0x00,0x00,0x00,0x00,0x00,0x00,0x00,0x00,0x00,
  0x00,0x00,0x00,0x00,0x00,0x00,0x00,0x00,0x00,0x00,0x00,0x00,
  0x00,0x00,0x00,0x00,0x00,0x00,0x00,0x00,0x00,0x00,0x00,0x00,
  0x00,0x00,0x00,0x00,0x00,0x00,0x00,0x00,0x00,0x00,0x00,0x00,
  0x00,0x00,0x00,0x00,0x00,0x00,0x00,0x00,0x00,0x00,0x00,0x00,
  0x00,0x00,0x00,0x00,0x00,0x00,0x00,0x00,0x00,0x00,0x00,0x00,
  0x00,0x00,0x00,0x00,0x00,0x00,0x00,0x00,0x00,0x00,0x00,0x00,
  0x00,0x00,0x00,0x00,0x00,0x00,0x00,0x00,0x00,0x00,0x00,0x00,
  0x00,0x00,0x00,0x00,0x00,0x00,0x00,0x00,0x00,0x00,0x00,0x00,
  0x00,0x00,0x00,0x00,0x00,0x00,0x00,0x00,0x00,0x00,0x00,0x00,
  0x00,0x00,0x00,0x00,0x00,0x00,0x00,0x00,0x00,0x00,0x00,0x00,
  0x00,0x00,0x00,0x00,0x00,0x00,0x00,0x00,0x00,0x00,0x00,0x00,
  0x00,0x00,0x00,0x00,0x00,0x00,0x00,0x00,0x00,0x00,0x00,0x00,
  0x00,0x00,0x00,0x00,0x00,0x00,0x00,0x00,0x00,0x00,0x00,0x00,
  0x00,0x00,0x00,0x00,0x00,0x00,0x00,0x00,0x00,0x00,0x00,0x00,
  0x00,0x00,0x00,0x00,0x00,0x00,0x00,0x00,0x00,0x00,0x00,0x00,
  0x00,0x00,0x00,0x00,0x00,0x00,0x00,0x00,0x00,0x00,0x00,0x00,
  0x00,0x00,0x00,0x00,0x00,0x00,0x00,0x00,0x00,0x00,0x00,0x00,
  0x00,0x00,0x00,0x00,0x00,0x00,0x00,0x00,0x00,0x00,0x00,0x00,
  0x00,0x00,0x00,0x00,0x00,0x00,0x00,0x00,0x00,0x00,0x00,0x00,
  0x00,0x00,0x00,0x00,0x00,0x00,0x00,0x00,0x00,0x00,0x00,0x00,
  0x00,0x00,0x00,0x00,0x00,0x00,0x00,0x00,0x00,0x00,0x00,0x00,
  0x00,0x00,0x00,0x00,0x00,0x00,0x00,0x00,0x00,0x00,0x00,0x00,
  0x00,0x00,0x00,0x00,0x00,0x00,0x00,0x00,0x00,0x00,0x00,0x00,
  0x00,0x00,0x00,0x00,0x00,0x00,0x00,0x00,0x00,0x00,0x00,0x00,
  0x00,0x00,0x00,0x00,0x00,0x00,0x00,0x00,0x00,0x00,0x00,0x00,
  0x00,0x00,0x00,0x00,0x00,0x00,0x00,0x00,0x00,0x00,0x00,0x00,
  0x00,0x00,0x00,0x00,0x00,0x00,0x00,0x00,0x00,0x00,0x55,0x03,
  0x00,0x00,0x00,0x00,0x12,0x1C,0x67,0x88,0x04,0x11,0x6F,0xFF,
  0x04,0x0F,0x64,0xFF,0x04,0x0F,0x64,0xFF,0x03,0x0D,0x5F,0xFF,
  0x16,0x30,0xA0,0xFF,0x1D,0x3D,0xBA,0xFF,0x19,0x3A,0xB4,0xFF,
  0x16,0x33,0xAF,0xFF,0x0E,0x22,0xA4,0xFF,0x33,0x7C,0xCF,0xFF,
  0x4A,0xC6,0xF6,0xFF,0x36,0xAF,0xF5,0xFF,0x33,0xB7,0xFC,0xFF,
  0x31,0xB4,0xFD,0xFF,0x2D,0xB1,0xFD,0xFF,0x2D,0xB2,0xFE,0xFF,
  0x3F,0xBE,0xFD,0xFF,0x73,0xE8,0xFE,0xFF,0x76,0xEA,0xFE,0xFF,
  0x7C,0xEC,0xFE,0xFF,0x75,0xE8,0xFE,0xFF,0x3C,0xC4,0xFE,0xFF,
  0x37,0xC0,0xFE,0xFF,0x3A,0xC2,0xFD,0xFF,0x39,0xC1,0xFD,0xFF,
  0x39,0xC0,0xFE,0xFF,0x38,0xBF,0xFE,0xFF,0x37,0xBF,0xFE,0xFF,
  0x38,0xBF,0xFE,0xFF,0x38,0xC1,0xFF,0xFF,0x39,0xBB,0xFC,0xFF,
  0x1C,0x4C,0xBA,0xFF,0x17,0x33,0xAE,0xFF,0x1A,0x3A,0xB2,0xFF,
  0x12,0x28,0x92,0xFF,0x0C,0x1B,0x77,0xFB,0x0D,0x18,0x6D,0xFF,
  0x25,0x2D,0x73,0x8D,0x00,0x00,0x00,0x00,0x00,0x00,0x3F,0x04,
  0x00,0x00,0x00,0x00,0x00,0x00,0x00,0x00,0x00,0x00,0x00,0x00,
  0x00,0x00,0x00,0x00,0x00,0x00,0x00,0x00,0x00,0x00,0x00,0x00,
  0x00,0x00,0x00,0x00,0x00,0x00,0x00,0x00,0x00,0x00,0x00,0x00,
  0x00,0x00,0x00,0x00,0x00,0x00,0x00,0x00,0x00,0x00,0x00,0x00,
  0x00,0x00,0x00,0x00,0x00,0x00,0x00,0x00,0x00,0x00,0x00,0x00,
  0x00,0x00,0x00,0x00,0x00,0x00,0x00,0x00,0x00,0x00,0x00,0x00,
  0x00,0x00,0x00,0x00,0x00,0x00,0x00,0x00,0x00,0x00,0x00,0x00,
  0x00,0x00,0x00,0x00,0x00,0x00,0x00,0x00,0x00,0x00,0x00,0x00,
  0x00,0x00,0x00,0x00,0x00,0x00,0x00,0x00,0x00,0x00,0x00,0x00,
  0x00,0x00,0x00,0x00,0x00,0x00,0x00,0x00,0x00,0x00,0x00,0x00,
  0x00,0x00,0x00,0x00,0x00,0x00,0x00,0x00,0x00,0x00,0x00,0x00,
  0x00,0x00,0x00,0x00,0x00,0x00,0x00,0x00,0x00,0x00,0x00,0x00,
  0x00,0x00,0x00,0x00,0x00,0x00,0x00,0x00,0x00,0x00,0x00,0x00,
  0x00,0x00,0x00,0x00,0x00,0x00,0x00,0x00,0x00,0x00,0x00,0x00,
  0x00,0x00,0x00,0x00,0x00,0x00,0x00,0x00,0x00,0x00,0x00,0x00,
  0x00,0x00,0x00,0x00,0x00,0x00,0x00,0x00,0x00,0x00,0x00,0x00,
  0x00,0x00,0x00,0x00,0x00,0x00,0x00,0x00,0x00,0x00,0x00,0x00,
  0x00,0x00,0x00,0x00,0x00,0x00,0x00,0x00,0x00,0x00,0x00,0x00,
  0x00,0x00,0x00,0x00,0x00,0x00,0x00,0x00,0x00,0x00,0x00,0x00,
  0x00,0x00,0x00,0x00,0x00,0x00,0x00,0x00,0x00,0x00,0x00,0x00,
  0x00,0x00,0x00,0x00,0x00,0x00,0x00,0x00,0x00,0x00,0x00,0x00,
  0x00,0x00,0x00,0x00,0x00,0x00,0x00,0x00,0x00,0x00,0x00,0x00,
  0x00,0x00,0x00,0x00,0x00,0x00,0x00,0x00,0x00,0x00,0x00,0x00,
  0x00,0x00,0x00,0x00,0x00,0x00,0x00,0x00,0x00,0x00,0x00,0x00,
  0x00,0x00,0x00,0x00,0x00,0x00,0x00,0x00,0x00,0x00,0x00,0x00,
  0x00,0x00,0x00,0x00,0x00,0x00,0x00,0x00,0x00,0x00,0x00,0x00,
  0x00,0x00,0x00,0x00,0x00,0x00,0x00,0x00,0x00,0x00,0x00,0x00,
  0x00,0x00,0x00,0x00,0x00,0x00,0x00,0x00,0x00,0x00,0x00,0x00,
  0x00,0x00,0x00,0x00,0x00,0x00,0x00,0x00,0x00,0x00,0x00,0x00,
  0x00,0x00,0x00,0x00,0x00,0x00,0x00,0x00,0x00,0x00,0x00,0x00,
  0x00,0x00,0x00,0x00,0x00,0x00,0x00,0x00,0x00,0x00,0x00,0x00,
  0x00,0x00,0x00,0x00,0x00,0x00,0x00,0x00,0x00,0x00,0x00,0x00,
  0x00,0x00,0x00,0x00,0x00,0x00,0x00,0x00,0x00,0x00,0x00,0x00,
  0x00,0x00,0x00,0x00,0x00,0x00,0x00,0x00,0x00,0x00,0x00,0x00,
  0x00,0x00,0x00,0x00,0x00,0x00,0x00,0x00,0x00,0x00,0x00,0x00,
  0x00,0x00,0x00,0x00,0x00,0x00,0x00,0x00,0x00,0x00,0x00,0x00,
  0x00,0x00,0x00,0x00,0x00,0x00,0x00,0x00,0x00,0x00,0x00,0x00,
  0x00,0x00,0x00,0x00,0x00,0x00,0x00,0x00,0x00,0x00,0x00,0x00,
  0x00,0x00,0x00,0x00,0x00,0x00,0x00,0x00,0x00,0x00,0x00,0x00,
  0x00,0x00,0x00,0x00,0x00,0x00,0x00,0x00,0x00,0x00,0x00,0x00,
  0x00,0x00,0x7F,0x02,0x00,0x00,0x00,0x00,0x38,0x41,0x7C,0x5E,
  0x33,0x3C,0x80,0xC1,0x27,0x31,0x76,0xAA,0x2F,0x38,0x7A,0xB3,
  0x35,0x3F,0x7E,0xBD,0x18,0x2C,0x8D,0xF4,0x0F,0x24,0x8E,0xFB,
  0x14,0x2D,0x9C,0xFD,0x1A,0x39,0xB2,0xFF,0x1A,0x38,0xAE,0xFF,
  0x1C,0x3D,0xAF,0xFF,0x1B,0x3E,0xAD,0xFF,0x1C,0x46,0xB3,0xFF,
  0x35,0xB4,0xF9,0xFF,0x36,0xC6,0xFF,0xFF,0x2D,0xB6,0xFF,0xFF,
  0x3E,0xBF,0xFD,0xFF,0x76,0xE9,0xFD,0xFF,0x77,0xE9,0xFE,0xFF,
  0x78,0xE9,0xFD,0xFF,0x72,0xE7,0xFE,0xFF,0x5A,0xD8,0xFD,0xFF,
  0x3A,0xC1,0xFE,0xFF,0x38,0xBF,0xFE,0xFF,0x39,0xC1,0xFD,0xFF,
  0x39,0xC1,0xFD,0xFF,0x39,0xC1,0xFD,0xFF,0x38,0xC0,0xFD,0xFF,
  0x36,0xC0,0xFE,0xFF,0x37,0xC0,0xFE,0xFF,0x39,0xBD,0xFB,0xFF,
  0x3B,0xB7,0xF6,0xFF,0x1E,0x4B,0xBB,0xFF,0x18,0x34,0xAE,0xFF,
  0x1C,0x3B,0xB4,0xFE,0x0C,0x1C,0x7D,0xFF,0x08,0x11,0x5F,0xF9,
  0x2C,0x33,0x75,0x73,0x3C,0x43,0x7F,0x26,0x00,0x00,0xFF,0x01,
  0x00,0x00,0x00,0x01,0x00,0x00,0x00,0x00,0x00,0x00,0x00,0x00,
  0x00,0x00,0x00,0x00,0x00,0x00,0x00,0x00,0x00,0x00,0x00,0x00,
  0x00,0x00,0x00,0x00,0x00,0x00,0x00,0x00,0x00,0x00,0x00,0x00,
  0x00,0x00,0x00,0x00,0x00,0x00,0x00,0x00,0x00,0x00,0x00,0x00,
  0x00,0x00,0x00,0x00,0x00,0x00,0x00,0x00,0x00,0x00,0x00,0x00,
  0x00,0x00,0x00,0x00,0x00,0x00,0x00,0x00,0x00,0x00,0x00,0x00,
  0x00,0x00,0x00,0x00,0x00,0x00,0x00,0x00,0x00,0x00,0x00,0x00,
  0x00,0x00,0x00,0x00,0x00,0x00,0x00,0x00,0x00,0x00,0x00,0x00,
  0x00,0x00,0x00,0x00,0x00,0x00,0x00,0x00,0x00,0x00,0x00,0x00,
  0x00,0x00,0x00,0x00,0x00,0x00,0x00,0x00,0x00,0x00,0x00,0x00,
  0x00,0x00,0x00,0x00,0x00,0x00,0x00,0x00,0x00,0x00,0x00,0x00,
  0x00,0x00,0x00,0x00,0x00,0x00,0x00,0x00,0x00,0x00,0x00,0x00,
  0x00,0x00,0x00,0x00,0x00,0x00,0x00,0x00,0x00,0x00,0x00,0x00,
  0x00,0x00,0x00,0x00,0x00,0x00,0x00,0x00,0x00,0x00,0x00,0x00,
  0x00,0x00,0x00,0x00,0x00,0x00,0x00,0x00,0x00,0x00,0x00,0x00,
  0x00,0x00,0x00,0x00,0x00,0x00,0x00,0x00,0x00,0x00,0x00,0x00,
  0x00,0x00,0x00,0x00,0x00,0x00,0x00,0x00,0x00,0x00,0x00,0x00,
  0x00,0x00,0x00,0x00,0x00,0x00,0x00,0x00,0x00,0x00,0x00,0x00,
  0x00,0x00,0x00,0x00,0x00,0x00,0x00,0x00,0x00,0x00,0x00,0x00,
  0x00,0x00,0x00,0x00,0x00,0x00,0x00,0x00,0x00,0x00,0x00,0x00,
  0x00,0x00,0x00,0x00,0x00,0x00,0x00,0x00,0x00,0x00,0x00,0x00,
  0x00,0x00,0x00,0x00,0x00,0x00,0x00,0x00,0x00,0x00,0x00,0x00,
  0x00,0x00,0x00,0x00,0x00,0x00,0x00,0x00,0x00,0x00,0x00,0x00,
  0x00,0x00,0x00,0x00,0x00,0x00,0x00,0x00,0x00,0x00,0x00,0x00,
  0x00,0x00,0x00,0x00,0x00,0x00,0x00,0x00,0x00,0x00,0x00,0x00,
  0x00,0x00,0x00,0x00,0x00,0x00,0x00,0x00,0x00,0x00,0x00,0x00,
  0x00,0x00,0x00,0x00,0x00,0x00,0x00,0x00,0x00,0x00,0x00,0x00,
  0x00,0x00,0x00,0x00,0x00,0x00,0x00,0x00,0x00,0x00,0x00,0x00,
  0x00,0x00,0x00,0x00,0x00,0x00,0x00,0x00,0x00,0x00,0x00,0x00,
  0x00,0x00,0x00,0x00,0x00,0x00,0x00,0x00,0x00,0x00,0x00,0x00,
  0x00,0x00,0x00,0x00,0x00,0x00,0x00,0x00,0x00,0x00,0x00,0x00,
  0x00,0x00,0x00,0x00,0x00,0x00,0x00,0x00,0x00,0x00,0x00,0x00,
  0x00,0x00,0x00,0x00,0x00,0x00,0x00,0x00,0x00,0x00,0x00,0x00,
  0x00,0x00,0x00,0x00,0x00,0x00,0x00,0x00,0x00,0x00,0x00,0x00,
  0x00,0x00,0x00,0x00,0x00,0x00,0x00,0x00,0x00,0x00,0x00,0x00,
  0x00,0x00,0x00,0x00,0x00,0x00,0x00,0x00,0x00,0x00,0x00,0x00,
  0x00,0x00,0x00,0x00,0x00,0x00,0x00,0x00,0x00,0x00,0x00,0x00,
  0x00,0x00,0x00,0x00,0x00,0x00,0x00,0x00,0x00,0x00,0x00,0x00,
  0x00,0x00,0x00,0x00,0x00,0x00,0x00,0x00,0x00,0x00,0x00,0x00,
  0x00,0x00,0x00,0x00,0x00,0x00,0x00,0x00,0x00,0x00,0x00,0x00,
  0x00,0x00,0x00,0x00,0x00,0x00,0x00,0x00,0x00,0x00,0x00,0x00,
  0x02,0x01,0x00,0x00,0x04,0x04,0x00,0x00,0x03,0x02,0x00,0x00,
  0x03,0x03,0x00,0x00,0x08,0x08,0x04,0x00,0x17,0x21,0x69,0xEB,
  0x04,0x0D,0x60,0xFF,0x11,0x23,0x83,0xFF,0x1C,0x3C,0xB8,0xFE,
  0x18,0x36,0xAC,0xFF,0x17,0x34,0xAB,0xFF,0x18,0x32,0xAA,0xFF,
  0x19,0x36,0xAB,0xFF,0x24,0x6B,0xCB,0xFF,0x25,0x6D,0xCB,0xFF,
  0x26,0x88,0xE1,0xFF,0x3F,0xC8,0xFF,0xFF,0x76,0xE7,0xFC,0xFF,
  0x76,0xE7,0xFD,0xFF,0x79,0xEB,0xFE,0xFF,0x65,0xE0,0xFE,0xFF,
  0x39,0xC0,0xFD,0xFF,0x3A,0xC0,0xFD,0xFF,0x3A,0xC2,0xFD,0xFF,
  0x39,0xC0,0xFD,0xFF,0x39,0xC1,0xFD,0xFF,0x39,0xC1,0xFD,0xFF,
  0x39,0xC1,0xFD,0xFF,0x38,0xBE,0xFD,0xFF,0x39,0xC7,0xFF,0xFF,
  0x2D,0x87,0xDC,0xFF,0x1F,0x49,0xBB,0xFF,0x1B,0x3E,0xB5,0xFF,
  0x19,0x36,0xAF,0xFF,0x1D,0x3C,0xB3,0xFE,0x0D,0x1E,0x81,0xFE,
  0x0B,0x14,0x62,0xF4,0x4A,0x52,0x83,0x1F,0x00,0x00,0x00,0x00,
  0x00,0x00,0x7F,0x02,0x00,0x00,0x00,0x00,0x00,0x00,0x00,0x00,
  0x00,0x00,0x00,0x00,0x00,0x00,0x00,0x00,0x00,0x00,0x00,0x00,
  0x00,0x00,0x00,0x00,0x00,0x00,0x00,0x00,0x00,0x00,0x00,0x00,
  0x00,0x00,0x00,0x00,0x00,0x00,0x00,0x00,0x00,0x00,0x00,0x00,
  0x00,0x00,0x00,0x00,0x00,0x00,0x00,0x00,0x00,0x00,0x00,0x00,
  0x00,0x00,0x00,0x00,0x00,0x00,0x00,0x00,0x00,0x00,0x00,0x00,
  0x00,0x00,0x00,0x00,0x00,0x00,0x00,0x00,0x00,0x00,0x00,0x00,
  0x00,0x00,0x00,0x00,0x00,0x00,0x00,0x00,0x00,0x00,0x00,0x00,
  0x00,0x00,0x00,0x00,0x00,0x00,0x00,0x00,0x00,0x00,0x00,0x00,
  0x00,0x00,0x00,0x00,0x00,0x00,0x00,0x00,0x00,0x00,0x00,0x00,
  0x00,0x00,0x00,0x00,0x00,0x00,0x00,0x00,0x00,0x00,0x00,0x00,
  0x00,0x00,0x00,0x00,0x00,0x00,0x00,0x00,0x00,0x00,0x00,0x00,
  0x00,0x00,0x00,0x00,0x00,0x00,0x00,0x00,0x00,0x00,0x00,0x00,
  0x00,0x00,0x00,0x00,0x00,0x00,0x00,0x00,0x00,0x00,0x00,0x00,
  0x00,0x00,0x00,0x00,0x00,0x00,0x00,0x00,0x00,0x00,0x00,0x00,
  0x00,0x00,0x00,0x00,0x00,0x00,0x00,0x00,0x00,0x00,0x00,0x00,
  0x00,0x00,0x00,0x00,0x00,0x00,0x00,0x00,0x00,0x00,0x00,0x00,
  0x00,0x00,0x00,0x00,0x00,0x00,0x00,0x00,0x00,0x00,0x00,0x00,
  0x00,0x00,0x00,0x00,0x00,0x00,0x00,0x00,0x00,0x00,0x00,0x00,
  0x00,0x00,0x00,0x00,0x00,0x00,0x00,0x00,0x00,0x00,0x00,0x00,
  0x00,0x00,0x00,0x00,0x00,0x00,0x00,0x00,0x00,0x00,0x00,0x00,
  0x00,0x00,0x00,0x00,0x00,0x00,0x00,0x00,0x00,0x00,0x00,0x00,
  0x00,0x00,0x00,0x00,0x00,0x00,0x00,0x00,0x00,0x00,0x00,0x00,
  0x00,0x00,0x00,0x00,0x00,0x00,0x00,0x00,0x00,0x00,0x00,0x00,
  0x00,0x00,0x00,0x00,0x00,0x00,0x00,0x00,0x00,0x00,0x00,0x00,
  0x00,0x00,0x00,0x00,0x00,0x00,0x00,0x00,0x00,0x00,0x00,0x00,
  0x00,0x00,0x00,0x00,0x00,0x00,0x00,0x00,0x00,0x00,0x00,0x00,
  0x00,0x00,0x00,0x00,0x00,0x00,0x00,0x00,0x00,0x00,0x00,0x00,
  0x00,0x00,0x00,0x00,0x00,0x00,0x00,0x00,0x00,0x00,0x00,0x00,
  0x00,0x00,0x00,0x00,0x00,0x00,0x00,0x00,0x00,0x00,0x00,0x00,
  0x00,0x00,0x00,0x00,0x00,0x00,0x00,0x00,0x00,0x00,0x00,0x00,
  0x00,0x00,0x00,0x00,0x00,0x00,0x00,0x00,0x00,0x00,0x00,0x00,
  0x00,0x00,0x00,0x00,0x00,0x00,0x00,0x00,0x00,0x00,0x00,0x00,
  0x00,0x00,0x00,0x00,0x00,0x00,0x00,0x00,0x00,0x00,0x00,0x00,
  0x00,0x00,0x00,0x00,0x00,0x00,0x00,0x00,0x00,0x00,0x00,0x00,
  0x00,0x00,0x00,0x00,0x00,0x00,0x00,0x00,0x00,0x00,0x00,0x00,
  0x00,0x00,0x00,0x00,0x00,0x00,0x00,0x00,0x00,0x00,0x00,0x00,
  0x00,0x00,0x00,0x00,0x00,0x00,0x00,0x00,0x00,0x00,0x00,0x00,
  0x00,0x00,0x00,0x00,0x00,0x00,0x00,0x00,0x00,0x00,0x00,0x00,
  0x00,0x00,0x00,0x00,0x00,0x00,0x00,0x00,0x00,0x00,0x00,0x00,
  0x00,0x00,0x00,0x00,0x00,0x00,0x00,0x00,0x00,0x00,0x00,0x00,
  0x00,0x00,0x00,0x00,0x00,0x00,0x00,0x01,0x00,0x00,0x00,0x01,
  0x00,0x00,0x00,0x03,0x00,0x00,0x00,0x02,0x33,0x33,0x66,0x05,
  0x33,0x3C,0x7E,0x87,0x28,0x34,0x77,0x98,0x17,0x24,0x74,0xD0,
  0x0C,0x1F,0x83,0xFF,0x1C,0x39,0xB2,0xFD,0x1B,0x3A,0xB3,0xFF,
  0x1A,0x39,0xB2,0xFF,0x19,0x38,0xB0,0xFF,0x15,0x30,0xAB,0xFF,
  0x12,0x26,0xA3,0xFF,0x1C,0x57,0xC1,0xFF,0x43,0xBE,0xF7,0xFF,
  0x81,0xF4,0xFF,0xFF,0x7F,0xF3,0xFF,0xFF,0x79,0xEB,0xFE,0xFF,
  0x65,0xDE,0xFC,0xFF,0x3D,0xC3,0xFD,0xFF,0x3C,0xC2,0xFD,0xFF,
  0x3B,0xC3,0xFD,0xFF,0x39,0xC2,0xFD,0xFF,0x39,0xC1,0xFD,0xFF,
  0x3A,0xC2,0xFD,0xFF,0x3B,0xC2,0xFD,0xFF,0x39,0xBF,0xFC,0xFF,
  0x39,0xC8,0xFF,0xFF,0x29,0x7C,0xD6,0xFF,0x17,0x2D,0xAD,0xFF,
  0x1A,0x3B,0xB4,0xFF,0x1B,0x3B,0xB4,0xFF,0x20,0x41,0xBB,0xFE,
  0x0D,0x1E,0x81,0xFF,0x09,0x11,0x5F,0xFF,0x39,0x3E,0x7C,0x31,
  0x00,0x00,0x7F,0x02,0x00,0x00,0x7F,0x02,0x00,0x00,0x00,0x00,
  0x00,0x00,0x00,0x00,0x00,0x00,0x00,0x00,0x00,0x00,0x00,0x00,
  0x00,0x00,0x00,0x00,0x00,0x00,0x00,0x00,0x00,0x00,0x00,0x00,
  0x00,0x00,0x00,0x00,0x00,0x00,0x00,0x00,0x00,0x00,0x00,0x00,
  0x00,0x00,0x00,0x00,0x00,0x00,0x00,0x00,0x00,0x00,0x00,0x00,
  0x00,0x00,0x00,0x00,0x00,0x00,0x00,0x00,0x00,0x00,0x00,0x00,
  0x00,0x00,0x00,0x00,0x00,0x00,0x00,0x00,0x00,0x00,0x00,0x00,
  0x00,0x00,0x00,0x00,0x00,0x00,0x00,0x00,0x00,0x00,0x00,0x00,
  0x00,0x00,0x00,0x00,0x00,0x00,0x00,0x00,0x00,0x00,0x00,0x00,
  0x00,0x00,0x00,0x00,0x00,0x00,0x00,0x00,0x00,0x00,0x00,0x00,
  0x00,0x00,0x00,0x00,0x00,0x00,0x00,0x00,0x00,0x00,0x00,0x00,
  0x00,0x00,0x00,0x00,0x00,0x00,0x00,0x00,0x00,0x00,0x00,0x00,
  0x00,0x00,0x00,0x00,0x00,0x00,0x00,0x00,0x00,0x00,0x00,0x00,
  0x00,0x00,0x00,0x00,0x00,0x00,0x00,0x00,0x00,0x00,0x00,0x00,
  0x00,0x00,0x00,0x00,0x00,0x00,0x00,0x00,0x00,0x00,0x00,0x00,
  0x00,0x00,0x00,0x00,0x00,0x00,0x00,0x00,0x00,0x00,0x00,0x00,
  0x00,0x00,0x00,0x00,0x00,0x00,0x00,0x00,0x00,0x00,0x00,0x00,
  0x00,0x00,0x00,0x00,0x00,0x00,0x00,0x00,0x00,0x00,0x00,0x00,
  0x00,0x00,0x00,0x00,0x00,0x00,0x00,0x00,0x00,0x00,0x00,0x00,
  0x00,0x00,0x00,0x00,0x00,0x00,0x00,0x00,0x00,0x00,0x00,0x00,
  0x00,0x00,0x00,0x00,0x00,0x00,0x00,0x00,0x00,0x00,0x00,0x00,
  0x00,0x00,0x00,0x00,0x00,0x00,0x00,0x00,0x00,0x00,0x00,0x00,
  0x00,0x00,0x00,0x00,0x00,0x00,0x00,0x00,0x00,0x00,0x00,0x00,
  0x00,0x00,0x00,0x00,0x00,0x00,0x00,0x00,0x00,0x00,0x00,0x00,
  0x00,0x00,0x00,0x00,0x00,0x00,0x00,0x00,0x00,0x00,0x00,0x00,
  0x00,0x00,0x00,0x00,0x00,0x00,0x00,0x00,0x00,0x00,0x00,0x00,
  0x00,0x00,0x00,0x00,0x00,0x00,0x00,0x00,0x00,0x00,0x00,0x00,
  0x00,0x00,0x00,0x00,0x00,0x00,0x00,0x00,0x00,0x00,0x00,0x00,
  0x00,0x00,0x00,0x00,0x00,0x00,0x00,0x00,0x00,0x00,0x00,0x00,
  0x00,0x00,0x00,0x00,0x00,0x00,0x00,0x00,0x00,0x00,0x00,0x00,
  0x00,0x00,0x00,0x00,0x00,0x00,0x00,0x00,0x00,0x00,0x00,0x00,
  0x00,0x00,0x00,0x00,0x00,0x00,0x00,0x00,0x00,0x00,0x00,0x00,
  0x00,0x00,0x00,0x00,0x00,0x00,0x00,0x00,0x00,0x00,0x00,0x00,
  0x00,0x00,0x00,0x00,0x00,0x00,0x00,0x00,0x00,0x00,0x00,0x00,
  0x00,0x00,0x00,0x00,0x00,0x00,0x00,0x00,0x00,0x00,0x00,0x00,
  0x00,0x00,0x00,0x00,0x00,0x00,0x00,0x00,0x00,0x00,0x00,0x00,
  0x00,0x00,0x00,0x00,0x00,0x00,0x00,0x00,0x00,0x00,0x00,0x00,
  0x00,0x00,0x00,0x00,0x00,0x00,0x00,0x00,0x00,0x00,0x00,0x00,
  0x00,0x00,0x00,0x00,0x00,0x00,0x00,0x00,0x00,0x00,0x00,0x00,
  0x00,0x00,0x00,0x00,0x00,0x00,0x00,0x00,0x00,0x00,0x00,0x00,
  0x00,0x00,0x00,0x00,0x00,0x00,0x00,0x00,0x00,0x00,0x00,0x00,
  0x00,0x00,0x00,0x00,0x00,0x00,0x00,0x00,0x00,0x00,0x00,0x00,
  0x00,0x00,0x00,0x00,0x00,0x00,0x00,0x00,0x00,0x00,0x00,0x00,
  0x00,0x00,0x00,0x00,0x00,0x00,0x00,0x00,0x01,0x00,0x00,0x00,
  0x18,0x20,0x60,0x5F,0x0B,0x16,0x69,0xF0,0x15,0x2B,0x94,0xF9,
  0x14,0x2B,0x96,0xFB,0x13,0x29,0x94,0xFC,0x14,0x2C,0x99,0xFF,
  0x18,0x37,0xAF,0xFF,0x18,0x38,0xAF,0xFF,0x15,0x32,0xAE,0xFF,
  0x29,0x58,0xBA,0xFF,0x5B,0xAF,0xDF,0xFF,0x5B,0xAF,0xDF,0xFF,
  0x71,0xE4,0xFB,0xFF,0x63,0xE3,0xFF,0xFF,0x40,0xC7,0xFE,0xFF,
  0x3D,0xC2,0xFD,0xFF,0x3C,0xC3,0xFD,0xFF,0x3C,0xC2,0xFD,0xFF,
  0x3C,0xC2,0xFD,0xFF,0x3C,0xC3,0xFD,0xFF,0x3C,0xC2,0xFD,0xFF,
  0x3B,0xC1,0xFC,0xFF,0x3C,0xCC,0xFF,0xFF,0x2C,0x80,0xD7,0xFF,
  0x18,0x32,0xB0,0xFF,0x1B,0x3D,0xB8,0xFF,0x17,0x32,0xA4,0xFE,
  0x10,0x23,0x88,0xFF,0x13,0x1F,0x71,0xDE,0x18,0x1E,0x62,0xA9,
  0x3C,0x43,0x78,0x22,0x00,0x00,0x00,0x00,0x00,0x00,0xFF,0x01,
  0x00,0x00,0x00,0x00,0x00,0x00,0x00,0x00,0x00,0x00,0x00,0x00,
  0x00,0x00,0x00,0x00,0x00,0x00,0x00,0x00,0x00,0x00,0x00,0x00,
  0x00,0x00,0x00,0x00,0x00,0x00,0x00,0x00,0x00,0x00,0x00,0x00,
  0x00,0x00,0x00,0x00,0x00,0x00,0x00,0x00,0x00,0x00,0x00,0x00,
  0x00,0x00,0x00,0x00,0x00,0x00,0x00,0x00,0x00,0x00,0x00,0x00,
  0x00,0x00,0x00,0x00,0x00,0x00,0x00,0x00,0x00,0x00,0x00,0x00,
  0x00,0x00,0x00,0x00,0x00,0x00,0x00,0x00,0x00,0x00,0x00,0x00,
  0x00,0x00,0x00,0x00,0x00,0x00,0x00,0x00,0x00,0x00,0x00,0x00,
  0x00,0x00,0x00,0x00,0x00,0x00,0x00,0x00,0x00,0x00,0x00,0x00,
  0x00,0x00,0x00,0x00,0x00,0x00,0x00,0x00,0x00,0x00,0x00,0x00,
  0x00,0x00,0x00,0x00,0x00,0x00,0x00,0x00,0x00,0x00,0x00,0x00,
  0x00,0x00,0x00,0x00,0x00,0x00,0x00,0x00,0x00,0x00,0x00,0x00,
  0x00,0x00,0x00,0x00,0x00,0x00,0x00,0x00,0x00,0x00,0x00,0x00,
  0x00,0x00,0x00,0x00,0x00,0x00,0x00,0x00,0x00,0x00,0x00,0x00,
  0x00,0x00,0x00,0x00,0x00,0x00,0x00,0x00,0x00,0x00,0x00,0x00,
  0x00,0x00,0x00,0x00,0x00,0x00,0x00,0x00,0x00,0x00,0x00,0x00,
  0x00,0x00,0x00,0x00,0x00,0x00,0x00,0x00,0x00,0x00,0x00,0x00,
  0x00,0x00,0x00,0x00,0x00,0x00,0x00,0x00,0x00,0x00,0x00,0x00,
  0x00,0x00,0x00,0x00,0x00,0x00,0x00,0x00,0x00,0x00,0x00,0x00,
  0x00,0x00,0x00,0x00,0x00,0x00,0x00,0x00,0x00,0x00,0x00,0x00,
  0x00,0x00,0x00,0x00,0x00,0x00,0x00,0x00,0x00,0x00,0x00,0x00,
  0x00,0x00,0x00,0x00,0x00,0x00,0x00,0x00,0x00,0x00,0x00,0x00,
  0x00,0x00,0x00,0x00,0x00,0x00,0x00,0x00,0x00,0x00,0x00,0x00,
  0x00,0x00,0x00,0x00,0x00,0x00,0x00,0x00,0x00,0x00,0x00,0x00,
  0x00,0x00,0x00,0x00,0x00,0x00,0x00,0x00,0x00,0x00,0x00,0x00,
  0x00,0x00,0x00,0x00,0x00,0x00,0x00,0x00,0x00,0x00,0x00,0x00,
  0x00,0x00,0x00,0x00,0x00,0x00,0x00,0x00,0x00,0x00,0x00,0x00,
  0x00,0x00,0x00,0x00,0x00,0x00,0x00,0x00,0x00,0x00,0x00,0x00,
  0x00,0x00,0x00,0x00,0x00,0x00,0x00,0x00,0x00,0x00,0x00,0x00,
  0x00,0x00,0x00,0x00,0x00,0x00,0x00,0x00,0x00,0x00,0x00,0x00,
  0x00,0x00,0x00,0x00,0x00,0x00,0x00,0x00,0x00,0x00,0x00,0x00,
  0x00,0x00,0x00,0x00,0x00,0x00,0x00,0x00,0x00,0x00,0x00,0x00,
  0x00,0x00,0x00,0x00,0x00,0x00,0x00,0x00,0x00,0x00,0x00,0x00,
  0x00,0x00,0x00,0x00,0x00,0x00,0x00,0x00,0x00,0x00,0x00,0x00,
  0x00,0x00,0x00,0x00,0x00,0x00,0x00,0x00,0x00,0x00,0x00,0x00,
  0x00,0x00,0x00,0x00,0x00,0x00,0x00,0x00,0x00,0x00,0x00,0x00,
  0x00,0x00,0x00,0x00,0x00,0x00,0x00,0x00,0x00,0x00,0x00,0x00,
  0x00,0x00,0x00,0x00,0x00,0x00,0x00,0x00,0x00,0x00,0x00,0x00,
  0x00,0x00,0x00,0x00,0x00,0x00,0x00,0x00,0x00,0x00,0x00,0x00,
  0x00,0x00,0x00,0x00,0x00,0x00,0x00,0x00,0x00,0x00,0x00,0x00,
  0x00,0x00,0x00,0x00,0x00,0x00,0x00,0x00,0x00,0x00,0x00,0x00,
  0x00,0x00,0x00,0x00,0x00,0x00,0x00,0x00,0x00,0x00,0x00,0x00,
  0x00,0x00,0x00,0x00,0x00,0x00,0x00,0x00,0x00,0x00,0xAA,0x03,
  0x00,0x00,0x48,0x07,0xCC,0xCC,0xCC,0x05,0x22,0x2B,0x6C,0x92,
  0x09,0x11,0x62,0xFF,0x07,0x0F,0x5D,0xFF,0x05,0x0D,0x5B,0xFF,
  0x09,0x14,0x68,0xFF,0x18,0x35,0xAC,0xFF,0x19,0x38,0xB2,0xFF,
  0x19,0x37,0xB1,0xFF,0x16,0x34,0xAE,0xFF,0x12,0x2B,0xA7,0xFF,
  0x16,0x35,0xA7,0xFF,0x59,0xBB,0xE8,0xFF,0x59,0xCB,0xF2,0xFF,
  0x43,0xC2,0xF9,0xFF,0x3D,0xC7,0xFF,0xFF,0x3E,0xC5,0xFE,0xFF,
  0x3D,0xC3,0xFD,0xFF,0x3C,0xC2,0xFD,0xFF,0x3D,0xC1,0xFD,0xFF,
  0x3B,0xC0,0xFD,0xFF,0x3B,0xBC,0xFB,0xFF,0x40,0xC4,0xFA,0xFF,
  0x2C,0x7E,0xD6,0xFF,0x17,0x31,0xAF,0xFF,0x1D,0x3F,0xBB,0xFF,
  0x15,0x2B,0x96,0xFC,0x04,0x0D,0x61,0xFF,0x1F,0x28,0x6A,0x8B,
  0x02,0x00,0x00,0x00,0x00,0x00,0x00,0x02,0x00,0x00,0x00,0x00,
  0x00,0x00,0x00,0x00,0x00,0x00,0x00,0x00,0x00,0x00,0x00,0x00,
  0x00,0x00,0x00,0x00,0x00,0x00,0x00,0x00,0x00,0x00,0x00,0x00,
  0x00,0x00,0x00,0x00,0x00,0x00,0x00,0x00,0x00,0x00,0x00,0x00,
  0x00,0x00,0x00,0x00,0x00,0x00,0x00,0x00,0x00,0x00,0x00,0x00,
  0x00,0x00,0x00,0x00,0x00,0x00,0x00,0x00,0x00,0x00,0x00,0x00,
  0x00,0x00,0x00,0x00,0x00,0x00,0x00,0x00,0x00,0x00,0x00,0x00,
  0x00,0x00,0x00,0x00,0x00,0x00,0x00,0x00,0x00,0x00,0x00,0x00,
  0x00,0x00,0x00,0x00,0x00,0x00,0x00,0x00,0x00,0x00,0x00,0x00,
  0x00,0x00,0x00,0x00,0x00,0x00,0x00,0x00,0x00,0x00,0x00,0x00,
  0x00,0x00,0x00,0x00,0x00,0x00,0x00,0x00,0x00,0x00,0x00,0x00,
  0x00,0x00,0x00,0x00,0x00,0x00,0x00,0x00,0x00,0x00,0x00,0x00,
  0x00,0x00,0x00,0x00,0x00,0x00,0x00,0x00,0x00,0x00,0x00,0x00,
  0x00,0x00,0x00,0x00,0x00,0x00,0x00,0x00,0x00,0x00,0x00,0x00,
  0x00,0x00,0x00,0x00,0x00,0x00,0x00,0x00,0x00,0x00,0x00,0x00,
  0x00,0x00,0x00,0x00,0x00,0x00,0x00,0x00,0x00,0x00,0x00,0x00,
  0x00,0x00,0x00,0x00,0x00,0x00,0x00,0x00,0x00,0x00,0x00,0x00,
  0x00,0x00,0x00,0x00,0x00,0x00,0x00,0x00,0x00,0x00,0x00,0x00,
  0x00,0x00,0x00,0x00,0x00,0x00,0x00,0x00,0x00,0x00,0x00,0x00,
  0x00,0x00,0x00,0x00,0x00,0x00,0x00,0x00,0x00,0x00,0x00,0x00,
  0x00,0x00,0x00,0x00,0x00,0x00,0x00,0x00,0x00,0x00,0x00,0x00,
  0x00,0x00,0x00,0x00,0x00,0x00,0x00,0x00,0x00,0x00,0x00,0x00,
  0x00,0x00,0x00,0x00,0x00,0x00,0x00,0x00,0x00,0x00,0x00,0x00,
  0x00,0x00,0x00,0x00,0x00,0x00,0x00,0x00,0x00,0x00,0x00,0x00,
  0x00,0x00,0x00,0x00,0x00,0x00,0x00,0x00,0x00,0x00,0x00,0x00,
  0x00,0x00,0x00,0x00,0x00,0x00,0x00,0x00,0x00,0x00,0x00,0x00,
  0x00,0x00,0x00,0x00,0x00,0x00,0x00,0x00,0x00,0x00,0x00,0x00,
  0x00,0x00,0x00,0x00,0x00,0x00,0x00,0x00,0x00,0x00,0x00,0x00,
  0x00,0x00,0x00,0x00,0x00,0x00,0x00,0x00,0x00,0x00,0x00,0x00,
  0x00,0x00,0x00,0x00,0x00,0x00,0x00,0x00,0x00,0x00,0x00,0x00,
  0x00,0x00,0x00,0x00,0x00,0x00,0x00,0x00,0x00,0x00,0x00,0x00,
  0x00,0x00,0x00,0x00,0x00,0x00,0x00,0x00,0x00,0x00,0x00,0x00,
  0x00,0x00,0x00,0x00,0x00,0x00,0x00,0x00,0x00,0x00,0x00,0x00,
  0x00,0x00,0x00,0x00,0x00,0x00,0x00,0x00,0x00,0x00,0x00,0x00,
  0x00,0x00,0x00,0x00,0x00,0x00,0x00,0x00,0x00,0x00,0x00,0x00,
  0x00,0x00,0x00,0x00,0x00,0x00,0x00,0x00,0x00,0x00,0x00,0x00,
  0x00,0x00,0x00,0x00,0x00,0x00,0x00,0x00,0x00,0x00,0x00,0x00,
  0x00,0x00,0x00,0x00,0x00,0x00,0x00,0x00,0x00,0x00,0x00,0x00,
  0x00,0x00,0x00,0x00,0x00,0x00,0x00,0x00,0x00,0x00,0x00,0x00,
  0x00,0x00,0x00,0x00,0x00,0x00,0x00,0x00,0x00,0x00,0x00,0x00,
  0x00,0x00,0x00,0x00,0x00,0x00,0x00,0x00,0x00,0x00,0x00,0x00,
  0x00,0x00,0x00,0x00,0x00,0x00,0x00,0x00,0x00,0x00,0x00,0x00,
  0x00,0x00,0x00,0x00,0x00,0x00,0x00,0x00,0x00,0x00,0x00,0x00,
  0x00,0x00,0x00,0x00,0x00,0x00,0x00,0x00,0x00,0x00,0x00,0x00,
  0x00,0x00,0x00,0x00,0x00,0x00,0x7F,0x02,0x00,0x00,0x00,0x00,
  0x33,0x3D,0x78,0x46,0x1B,0x24,0x65,0x92,0x1E,0x25,0x66,0x87,
  0x1D,0x24,0x65,0x94,0x0A,0x16,0x68,0xF3,0x0A,0x1B,0x7C,0xFC,
  0x0B,0x1B,0x77,0xFB,0x11,0x25,0x8D,0xFD,0x19,0x38,0xB2,0xFF,
  0x19,0x37,0xAF,0xFF,0x1A,0x38,0xAC,0xFF,0x1D,0x41,0xAF,0xFF,
  0x19,0x36,0xA7,0xFF,0x34,0x93,0xDF,0xFF,0x42,0xD0,0xFF,0xFF,
  0x40,0xC4,0xFB,0xFF,0x3F,0xC4,0xFD,0xFF,0x3D,0xC2,0xFD,0xFF,
  0x3C,0xC0,0xFC,0xFF,0x3E,0xC6,0xFF,0xFF,0x34,0xA3,0xEB,0xFF,
  0x1D,0x46,0xB7,0xFF,0x1C,0x41,0xB5,0xFF,0x19,0x38,0xB2,0xFF,
  0x1C,0x3F,0xBC,0xFF,0x15,0x2D,0x9A,0xFB,0x06,0x11,0x68,0xFC,
  0x1C,0x25,0x6D,0x8E,0x7F,0x00,0x7F,0x02,0x00,0x00,0x55,0x03,
  0x00,0x00,0x00,0x00,0x00,0x00,0x00,0x00,0x00,0x00,0x00,0x00,
  0x00,0x00,0x00,0x00,0x00,0x00,0x00,0x00,0x00,0x00,0x00,0x00,
  0x00,0x00,0x00,0x00,0x00,0x00,0x00,0x00,0x00,0x00,0x00,0x00,
  0x00,0x00,0x00,0x00,0x00,0x00,0x00,0x00,0x00,0x00,0x00,0x00,
  0x00,0x00,0x00,0x00,0x00,0x00,0x00,0x00,0x00,0x00,0x00,0x00,
  0x00,0x00,0x00,0x00,0x00,0x00,0x00,0x00,0x00,0x00,0x00,0x00,
  0x00,0x00,0x00,0x00,0x00,0x00,0x00,0x00,0x00,0x00,0x00,0x00,
  0x00,0x00,0x00,0x00,0x00,0x00,0x00,0x00,0x00,0x00,0x00,0x00,
  0x00,0x00,0x00,0x00,0x00,0x00,0x00,0x00,0x00,0x00,0x00,0x00,
  0x00,0x00,0x00,0x00,0x00,0x00,0x00,0x00,0x00,0x00,0x00,0x00,
  0x00,0x00,0x00,0x00,0x00,0x00,0x00,0x00,0x00,0x00,0x00,0x00,
  0x00,0x00,0x00,0x00,0x00,0x00,0x00,0x00,0x00,0x00,0x00,0x00,
  0x00,0x00,0x00,0x00,0x00,0x00,0x00,0x00,0x00,0x00,0x00,0x00,
  0x00,0x00,0x00,0x00,0x00,0x00,0x00,0x00,0x00,0x00,0x00,0x00,
  0x00,0x00,0x00,0x00,0x00,0x00,0x00,0x00,0x00,0x00,0x00,0x00,
  0x00,0x00,0x00,0x00,0x00,0x00,0x00,0x00,0x00,0x00,0x00,0x00,
  0x00,0x00,0x00,0x00,0x00,0x00,0x00,0x00,0x00,0x00,0x00,0x00,
  0x00,0x00,0x00,0x00,0x00,0x00,0x00,0x00,0x00,0x00,0x00,0x00,
  0x00,0x00,0x00,0x00,0x00,0x00,0x00,0x00,0x00,0x00,0x00,0x00,
  0x00,0x00,0x00,0x00,0x00,0x00,0x00,0x00,0x00,0x00,0x00,0x00,
  0x00,0x00,0x00,0x00,0x00,0x00,0x00,0x00,0x00,0x00,0x00,0x00,
  0x00,0x00,0x00,0x00,0x00,0x00,0x00,0x00,0x00,0x00,0x00,0x00,
  0x00,0x00,0x00,0x00,0x00,0x00,0x00,0x00,0x00,0x00,0x00,0x00,
  0x00,0x00,0x00,0x00,0x00,0x00,0x00,0x00,0x00,0x00,0x00,0x00,
  0x00,0x00,0x00,0x00,0x00,0x00,0x00,0x00,0x00,0x00,0x00,0x00,
  0x00,0x00,0x00,0x00,0x00,0x00,0x00,0x00,0x00,0x00,0x00,0x00,
  0x00,0x00,0x00,0x00,0x00,0x00,0x00,0x00,0x00,0x00,0x00,0x00,
  0x00,0x00,0x00,0x00,0x00,0x00,0x00,0x00,0x00,0x00,0x00,0x00,
  0x00,0x00,0x00,0x00,0x00,0x00,0x00,0x00,0x00,0x00,0x00,0x00,
  0x00,0x00,0x00,0x00,0x00,0x00,0x00,0x00,0x00,0x00,0x00,0x00,
  0x00,0x00,0x00,0x00,0x00,0x00,0x00,0x00,0x00,0x00,0x00,0x00,
  0x00,0x00,0x00,0x00,0x00,0x00,0x00,0x00,0x00,0x00,0x00,0x00,
  0x00,0x00,0x00,0x00,0x00,0x00,0x00,0x00,0x00,0x00,0x00,0x00,
  0x00,0x00,0x00,0x00,0x00,0x00,0x00,0x00,0x00,0x00,0x00,0x00,
  0x00,0x00,0x00,0x00,0x00,0x00,0x00,0x00,0x00,0x00,0x00,0x00,
  0x00,0x00,0x00,0x00,0x00,0x00,0x00,0x00,0x00,0x00,0x00,0x00,
  0x00,0x00,0x00,0x00,0x00,0x00,0x00,0x00,0x00,0x00,0x00,0x00,
  0x00,0x00,0x00,0x00,0x00,0x00,0x00,0x00,0x00,0x00,0x00,0x00,
  0x00,0x00,0x00,0x00,0x00,0x00,0x00,0x00,0x00,0x00,0x00,0x00,
  0x00,0x00,0x00,0x00,0x00,0x00,0x00,0x00,0x00,0x00,0x00,0x00,
  0x00,0x00,0x00,0x00,0x00,0x00,0x00,0x00,0x00,0x00,0x00,0x00,
  0x00,0x00,0x00,0x00,0x00,0x00,0x00,0x00,0x00,0x00,0x00,0x00,
  0x00,0x00,0x00,0x00,0x00,0x00,0x00,0x00,0x00,0x00,0x00,0x00,
  0x00,0x00,0x00,0x00,0x00,0x00,0x00,0x00,0x00,0x00,0x00,0x00,
  0x00,0x00,0x00,0x00,0x00,0x00,0x00,0x00,0x00,0x00,0x00,0x00,
  0x00,0x00,0x00,0x00,0x88,0x99,0xBB,0x0F,0x0E,0x18,0x66,0xFC,
  0x04,0x0F,0x63,0xFF,0x04,0x0B,0x58,0xFF,0x0D,0x1C,0x7C,0xFF,
  0x1C,0x3B,0xB7,0xFD,0x19,0x37,0xB0,0xFF,0x19,0x36,0xAD,0xFF,
  0x17,0x33,0xAA,0xFF,0x17,0x30,0xA8,0xFF,0x1E,0x49,0xB6,0xFF,
  0x20,0x51,0xB8,0xFF,0x2C,0x70,0xC5,0xFF,0x45,0xD3,0xFF,0xFF,
  0x41,0xCD,0xFF,0xFF,0x3D,0xC1,0xFC,0xFF,0x3F,0xC8,0xFE,0xFF,
  0x32,0x9D,0xE8,0xFF,0x17,0x31,0xAD,0xFF,0x1A,0x37,0xB0,0xFF,
  0x1B,0x3A,0xB1,0xFF,0x1C,0x3D,0xB8,0xFF,0x15,0x2A,0x95,0xFF,
  0x06,0x11,0x68,0xFF,0x1E,0x29,0x6D,0x95,0x01,0x01,0x00,0x00,
  0x00,0x00,0x55,0x03,0x00,0x00,0x00,0x00,0x00,0x00,0x00,0x00,
  0x00,0x00,0x00,0x00,0x00,0x00,0x00,0x00,0x00,0x00,0x00,0x00,
  0x00,0x00,0x00,0x00,0x00,0x00,0x00,0x00,0x00,0x00,0x00,0x00,
  0x00,0x00,0x00,0x00,0x00,0x00,0x00,0x00,0x00,0x00,0x00,0x00,
  0x00,0x00,0x00,0x00,0x00,0x00,0x00,0x00,0x00,0x00,0x00,0x00,
  0x00,0x00,0x00,0x00,0x00,0x00,0x00,0x00,0x00,0x00,0x00,0x00,
  0x00,0x00,0x00,0x00,0x00,0x00,0x00,0x00,0x00,0x00,0x00,0x00,
  0x00,0x00,0x00,0x00,0x00,0x00,0x00,0x00,0x00,0x00,0x00,0x00,
  0x00,0x00,0x00,0x00,0x00,0x00,0x00,0x00,0x00,0x00,0x00,0x00,
  0x00,0x00,0x00,0x00,0x00,0x00,0x00,0x00,0x00,0x00,0x00,0x00,
  0x00,0x00,0x00,0x00,0x00,0x00,0x00,0x00,0x00,0x00,0x00,0x00,
  0x00,0x00,0x00,0x00,0x00,0x00,0x00,0x00,0x00,0x00,0x00,0x00,
  0x00,0x00,0x00,0x00,0x00,0x00,0x00,0x00,0x00,0x00,0x00,0x00,
  0x00,0x00,0x00,0x00,0x00,0x00,0x00,0x00,0x00,0x00,0x00,0x00,
  0x00,0x00,0x00,0x00,0x00,0x00,0x00,0x00,0x00,0x00,0x00,0x00,
  0x00,0x00,0x00,0x00,0x00,0x00,0x00,0x00,0x00,0x00,0x00,0x00,
  0x00,0x00,0x00,0x00,0x00,0x00,0x00,0x00,0x00,0x00,0x00,0x00,
  0x00,0x00,0x00,0x00,0x00,0x00,0x00,0x00,0x00,0x00,0x00,0x00,
  0x00,0x00,0x00,0x00,0x00,0x00,0x00,0x00,0x00,0x00,0x00,0x00,
  0x00,0x00,0x00,0x00,0x00,0x00,0x00,0x00,0x00,0x00,0x00,0x00,
  0x00,0x00,0x00,0x00,0x00,0x00,0x00,0x00,0x00,0x00,0x00,0x00,
  0x00,0x00,0x00,0x00,0x00,0x00,0x00,0x00,0x00,0x00,0x00,0x00,
  0x00,0x00,0x00,0x00,0x00,0x00,0x00,0x00,0x00,0x00,0x00,0x00,
  0x00,0x00,0x00,0x00,0x00,0x00,0x00,0x00,0x00,0x00,0x00,0x00,
  0x00,0x00,0x00,0x00,0x00,0x00,0x00,0x00,0x00,0x00,0x00,0x00,
  0x00,0x00,0x00,0x00,0x00,0x00,0x00,0x00,0x00,0x00,0x00,0x00,
  0x00,0x00,0x00,0x00,0x00,0x00,0x00,0x00,0x00,0x00,0x00,0x00,
  0x00,0x00,0x00,0x00,0x00,0x00,0x00,0x00,0x00,0x00,0x00,0x00,
  0x00,0x00,0x00,0x00,0x00,0x00,0x00,0x00,0x00,0x00,0x00,0x00,
  0x00,0x00,0x00,0x00,0x00,0x00,0x00,0x00,0x00,0x00,0x00,0x00,
  0x00,0x00,0x00,0x00,0x00,0x00,0x00,0x00,0x00,0x00,0x00,0x00,
  0x00,0x00,0x00,0x00,0x00,0x00,0x00,0x00,0x00,0x00,0x00,0x00,
  0x00,0x00,0x00,0x00,0x00,0x00,0x00,0x00,0x00,0x00,0x00,0x00,
  0x00,0x00,0x00,0x00,0x00,0x00,0x00,0x00,0x00,0x00,0x00,0x00,
  0x00,0x00,0x00,0x00,0x00,0x00,0x00,0x00,0x00,0x00,0x00,0x00,
  0x00,0x00,0x00,0x00,0x00,0x00,0x00,0x00,0x00,0x00,0x00,0x00,
  0x00,0x00,0x00,0x00,0x00,0x00,0x00,0x00,0x00,0x00,0x00,0x00,
  0x00,0x00,0x00,0x00,0x00,0x00,0x00,0x00,0x00,0x00,0x00,0x00,
  0x00,0x00,0x00,0x00,0x00,0x00,0x00,0x00,0x00,0x00,0x00,0x00,
  0x00,0x00,0x00,0x00,0x00,0x00,0x00,0x00,0x00,0x00,0x00,0x00,
  0x00,0x00,0x00,0x00,0x00,0x00,0x00,0x00,0x00,0x00,0x00,0x00,
  0x00,0x00,0x00,0x00,0x00,0x00,0x00,0x00,0x00,0x00,0x00,0x00,
  0x00,0x00,0x00,0x00,0x00,0x00,0x00,0x00,0x00,0x00,0x00,0x00,
  0x00,0x00,0x00,0x00,0x00,0x00,0x00,0x00,0x00,0x00,0x00,0x00,
  0x00,0x00,0x00,0x00,0x00,0x00,0x00,0x00,0x00,0x00,0x7F,0x02,
  0x00,0x00,0x3F,0x04,0x00,0x00,0x55,0x03,0x48,0x48,0x7F,0x0E,
  0x21,0x29,0x6C,0x5C,0x1B,0x23,0x64,0x66,0x20,0x25,0x64,0x5E,
  0x1B,0x26,0x71,0xB1,0x08,0x17,0x76,0xFF,0x0C,0x1C,0x78,0xFF,
  0x1A,0x38,0xB3,0xFF,0x1A,0x38,0xB3,0xFF,0x18,0x37,0xAF,0xFF,
  0x18,0x33,0xAA,0xFF,0x15,0x2C,0xA6,0xFF,0x1A,0x3C,0xAE,0xFF,
  0x28,0x6A,0xC6,0xFF,0x29,0x73,0xCD,0xFF,0x3F,0xC5,0xFD,0xFF,
  0x43,0xD2,0xFF,0xFF,0x37,0xA3,0xEB,0xFF,0x18,0x36,0xAE,0xFF,
  0x1D,0x3C,0xB4,0xFF,0x18,0x31,0xA0,0xFD,0x0A,0x17,0x73,0xFF,
  0x14,0x20,0x70,0xC7,0x23,0x2D,0x6A,0x4F,0x35,0x3A,0x7A,0x30,
  0x00,0x00,0x00,0x00,0x00,0x00,0x00,0x01,0x00,0x00,0x00,0x00,
  0x00,0x00,0x00,0x00,0x00,0x00,0x00,0x00,0x00,0x00,0x00,0x00,
  0x00,0x00,0x00,0x00,0x00,0x00,0x00,0x00,0x00,0x00,0x00,0x00,
  0x00,0x00,0x00,0x00,0x00,0x00,0x00,0x00,0x00,0x00,0x00,0x00,
  0x00,0x00,0x00,0x00,0x00,0x00,0x00,0x00,0x00,0x00,0x00,0x00,
  0x00,0x00,0x00,0x00,0x00,0x00,0x00,0x00,0x00,0x00,0x00,0x00,
  0x00,0x00,0x00,0x00,0x00,0x00,0x00,0x00,0x00,0x00,0x00,0x00,
  0x00,0x00,0x00,0x00,0x00,0x00,0x00,0x00,0x00,0x00,0x00,0x00,
  0x00,0x00,0x00,0x00,0x00,0x00,0x00,0x00,0x00,0x00,0x00,0x00,
  0x00,0x00,0x00,0x00,0x00,0x00,0x00,0x00,0x00,0x00,0x00,0x00,
  0x00,0x00,0x00,0x00,0x00,0x00,0x00,0x00,0x00,0x00,0x00,0x00,
  0x00,0x00,0x00,0x00,0x00,0x00,0x00,0x00,0x00,0x00,0x00,0x00,
  0x00,0x00,0x00,0x00,0x00,0x00,0x00,0x00,0x00,0x00,0x00,0x00,
  0x00,0x00,0x00,0x00,0x00,0x00,0x00,0x00,0x00,0x00,0x00,0x00,
  0x00,0x00,0x00,0x00,0x00,0x00,0x00,0x00,0x00,0x00,0x00,0x00,
  0x00,0x00,0x00,0x00,0x00,0x00,0x00,0x00,0x00,0x00,0x00,0x00,
  0x00,0x00,0x00,0x00,0x00,0x00,0x00,0x00,0x00,0x00,0x00,0x00,
  0x00,0x00,0x00,0x00,0x00,0x00,0x00,0x00,0x00,0x00,0x00,0x00,
  0x00,0x00,0x00,0x00,0x00,0x00,0x00,0x00,0x00,0x00,0x00,0x00,
  0x00,0x00,0x00,0x00,0x00,0x00,0x00,0x00,0x00,0x00,0x00,0x00,
  0x00,0x00,0x00,0x00,0x00,0x00,0x00,0x00,0x00,0x00,0x00,0x00,
  0x00,0x00,0x00,0x00,0x00,0x00,0x00,0x00,0x00,0x00,0x00,0x00,
  0x00,0x00,0x00,0x00,0x00,0x00,0x00,0x00,0x00,0x00,0x00,0x00,
  0x00,0x00,0x00,0x00,0x00,0x00,0x00,0x00,0x00,0x00,0x00,0x00,
  0x00,0x00,0x00,0x00,0x00,0x00,0x00,0x00,0x00,0x00,0x00,0x00,
  0x00,0x00,0x00,0x00,0x00,0x00,0x00,0x00,0x00,0x00,0x00,0x00,
  0x00,0x00,0x00,0x00,0x00,0x00,0x00,0x00,0x00,0x00,0x00,0x00,
  0x00,0x00,0x00,0x00,0x00,0x00,0x00,0x00,0x00,0x00,0x00,0x00,
  0x00,0x00,0x00,0x00,0x00,0x00,0x00,0x00,0x00,0x00,0x00,0x00,
  0x00,0x00,0x00,0x00,0x00,0x00,0x00,0x00,0x00,0x00,0x00,0x00,
  0x00,0x00,0x00,0x00,0x00,0x00,0x00,0x00,0x00,0x00,0x00,0x00,
  0x00,0x00,0x00,0x00,0x00,0x00,0x00,0x00,0x00,0x00,0x00,0x00,
  0x00,0x00,0x00,0x00,0x00,0x00,0x00,0x00,0x00,0x00,0x00,0x00,
  0x00,0x00,0x00,0x00,0x00,0x00,0x00,0x00,0x00,0x00,0x00,0x00,
  0x00,0x00,0x00,0x00,0x00,0x00,0x00,0x00,0x00,0x00,0x00,0x00,
  0x00,0x00,0x00,0x00,0x00,0x00,0x00,0x00,0x00,0x00,0x00,0x00,
  0x00,0x00,0x00,0x00,0x00,0x00,0x00,0x00,0x00,0x00,0x00,0x00,
  0x00,0x00,0x00,0x00,0x00,0x00,0x00,0x00,0x00,0x00,0x00,0x00,
  0x00,0x00,0x00,0x00,0x00,0x00,0x00,0x00,0x00,0x00,0x00,0x00,
  0x00,0x00,0x00,0x00,0x00,0x00,0x00,0x00,0x00,0x00,0x00,0x00,
  0x00,0x00,0x00,0x00,0x00,0x00,0x00,0x00,0x00,0x00,0x00,0x00,
  0x00,0x00,0x00,0x00,0x00,0x00,0x00,0x00,0x00,0x00,0x00,0x00,
  0x00,0x00,0x00,0x00,0x00,0x00,0x00,0x00,0x00,0x00,0x00,0x00,
  0x00,0x00,0x00,0x00,0x00,0x00,0x00,0x00,0x00,0x00,0x00,0x00,
  0x00,0x00,0x00,0x00,0x00,0x00,0x00,0x00,0x00,0x00,0x00,0x00,
  0x00,0x00,0x00,0x00,0x00,0x00,0x00,0x00,0x00,0x00,0x00,0x00,
  0x00,0x00,0x00,0x00,0x00,0x00,0x00,0x00,0x00,0x00,0x00,0x00,
  0x00,0x00,0x00,0x00,0x24,0x2D,0x6A,0x54,0x13,0x1A,0x61,0xD4,
  0x0A,0x15,0x65,0xEF,0x15,0x2E,0x9B,0xFC,0x16,0x2E,0x9D,0xFB,
  0x17,0x34,0xAB,0xFE,0x19,0x38,0xB0,0xFF,0x1A,0x38,0xAE,0xFF,
  0x19,0x35,0xAC,0xFF,0x15,0x2A,0xA6,0xFF,0x19,0x38,0xAD,0xFF,
  0x38,0xA1,0xE7,0xFF,0x3C,0xB0,0xEE,0xFF,0x32,0x8C,0xDC,0xFF,
  0x18,0x35,0xAE,0xFF,0x1B,0x3B,0xB5,0xFF,0x15,0x2E,0x9B,0xFC,
  0x06,0x11,0x69,0xFF,0x0E,0x16,0x62,0xA0,0x00,0x00,0x00,0x00,
  0x00,0x00,0x00,0x00,0x00,0x00,0x00,0x00,0x00,0x00,0x00,0x00,
  0x00,0x00,0x00,0x00,0x00,0x00,0x00,0x00,0x00,0x00,0x00,0x00,
  0x00,0x00,0x00,0x00,0x00,0x00,0x00,0x00,0x00,0x00,0x00,0x00,
  0x00,0x00,0x00,0x00,0x00,0x00,0x00,0x00,0x00,0x00,0x00,0x00,
  0x00,0x00,0x00,0x00,0x00,0x00,0x00,0x00,0x00,0x00,0x00,0x00,
  0x00,0x00,0x00,0x00,0x00,0x00,0x00,0x00,0x00,0x00,0x00,0x00,
  0x00,0x00,0x00,0x00,0x00,0x00,0x00,0x00,0x00,0x00,0x00,0x00,
  0x00,0x00,0x00,0x00,0x00,0x00,0x00,0x00,0x00,0x00,0x00,0x00,
  0x00,0x00,0x00,0x00,0x00,0x00,0x00,0x00,0x00,0x00,0x00,0x00,
  0x00,0x00,0x00,0x00,0x00,0x00,0x00,0x00,0x00,0x00,0x00,0x00,
  0x00,0x00,0x00,0x00,0x00,0x00,0x00,0x00,0x00,0x00,0x00,0x00,
  0x00,0x00,0x00,0x00,0x00,0x00,0x00,0x00,0x00,0x00,0x00,0x00,
  0x00,0x00,0x00,0x00,0x00,0x00,0x00,0x00,0x00,0x00,0x00,0x00,
  0x00,0x00,0x00,0x00,0x00,0x00,0x00,0x00,0x00,0x00,0x00,0x00,
  0x00,0x00,0x00,0x00,0x00,0x00,0x00,0x00,0x00,0x00,0x00,0x00,
  0x00,0x00,0x00,0x00,0x00,0x00,0x00,0x00,0x00,0x00,0x00,0x00,
  0x00,0x00,0x00,0x00,0x00,0x00,0x00,0x00,0x00,0x00,0x00,0x00,
  0x00,0x00,0x00,0x00,0x00,0x00,0x00,0x00,0x00,0x00,0x00,0x00,
  0x00,0x00,0x00,0x00,0x00,0x00,0x00,0x00,0x00,0x00,0x00,0x00,
  0x00,0x00,0x00,0x00,0x00,0x00,0x00,0x00,0x00,0x00,0x00,0x00,
  0x00,0x00,0x00,0x00,0x00,0x00,0x00,0x00,0x00,0x00,0x00,0x00,
  0x00,0x00,0x00,0x00,0x00,0x00,0x00,0x00,0x00,0x00,0x00,0x00,
  0x00,0x00,0x00,0x00,0x00,0x00,0x00,0x00,0x00,0x00,0x00,0x00,
  0x00,0x00,0x00,0x00,0x00,0x00,0x00,0x00,0x00,0x00,0x00,0x00,
  0x00,0x00,0x00,0x00,0x00,0x00,0x00,0x00,0x00,0x00,0x00,0x00,
  0x00,0x00,0x00,0x00,0x00,0x00,0x00,0x00,0x00,0x00,0x00,0x00,
  0x00,0x00,0x00,0x00,0x00,0x00,0x00,0x00,0x00,0x00,0x00,0x00,
  0x00,0x00,0x00,0x00,0x00,0x00,0x00,0x00,0x00,0x00,0x00,0x00,
  0x00,0x00,0x00,0x00,0x00,0x00,0x00,0x00,0x00,0x00,0x00,0x00,
  0x00,0x00,0x00,0x00,0x00,0x00,0x00,0x00,0x00,0x00,0x00,0x00,
  0x00,0x00,0x00,0x00,0x00,0x00,0x00,0x00,0x00,0x00,0x00,0x00,
  0x00,0x00,0x00,0x00,0x00,0x00,0x00,0x00,0x00,0x00,0x00,0x00,
  0x00,0x00,0x00,0x00,0x00,0x00,0x00,0x00,0x00,0x00,0x00,0x00,
  0x00,0x00,0x00,0x00,0x00,0x00,0x00,0x00,0x00,0x00,0x00,0x00,
  0x00,0x00,0x00,0x00,0x00,0x00,0x00,0x00,0x00,0x00,0x00,0x00,
  0x00,0x00,0x00,0x00,0x00,0x00,0x00,0x00,0x00,0x00,0x00,0x00,
  0x00,0x00,0x00,0x00,0x00,0x00,0x00,0x00,0x00,0x00,0x00,0x00,
  0x00,0x00,0x00,0x00,0x00,0x00,0x00,0x00,0x00,0x00,0x00,0x00,
  0x00,0x00,0x00,0x00,0x00,0x00,0x00,0x00,0x00,0x00,0x00,0x00,
  0x00,0x00,0x00,0x00,0x00,0x00,0x00,0x00,0x00,0x00,0x00,0x00,
  0x00,0x00,0x00,0x00,0x00,0x00,0x00,0x00,0x00,0x00,0x00,0x00,
  0x00,0x00,0x00,0x00,0x00,0x00,0x00,0x00,0x00,0x00,0x00,0x00,
  0x00,0x00,0x00,0x00,0x00,0x00,0x00,0x00,0x00,0x00,0x00,0x00,
  0x00,0x00,0x00,0x00,0x00,0x00,0x00,0x00,0x00,0x00,0x00,0x00,
  0x00,0x00,0x00,0x00,0x00,0x00,0x00,0x00,0x00,0x00,0x00,0x00,
  0x00,0x00,0x00,0x00,0x00,0x00,0x00,0x00,0x00,0x00,0x00,0x00,
  0x00,0x00,0x00,0x00,0x00,0x00,0x00,0x00,0x00,0x00,0x55,0x03,
  0x00,0x00,0x55,0x03,0x00,0x00,0x55,0x03,0x99,0x99,0xCC,0x05,
  0xFF,0xFF,0xFF,0x06,0x10,0x19,0x5E,0xD3,0x05,0x10,0x65,0xFF,
  0x05,0x0E,0x5F,0xFF,0x13,0x29,0x94,0xFF,0x1B,0x39,0xB2,0xFD,
  0x1A,0x35,0xAC,0xFD,0x1A,0x37,0xAC,0xFE,0x19,0x38,0xAF,0xFF,
  0x18,0x37,0xAE,0xFF,0x19,0x36,0xAD,0xFF,0x18,0x37,0xAD,0xFF,
  0x19,0x37,0xAD,0xFF,0x19,0x37,0xAE,0xFF,0x1A,0x3A,0xB6,0xFF,
  0x15,0x2E,0x9C,0xFC,0x08,0x13,0x6C,0xFE,0x0F,0x18,0x66,0xA4,
  0x00,0x00,0x55,0x03,0x00,0x00,0x66,0x05,0x00,0x00,0x00,0x00,
  0x00,0x00,0x00,0x00,0x00,0x00,0x00,0x00,0x00,0x00,0x00,0x00,
  0x00,0x00,0x00,0x00,0x00,0x00,0x00,0x00,0x00,0x00,0x00,0x00,
  0x00,0x00,0x00,0x00,0x00,0x00,0x00,0x00,0x00,0x00,0x00,0x00,
  0x00,0x00,0x00,0x00,0x00,0x00,0x00,0x00,0x00,0x00,0x00,0x00,
  0x00,0x00,0x00,0x00,0x00,0x00,0x00,0x00,0x00,0x00,0x00,0x00,
  0x00,0x00,0x00,0x00,0x00,0x00,0x00,0x00,0x00,0x00,0x00,0x00,
  0x00,0x00,0x00,0x00,0x00,0x00,0x00,0x00,0x00,0x00,0x00,0x00,
  0x00,0x00,0x00,0x00,0x00,0x00,0x00,0x00,0x00,0x00,0x00,0x00,
  0x00,0x00,0x00,0x00,0x00,0x00,0x00,0x00,0x00,0x00,0x00,0x00,
  0x00,0x00,0x00,0x00,0x00,0x00,0x00,0x00,0x00,0x00,0x00,0x00,
  0x00,0x00,0x00,0x00,0x00,0x00,0x00,0x00,0x00,0x00,0x00,0x00,
  0x00,0x00,0x00,0x00,0x00,0x00,0x00,0x00,0x00,0x00,0x00,0x00,
  0x00,0x00,0x00,0x00,0x00,0x00,0x00,0x00,0x00,0x00,0x00,0x00,
  0x00,0x00,0x00,0x00,0x00,0x00,0x00,0x00,0x00,0x00,0x00,0x00,
  0x00,0x00,0x00,0x00,0x00,0x00,0x00,0x00,0x00,0x00,0x00,0x00,
  0x00,0x00,0x00,0x00,0x00,0x00,0x00,0x00,0x00,0x00,0x00,0x00,
  0x00,0x00,0x00,0x00,0x00,0x00,0x00,0x00,0x00,0x00,0x00,0x00,
  0x00,0x00,0x00,0x00,0x00,0x00,0x00,0x00,0x00,0x00,0x00,0x00,
  0x00,0x00,0x00,0x00,0x00,0x00,0x00,0x00,0x00,0x00,0x00,0x00,
  0x00,0x00,0x00,0x00,0x00,0x00,0x00,0x00,0x00,0x00,0x00,0x00,
  0x00,0x00,0x00,0x00,0x00,0x00,0x00,0x00,0x00,0x00,0x00,0x00,
  0x00,0x00,0x00,0x00,0x00,0x00,0x00,0x00,0x00,0x00,0x00,0x00,
  0x00,0x00,0x00,0x00,0x00,0x00,0x00,0x00,0x00,0x00,0x00,0x00,
  0x00,0x00,0x00,0x00,0x00,0x00,0x00,0x00,0x00,0x00,0x00,0x00,
  0x00,0x00,0x00,0x00,0x00,0x00,0x00,0x00,0x00,0x00,0x00,0x00,
  0x00,0x00,0x00,0x00,0x00,0x00,0x00,0x00,0x00,0x00,0x00,0x00,
  0x00,0x00,0x00,0x00,0x00,0x00,0x00,0x00,0x00,0x00,0x00,0x00,
  0x00,0x00,0x00,0x00,0x00,0x00,0x00,0x00,0x00,0x00,0x00,0x00,
  0x00,0x00,0x00,0x00,0x00,0x00,0x00,0x00,0x00,0x00,0x00,0x00,
  0x00,0x00,0x00,0x00,0x00,0x00,0x00,0x00,0x00,0x00,0x00,0x00,
  0x00,0x00,0x00,0x00,0x00,0x00,0x00,0x00,0x00,0x00,0x00,0x00,
  0x00,0x00,0x00,0x00,0x00,0x00,0x00,0x00,0x00,0x00,0x00,0x00,
  0x00,0x00,0x00,0x00,0x00,0x00,0x00,0x00,0x00,0x00,0x00,0x00,
  0x00,0x00,0x00,0x00,0x00,0x00,0x00,0x00,0x00,0x00,0x00,0x00,
  0x00,0x00,0x00,0x00,0x00,0x00,0x00,0x00,0x00,0x00,0x00,0x00,
  0x00,0x00,0x00,0x00,0x00,0x00,0x00,0x00,0x00,0x00,0x00,0x00,
  0x00,0x00,0x00,0x00,0x00,0x00,0x00,0x00,0x00,0x00,0x00,0x00,
  0x00,0x00,0x00,0x00,0x00,0x00,0x00,0x00,0x00,0x00,0x00,0x00,
  0x00,0x00,0x00,0x00,0x00,0x00,0x00,0x00,0x00,0x00,0x00,0x00,
  0x00,0x00,0x00,0x00,0x00,0x00,0x00,0x00,0x00,0x00,0x00,0x00,
  0x00,0x00,0x00,0x00,0x00,0x00,0x00,0x00,0x00,0x00,0x00,0x00,
  0x00,0x00,0x00,0x00,0x00,0x00,0x00,0x00,0x00,0x00,0x00,0x00,
  0x00,0x00,0x00,0x00,0x00,0x00,0x00,0x00,0x00,0x00,0x00,0x00,
  0x00,0x00,0x00,0x00,0x00,0x00,0x00,0x00,0x00,0x00,0x00,0x00,
  0x00,0x00,0x00,0x00,0x00,0x00,0x00,0x00,0x00,0x00,0x00,0x00,
  0x00,0x00,0x00,0x00,0x00,0x00,0x00,0x00,0x00,0x00,0x00,0x00,
  0x00,0x00,0x00,0x00,0x00,0x00,0x00,0x00,0x00,0x00,0x00,0x00,
  0x00,0x00,0x00,0x00,0x00,0x00,0x00,0x00,0x27,0x30,0x6E,0x5A,
  0x22,0x2B,0x71,0x75,0x23,0x2B,0x6D,0x74,0x13,0x1F,0x6F,0xEB,
  0x09,0x17,0x74,0xFF,0x0A,0x16,0x6D,0xFF,0x15,0x2B,0x96,0xFF,
  0x1D,0x3D,0xB9,0xFF,0x1B,0x3A,0xB3,0xFF,0x1A,0x38,0xB1,0xFF,
  0x19,0x36,0xAE,0xFF,0x19,0x36,0xAD,0xFF,0x1A,0x38,0xAF,0xFF,
  0x1C,0x3F,0xBB,0xFF,0x15,0x30,0x9F,0xFD,0x05,0x10,0x68,0xFF,
  0x0D,0x16,0x61,0xA7,0x00,0x00,0x00,0x00,0x00,0x00,0x55,0x03,
  0x00,0x00,0x00,0x00,0x00,0x00,0x00,0x00,0x00,0x00,0x00,0x00,
  0x00,0x00,0x00,0x00,0x00,0x00,0x00,0x00,0x00,0x00,0x00,0x00,
  0x00,0x00,0x00,0x00,0x00,0x00,0x00,0x00,0x00,0x00,0x00,0x00,
  0x00,0x00,0x00,0x00,0x00,0x00,0x00,0x00,0x00,0x00,0x00,0x00,
  0x00,0x00,0x00,0x00,0x00,0x00,0x00,0x00,0x00,0x00,0x00,0x00,
  0x00,0x00,0x00,0x00,0x00,0x00,0x00,0x00,0x00,0x00,0x00,0x00,
  0x00,0x00,0x00,0x00,0x00,0x00,0x00,0x00,0x00,0x00,0x00,0x00,
  0x00,0x00,0x00,0x00,0x00,0x00,0x00,0x00,0x00,0x00,0x00,0x00,
  0x00,0x00,0x00,0x00,0x00,0x00,0x00,0x00,0x00,0x00,0x00,0x00,
  0x00,0x00,0x00,0x00,0x00,0x00,0x00,0x00,0x00,0x00,0x00,0x00,
  0x00,0x00,0x00,0x00,0x00,0x00,0x00,0x00,0x00,0x00,0x00,0x00,
  0x00,0x00,0x00,0x00,0x00,0x00,0x00,0x00,0x00,0x00,0x00,0x00,
  0x00,0x00,0x00,0x00,0x00,0x00,0x00,0x00,0x00,0x00,0x00,0x00,
  0x00,0x00,0x00,0x00,0x00,0x00,0x00,0x00,0x00,0x00,0x00,0x00,
  0x00,0x00,0x00,0x00,0x00,0x00,0x00,0x00,0x00,0x00,0x00,0x00,
  0x00,0x00,0x00,0x00,0x00,0x00,0x00,0x00,0x00,0x00,0x00,0x00,
  0x00,0x00,0x00,0x00,0x00,0x00,0x00,0x00,0x00,0x00,0x00,0x00,
  0x00,0x00,0x00,0x00,0x00,0x00,0x00,0x00,0x00,0x00,0x00,0x00,
  0x00,0x00,0x00,0x00,0x00,0x00,0x00,0x00,0x00,0x00,0x00,0x00,
  0x00,0x00,0x00,0x00,0x00,0x00,0x00,0x00,0x00,0x00,0x00,0x00,
  0x00,0x00,0x00,0x00,0x00,0x00,0x00,0x00,0x00,0x00,0x00,0x00,
  0x00,0x00,0x00,0x00,0x00,0x00,0x00,0x00,0x00,0x00,0x00,0x00,
  0x00,0x00,0x00,0x00,0x00,0x00,0x00,0x00,0x00,0x00,0x00,0x00,
  0x00,0x00,0x00,0x00,0x00,0x00,0x00,0x00,0x00,0x00,0x00,0x00,
  0x00,0x00,0x00,0x00,0x00,0x00,0x00,0x00,0x00,0x00,0x00,0x00,
  0x00,0x00,0x00,0x00,0x00,0x00,0x00,0x00,0x00,0x00,0x00,0x00,
  0x00,0x00,0x00,0x00,0x00,0x00,0x00,0x00,0x00,0x00,0x00,0x00,
  0x00,0x00,0x00,0x00,0x00,0x00,0x00,0x00,0x00,0x00,0x00,0x00,
  0x00,0x00,0x00,0x00,0x00,0x00,0x00,0x00,0x00,0x00,0x00,0x00,
  0x00,0x00,0x00,0x00,0x00,0x00,0x00,0x00,0x00,0x00,0x00,0x00,
  0x00,0x00,0x00,0x00,0x00,0x00,0x00,0x00,0x00,0x00,0x00,0x00,
  0x00,0x00,0x00,0x00,0x00,0x00,0x00,0x00,0x00,0x00,0x00,0x00,
  0x00,0x00,0x00,0x00,0x00,0x00,0x00,0x00,0x00,0x00,0x00,0x00,
  0x00,0x00,0x00,0x00,0x00,0x00,0x00,0x00,0x00,0x00,0x00,0x00,
  0x00,0x00,0x00,0x00,0x00,0x00,0x00,0x00,0x00,0x00,0x00,0x00,
  0x00,0x00,0x00,0x00,0x00,0x00,0x00,0x00,0x00,0x00,0x00,0x00,
  0x00,0x00,0x00,0x00,0x00,0x00,0x00,0x00,0x00,0x00,0x00,0x00,
  0x00,0x00,0x00,0x00,0x00,0x00,0x00,0x00,0x00,0x00,0x00,0x00,
  0x00,0x00,0x00,0x00,0x00,0x00,0x00,0x00,0x00,0x00,0x00,0x00,
  0x00,0x00,0x00,0x00,0x00,0x00,0x00,0x00,0x00,0x00,0x00,0x00,
  0x00,0x00,0x00,0x00,0x00,0x00,0x00,0x00,0x00,0x00,0x00,0x00,
  0x00,0x00,0x00,0x00,0x00,0x00,0x00,0x00,0x00,0x00,0x00,0x00,
  0x00,0x00,0x00,0x00,0x00,0x00,0x00,0x00,0x00,0x00,0x00,0x00,
  0x00,0x00,0x00,0x00,0x00,0x00,0x00,0x00,0x00,0x00,0x00,0x00,
  0x00,0x00,0x00,0x00,0x00,0x00,0x00,0x00,0x00,0x00,0x00,0x00,
  0x00,0x00,0x00,0x00,0x00,0x00,0x00,0x00,0x00,0x00,0x00,0x00,
  0x00,0x00,0x00,0x00,0x00,0x00,0x00,0x00,0x00,0x00,0x00,0x00,
  0x00,0x00,0x00,0x00,0x00,0x00,0x00,0x00,0x00,0x00,0x00,0x01,
  0x00,0x00,0x00,0x00,0x00,0x00,0x00,0x00,0x02,0x01,0x00,0x00,
  0x23,0x2C,0x6B,0x9F,0x11,0x1B,0x63,0xD5,0x10,0x17,0x5C,0xCD,
  0x16,0x28,0x84,0xF0,0x17,0x32,0xA3,0xFC,0x17,0x30,0x9C,0xFB,
  0x18,0x34,0xA7,0xFF,0x1A,0x38,0xB1,0xFF,0x1B,0x3A,0xB4,0xFF,
  0x16,0x2E,0x9C,0xFF,0x0A,0x1B,0x7D,0xFF,0x10,0x20,0x7B,0xF7,
  0x19,0x23,0x6D,0xEE,0x20,0x29,0x6B,0x95,0x00,0x00,0x00,0x00,
  0x00,0x00,0x55,0x03,0x00,0x00,0x00,0x00,0x00,0x00,0x00,0x00,
  0x00,0x00,0x00,0x00,0x00,0x00,0x00,0x00,0x00,0x00,0x00,0x00,
  0x00,0x00,0x00,0x00,0x00,0x00,0x00,0x00,0x00,0x00,0x00,0x00,
  0x00,0x00,0x00,0x00,0x00,0x00,0x00,0x00,0x00,0x00,0x00,0x00,
  0x00,0x00,0x00,0x00,0x00,0x00,0x00,0x00,0x00,0x00,0x00,0x00,
  0x00,0x00,0x00,0x00,0x00,0x00,0x00,0x00,0x00,0x00,0x00,0x00,
  0x00,0x00,0x00,0x00,0x00,0x00,0x00,0x00,0x00,0x00,0x00,0x00,
  0x00,0x00,0x00,0x00,0x00,0x00,0x00,0x00,0x00,0x00,0x00,0x00,
  0x00,0x00,0x00,0x00,0x00,0x00,0x00,0x00,0x00,0x00,0x00,0x00,
  0x00,0x00,0x00,0x00,0x00,0x00,0x00,0x00,0x00,0x00,0x00,0x00,
  0x00,0x00,0x00,0x00,0x00,0x00,0x00,0x00,0x00,0x00,0x00,0x00,
  0x00,0x00,0x00,0x00,0x00,0x00,0x00,0x00,0x00,0x00,0x00,0x00,
  0x00,0x00,0x00,0x00,0x00,0x00,0x00,0x00,0x00,0x00,0x00,0x00,
  0x00,0x00,0x00,0x00,0x00,0x00,0x00,0x00,0x00,0x00,0x00,0x00,
  0x00,0x00,0x00,0x00,0x00,0x00,0x00,0x00,0x00,0x00,0x00,0x00,
  0x00,0x00,0x00,0x00,0x00,0x00,0x00,0x00,0x00,0x00,0x00,0x00,
  0x00,0x00,0x00,0x00,0x00,0x00,0x00,0x00,0x00,0x00,0x00,0x00,
  0x00,0x00,0x00,0x00,0x00,0x00,0x00,0x00,0x00,0x00,0x00,0x00,
  0x00,0x00,0x00,0x00,0x00,0x00,0x00,0x00,0x00,0x00,0x00,0x00,
  0x00,0x00,0x00,0x00,0x00,0x00,0x00,0x00,0x00,0x00,0x00,0x00,
  0x00,0x00,0x00,0x00,0x00,0x00,0x00,0x00,0x00,0x00,0x00,0x00,
  0x00,0x00,0x00,0x00,0x00,0x00,0x00,0x00,0x00,0x00,0x00,0x00,
  0x00,0x00,0x00,0x00,0x00,0x00,0x00,0x00,0x00,0x00,0x00,0x00,
  0x00,0x00,0x00,0x00,0x00,0x00,0x00,0x00,0x00,0x00,0x00,0x00,
  0x00,0x00,0x00,0x00,0x00,0x00,0x00,0x00,0x00,0x00,0x00,0x00,
  0x00,0x00,0x00,0x00,0x00,0x00,0x00,0x00,0x00,0x00,0x00,0x00,
  0x00,0x00,0x00,0x00,0x00,0x00,0x00,0x00,0x00,0x00,0x00,0x00,
  0x00,0x00,0x00,0x00,0x00,0x00,0x00,0x00,0x00,0x00,0x00,0x00,
  0x00,0x00,0x00,0x00,0x00,0x00,0x00,0x00,0x00,0x00,0x00,0x00,
  0x00,0x00,0x00,0x00,0x00,0x00,0x00,0x00,0x00,0x00,0x00,0x00,
  0x00,0x00,0x00,0x00,0x00,0x00,0x00,0x00,0x00,0x00,0x00,0x00,
  0x00,0x00,0x00,0x00,0x00,0x00,0x00,0x00,0x00,0x00,0x00,0x00,
  0x00,0x00,0x00,0x00,0x00,0x00,0x00,0x00,0x00,0x00,0x00,0x00,
  0x00,0x00,0x00,0x00,0x00,0x00,0x00,0x00,0x00,0x00,0x00,0x00,
  0x00,0x00,0x00,0x00,0x00,0x00,0x00,0x00,0x00,0x00,0x00,0x00,
  0x00,0x00,0x00,0x00,0x00,0x00,0x00,0x00,0x00,0x00,0x00,0x00,
  0x00,0x00,0x00,0x00,0x00,0x00,0x00,0x00,0x00,0x00,0x00,0x00,
  0x00,0x00,0x00,0x00,0x00,0x00,0x00,0x00,0x00,0x00,0x00,0x00,
  0x00,0x00,0x00,0x00,0x00,0x00,0x00,0x00,0x00,0x00,0x00,0x00,
  0x00,0x00,0x00,0x00,0x00,0x00,0x00,0x00,0x00,0x00,0x00,0x00,
  0x00,0x00,0x00,0x00,0x00,0x00,0x00,0x00,0x00,0x00,0x00,0x00,
  0x00,0x00,0x00,0x00,0x00,0x00,0x00,0x00,0x00,0x00,0x00,0x00,
  0x00,0x00,0x00,0x00,0x00,0x00,0x00,0x00,0x00,0x00,0x00,0x00,
  0x00,0x00,0x00,0x00,0x00,0x00,0x00,0x00,0x00,0x00,0x00,0x00,
  0x00,0x00,0x00,0x00,0x00,0x00,0x00,0x00,0x00,0x00,0x00,0x00,
  0x00,0x00,0x00,0x00,0x00,0x00,0x00,0x00,0x00,0x00,0x00,0x00,
  0x00,0x00,0x00,0x00,0x00,0x00,0x00,0x00,0x00,0x00,0x00,0x00,
  0x00,0x00,0x00,0x00,0x00,0x00,0x00,0x00,0x00,0x00,0x00,0x00,
  0x00,0x00,0x00,0x00,0x00,0x00,0x55,0x03,0x00,0x00,0x3F,0x04,
  0x00,0x00,0x55,0x03,0xDA,0xDA,0xDA,0x07,0xAA,0xC6,0xC6,0x09,
  0xFF,0xFF,0xFF,0x03,0x1B,0x22,0x6C,0xC5,0x07,0x12,0x6E,0xFF,
  0x06,0x10,0x63,0xFF,0x0F,0x24,0x89,0xFF,0x1C,0x3B,0xB4,0xFF,
  0x1D,0x3D,0xB7,0xFF,0x15,0x2B,0x95,0xFC,0x02,0x0C,0x65,0xFF,
  0x18,0x21,0x6D,0xC8,0xA3,0xA3,0xAD,0x19,0x7F,0x7F,0xA3,0x0E,
  0x00,0x00,0x00,0x01,0x00,0x00,0x00,0x00,0x00,0x00,0x00,0x00,
  0x00,0x00,0x00,0x00,0x00,0x00,0x00,0x00,0x00,0x00,0x00,0x00,
  0x00,0x00,0x00,0x00,0x00,0x00,0x00,0x00,0x00,0x00,0x00,0x00,
  0x00,0x00,0x00,0x00,0x00,0x00,0x00,0x00,0x00,0x00,0x00,0x00,
  0x00,0x00,0x00,0x00,0x00,0x00,0x00,0x00,0x00,0x00,0x00,0x00,
  0x00,0x00,0x00,0x00,0x00,0x00,0x00,0x00,0x00,0x00,0x00,0x00,
  0x00,0x00,0x00,0x00,0x00,0x00,0x00,0x00,0x00,0x00,0x00,0x00,
  0x00,0x00,0x00,0x00,0x00,0x00,0x00,0x00,0x00,0x00,0x00,0x00,
  0x00,0x00,0x00,0x00,0x00,0x00,0x00,0x00,0x00,0x00,0x00,0x00,
  0x00,0x00,0x00,0x00,0x00,0x00,0x00,0x00,0x00,0x00,0x00,0x00,
  0x00,0x00,0x00,0x00,0x00,0x00,0x00,0x00,0x00,0x00,0x00,0x00,
  0x00,0x00,0x00,0x00,0x00,0x00,0x00,0x00,0x00,0x00,0x00,0x00,
  0x00,0x00,0x00,0x00,0x00,0x00,0x00,0x00,0x00,0x00,0x00,0x00,
  0x00,0x00,0x00,0x00,0x00,0x00,0x00,0x00,0x00,0x00,0x00,0x00,
  0x00,0x00,0x00,0x00,0x00,0x00,0x00,0x00,0x00,0x00,0x00,0x00,
  0x00,0x00,0x00,0x00,0x00,0x00,0x00,0x00,0x00,0x00,0x00,0x00,
  0x00,0x00,0x00,0x00,0x00,0x00,0x00,0x00,0x00,0x00,0x00,0x00,
  0x00,0x00,0x00,0x00,0x00,0x00,0x00,0x00,0x00,0x00,0x00,0x00,
  0x00,0x00,0x00,0x00,0x00,0x00,0x00,0x00,0x00,0x00,0x00,0x00,
  0x00,0x00,0x00,0x00,0x00,0x00,0x00,0x00,0x00,0x00,0x00,0x00,
  0x00,0x00,0x00,0x00,0x00,0x00,0x00,0x00,0x00,0x00,0x00,0x00,
  0x00,0x00,0x00,0x00,0x00,0x00,0x00,0x00,0x00,0x00,0x00,0x00,
  0x00,0x00,0x00,0x00,0x00,0x00,0x00,0x00,0x00,0x00,0x00,0x00,
  0x00,0x00,0x00,0x00,0x00,0x00,0x00,0x00,0x00,0x00,0x00,0x00,
  0x00,0x00,0x00,0x00,0x00,0x00,0x00,0x00,0x00,0x00,0x00,0x00,
  0x00,0x00,0x00,0x00,0x00,0x00,0x00,0x00,0x00,0x00,0x00,0x00,
  0x00,0x00,0x00,0x00,0x00,0x00,0x00,0x00,0x00,0x00,0x00,0x00,
  0x00,0x00,0x00,0x00,0x00,0x00,0x00,0x00,0x00,0x00,0x00,0x00,
  0x00,0x00,0x00,0x00,0x00,0x00,0x00,0x00,0x00,0x00,0x00,0x00,
  0x00,0x00,0x00,0x00,0x00,0x00,0x00,0x00,0x00,0x00,0x00,0x00,
  0x00,0x00,0x00,0x00,0x00,0x00,0x00,0x00,0x00,0x00,0x00,0x00,
  0x00,0x00,0x00,0x00,0x00,0x00,0x00,0x00,0x00,0x00,0x00,0x00,
  0x00,0x00,0x00,0x00,0x00,0x00,0x00,0x00,0x00,0x00,0x00,0x00,
  0x00,0x00,0x00,0x00,0x00,0x00,0x00,0x00,0x00,0x00,0x00,0x00,
  0x00,0x00,0x00,0x00,0x00,0x00,0x00,0x00,0x00,0x00,0x00,0x00,
  0x00,0x00,0x00,0x00,0x00,0x00,0x00,0x00,0x00,0x00,0x00,0x00,
  0x00,0x00,0x00,0x00,0x00,0x00,0x00,0x00,0x00,0x00,0x00,0x00,
  0x00,0x00,0x00,0x00,0x00,0x00,0x00,0x00,0x00,0x00,0x00,0x00,
  0x00,0x00,0x00,0x00,0x00,0x00,0x00,0x00,0x00,0x00,0x00,0x00,
  0x00,0x00,0x00,0x00,0x00,0x00,0x00,0x00,0x00,0x00,0x00,0x00,
  0x00,0x00,0x00,0x00,0x00,0x00,0x00,0x00,0x00,0x00,0x00,0x00,
  0x00,0x00,0x00,0x00,0x00,0x00,0x00,0x00,0x00,0x00,0x00,0x00,
  0x00,0x00,0x00,0x00,0x00,0x00,0x00,0x00,0x00,0x00,0x00,0x00,
  0x00,0x00,0x00,0x00,0x00,0x00,0x00,0x00,0x00,0x00,0x00,0x00,
  0x00,0x00,0x00,0x00,0x00,0x00,0x00,0x00,0x00,0x00,0x00,0x00,
  0x00,0x00,0x00,0x00,0x00,0x00,0x00,0x00,0x00,0x00,0x00,0x00,
  0x00,0x00,0x00,0x00,0x00,0x00,0x00,0x00,0x00,0x00,0x00,0x00,
  0x00,0x00,0x00,0x00,0x00,0x00,0x00,0x00,0x00,0x00,0x00,0x00,
  0x00,0x00,0x00,0x00,0x00,0x00,0x00,0x00,0x00,0x00,0x00,0x00,
  0x00,0x00,0x00,0x00,0x00,0x00,0x00,0x00,0x00,0x00,0x00,0x00,
  0x00,0x00,0x00,0x00,0x00,0x00,0x00,0x00,0x28,0x33,0x70,0x5F,
  0x19,0x24,0x6E,0x8B,0x16,0x1F,0x66,0x89,0x0E,0x1A,0x6F,0xF0,
  0x0C,0x1B,0x79,0xFF,0x0C,0x1B,0x76,0xFF,0x0B,0x18,0x70,0xFE,
  0x03,0x0F,0x6B,0xFF,0x1B,0x25,0x71,0xC4,0x04,0x04,0x00,0x00,
  0x00,0x00,0x00,0x00,0x00,0x00,0x00,0x01,0x00,0x00,0x00,0x00,
  0x00,0x00,0x00,0x00,0x00,0x00,0x00,0x00,0x00,0x00,0x00,0x00,
  0x00,0x00,0x00,0x00,0x00,0x00,0x00,0x00,0x00,0x00,0x00,0x00,
  0x00,0x00,0x00,0x00,0x00,0x00,0x00,0x00,0x00,0x00,0x00,0x00,
  0x00,0x00,0x00,0x00,0x00,0x00,0x00,0x00,0x00,0x00,0x00,0x00,
  0x00,0x00,0x00,0x00,0x00,0x00,0x00,0x00,0x00,0x00,0x00,0x00,
  0x00,0x00,0x00,0x00,0x00,0x00,0x00,0x00,0x00,0x00,0x00,0x00,
  0x00,0x00,0x00,0x00,0x00,0x00,0x00,0x00,0x00,0x00,0x00,0x00,
  0x00,0x00,0x00,0x00,0x00,0x00,0x00,0x00,0x00,0x00,0x00,0x00,
  0x00,0x00,0x00,0x00,0x00,0x00,0x00,0x00,0x00,0x00,0x00,0x00,
  0x00,0x00,0x00,0x00,0x00,0x00,0x00,0x00,0x00,0x00,0x00,0x00,
  0x00,0x00,0x00,0x00,0x00,0x00,0x00,0x00,0x00,0x00,0x00,0x00,
  0x00,0x00,0x00,0x00,0x00,0x00,0x00,0x00,0x00,0x00,0x00,0x00,
  0x00,0x00,0x00,0x00,0x00,0x00,0x00,0x00,0x00,0x00,0x00,0x00,
  0x00,0x00,0x00,0x00,0x00,0x00,0x00,0x00,0x00,0x00,0x00,0x00,
  0x00,0x00,0x00,0x00,0x00,0x00,0x00,0x00,0x00,0x00,0x00,0x00,
  0x00,0x00,0x00,0x00,0x00,0x00,0x00,0x00,0x00,0x00,0x00,0x00,
  0x00,0x00,0x00,0x00,0x00,0x00,0x00,0x00,0x00,0x00,0x00,0x00,
  0x00,0x00,0x00,0x00,0x00,0x00,0x00,0x00,0x00,0x00,0x00,0x00,
  0x00,0x00,0x00,0x00,0x00,0x00,0x00,0x00,0x00,0x00,0x00,0x00,
  0x00,0x00,0x00,0x00,0x00,0x00,0x00,0x00,0x00,0x00,0x00,0x00,
  0x00,0x00,0x00,0x00,0x00,0x00,0x00,0x00,0x00,0x00,0x00,0x00,
  0x00,0x00,0x00,0x00,0x00,0x00,0x00,0x00,0x00,0x00,0x00,0x00,
  0x00,0x00,0x00,0x00,0x00,0x00,0x00,0x00,0x00,0x00,0x00,0x00,
  0x00,0x00,0x00,0x00,0x00,0x00,0x00,0x00,0x00,0x00,0x00,0x00,
  0x00,0x00,0x00,0x00,0x00,0x00,0x00,0x00,0x00,0x00,0x00,0x00,
  0x00,0x00,0x00,0x00,0x00,0x00,0x00,0x00,0x00,0x00,0x00,0x00,
  0x00,0x00,0x00,0x00,0x00,0x00,0x00,0x00,0x00,0x00,0x00,0x00,
  0x00,0x00,0x00,0x00,0x00,0x00,0x00,0x00,0x00,0x00,0x00,0x00,
  0x00,0x00,0x00,0x00,0x00,0x00,0x00,0x00,0x00,0x00,0x00,0x00,
  0x00,0x00,0x00,0x00,0x00,0x00,0x00,0x00,0x00,0x00,0x00,0x00,
  0x00,0x00,0x00,0x00,0x00,0x00,0x00,0x00,0x00,0x00,0x00,0x00,
  0x00,0x00,0x00,0x00,0x00,0x00,0x00,0x00,0x00,0x00,0x00,0x00,
  0x00,0x00,0x00,0x00,0x00,0x00,0x00,0x00,0x00,0x00,0x00,0x00,
  0x00,0x00,0x00,0x00,0x00,0x00,0x00,0x00,0x00,0x00,0x00,0x00,
  0x00,0x00,0x00,0x00,0x00,0x00,0x00,0x00,0x00,0x00,0x00,0x00,
  0x00,0x00,0x00,0x00,0x00,0x00,0x00,0x00,0x00,0x00,0x00,0x00,
  0x00,0x00,0x00,0x00,0x00,0x00,0x00,0x00,0x00,0x00,0x00,0x00,
  0x00,0x00,0x00,0x00,0x00,0x00,0x00,0x00,0x00,0x00,0x00,0x00,
  0x00,0x00,0x00,0x00,0x00,0x00,0x00,0x00,0x00,0x00,0x00,0x00,
  0x00,0x00,0x00,0x00,0x00,0x00,0x00,0x00,0x00,0x00,0x00,0x00,
  0x00,0x00,0x00,0x00,0x00,0x00,0x00,0x00,0x00,0x00,0x00,0x00,
  0x00,0x00,0x00,0x00,0x00,0x00,0x00,0x00,0x00,0x00,0x00,0x00,
  0x00,0x00,0x00,0x00,0x00,0x00,0x00,0x00,0x00,0x00,0x00,0x00,
  0x00,0x00,0x00,0x00,0x00,0x00,0x00,0x00,0x00,0x00,0x00,0x00,
  0x00,0x00,0x00,0x00,0x00,0x00,0x00,0x00,0x00,0x00,0x00,0x00,
  0x00,0x00,0x00,0x00,0x00,0x00,0x00,0x00,0x00,0x00,0x00,0x00,
  0x00,0x00,0x00,0x00,0x00,0x00,0x00,0x00,0x00,0x00,0x00,0x00,
  0x00,0x00,0x00,0x00,0x00,0x00,0x00,0x00,0x00,0x00,0x00,0x00,
  0x00,0x00,0x00,0x00,0x00,0x00,0x00,0x00,0x00,0x00,0x00,0x00,
  0x00,0x00,0x00,0x01,0x00,0x00,0x00,0x01,0x00,0x00,0x00,0x01,
  0x00,0x00,0x00,0x00,0x00,0x00,0x00,0x00,0x01,0x01,0x00,0x00,
  0x14,0x1C,0x63,0xCB,0x0D,0x15,0x5C,0xF2,0x0D,0x15,0x5B,0xED,
  0x0D,0x16,0x5D,0xED,0x0B,0x13,0x61,0xF3,0x1E,0x26,0x6A,0xB9,
  0xFF,0xFF,0xFF,0x02,0x00,0x00,0x00,0x01,0x00,0x00,0x00,0x01,
  0x00,0x00,0x00,0x00,0x00,0x00,0x00,0x00,0x00,0x00,0x00,0x00,
  0x00,0x00,0x00,0x00,0x00,0x00,0x00,0x00,0x00,0x00,0x00,0x00,
  0x00,0x00,0x00,0x00,0x00,0x00,0x00,0x00,0x00,0x00,0x00,0x00,
  0x00,0x00,0x00,0x00,0x00,0x00,0x00,0x00,0x00,0x00,0x00,0x00,
  0x00,0x00,0x00,0x00,0x00,0x00,0x00,0x00,0x00,0x00,0x00,0x00,
  0x00,0x00,0x00,0x00,0x00,0x00,0x00,0x00,0x00,0x00,0x00,0x00,
  0x00,0x00,0x00,0x00,0x00,0x00,0x00,0x00,0x00,0x00,0x00,0x00,
  0x00,0x00,0x00,0x00,0x00,0x00,0x00,0x00,0x00,0x00,0x00,0x00,
  0x00,0x00,0x00,0x00,0x00,0x00,0x00,0x00,0x00,0x00,0x00,0x00,
  0x00,0x00,0x00,0x00,0x00,0x00,0x00,0x00,0x00,0x00,0x00,0x00,
  0x00,0x00,0x00,0x00,0x00,0x00,0x00,0x00,0x00,0x00,0x00,0x00,
  0x00,0x00,0x00,0x00,0x00,0x00,0x00,0x00,0x00,0x00,0x00,0x00,
  0x00,0x00,0x00,0x00,0x00,0x00,0x00,0x00,0x00,0x00,0x00,0x00,
  0x00,0x00,0x00,0x00,0x00,0x00,0x00,0x00,0x00,0x00,0x00,0x00,
  0x00,0x00,0x00,0x00,0x00,0x00,0x00,0x00,0x00,0x00,0x00,0x00,
  0x00,0x00,0x00,0x00,0x00,0x00,0x00,0x00,0x00,0x00,0x00,0x00,
  0x00,0x00,0x00,0x00,0x00,0x00,0x00,0x00,0x00,0x00,0x00,0x00,
  0x00,0x00,0x00,0x00,0x00,0x00,0x00,0x00,0x00,0x00,0x00,0x00,
  0x00,0x00,0x00,0x00,0x00,0x00,0x00,0x00,0x00,0x00,0x00,0x00,
  0x00,0x00,0x00,0x00,0x00,0x00,0x00,0x00,0x00,0x00,0x00,0x00,
  0x00,0x00,0x00,0x00,0x00,0x00,0x00,0x00,0x00,0x00,0x00,0x00,
  0x00,0x00,0x00,0x00,0x00,0x00,0x00,0x00,0x00,0x00,0x00,0x00,
  0x00,0x00,0x00,0x00,0x00,0x00,0x00,0x00,0x00,0x00,0x00,0x00,
  0x00,0x00,0x00,0x00,0x00,0x00,0x00,0x00,0x00,0x00,0x00,0x00,
  0x00,0x00,0x00,0x00,0x00,0x00,0x00,0x00,0x00,0x00,0x00,0x00,
  0x00,0x00,0x00,0x00,0x00,0x00,0x00,0x00,0x00,0x00,0x00,0x00,
  0x00,0x00,0x00,0x00,0x00,0x00,0x00,0x00,0x00,0x00,0x00,0x00,
  0x00,0x00,0x00,0x00,0x00,0x00,0x00,0x00,0x00,0x00,0x00,0x00,
  0x00,0x00,0x00,0x00,0x00,0x00,0x00,0x00,0x00,0x00,0x00,0x00,
  0x00,0x00,0x00,0x00,0x00,0x00,0x00,0x00,0x00,0x00,0x00,0x00,
  0x00,0x00,0x00,0x00,0x00,0x00,0x00,0x00,0x00,0x00,0x00,0x00,
  0x00,0x00,0x00,0x00,0x00,0x00,0x00,0x00,0x00,0x00,0x00,0x00,
  0x00,0x00,0x00,0x00,
};

const lv_image_dsc_t windmill_rotor = {
    .header = {
        .magic = LV_IMAGE_HEADER_MAGIC,
        .cf = LV_COLOR_FORMAT_ARGB8888,
        .flags = 0,
        .w = 163,
        .h = 163,
        .stride = 652,
    },
    .data = windmill_rotor_data,
    .data_size = 106276,
};
